[2025-05-07T19:05:14.545+0000] {processor.py:161} INFO - Started process (PID=77) to work on /home/airflow/.local/lib/python3.8/site-packages/airflow/example_dags/example_skip_dag.py
[2025-05-07T19:05:14.547+0000] {processor.py:830} INFO - Processing file /home/airflow/.local/lib/python3.8/site-packages/airflow/example_dags/example_skip_dag.py for tasks to queue
[2025-05-07T19:05:14.549+0000] {logging_mixin.py:188} INFO - [2025-05-07T19:05:14.549+0000] {dagbag.py:538} INFO - Filling up the DagBag from /home/airflow/.local/lib/python3.8/site-packages/airflow/example_dags/example_skip_dag.py
[2025-05-07T19:05:14.567+0000] {processor.py:840} INFO - DAG(s) 'example_skip_dag' retrieved from /home/airflow/.local/lib/python3.8/site-packages/airflow/example_dags/example_skip_dag.py
[2025-05-07T19:05:14.582+0000] {logging_mixin.py:188} INFO - [2025-05-07T19:05:14.582+0000] {dag.py:3036} INFO - Sync 1 DAGs
[2025-05-07T19:05:14.615+0000] {logging_mixin.py:188} INFO - [2025-05-07T19:05:14.615+0000] {dag.py:3823} INFO - Setting next_dagrun for example_skip_dag to 2025-05-06 00:00:00+00:00, run_after=2025-05-07 00:00:00+00:00
[2025-05-07T19:05:14.654+0000] {processor.py:183} INFO - Processing /home/airflow/.local/lib/python3.8/site-packages/airflow/example_dags/example_skip_dag.py took 0.114 seconds
[2025-05-07T19:05:45.341+0000] {processor.py:161} INFO - Started process (PID=132) to work on /home/airflow/.local/lib/python3.8/site-packages/airflow/example_dags/example_skip_dag.py
[2025-05-07T19:05:45.342+0000] {processor.py:830} INFO - Processing file /home/airflow/.local/lib/python3.8/site-packages/airflow/example_dags/example_skip_dag.py for tasks to queue
[2025-05-07T19:05:45.344+0000] {logging_mixin.py:188} INFO - [2025-05-07T19:05:45.344+0000] {dagbag.py:538} INFO - Filling up the DagBag from /home/airflow/.local/lib/python3.8/site-packages/airflow/example_dags/example_skip_dag.py
[2025-05-07T19:05:45.350+0000] {processor.py:840} INFO - DAG(s) 'example_skip_dag' retrieved from /home/airflow/.local/lib/python3.8/site-packages/airflow/example_dags/example_skip_dag.py
[2025-05-07T19:05:45.439+0000] {logging_mixin.py:188} INFO - [2025-05-07T19:05:45.439+0000] {dag.py:3036} INFO - Sync 1 DAGs
[2025-05-07T19:05:45.459+0000] {logging_mixin.py:188} INFO - [2025-05-07T19:05:45.458+0000] {dag.py:3823} INFO - Setting next_dagrun for example_skip_dag to 2025-05-06 00:00:00+00:00, run_after=2025-05-07 00:00:00+00:00
[2025-05-07T19:05:45.483+0000] {processor.py:183} INFO - Processing /home/airflow/.local/lib/python3.8/site-packages/airflow/example_dags/example_skip_dag.py took 0.145 seconds
[2025-05-07T19:06:15.559+0000] {processor.py:161} INFO - Started process (PID=187) to work on /home/airflow/.local/lib/python3.8/site-packages/airflow/example_dags/example_skip_dag.py
[2025-05-07T19:06:15.561+0000] {processor.py:830} INFO - Processing file /home/airflow/.local/lib/python3.8/site-packages/airflow/example_dags/example_skip_dag.py for tasks to queue
[2025-05-07T19:06:15.564+0000] {logging_mixin.py:188} INFO - [2025-05-07T19:06:15.563+0000] {dagbag.py:538} INFO - Filling up the DagBag from /home/airflow/.local/lib/python3.8/site-packages/airflow/example_dags/example_skip_dag.py
[2025-05-07T19:06:15.582+0000] {processor.py:840} INFO - DAG(s) 'example_skip_dag' retrieved from /home/airflow/.local/lib/python3.8/site-packages/airflow/example_dags/example_skip_dag.py
[2025-05-07T19:06:15.607+0000] {logging_mixin.py:188} INFO - [2025-05-07T19:06:15.607+0000] {dag.py:3036} INFO - Sync 1 DAGs
[2025-05-07T19:06:15.635+0000] {logging_mixin.py:188} INFO - [2025-05-07T19:06:15.635+0000] {dag.py:3823} INFO - Setting next_dagrun for example_skip_dag to 2025-05-06 00:00:00+00:00, run_after=2025-05-07 00:00:00+00:00
[2025-05-07T19:06:15.656+0000] {processor.py:183} INFO - Processing /home/airflow/.local/lib/python3.8/site-packages/airflow/example_dags/example_skip_dag.py took 0.102 seconds
[2025-05-07T19:06:45.751+0000] {processor.py:161} INFO - Started process (PID=242) to work on /home/airflow/.local/lib/python3.8/site-packages/airflow/example_dags/example_skip_dag.py
[2025-05-07T19:06:45.753+0000] {processor.py:830} INFO - Processing file /home/airflow/.local/lib/python3.8/site-packages/airflow/example_dags/example_skip_dag.py for tasks to queue
[2025-05-07T19:06:45.755+0000] {logging_mixin.py:188} INFO - [2025-05-07T19:06:45.755+0000] {dagbag.py:538} INFO - Filling up the DagBag from /home/airflow/.local/lib/python3.8/site-packages/airflow/example_dags/example_skip_dag.py
[2025-05-07T19:06:45.763+0000] {processor.py:840} INFO - DAG(s) 'example_skip_dag' retrieved from /home/airflow/.local/lib/python3.8/site-packages/airflow/example_dags/example_skip_dag.py
[2025-05-07T19:06:45.788+0000] {logging_mixin.py:188} INFO - [2025-05-07T19:06:45.787+0000] {dag.py:3036} INFO - Sync 1 DAGs
[2025-05-07T19:06:45.812+0000] {logging_mixin.py:188} INFO - [2025-05-07T19:06:45.812+0000] {dag.py:3823} INFO - Setting next_dagrun for example_skip_dag to 2025-05-06 00:00:00+00:00, run_after=2025-05-07 00:00:00+00:00
[2025-05-07T19:06:45.836+0000] {processor.py:183} INFO - Processing /home/airflow/.local/lib/python3.8/site-packages/airflow/example_dags/example_skip_dag.py took 0.088 seconds
[2025-05-07T19:07:16.406+0000] {processor.py:161} INFO - Started process (PID=297) to work on /home/airflow/.local/lib/python3.8/site-packages/airflow/example_dags/example_skip_dag.py
[2025-05-07T19:07:16.407+0000] {processor.py:830} INFO - Processing file /home/airflow/.local/lib/python3.8/site-packages/airflow/example_dags/example_skip_dag.py for tasks to queue
[2025-05-07T19:07:16.409+0000] {logging_mixin.py:188} INFO - [2025-05-07T19:07:16.409+0000] {dagbag.py:538} INFO - Filling up the DagBag from /home/airflow/.local/lib/python3.8/site-packages/airflow/example_dags/example_skip_dag.py
[2025-05-07T19:07:16.417+0000] {processor.py:840} INFO - DAG(s) 'example_skip_dag' retrieved from /home/airflow/.local/lib/python3.8/site-packages/airflow/example_dags/example_skip_dag.py
[2025-05-07T19:07:16.445+0000] {logging_mixin.py:188} INFO - [2025-05-07T19:07:16.444+0000] {dag.py:3036} INFO - Sync 1 DAGs
[2025-05-07T19:07:16.472+0000] {logging_mixin.py:188} INFO - [2025-05-07T19:07:16.471+0000] {dag.py:3823} INFO - Setting next_dagrun for example_skip_dag to 2025-05-06 00:00:00+00:00, run_after=2025-05-07 00:00:00+00:00
[2025-05-07T19:07:16.497+0000] {processor.py:183} INFO - Processing /home/airflow/.local/lib/python3.8/site-packages/airflow/example_dags/example_skip_dag.py took 0.095 seconds
[2025-05-07T19:07:47.069+0000] {processor.py:161} INFO - Started process (PID=352) to work on /home/airflow/.local/lib/python3.8/site-packages/airflow/example_dags/example_skip_dag.py
[2025-05-07T19:07:47.071+0000] {processor.py:830} INFO - Processing file /home/airflow/.local/lib/python3.8/site-packages/airflow/example_dags/example_skip_dag.py for tasks to queue
[2025-05-07T19:07:47.075+0000] {logging_mixin.py:188} INFO - [2025-05-07T19:07:47.074+0000] {dagbag.py:538} INFO - Filling up the DagBag from /home/airflow/.local/lib/python3.8/site-packages/airflow/example_dags/example_skip_dag.py
[2025-05-07T19:07:47.086+0000] {processor.py:840} INFO - DAG(s) 'example_skip_dag' retrieved from /home/airflow/.local/lib/python3.8/site-packages/airflow/example_dags/example_skip_dag.py
[2025-05-07T19:07:47.114+0000] {logging_mixin.py:188} INFO - [2025-05-07T19:07:47.114+0000] {dag.py:3036} INFO - Sync 1 DAGs
[2025-05-07T19:07:47.137+0000] {logging_mixin.py:188} INFO - [2025-05-07T19:07:47.136+0000] {dag.py:3823} INFO - Setting next_dagrun for example_skip_dag to 2025-05-06 00:00:00+00:00, run_after=2025-05-07 00:00:00+00:00
[2025-05-07T19:07:47.174+0000] {processor.py:183} INFO - Processing /home/airflow/.local/lib/python3.8/site-packages/airflow/example_dags/example_skip_dag.py took 0.110 seconds
[2025-05-07T19:08:17.282+0000] {processor.py:161} INFO - Started process (PID=407) to work on /home/airflow/.local/lib/python3.8/site-packages/airflow/example_dags/example_skip_dag.py
[2025-05-07T19:08:17.285+0000] {processor.py:830} INFO - Processing file /home/airflow/.local/lib/python3.8/site-packages/airflow/example_dags/example_skip_dag.py for tasks to queue
[2025-05-07T19:08:17.290+0000] {logging_mixin.py:188} INFO - [2025-05-07T19:08:17.289+0000] {dagbag.py:538} INFO - Filling up the DagBag from /home/airflow/.local/lib/python3.8/site-packages/airflow/example_dags/example_skip_dag.py
[2025-05-07T19:08:17.297+0000] {processor.py:840} INFO - DAG(s) 'example_skip_dag' retrieved from /home/airflow/.local/lib/python3.8/site-packages/airflow/example_dags/example_skip_dag.py
[2025-05-07T19:08:17.318+0000] {logging_mixin.py:188} INFO - [2025-05-07T19:08:17.318+0000] {dag.py:3036} INFO - Sync 1 DAGs
[2025-05-07T19:08:17.339+0000] {logging_mixin.py:188} INFO - [2025-05-07T19:08:17.339+0000] {dag.py:3823} INFO - Setting next_dagrun for example_skip_dag to 2025-05-06 00:00:00+00:00, run_after=2025-05-07 00:00:00+00:00
[2025-05-07T19:08:17.376+0000] {processor.py:183} INFO - Processing /home/airflow/.local/lib/python3.8/site-packages/airflow/example_dags/example_skip_dag.py took 0.096 seconds
[2025-05-07T19:08:47.937+0000] {processor.py:161} INFO - Started process (PID=462) to work on /home/airflow/.local/lib/python3.8/site-packages/airflow/example_dags/example_skip_dag.py
[2025-05-07T19:08:47.939+0000] {processor.py:830} INFO - Processing file /home/airflow/.local/lib/python3.8/site-packages/airflow/example_dags/example_skip_dag.py for tasks to queue
[2025-05-07T19:08:47.941+0000] {logging_mixin.py:188} INFO - [2025-05-07T19:08:47.941+0000] {dagbag.py:538} INFO - Filling up the DagBag from /home/airflow/.local/lib/python3.8/site-packages/airflow/example_dags/example_skip_dag.py
[2025-05-07T19:08:47.949+0000] {processor.py:840} INFO - DAG(s) 'example_skip_dag' retrieved from /home/airflow/.local/lib/python3.8/site-packages/airflow/example_dags/example_skip_dag.py
[2025-05-07T19:08:47.970+0000] {logging_mixin.py:188} INFO - [2025-05-07T19:08:47.970+0000] {dag.py:3036} INFO - Sync 1 DAGs
[2025-05-07T19:08:47.995+0000] {logging_mixin.py:188} INFO - [2025-05-07T19:08:47.995+0000] {dag.py:3823} INFO - Setting next_dagrun for example_skip_dag to 2025-05-06 00:00:00+00:00, run_after=2025-05-07 00:00:00+00:00
[2025-05-07T19:08:48.019+0000] {processor.py:183} INFO - Processing /home/airflow/.local/lib/python3.8/site-packages/airflow/example_dags/example_skip_dag.py took 0.085 seconds
[2025-05-07T19:09:18.633+0000] {processor.py:161} INFO - Started process (PID=517) to work on /home/airflow/.local/lib/python3.8/site-packages/airflow/example_dags/example_skip_dag.py
[2025-05-07T19:09:18.635+0000] {processor.py:830} INFO - Processing file /home/airflow/.local/lib/python3.8/site-packages/airflow/example_dags/example_skip_dag.py for tasks to queue
[2025-05-07T19:09:18.637+0000] {logging_mixin.py:188} INFO - [2025-05-07T19:09:18.636+0000] {dagbag.py:538} INFO - Filling up the DagBag from /home/airflow/.local/lib/python3.8/site-packages/airflow/example_dags/example_skip_dag.py
[2025-05-07T19:09:18.643+0000] {processor.py:840} INFO - DAG(s) 'example_skip_dag' retrieved from /home/airflow/.local/lib/python3.8/site-packages/airflow/example_dags/example_skip_dag.py
[2025-05-07T19:09:18.664+0000] {logging_mixin.py:188} INFO - [2025-05-07T19:09:18.663+0000] {dag.py:3036} INFO - Sync 1 DAGs
[2025-05-07T19:09:18.685+0000] {logging_mixin.py:188} INFO - [2025-05-07T19:09:18.685+0000] {dag.py:3823} INFO - Setting next_dagrun for example_skip_dag to 2025-05-06 00:00:00+00:00, run_after=2025-05-07 00:00:00+00:00
[2025-05-07T19:09:18.712+0000] {processor.py:183} INFO - Processing /home/airflow/.local/lib/python3.8/site-packages/airflow/example_dags/example_skip_dag.py took 0.082 seconds
[2025-05-07T19:09:49.309+0000] {processor.py:161} INFO - Started process (PID=572) to work on /home/airflow/.local/lib/python3.8/site-packages/airflow/example_dags/example_skip_dag.py
[2025-05-07T19:09:49.311+0000] {processor.py:830} INFO - Processing file /home/airflow/.local/lib/python3.8/site-packages/airflow/example_dags/example_skip_dag.py for tasks to queue
[2025-05-07T19:09:49.314+0000] {logging_mixin.py:188} INFO - [2025-05-07T19:09:49.314+0000] {dagbag.py:538} INFO - Filling up the DagBag from /home/airflow/.local/lib/python3.8/site-packages/airflow/example_dags/example_skip_dag.py
[2025-05-07T19:09:49.322+0000] {processor.py:840} INFO - DAG(s) 'example_skip_dag' retrieved from /home/airflow/.local/lib/python3.8/site-packages/airflow/example_dags/example_skip_dag.py
[2025-05-07T19:09:49.343+0000] {logging_mixin.py:188} INFO - [2025-05-07T19:09:49.343+0000] {dag.py:3036} INFO - Sync 1 DAGs
[2025-05-07T19:09:49.363+0000] {logging_mixin.py:188} INFO - [2025-05-07T19:09:49.363+0000] {dag.py:3823} INFO - Setting next_dagrun for example_skip_dag to 2025-05-06 00:00:00+00:00, run_after=2025-05-07 00:00:00+00:00
[2025-05-07T19:09:49.384+0000] {processor.py:183} INFO - Processing /home/airflow/.local/lib/python3.8/site-packages/airflow/example_dags/example_skip_dag.py took 0.079 seconds
[2025-05-07T19:10:19.659+0000] {processor.py:161} INFO - Started process (PID=629) to work on /home/airflow/.local/lib/python3.8/site-packages/airflow/example_dags/example_skip_dag.py
[2025-05-07T19:10:19.661+0000] {processor.py:830} INFO - Processing file /home/airflow/.local/lib/python3.8/site-packages/airflow/example_dags/example_skip_dag.py for tasks to queue
[2025-05-07T19:10:19.664+0000] {logging_mixin.py:188} INFO - [2025-05-07T19:10:19.663+0000] {dagbag.py:538} INFO - Filling up the DagBag from /home/airflow/.local/lib/python3.8/site-packages/airflow/example_dags/example_skip_dag.py
[2025-05-07T19:10:19.678+0000] {processor.py:840} INFO - DAG(s) 'example_skip_dag' retrieved from /home/airflow/.local/lib/python3.8/site-packages/airflow/example_dags/example_skip_dag.py
[2025-05-07T19:10:19.703+0000] {logging_mixin.py:188} INFO - [2025-05-07T19:10:19.702+0000] {dag.py:3036} INFO - Sync 1 DAGs
[2025-05-07T19:10:19.726+0000] {logging_mixin.py:188} INFO - [2025-05-07T19:10:19.726+0000] {dag.py:3823} INFO - Setting next_dagrun for example_skip_dag to 2025-05-06 00:00:00+00:00, run_after=2025-05-07 00:00:00+00:00
[2025-05-07T19:10:19.751+0000] {processor.py:183} INFO - Processing /home/airflow/.local/lib/python3.8/site-packages/airflow/example_dags/example_skip_dag.py took 0.096 seconds
[2025-05-07T19:10:50.382+0000] {processor.py:161} INFO - Started process (PID=685) to work on /home/airflow/.local/lib/python3.8/site-packages/airflow/example_dags/example_skip_dag.py
[2025-05-07T19:10:50.384+0000] {processor.py:830} INFO - Processing file /home/airflow/.local/lib/python3.8/site-packages/airflow/example_dags/example_skip_dag.py for tasks to queue
[2025-05-07T19:10:50.388+0000] {logging_mixin.py:188} INFO - [2025-05-07T19:10:50.387+0000] {dagbag.py:538} INFO - Filling up the DagBag from /home/airflow/.local/lib/python3.8/site-packages/airflow/example_dags/example_skip_dag.py
[2025-05-07T19:10:50.399+0000] {processor.py:840} INFO - DAG(s) 'example_skip_dag' retrieved from /home/airflow/.local/lib/python3.8/site-packages/airflow/example_dags/example_skip_dag.py
[2025-05-07T19:10:50.423+0000] {logging_mixin.py:188} INFO - [2025-05-07T19:10:50.423+0000] {dag.py:3036} INFO - Sync 1 DAGs
[2025-05-07T19:10:50.444+0000] {logging_mixin.py:188} INFO - [2025-05-07T19:10:50.443+0000] {dag.py:3823} INFO - Setting next_dagrun for example_skip_dag to 2025-05-06 00:00:00+00:00, run_after=2025-05-07 00:00:00+00:00
[2025-05-07T19:10:50.467+0000] {processor.py:183} INFO - Processing /home/airflow/.local/lib/python3.8/site-packages/airflow/example_dags/example_skip_dag.py took 0.091 seconds
[2025-05-07T19:11:21.634+0000] {processor.py:161} INFO - Started process (PID=744) to work on /home/airflow/.local/lib/python3.8/site-packages/airflow/example_dags/example_skip_dag.py
[2025-05-07T19:11:21.636+0000] {processor.py:830} INFO - Processing file /home/airflow/.local/lib/python3.8/site-packages/airflow/example_dags/example_skip_dag.py for tasks to queue
[2025-05-07T19:11:21.640+0000] {logging_mixin.py:188} INFO - [2025-05-07T19:11:21.639+0000] {dagbag.py:538} INFO - Filling up the DagBag from /home/airflow/.local/lib/python3.8/site-packages/airflow/example_dags/example_skip_dag.py
[2025-05-07T19:11:21.652+0000] {processor.py:840} INFO - DAG(s) 'example_skip_dag' retrieved from /home/airflow/.local/lib/python3.8/site-packages/airflow/example_dags/example_skip_dag.py
[2025-05-07T19:11:21.683+0000] {logging_mixin.py:188} INFO - [2025-05-07T19:11:21.683+0000] {dag.py:3036} INFO - Sync 1 DAGs
[2025-05-07T19:11:21.722+0000] {logging_mixin.py:188} INFO - [2025-05-07T19:11:21.722+0000] {dag.py:3823} INFO - Setting next_dagrun for example_skip_dag to 2025-05-06 00:00:00+00:00, run_after=2025-05-07 00:00:00+00:00
[2025-05-07T19:11:21.756+0000] {processor.py:183} INFO - Processing /home/airflow/.local/lib/python3.8/site-packages/airflow/example_dags/example_skip_dag.py took 0.128 seconds
[2025-05-07T19:11:52.159+0000] {processor.py:161} INFO - Started process (PID=805) to work on /home/airflow/.local/lib/python3.8/site-packages/airflow/example_dags/example_skip_dag.py
[2025-05-07T19:11:52.164+0000] {processor.py:830} INFO - Processing file /home/airflow/.local/lib/python3.8/site-packages/airflow/example_dags/example_skip_dag.py for tasks to queue
[2025-05-07T19:11:52.170+0000] {logging_mixin.py:188} INFO - [2025-05-07T19:11:52.169+0000] {dagbag.py:538} INFO - Filling up the DagBag from /home/airflow/.local/lib/python3.8/site-packages/airflow/example_dags/example_skip_dag.py
[2025-05-07T19:11:52.179+0000] {processor.py:840} INFO - DAG(s) 'example_skip_dag' retrieved from /home/airflow/.local/lib/python3.8/site-packages/airflow/example_dags/example_skip_dag.py
[2025-05-07T19:11:52.224+0000] {logging_mixin.py:188} INFO - [2025-05-07T19:11:52.223+0000] {dag.py:3036} INFO - Sync 1 DAGs
[2025-05-07T19:11:52.247+0000] {logging_mixin.py:188} INFO - [2025-05-07T19:11:52.247+0000] {dag.py:3823} INFO - Setting next_dagrun for example_skip_dag to 2025-05-06 00:00:00+00:00, run_after=2025-05-07 00:00:00+00:00
[2025-05-07T19:11:52.275+0000] {processor.py:183} INFO - Processing /home/airflow/.local/lib/python3.8/site-packages/airflow/example_dags/example_skip_dag.py took 0.124 seconds
[2025-05-07T19:12:22.892+0000] {processor.py:161} INFO - Started process (PID=861) to work on /home/airflow/.local/lib/python3.8/site-packages/airflow/example_dags/example_skip_dag.py
[2025-05-07T19:12:22.896+0000] {processor.py:830} INFO - Processing file /home/airflow/.local/lib/python3.8/site-packages/airflow/example_dags/example_skip_dag.py for tasks to queue
[2025-05-07T19:12:22.901+0000] {logging_mixin.py:188} INFO - [2025-05-07T19:12:22.900+0000] {dagbag.py:538} INFO - Filling up the DagBag from /home/airflow/.local/lib/python3.8/site-packages/airflow/example_dags/example_skip_dag.py
[2025-05-07T19:12:22.915+0000] {processor.py:840} INFO - DAG(s) 'example_skip_dag' retrieved from /home/airflow/.local/lib/python3.8/site-packages/airflow/example_dags/example_skip_dag.py
[2025-05-07T19:12:22.944+0000] {logging_mixin.py:188} INFO - [2025-05-07T19:12:22.944+0000] {dag.py:3036} INFO - Sync 1 DAGs
[2025-05-07T19:12:22.969+0000] {logging_mixin.py:188} INFO - [2025-05-07T19:12:22.969+0000] {dag.py:3823} INFO - Setting next_dagrun for example_skip_dag to 2025-05-06 00:00:00+00:00, run_after=2025-05-07 00:00:00+00:00
[2025-05-07T19:12:22.992+0000] {processor.py:183} INFO - Processing /home/airflow/.local/lib/python3.8/site-packages/airflow/example_dags/example_skip_dag.py took 0.106 seconds
[2025-05-07T19:12:53.458+0000] {processor.py:161} INFO - Started process (PID=917) to work on /home/airflow/.local/lib/python3.8/site-packages/airflow/example_dags/example_skip_dag.py
[2025-05-07T19:12:53.460+0000] {processor.py:830} INFO - Processing file /home/airflow/.local/lib/python3.8/site-packages/airflow/example_dags/example_skip_dag.py for tasks to queue
[2025-05-07T19:12:53.464+0000] {logging_mixin.py:188} INFO - [2025-05-07T19:12:53.463+0000] {dagbag.py:538} INFO - Filling up the DagBag from /home/airflow/.local/lib/python3.8/site-packages/airflow/example_dags/example_skip_dag.py
[2025-05-07T19:12:53.472+0000] {processor.py:840} INFO - DAG(s) 'example_skip_dag' retrieved from /home/airflow/.local/lib/python3.8/site-packages/airflow/example_dags/example_skip_dag.py
[2025-05-07T19:12:53.494+0000] {logging_mixin.py:188} INFO - [2025-05-07T19:12:53.493+0000] {dag.py:3036} INFO - Sync 1 DAGs
[2025-05-07T19:12:53.515+0000] {logging_mixin.py:188} INFO - [2025-05-07T19:12:53.515+0000] {dag.py:3823} INFO - Setting next_dagrun for example_skip_dag to 2025-05-06 00:00:00+00:00, run_after=2025-05-07 00:00:00+00:00
[2025-05-07T19:12:53.538+0000] {processor.py:183} INFO - Processing /home/airflow/.local/lib/python3.8/site-packages/airflow/example_dags/example_skip_dag.py took 0.086 seconds
[2025-05-07T19:13:24.321+0000] {processor.py:161} INFO - Started process (PID=973) to work on /home/airflow/.local/lib/python3.8/site-packages/airflow/example_dags/example_skip_dag.py
[2025-05-07T19:13:24.326+0000] {processor.py:830} INFO - Processing file /home/airflow/.local/lib/python3.8/site-packages/airflow/example_dags/example_skip_dag.py for tasks to queue
[2025-05-07T19:13:24.331+0000] {logging_mixin.py:188} INFO - [2025-05-07T19:13:24.330+0000] {dagbag.py:538} INFO - Filling up the DagBag from /home/airflow/.local/lib/python3.8/site-packages/airflow/example_dags/example_skip_dag.py
[2025-05-07T19:13:24.347+0000] {processor.py:840} INFO - DAG(s) 'example_skip_dag' retrieved from /home/airflow/.local/lib/python3.8/site-packages/airflow/example_dags/example_skip_dag.py
[2025-05-07T19:13:24.374+0000] {logging_mixin.py:188} INFO - [2025-05-07T19:13:24.374+0000] {dag.py:3036} INFO - Sync 1 DAGs
[2025-05-07T19:13:24.398+0000] {logging_mixin.py:188} INFO - [2025-05-07T19:13:24.398+0000] {dag.py:3823} INFO - Setting next_dagrun for example_skip_dag to 2025-05-06 00:00:00+00:00, run_after=2025-05-07 00:00:00+00:00
[2025-05-07T19:13:24.423+0000] {processor.py:183} INFO - Processing /home/airflow/.local/lib/python3.8/site-packages/airflow/example_dags/example_skip_dag.py took 0.108 seconds
[2025-05-07T19:13:54.546+0000] {processor.py:161} INFO - Started process (PID=1029) to work on /home/airflow/.local/lib/python3.8/site-packages/airflow/example_dags/example_skip_dag.py
[2025-05-07T19:13:54.548+0000] {processor.py:830} INFO - Processing file /home/airflow/.local/lib/python3.8/site-packages/airflow/example_dags/example_skip_dag.py for tasks to queue
[2025-05-07T19:13:54.550+0000] {logging_mixin.py:188} INFO - [2025-05-07T19:13:54.550+0000] {dagbag.py:538} INFO - Filling up the DagBag from /home/airflow/.local/lib/python3.8/site-packages/airflow/example_dags/example_skip_dag.py
[2025-05-07T19:13:54.560+0000] {processor.py:840} INFO - DAG(s) 'example_skip_dag' retrieved from /home/airflow/.local/lib/python3.8/site-packages/airflow/example_dags/example_skip_dag.py
[2025-05-07T19:13:54.585+0000] {logging_mixin.py:188} INFO - [2025-05-07T19:13:54.585+0000] {dag.py:3036} INFO - Sync 1 DAGs
[2025-05-07T19:13:54.610+0000] {logging_mixin.py:188} INFO - [2025-05-07T19:13:54.610+0000] {dag.py:3823} INFO - Setting next_dagrun for example_skip_dag to 2025-05-06 00:00:00+00:00, run_after=2025-05-07 00:00:00+00:00
[2025-05-07T19:13:54.638+0000] {processor.py:183} INFO - Processing /home/airflow/.local/lib/python3.8/site-packages/airflow/example_dags/example_skip_dag.py took 0.098 seconds
[2025-05-07T19:14:25.116+0000] {processor.py:161} INFO - Started process (PID=1085) to work on /home/airflow/.local/lib/python3.8/site-packages/airflow/example_dags/example_skip_dag.py
[2025-05-07T19:14:25.119+0000] {processor.py:830} INFO - Processing file /home/airflow/.local/lib/python3.8/site-packages/airflow/example_dags/example_skip_dag.py for tasks to queue
[2025-05-07T19:14:25.122+0000] {logging_mixin.py:188} INFO - [2025-05-07T19:14:25.121+0000] {dagbag.py:538} INFO - Filling up the DagBag from /home/airflow/.local/lib/python3.8/site-packages/airflow/example_dags/example_skip_dag.py
[2025-05-07T19:14:25.129+0000] {processor.py:840} INFO - DAG(s) 'example_skip_dag' retrieved from /home/airflow/.local/lib/python3.8/site-packages/airflow/example_dags/example_skip_dag.py
[2025-05-07T19:14:25.154+0000] {logging_mixin.py:188} INFO - [2025-05-07T19:14:25.154+0000] {dag.py:3036} INFO - Sync 1 DAGs
[2025-05-07T19:14:25.184+0000] {logging_mixin.py:188} INFO - [2025-05-07T19:14:25.184+0000] {dag.py:3823} INFO - Setting next_dagrun for example_skip_dag to 2025-05-06 00:00:00+00:00, run_after=2025-05-07 00:00:00+00:00
[2025-05-07T19:14:25.216+0000] {processor.py:183} INFO - Processing /home/airflow/.local/lib/python3.8/site-packages/airflow/example_dags/example_skip_dag.py took 0.102 seconds
[2025-05-07T19:14:55.466+0000] {processor.py:161} INFO - Started process (PID=1141) to work on /home/airflow/.local/lib/python3.8/site-packages/airflow/example_dags/example_skip_dag.py
[2025-05-07T19:14:55.468+0000] {processor.py:830} INFO - Processing file /home/airflow/.local/lib/python3.8/site-packages/airflow/example_dags/example_skip_dag.py for tasks to queue
[2025-05-07T19:14:55.470+0000] {logging_mixin.py:188} INFO - [2025-05-07T19:14:55.470+0000] {dagbag.py:538} INFO - Filling up the DagBag from /home/airflow/.local/lib/python3.8/site-packages/airflow/example_dags/example_skip_dag.py
[2025-05-07T19:14:55.479+0000] {processor.py:840} INFO - DAG(s) 'example_skip_dag' retrieved from /home/airflow/.local/lib/python3.8/site-packages/airflow/example_dags/example_skip_dag.py
[2025-05-07T19:14:55.504+0000] {logging_mixin.py:188} INFO - [2025-05-07T19:14:55.504+0000] {dag.py:3036} INFO - Sync 1 DAGs
[2025-05-07T19:14:55.526+0000] {logging_mixin.py:188} INFO - [2025-05-07T19:14:55.526+0000] {dag.py:3823} INFO - Setting next_dagrun for example_skip_dag to 2025-05-06 00:00:00+00:00, run_after=2025-05-07 00:00:00+00:00
[2025-05-07T19:14:55.547+0000] {processor.py:183} INFO - Processing /home/airflow/.local/lib/python3.8/site-packages/airflow/example_dags/example_skip_dag.py took 0.085 seconds
[2025-05-07T19:15:25.663+0000] {processor.py:161} INFO - Started process (PID=1197) to work on /home/airflow/.local/lib/python3.8/site-packages/airflow/example_dags/example_skip_dag.py
[2025-05-07T19:15:25.668+0000] {processor.py:830} INFO - Processing file /home/airflow/.local/lib/python3.8/site-packages/airflow/example_dags/example_skip_dag.py for tasks to queue
[2025-05-07T19:15:25.672+0000] {logging_mixin.py:188} INFO - [2025-05-07T19:15:25.671+0000] {dagbag.py:538} INFO - Filling up the DagBag from /home/airflow/.local/lib/python3.8/site-packages/airflow/example_dags/example_skip_dag.py
[2025-05-07T19:15:25.685+0000] {processor.py:840} INFO - DAG(s) 'example_skip_dag' retrieved from /home/airflow/.local/lib/python3.8/site-packages/airflow/example_dags/example_skip_dag.py
[2025-05-07T19:15:25.717+0000] {logging_mixin.py:188} INFO - [2025-05-07T19:15:25.717+0000] {dag.py:3036} INFO - Sync 1 DAGs
[2025-05-07T19:15:25.738+0000] {logging_mixin.py:188} INFO - [2025-05-07T19:15:25.738+0000] {dag.py:3823} INFO - Setting next_dagrun for example_skip_dag to 2025-05-06 00:00:00+00:00, run_after=2025-05-07 00:00:00+00:00
[2025-05-07T19:15:25.759+0000] {processor.py:183} INFO - Processing /home/airflow/.local/lib/python3.8/site-packages/airflow/example_dags/example_skip_dag.py took 0.103 seconds
[2025-05-07T19:15:56.133+0000] {processor.py:161} INFO - Started process (PID=1253) to work on /home/airflow/.local/lib/python3.8/site-packages/airflow/example_dags/example_skip_dag.py
[2025-05-07T19:15:56.134+0000] {processor.py:830} INFO - Processing file /home/airflow/.local/lib/python3.8/site-packages/airflow/example_dags/example_skip_dag.py for tasks to queue
[2025-05-07T19:15:56.137+0000] {logging_mixin.py:188} INFO - [2025-05-07T19:15:56.136+0000] {dagbag.py:538} INFO - Filling up the DagBag from /home/airflow/.local/lib/python3.8/site-packages/airflow/example_dags/example_skip_dag.py
[2025-05-07T19:15:56.144+0000] {processor.py:840} INFO - DAG(s) 'example_skip_dag' retrieved from /home/airflow/.local/lib/python3.8/site-packages/airflow/example_dags/example_skip_dag.py
[2025-05-07T19:15:56.168+0000] {logging_mixin.py:188} INFO - [2025-05-07T19:15:56.167+0000] {dag.py:3036} INFO - Sync 1 DAGs
[2025-05-07T19:15:56.188+0000] {logging_mixin.py:188} INFO - [2025-05-07T19:15:56.188+0000] {dag.py:3823} INFO - Setting next_dagrun for example_skip_dag to 2025-05-06 00:00:00+00:00, run_after=2025-05-07 00:00:00+00:00
[2025-05-07T19:15:56.207+0000] {processor.py:183} INFO - Processing /home/airflow/.local/lib/python3.8/site-packages/airflow/example_dags/example_skip_dag.py took 0.078 seconds
[2025-05-07T19:16:26.545+0000] {processor.py:161} INFO - Started process (PID=1309) to work on /home/airflow/.local/lib/python3.8/site-packages/airflow/example_dags/example_skip_dag.py
[2025-05-07T19:16:26.547+0000] {processor.py:830} INFO - Processing file /home/airflow/.local/lib/python3.8/site-packages/airflow/example_dags/example_skip_dag.py for tasks to queue
[2025-05-07T19:16:26.548+0000] {logging_mixin.py:188} INFO - [2025-05-07T19:16:26.548+0000] {dagbag.py:538} INFO - Filling up the DagBag from /home/airflow/.local/lib/python3.8/site-packages/airflow/example_dags/example_skip_dag.py
[2025-05-07T19:16:26.554+0000] {processor.py:840} INFO - DAG(s) 'example_skip_dag' retrieved from /home/airflow/.local/lib/python3.8/site-packages/airflow/example_dags/example_skip_dag.py
[2025-05-07T19:16:26.574+0000] {logging_mixin.py:188} INFO - [2025-05-07T19:16:26.574+0000] {dag.py:3036} INFO - Sync 1 DAGs
[2025-05-07T19:16:26.593+0000] {logging_mixin.py:188} INFO - [2025-05-07T19:16:26.592+0000] {dag.py:3823} INFO - Setting next_dagrun for example_skip_dag to 2025-05-06 00:00:00+00:00, run_after=2025-05-07 00:00:00+00:00
[2025-05-07T19:16:26.613+0000] {processor.py:183} INFO - Processing /home/airflow/.local/lib/python3.8/site-packages/airflow/example_dags/example_skip_dag.py took 0.070 seconds
[2025-05-07T19:16:57.045+0000] {processor.py:161} INFO - Started process (PID=1365) to work on /home/airflow/.local/lib/python3.8/site-packages/airflow/example_dags/example_skip_dag.py
[2025-05-07T19:16:57.049+0000] {processor.py:830} INFO - Processing file /home/airflow/.local/lib/python3.8/site-packages/airflow/example_dags/example_skip_dag.py for tasks to queue
[2025-05-07T19:16:57.060+0000] {logging_mixin.py:188} INFO - [2025-05-07T19:16:57.060+0000] {dagbag.py:538} INFO - Filling up the DagBag from /home/airflow/.local/lib/python3.8/site-packages/airflow/example_dags/example_skip_dag.py
[2025-05-07T19:16:57.078+0000] {processor.py:840} INFO - DAG(s) 'example_skip_dag' retrieved from /home/airflow/.local/lib/python3.8/site-packages/airflow/example_dags/example_skip_dag.py
[2025-05-07T19:16:57.125+0000] {logging_mixin.py:188} INFO - [2025-05-07T19:16:57.125+0000] {dag.py:3036} INFO - Sync 1 DAGs
[2025-05-07T19:16:57.150+0000] {logging_mixin.py:188} INFO - [2025-05-07T19:16:57.150+0000] {dag.py:3823} INFO - Setting next_dagrun for example_skip_dag to 2025-05-06 00:00:00+00:00, run_after=2025-05-07 00:00:00+00:00
[2025-05-07T19:16:57.172+0000] {processor.py:183} INFO - Processing /home/airflow/.local/lib/python3.8/site-packages/airflow/example_dags/example_skip_dag.py took 0.131 seconds
[2025-05-07T19:17:27.686+0000] {processor.py:161} INFO - Started process (PID=1421) to work on /home/airflow/.local/lib/python3.8/site-packages/airflow/example_dags/example_skip_dag.py
[2025-05-07T19:17:27.687+0000] {processor.py:830} INFO - Processing file /home/airflow/.local/lib/python3.8/site-packages/airflow/example_dags/example_skip_dag.py for tasks to queue
[2025-05-07T19:17:27.689+0000] {logging_mixin.py:188} INFO - [2025-05-07T19:17:27.689+0000] {dagbag.py:538} INFO - Filling up the DagBag from /home/airflow/.local/lib/python3.8/site-packages/airflow/example_dags/example_skip_dag.py
[2025-05-07T19:17:27.696+0000] {processor.py:840} INFO - DAG(s) 'example_skip_dag' retrieved from /home/airflow/.local/lib/python3.8/site-packages/airflow/example_dags/example_skip_dag.py
[2025-05-07T19:17:27.717+0000] {logging_mixin.py:188} INFO - [2025-05-07T19:17:27.717+0000] {dag.py:3036} INFO - Sync 1 DAGs
[2025-05-07T19:17:27.738+0000] {logging_mixin.py:188} INFO - [2025-05-07T19:17:27.738+0000] {dag.py:3823} INFO - Setting next_dagrun for example_skip_dag to 2025-05-06 00:00:00+00:00, run_after=2025-05-07 00:00:00+00:00
[2025-05-07T19:17:27.762+0000] {processor.py:183} INFO - Processing /home/airflow/.local/lib/python3.8/site-packages/airflow/example_dags/example_skip_dag.py took 0.079 seconds
[2025-05-07T19:17:57.879+0000] {processor.py:161} INFO - Started process (PID=1477) to work on /home/airflow/.local/lib/python3.8/site-packages/airflow/example_dags/example_skip_dag.py
[2025-05-07T19:17:57.881+0000] {processor.py:830} INFO - Processing file /home/airflow/.local/lib/python3.8/site-packages/airflow/example_dags/example_skip_dag.py for tasks to queue
[2025-05-07T19:17:57.883+0000] {logging_mixin.py:188} INFO - [2025-05-07T19:17:57.883+0000] {dagbag.py:538} INFO - Filling up the DagBag from /home/airflow/.local/lib/python3.8/site-packages/airflow/example_dags/example_skip_dag.py
[2025-05-07T19:17:57.891+0000] {processor.py:840} INFO - DAG(s) 'example_skip_dag' retrieved from /home/airflow/.local/lib/python3.8/site-packages/airflow/example_dags/example_skip_dag.py
[2025-05-07T19:17:57.914+0000] {logging_mixin.py:188} INFO - [2025-05-07T19:17:57.914+0000] {dag.py:3036} INFO - Sync 1 DAGs
[2025-05-07T19:17:57.936+0000] {logging_mixin.py:188} INFO - [2025-05-07T19:17:57.935+0000] {dag.py:3823} INFO - Setting next_dagrun for example_skip_dag to 2025-05-06 00:00:00+00:00, run_after=2025-05-07 00:00:00+00:00
[2025-05-07T19:17:57.958+0000] {processor.py:183} INFO - Processing /home/airflow/.local/lib/python3.8/site-packages/airflow/example_dags/example_skip_dag.py took 0.082 seconds
[2025-05-07T19:18:28.334+0000] {processor.py:161} INFO - Started process (PID=1533) to work on /home/airflow/.local/lib/python3.8/site-packages/airflow/example_dags/example_skip_dag.py
[2025-05-07T19:18:28.336+0000] {processor.py:830} INFO - Processing file /home/airflow/.local/lib/python3.8/site-packages/airflow/example_dags/example_skip_dag.py for tasks to queue
[2025-05-07T19:18:28.338+0000] {logging_mixin.py:188} INFO - [2025-05-07T19:18:28.338+0000] {dagbag.py:538} INFO - Filling up the DagBag from /home/airflow/.local/lib/python3.8/site-packages/airflow/example_dags/example_skip_dag.py
[2025-05-07T19:18:28.347+0000] {processor.py:840} INFO - DAG(s) 'example_skip_dag' retrieved from /home/airflow/.local/lib/python3.8/site-packages/airflow/example_dags/example_skip_dag.py
[2025-05-07T19:18:28.371+0000] {logging_mixin.py:188} INFO - [2025-05-07T19:18:28.370+0000] {dag.py:3036} INFO - Sync 1 DAGs
[2025-05-07T19:18:28.395+0000] {logging_mixin.py:188} INFO - [2025-05-07T19:18:28.395+0000] {dag.py:3823} INFO - Setting next_dagrun for example_skip_dag to 2025-05-06 00:00:00+00:00, run_after=2025-05-07 00:00:00+00:00
[2025-05-07T19:18:28.418+0000] {processor.py:183} INFO - Processing /home/airflow/.local/lib/python3.8/site-packages/airflow/example_dags/example_skip_dag.py took 0.088 seconds
[2025-05-07T19:18:58.484+0000] {processor.py:161} INFO - Started process (PID=1588) to work on /home/airflow/.local/lib/python3.8/site-packages/airflow/example_dags/example_skip_dag.py
[2025-05-07T19:18:58.485+0000] {processor.py:830} INFO - Processing file /home/airflow/.local/lib/python3.8/site-packages/airflow/example_dags/example_skip_dag.py for tasks to queue
[2025-05-07T19:18:58.488+0000] {logging_mixin.py:188} INFO - [2025-05-07T19:18:58.487+0000] {dagbag.py:538} INFO - Filling up the DagBag from /home/airflow/.local/lib/python3.8/site-packages/airflow/example_dags/example_skip_dag.py
[2025-05-07T19:18:58.495+0000] {processor.py:840} INFO - DAG(s) 'example_skip_dag' retrieved from /home/airflow/.local/lib/python3.8/site-packages/airflow/example_dags/example_skip_dag.py
[2025-05-07T19:18:58.517+0000] {logging_mixin.py:188} INFO - [2025-05-07T19:18:58.517+0000] {dag.py:3036} INFO - Sync 1 DAGs
[2025-05-07T19:18:58.539+0000] {logging_mixin.py:188} INFO - [2025-05-07T19:18:58.538+0000] {dag.py:3823} INFO - Setting next_dagrun for example_skip_dag to 2025-05-06 00:00:00+00:00, run_after=2025-05-07 00:00:00+00:00
[2025-05-07T19:18:58.561+0000] {processor.py:183} INFO - Processing /home/airflow/.local/lib/python3.8/site-packages/airflow/example_dags/example_skip_dag.py took 0.080 seconds
[2025-05-07T19:19:29.090+0000] {processor.py:161} INFO - Started process (PID=1644) to work on /home/airflow/.local/lib/python3.8/site-packages/airflow/example_dags/example_skip_dag.py
[2025-05-07T19:19:29.091+0000] {processor.py:830} INFO - Processing file /home/airflow/.local/lib/python3.8/site-packages/airflow/example_dags/example_skip_dag.py for tasks to queue
[2025-05-07T19:19:29.094+0000] {logging_mixin.py:188} INFO - [2025-05-07T19:19:29.094+0000] {dagbag.py:538} INFO - Filling up the DagBag from /home/airflow/.local/lib/python3.8/site-packages/airflow/example_dags/example_skip_dag.py
[2025-05-07T19:19:29.102+0000] {processor.py:840} INFO - DAG(s) 'example_skip_dag' retrieved from /home/airflow/.local/lib/python3.8/site-packages/airflow/example_dags/example_skip_dag.py
[2025-05-07T19:19:29.123+0000] {logging_mixin.py:188} INFO - [2025-05-07T19:19:29.122+0000] {dag.py:3036} INFO - Sync 1 DAGs
[2025-05-07T19:19:29.144+0000] {logging_mixin.py:188} INFO - [2025-05-07T19:19:29.144+0000] {dag.py:3823} INFO - Setting next_dagrun for example_skip_dag to 2025-05-06 00:00:00+00:00, run_after=2025-05-07 00:00:00+00:00
[2025-05-07T19:19:29.169+0000] {processor.py:183} INFO - Processing /home/airflow/.local/lib/python3.8/site-packages/airflow/example_dags/example_skip_dag.py took 0.083 seconds
[2025-05-07T19:19:59.250+0000] {processor.py:161} INFO - Started process (PID=1700) to work on /home/airflow/.local/lib/python3.8/site-packages/airflow/example_dags/example_skip_dag.py
[2025-05-07T19:19:59.251+0000] {processor.py:830} INFO - Processing file /home/airflow/.local/lib/python3.8/site-packages/airflow/example_dags/example_skip_dag.py for tasks to queue
[2025-05-07T19:19:59.254+0000] {logging_mixin.py:188} INFO - [2025-05-07T19:19:59.254+0000] {dagbag.py:538} INFO - Filling up the DagBag from /home/airflow/.local/lib/python3.8/site-packages/airflow/example_dags/example_skip_dag.py
[2025-05-07T19:19:59.264+0000] {processor.py:840} INFO - DAG(s) 'example_skip_dag' retrieved from /home/airflow/.local/lib/python3.8/site-packages/airflow/example_dags/example_skip_dag.py
[2025-05-07T19:19:59.290+0000] {logging_mixin.py:188} INFO - [2025-05-07T19:19:59.290+0000] {dag.py:3036} INFO - Sync 1 DAGs
[2025-05-07T19:19:59.311+0000] {logging_mixin.py:188} INFO - [2025-05-07T19:19:59.311+0000] {dag.py:3823} INFO - Setting next_dagrun for example_skip_dag to 2025-05-06 00:00:00+00:00, run_after=2025-05-07 00:00:00+00:00
[2025-05-07T19:19:59.335+0000] {processor.py:183} INFO - Processing /home/airflow/.local/lib/python3.8/site-packages/airflow/example_dags/example_skip_dag.py took 0.089 seconds
[2025-05-07T19:20:29.547+0000] {processor.py:161} INFO - Started process (PID=1757) to work on /home/airflow/.local/lib/python3.8/site-packages/airflow/example_dags/example_skip_dag.py
[2025-05-07T19:20:29.548+0000] {processor.py:830} INFO - Processing file /home/airflow/.local/lib/python3.8/site-packages/airflow/example_dags/example_skip_dag.py for tasks to queue
[2025-05-07T19:20:29.550+0000] {logging_mixin.py:188} INFO - [2025-05-07T19:20:29.550+0000] {dagbag.py:538} INFO - Filling up the DagBag from /home/airflow/.local/lib/python3.8/site-packages/airflow/example_dags/example_skip_dag.py
[2025-05-07T19:20:29.556+0000] {processor.py:840} INFO - DAG(s) 'example_skip_dag' retrieved from /home/airflow/.local/lib/python3.8/site-packages/airflow/example_dags/example_skip_dag.py
[2025-05-07T19:20:29.575+0000] {logging_mixin.py:188} INFO - [2025-05-07T19:20:29.575+0000] {dag.py:3036} INFO - Sync 1 DAGs
[2025-05-07T19:20:29.594+0000] {logging_mixin.py:188} INFO - [2025-05-07T19:20:29.594+0000] {dag.py:3823} INFO - Setting next_dagrun for example_skip_dag to 2025-05-06 00:00:00+00:00, run_after=2025-05-07 00:00:00+00:00
[2025-05-07T19:20:29.616+0000] {processor.py:183} INFO - Processing /home/airflow/.local/lib/python3.8/site-packages/airflow/example_dags/example_skip_dag.py took 0.071 seconds
[2025-05-07T19:21:00.184+0000] {processor.py:161} INFO - Started process (PID=1815) to work on /home/airflow/.local/lib/python3.8/site-packages/airflow/example_dags/example_skip_dag.py
[2025-05-07T19:21:00.186+0000] {processor.py:830} INFO - Processing file /home/airflow/.local/lib/python3.8/site-packages/airflow/example_dags/example_skip_dag.py for tasks to queue
[2025-05-07T19:21:00.188+0000] {logging_mixin.py:188} INFO - [2025-05-07T19:21:00.188+0000] {dagbag.py:538} INFO - Filling up the DagBag from /home/airflow/.local/lib/python3.8/site-packages/airflow/example_dags/example_skip_dag.py
[2025-05-07T19:21:00.195+0000] {processor.py:840} INFO - DAG(s) 'example_skip_dag' retrieved from /home/airflow/.local/lib/python3.8/site-packages/airflow/example_dags/example_skip_dag.py
[2025-05-07T19:21:00.216+0000] {logging_mixin.py:188} INFO - [2025-05-07T19:21:00.216+0000] {dag.py:3036} INFO - Sync 1 DAGs
[2025-05-07T19:21:00.236+0000] {logging_mixin.py:188} INFO - [2025-05-07T19:21:00.236+0000] {dag.py:3823} INFO - Setting next_dagrun for example_skip_dag to 2025-05-06 00:00:00+00:00, run_after=2025-05-07 00:00:00+00:00
[2025-05-07T19:21:00.254+0000] {processor.py:183} INFO - Processing /home/airflow/.local/lib/python3.8/site-packages/airflow/example_dags/example_skip_dag.py took 0.073 seconds
[2025-05-07T19:22:02.730+0000] {processor.py:161} INFO - Started process (PID=80) to work on /home/airflow/.local/lib/python3.8/site-packages/airflow/example_dags/example_skip_dag.py
[2025-05-07T19:22:02.731+0000] {processor.py:830} INFO - Processing file /home/airflow/.local/lib/python3.8/site-packages/airflow/example_dags/example_skip_dag.py for tasks to queue
[2025-05-07T19:22:02.735+0000] {logging_mixin.py:188} INFO - [2025-05-07T19:22:02.734+0000] {dagbag.py:538} INFO - Filling up the DagBag from /home/airflow/.local/lib/python3.8/site-packages/airflow/example_dags/example_skip_dag.py
[2025-05-07T19:22:02.745+0000] {processor.py:840} INFO - DAG(s) 'example_skip_dag' retrieved from /home/airflow/.local/lib/python3.8/site-packages/airflow/example_dags/example_skip_dag.py
[2025-05-07T19:22:02.764+0000] {logging_mixin.py:188} INFO - [2025-05-07T19:22:02.764+0000] {dag.py:3036} INFO - Sync 1 DAGs
[2025-05-07T19:22:02.791+0000] {logging_mixin.py:188} INFO - [2025-05-07T19:22:02.791+0000] {dag.py:3823} INFO - Setting next_dagrun for example_skip_dag to 2025-05-06 00:00:00+00:00, run_after=2025-05-07 00:00:00+00:00
[2025-05-07T19:22:02.818+0000] {processor.py:183} INFO - Processing /home/airflow/.local/lib/python3.8/site-packages/airflow/example_dags/example_skip_dag.py took 0.093 seconds
[2025-05-07T19:22:33.525+0000] {processor.py:161} INFO - Started process (PID=137) to work on /home/airflow/.local/lib/python3.8/site-packages/airflow/example_dags/example_skip_dag.py
[2025-05-07T19:22:33.527+0000] {processor.py:830} INFO - Processing file /home/airflow/.local/lib/python3.8/site-packages/airflow/example_dags/example_skip_dag.py for tasks to queue
[2025-05-07T19:22:33.529+0000] {logging_mixin.py:188} INFO - [2025-05-07T19:22:33.529+0000] {dagbag.py:538} INFO - Filling up the DagBag from /home/airflow/.local/lib/python3.8/site-packages/airflow/example_dags/example_skip_dag.py
[2025-05-07T19:22:33.538+0000] {processor.py:840} INFO - DAG(s) 'example_skip_dag' retrieved from /home/airflow/.local/lib/python3.8/site-packages/airflow/example_dags/example_skip_dag.py
[2025-05-07T19:22:33.653+0000] {logging_mixin.py:188} INFO - [2025-05-07T19:22:33.653+0000] {dag.py:3036} INFO - Sync 1 DAGs
[2025-05-07T19:22:33.674+0000] {logging_mixin.py:188} INFO - [2025-05-07T19:22:33.674+0000] {dag.py:3823} INFO - Setting next_dagrun for example_skip_dag to 2025-05-06 00:00:00+00:00, run_after=2025-05-07 00:00:00+00:00
[2025-05-07T19:22:33.697+0000] {processor.py:183} INFO - Processing /home/airflow/.local/lib/python3.8/site-packages/airflow/example_dags/example_skip_dag.py took 0.176 seconds
[2025-05-07T19:23:04.226+0000] {processor.py:161} INFO - Started process (PID=194) to work on /home/airflow/.local/lib/python3.8/site-packages/airflow/example_dags/example_skip_dag.py
[2025-05-07T19:23:04.227+0000] {processor.py:830} INFO - Processing file /home/airflow/.local/lib/python3.8/site-packages/airflow/example_dags/example_skip_dag.py for tasks to queue
[2025-05-07T19:23:04.230+0000] {logging_mixin.py:188} INFO - [2025-05-07T19:23:04.229+0000] {dagbag.py:538} INFO - Filling up the DagBag from /home/airflow/.local/lib/python3.8/site-packages/airflow/example_dags/example_skip_dag.py
[2025-05-07T19:23:04.238+0000] {processor.py:840} INFO - DAG(s) 'example_skip_dag' retrieved from /home/airflow/.local/lib/python3.8/site-packages/airflow/example_dags/example_skip_dag.py
[2025-05-07T19:23:04.266+0000] {logging_mixin.py:188} INFO - [2025-05-07T19:23:04.266+0000] {dag.py:3036} INFO - Sync 1 DAGs
[2025-05-07T19:23:04.292+0000] {logging_mixin.py:188} INFO - [2025-05-07T19:23:04.292+0000] {dag.py:3823} INFO - Setting next_dagrun for example_skip_dag to 2025-05-06 00:00:00+00:00, run_after=2025-05-07 00:00:00+00:00
[2025-05-07T19:23:04.318+0000] {processor.py:183} INFO - Processing /home/airflow/.local/lib/python3.8/site-packages/airflow/example_dags/example_skip_dag.py took 0.096 seconds
[2025-05-07T19:23:34.648+0000] {processor.py:161} INFO - Started process (PID=254) to work on /home/airflow/.local/lib/python3.8/site-packages/airflow/example_dags/example_skip_dag.py
[2025-05-07T19:23:34.650+0000] {processor.py:830} INFO - Processing file /home/airflow/.local/lib/python3.8/site-packages/airflow/example_dags/example_skip_dag.py for tasks to queue
[2025-05-07T19:23:34.652+0000] {logging_mixin.py:188} INFO - [2025-05-07T19:23:34.652+0000] {dagbag.py:538} INFO - Filling up the DagBag from /home/airflow/.local/lib/python3.8/site-packages/airflow/example_dags/example_skip_dag.py
[2025-05-07T19:23:34.659+0000] {processor.py:840} INFO - DAG(s) 'example_skip_dag' retrieved from /home/airflow/.local/lib/python3.8/site-packages/airflow/example_dags/example_skip_dag.py
[2025-05-07T19:23:34.683+0000] {logging_mixin.py:188} INFO - [2025-05-07T19:23:34.683+0000] {dag.py:3036} INFO - Sync 1 DAGs
[2025-05-07T19:23:34.704+0000] {logging_mixin.py:188} INFO - [2025-05-07T19:23:34.704+0000] {dag.py:3823} INFO - Setting next_dagrun for example_skip_dag to 2025-05-06 00:00:00+00:00, run_after=2025-05-07 00:00:00+00:00
[2025-05-07T19:23:34.728+0000] {processor.py:183} INFO - Processing /home/airflow/.local/lib/python3.8/site-packages/airflow/example_dags/example_skip_dag.py took 0.084 seconds
[2025-05-07T19:24:05.322+0000] {processor.py:161} INFO - Started process (PID=319) to work on /home/airflow/.local/lib/python3.8/site-packages/airflow/example_dags/example_skip_dag.py
[2025-05-07T19:24:05.323+0000] {processor.py:830} INFO - Processing file /home/airflow/.local/lib/python3.8/site-packages/airflow/example_dags/example_skip_dag.py for tasks to queue
[2025-05-07T19:24:05.326+0000] {logging_mixin.py:188} INFO - [2025-05-07T19:24:05.326+0000] {dagbag.py:538} INFO - Filling up the DagBag from /home/airflow/.local/lib/python3.8/site-packages/airflow/example_dags/example_skip_dag.py
[2025-05-07T19:24:05.337+0000] {processor.py:840} INFO - DAG(s) 'example_skip_dag' retrieved from /home/airflow/.local/lib/python3.8/site-packages/airflow/example_dags/example_skip_dag.py
[2025-05-07T19:24:05.365+0000] {logging_mixin.py:188} INFO - [2025-05-07T19:24:05.365+0000] {dag.py:3036} INFO - Sync 1 DAGs
[2025-05-07T19:24:05.390+0000] {logging_mixin.py:188} INFO - [2025-05-07T19:24:05.390+0000] {dag.py:3823} INFO - Setting next_dagrun for example_skip_dag to 2025-05-06 00:00:00+00:00, run_after=2025-05-07 00:00:00+00:00
[2025-05-07T19:24:05.412+0000] {processor.py:183} INFO - Processing /home/airflow/.local/lib/python3.8/site-packages/airflow/example_dags/example_skip_dag.py took 0.094 seconds
[2025-05-07T19:24:35.878+0000] {processor.py:161} INFO - Started process (PID=382) to work on /home/airflow/.local/lib/python3.8/site-packages/airflow/example_dags/example_skip_dag.py
[2025-05-07T19:24:35.879+0000] {processor.py:830} INFO - Processing file /home/airflow/.local/lib/python3.8/site-packages/airflow/example_dags/example_skip_dag.py for tasks to queue
[2025-05-07T19:24:35.881+0000] {logging_mixin.py:188} INFO - [2025-05-07T19:24:35.881+0000] {dagbag.py:538} INFO - Filling up the DagBag from /home/airflow/.local/lib/python3.8/site-packages/airflow/example_dags/example_skip_dag.py
[2025-05-07T19:24:35.891+0000] {processor.py:840} INFO - DAG(s) 'example_skip_dag' retrieved from /home/airflow/.local/lib/python3.8/site-packages/airflow/example_dags/example_skip_dag.py
[2025-05-07T19:24:35.917+0000] {logging_mixin.py:188} INFO - [2025-05-07T19:24:35.917+0000] {dag.py:3036} INFO - Sync 1 DAGs
[2025-05-07T19:24:35.940+0000] {logging_mixin.py:188} INFO - [2025-05-07T19:24:35.940+0000] {dag.py:3823} INFO - Setting next_dagrun for example_skip_dag to 2025-05-06 00:00:00+00:00, run_after=2025-05-07 00:00:00+00:00
[2025-05-07T19:24:35.961+0000] {processor.py:183} INFO - Processing /home/airflow/.local/lib/python3.8/site-packages/airflow/example_dags/example_skip_dag.py took 0.087 seconds
[2025-05-07T19:25:06.485+0000] {processor.py:161} INFO - Started process (PID=439) to work on /home/airflow/.local/lib/python3.8/site-packages/airflow/example_dags/example_skip_dag.py
[2025-05-07T19:25:06.489+0000] {processor.py:830} INFO - Processing file /home/airflow/.local/lib/python3.8/site-packages/airflow/example_dags/example_skip_dag.py for tasks to queue
[2025-05-07T19:25:06.494+0000] {logging_mixin.py:188} INFO - [2025-05-07T19:25:06.493+0000] {dagbag.py:538} INFO - Filling up the DagBag from /home/airflow/.local/lib/python3.8/site-packages/airflow/example_dags/example_skip_dag.py
[2025-05-07T19:25:06.501+0000] {processor.py:840} INFO - DAG(s) 'example_skip_dag' retrieved from /home/airflow/.local/lib/python3.8/site-packages/airflow/example_dags/example_skip_dag.py
[2025-05-07T19:25:06.530+0000] {logging_mixin.py:188} INFO - [2025-05-07T19:25:06.530+0000] {dag.py:3036} INFO - Sync 1 DAGs
[2025-05-07T19:25:06.553+0000] {logging_mixin.py:188} INFO - [2025-05-07T19:25:06.553+0000] {dag.py:3823} INFO - Setting next_dagrun for example_skip_dag to 2025-05-06 00:00:00+00:00, run_after=2025-05-07 00:00:00+00:00
[2025-05-07T19:25:06.576+0000] {processor.py:183} INFO - Processing /home/airflow/.local/lib/python3.8/site-packages/airflow/example_dags/example_skip_dag.py took 0.094 seconds
[2025-05-07T19:25:37.437+0000] {processor.py:161} INFO - Started process (PID=496) to work on /home/airflow/.local/lib/python3.8/site-packages/airflow/example_dags/example_skip_dag.py
[2025-05-07T19:25:37.440+0000] {processor.py:830} INFO - Processing file /home/airflow/.local/lib/python3.8/site-packages/airflow/example_dags/example_skip_dag.py for tasks to queue
[2025-05-07T19:25:37.444+0000] {logging_mixin.py:188} INFO - [2025-05-07T19:25:37.444+0000] {dagbag.py:538} INFO - Filling up the DagBag from /home/airflow/.local/lib/python3.8/site-packages/airflow/example_dags/example_skip_dag.py
[2025-05-07T19:25:37.453+0000] {processor.py:840} INFO - DAG(s) 'example_skip_dag' retrieved from /home/airflow/.local/lib/python3.8/site-packages/airflow/example_dags/example_skip_dag.py
[2025-05-07T19:25:37.473+0000] {logging_mixin.py:188} INFO - [2025-05-07T19:25:37.473+0000] {dag.py:3036} INFO - Sync 1 DAGs
[2025-05-07T19:25:37.492+0000] {logging_mixin.py:188} INFO - [2025-05-07T19:25:37.492+0000] {dag.py:3823} INFO - Setting next_dagrun for example_skip_dag to 2025-05-06 00:00:00+00:00, run_after=2025-05-07 00:00:00+00:00
[2025-05-07T19:25:37.509+0000] {processor.py:183} INFO - Processing /home/airflow/.local/lib/python3.8/site-packages/airflow/example_dags/example_skip_dag.py took 0.079 seconds
[2025-05-07T19:26:07.573+0000] {processor.py:161} INFO - Started process (PID=557) to work on /home/airflow/.local/lib/python3.8/site-packages/airflow/example_dags/example_skip_dag.py
[2025-05-07T19:26:07.577+0000] {processor.py:830} INFO - Processing file /home/airflow/.local/lib/python3.8/site-packages/airflow/example_dags/example_skip_dag.py for tasks to queue
[2025-05-07T19:26:07.581+0000] {logging_mixin.py:188} INFO - [2025-05-07T19:26:07.581+0000] {dagbag.py:538} INFO - Filling up the DagBag from /home/airflow/.local/lib/python3.8/site-packages/airflow/example_dags/example_skip_dag.py
[2025-05-07T19:26:07.590+0000] {processor.py:840} INFO - DAG(s) 'example_skip_dag' retrieved from /home/airflow/.local/lib/python3.8/site-packages/airflow/example_dags/example_skip_dag.py
[2025-05-07T19:26:07.614+0000] {logging_mixin.py:188} INFO - [2025-05-07T19:26:07.614+0000] {dag.py:3036} INFO - Sync 1 DAGs
[2025-05-07T19:26:07.640+0000] {logging_mixin.py:188} INFO - [2025-05-07T19:26:07.640+0000] {dag.py:3823} INFO - Setting next_dagrun for example_skip_dag to 2025-05-06 00:00:00+00:00, run_after=2025-05-07 00:00:00+00:00
[2025-05-07T19:26:07.666+0000] {processor.py:183} INFO - Processing /home/airflow/.local/lib/python3.8/site-packages/airflow/example_dags/example_skip_dag.py took 0.096 seconds
[2025-05-07T19:26:38.331+0000] {processor.py:161} INFO - Started process (PID=620) to work on /home/airflow/.local/lib/python3.8/site-packages/airflow/example_dags/example_skip_dag.py
[2025-05-07T19:26:38.332+0000] {processor.py:830} INFO - Processing file /home/airflow/.local/lib/python3.8/site-packages/airflow/example_dags/example_skip_dag.py for tasks to queue
[2025-05-07T19:26:38.335+0000] {logging_mixin.py:188} INFO - [2025-05-07T19:26:38.334+0000] {dagbag.py:538} INFO - Filling up the DagBag from /home/airflow/.local/lib/python3.8/site-packages/airflow/example_dags/example_skip_dag.py
[2025-05-07T19:26:38.341+0000] {processor.py:840} INFO - DAG(s) 'example_skip_dag' retrieved from /home/airflow/.local/lib/python3.8/site-packages/airflow/example_dags/example_skip_dag.py
[2025-05-07T19:26:38.362+0000] {logging_mixin.py:188} INFO - [2025-05-07T19:26:38.361+0000] {dag.py:3036} INFO - Sync 1 DAGs
[2025-05-07T19:26:38.385+0000] {logging_mixin.py:188} INFO - [2025-05-07T19:26:38.385+0000] {dag.py:3823} INFO - Setting next_dagrun for example_skip_dag to 2025-05-06 00:00:00+00:00, run_after=2025-05-07 00:00:00+00:00
[2025-05-07T19:26:38.405+0000] {processor.py:183} INFO - Processing /home/airflow/.local/lib/python3.8/site-packages/airflow/example_dags/example_skip_dag.py took 0.077 seconds
[2025-05-07T19:27:09.078+0000] {processor.py:161} INFO - Started process (PID=679) to work on /home/airflow/.local/lib/python3.8/site-packages/airflow/example_dags/example_skip_dag.py
[2025-05-07T19:27:09.080+0000] {processor.py:830} INFO - Processing file /home/airflow/.local/lib/python3.8/site-packages/airflow/example_dags/example_skip_dag.py for tasks to queue
[2025-05-07T19:27:09.082+0000] {logging_mixin.py:188} INFO - [2025-05-07T19:27:09.082+0000] {dagbag.py:538} INFO - Filling up the DagBag from /home/airflow/.local/lib/python3.8/site-packages/airflow/example_dags/example_skip_dag.py
[2025-05-07T19:27:09.089+0000] {processor.py:840} INFO - DAG(s) 'example_skip_dag' retrieved from /home/airflow/.local/lib/python3.8/site-packages/airflow/example_dags/example_skip_dag.py
[2025-05-07T19:27:09.117+0000] {logging_mixin.py:188} INFO - [2025-05-07T19:27:09.117+0000] {dag.py:3036} INFO - Sync 1 DAGs
[2025-05-07T19:27:09.141+0000] {logging_mixin.py:188} INFO - [2025-05-07T19:27:09.141+0000] {dag.py:3823} INFO - Setting next_dagrun for example_skip_dag to 2025-05-06 00:00:00+00:00, run_after=2025-05-07 00:00:00+00:00
[2025-05-07T19:27:09.165+0000] {processor.py:183} INFO - Processing /home/airflow/.local/lib/python3.8/site-packages/airflow/example_dags/example_skip_dag.py took 0.090 seconds
[2025-05-07T19:27:39.839+0000] {processor.py:161} INFO - Started process (PID=736) to work on /home/airflow/.local/lib/python3.8/site-packages/airflow/example_dags/example_skip_dag.py
[2025-05-07T19:27:39.840+0000] {processor.py:830} INFO - Processing file /home/airflow/.local/lib/python3.8/site-packages/airflow/example_dags/example_skip_dag.py for tasks to queue
[2025-05-07T19:27:39.842+0000] {logging_mixin.py:188} INFO - [2025-05-07T19:27:39.842+0000] {dagbag.py:538} INFO - Filling up the DagBag from /home/airflow/.local/lib/python3.8/site-packages/airflow/example_dags/example_skip_dag.py
[2025-05-07T19:27:39.851+0000] {processor.py:840} INFO - DAG(s) 'example_skip_dag' retrieved from /home/airflow/.local/lib/python3.8/site-packages/airflow/example_dags/example_skip_dag.py
[2025-05-07T19:27:39.882+0000] {logging_mixin.py:188} INFO - [2025-05-07T19:27:39.881+0000] {dag.py:3036} INFO - Sync 1 DAGs
[2025-05-07T19:27:39.911+0000] {logging_mixin.py:188} INFO - [2025-05-07T19:27:39.910+0000] {dag.py:3823} INFO - Setting next_dagrun for example_skip_dag to 2025-05-06 00:00:00+00:00, run_after=2025-05-07 00:00:00+00:00
[2025-05-07T19:27:39.935+0000] {processor.py:183} INFO - Processing /home/airflow/.local/lib/python3.8/site-packages/airflow/example_dags/example_skip_dag.py took 0.099 seconds
[2025-05-07T19:28:10.485+0000] {processor.py:161} INFO - Started process (PID=793) to work on /home/airflow/.local/lib/python3.8/site-packages/airflow/example_dags/example_skip_dag.py
[2025-05-07T19:28:10.486+0000] {processor.py:830} INFO - Processing file /home/airflow/.local/lib/python3.8/site-packages/airflow/example_dags/example_skip_dag.py for tasks to queue
[2025-05-07T19:28:10.488+0000] {logging_mixin.py:188} INFO - [2025-05-07T19:28:10.488+0000] {dagbag.py:538} INFO - Filling up the DagBag from /home/airflow/.local/lib/python3.8/site-packages/airflow/example_dags/example_skip_dag.py
[2025-05-07T19:28:10.495+0000] {processor.py:840} INFO - DAG(s) 'example_skip_dag' retrieved from /home/airflow/.local/lib/python3.8/site-packages/airflow/example_dags/example_skip_dag.py
[2025-05-07T19:28:10.514+0000] {logging_mixin.py:188} INFO - [2025-05-07T19:28:10.514+0000] {dag.py:3036} INFO - Sync 1 DAGs
[2025-05-07T19:28:10.533+0000] {logging_mixin.py:188} INFO - [2025-05-07T19:28:10.533+0000] {dag.py:3823} INFO - Setting next_dagrun for example_skip_dag to 2025-05-06 00:00:00+00:00, run_after=2025-05-07 00:00:00+00:00
[2025-05-07T19:28:10.565+0000] {processor.py:183} INFO - Processing /home/airflow/.local/lib/python3.8/site-packages/airflow/example_dags/example_skip_dag.py took 0.083 seconds
[2025-05-07T19:28:40.800+0000] {processor.py:161} INFO - Started process (PID=850) to work on /home/airflow/.local/lib/python3.8/site-packages/airflow/example_dags/example_skip_dag.py
[2025-05-07T19:28:40.801+0000] {processor.py:830} INFO - Processing file /home/airflow/.local/lib/python3.8/site-packages/airflow/example_dags/example_skip_dag.py for tasks to queue
[2025-05-07T19:28:40.804+0000] {logging_mixin.py:188} INFO - [2025-05-07T19:28:40.803+0000] {dagbag.py:538} INFO - Filling up the DagBag from /home/airflow/.local/lib/python3.8/site-packages/airflow/example_dags/example_skip_dag.py
[2025-05-07T19:28:40.811+0000] {processor.py:840} INFO - DAG(s) 'example_skip_dag' retrieved from /home/airflow/.local/lib/python3.8/site-packages/airflow/example_dags/example_skip_dag.py
[2025-05-07T19:28:40.847+0000] {logging_mixin.py:188} INFO - [2025-05-07T19:28:40.847+0000] {dag.py:3036} INFO - Sync 1 DAGs
[2025-05-07T19:28:40.887+0000] {logging_mixin.py:188} INFO - [2025-05-07T19:28:40.887+0000] {dag.py:3823} INFO - Setting next_dagrun for example_skip_dag to 2025-05-06 00:00:00+00:00, run_after=2025-05-07 00:00:00+00:00
[2025-05-07T19:28:40.912+0000] {processor.py:183} INFO - Processing /home/airflow/.local/lib/python3.8/site-packages/airflow/example_dags/example_skip_dag.py took 0.117 seconds
[2025-05-07T19:29:11.636+0000] {processor.py:161} INFO - Started process (PID=907) to work on /home/airflow/.local/lib/python3.8/site-packages/airflow/example_dags/example_skip_dag.py
[2025-05-07T19:29:11.638+0000] {processor.py:830} INFO - Processing file /home/airflow/.local/lib/python3.8/site-packages/airflow/example_dags/example_skip_dag.py for tasks to queue
[2025-05-07T19:29:11.641+0000] {logging_mixin.py:188} INFO - [2025-05-07T19:29:11.641+0000] {dagbag.py:538} INFO - Filling up the DagBag from /home/airflow/.local/lib/python3.8/site-packages/airflow/example_dags/example_skip_dag.py
[2025-05-07T19:29:11.649+0000] {processor.py:840} INFO - DAG(s) 'example_skip_dag' retrieved from /home/airflow/.local/lib/python3.8/site-packages/airflow/example_dags/example_skip_dag.py
[2025-05-07T19:29:11.670+0000] {logging_mixin.py:188} INFO - [2025-05-07T19:29:11.670+0000] {dag.py:3036} INFO - Sync 1 DAGs
[2025-05-07T19:29:11.694+0000] {logging_mixin.py:188} INFO - [2025-05-07T19:29:11.694+0000] {dag.py:3823} INFO - Setting next_dagrun for example_skip_dag to 2025-05-06 00:00:00+00:00, run_after=2025-05-07 00:00:00+00:00
[2025-05-07T19:29:11.721+0000] {processor.py:183} INFO - Processing /home/airflow/.local/lib/python3.8/site-packages/airflow/example_dags/example_skip_dag.py took 0.090 seconds
[2025-05-07T19:29:41.932+0000] {processor.py:161} INFO - Started process (PID=964) to work on /home/airflow/.local/lib/python3.8/site-packages/airflow/example_dags/example_skip_dag.py
[2025-05-07T19:29:41.934+0000] {processor.py:830} INFO - Processing file /home/airflow/.local/lib/python3.8/site-packages/airflow/example_dags/example_skip_dag.py for tasks to queue
[2025-05-07T19:29:41.936+0000] {logging_mixin.py:188} INFO - [2025-05-07T19:29:41.936+0000] {dagbag.py:538} INFO - Filling up the DagBag from /home/airflow/.local/lib/python3.8/site-packages/airflow/example_dags/example_skip_dag.py
[2025-05-07T19:29:41.943+0000] {processor.py:840} INFO - DAG(s) 'example_skip_dag' retrieved from /home/airflow/.local/lib/python3.8/site-packages/airflow/example_dags/example_skip_dag.py
[2025-05-07T19:29:41.964+0000] {logging_mixin.py:188} INFO - [2025-05-07T19:29:41.964+0000] {dag.py:3036} INFO - Sync 1 DAGs
[2025-05-07T19:29:41.986+0000] {logging_mixin.py:188} INFO - [2025-05-07T19:29:41.986+0000] {dag.py:3823} INFO - Setting next_dagrun for example_skip_dag to 2025-05-06 00:00:00+00:00, run_after=2025-05-07 00:00:00+00:00
[2025-05-07T19:29:42.011+0000] {processor.py:183} INFO - Processing /home/airflow/.local/lib/python3.8/site-packages/airflow/example_dags/example_skip_dag.py took 0.082 seconds
[2025-05-07T19:33:16.744+0000] {processor.py:161} INFO - Started process (PID=81) to work on /home/airflow/.local/lib/python3.8/site-packages/airflow/example_dags/example_skip_dag.py
[2025-05-07T19:33:16.748+0000] {processor.py:830} INFO - Processing file /home/airflow/.local/lib/python3.8/site-packages/airflow/example_dags/example_skip_dag.py for tasks to queue
[2025-05-07T19:33:16.751+0000] {logging_mixin.py:188} INFO - [2025-05-07T19:33:16.750+0000] {dagbag.py:538} INFO - Filling up the DagBag from /home/airflow/.local/lib/python3.8/site-packages/airflow/example_dags/example_skip_dag.py
[2025-05-07T19:33:16.767+0000] {processor.py:840} INFO - DAG(s) 'example_skip_dag' retrieved from /home/airflow/.local/lib/python3.8/site-packages/airflow/example_dags/example_skip_dag.py
[2025-05-07T19:33:16.785+0000] {logging_mixin.py:188} INFO - [2025-05-07T19:33:16.785+0000] {dag.py:3036} INFO - Sync 1 DAGs
[2025-05-07T19:33:16.817+0000] {logging_mixin.py:188} INFO - [2025-05-07T19:33:16.817+0000] {dag.py:3823} INFO - Setting next_dagrun for example_skip_dag to 2025-05-06 00:00:00+00:00, run_after=2025-05-07 00:00:00+00:00
[2025-05-07T19:33:16.844+0000] {processor.py:183} INFO - Processing /home/airflow/.local/lib/python3.8/site-packages/airflow/example_dags/example_skip_dag.py took 0.107 seconds
[2025-05-07T19:33:48.694+0000] {processor.py:161} INFO - Started process (PID=138) to work on /home/airflow/.local/lib/python3.8/site-packages/airflow/example_dags/example_skip_dag.py
[2025-05-07T19:33:48.696+0000] {processor.py:830} INFO - Processing file /home/airflow/.local/lib/python3.8/site-packages/airflow/example_dags/example_skip_dag.py for tasks to queue
[2025-05-07T19:33:48.699+0000] {logging_mixin.py:188} INFO - [2025-05-07T19:33:48.699+0000] {dagbag.py:538} INFO - Filling up the DagBag from /home/airflow/.local/lib/python3.8/site-packages/airflow/example_dags/example_skip_dag.py
[2025-05-07T19:33:48.707+0000] {processor.py:840} INFO - DAG(s) 'example_skip_dag' retrieved from /home/airflow/.local/lib/python3.8/site-packages/airflow/example_dags/example_skip_dag.py
[2025-05-07T19:33:48.824+0000] {logging_mixin.py:188} INFO - [2025-05-07T19:33:48.824+0000] {dag.py:3036} INFO - Sync 1 DAGs
[2025-05-07T19:33:48.849+0000] {logging_mixin.py:188} INFO - [2025-05-07T19:33:48.848+0000] {dag.py:3823} INFO - Setting next_dagrun for example_skip_dag to 2025-05-06 00:00:00+00:00, run_after=2025-05-07 00:00:00+00:00
[2025-05-07T19:33:48.873+0000] {processor.py:183} INFO - Processing /home/airflow/.local/lib/python3.8/site-packages/airflow/example_dags/example_skip_dag.py took 0.182 seconds
[2025-05-07T19:34:19.415+0000] {processor.py:161} INFO - Started process (PID=195) to work on /home/airflow/.local/lib/python3.8/site-packages/airflow/example_dags/example_skip_dag.py
[2025-05-07T19:34:19.416+0000] {processor.py:830} INFO - Processing file /home/airflow/.local/lib/python3.8/site-packages/airflow/example_dags/example_skip_dag.py for tasks to queue
[2025-05-07T19:34:19.418+0000] {logging_mixin.py:188} INFO - [2025-05-07T19:34:19.418+0000] {dagbag.py:538} INFO - Filling up the DagBag from /home/airflow/.local/lib/python3.8/site-packages/airflow/example_dags/example_skip_dag.py
[2025-05-07T19:34:19.425+0000] {processor.py:840} INFO - DAG(s) 'example_skip_dag' retrieved from /home/airflow/.local/lib/python3.8/site-packages/airflow/example_dags/example_skip_dag.py
[2025-05-07T19:34:19.443+0000] {logging_mixin.py:188} INFO - [2025-05-07T19:34:19.443+0000] {dag.py:3036} INFO - Sync 1 DAGs
[2025-05-07T19:34:19.464+0000] {logging_mixin.py:188} INFO - [2025-05-07T19:34:19.464+0000] {dag.py:3823} INFO - Setting next_dagrun for example_skip_dag to 2025-05-06 00:00:00+00:00, run_after=2025-05-07 00:00:00+00:00
[2025-05-07T19:34:19.484+0000] {processor.py:183} INFO - Processing /home/airflow/.local/lib/python3.8/site-packages/airflow/example_dags/example_skip_dag.py took 0.072 seconds
[2025-05-07T19:34:50.040+0000] {processor.py:161} INFO - Started process (PID=252) to work on /home/airflow/.local/lib/python3.8/site-packages/airflow/example_dags/example_skip_dag.py
[2025-05-07T19:34:50.041+0000] {processor.py:830} INFO - Processing file /home/airflow/.local/lib/python3.8/site-packages/airflow/example_dags/example_skip_dag.py for tasks to queue
[2025-05-07T19:34:50.044+0000] {logging_mixin.py:188} INFO - [2025-05-07T19:34:50.043+0000] {dagbag.py:538} INFO - Filling up the DagBag from /home/airflow/.local/lib/python3.8/site-packages/airflow/example_dags/example_skip_dag.py
[2025-05-07T19:34:50.051+0000] {processor.py:840} INFO - DAG(s) 'example_skip_dag' retrieved from /home/airflow/.local/lib/python3.8/site-packages/airflow/example_dags/example_skip_dag.py
[2025-05-07T19:34:50.076+0000] {logging_mixin.py:188} INFO - [2025-05-07T19:34:50.076+0000] {dag.py:3036} INFO - Sync 1 DAGs
[2025-05-07T19:34:50.108+0000] {logging_mixin.py:188} INFO - [2025-05-07T19:34:50.108+0000] {dag.py:3823} INFO - Setting next_dagrun for example_skip_dag to 2025-05-06 00:00:00+00:00, run_after=2025-05-07 00:00:00+00:00
[2025-05-07T19:34:50.133+0000] {processor.py:183} INFO - Processing /home/airflow/.local/lib/python3.8/site-packages/airflow/example_dags/example_skip_dag.py took 0.096 seconds
[2025-05-07T19:35:20.774+0000] {processor.py:161} INFO - Started process (PID=309) to work on /home/airflow/.local/lib/python3.8/site-packages/airflow/example_dags/example_skip_dag.py
[2025-05-07T19:35:20.777+0000] {processor.py:830} INFO - Processing file /home/airflow/.local/lib/python3.8/site-packages/airflow/example_dags/example_skip_dag.py for tasks to queue
[2025-05-07T19:35:20.779+0000] {logging_mixin.py:188} INFO - [2025-05-07T19:35:20.779+0000] {dagbag.py:538} INFO - Filling up the DagBag from /home/airflow/.local/lib/python3.8/site-packages/airflow/example_dags/example_skip_dag.py
[2025-05-07T19:35:20.786+0000] {processor.py:840} INFO - DAG(s) 'example_skip_dag' retrieved from /home/airflow/.local/lib/python3.8/site-packages/airflow/example_dags/example_skip_dag.py
[2025-05-07T19:35:20.813+0000] {logging_mixin.py:188} INFO - [2025-05-07T19:35:20.813+0000] {dag.py:3036} INFO - Sync 1 DAGs
[2025-05-07T19:35:20.838+0000] {logging_mixin.py:188} INFO - [2025-05-07T19:35:20.838+0000] {dag.py:3823} INFO - Setting next_dagrun for example_skip_dag to 2025-05-06 00:00:00+00:00, run_after=2025-05-07 00:00:00+00:00
[2025-05-07T19:35:20.858+0000] {processor.py:183} INFO - Processing /home/airflow/.local/lib/python3.8/site-packages/airflow/example_dags/example_skip_dag.py took 0.087 seconds
[2025-05-07T19:35:51.137+0000] {processor.py:161} INFO - Started process (PID=366) to work on /home/airflow/.local/lib/python3.8/site-packages/airflow/example_dags/example_skip_dag.py
[2025-05-07T19:35:51.138+0000] {processor.py:830} INFO - Processing file /home/airflow/.local/lib/python3.8/site-packages/airflow/example_dags/example_skip_dag.py for tasks to queue
[2025-05-07T19:35:51.140+0000] {logging_mixin.py:188} INFO - [2025-05-07T19:35:51.140+0000] {dagbag.py:538} INFO - Filling up the DagBag from /home/airflow/.local/lib/python3.8/site-packages/airflow/example_dags/example_skip_dag.py
[2025-05-07T19:35:51.147+0000] {processor.py:840} INFO - DAG(s) 'example_skip_dag' retrieved from /home/airflow/.local/lib/python3.8/site-packages/airflow/example_dags/example_skip_dag.py
[2025-05-07T19:35:51.168+0000] {logging_mixin.py:188} INFO - [2025-05-07T19:35:51.168+0000] {dag.py:3036} INFO - Sync 1 DAGs
[2025-05-07T19:35:51.188+0000] {logging_mixin.py:188} INFO - [2025-05-07T19:35:51.188+0000] {dag.py:3823} INFO - Setting next_dagrun for example_skip_dag to 2025-05-06 00:00:00+00:00, run_after=2025-05-07 00:00:00+00:00
[2025-05-07T19:35:51.209+0000] {processor.py:183} INFO - Processing /home/airflow/.local/lib/python3.8/site-packages/airflow/example_dags/example_skip_dag.py took 0.075 seconds
[2025-05-07T19:36:21.708+0000] {processor.py:161} INFO - Started process (PID=423) to work on /home/airflow/.local/lib/python3.8/site-packages/airflow/example_dags/example_skip_dag.py
[2025-05-07T19:36:21.709+0000] {processor.py:830} INFO - Processing file /home/airflow/.local/lib/python3.8/site-packages/airflow/example_dags/example_skip_dag.py for tasks to queue
[2025-05-07T19:36:21.712+0000] {logging_mixin.py:188} INFO - [2025-05-07T19:36:21.712+0000] {dagbag.py:538} INFO - Filling up the DagBag from /home/airflow/.local/lib/python3.8/site-packages/airflow/example_dags/example_skip_dag.py
[2025-05-07T19:36:21.719+0000] {processor.py:840} INFO - DAG(s) 'example_skip_dag' retrieved from /home/airflow/.local/lib/python3.8/site-packages/airflow/example_dags/example_skip_dag.py
[2025-05-07T19:36:21.741+0000] {logging_mixin.py:188} INFO - [2025-05-07T19:36:21.741+0000] {dag.py:3036} INFO - Sync 1 DAGs
[2025-05-07T19:36:21.761+0000] {logging_mixin.py:188} INFO - [2025-05-07T19:36:21.761+0000] {dag.py:3823} INFO - Setting next_dagrun for example_skip_dag to 2025-05-06 00:00:00+00:00, run_after=2025-05-07 00:00:00+00:00
[2025-05-07T19:36:21.778+0000] {processor.py:183} INFO - Processing /home/airflow/.local/lib/python3.8/site-packages/airflow/example_dags/example_skip_dag.py took 0.075 seconds
[2025-05-07T19:36:52.245+0000] {processor.py:161} INFO - Started process (PID=480) to work on /home/airflow/.local/lib/python3.8/site-packages/airflow/example_dags/example_skip_dag.py
[2025-05-07T19:36:52.247+0000] {processor.py:830} INFO - Processing file /home/airflow/.local/lib/python3.8/site-packages/airflow/example_dags/example_skip_dag.py for tasks to queue
[2025-05-07T19:36:52.249+0000] {logging_mixin.py:188} INFO - [2025-05-07T19:36:52.249+0000] {dagbag.py:538} INFO - Filling up the DagBag from /home/airflow/.local/lib/python3.8/site-packages/airflow/example_dags/example_skip_dag.py
[2025-05-07T19:36:52.257+0000] {processor.py:840} INFO - DAG(s) 'example_skip_dag' retrieved from /home/airflow/.local/lib/python3.8/site-packages/airflow/example_dags/example_skip_dag.py
[2025-05-07T19:36:52.282+0000] {logging_mixin.py:188} INFO - [2025-05-07T19:36:52.282+0000] {dag.py:3036} INFO - Sync 1 DAGs
[2025-05-07T19:36:52.308+0000] {logging_mixin.py:188} INFO - [2025-05-07T19:36:52.308+0000] {dag.py:3823} INFO - Setting next_dagrun for example_skip_dag to 2025-05-06 00:00:00+00:00, run_after=2025-05-07 00:00:00+00:00
[2025-05-07T19:36:52.345+0000] {processor.py:183} INFO - Processing /home/airflow/.local/lib/python3.8/site-packages/airflow/example_dags/example_skip_dag.py took 0.103 seconds
[2025-05-07T19:37:23.257+0000] {processor.py:161} INFO - Started process (PID=537) to work on /home/airflow/.local/lib/python3.8/site-packages/airflow/example_dags/example_skip_dag.py
[2025-05-07T19:37:23.261+0000] {processor.py:830} INFO - Processing file /home/airflow/.local/lib/python3.8/site-packages/airflow/example_dags/example_skip_dag.py for tasks to queue
[2025-05-07T19:37:23.265+0000] {logging_mixin.py:188} INFO - [2025-05-07T19:37:23.265+0000] {dagbag.py:538} INFO - Filling up the DagBag from /home/airflow/.local/lib/python3.8/site-packages/airflow/example_dags/example_skip_dag.py
[2025-05-07T19:37:23.275+0000] {processor.py:840} INFO - DAG(s) 'example_skip_dag' retrieved from /home/airflow/.local/lib/python3.8/site-packages/airflow/example_dags/example_skip_dag.py
[2025-05-07T19:37:23.300+0000] {logging_mixin.py:188} INFO - [2025-05-07T19:37:23.300+0000] {dag.py:3036} INFO - Sync 1 DAGs
[2025-05-07T19:37:23.323+0000] {logging_mixin.py:188} INFO - [2025-05-07T19:37:23.322+0000] {dag.py:3823} INFO - Setting next_dagrun for example_skip_dag to 2025-05-06 00:00:00+00:00, run_after=2025-05-07 00:00:00+00:00
[2025-05-07T19:37:23.345+0000] {processor.py:183} INFO - Processing /home/airflow/.local/lib/python3.8/site-packages/airflow/example_dags/example_skip_dag.py took 0.095 seconds
[2025-05-07T19:37:53.708+0000] {processor.py:161} INFO - Started process (PID=594) to work on /home/airflow/.local/lib/python3.8/site-packages/airflow/example_dags/example_skip_dag.py
[2025-05-07T19:37:53.711+0000] {processor.py:830} INFO - Processing file /home/airflow/.local/lib/python3.8/site-packages/airflow/example_dags/example_skip_dag.py for tasks to queue
[2025-05-07T19:37:53.714+0000] {logging_mixin.py:188} INFO - [2025-05-07T19:37:53.714+0000] {dagbag.py:538} INFO - Filling up the DagBag from /home/airflow/.local/lib/python3.8/site-packages/airflow/example_dags/example_skip_dag.py
[2025-05-07T19:37:53.727+0000] {processor.py:840} INFO - DAG(s) 'example_skip_dag' retrieved from /home/airflow/.local/lib/python3.8/site-packages/airflow/example_dags/example_skip_dag.py
[2025-05-07T19:37:53.751+0000] {logging_mixin.py:188} INFO - [2025-05-07T19:37:53.751+0000] {dag.py:3036} INFO - Sync 1 DAGs
[2025-05-07T19:37:53.775+0000] {logging_mixin.py:188} INFO - [2025-05-07T19:37:53.774+0000] {dag.py:3823} INFO - Setting next_dagrun for example_skip_dag to 2025-05-06 00:00:00+00:00, run_after=2025-05-07 00:00:00+00:00
[2025-05-07T19:37:53.798+0000] {processor.py:183} INFO - Processing /home/airflow/.local/lib/python3.8/site-packages/airflow/example_dags/example_skip_dag.py took 0.097 seconds
[2025-05-07T19:38:24.448+0000] {processor.py:161} INFO - Started process (PID=651) to work on /home/airflow/.local/lib/python3.8/site-packages/airflow/example_dags/example_skip_dag.py
[2025-05-07T19:38:24.451+0000] {processor.py:830} INFO - Processing file /home/airflow/.local/lib/python3.8/site-packages/airflow/example_dags/example_skip_dag.py for tasks to queue
[2025-05-07T19:38:24.456+0000] {logging_mixin.py:188} INFO - [2025-05-07T19:38:24.455+0000] {dagbag.py:538} INFO - Filling up the DagBag from /home/airflow/.local/lib/python3.8/site-packages/airflow/example_dags/example_skip_dag.py
[2025-05-07T19:38:24.470+0000] {processor.py:840} INFO - DAG(s) 'example_skip_dag' retrieved from /home/airflow/.local/lib/python3.8/site-packages/airflow/example_dags/example_skip_dag.py
[2025-05-07T19:38:24.506+0000] {logging_mixin.py:188} INFO - [2025-05-07T19:38:24.506+0000] {dag.py:3036} INFO - Sync 1 DAGs
[2025-05-07T19:38:24.530+0000] {logging_mixin.py:188} INFO - [2025-05-07T19:38:24.530+0000] {dag.py:3823} INFO - Setting next_dagrun for example_skip_dag to 2025-05-06 00:00:00+00:00, run_after=2025-05-07 00:00:00+00:00
[2025-05-07T19:38:24.554+0000] {processor.py:183} INFO - Processing /home/airflow/.local/lib/python3.8/site-packages/airflow/example_dags/example_skip_dag.py took 0.112 seconds
[2025-05-07T19:38:55.112+0000] {processor.py:161} INFO - Started process (PID=708) to work on /home/airflow/.local/lib/python3.8/site-packages/airflow/example_dags/example_skip_dag.py
[2025-05-07T19:38:55.116+0000] {processor.py:830} INFO - Processing file /home/airflow/.local/lib/python3.8/site-packages/airflow/example_dags/example_skip_dag.py for tasks to queue
[2025-05-07T19:38:55.121+0000] {logging_mixin.py:188} INFO - [2025-05-07T19:38:55.120+0000] {dagbag.py:538} INFO - Filling up the DagBag from /home/airflow/.local/lib/python3.8/site-packages/airflow/example_dags/example_skip_dag.py
[2025-05-07T19:38:55.132+0000] {processor.py:840} INFO - DAG(s) 'example_skip_dag' retrieved from /home/airflow/.local/lib/python3.8/site-packages/airflow/example_dags/example_skip_dag.py
[2025-05-07T19:38:55.162+0000] {logging_mixin.py:188} INFO - [2025-05-07T19:38:55.162+0000] {dag.py:3036} INFO - Sync 1 DAGs
[2025-05-07T19:38:55.183+0000] {logging_mixin.py:188} INFO - [2025-05-07T19:38:55.182+0000] {dag.py:3823} INFO - Setting next_dagrun for example_skip_dag to 2025-05-06 00:00:00+00:00, run_after=2025-05-07 00:00:00+00:00
[2025-05-07T19:38:55.204+0000] {processor.py:183} INFO - Processing /home/airflow/.local/lib/python3.8/site-packages/airflow/example_dags/example_skip_dag.py took 0.105 seconds
[2025-05-07T19:39:25.396+0000] {processor.py:161} INFO - Started process (PID=765) to work on /home/airflow/.local/lib/python3.8/site-packages/airflow/example_dags/example_skip_dag.py
[2025-05-07T19:39:25.397+0000] {processor.py:830} INFO - Processing file /home/airflow/.local/lib/python3.8/site-packages/airflow/example_dags/example_skip_dag.py for tasks to queue
[2025-05-07T19:39:25.400+0000] {logging_mixin.py:188} INFO - [2025-05-07T19:39:25.399+0000] {dagbag.py:538} INFO - Filling up the DagBag from /home/airflow/.local/lib/python3.8/site-packages/airflow/example_dags/example_skip_dag.py
[2025-05-07T19:39:25.409+0000] {processor.py:840} INFO - DAG(s) 'example_skip_dag' retrieved from /home/airflow/.local/lib/python3.8/site-packages/airflow/example_dags/example_skip_dag.py
[2025-05-07T19:39:25.432+0000] {logging_mixin.py:188} INFO - [2025-05-07T19:39:25.432+0000] {dag.py:3036} INFO - Sync 1 DAGs
[2025-05-07T19:39:25.453+0000] {logging_mixin.py:188} INFO - [2025-05-07T19:39:25.453+0000] {dag.py:3823} INFO - Setting next_dagrun for example_skip_dag to 2025-05-06 00:00:00+00:00, run_after=2025-05-07 00:00:00+00:00
[2025-05-07T19:39:25.478+0000] {processor.py:183} INFO - Processing /home/airflow/.local/lib/python3.8/site-packages/airflow/example_dags/example_skip_dag.py took 0.086 seconds
[2025-05-07T19:39:55.725+0000] {processor.py:161} INFO - Started process (PID=822) to work on /home/airflow/.local/lib/python3.8/site-packages/airflow/example_dags/example_skip_dag.py
[2025-05-07T19:39:55.726+0000] {processor.py:830} INFO - Processing file /home/airflow/.local/lib/python3.8/site-packages/airflow/example_dags/example_skip_dag.py for tasks to queue
[2025-05-07T19:39:55.728+0000] {logging_mixin.py:188} INFO - [2025-05-07T19:39:55.728+0000] {dagbag.py:538} INFO - Filling up the DagBag from /home/airflow/.local/lib/python3.8/site-packages/airflow/example_dags/example_skip_dag.py
[2025-05-07T19:39:55.735+0000] {processor.py:840} INFO - DAG(s) 'example_skip_dag' retrieved from /home/airflow/.local/lib/python3.8/site-packages/airflow/example_dags/example_skip_dag.py
[2025-05-07T19:39:55.754+0000] {logging_mixin.py:188} INFO - [2025-05-07T19:39:55.754+0000] {dag.py:3036} INFO - Sync 1 DAGs
[2025-05-07T19:39:55.773+0000] {logging_mixin.py:188} INFO - [2025-05-07T19:39:55.773+0000] {dag.py:3823} INFO - Setting next_dagrun for example_skip_dag to 2025-05-06 00:00:00+00:00, run_after=2025-05-07 00:00:00+00:00
[2025-05-07T19:39:55.791+0000] {processor.py:183} INFO - Processing /home/airflow/.local/lib/python3.8/site-packages/airflow/example_dags/example_skip_dag.py took 0.070 seconds
[2025-05-07T19:40:26.107+0000] {processor.py:161} INFO - Started process (PID=879) to work on /home/airflow/.local/lib/python3.8/site-packages/airflow/example_dags/example_skip_dag.py
[2025-05-07T19:40:26.109+0000] {processor.py:830} INFO - Processing file /home/airflow/.local/lib/python3.8/site-packages/airflow/example_dags/example_skip_dag.py for tasks to queue
[2025-05-07T19:40:26.111+0000] {logging_mixin.py:188} INFO - [2025-05-07T19:40:26.111+0000] {dagbag.py:538} INFO - Filling up the DagBag from /home/airflow/.local/lib/python3.8/site-packages/airflow/example_dags/example_skip_dag.py
[2025-05-07T19:40:26.119+0000] {processor.py:840} INFO - DAG(s) 'example_skip_dag' retrieved from /home/airflow/.local/lib/python3.8/site-packages/airflow/example_dags/example_skip_dag.py
[2025-05-07T19:40:26.143+0000] {logging_mixin.py:188} INFO - [2025-05-07T19:40:26.142+0000] {dag.py:3036} INFO - Sync 1 DAGs
[2025-05-07T19:40:26.171+0000] {logging_mixin.py:188} INFO - [2025-05-07T19:40:26.171+0000] {dag.py:3823} INFO - Setting next_dagrun for example_skip_dag to 2025-05-06 00:00:00+00:00, run_after=2025-05-07 00:00:00+00:00
[2025-05-07T19:40:26.197+0000] {processor.py:183} INFO - Processing /home/airflow/.local/lib/python3.8/site-packages/airflow/example_dags/example_skip_dag.py took 0.094 seconds
[2025-05-07T19:40:57.016+0000] {processor.py:161} INFO - Started process (PID=936) to work on /home/airflow/.local/lib/python3.8/site-packages/airflow/example_dags/example_skip_dag.py
[2025-05-07T19:40:57.018+0000] {processor.py:830} INFO - Processing file /home/airflow/.local/lib/python3.8/site-packages/airflow/example_dags/example_skip_dag.py for tasks to queue
[2025-05-07T19:40:57.020+0000] {logging_mixin.py:188} INFO - [2025-05-07T19:40:57.020+0000] {dagbag.py:538} INFO - Filling up the DagBag from /home/airflow/.local/lib/python3.8/site-packages/airflow/example_dags/example_skip_dag.py
[2025-05-07T19:40:57.027+0000] {processor.py:840} INFO - DAG(s) 'example_skip_dag' retrieved from /home/airflow/.local/lib/python3.8/site-packages/airflow/example_dags/example_skip_dag.py
[2025-05-07T19:40:57.049+0000] {logging_mixin.py:188} INFO - [2025-05-07T19:40:57.049+0000] {dag.py:3036} INFO - Sync 1 DAGs
[2025-05-07T19:40:57.070+0000] {logging_mixin.py:188} INFO - [2025-05-07T19:40:57.070+0000] {dag.py:3823} INFO - Setting next_dagrun for example_skip_dag to 2025-05-06 00:00:00+00:00, run_after=2025-05-07 00:00:00+00:00
[2025-05-07T19:40:57.090+0000] {processor.py:183} INFO - Processing /home/airflow/.local/lib/python3.8/site-packages/airflow/example_dags/example_skip_dag.py took 0.079 seconds
[2025-05-07T19:41:27.299+0000] {processor.py:161} INFO - Started process (PID=993) to work on /home/airflow/.local/lib/python3.8/site-packages/airflow/example_dags/example_skip_dag.py
[2025-05-07T19:41:27.302+0000] {processor.py:830} INFO - Processing file /home/airflow/.local/lib/python3.8/site-packages/airflow/example_dags/example_skip_dag.py for tasks to queue
[2025-05-07T19:41:27.304+0000] {logging_mixin.py:188} INFO - [2025-05-07T19:41:27.304+0000] {dagbag.py:538} INFO - Filling up the DagBag from /home/airflow/.local/lib/python3.8/site-packages/airflow/example_dags/example_skip_dag.py
[2025-05-07T19:41:27.311+0000] {processor.py:840} INFO - DAG(s) 'example_skip_dag' retrieved from /home/airflow/.local/lib/python3.8/site-packages/airflow/example_dags/example_skip_dag.py
[2025-05-07T19:41:27.332+0000] {logging_mixin.py:188} INFO - [2025-05-07T19:41:27.331+0000] {dag.py:3036} INFO - Sync 1 DAGs
[2025-05-07T19:41:27.352+0000] {logging_mixin.py:188} INFO - [2025-05-07T19:41:27.352+0000] {dag.py:3823} INFO - Setting next_dagrun for example_skip_dag to 2025-05-06 00:00:00+00:00, run_after=2025-05-07 00:00:00+00:00
[2025-05-07T19:41:27.372+0000] {processor.py:183} INFO - Processing /home/airflow/.local/lib/python3.8/site-packages/airflow/example_dags/example_skip_dag.py took 0.076 seconds
[2025-05-07T19:41:57.833+0000] {processor.py:161} INFO - Started process (PID=1050) to work on /home/airflow/.local/lib/python3.8/site-packages/airflow/example_dags/example_skip_dag.py
[2025-05-07T19:41:57.835+0000] {processor.py:830} INFO - Processing file /home/airflow/.local/lib/python3.8/site-packages/airflow/example_dags/example_skip_dag.py for tasks to queue
[2025-05-07T19:41:57.838+0000] {logging_mixin.py:188} INFO - [2025-05-07T19:41:57.837+0000] {dagbag.py:538} INFO - Filling up the DagBag from /home/airflow/.local/lib/python3.8/site-packages/airflow/example_dags/example_skip_dag.py
[2025-05-07T19:41:57.845+0000] {processor.py:840} INFO - DAG(s) 'example_skip_dag' retrieved from /home/airflow/.local/lib/python3.8/site-packages/airflow/example_dags/example_skip_dag.py
[2025-05-07T19:41:57.867+0000] {logging_mixin.py:188} INFO - [2025-05-07T19:41:57.867+0000] {dag.py:3036} INFO - Sync 1 DAGs
[2025-05-07T19:41:57.888+0000] {logging_mixin.py:188} INFO - [2025-05-07T19:41:57.888+0000] {dag.py:3823} INFO - Setting next_dagrun for example_skip_dag to 2025-05-06 00:00:00+00:00, run_after=2025-05-07 00:00:00+00:00
[2025-05-07T19:41:57.910+0000] {processor.py:183} INFO - Processing /home/airflow/.local/lib/python3.8/site-packages/airflow/example_dags/example_skip_dag.py took 0.081 seconds
[2025-05-07T19:42:28.685+0000] {processor.py:161} INFO - Started process (PID=1107) to work on /home/airflow/.local/lib/python3.8/site-packages/airflow/example_dags/example_skip_dag.py
[2025-05-07T19:42:28.686+0000] {processor.py:830} INFO - Processing file /home/airflow/.local/lib/python3.8/site-packages/airflow/example_dags/example_skip_dag.py for tasks to queue
[2025-05-07T19:42:28.688+0000] {logging_mixin.py:188} INFO - [2025-05-07T19:42:28.688+0000] {dagbag.py:538} INFO - Filling up the DagBag from /home/airflow/.local/lib/python3.8/site-packages/airflow/example_dags/example_skip_dag.py
[2025-05-07T19:42:28.695+0000] {processor.py:840} INFO - DAG(s) 'example_skip_dag' retrieved from /home/airflow/.local/lib/python3.8/site-packages/airflow/example_dags/example_skip_dag.py
[2025-05-07T19:42:28.720+0000] {logging_mixin.py:188} INFO - [2025-05-07T19:42:28.719+0000] {dag.py:3036} INFO - Sync 1 DAGs
[2025-05-07T19:42:28.740+0000] {logging_mixin.py:188} INFO - [2025-05-07T19:42:28.740+0000] {dag.py:3823} INFO - Setting next_dagrun for example_skip_dag to 2025-05-06 00:00:00+00:00, run_after=2025-05-07 00:00:00+00:00
[2025-05-07T19:42:28.761+0000] {processor.py:183} INFO - Processing /home/airflow/.local/lib/python3.8/site-packages/airflow/example_dags/example_skip_dag.py took 0.080 seconds
[2025-05-07T19:42:59.331+0000] {processor.py:161} INFO - Started process (PID=1164) to work on /home/airflow/.local/lib/python3.8/site-packages/airflow/example_dags/example_skip_dag.py
[2025-05-07T19:42:59.332+0000] {processor.py:830} INFO - Processing file /home/airflow/.local/lib/python3.8/site-packages/airflow/example_dags/example_skip_dag.py for tasks to queue
[2025-05-07T19:42:59.334+0000] {logging_mixin.py:188} INFO - [2025-05-07T19:42:59.334+0000] {dagbag.py:538} INFO - Filling up the DagBag from /home/airflow/.local/lib/python3.8/site-packages/airflow/example_dags/example_skip_dag.py
[2025-05-07T19:42:59.341+0000] {processor.py:840} INFO - DAG(s) 'example_skip_dag' retrieved from /home/airflow/.local/lib/python3.8/site-packages/airflow/example_dags/example_skip_dag.py
[2025-05-07T19:42:59.363+0000] {logging_mixin.py:188} INFO - [2025-05-07T19:42:59.362+0000] {dag.py:3036} INFO - Sync 1 DAGs
[2025-05-07T19:42:59.383+0000] {logging_mixin.py:188} INFO - [2025-05-07T19:42:59.383+0000] {dag.py:3823} INFO - Setting next_dagrun for example_skip_dag to 2025-05-06 00:00:00+00:00, run_after=2025-05-07 00:00:00+00:00
[2025-05-07T19:42:59.405+0000] {processor.py:183} INFO - Processing /home/airflow/.local/lib/python3.8/site-packages/airflow/example_dags/example_skip_dag.py took 0.077 seconds
[2025-05-07T19:43:29.537+0000] {processor.py:161} INFO - Started process (PID=1221) to work on /home/airflow/.local/lib/python3.8/site-packages/airflow/example_dags/example_skip_dag.py
[2025-05-07T19:43:29.539+0000] {processor.py:830} INFO - Processing file /home/airflow/.local/lib/python3.8/site-packages/airflow/example_dags/example_skip_dag.py for tasks to queue
[2025-05-07T19:43:29.541+0000] {logging_mixin.py:188} INFO - [2025-05-07T19:43:29.541+0000] {dagbag.py:538} INFO - Filling up the DagBag from /home/airflow/.local/lib/python3.8/site-packages/airflow/example_dags/example_skip_dag.py
[2025-05-07T19:43:29.548+0000] {processor.py:840} INFO - DAG(s) 'example_skip_dag' retrieved from /home/airflow/.local/lib/python3.8/site-packages/airflow/example_dags/example_skip_dag.py
[2025-05-07T19:43:29.569+0000] {logging_mixin.py:188} INFO - [2025-05-07T19:43:29.569+0000] {dag.py:3036} INFO - Sync 1 DAGs
[2025-05-07T19:43:29.594+0000] {logging_mixin.py:188} INFO - [2025-05-07T19:43:29.594+0000] {dag.py:3823} INFO - Setting next_dagrun for example_skip_dag to 2025-05-06 00:00:00+00:00, run_after=2025-05-07 00:00:00+00:00
[2025-05-07T19:43:29.621+0000] {processor.py:183} INFO - Processing /home/airflow/.local/lib/python3.8/site-packages/airflow/example_dags/example_skip_dag.py took 0.088 seconds
[2025-05-07T19:43:59.955+0000] {processor.py:161} INFO - Started process (PID=1278) to work on /home/airflow/.local/lib/python3.8/site-packages/airflow/example_dags/example_skip_dag.py
[2025-05-07T19:43:59.957+0000] {processor.py:830} INFO - Processing file /home/airflow/.local/lib/python3.8/site-packages/airflow/example_dags/example_skip_dag.py for tasks to queue
[2025-05-07T19:43:59.960+0000] {logging_mixin.py:188} INFO - [2025-05-07T19:43:59.960+0000] {dagbag.py:538} INFO - Filling up the DagBag from /home/airflow/.local/lib/python3.8/site-packages/airflow/example_dags/example_skip_dag.py
[2025-05-07T19:43:59.975+0000] {processor.py:840} INFO - DAG(s) 'example_skip_dag' retrieved from /home/airflow/.local/lib/python3.8/site-packages/airflow/example_dags/example_skip_dag.py
[2025-05-07T19:44:00.015+0000] {logging_mixin.py:188} INFO - [2025-05-07T19:44:00.015+0000] {dag.py:3036} INFO - Sync 1 DAGs
[2025-05-07T19:44:00.044+0000] {logging_mixin.py:188} INFO - [2025-05-07T19:44:00.043+0000] {dag.py:3823} INFO - Setting next_dagrun for example_skip_dag to 2025-05-06 00:00:00+00:00, run_after=2025-05-07 00:00:00+00:00
[2025-05-07T19:44:00.066+0000] {processor.py:183} INFO - Processing /home/airflow/.local/lib/python3.8/site-packages/airflow/example_dags/example_skip_dag.py took 0.116 seconds
[2025-05-07T19:44:30.303+0000] {processor.py:161} INFO - Started process (PID=1335) to work on /home/airflow/.local/lib/python3.8/site-packages/airflow/example_dags/example_skip_dag.py
[2025-05-07T19:44:30.304+0000] {processor.py:830} INFO - Processing file /home/airflow/.local/lib/python3.8/site-packages/airflow/example_dags/example_skip_dag.py for tasks to queue
[2025-05-07T19:44:30.308+0000] {logging_mixin.py:188} INFO - [2025-05-07T19:44:30.308+0000] {dagbag.py:538} INFO - Filling up the DagBag from /home/airflow/.local/lib/python3.8/site-packages/airflow/example_dags/example_skip_dag.py
[2025-05-07T19:44:30.315+0000] {processor.py:840} INFO - DAG(s) 'example_skip_dag' retrieved from /home/airflow/.local/lib/python3.8/site-packages/airflow/example_dags/example_skip_dag.py
[2025-05-07T19:44:30.338+0000] {logging_mixin.py:188} INFO - [2025-05-07T19:44:30.338+0000] {dag.py:3036} INFO - Sync 1 DAGs
[2025-05-07T19:44:30.360+0000] {logging_mixin.py:188} INFO - [2025-05-07T19:44:30.360+0000] {dag.py:3823} INFO - Setting next_dagrun for example_skip_dag to 2025-05-06 00:00:00+00:00, run_after=2025-05-07 00:00:00+00:00
[2025-05-07T19:44:30.382+0000] {processor.py:183} INFO - Processing /home/airflow/.local/lib/python3.8/site-packages/airflow/example_dags/example_skip_dag.py took 0.083 seconds
[2025-05-07T19:45:00.938+0000] {processor.py:161} INFO - Started process (PID=1392) to work on /home/airflow/.local/lib/python3.8/site-packages/airflow/example_dags/example_skip_dag.py
[2025-05-07T19:45:00.940+0000] {processor.py:830} INFO - Processing file /home/airflow/.local/lib/python3.8/site-packages/airflow/example_dags/example_skip_dag.py for tasks to queue
[2025-05-07T19:45:00.942+0000] {logging_mixin.py:188} INFO - [2025-05-07T19:45:00.942+0000] {dagbag.py:538} INFO - Filling up the DagBag from /home/airflow/.local/lib/python3.8/site-packages/airflow/example_dags/example_skip_dag.py
[2025-05-07T19:45:00.951+0000] {processor.py:840} INFO - DAG(s) 'example_skip_dag' retrieved from /home/airflow/.local/lib/python3.8/site-packages/airflow/example_dags/example_skip_dag.py
[2025-05-07T19:45:00.979+0000] {logging_mixin.py:188} INFO - [2025-05-07T19:45:00.978+0000] {dag.py:3036} INFO - Sync 1 DAGs
[2025-05-07T19:45:01.002+0000] {logging_mixin.py:188} INFO - [2025-05-07T19:45:01.002+0000] {dag.py:3823} INFO - Setting next_dagrun for example_skip_dag to 2025-05-06 00:00:00+00:00, run_after=2025-05-07 00:00:00+00:00
[2025-05-07T19:45:01.032+0000] {processor.py:183} INFO - Processing /home/airflow/.local/lib/python3.8/site-packages/airflow/example_dags/example_skip_dag.py took 0.099 seconds
[2025-05-07T19:45:31.461+0000] {processor.py:161} INFO - Started process (PID=1449) to work on /home/airflow/.local/lib/python3.8/site-packages/airflow/example_dags/example_skip_dag.py
[2025-05-07T19:45:31.463+0000] {processor.py:830} INFO - Processing file /home/airflow/.local/lib/python3.8/site-packages/airflow/example_dags/example_skip_dag.py for tasks to queue
[2025-05-07T19:45:31.467+0000] {logging_mixin.py:188} INFO - [2025-05-07T19:45:31.466+0000] {dagbag.py:538} INFO - Filling up the DagBag from /home/airflow/.local/lib/python3.8/site-packages/airflow/example_dags/example_skip_dag.py
[2025-05-07T19:45:31.482+0000] {processor.py:840} INFO - DAG(s) 'example_skip_dag' retrieved from /home/airflow/.local/lib/python3.8/site-packages/airflow/example_dags/example_skip_dag.py
[2025-05-07T19:45:31.522+0000] {logging_mixin.py:188} INFO - [2025-05-07T19:45:31.521+0000] {dag.py:3036} INFO - Sync 1 DAGs
[2025-05-07T19:45:31.545+0000] {logging_mixin.py:188} INFO - [2025-05-07T19:45:31.544+0000] {dag.py:3823} INFO - Setting next_dagrun for example_skip_dag to 2025-05-06 00:00:00+00:00, run_after=2025-05-07 00:00:00+00:00
[2025-05-07T19:45:31.567+0000] {processor.py:183} INFO - Processing /home/airflow/.local/lib/python3.8/site-packages/airflow/example_dags/example_skip_dag.py took 0.111 seconds
[2025-05-07T19:46:02.144+0000] {processor.py:161} INFO - Started process (PID=1506) to work on /home/airflow/.local/lib/python3.8/site-packages/airflow/example_dags/example_skip_dag.py
[2025-05-07T19:46:02.145+0000] {processor.py:830} INFO - Processing file /home/airflow/.local/lib/python3.8/site-packages/airflow/example_dags/example_skip_dag.py for tasks to queue
[2025-05-07T19:46:02.148+0000] {logging_mixin.py:188} INFO - [2025-05-07T19:46:02.148+0000] {dagbag.py:538} INFO - Filling up the DagBag from /home/airflow/.local/lib/python3.8/site-packages/airflow/example_dags/example_skip_dag.py
[2025-05-07T19:46:02.155+0000] {processor.py:840} INFO - DAG(s) 'example_skip_dag' retrieved from /home/airflow/.local/lib/python3.8/site-packages/airflow/example_dags/example_skip_dag.py
[2025-05-07T19:46:02.181+0000] {logging_mixin.py:188} INFO - [2025-05-07T19:46:02.180+0000] {dag.py:3036} INFO - Sync 1 DAGs
[2025-05-07T19:46:02.209+0000] {logging_mixin.py:188} INFO - [2025-05-07T19:46:02.209+0000] {dag.py:3823} INFO - Setting next_dagrun for example_skip_dag to 2025-05-06 00:00:00+00:00, run_after=2025-05-07 00:00:00+00:00
[2025-05-07T19:46:02.239+0000] {processor.py:183} INFO - Processing /home/airflow/.local/lib/python3.8/site-packages/airflow/example_dags/example_skip_dag.py took 0.098 seconds
[2025-05-07T19:46:32.533+0000] {processor.py:161} INFO - Started process (PID=1563) to work on /home/airflow/.local/lib/python3.8/site-packages/airflow/example_dags/example_skip_dag.py
[2025-05-07T19:46:32.534+0000] {processor.py:830} INFO - Processing file /home/airflow/.local/lib/python3.8/site-packages/airflow/example_dags/example_skip_dag.py for tasks to queue
[2025-05-07T19:46:32.537+0000] {logging_mixin.py:188} INFO - [2025-05-07T19:46:32.537+0000] {dagbag.py:538} INFO - Filling up the DagBag from /home/airflow/.local/lib/python3.8/site-packages/airflow/example_dags/example_skip_dag.py
[2025-05-07T19:46:32.545+0000] {processor.py:840} INFO - DAG(s) 'example_skip_dag' retrieved from /home/airflow/.local/lib/python3.8/site-packages/airflow/example_dags/example_skip_dag.py
[2025-05-07T19:46:32.571+0000] {logging_mixin.py:188} INFO - [2025-05-07T19:46:32.571+0000] {dag.py:3036} INFO - Sync 1 DAGs
[2025-05-07T19:46:32.595+0000] {logging_mixin.py:188} INFO - [2025-05-07T19:46:32.594+0000] {dag.py:3823} INFO - Setting next_dagrun for example_skip_dag to 2025-05-06 00:00:00+00:00, run_after=2025-05-07 00:00:00+00:00
[2025-05-07T19:46:32.614+0000] {processor.py:183} INFO - Processing /home/airflow/.local/lib/python3.8/site-packages/airflow/example_dags/example_skip_dag.py took 0.085 seconds
[2025-05-07T19:47:03.311+0000] {processor.py:161} INFO - Started process (PID=1621) to work on /home/airflow/.local/lib/python3.8/site-packages/airflow/example_dags/example_skip_dag.py
[2025-05-07T19:47:03.314+0000] {processor.py:830} INFO - Processing file /home/airflow/.local/lib/python3.8/site-packages/airflow/example_dags/example_skip_dag.py for tasks to queue
[2025-05-07T19:47:03.316+0000] {logging_mixin.py:188} INFO - [2025-05-07T19:47:03.316+0000] {dagbag.py:538} INFO - Filling up the DagBag from /home/airflow/.local/lib/python3.8/site-packages/airflow/example_dags/example_skip_dag.py
[2025-05-07T19:47:03.325+0000] {processor.py:840} INFO - DAG(s) 'example_skip_dag' retrieved from /home/airflow/.local/lib/python3.8/site-packages/airflow/example_dags/example_skip_dag.py
[2025-05-07T19:47:03.351+0000] {logging_mixin.py:188} INFO - [2025-05-07T19:47:03.351+0000] {dag.py:3036} INFO - Sync 1 DAGs
[2025-05-07T19:47:03.377+0000] {logging_mixin.py:188} INFO - [2025-05-07T19:47:03.377+0000] {dag.py:3823} INFO - Setting next_dagrun for example_skip_dag to 2025-05-06 00:00:00+00:00, run_after=2025-05-07 00:00:00+00:00
[2025-05-07T19:47:03.407+0000] {processor.py:183} INFO - Processing /home/airflow/.local/lib/python3.8/site-packages/airflow/example_dags/example_skip_dag.py took 0.099 seconds
[2025-05-07T19:47:33.729+0000] {processor.py:161} INFO - Started process (PID=1678) to work on /home/airflow/.local/lib/python3.8/site-packages/airflow/example_dags/example_skip_dag.py
[2025-05-07T19:47:33.731+0000] {processor.py:830} INFO - Processing file /home/airflow/.local/lib/python3.8/site-packages/airflow/example_dags/example_skip_dag.py for tasks to queue
[2025-05-07T19:47:33.733+0000] {logging_mixin.py:188} INFO - [2025-05-07T19:47:33.733+0000] {dagbag.py:538} INFO - Filling up the DagBag from /home/airflow/.local/lib/python3.8/site-packages/airflow/example_dags/example_skip_dag.py
[2025-05-07T19:47:33.740+0000] {processor.py:840} INFO - DAG(s) 'example_skip_dag' retrieved from /home/airflow/.local/lib/python3.8/site-packages/airflow/example_dags/example_skip_dag.py
[2025-05-07T19:47:33.762+0000] {logging_mixin.py:188} INFO - [2025-05-07T19:47:33.762+0000] {dag.py:3036} INFO - Sync 1 DAGs
[2025-05-07T19:47:33.785+0000] {logging_mixin.py:188} INFO - [2025-05-07T19:47:33.785+0000] {dag.py:3823} INFO - Setting next_dagrun for example_skip_dag to 2025-05-06 00:00:00+00:00, run_after=2025-05-07 00:00:00+00:00
[2025-05-07T19:47:33.808+0000] {processor.py:183} INFO - Processing /home/airflow/.local/lib/python3.8/site-packages/airflow/example_dags/example_skip_dag.py took 0.083 seconds
[2025-05-07T19:48:04.266+0000] {processor.py:161} INFO - Started process (PID=1735) to work on /home/airflow/.local/lib/python3.8/site-packages/airflow/example_dags/example_skip_dag.py
[2025-05-07T19:48:04.269+0000] {processor.py:830} INFO - Processing file /home/airflow/.local/lib/python3.8/site-packages/airflow/example_dags/example_skip_dag.py for tasks to queue
[2025-05-07T19:48:04.273+0000] {logging_mixin.py:188} INFO - [2025-05-07T19:48:04.272+0000] {dagbag.py:538} INFO - Filling up the DagBag from /home/airflow/.local/lib/python3.8/site-packages/airflow/example_dags/example_skip_dag.py
[2025-05-07T19:48:04.287+0000] {processor.py:840} INFO - DAG(s) 'example_skip_dag' retrieved from /home/airflow/.local/lib/python3.8/site-packages/airflow/example_dags/example_skip_dag.py
[2025-05-07T19:48:04.318+0000] {logging_mixin.py:188} INFO - [2025-05-07T19:48:04.317+0000] {dag.py:3036} INFO - Sync 1 DAGs
[2025-05-07T19:48:04.338+0000] {logging_mixin.py:188} INFO - [2025-05-07T19:48:04.338+0000] {dag.py:3823} INFO - Setting next_dagrun for example_skip_dag to 2025-05-06 00:00:00+00:00, run_after=2025-05-07 00:00:00+00:00
[2025-05-07T19:48:04.363+0000] {processor.py:183} INFO - Processing /home/airflow/.local/lib/python3.8/site-packages/airflow/example_dags/example_skip_dag.py took 0.103 seconds
[2025-05-07T19:48:35.021+0000] {processor.py:161} INFO - Started process (PID=1792) to work on /home/airflow/.local/lib/python3.8/site-packages/airflow/example_dags/example_skip_dag.py
[2025-05-07T19:48:35.023+0000] {processor.py:830} INFO - Processing file /home/airflow/.local/lib/python3.8/site-packages/airflow/example_dags/example_skip_dag.py for tasks to queue
[2025-05-07T19:48:35.026+0000] {logging_mixin.py:188} INFO - [2025-05-07T19:48:35.025+0000] {dagbag.py:538} INFO - Filling up the DagBag from /home/airflow/.local/lib/python3.8/site-packages/airflow/example_dags/example_skip_dag.py
[2025-05-07T19:48:35.033+0000] {processor.py:840} INFO - DAG(s) 'example_skip_dag' retrieved from /home/airflow/.local/lib/python3.8/site-packages/airflow/example_dags/example_skip_dag.py
[2025-05-07T19:48:35.052+0000] {logging_mixin.py:188} INFO - [2025-05-07T19:48:35.052+0000] {dag.py:3036} INFO - Sync 1 DAGs
[2025-05-07T19:48:35.073+0000] {logging_mixin.py:188} INFO - [2025-05-07T19:48:35.073+0000] {dag.py:3823} INFO - Setting next_dagrun for example_skip_dag to 2025-05-06 00:00:00+00:00, run_after=2025-05-07 00:00:00+00:00
[2025-05-07T19:48:35.094+0000] {processor.py:183} INFO - Processing /home/airflow/.local/lib/python3.8/site-packages/airflow/example_dags/example_skip_dag.py took 0.076 seconds
[2025-05-07T19:49:05.504+0000] {processor.py:161} INFO - Started process (PID=1848) to work on /home/airflow/.local/lib/python3.8/site-packages/airflow/example_dags/example_skip_dag.py
[2025-05-07T19:49:05.506+0000] {processor.py:830} INFO - Processing file /home/airflow/.local/lib/python3.8/site-packages/airflow/example_dags/example_skip_dag.py for tasks to queue
[2025-05-07T19:49:05.508+0000] {logging_mixin.py:188} INFO - [2025-05-07T19:49:05.508+0000] {dagbag.py:538} INFO - Filling up the DagBag from /home/airflow/.local/lib/python3.8/site-packages/airflow/example_dags/example_skip_dag.py
[2025-05-07T19:49:05.516+0000] {processor.py:840} INFO - DAG(s) 'example_skip_dag' retrieved from /home/airflow/.local/lib/python3.8/site-packages/airflow/example_dags/example_skip_dag.py
[2025-05-07T19:49:05.540+0000] {logging_mixin.py:188} INFO - [2025-05-07T19:49:05.540+0000] {dag.py:3036} INFO - Sync 1 DAGs
[2025-05-07T19:49:05.563+0000] {logging_mixin.py:188} INFO - [2025-05-07T19:49:05.563+0000] {dag.py:3823} INFO - Setting next_dagrun for example_skip_dag to 2025-05-06 00:00:00+00:00, run_after=2025-05-07 00:00:00+00:00
[2025-05-07T19:49:05.584+0000] {processor.py:183} INFO - Processing /home/airflow/.local/lib/python3.8/site-packages/airflow/example_dags/example_skip_dag.py took 0.083 seconds
[2025-05-07T19:49:36.189+0000] {processor.py:161} INFO - Started process (PID=1905) to work on /home/airflow/.local/lib/python3.8/site-packages/airflow/example_dags/example_skip_dag.py
[2025-05-07T19:49:36.190+0000] {processor.py:830} INFO - Processing file /home/airflow/.local/lib/python3.8/site-packages/airflow/example_dags/example_skip_dag.py for tasks to queue
[2025-05-07T19:49:36.192+0000] {logging_mixin.py:188} INFO - [2025-05-07T19:49:36.192+0000] {dagbag.py:538} INFO - Filling up the DagBag from /home/airflow/.local/lib/python3.8/site-packages/airflow/example_dags/example_skip_dag.py
[2025-05-07T19:49:36.199+0000] {processor.py:840} INFO - DAG(s) 'example_skip_dag' retrieved from /home/airflow/.local/lib/python3.8/site-packages/airflow/example_dags/example_skip_dag.py
[2025-05-07T19:49:36.221+0000] {logging_mixin.py:188} INFO - [2025-05-07T19:49:36.221+0000] {dag.py:3036} INFO - Sync 1 DAGs
[2025-05-07T19:49:36.242+0000] {logging_mixin.py:188} INFO - [2025-05-07T19:49:36.242+0000] {dag.py:3823} INFO - Setting next_dagrun for example_skip_dag to 2025-05-06 00:00:00+00:00, run_after=2025-05-07 00:00:00+00:00
[2025-05-07T19:49:36.265+0000] {processor.py:183} INFO - Processing /home/airflow/.local/lib/python3.8/site-packages/airflow/example_dags/example_skip_dag.py took 0.080 seconds
[2025-05-07T19:50:06.725+0000] {processor.py:161} INFO - Started process (PID=1962) to work on /home/airflow/.local/lib/python3.8/site-packages/airflow/example_dags/example_skip_dag.py
[2025-05-07T19:50:06.726+0000] {processor.py:830} INFO - Processing file /home/airflow/.local/lib/python3.8/site-packages/airflow/example_dags/example_skip_dag.py for tasks to queue
[2025-05-07T19:50:06.728+0000] {logging_mixin.py:188} INFO - [2025-05-07T19:50:06.728+0000] {dagbag.py:538} INFO - Filling up the DagBag from /home/airflow/.local/lib/python3.8/site-packages/airflow/example_dags/example_skip_dag.py
[2025-05-07T19:50:06.735+0000] {processor.py:840} INFO - DAG(s) 'example_skip_dag' retrieved from /home/airflow/.local/lib/python3.8/site-packages/airflow/example_dags/example_skip_dag.py
[2025-05-07T19:50:06.756+0000] {logging_mixin.py:188} INFO - [2025-05-07T19:50:06.756+0000] {dag.py:3036} INFO - Sync 1 DAGs
[2025-05-07T19:50:06.787+0000] {logging_mixin.py:188} INFO - [2025-05-07T19:50:06.786+0000] {dag.py:3823} INFO - Setting next_dagrun for example_skip_dag to 2025-05-06 00:00:00+00:00, run_after=2025-05-07 00:00:00+00:00
[2025-05-07T19:50:06.812+0000] {processor.py:183} INFO - Processing /home/airflow/.local/lib/python3.8/site-packages/airflow/example_dags/example_skip_dag.py took 0.091 seconds
[2025-05-07T19:50:37.380+0000] {processor.py:161} INFO - Started process (PID=2019) to work on /home/airflow/.local/lib/python3.8/site-packages/airflow/example_dags/example_skip_dag.py
[2025-05-07T19:50:37.381+0000] {processor.py:830} INFO - Processing file /home/airflow/.local/lib/python3.8/site-packages/airflow/example_dags/example_skip_dag.py for tasks to queue
[2025-05-07T19:50:37.383+0000] {logging_mixin.py:188} INFO - [2025-05-07T19:50:37.383+0000] {dagbag.py:538} INFO - Filling up the DagBag from /home/airflow/.local/lib/python3.8/site-packages/airflow/example_dags/example_skip_dag.py
[2025-05-07T19:50:37.390+0000] {processor.py:840} INFO - DAG(s) 'example_skip_dag' retrieved from /home/airflow/.local/lib/python3.8/site-packages/airflow/example_dags/example_skip_dag.py
[2025-05-07T19:50:37.413+0000] {logging_mixin.py:188} INFO - [2025-05-07T19:50:37.413+0000] {dag.py:3036} INFO - Sync 1 DAGs
[2025-05-07T19:50:37.440+0000] {logging_mixin.py:188} INFO - [2025-05-07T19:50:37.440+0000] {dag.py:3823} INFO - Setting next_dagrun for example_skip_dag to 2025-05-06 00:00:00+00:00, run_after=2025-05-07 00:00:00+00:00
[2025-05-07T19:50:37.490+0000] {processor.py:183} INFO - Processing /home/airflow/.local/lib/python3.8/site-packages/airflow/example_dags/example_skip_dag.py took 0.114 seconds
[2025-05-07T19:51:07.942+0000] {processor.py:161} INFO - Started process (PID=2076) to work on /home/airflow/.local/lib/python3.8/site-packages/airflow/example_dags/example_skip_dag.py
[2025-05-07T19:51:07.943+0000] {processor.py:830} INFO - Processing file /home/airflow/.local/lib/python3.8/site-packages/airflow/example_dags/example_skip_dag.py for tasks to queue
[2025-05-07T19:51:07.945+0000] {logging_mixin.py:188} INFO - [2025-05-07T19:51:07.945+0000] {dagbag.py:538} INFO - Filling up the DagBag from /home/airflow/.local/lib/python3.8/site-packages/airflow/example_dags/example_skip_dag.py
[2025-05-07T19:51:07.952+0000] {processor.py:840} INFO - DAG(s) 'example_skip_dag' retrieved from /home/airflow/.local/lib/python3.8/site-packages/airflow/example_dags/example_skip_dag.py
[2025-05-07T19:51:07.972+0000] {logging_mixin.py:188} INFO - [2025-05-07T19:51:07.971+0000] {dag.py:3036} INFO - Sync 1 DAGs
[2025-05-07T19:51:07.992+0000] {logging_mixin.py:188} INFO - [2025-05-07T19:51:07.992+0000] {dag.py:3823} INFO - Setting next_dagrun for example_skip_dag to 2025-05-06 00:00:00+00:00, run_after=2025-05-07 00:00:00+00:00
[2025-05-07T19:51:08.011+0000] {processor.py:183} INFO - Processing /home/airflow/.local/lib/python3.8/site-packages/airflow/example_dags/example_skip_dag.py took 0.072 seconds
[2025-05-07T19:51:38.495+0000] {processor.py:161} INFO - Started process (PID=2133) to work on /home/airflow/.local/lib/python3.8/site-packages/airflow/example_dags/example_skip_dag.py
[2025-05-07T19:51:38.498+0000] {processor.py:830} INFO - Processing file /home/airflow/.local/lib/python3.8/site-packages/airflow/example_dags/example_skip_dag.py for tasks to queue
[2025-05-07T19:51:38.502+0000] {logging_mixin.py:188} INFO - [2025-05-07T19:51:38.501+0000] {dagbag.py:538} INFO - Filling up the DagBag from /home/airflow/.local/lib/python3.8/site-packages/airflow/example_dags/example_skip_dag.py
[2025-05-07T19:51:38.512+0000] {processor.py:840} INFO - DAG(s) 'example_skip_dag' retrieved from /home/airflow/.local/lib/python3.8/site-packages/airflow/example_dags/example_skip_dag.py
[2025-05-07T19:51:38.535+0000] {logging_mixin.py:188} INFO - [2025-05-07T19:51:38.535+0000] {dag.py:3036} INFO - Sync 1 DAGs
[2025-05-07T19:51:38.556+0000] {logging_mixin.py:188} INFO - [2025-05-07T19:51:38.556+0000] {dag.py:3823} INFO - Setting next_dagrun for example_skip_dag to 2025-05-06 00:00:00+00:00, run_after=2025-05-07 00:00:00+00:00
[2025-05-07T19:51:38.575+0000] {processor.py:183} INFO - Processing /home/airflow/.local/lib/python3.8/site-packages/airflow/example_dags/example_skip_dag.py took 0.088 seconds
[2025-05-07T19:52:09.457+0000] {processor.py:161} INFO - Started process (PID=2190) to work on /home/airflow/.local/lib/python3.8/site-packages/airflow/example_dags/example_skip_dag.py
[2025-05-07T19:52:09.458+0000] {processor.py:830} INFO - Processing file /home/airflow/.local/lib/python3.8/site-packages/airflow/example_dags/example_skip_dag.py for tasks to queue
[2025-05-07T19:52:09.461+0000] {logging_mixin.py:188} INFO - [2025-05-07T19:52:09.461+0000] {dagbag.py:538} INFO - Filling up the DagBag from /home/airflow/.local/lib/python3.8/site-packages/airflow/example_dags/example_skip_dag.py
[2025-05-07T19:52:09.468+0000] {processor.py:840} INFO - DAG(s) 'example_skip_dag' retrieved from /home/airflow/.local/lib/python3.8/site-packages/airflow/example_dags/example_skip_dag.py
[2025-05-07T19:52:09.492+0000] {logging_mixin.py:188} INFO - [2025-05-07T19:52:09.492+0000] {dag.py:3036} INFO - Sync 1 DAGs
[2025-05-07T19:52:09.515+0000] {logging_mixin.py:188} INFO - [2025-05-07T19:52:09.515+0000] {dag.py:3823} INFO - Setting next_dagrun for example_skip_dag to 2025-05-06 00:00:00+00:00, run_after=2025-05-07 00:00:00+00:00
[2025-05-07T19:52:09.536+0000] {processor.py:183} INFO - Processing /home/airflow/.local/lib/python3.8/site-packages/airflow/example_dags/example_skip_dag.py took 0.083 seconds
[2025-05-07T19:52:40.411+0000] {processor.py:161} INFO - Started process (PID=2247) to work on /home/airflow/.local/lib/python3.8/site-packages/airflow/example_dags/example_skip_dag.py
[2025-05-07T19:52:40.413+0000] {processor.py:830} INFO - Processing file /home/airflow/.local/lib/python3.8/site-packages/airflow/example_dags/example_skip_dag.py for tasks to queue
[2025-05-07T19:52:40.415+0000] {logging_mixin.py:188} INFO - [2025-05-07T19:52:40.415+0000] {dagbag.py:538} INFO - Filling up the DagBag from /home/airflow/.local/lib/python3.8/site-packages/airflow/example_dags/example_skip_dag.py
[2025-05-07T19:52:40.422+0000] {processor.py:840} INFO - DAG(s) 'example_skip_dag' retrieved from /home/airflow/.local/lib/python3.8/site-packages/airflow/example_dags/example_skip_dag.py
[2025-05-07T19:52:40.446+0000] {logging_mixin.py:188} INFO - [2025-05-07T19:52:40.445+0000] {dag.py:3036} INFO - Sync 1 DAGs
[2025-05-07T19:52:40.473+0000] {logging_mixin.py:188} INFO - [2025-05-07T19:52:40.472+0000] {dag.py:3823} INFO - Setting next_dagrun for example_skip_dag to 2025-05-06 00:00:00+00:00, run_after=2025-05-07 00:00:00+00:00
[2025-05-07T19:52:40.502+0000] {processor.py:183} INFO - Processing /home/airflow/.local/lib/python3.8/site-packages/airflow/example_dags/example_skip_dag.py took 0.094 seconds
[2025-05-07T19:53:10.845+0000] {processor.py:161} INFO - Started process (PID=2304) to work on /home/airflow/.local/lib/python3.8/site-packages/airflow/example_dags/example_skip_dag.py
[2025-05-07T19:53:10.846+0000] {processor.py:830} INFO - Processing file /home/airflow/.local/lib/python3.8/site-packages/airflow/example_dags/example_skip_dag.py for tasks to queue
[2025-05-07T19:53:10.849+0000] {logging_mixin.py:188} INFO - [2025-05-07T19:53:10.849+0000] {dagbag.py:538} INFO - Filling up the DagBag from /home/airflow/.local/lib/python3.8/site-packages/airflow/example_dags/example_skip_dag.py
[2025-05-07T19:53:10.856+0000] {processor.py:840} INFO - DAG(s) 'example_skip_dag' retrieved from /home/airflow/.local/lib/python3.8/site-packages/airflow/example_dags/example_skip_dag.py
[2025-05-07T19:53:10.880+0000] {logging_mixin.py:188} INFO - [2025-05-07T19:53:10.879+0000] {dag.py:3036} INFO - Sync 1 DAGs
[2025-05-07T19:53:10.901+0000] {logging_mixin.py:188} INFO - [2025-05-07T19:53:10.901+0000] {dag.py:3823} INFO - Setting next_dagrun for example_skip_dag to 2025-05-06 00:00:00+00:00, run_after=2025-05-07 00:00:00+00:00
[2025-05-07T19:53:11.090+0000] {processor.py:183} INFO - Processing /home/airflow/.local/lib/python3.8/site-packages/airflow/example_dags/example_skip_dag.py took 0.248 seconds
[2025-05-07T19:53:41.285+0000] {processor.py:161} INFO - Started process (PID=2361) to work on /home/airflow/.local/lib/python3.8/site-packages/airflow/example_dags/example_skip_dag.py
[2025-05-07T19:53:41.289+0000] {processor.py:830} INFO - Processing file /home/airflow/.local/lib/python3.8/site-packages/airflow/example_dags/example_skip_dag.py for tasks to queue
[2025-05-07T19:53:41.295+0000] {logging_mixin.py:188} INFO - [2025-05-07T19:53:41.294+0000] {dagbag.py:538} INFO - Filling up the DagBag from /home/airflow/.local/lib/python3.8/site-packages/airflow/example_dags/example_skip_dag.py
[2025-05-07T19:53:41.315+0000] {processor.py:840} INFO - DAG(s) 'example_skip_dag' retrieved from /home/airflow/.local/lib/python3.8/site-packages/airflow/example_dags/example_skip_dag.py
[2025-05-07T19:53:41.372+0000] {logging_mixin.py:188} INFO - [2025-05-07T19:53:41.371+0000] {dag.py:3036} INFO - Sync 1 DAGs
[2025-05-07T19:53:41.408+0000] {logging_mixin.py:188} INFO - [2025-05-07T19:53:41.408+0000] {dag.py:3823} INFO - Setting next_dagrun for example_skip_dag to 2025-05-06 00:00:00+00:00, run_after=2025-05-07 00:00:00+00:00
[2025-05-07T19:53:41.429+0000] {processor.py:183} INFO - Processing /home/airflow/.local/lib/python3.8/site-packages/airflow/example_dags/example_skip_dag.py took 0.154 seconds
[2025-05-07T19:54:12.113+0000] {processor.py:161} INFO - Started process (PID=2418) to work on /home/airflow/.local/lib/python3.8/site-packages/airflow/example_dags/example_skip_dag.py
[2025-05-07T19:54:12.117+0000] {processor.py:830} INFO - Processing file /home/airflow/.local/lib/python3.8/site-packages/airflow/example_dags/example_skip_dag.py for tasks to queue
[2025-05-07T19:54:12.122+0000] {logging_mixin.py:188} INFO - [2025-05-07T19:54:12.121+0000] {dagbag.py:538} INFO - Filling up the DagBag from /home/airflow/.local/lib/python3.8/site-packages/airflow/example_dags/example_skip_dag.py
[2025-05-07T19:54:12.133+0000] {processor.py:840} INFO - DAG(s) 'example_skip_dag' retrieved from /home/airflow/.local/lib/python3.8/site-packages/airflow/example_dags/example_skip_dag.py
[2025-05-07T19:54:12.162+0000] {logging_mixin.py:188} INFO - [2025-05-07T19:54:12.162+0000] {dag.py:3036} INFO - Sync 1 DAGs
[2025-05-07T19:54:12.185+0000] {logging_mixin.py:188} INFO - [2025-05-07T19:54:12.185+0000] {dag.py:3823} INFO - Setting next_dagrun for example_skip_dag to 2025-05-06 00:00:00+00:00, run_after=2025-05-07 00:00:00+00:00
[2025-05-07T19:54:12.208+0000] {processor.py:183} INFO - Processing /home/airflow/.local/lib/python3.8/site-packages/airflow/example_dags/example_skip_dag.py took 0.102 seconds
[2025-05-07T19:54:42.655+0000] {processor.py:161} INFO - Started process (PID=2475) to work on /home/airflow/.local/lib/python3.8/site-packages/airflow/example_dags/example_skip_dag.py
[2025-05-07T19:54:42.657+0000] {processor.py:830} INFO - Processing file /home/airflow/.local/lib/python3.8/site-packages/airflow/example_dags/example_skip_dag.py for tasks to queue
[2025-05-07T19:54:42.659+0000] {logging_mixin.py:188} INFO - [2025-05-07T19:54:42.659+0000] {dagbag.py:538} INFO - Filling up the DagBag from /home/airflow/.local/lib/python3.8/site-packages/airflow/example_dags/example_skip_dag.py
[2025-05-07T19:54:42.669+0000] {processor.py:840} INFO - DAG(s) 'example_skip_dag' retrieved from /home/airflow/.local/lib/python3.8/site-packages/airflow/example_dags/example_skip_dag.py
[2025-05-07T19:54:42.691+0000] {logging_mixin.py:188} INFO - [2025-05-07T19:54:42.690+0000] {dag.py:3036} INFO - Sync 1 DAGs
[2025-05-07T19:54:42.713+0000] {logging_mixin.py:188} INFO - [2025-05-07T19:54:42.713+0000] {dag.py:3823} INFO - Setting next_dagrun for example_skip_dag to 2025-05-06 00:00:00+00:00, run_after=2025-05-07 00:00:00+00:00
[2025-05-07T19:54:42.739+0000] {processor.py:183} INFO - Processing /home/airflow/.local/lib/python3.8/site-packages/airflow/example_dags/example_skip_dag.py took 0.088 seconds
[2025-05-07T19:55:12.956+0000] {processor.py:161} INFO - Started process (PID=2532) to work on /home/airflow/.local/lib/python3.8/site-packages/airflow/example_dags/example_skip_dag.py
[2025-05-07T19:55:12.957+0000] {processor.py:830} INFO - Processing file /home/airflow/.local/lib/python3.8/site-packages/airflow/example_dags/example_skip_dag.py for tasks to queue
[2025-05-07T19:55:12.960+0000] {logging_mixin.py:188} INFO - [2025-05-07T19:55:12.960+0000] {dagbag.py:538} INFO - Filling up the DagBag from /home/airflow/.local/lib/python3.8/site-packages/airflow/example_dags/example_skip_dag.py
[2025-05-07T19:55:12.975+0000] {processor.py:840} INFO - DAG(s) 'example_skip_dag' retrieved from /home/airflow/.local/lib/python3.8/site-packages/airflow/example_dags/example_skip_dag.py
[2025-05-07T19:55:13.015+0000] {logging_mixin.py:188} INFO - [2025-05-07T19:55:13.014+0000] {dag.py:3036} INFO - Sync 1 DAGs
[2025-05-07T19:55:13.043+0000] {logging_mixin.py:188} INFO - [2025-05-07T19:55:13.043+0000] {dag.py:3823} INFO - Setting next_dagrun for example_skip_dag to 2025-05-06 00:00:00+00:00, run_after=2025-05-07 00:00:00+00:00
[2025-05-07T19:55:13.074+0000] {processor.py:183} INFO - Processing /home/airflow/.local/lib/python3.8/site-packages/airflow/example_dags/example_skip_dag.py took 0.122 seconds
[2025-05-07T19:55:44.586+0000] {processor.py:161} INFO - Started process (PID=2589) to work on /home/airflow/.local/lib/python3.8/site-packages/airflow/example_dags/example_skip_dag.py
[2025-05-07T19:55:44.590+0000] {processor.py:830} INFO - Processing file /home/airflow/.local/lib/python3.8/site-packages/airflow/example_dags/example_skip_dag.py for tasks to queue
[2025-05-07T19:55:44.593+0000] {logging_mixin.py:188} INFO - [2025-05-07T19:55:44.593+0000] {dagbag.py:538} INFO - Filling up the DagBag from /home/airflow/.local/lib/python3.8/site-packages/airflow/example_dags/example_skip_dag.py
[2025-05-07T19:55:44.605+0000] {processor.py:840} INFO - DAG(s) 'example_skip_dag' retrieved from /home/airflow/.local/lib/python3.8/site-packages/airflow/example_dags/example_skip_dag.py
[2025-05-07T19:55:44.635+0000] {logging_mixin.py:188} INFO - [2025-05-07T19:55:44.635+0000] {dag.py:3036} INFO - Sync 1 DAGs
[2025-05-07T19:55:44.777+0000] {logging_mixin.py:188} INFO - [2025-05-07T19:55:44.777+0000] {dag.py:3823} INFO - Setting next_dagrun for example_skip_dag to 2025-05-06 00:00:00+00:00, run_after=2025-05-07 00:00:00+00:00
[2025-05-07T19:55:44.799+0000] {processor.py:183} INFO - Processing /home/airflow/.local/lib/python3.8/site-packages/airflow/example_dags/example_skip_dag.py took 0.220 seconds
[2025-05-07T19:56:15.171+0000] {processor.py:161} INFO - Started process (PID=2646) to work on /home/airflow/.local/lib/python3.8/site-packages/airflow/example_dags/example_skip_dag.py
[2025-05-07T19:56:15.174+0000] {processor.py:830} INFO - Processing file /home/airflow/.local/lib/python3.8/site-packages/airflow/example_dags/example_skip_dag.py for tasks to queue
[2025-05-07T19:56:15.180+0000] {logging_mixin.py:188} INFO - [2025-05-07T19:56:15.179+0000] {dagbag.py:538} INFO - Filling up the DagBag from /home/airflow/.local/lib/python3.8/site-packages/airflow/example_dags/example_skip_dag.py
[2025-05-07T19:56:15.190+0000] {processor.py:840} INFO - DAG(s) 'example_skip_dag' retrieved from /home/airflow/.local/lib/python3.8/site-packages/airflow/example_dags/example_skip_dag.py
[2025-05-07T19:56:15.229+0000] {logging_mixin.py:188} INFO - [2025-05-07T19:56:15.228+0000] {dag.py:3036} INFO - Sync 1 DAGs
[2025-05-07T19:56:15.383+0000] {logging_mixin.py:188} INFO - [2025-05-07T19:56:15.383+0000] {dag.py:3823} INFO - Setting next_dagrun for example_skip_dag to 2025-05-06 00:00:00+00:00, run_after=2025-05-07 00:00:00+00:00
[2025-05-07T19:56:15.404+0000] {processor.py:183} INFO - Processing /home/airflow/.local/lib/python3.8/site-packages/airflow/example_dags/example_skip_dag.py took 0.240 seconds
[2025-05-07T19:56:46.224+0000] {processor.py:161} INFO - Started process (PID=2703) to work on /home/airflow/.local/lib/python3.8/site-packages/airflow/example_dags/example_skip_dag.py
[2025-05-07T19:56:46.226+0000] {processor.py:830} INFO - Processing file /home/airflow/.local/lib/python3.8/site-packages/airflow/example_dags/example_skip_dag.py for tasks to queue
[2025-05-07T19:56:46.229+0000] {logging_mixin.py:188} INFO - [2025-05-07T19:56:46.228+0000] {dagbag.py:538} INFO - Filling up the DagBag from /home/airflow/.local/lib/python3.8/site-packages/airflow/example_dags/example_skip_dag.py
[2025-05-07T19:56:46.240+0000] {processor.py:840} INFO - DAG(s) 'example_skip_dag' retrieved from /home/airflow/.local/lib/python3.8/site-packages/airflow/example_dags/example_skip_dag.py
[2025-05-07T19:56:46.271+0000] {logging_mixin.py:188} INFO - [2025-05-07T19:56:46.271+0000] {dag.py:3036} INFO - Sync 1 DAGs
[2025-05-07T19:56:46.300+0000] {logging_mixin.py:188} INFO - [2025-05-07T19:56:46.299+0000] {dag.py:3823} INFO - Setting next_dagrun for example_skip_dag to 2025-05-06 00:00:00+00:00, run_after=2025-05-07 00:00:00+00:00
[2025-05-07T19:56:46.322+0000] {processor.py:183} INFO - Processing /home/airflow/.local/lib/python3.8/site-packages/airflow/example_dags/example_skip_dag.py took 0.101 seconds
[2025-05-07T19:57:17.068+0000] {processor.py:161} INFO - Started process (PID=2760) to work on /home/airflow/.local/lib/python3.8/site-packages/airflow/example_dags/example_skip_dag.py
[2025-05-07T19:57:17.070+0000] {processor.py:830} INFO - Processing file /home/airflow/.local/lib/python3.8/site-packages/airflow/example_dags/example_skip_dag.py for tasks to queue
[2025-05-07T19:57:17.072+0000] {logging_mixin.py:188} INFO - [2025-05-07T19:57:17.072+0000] {dagbag.py:538} INFO - Filling up the DagBag from /home/airflow/.local/lib/python3.8/site-packages/airflow/example_dags/example_skip_dag.py
[2025-05-07T19:57:17.082+0000] {processor.py:840} INFO - DAG(s) 'example_skip_dag' retrieved from /home/airflow/.local/lib/python3.8/site-packages/airflow/example_dags/example_skip_dag.py
[2025-05-07T19:57:17.108+0000] {logging_mixin.py:188} INFO - [2025-05-07T19:57:17.107+0000] {dag.py:3036} INFO - Sync 1 DAGs
[2025-05-07T19:57:17.130+0000] {logging_mixin.py:188} INFO - [2025-05-07T19:57:17.130+0000] {dag.py:3823} INFO - Setting next_dagrun for example_skip_dag to 2025-05-06 00:00:00+00:00, run_after=2025-05-07 00:00:00+00:00
[2025-05-07T19:57:17.157+0000] {processor.py:183} INFO - Processing /home/airflow/.local/lib/python3.8/site-packages/airflow/example_dags/example_skip_dag.py took 0.093 seconds
[2025-05-07T19:57:47.818+0000] {processor.py:161} INFO - Started process (PID=2817) to work on /home/airflow/.local/lib/python3.8/site-packages/airflow/example_dags/example_skip_dag.py
[2025-05-07T19:57:47.824+0000] {processor.py:830} INFO - Processing file /home/airflow/.local/lib/python3.8/site-packages/airflow/example_dags/example_skip_dag.py for tasks to queue
[2025-05-07T19:57:47.828+0000] {logging_mixin.py:188} INFO - [2025-05-07T19:57:47.827+0000] {dagbag.py:538} INFO - Filling up the DagBag from /home/airflow/.local/lib/python3.8/site-packages/airflow/example_dags/example_skip_dag.py
[2025-05-07T19:57:47.840+0000] {processor.py:840} INFO - DAG(s) 'example_skip_dag' retrieved from /home/airflow/.local/lib/python3.8/site-packages/airflow/example_dags/example_skip_dag.py
[2025-05-07T19:57:47.870+0000] {logging_mixin.py:188} INFO - [2025-05-07T19:57:47.870+0000] {dag.py:3036} INFO - Sync 1 DAGs
[2025-05-07T19:57:47.902+0000] {logging_mixin.py:188} INFO - [2025-05-07T19:57:47.902+0000] {dag.py:3823} INFO - Setting next_dagrun for example_skip_dag to 2025-05-06 00:00:00+00:00, run_after=2025-05-07 00:00:00+00:00
[2025-05-07T19:57:47.926+0000] {processor.py:183} INFO - Processing /home/airflow/.local/lib/python3.8/site-packages/airflow/example_dags/example_skip_dag.py took 0.111 seconds
[2025-05-07T19:58:18.762+0000] {processor.py:161} INFO - Started process (PID=2874) to work on /home/airflow/.local/lib/python3.8/site-packages/airflow/example_dags/example_skip_dag.py
[2025-05-07T19:58:18.764+0000] {processor.py:830} INFO - Processing file /home/airflow/.local/lib/python3.8/site-packages/airflow/example_dags/example_skip_dag.py for tasks to queue
[2025-05-07T19:58:18.775+0000] {logging_mixin.py:188} INFO - [2025-05-07T19:58:18.771+0000] {dagbag.py:538} INFO - Filling up the DagBag from /home/airflow/.local/lib/python3.8/site-packages/airflow/example_dags/example_skip_dag.py
[2025-05-07T19:58:18.797+0000] {processor.py:840} INFO - DAG(s) 'example_skip_dag' retrieved from /home/airflow/.local/lib/python3.8/site-packages/airflow/example_dags/example_skip_dag.py
[2025-05-07T19:58:18.861+0000] {logging_mixin.py:188} INFO - [2025-05-07T19:58:18.859+0000] {dag.py:3036} INFO - Sync 1 DAGs
[2025-05-07T19:58:18.905+0000] {logging_mixin.py:188} INFO - [2025-05-07T19:58:18.901+0000] {dag.py:3823} INFO - Setting next_dagrun for example_skip_dag to 2025-05-06 00:00:00+00:00, run_after=2025-05-07 00:00:00+00:00
[2025-05-07T19:58:18.958+0000] {processor.py:183} INFO - Processing /home/airflow/.local/lib/python3.8/site-packages/airflow/example_dags/example_skip_dag.py took 0.223 seconds
[2025-05-07T19:58:49.216+0000] {processor.py:161} INFO - Started process (PID=2931) to work on /home/airflow/.local/lib/python3.8/site-packages/airflow/example_dags/example_skip_dag.py
[2025-05-07T19:58:49.217+0000] {processor.py:830} INFO - Processing file /home/airflow/.local/lib/python3.8/site-packages/airflow/example_dags/example_skip_dag.py for tasks to queue
[2025-05-07T19:58:49.220+0000] {logging_mixin.py:188} INFO - [2025-05-07T19:58:49.219+0000] {dagbag.py:538} INFO - Filling up the DagBag from /home/airflow/.local/lib/python3.8/site-packages/airflow/example_dags/example_skip_dag.py
[2025-05-07T19:58:49.227+0000] {processor.py:840} INFO - DAG(s) 'example_skip_dag' retrieved from /home/airflow/.local/lib/python3.8/site-packages/airflow/example_dags/example_skip_dag.py
[2025-05-07T19:58:49.248+0000] {logging_mixin.py:188} INFO - [2025-05-07T19:58:49.247+0000] {dag.py:3036} INFO - Sync 1 DAGs
[2025-05-07T19:58:49.272+0000] {logging_mixin.py:188} INFO - [2025-05-07T19:58:49.272+0000] {dag.py:3823} INFO - Setting next_dagrun for example_skip_dag to 2025-05-06 00:00:00+00:00, run_after=2025-05-07 00:00:00+00:00
[2025-05-07T19:58:49.292+0000] {processor.py:183} INFO - Processing /home/airflow/.local/lib/python3.8/site-packages/airflow/example_dags/example_skip_dag.py took 0.079 seconds
[2025-05-07T19:59:19.446+0000] {processor.py:161} INFO - Started process (PID=2988) to work on /home/airflow/.local/lib/python3.8/site-packages/airflow/example_dags/example_skip_dag.py
[2025-05-07T19:59:19.447+0000] {processor.py:830} INFO - Processing file /home/airflow/.local/lib/python3.8/site-packages/airflow/example_dags/example_skip_dag.py for tasks to queue
[2025-05-07T19:59:19.450+0000] {logging_mixin.py:188} INFO - [2025-05-07T19:59:19.450+0000] {dagbag.py:538} INFO - Filling up the DagBag from /home/airflow/.local/lib/python3.8/site-packages/airflow/example_dags/example_skip_dag.py
[2025-05-07T19:59:19.460+0000] {processor.py:840} INFO - DAG(s) 'example_skip_dag' retrieved from /home/airflow/.local/lib/python3.8/site-packages/airflow/example_dags/example_skip_dag.py
[2025-05-07T19:59:19.482+0000] {logging_mixin.py:188} INFO - [2025-05-07T19:59:19.482+0000] {dag.py:3036} INFO - Sync 1 DAGs
[2025-05-07T19:59:19.504+0000] {logging_mixin.py:188} INFO - [2025-05-07T19:59:19.504+0000] {dag.py:3823} INFO - Setting next_dagrun for example_skip_dag to 2025-05-06 00:00:00+00:00, run_after=2025-05-07 00:00:00+00:00
[2025-05-07T19:59:19.523+0000] {processor.py:183} INFO - Processing /home/airflow/.local/lib/python3.8/site-packages/airflow/example_dags/example_skip_dag.py took 0.081 seconds
[2025-05-07T19:59:49.903+0000] {processor.py:161} INFO - Started process (PID=3051) to work on /home/airflow/.local/lib/python3.8/site-packages/airflow/example_dags/example_skip_dag.py
[2025-05-07T19:59:49.906+0000] {processor.py:830} INFO - Processing file /home/airflow/.local/lib/python3.8/site-packages/airflow/example_dags/example_skip_dag.py for tasks to queue
[2025-05-07T19:59:49.909+0000] {logging_mixin.py:188} INFO - [2025-05-07T19:59:49.909+0000] {dagbag.py:538} INFO - Filling up the DagBag from /home/airflow/.local/lib/python3.8/site-packages/airflow/example_dags/example_skip_dag.py
[2025-05-07T19:59:49.917+0000] {processor.py:840} INFO - DAG(s) 'example_skip_dag' retrieved from /home/airflow/.local/lib/python3.8/site-packages/airflow/example_dags/example_skip_dag.py
[2025-05-07T19:59:49.940+0000] {logging_mixin.py:188} INFO - [2025-05-07T19:59:49.940+0000] {dag.py:3036} INFO - Sync 1 DAGs
[2025-05-07T19:59:49.967+0000] {logging_mixin.py:188} INFO - [2025-05-07T19:59:49.967+0000] {dag.py:3823} INFO - Setting next_dagrun for example_skip_dag to 2025-05-06 00:00:00+00:00, run_after=2025-05-07 00:00:00+00:00
[2025-05-07T19:59:49.995+0000] {processor.py:183} INFO - Processing /home/airflow/.local/lib/python3.8/site-packages/airflow/example_dags/example_skip_dag.py took 0.099 seconds
[2025-05-07T20:00:20.370+0000] {processor.py:161} INFO - Started process (PID=3108) to work on /home/airflow/.local/lib/python3.8/site-packages/airflow/example_dags/example_skip_dag.py
[2025-05-07T20:00:20.374+0000] {processor.py:830} INFO - Processing file /home/airflow/.local/lib/python3.8/site-packages/airflow/example_dags/example_skip_dag.py for tasks to queue
[2025-05-07T20:00:20.378+0000] {logging_mixin.py:188} INFO - [2025-05-07T20:00:20.377+0000] {dagbag.py:538} INFO - Filling up the DagBag from /home/airflow/.local/lib/python3.8/site-packages/airflow/example_dags/example_skip_dag.py
[2025-05-07T20:00:20.401+0000] {processor.py:840} INFO - DAG(s) 'example_skip_dag' retrieved from /home/airflow/.local/lib/python3.8/site-packages/airflow/example_dags/example_skip_dag.py
[2025-05-07T20:00:20.439+0000] {logging_mixin.py:188} INFO - [2025-05-07T20:00:20.439+0000] {dag.py:3036} INFO - Sync 1 DAGs
[2025-05-07T20:00:20.463+0000] {logging_mixin.py:188} INFO - [2025-05-07T20:00:20.463+0000] {dag.py:3823} INFO - Setting next_dagrun for example_skip_dag to 2025-05-06 00:00:00+00:00, run_after=2025-05-07 00:00:00+00:00
[2025-05-07T20:00:20.484+0000] {processor.py:183} INFO - Processing /home/airflow/.local/lib/python3.8/site-packages/airflow/example_dags/example_skip_dag.py took 0.120 seconds
[2025-05-07T20:00:51.109+0000] {processor.py:161} INFO - Started process (PID=3165) to work on /home/airflow/.local/lib/python3.8/site-packages/airflow/example_dags/example_skip_dag.py
[2025-05-07T20:00:51.112+0000] {processor.py:830} INFO - Processing file /home/airflow/.local/lib/python3.8/site-packages/airflow/example_dags/example_skip_dag.py for tasks to queue
[2025-05-07T20:00:51.114+0000] {logging_mixin.py:188} INFO - [2025-05-07T20:00:51.114+0000] {dagbag.py:538} INFO - Filling up the DagBag from /home/airflow/.local/lib/python3.8/site-packages/airflow/example_dags/example_skip_dag.py
[2025-05-07T20:00:51.124+0000] {processor.py:840} INFO - DAG(s) 'example_skip_dag' retrieved from /home/airflow/.local/lib/python3.8/site-packages/airflow/example_dags/example_skip_dag.py
[2025-05-07T20:00:51.150+0000] {logging_mixin.py:188} INFO - [2025-05-07T20:00:51.149+0000] {dag.py:3036} INFO - Sync 1 DAGs
[2025-05-07T20:00:51.171+0000] {logging_mixin.py:188} INFO - [2025-05-07T20:00:51.171+0000] {dag.py:3823} INFO - Setting next_dagrun for example_skip_dag to 2025-05-06 00:00:00+00:00, run_after=2025-05-07 00:00:00+00:00
[2025-05-07T20:00:51.194+0000] {processor.py:183} INFO - Processing /home/airflow/.local/lib/python3.8/site-packages/airflow/example_dags/example_skip_dag.py took 0.090 seconds
[2025-05-07T20:01:21.854+0000] {processor.py:161} INFO - Started process (PID=3222) to work on /home/airflow/.local/lib/python3.8/site-packages/airflow/example_dags/example_skip_dag.py
[2025-05-07T20:01:21.855+0000] {processor.py:830} INFO - Processing file /home/airflow/.local/lib/python3.8/site-packages/airflow/example_dags/example_skip_dag.py for tasks to queue
[2025-05-07T20:01:21.857+0000] {logging_mixin.py:188} INFO - [2025-05-07T20:01:21.857+0000] {dagbag.py:538} INFO - Filling up the DagBag from /home/airflow/.local/lib/python3.8/site-packages/airflow/example_dags/example_skip_dag.py
[2025-05-07T20:01:21.864+0000] {processor.py:840} INFO - DAG(s) 'example_skip_dag' retrieved from /home/airflow/.local/lib/python3.8/site-packages/airflow/example_dags/example_skip_dag.py
[2025-05-07T20:01:21.886+0000] {logging_mixin.py:188} INFO - [2025-05-07T20:01:21.885+0000] {dag.py:3036} INFO - Sync 1 DAGs
[2025-05-07T20:01:21.907+0000] {logging_mixin.py:188} INFO - [2025-05-07T20:01:21.907+0000] {dag.py:3823} INFO - Setting next_dagrun for example_skip_dag to 2025-05-06 00:00:00+00:00, run_after=2025-05-07 00:00:00+00:00
[2025-05-07T20:01:21.926+0000] {processor.py:183} INFO - Processing /home/airflow/.local/lib/python3.8/site-packages/airflow/example_dags/example_skip_dag.py took 0.075 seconds
[2025-05-07T20:01:52.704+0000] {processor.py:161} INFO - Started process (PID=3279) to work on /home/airflow/.local/lib/python3.8/site-packages/airflow/example_dags/example_skip_dag.py
[2025-05-07T20:01:52.705+0000] {processor.py:830} INFO - Processing file /home/airflow/.local/lib/python3.8/site-packages/airflow/example_dags/example_skip_dag.py for tasks to queue
[2025-05-07T20:01:52.707+0000] {logging_mixin.py:188} INFO - [2025-05-07T20:01:52.707+0000] {dagbag.py:538} INFO - Filling up the DagBag from /home/airflow/.local/lib/python3.8/site-packages/airflow/example_dags/example_skip_dag.py
[2025-05-07T20:01:52.715+0000] {processor.py:840} INFO - DAG(s) 'example_skip_dag' retrieved from /home/airflow/.local/lib/python3.8/site-packages/airflow/example_dags/example_skip_dag.py
[2025-05-07T20:01:52.738+0000] {logging_mixin.py:188} INFO - [2025-05-07T20:01:52.738+0000] {dag.py:3036} INFO - Sync 1 DAGs
[2025-05-07T20:01:52.759+0000] {logging_mixin.py:188} INFO - [2025-05-07T20:01:52.759+0000] {dag.py:3823} INFO - Setting next_dagrun for example_skip_dag to 2025-05-06 00:00:00+00:00, run_after=2025-05-07 00:00:00+00:00
[2025-05-07T20:01:52.782+0000] {processor.py:183} INFO - Processing /home/airflow/.local/lib/python3.8/site-packages/airflow/example_dags/example_skip_dag.py took 0.082 seconds
[2025-05-07T20:02:23.096+0000] {processor.py:161} INFO - Started process (PID=3336) to work on /home/airflow/.local/lib/python3.8/site-packages/airflow/example_dags/example_skip_dag.py
[2025-05-07T20:02:23.099+0000] {processor.py:830} INFO - Processing file /home/airflow/.local/lib/python3.8/site-packages/airflow/example_dags/example_skip_dag.py for tasks to queue
[2025-05-07T20:02:23.102+0000] {logging_mixin.py:188} INFO - [2025-05-07T20:02:23.102+0000] {dagbag.py:538} INFO - Filling up the DagBag from /home/airflow/.local/lib/python3.8/site-packages/airflow/example_dags/example_skip_dag.py
[2025-05-07T20:02:23.111+0000] {processor.py:840} INFO - DAG(s) 'example_skip_dag' retrieved from /home/airflow/.local/lib/python3.8/site-packages/airflow/example_dags/example_skip_dag.py
[2025-05-07T20:02:23.134+0000] {logging_mixin.py:188} INFO - [2025-05-07T20:02:23.134+0000] {dag.py:3036} INFO - Sync 1 DAGs
[2025-05-07T20:02:23.156+0000] {logging_mixin.py:188} INFO - [2025-05-07T20:02:23.156+0000] {dag.py:3823} INFO - Setting next_dagrun for example_skip_dag to 2025-05-06 00:00:00+00:00, run_after=2025-05-07 00:00:00+00:00
[2025-05-07T20:02:23.177+0000] {processor.py:183} INFO - Processing /home/airflow/.local/lib/python3.8/site-packages/airflow/example_dags/example_skip_dag.py took 0.085 seconds
[2025-05-07T20:02:53.719+0000] {processor.py:161} INFO - Started process (PID=3394) to work on /home/airflow/.local/lib/python3.8/site-packages/airflow/example_dags/example_skip_dag.py
[2025-05-07T20:02:53.722+0000] {processor.py:830} INFO - Processing file /home/airflow/.local/lib/python3.8/site-packages/airflow/example_dags/example_skip_dag.py for tasks to queue
[2025-05-07T20:02:53.725+0000] {logging_mixin.py:188} INFO - [2025-05-07T20:02:53.724+0000] {dagbag.py:538} INFO - Filling up the DagBag from /home/airflow/.local/lib/python3.8/site-packages/airflow/example_dags/example_skip_dag.py
[2025-05-07T20:02:53.738+0000] {processor.py:840} INFO - DAG(s) 'example_skip_dag' retrieved from /home/airflow/.local/lib/python3.8/site-packages/airflow/example_dags/example_skip_dag.py
[2025-05-07T20:02:53.766+0000] {logging_mixin.py:188} INFO - [2025-05-07T20:02:53.765+0000] {dag.py:3036} INFO - Sync 1 DAGs
[2025-05-07T20:02:53.792+0000] {logging_mixin.py:188} INFO - [2025-05-07T20:02:53.792+0000] {dag.py:3823} INFO - Setting next_dagrun for example_skip_dag to 2025-05-06 00:00:00+00:00, run_after=2025-05-07 00:00:00+00:00
[2025-05-07T20:02:53.820+0000] {processor.py:183} INFO - Processing /home/airflow/.local/lib/python3.8/site-packages/airflow/example_dags/example_skip_dag.py took 0.107 seconds
[2025-05-07T20:03:24.713+0000] {processor.py:161} INFO - Started process (PID=3451) to work on /home/airflow/.local/lib/python3.8/site-packages/airflow/example_dags/example_skip_dag.py
[2025-05-07T20:03:24.715+0000] {processor.py:830} INFO - Processing file /home/airflow/.local/lib/python3.8/site-packages/airflow/example_dags/example_skip_dag.py for tasks to queue
[2025-05-07T20:03:24.717+0000] {logging_mixin.py:188} INFO - [2025-05-07T20:03:24.716+0000] {dagbag.py:538} INFO - Filling up the DagBag from /home/airflow/.local/lib/python3.8/site-packages/airflow/example_dags/example_skip_dag.py
[2025-05-07T20:03:24.724+0000] {processor.py:840} INFO - DAG(s) 'example_skip_dag' retrieved from /home/airflow/.local/lib/python3.8/site-packages/airflow/example_dags/example_skip_dag.py
[2025-05-07T20:03:24.747+0000] {logging_mixin.py:188} INFO - [2025-05-07T20:03:24.746+0000] {dag.py:3036} INFO - Sync 1 DAGs
[2025-05-07T20:03:24.769+0000] {logging_mixin.py:188} INFO - [2025-05-07T20:03:24.769+0000] {dag.py:3823} INFO - Setting next_dagrun for example_skip_dag to 2025-05-06 00:00:00+00:00, run_after=2025-05-07 00:00:00+00:00
[2025-05-07T20:03:24.792+0000] {processor.py:183} INFO - Processing /home/airflow/.local/lib/python3.8/site-packages/airflow/example_dags/example_skip_dag.py took 0.082 seconds
[2025-05-07T20:03:55.057+0000] {processor.py:161} INFO - Started process (PID=3508) to work on /home/airflow/.local/lib/python3.8/site-packages/airflow/example_dags/example_skip_dag.py
[2025-05-07T20:03:55.058+0000] {processor.py:830} INFO - Processing file /home/airflow/.local/lib/python3.8/site-packages/airflow/example_dags/example_skip_dag.py for tasks to queue
[2025-05-07T20:03:55.061+0000] {logging_mixin.py:188} INFO - [2025-05-07T20:03:55.060+0000] {dagbag.py:538} INFO - Filling up the DagBag from /home/airflow/.local/lib/python3.8/site-packages/airflow/example_dags/example_skip_dag.py
[2025-05-07T20:03:55.067+0000] {processor.py:840} INFO - DAG(s) 'example_skip_dag' retrieved from /home/airflow/.local/lib/python3.8/site-packages/airflow/example_dags/example_skip_dag.py
[2025-05-07T20:03:55.087+0000] {logging_mixin.py:188} INFO - [2025-05-07T20:03:55.086+0000] {dag.py:3036} INFO - Sync 1 DAGs
[2025-05-07T20:03:55.107+0000] {logging_mixin.py:188} INFO - [2025-05-07T20:03:55.107+0000] {dag.py:3823} INFO - Setting next_dagrun for example_skip_dag to 2025-05-06 00:00:00+00:00, run_after=2025-05-07 00:00:00+00:00
[2025-05-07T20:03:55.128+0000] {processor.py:183} INFO - Processing /home/airflow/.local/lib/python3.8/site-packages/airflow/example_dags/example_skip_dag.py took 0.074 seconds
[2025-05-07T20:04:25.974+0000] {processor.py:161} INFO - Started process (PID=3565) to work on /home/airflow/.local/lib/python3.8/site-packages/airflow/example_dags/example_skip_dag.py
[2025-05-07T20:04:25.975+0000] {processor.py:830} INFO - Processing file /home/airflow/.local/lib/python3.8/site-packages/airflow/example_dags/example_skip_dag.py for tasks to queue
[2025-05-07T20:04:25.977+0000] {logging_mixin.py:188} INFO - [2025-05-07T20:04:25.977+0000] {dagbag.py:538} INFO - Filling up the DagBag from /home/airflow/.local/lib/python3.8/site-packages/airflow/example_dags/example_skip_dag.py
[2025-05-07T20:04:25.983+0000] {processor.py:840} INFO - DAG(s) 'example_skip_dag' retrieved from /home/airflow/.local/lib/python3.8/site-packages/airflow/example_dags/example_skip_dag.py
[2025-05-07T20:04:26.004+0000] {logging_mixin.py:188} INFO - [2025-05-07T20:04:26.004+0000] {dag.py:3036} INFO - Sync 1 DAGs
[2025-05-07T20:04:26.027+0000] {logging_mixin.py:188} INFO - [2025-05-07T20:04:26.027+0000] {dag.py:3823} INFO - Setting next_dagrun for example_skip_dag to 2025-05-06 00:00:00+00:00, run_after=2025-05-07 00:00:00+00:00
[2025-05-07T20:04:26.048+0000] {processor.py:183} INFO - Processing /home/airflow/.local/lib/python3.8/site-packages/airflow/example_dags/example_skip_dag.py took 0.077 seconds
[2025-05-07T20:04:56.268+0000] {processor.py:161} INFO - Started process (PID=3622) to work on /home/airflow/.local/lib/python3.8/site-packages/airflow/example_dags/example_skip_dag.py
[2025-05-07T20:04:56.269+0000] {processor.py:830} INFO - Processing file /home/airflow/.local/lib/python3.8/site-packages/airflow/example_dags/example_skip_dag.py for tasks to queue
[2025-05-07T20:04:56.271+0000] {logging_mixin.py:188} INFO - [2025-05-07T20:04:56.271+0000] {dagbag.py:538} INFO - Filling up the DagBag from /home/airflow/.local/lib/python3.8/site-packages/airflow/example_dags/example_skip_dag.py
[2025-05-07T20:04:56.278+0000] {processor.py:840} INFO - DAG(s) 'example_skip_dag' retrieved from /home/airflow/.local/lib/python3.8/site-packages/airflow/example_dags/example_skip_dag.py
[2025-05-07T20:04:56.298+0000] {logging_mixin.py:188} INFO - [2025-05-07T20:04:56.298+0000] {dag.py:3036} INFO - Sync 1 DAGs
[2025-05-07T20:04:56.320+0000] {logging_mixin.py:188} INFO - [2025-05-07T20:04:56.320+0000] {dag.py:3823} INFO - Setting next_dagrun for example_skip_dag to 2025-05-06 00:00:00+00:00, run_after=2025-05-07 00:00:00+00:00
[2025-05-07T20:04:56.340+0000] {processor.py:183} INFO - Processing /home/airflow/.local/lib/python3.8/site-packages/airflow/example_dags/example_skip_dag.py took 0.075 seconds
[2025-05-07T20:05:27.027+0000] {processor.py:161} INFO - Started process (PID=3679) to work on /home/airflow/.local/lib/python3.8/site-packages/airflow/example_dags/example_skip_dag.py
[2025-05-07T20:05:27.031+0000] {processor.py:830} INFO - Processing file /home/airflow/.local/lib/python3.8/site-packages/airflow/example_dags/example_skip_dag.py for tasks to queue
[2025-05-07T20:05:27.035+0000] {logging_mixin.py:188} INFO - [2025-05-07T20:05:27.035+0000] {dagbag.py:538} INFO - Filling up the DagBag from /home/airflow/.local/lib/python3.8/site-packages/airflow/example_dags/example_skip_dag.py
[2025-05-07T20:05:27.043+0000] {processor.py:840} INFO - DAG(s) 'example_skip_dag' retrieved from /home/airflow/.local/lib/python3.8/site-packages/airflow/example_dags/example_skip_dag.py
[2025-05-07T20:05:27.079+0000] {logging_mixin.py:188} INFO - [2025-05-07T20:05:27.079+0000] {dag.py:3036} INFO - Sync 1 DAGs
[2025-05-07T20:05:27.102+0000] {logging_mixin.py:188} INFO - [2025-05-07T20:05:27.102+0000] {dag.py:3823} INFO - Setting next_dagrun for example_skip_dag to 2025-05-06 00:00:00+00:00, run_after=2025-05-07 00:00:00+00:00
[2025-05-07T20:05:27.123+0000] {processor.py:183} INFO - Processing /home/airflow/.local/lib/python3.8/site-packages/airflow/example_dags/example_skip_dag.py took 0.101 seconds
[2025-05-07T20:05:57.640+0000] {processor.py:161} INFO - Started process (PID=3736) to work on /home/airflow/.local/lib/python3.8/site-packages/airflow/example_dags/example_skip_dag.py
[2025-05-07T20:05:57.642+0000] {processor.py:830} INFO - Processing file /home/airflow/.local/lib/python3.8/site-packages/airflow/example_dags/example_skip_dag.py for tasks to queue
[2025-05-07T20:05:57.644+0000] {logging_mixin.py:188} INFO - [2025-05-07T20:05:57.644+0000] {dagbag.py:538} INFO - Filling up the DagBag from /home/airflow/.local/lib/python3.8/site-packages/airflow/example_dags/example_skip_dag.py
[2025-05-07T20:05:57.651+0000] {processor.py:840} INFO - DAG(s) 'example_skip_dag' retrieved from /home/airflow/.local/lib/python3.8/site-packages/airflow/example_dags/example_skip_dag.py
[2025-05-07T20:05:57.673+0000] {logging_mixin.py:188} INFO - [2025-05-07T20:05:57.673+0000] {dag.py:3036} INFO - Sync 1 DAGs
[2025-05-07T20:05:57.696+0000] {logging_mixin.py:188} INFO - [2025-05-07T20:05:57.696+0000] {dag.py:3823} INFO - Setting next_dagrun for example_skip_dag to 2025-05-06 00:00:00+00:00, run_after=2025-05-07 00:00:00+00:00
[2025-05-07T20:05:57.719+0000] {processor.py:183} INFO - Processing /home/airflow/.local/lib/python3.8/site-packages/airflow/example_dags/example_skip_dag.py took 0.082 seconds
[2025-05-07T20:06:27.974+0000] {processor.py:161} INFO - Started process (PID=3793) to work on /home/airflow/.local/lib/python3.8/site-packages/airflow/example_dags/example_skip_dag.py
[2025-05-07T20:06:27.975+0000] {processor.py:830} INFO - Processing file /home/airflow/.local/lib/python3.8/site-packages/airflow/example_dags/example_skip_dag.py for tasks to queue
[2025-05-07T20:06:27.977+0000] {logging_mixin.py:188} INFO - [2025-05-07T20:06:27.977+0000] {dagbag.py:538} INFO - Filling up the DagBag from /home/airflow/.local/lib/python3.8/site-packages/airflow/example_dags/example_skip_dag.py
[2025-05-07T20:06:27.984+0000] {processor.py:840} INFO - DAG(s) 'example_skip_dag' retrieved from /home/airflow/.local/lib/python3.8/site-packages/airflow/example_dags/example_skip_dag.py
[2025-05-07T20:06:28.005+0000] {logging_mixin.py:188} INFO - [2025-05-07T20:06:28.005+0000] {dag.py:3036} INFO - Sync 1 DAGs
[2025-05-07T20:06:28.025+0000] {logging_mixin.py:188} INFO - [2025-05-07T20:06:28.025+0000] {dag.py:3823} INFO - Setting next_dagrun for example_skip_dag to 2025-05-06 00:00:00+00:00, run_after=2025-05-07 00:00:00+00:00
[2025-05-07T20:06:28.048+0000] {processor.py:183} INFO - Processing /home/airflow/.local/lib/python3.8/site-packages/airflow/example_dags/example_skip_dag.py took 0.077 seconds
[2025-05-07T20:06:58.502+0000] {processor.py:161} INFO - Started process (PID=3850) to work on /home/airflow/.local/lib/python3.8/site-packages/airflow/example_dags/example_skip_dag.py
[2025-05-07T20:06:58.505+0000] {processor.py:830} INFO - Processing file /home/airflow/.local/lib/python3.8/site-packages/airflow/example_dags/example_skip_dag.py for tasks to queue
[2025-05-07T20:06:58.509+0000] {logging_mixin.py:188} INFO - [2025-05-07T20:06:58.508+0000] {dagbag.py:538} INFO - Filling up the DagBag from /home/airflow/.local/lib/python3.8/site-packages/airflow/example_dags/example_skip_dag.py
[2025-05-07T20:06:58.523+0000] {processor.py:840} INFO - DAG(s) 'example_skip_dag' retrieved from /home/airflow/.local/lib/python3.8/site-packages/airflow/example_dags/example_skip_dag.py
[2025-05-07T20:06:58.553+0000] {logging_mixin.py:188} INFO - [2025-05-07T20:06:58.553+0000] {dag.py:3036} INFO - Sync 1 DAGs
[2025-05-07T20:06:58.574+0000] {logging_mixin.py:188} INFO - [2025-05-07T20:06:58.574+0000] {dag.py:3823} INFO - Setting next_dagrun for example_skip_dag to 2025-05-06 00:00:00+00:00, run_after=2025-05-07 00:00:00+00:00
[2025-05-07T20:06:58.595+0000] {processor.py:183} INFO - Processing /home/airflow/.local/lib/python3.8/site-packages/airflow/example_dags/example_skip_dag.py took 0.100 seconds
[2025-05-07T20:07:29.746+0000] {processor.py:161} INFO - Started process (PID=3907) to work on /home/airflow/.local/lib/python3.8/site-packages/airflow/example_dags/example_skip_dag.py
[2025-05-07T20:07:29.748+0000] {processor.py:830} INFO - Processing file /home/airflow/.local/lib/python3.8/site-packages/airflow/example_dags/example_skip_dag.py for tasks to queue
[2025-05-07T20:07:29.753+0000] {logging_mixin.py:188} INFO - [2025-05-07T20:07:29.752+0000] {dagbag.py:538} INFO - Filling up the DagBag from /home/airflow/.local/lib/python3.8/site-packages/airflow/example_dags/example_skip_dag.py
[2025-05-07T20:07:29.764+0000] {processor.py:840} INFO - DAG(s) 'example_skip_dag' retrieved from /home/airflow/.local/lib/python3.8/site-packages/airflow/example_dags/example_skip_dag.py
[2025-05-07T20:07:29.789+0000] {logging_mixin.py:188} INFO - [2025-05-07T20:07:29.788+0000] {dag.py:3036} INFO - Sync 1 DAGs
[2025-05-07T20:07:29.812+0000] {logging_mixin.py:188} INFO - [2025-05-07T20:07:29.812+0000] {dag.py:3823} INFO - Setting next_dagrun for example_skip_dag to 2025-05-06 00:00:00+00:00, run_after=2025-05-07 00:00:00+00:00
[2025-05-07T20:07:29.836+0000] {processor.py:183} INFO - Processing /home/airflow/.local/lib/python3.8/site-packages/airflow/example_dags/example_skip_dag.py took 0.096 seconds
[2025-05-07T20:07:59.977+0000] {processor.py:161} INFO - Started process (PID=3964) to work on /home/airflow/.local/lib/python3.8/site-packages/airflow/example_dags/example_skip_dag.py
[2025-05-07T20:07:59.979+0000] {processor.py:830} INFO - Processing file /home/airflow/.local/lib/python3.8/site-packages/airflow/example_dags/example_skip_dag.py for tasks to queue
[2025-05-07T20:07:59.981+0000] {logging_mixin.py:188} INFO - [2025-05-07T20:07:59.981+0000] {dagbag.py:538} INFO - Filling up the DagBag from /home/airflow/.local/lib/python3.8/site-packages/airflow/example_dags/example_skip_dag.py
[2025-05-07T20:07:59.989+0000] {processor.py:840} INFO - DAG(s) 'example_skip_dag' retrieved from /home/airflow/.local/lib/python3.8/site-packages/airflow/example_dags/example_skip_dag.py
[2025-05-07T20:08:00.013+0000] {logging_mixin.py:188} INFO - [2025-05-07T20:08:00.013+0000] {dag.py:3036} INFO - Sync 1 DAGs
[2025-05-07T20:08:00.041+0000] {logging_mixin.py:188} INFO - [2025-05-07T20:08:00.041+0000] {dag.py:3823} INFO - Setting next_dagrun for example_skip_dag to 2025-05-06 00:00:00+00:00, run_after=2025-05-07 00:00:00+00:00
[2025-05-07T20:08:00.064+0000] {processor.py:183} INFO - Processing /home/airflow/.local/lib/python3.8/site-packages/airflow/example_dags/example_skip_dag.py took 0.090 seconds
[2025-05-07T20:08:31.238+0000] {processor.py:161} INFO - Started process (PID=4021) to work on /home/airflow/.local/lib/python3.8/site-packages/airflow/example_dags/example_skip_dag.py
[2025-05-07T20:08:31.241+0000] {processor.py:830} INFO - Processing file /home/airflow/.local/lib/python3.8/site-packages/airflow/example_dags/example_skip_dag.py for tasks to queue
[2025-05-07T20:08:31.248+0000] {logging_mixin.py:188} INFO - [2025-05-07T20:08:31.247+0000] {dagbag.py:538} INFO - Filling up the DagBag from /home/airflow/.local/lib/python3.8/site-packages/airflow/example_dags/example_skip_dag.py
[2025-05-07T20:08:31.270+0000] {processor.py:840} INFO - DAG(s) 'example_skip_dag' retrieved from /home/airflow/.local/lib/python3.8/site-packages/airflow/example_dags/example_skip_dag.py
[2025-05-07T20:08:31.298+0000] {logging_mixin.py:188} INFO - [2025-05-07T20:08:31.298+0000] {dag.py:3036} INFO - Sync 1 DAGs
[2025-05-07T20:08:31.320+0000] {logging_mixin.py:188} INFO - [2025-05-07T20:08:31.319+0000] {dag.py:3823} INFO - Setting next_dagrun for example_skip_dag to 2025-05-06 00:00:00+00:00, run_after=2025-05-07 00:00:00+00:00
[2025-05-07T20:08:31.339+0000] {processor.py:183} INFO - Processing /home/airflow/.local/lib/python3.8/site-packages/airflow/example_dags/example_skip_dag.py took 0.115 seconds
[2025-05-07T20:09:02.156+0000] {processor.py:161} INFO - Started process (PID=4078) to work on /home/airflow/.local/lib/python3.8/site-packages/airflow/example_dags/example_skip_dag.py
[2025-05-07T20:09:02.157+0000] {processor.py:830} INFO - Processing file /home/airflow/.local/lib/python3.8/site-packages/airflow/example_dags/example_skip_dag.py for tasks to queue
[2025-05-07T20:09:02.160+0000] {logging_mixin.py:188} INFO - [2025-05-07T20:09:02.160+0000] {dagbag.py:538} INFO - Filling up the DagBag from /home/airflow/.local/lib/python3.8/site-packages/airflow/example_dags/example_skip_dag.py
[2025-05-07T20:09:02.168+0000] {processor.py:840} INFO - DAG(s) 'example_skip_dag' retrieved from /home/airflow/.local/lib/python3.8/site-packages/airflow/example_dags/example_skip_dag.py
[2025-05-07T20:09:02.195+0000] {logging_mixin.py:188} INFO - [2025-05-07T20:09:02.195+0000] {dag.py:3036} INFO - Sync 1 DAGs
[2025-05-07T20:09:02.218+0000] {logging_mixin.py:188} INFO - [2025-05-07T20:09:02.217+0000] {dag.py:3823} INFO - Setting next_dagrun for example_skip_dag to 2025-05-06 00:00:00+00:00, run_after=2025-05-07 00:00:00+00:00
[2025-05-07T20:09:02.243+0000] {processor.py:183} INFO - Processing /home/airflow/.local/lib/python3.8/site-packages/airflow/example_dags/example_skip_dag.py took 0.091 seconds
[2025-05-07T20:09:32.494+0000] {processor.py:161} INFO - Started process (PID=4135) to work on /home/airflow/.local/lib/python3.8/site-packages/airflow/example_dags/example_skip_dag.py
[2025-05-07T20:09:32.496+0000] {processor.py:830} INFO - Processing file /home/airflow/.local/lib/python3.8/site-packages/airflow/example_dags/example_skip_dag.py for tasks to queue
[2025-05-07T20:09:32.499+0000] {logging_mixin.py:188} INFO - [2025-05-07T20:09:32.498+0000] {dagbag.py:538} INFO - Filling up the DagBag from /home/airflow/.local/lib/python3.8/site-packages/airflow/example_dags/example_skip_dag.py
[2025-05-07T20:09:32.509+0000] {processor.py:840} INFO - DAG(s) 'example_skip_dag' retrieved from /home/airflow/.local/lib/python3.8/site-packages/airflow/example_dags/example_skip_dag.py
[2025-05-07T20:09:32.538+0000] {logging_mixin.py:188} INFO - [2025-05-07T20:09:32.538+0000] {dag.py:3036} INFO - Sync 1 DAGs
[2025-05-07T20:09:32.568+0000] {logging_mixin.py:188} INFO - [2025-05-07T20:09:32.568+0000] {dag.py:3823} INFO - Setting next_dagrun for example_skip_dag to 2025-05-06 00:00:00+00:00, run_after=2025-05-07 00:00:00+00:00
[2025-05-07T20:09:32.596+0000] {processor.py:183} INFO - Processing /home/airflow/.local/lib/python3.8/site-packages/airflow/example_dags/example_skip_dag.py took 0.106 seconds
[2025-05-07T20:10:03.371+0000] {processor.py:161} INFO - Started process (PID=4192) to work on /home/airflow/.local/lib/python3.8/site-packages/airflow/example_dags/example_skip_dag.py
[2025-05-07T20:10:03.373+0000] {processor.py:830} INFO - Processing file /home/airflow/.local/lib/python3.8/site-packages/airflow/example_dags/example_skip_dag.py for tasks to queue
[2025-05-07T20:10:03.378+0000] {logging_mixin.py:188} INFO - [2025-05-07T20:10:03.377+0000] {dagbag.py:538} INFO - Filling up the DagBag from /home/airflow/.local/lib/python3.8/site-packages/airflow/example_dags/example_skip_dag.py
[2025-05-07T20:10:03.394+0000] {processor.py:840} INFO - DAG(s) 'example_skip_dag' retrieved from /home/airflow/.local/lib/python3.8/site-packages/airflow/example_dags/example_skip_dag.py
[2025-05-07T20:10:03.425+0000] {logging_mixin.py:188} INFO - [2025-05-07T20:10:03.424+0000] {dag.py:3036} INFO - Sync 1 DAGs
[2025-05-07T20:10:03.450+0000] {logging_mixin.py:188} INFO - [2025-05-07T20:10:03.450+0000] {dag.py:3823} INFO - Setting next_dagrun for example_skip_dag to 2025-05-06 00:00:00+00:00, run_after=2025-05-07 00:00:00+00:00
[2025-05-07T20:10:03.478+0000] {processor.py:183} INFO - Processing /home/airflow/.local/lib/python3.8/site-packages/airflow/example_dags/example_skip_dag.py took 0.111 seconds
[2025-05-07T20:10:33.716+0000] {processor.py:161} INFO - Started process (PID=4249) to work on /home/airflow/.local/lib/python3.8/site-packages/airflow/example_dags/example_skip_dag.py
[2025-05-07T20:10:33.719+0000] {processor.py:830} INFO - Processing file /home/airflow/.local/lib/python3.8/site-packages/airflow/example_dags/example_skip_dag.py for tasks to queue
[2025-05-07T20:10:33.721+0000] {logging_mixin.py:188} INFO - [2025-05-07T20:10:33.721+0000] {dagbag.py:538} INFO - Filling up the DagBag from /home/airflow/.local/lib/python3.8/site-packages/airflow/example_dags/example_skip_dag.py
[2025-05-07T20:10:33.728+0000] {processor.py:840} INFO - DAG(s) 'example_skip_dag' retrieved from /home/airflow/.local/lib/python3.8/site-packages/airflow/example_dags/example_skip_dag.py
[2025-05-07T20:10:33.751+0000] {logging_mixin.py:188} INFO - [2025-05-07T20:10:33.750+0000] {dag.py:3036} INFO - Sync 1 DAGs
[2025-05-07T20:10:33.774+0000] {logging_mixin.py:188} INFO - [2025-05-07T20:10:33.773+0000] {dag.py:3823} INFO - Setting next_dagrun for example_skip_dag to 2025-05-06 00:00:00+00:00, run_after=2025-05-07 00:00:00+00:00
[2025-05-07T20:10:33.801+0000] {processor.py:183} INFO - Processing /home/airflow/.local/lib/python3.8/site-packages/airflow/example_dags/example_skip_dag.py took 0.087 seconds
[2025-05-07T20:11:04.256+0000] {processor.py:161} INFO - Started process (PID=4306) to work on /home/airflow/.local/lib/python3.8/site-packages/airflow/example_dags/example_skip_dag.py
[2025-05-07T20:11:04.260+0000] {processor.py:830} INFO - Processing file /home/airflow/.local/lib/python3.8/site-packages/airflow/example_dags/example_skip_dag.py for tasks to queue
[2025-05-07T20:11:04.267+0000] {logging_mixin.py:188} INFO - [2025-05-07T20:11:04.267+0000] {dagbag.py:538} INFO - Filling up the DagBag from /home/airflow/.local/lib/python3.8/site-packages/airflow/example_dags/example_skip_dag.py
[2025-05-07T20:11:04.281+0000] {processor.py:840} INFO - DAG(s) 'example_skip_dag' retrieved from /home/airflow/.local/lib/python3.8/site-packages/airflow/example_dags/example_skip_dag.py
[2025-05-07T20:11:04.310+0000] {logging_mixin.py:188} INFO - [2025-05-07T20:11:04.310+0000] {dag.py:3036} INFO - Sync 1 DAGs
[2025-05-07T20:11:04.333+0000] {logging_mixin.py:188} INFO - [2025-05-07T20:11:04.333+0000] {dag.py:3823} INFO - Setting next_dagrun for example_skip_dag to 2025-05-06 00:00:00+00:00, run_after=2025-05-07 00:00:00+00:00
[2025-05-07T20:11:04.357+0000] {processor.py:183} INFO - Processing /home/airflow/.local/lib/python3.8/site-packages/airflow/example_dags/example_skip_dag.py took 0.107 seconds
[2025-05-07T20:11:34.552+0000] {processor.py:161} INFO - Started process (PID=4363) to work on /home/airflow/.local/lib/python3.8/site-packages/airflow/example_dags/example_skip_dag.py
[2025-05-07T20:11:34.556+0000] {processor.py:830} INFO - Processing file /home/airflow/.local/lib/python3.8/site-packages/airflow/example_dags/example_skip_dag.py for tasks to queue
[2025-05-07T20:11:34.561+0000] {logging_mixin.py:188} INFO - [2025-05-07T20:11:34.561+0000] {dagbag.py:538} INFO - Filling up the DagBag from /home/airflow/.local/lib/python3.8/site-packages/airflow/example_dags/example_skip_dag.py
[2025-05-07T20:11:34.574+0000] {processor.py:840} INFO - DAG(s) 'example_skip_dag' retrieved from /home/airflow/.local/lib/python3.8/site-packages/airflow/example_dags/example_skip_dag.py
[2025-05-07T20:11:34.601+0000] {logging_mixin.py:188} INFO - [2025-05-07T20:11:34.601+0000] {dag.py:3036} INFO - Sync 1 DAGs
[2025-05-07T20:11:34.624+0000] {logging_mixin.py:188} INFO - [2025-05-07T20:11:34.624+0000] {dag.py:3823} INFO - Setting next_dagrun for example_skip_dag to 2025-05-06 00:00:00+00:00, run_after=2025-05-07 00:00:00+00:00
[2025-05-07T20:11:34.648+0000] {processor.py:183} INFO - Processing /home/airflow/.local/lib/python3.8/site-packages/airflow/example_dags/example_skip_dag.py took 0.103 seconds
[2025-05-07T20:12:04.813+0000] {processor.py:161} INFO - Started process (PID=4420) to work on /home/airflow/.local/lib/python3.8/site-packages/airflow/example_dags/example_skip_dag.py
[2025-05-07T20:12:04.815+0000] {processor.py:830} INFO - Processing file /home/airflow/.local/lib/python3.8/site-packages/airflow/example_dags/example_skip_dag.py for tasks to queue
[2025-05-07T20:12:04.818+0000] {logging_mixin.py:188} INFO - [2025-05-07T20:12:04.818+0000] {dagbag.py:538} INFO - Filling up the DagBag from /home/airflow/.local/lib/python3.8/site-packages/airflow/example_dags/example_skip_dag.py
[2025-05-07T20:12:04.827+0000] {processor.py:840} INFO - DAG(s) 'example_skip_dag' retrieved from /home/airflow/.local/lib/python3.8/site-packages/airflow/example_dags/example_skip_dag.py
[2025-05-07T20:12:04.850+0000] {logging_mixin.py:188} INFO - [2025-05-07T20:12:04.850+0000] {dag.py:3036} INFO - Sync 1 DAGs
[2025-05-07T20:12:04.871+0000] {logging_mixin.py:188} INFO - [2025-05-07T20:12:04.871+0000] {dag.py:3823} INFO - Setting next_dagrun for example_skip_dag to 2025-05-06 00:00:00+00:00, run_after=2025-05-07 00:00:00+00:00
[2025-05-07T20:12:04.895+0000] {processor.py:183} INFO - Processing /home/airflow/.local/lib/python3.8/site-packages/airflow/example_dags/example_skip_dag.py took 0.088 seconds
[2025-05-07T20:12:35.150+0000] {processor.py:161} INFO - Started process (PID=4477) to work on /home/airflow/.local/lib/python3.8/site-packages/airflow/example_dags/example_skip_dag.py
[2025-05-07T20:12:35.154+0000] {processor.py:830} INFO - Processing file /home/airflow/.local/lib/python3.8/site-packages/airflow/example_dags/example_skip_dag.py for tasks to queue
[2025-05-07T20:12:35.159+0000] {logging_mixin.py:188} INFO - [2025-05-07T20:12:35.159+0000] {dagbag.py:538} INFO - Filling up the DagBag from /home/airflow/.local/lib/python3.8/site-packages/airflow/example_dags/example_skip_dag.py
[2025-05-07T20:12:35.175+0000] {processor.py:840} INFO - DAG(s) 'example_skip_dag' retrieved from /home/airflow/.local/lib/python3.8/site-packages/airflow/example_dags/example_skip_dag.py
[2025-05-07T20:12:35.204+0000] {logging_mixin.py:188} INFO - [2025-05-07T20:12:35.204+0000] {dag.py:3036} INFO - Sync 1 DAGs
[2025-05-07T20:12:35.228+0000] {logging_mixin.py:188} INFO - [2025-05-07T20:12:35.228+0000] {dag.py:3823} INFO - Setting next_dagrun for example_skip_dag to 2025-05-06 00:00:00+00:00, run_after=2025-05-07 00:00:00+00:00
[2025-05-07T20:12:35.254+0000] {processor.py:183} INFO - Processing /home/airflow/.local/lib/python3.8/site-packages/airflow/example_dags/example_skip_dag.py took 0.110 seconds
[2025-05-07T20:13:06.077+0000] {processor.py:161} INFO - Started process (PID=4534) to work on /home/airflow/.local/lib/python3.8/site-packages/airflow/example_dags/example_skip_dag.py
[2025-05-07T20:13:06.079+0000] {processor.py:830} INFO - Processing file /home/airflow/.local/lib/python3.8/site-packages/airflow/example_dags/example_skip_dag.py for tasks to queue
[2025-05-07T20:13:06.081+0000] {logging_mixin.py:188} INFO - [2025-05-07T20:13:06.081+0000] {dagbag.py:538} INFO - Filling up the DagBag from /home/airflow/.local/lib/python3.8/site-packages/airflow/example_dags/example_skip_dag.py
[2025-05-07T20:13:06.089+0000] {processor.py:840} INFO - DAG(s) 'example_skip_dag' retrieved from /home/airflow/.local/lib/python3.8/site-packages/airflow/example_dags/example_skip_dag.py
[2025-05-07T20:13:06.112+0000] {logging_mixin.py:188} INFO - [2025-05-07T20:13:06.112+0000] {dag.py:3036} INFO - Sync 1 DAGs
[2025-05-07T20:13:06.147+0000] {logging_mixin.py:188} INFO - [2025-05-07T20:13:06.146+0000] {dag.py:3823} INFO - Setting next_dagrun for example_skip_dag to 2025-05-06 00:00:00+00:00, run_after=2025-05-07 00:00:00+00:00
[2025-05-07T20:13:06.178+0000] {processor.py:183} INFO - Processing /home/airflow/.local/lib/python3.8/site-packages/airflow/example_dags/example_skip_dag.py took 0.105 seconds
[2025-05-07T20:13:37.170+0000] {processor.py:161} INFO - Started process (PID=4591) to work on /home/airflow/.local/lib/python3.8/site-packages/airflow/example_dags/example_skip_dag.py
[2025-05-07T20:13:37.172+0000] {processor.py:830} INFO - Processing file /home/airflow/.local/lib/python3.8/site-packages/airflow/example_dags/example_skip_dag.py for tasks to queue
[2025-05-07T20:13:37.175+0000] {logging_mixin.py:188} INFO - [2025-05-07T20:13:37.175+0000] {dagbag.py:538} INFO - Filling up the DagBag from /home/airflow/.local/lib/python3.8/site-packages/airflow/example_dags/example_skip_dag.py
[2025-05-07T20:13:37.182+0000] {processor.py:840} INFO - DAG(s) 'example_skip_dag' retrieved from /home/airflow/.local/lib/python3.8/site-packages/airflow/example_dags/example_skip_dag.py
[2025-05-07T20:13:37.205+0000] {logging_mixin.py:188} INFO - [2025-05-07T20:13:37.205+0000] {dag.py:3036} INFO - Sync 1 DAGs
[2025-05-07T20:13:37.226+0000] {logging_mixin.py:188} INFO - [2025-05-07T20:13:37.226+0000] {dag.py:3823} INFO - Setting next_dagrun for example_skip_dag to 2025-05-06 00:00:00+00:00, run_after=2025-05-07 00:00:00+00:00
[2025-05-07T20:13:37.249+0000] {processor.py:183} INFO - Processing /home/airflow/.local/lib/python3.8/site-packages/airflow/example_dags/example_skip_dag.py took 0.083 seconds
[2025-05-07T20:14:07.780+0000] {processor.py:161} INFO - Started process (PID=4648) to work on /home/airflow/.local/lib/python3.8/site-packages/airflow/example_dags/example_skip_dag.py
[2025-05-07T20:14:07.783+0000] {processor.py:830} INFO - Processing file /home/airflow/.local/lib/python3.8/site-packages/airflow/example_dags/example_skip_dag.py for tasks to queue
[2025-05-07T20:14:07.785+0000] {logging_mixin.py:188} INFO - [2025-05-07T20:14:07.785+0000] {dagbag.py:538} INFO - Filling up the DagBag from /home/airflow/.local/lib/python3.8/site-packages/airflow/example_dags/example_skip_dag.py
[2025-05-07T20:14:07.794+0000] {processor.py:840} INFO - DAG(s) 'example_skip_dag' retrieved from /home/airflow/.local/lib/python3.8/site-packages/airflow/example_dags/example_skip_dag.py
[2025-05-07T20:14:07.827+0000] {logging_mixin.py:188} INFO - [2025-05-07T20:14:07.827+0000] {dag.py:3036} INFO - Sync 1 DAGs
[2025-05-07T20:14:07.859+0000] {logging_mixin.py:188} INFO - [2025-05-07T20:14:07.859+0000] {dag.py:3823} INFO - Setting next_dagrun for example_skip_dag to 2025-05-06 00:00:00+00:00, run_after=2025-05-07 00:00:00+00:00
[2025-05-07T20:14:07.883+0000] {processor.py:183} INFO - Processing /home/airflow/.local/lib/python3.8/site-packages/airflow/example_dags/example_skip_dag.py took 0.106 seconds
[2025-05-07T20:14:38.494+0000] {processor.py:161} INFO - Started process (PID=4705) to work on /home/airflow/.local/lib/python3.8/site-packages/airflow/example_dags/example_skip_dag.py
[2025-05-07T20:14:38.496+0000] {processor.py:830} INFO - Processing file /home/airflow/.local/lib/python3.8/site-packages/airflow/example_dags/example_skip_dag.py for tasks to queue
[2025-05-07T20:14:38.498+0000] {logging_mixin.py:188} INFO - [2025-05-07T20:14:38.498+0000] {dagbag.py:538} INFO - Filling up the DagBag from /home/airflow/.local/lib/python3.8/site-packages/airflow/example_dags/example_skip_dag.py
[2025-05-07T20:14:38.505+0000] {processor.py:840} INFO - DAG(s) 'example_skip_dag' retrieved from /home/airflow/.local/lib/python3.8/site-packages/airflow/example_dags/example_skip_dag.py
[2025-05-07T20:14:38.527+0000] {logging_mixin.py:188} INFO - [2025-05-07T20:14:38.527+0000] {dag.py:3036} INFO - Sync 1 DAGs
[2025-05-07T20:14:38.548+0000] {logging_mixin.py:188} INFO - [2025-05-07T20:14:38.548+0000] {dag.py:3823} INFO - Setting next_dagrun for example_skip_dag to 2025-05-06 00:00:00+00:00, run_after=2025-05-07 00:00:00+00:00
[2025-05-07T20:14:38.568+0000] {processor.py:183} INFO - Processing /home/airflow/.local/lib/python3.8/site-packages/airflow/example_dags/example_skip_dag.py took 0.078 seconds
[2025-05-07T20:15:08.934+0000] {processor.py:161} INFO - Started process (PID=4762) to work on /home/airflow/.local/lib/python3.8/site-packages/airflow/example_dags/example_skip_dag.py
[2025-05-07T20:15:08.937+0000] {processor.py:830} INFO - Processing file /home/airflow/.local/lib/python3.8/site-packages/airflow/example_dags/example_skip_dag.py for tasks to queue
[2025-05-07T20:15:08.941+0000] {logging_mixin.py:188} INFO - [2025-05-07T20:15:08.941+0000] {dagbag.py:538} INFO - Filling up the DagBag from /home/airflow/.local/lib/python3.8/site-packages/airflow/example_dags/example_skip_dag.py
[2025-05-07T20:15:08.951+0000] {processor.py:840} INFO - DAG(s) 'example_skip_dag' retrieved from /home/airflow/.local/lib/python3.8/site-packages/airflow/example_dags/example_skip_dag.py
[2025-05-07T20:15:08.981+0000] {logging_mixin.py:188} INFO - [2025-05-07T20:15:08.980+0000] {dag.py:3036} INFO - Sync 1 DAGs
[2025-05-07T20:15:09.009+0000] {logging_mixin.py:188} INFO - [2025-05-07T20:15:09.009+0000] {dag.py:3823} INFO - Setting next_dagrun for example_skip_dag to 2025-05-06 00:00:00+00:00, run_after=2025-05-07 00:00:00+00:00
[2025-05-07T20:15:09.035+0000] {processor.py:183} INFO - Processing /home/airflow/.local/lib/python3.8/site-packages/airflow/example_dags/example_skip_dag.py took 0.106 seconds
[2025-05-07T20:15:39.755+0000] {processor.py:161} INFO - Started process (PID=4819) to work on /home/airflow/.local/lib/python3.8/site-packages/airflow/example_dags/example_skip_dag.py
[2025-05-07T20:15:39.756+0000] {processor.py:830} INFO - Processing file /home/airflow/.local/lib/python3.8/site-packages/airflow/example_dags/example_skip_dag.py for tasks to queue
[2025-05-07T20:15:39.759+0000] {logging_mixin.py:188} INFO - [2025-05-07T20:15:39.758+0000] {dagbag.py:538} INFO - Filling up the DagBag from /home/airflow/.local/lib/python3.8/site-packages/airflow/example_dags/example_skip_dag.py
[2025-05-07T20:15:39.767+0000] {processor.py:840} INFO - DAG(s) 'example_skip_dag' retrieved from /home/airflow/.local/lib/python3.8/site-packages/airflow/example_dags/example_skip_dag.py
[2025-05-07T20:15:39.794+0000] {logging_mixin.py:188} INFO - [2025-05-07T20:15:39.793+0000] {dag.py:3036} INFO - Sync 1 DAGs
[2025-05-07T20:15:39.821+0000] {logging_mixin.py:188} INFO - [2025-05-07T20:15:39.821+0000] {dag.py:3823} INFO - Setting next_dagrun for example_skip_dag to 2025-05-06 00:00:00+00:00, run_after=2025-05-07 00:00:00+00:00
[2025-05-07T20:15:39.850+0000] {processor.py:183} INFO - Processing /home/airflow/.local/lib/python3.8/site-packages/airflow/example_dags/example_skip_dag.py took 0.099 seconds
[2025-05-07T20:16:10.237+0000] {processor.py:161} INFO - Started process (PID=4876) to work on /home/airflow/.local/lib/python3.8/site-packages/airflow/example_dags/example_skip_dag.py
[2025-05-07T20:16:10.240+0000] {processor.py:830} INFO - Processing file /home/airflow/.local/lib/python3.8/site-packages/airflow/example_dags/example_skip_dag.py for tasks to queue
[2025-05-07T20:16:10.245+0000] {logging_mixin.py:188} INFO - [2025-05-07T20:16:10.244+0000] {dagbag.py:538} INFO - Filling up the DagBag from /home/airflow/.local/lib/python3.8/site-packages/airflow/example_dags/example_skip_dag.py
[2025-05-07T20:16:10.261+0000] {processor.py:840} INFO - DAG(s) 'example_skip_dag' retrieved from /home/airflow/.local/lib/python3.8/site-packages/airflow/example_dags/example_skip_dag.py
[2025-05-07T20:16:10.297+0000] {logging_mixin.py:188} INFO - [2025-05-07T20:16:10.297+0000] {dag.py:3036} INFO - Sync 1 DAGs
[2025-05-07T20:16:10.324+0000] {logging_mixin.py:188} INFO - [2025-05-07T20:16:10.323+0000] {dag.py:3823} INFO - Setting next_dagrun for example_skip_dag to 2025-05-06 00:00:00+00:00, run_after=2025-05-07 00:00:00+00:00
[2025-05-07T20:16:10.350+0000] {processor.py:183} INFO - Processing /home/airflow/.local/lib/python3.8/site-packages/airflow/example_dags/example_skip_dag.py took 0.121 seconds
[2025-05-07T20:16:40.536+0000] {processor.py:161} INFO - Started process (PID=4933) to work on /home/airflow/.local/lib/python3.8/site-packages/airflow/example_dags/example_skip_dag.py
[2025-05-07T20:16:40.539+0000] {processor.py:830} INFO - Processing file /home/airflow/.local/lib/python3.8/site-packages/airflow/example_dags/example_skip_dag.py for tasks to queue
[2025-05-07T20:16:40.542+0000] {logging_mixin.py:188} INFO - [2025-05-07T20:16:40.541+0000] {dagbag.py:538} INFO - Filling up the DagBag from /home/airflow/.local/lib/python3.8/site-packages/airflow/example_dags/example_skip_dag.py
[2025-05-07T20:16:40.551+0000] {processor.py:840} INFO - DAG(s) 'example_skip_dag' retrieved from /home/airflow/.local/lib/python3.8/site-packages/airflow/example_dags/example_skip_dag.py
[2025-05-07T20:16:40.590+0000] {logging_mixin.py:188} INFO - [2025-05-07T20:16:40.590+0000] {dag.py:3036} INFO - Sync 1 DAGs
[2025-05-07T20:16:40.623+0000] {logging_mixin.py:188} INFO - [2025-05-07T20:16:40.623+0000] {dag.py:3823} INFO - Setting next_dagrun for example_skip_dag to 2025-05-06 00:00:00+00:00, run_after=2025-05-07 00:00:00+00:00
[2025-05-07T20:16:40.652+0000] {processor.py:183} INFO - Processing /home/airflow/.local/lib/python3.8/site-packages/airflow/example_dags/example_skip_dag.py took 0.122 seconds
[2025-05-07T20:17:11.534+0000] {processor.py:161} INFO - Started process (PID=4990) to work on /home/airflow/.local/lib/python3.8/site-packages/airflow/example_dags/example_skip_dag.py
[2025-05-07T20:17:11.537+0000] {processor.py:830} INFO - Processing file /home/airflow/.local/lib/python3.8/site-packages/airflow/example_dags/example_skip_dag.py for tasks to queue
[2025-05-07T20:17:11.539+0000] {logging_mixin.py:188} INFO - [2025-05-07T20:17:11.539+0000] {dagbag.py:538} INFO - Filling up the DagBag from /home/airflow/.local/lib/python3.8/site-packages/airflow/example_dags/example_skip_dag.py
[2025-05-07T20:17:11.549+0000] {processor.py:840} INFO - DAG(s) 'example_skip_dag' retrieved from /home/airflow/.local/lib/python3.8/site-packages/airflow/example_dags/example_skip_dag.py
[2025-05-07T20:17:11.579+0000] {logging_mixin.py:188} INFO - [2025-05-07T20:17:11.579+0000] {dag.py:3036} INFO - Sync 1 DAGs
[2025-05-07T20:17:11.609+0000] {logging_mixin.py:188} INFO - [2025-05-07T20:17:11.608+0000] {dag.py:3823} INFO - Setting next_dagrun for example_skip_dag to 2025-05-06 00:00:00+00:00, run_after=2025-05-07 00:00:00+00:00
[2025-05-07T20:17:11.635+0000] {processor.py:183} INFO - Processing /home/airflow/.local/lib/python3.8/site-packages/airflow/example_dags/example_skip_dag.py took 0.105 seconds
[2025-05-07T20:17:42.177+0000] {processor.py:161} INFO - Started process (PID=5047) to work on /home/airflow/.local/lib/python3.8/site-packages/airflow/example_dags/example_skip_dag.py
[2025-05-07T20:17:42.179+0000] {processor.py:830} INFO - Processing file /home/airflow/.local/lib/python3.8/site-packages/airflow/example_dags/example_skip_dag.py for tasks to queue
[2025-05-07T20:17:42.182+0000] {logging_mixin.py:188} INFO - [2025-05-07T20:17:42.181+0000] {dagbag.py:538} INFO - Filling up the DagBag from /home/airflow/.local/lib/python3.8/site-packages/airflow/example_dags/example_skip_dag.py
[2025-05-07T20:17:42.192+0000] {processor.py:840} INFO - DAG(s) 'example_skip_dag' retrieved from /home/airflow/.local/lib/python3.8/site-packages/airflow/example_dags/example_skip_dag.py
[2025-05-07T20:17:42.225+0000] {logging_mixin.py:188} INFO - [2025-05-07T20:17:42.225+0000] {dag.py:3036} INFO - Sync 1 DAGs
[2025-05-07T20:17:42.253+0000] {logging_mixin.py:188} INFO - [2025-05-07T20:17:42.253+0000] {dag.py:3823} INFO - Setting next_dagrun for example_skip_dag to 2025-05-06 00:00:00+00:00, run_after=2025-05-07 00:00:00+00:00
[2025-05-07T20:17:42.281+0000] {processor.py:183} INFO - Processing /home/airflow/.local/lib/python3.8/site-packages/airflow/example_dags/example_skip_dag.py took 0.109 seconds
[2025-05-07T20:18:12.471+0000] {processor.py:161} INFO - Started process (PID=5105) to work on /home/airflow/.local/lib/python3.8/site-packages/airflow/example_dags/example_skip_dag.py
[2025-05-07T20:18:12.474+0000] {processor.py:830} INFO - Processing file /home/airflow/.local/lib/python3.8/site-packages/airflow/example_dags/example_skip_dag.py for tasks to queue
[2025-05-07T20:18:12.481+0000] {logging_mixin.py:188} INFO - [2025-05-07T20:18:12.480+0000] {dagbag.py:538} INFO - Filling up the DagBag from /home/airflow/.local/lib/python3.8/site-packages/airflow/example_dags/example_skip_dag.py
[2025-05-07T20:18:12.497+0000] {processor.py:840} INFO - DAG(s) 'example_skip_dag' retrieved from /home/airflow/.local/lib/python3.8/site-packages/airflow/example_dags/example_skip_dag.py
[2025-05-07T20:18:12.548+0000] {logging_mixin.py:188} INFO - [2025-05-07T20:18:12.548+0000] {dag.py:3036} INFO - Sync 1 DAGs
[2025-05-07T20:18:12.584+0000] {logging_mixin.py:188} INFO - [2025-05-07T20:18:12.584+0000] {dag.py:3823} INFO - Setting next_dagrun for example_skip_dag to 2025-05-06 00:00:00+00:00, run_after=2025-05-07 00:00:00+00:00
[2025-05-07T20:18:12.639+0000] {processor.py:183} INFO - Processing /home/airflow/.local/lib/python3.8/site-packages/airflow/example_dags/example_skip_dag.py took 0.175 seconds
[2025-05-07T20:18:43.256+0000] {processor.py:161} INFO - Started process (PID=5161) to work on /home/airflow/.local/lib/python3.8/site-packages/airflow/example_dags/example_skip_dag.py
[2025-05-07T20:18:43.258+0000] {processor.py:830} INFO - Processing file /home/airflow/.local/lib/python3.8/site-packages/airflow/example_dags/example_skip_dag.py for tasks to queue
[2025-05-07T20:18:43.260+0000] {logging_mixin.py:188} INFO - [2025-05-07T20:18:43.260+0000] {dagbag.py:538} INFO - Filling up the DagBag from /home/airflow/.local/lib/python3.8/site-packages/airflow/example_dags/example_skip_dag.py
[2025-05-07T20:18:43.270+0000] {processor.py:840} INFO - DAG(s) 'example_skip_dag' retrieved from /home/airflow/.local/lib/python3.8/site-packages/airflow/example_dags/example_skip_dag.py
[2025-05-07T20:18:43.299+0000] {logging_mixin.py:188} INFO - [2025-05-07T20:18:43.299+0000] {dag.py:3036} INFO - Sync 1 DAGs
[2025-05-07T20:18:43.330+0000] {logging_mixin.py:188} INFO - [2025-05-07T20:18:43.329+0000] {dag.py:3823} INFO - Setting next_dagrun for example_skip_dag to 2025-05-06 00:00:00+00:00, run_after=2025-05-07 00:00:00+00:00
[2025-05-07T20:18:43.364+0000] {processor.py:183} INFO - Processing /home/airflow/.local/lib/python3.8/site-packages/airflow/example_dags/example_skip_dag.py took 0.114 seconds
