[2025-05-07T19:05:16.493+0000] {processor.py:161} INFO - Started process (PID=99) to work on /home/airflow/.local/lib/python3.8/site-packages/airflow/example_dags/example_python_decorator.py
[2025-05-07T19:05:16.495+0000] {processor.py:830} INFO - Processing file /home/airflow/.local/lib/python3.8/site-packages/airflow/example_dags/example_python_decorator.py for tasks to queue
[2025-05-07T19:05:16.498+0000] {logging_mixin.py:188} INFO - [2025-05-07T19:05:16.498+0000] {dagbag.py:538} INFO - Filling up the DagBag from /home/airflow/.local/lib/python3.8/site-packages/airflow/example_dags/example_python_decorator.py
[2025-05-07T19:05:16.521+0000] {processor.py:840} INFO - DAG(s) 'example_python_decorator' retrieved from /home/airflow/.local/lib/python3.8/site-packages/airflow/example_dags/example_python_decorator.py
[2025-05-07T19:05:16.541+0000] {logging_mixin.py:188} INFO - [2025-05-07T19:05:16.540+0000] {dag.py:3036} INFO - Sync 1 DAGs
[2025-05-07T19:05:16.561+0000] {logging_mixin.py:188} INFO - [2025-05-07T19:05:16.561+0000] {dag.py:3823} INFO - Setting next_dagrun for example_python_decorator to None, run_after=None
[2025-05-07T19:05:16.602+0000] {processor.py:183} INFO - Processing /home/airflow/.local/lib/python3.8/site-packages/airflow/example_dags/example_python_decorator.py took 0.115 seconds
[2025-05-07T19:05:47.592+0000] {processor.py:161} INFO - Started process (PID=154) to work on /home/airflow/.local/lib/python3.8/site-packages/airflow/example_dags/example_python_decorator.py
[2025-05-07T19:05:47.593+0000] {processor.py:830} INFO - Processing file /home/airflow/.local/lib/python3.8/site-packages/airflow/example_dags/example_python_decorator.py for tasks to queue
[2025-05-07T19:05:47.595+0000] {logging_mixin.py:188} INFO - [2025-05-07T19:05:47.595+0000] {dagbag.py:538} INFO - Filling up the DagBag from /home/airflow/.local/lib/python3.8/site-packages/airflow/example_dags/example_python_decorator.py
[2025-05-07T19:05:47.607+0000] {processor.py:840} INFO - DAG(s) 'example_python_decorator' retrieved from /home/airflow/.local/lib/python3.8/site-packages/airflow/example_dags/example_python_decorator.py
[2025-05-07T19:05:47.695+0000] {logging_mixin.py:188} INFO - [2025-05-07T19:05:47.694+0000] {dag.py:3036} INFO - Sync 1 DAGs
[2025-05-07T19:05:47.704+0000] {logging_mixin.py:188} INFO - [2025-05-07T19:05:47.704+0000] {dag.py:3823} INFO - Setting next_dagrun for example_python_decorator to None, run_after=None
[2025-05-07T19:05:47.728+0000] {processor.py:183} INFO - Processing /home/airflow/.local/lib/python3.8/site-packages/airflow/example_dags/example_python_decorator.py took 0.139 seconds
[2025-05-07T19:06:18.757+0000] {processor.py:161} INFO - Started process (PID=209) to work on /home/airflow/.local/lib/python3.8/site-packages/airflow/example_dags/example_python_decorator.py
[2025-05-07T19:06:18.759+0000] {processor.py:830} INFO - Processing file /home/airflow/.local/lib/python3.8/site-packages/airflow/example_dags/example_python_decorator.py for tasks to queue
[2025-05-07T19:06:18.761+0000] {logging_mixin.py:188} INFO - [2025-05-07T19:06:18.761+0000] {dagbag.py:538} INFO - Filling up the DagBag from /home/airflow/.local/lib/python3.8/site-packages/airflow/example_dags/example_python_decorator.py
[2025-05-07T19:06:18.776+0000] {processor.py:840} INFO - DAG(s) 'example_python_decorator' retrieved from /home/airflow/.local/lib/python3.8/site-packages/airflow/example_dags/example_python_decorator.py
[2025-05-07T19:06:18.809+0000] {logging_mixin.py:188} INFO - [2025-05-07T19:06:18.809+0000] {dag.py:3036} INFO - Sync 1 DAGs
[2025-05-07T19:06:18.826+0000] {logging_mixin.py:188} INFO - [2025-05-07T19:06:18.825+0000] {dag.py:3823} INFO - Setting next_dagrun for example_python_decorator to None, run_after=None
[2025-05-07T19:06:18.852+0000] {processor.py:183} INFO - Processing /home/airflow/.local/lib/python3.8/site-packages/airflow/example_dags/example_python_decorator.py took 0.098 seconds
[2025-05-07T19:06:49.765+0000] {processor.py:161} INFO - Started process (PID=264) to work on /home/airflow/.local/lib/python3.8/site-packages/airflow/example_dags/example_python_decorator.py
[2025-05-07T19:06:49.766+0000] {processor.py:830} INFO - Processing file /home/airflow/.local/lib/python3.8/site-packages/airflow/example_dags/example_python_decorator.py for tasks to queue
[2025-05-07T19:06:49.768+0000] {logging_mixin.py:188} INFO - [2025-05-07T19:06:49.768+0000] {dagbag.py:538} INFO - Filling up the DagBag from /home/airflow/.local/lib/python3.8/site-packages/airflow/example_dags/example_python_decorator.py
[2025-05-07T19:06:49.781+0000] {processor.py:840} INFO - DAG(s) 'example_python_decorator' retrieved from /home/airflow/.local/lib/python3.8/site-packages/airflow/example_dags/example_python_decorator.py
[2025-05-07T19:06:49.810+0000] {logging_mixin.py:188} INFO - [2025-05-07T19:06:49.810+0000] {dag.py:3036} INFO - Sync 1 DAGs
[2025-05-07T19:06:49.825+0000] {logging_mixin.py:188} INFO - [2025-05-07T19:06:49.825+0000] {dag.py:3823} INFO - Setting next_dagrun for example_python_decorator to None, run_after=None
[2025-05-07T19:06:49.851+0000] {processor.py:183} INFO - Processing /home/airflow/.local/lib/python3.8/site-packages/airflow/example_dags/example_python_decorator.py took 0.090 seconds
[2025-05-07T19:07:20.431+0000] {processor.py:161} INFO - Started process (PID=319) to work on /home/airflow/.local/lib/python3.8/site-packages/airflow/example_dags/example_python_decorator.py
[2025-05-07T19:07:20.433+0000] {processor.py:830} INFO - Processing file /home/airflow/.local/lib/python3.8/site-packages/airflow/example_dags/example_python_decorator.py for tasks to queue
[2025-05-07T19:07:20.435+0000] {logging_mixin.py:188} INFO - [2025-05-07T19:07:20.434+0000] {dagbag.py:538} INFO - Filling up the DagBag from /home/airflow/.local/lib/python3.8/site-packages/airflow/example_dags/example_python_decorator.py
[2025-05-07T19:07:20.448+0000] {processor.py:840} INFO - DAG(s) 'example_python_decorator' retrieved from /home/airflow/.local/lib/python3.8/site-packages/airflow/example_dags/example_python_decorator.py
[2025-05-07T19:07:20.471+0000] {logging_mixin.py:188} INFO - [2025-05-07T19:07:20.470+0000] {dag.py:3036} INFO - Sync 1 DAGs
[2025-05-07T19:07:20.484+0000] {logging_mixin.py:188} INFO - [2025-05-07T19:07:20.484+0000] {dag.py:3823} INFO - Setting next_dagrun for example_python_decorator to None, run_after=None
[2025-05-07T19:07:20.504+0000] {processor.py:183} INFO - Processing /home/airflow/.local/lib/python3.8/site-packages/airflow/example_dags/example_python_decorator.py took 0.077 seconds
[2025-05-07T19:07:50.785+0000] {processor.py:161} INFO - Started process (PID=374) to work on /home/airflow/.local/lib/python3.8/site-packages/airflow/example_dags/example_python_decorator.py
[2025-05-07T19:07:50.787+0000] {processor.py:830} INFO - Processing file /home/airflow/.local/lib/python3.8/site-packages/airflow/example_dags/example_python_decorator.py for tasks to queue
[2025-05-07T19:07:50.791+0000] {logging_mixin.py:188} INFO - [2025-05-07T19:07:50.790+0000] {dagbag.py:538} INFO - Filling up the DagBag from /home/airflow/.local/lib/python3.8/site-packages/airflow/example_dags/example_python_decorator.py
[2025-05-07T19:07:50.809+0000] {processor.py:840} INFO - DAG(s) 'example_python_decorator' retrieved from /home/airflow/.local/lib/python3.8/site-packages/airflow/example_dags/example_python_decorator.py
[2025-05-07T19:07:50.833+0000] {logging_mixin.py:188} INFO - [2025-05-07T19:07:50.832+0000] {dag.py:3036} INFO - Sync 1 DAGs
[2025-05-07T19:07:50.845+0000] {logging_mixin.py:188} INFO - [2025-05-07T19:07:50.845+0000] {dag.py:3823} INFO - Setting next_dagrun for example_python_decorator to None, run_after=None
[2025-05-07T19:07:50.874+0000] {processor.py:183} INFO - Processing /home/airflow/.local/lib/python3.8/site-packages/airflow/example_dags/example_python_decorator.py took 0.094 seconds
[2025-05-07T19:08:21.406+0000] {processor.py:161} INFO - Started process (PID=429) to work on /home/airflow/.local/lib/python3.8/site-packages/airflow/example_dags/example_python_decorator.py
[2025-05-07T19:08:21.408+0000] {processor.py:830} INFO - Processing file /home/airflow/.local/lib/python3.8/site-packages/airflow/example_dags/example_python_decorator.py for tasks to queue
[2025-05-07T19:08:21.410+0000] {logging_mixin.py:188} INFO - [2025-05-07T19:08:21.410+0000] {dagbag.py:538} INFO - Filling up the DagBag from /home/airflow/.local/lib/python3.8/site-packages/airflow/example_dags/example_python_decorator.py
[2025-05-07T19:08:21.423+0000] {processor.py:840} INFO - DAG(s) 'example_python_decorator' retrieved from /home/airflow/.local/lib/python3.8/site-packages/airflow/example_dags/example_python_decorator.py
[2025-05-07T19:08:21.443+0000] {logging_mixin.py:188} INFO - [2025-05-07T19:08:21.443+0000] {dag.py:3036} INFO - Sync 1 DAGs
[2025-05-07T19:08:21.454+0000] {logging_mixin.py:188} INFO - [2025-05-07T19:08:21.454+0000] {dag.py:3823} INFO - Setting next_dagrun for example_python_decorator to None, run_after=None
[2025-05-07T19:08:21.476+0000] {processor.py:183} INFO - Processing /home/airflow/.local/lib/python3.8/site-packages/airflow/example_dags/example_python_decorator.py took 0.073 seconds
[2025-05-07T19:08:51.664+0000] {processor.py:161} INFO - Started process (PID=484) to work on /home/airflow/.local/lib/python3.8/site-packages/airflow/example_dags/example_python_decorator.py
[2025-05-07T19:08:51.669+0000] {processor.py:830} INFO - Processing file /home/airflow/.local/lib/python3.8/site-packages/airflow/example_dags/example_python_decorator.py for tasks to queue
[2025-05-07T19:08:51.674+0000] {logging_mixin.py:188} INFO - [2025-05-07T19:08:51.673+0000] {dagbag.py:538} INFO - Filling up the DagBag from /home/airflow/.local/lib/python3.8/site-packages/airflow/example_dags/example_python_decorator.py
[2025-05-07T19:08:51.691+0000] {processor.py:840} INFO - DAG(s) 'example_python_decorator' retrieved from /home/airflow/.local/lib/python3.8/site-packages/airflow/example_dags/example_python_decorator.py
[2025-05-07T19:08:51.716+0000] {logging_mixin.py:188} INFO - [2025-05-07T19:08:51.715+0000] {dag.py:3036} INFO - Sync 1 DAGs
[2025-05-07T19:08:51.727+0000] {logging_mixin.py:188} INFO - [2025-05-07T19:08:51.727+0000] {dag.py:3823} INFO - Setting next_dagrun for example_python_decorator to None, run_after=None
[2025-05-07T19:08:51.751+0000] {processor.py:183} INFO - Processing /home/airflow/.local/lib/python3.8/site-packages/airflow/example_dags/example_python_decorator.py took 0.093 seconds
[2025-05-07T19:09:22.122+0000] {processor.py:161} INFO - Started process (PID=539) to work on /home/airflow/.local/lib/python3.8/site-packages/airflow/example_dags/example_python_decorator.py
[2025-05-07T19:09:22.124+0000] {processor.py:830} INFO - Processing file /home/airflow/.local/lib/python3.8/site-packages/airflow/example_dags/example_python_decorator.py for tasks to queue
[2025-05-07T19:09:22.126+0000] {logging_mixin.py:188} INFO - [2025-05-07T19:09:22.126+0000] {dagbag.py:538} INFO - Filling up the DagBag from /home/airflow/.local/lib/python3.8/site-packages/airflow/example_dags/example_python_decorator.py
[2025-05-07T19:09:22.140+0000] {processor.py:840} INFO - DAG(s) 'example_python_decorator' retrieved from /home/airflow/.local/lib/python3.8/site-packages/airflow/example_dags/example_python_decorator.py
[2025-05-07T19:09:22.160+0000] {logging_mixin.py:188} INFO - [2025-05-07T19:09:22.160+0000] {dag.py:3036} INFO - Sync 1 DAGs
[2025-05-07T19:09:22.172+0000] {logging_mixin.py:188} INFO - [2025-05-07T19:09:22.172+0000] {dag.py:3823} INFO - Setting next_dagrun for example_python_decorator to None, run_after=None
[2025-05-07T19:09:22.191+0000] {processor.py:183} INFO - Processing /home/airflow/.local/lib/python3.8/site-packages/airflow/example_dags/example_python_decorator.py took 0.072 seconds
[2025-05-07T19:09:52.718+0000] {processor.py:161} INFO - Started process (PID=594) to work on /home/airflow/.local/lib/python3.8/site-packages/airflow/example_dags/example_python_decorator.py
[2025-05-07T19:09:52.722+0000] {processor.py:830} INFO - Processing file /home/airflow/.local/lib/python3.8/site-packages/airflow/example_dags/example_python_decorator.py for tasks to queue
[2025-05-07T19:09:52.726+0000] {logging_mixin.py:188} INFO - [2025-05-07T19:09:52.725+0000] {dagbag.py:538} INFO - Filling up the DagBag from /home/airflow/.local/lib/python3.8/site-packages/airflow/example_dags/example_python_decorator.py
[2025-05-07T19:09:52.750+0000] {processor.py:840} INFO - DAG(s) 'example_python_decorator' retrieved from /home/airflow/.local/lib/python3.8/site-packages/airflow/example_dags/example_python_decorator.py
[2025-05-07T19:09:52.775+0000] {logging_mixin.py:188} INFO - [2025-05-07T19:09:52.774+0000] {dag.py:3036} INFO - Sync 1 DAGs
[2025-05-07T19:09:52.786+0000] {logging_mixin.py:188} INFO - [2025-05-07T19:09:52.786+0000] {dag.py:3823} INFO - Setting next_dagrun for example_python_decorator to None, run_after=None
[2025-05-07T19:09:52.808+0000] {processor.py:183} INFO - Processing /home/airflow/.local/lib/python3.8/site-packages/airflow/example_dags/example_python_decorator.py took 0.096 seconds
[2025-05-07T19:10:23.205+0000] {processor.py:161} INFO - Started process (PID=650) to work on /home/airflow/.local/lib/python3.8/site-packages/airflow/example_dags/example_python_decorator.py
[2025-05-07T19:10:23.206+0000] {processor.py:830} INFO - Processing file /home/airflow/.local/lib/python3.8/site-packages/airflow/example_dags/example_python_decorator.py for tasks to queue
[2025-05-07T19:10:23.209+0000] {logging_mixin.py:188} INFO - [2025-05-07T19:10:23.208+0000] {dagbag.py:538} INFO - Filling up the DagBag from /home/airflow/.local/lib/python3.8/site-packages/airflow/example_dags/example_python_decorator.py
[2025-05-07T19:10:23.223+0000] {processor.py:840} INFO - DAG(s) 'example_python_decorator' retrieved from /home/airflow/.local/lib/python3.8/site-packages/airflow/example_dags/example_python_decorator.py
[2025-05-07T19:10:23.250+0000] {logging_mixin.py:188} INFO - [2025-05-07T19:10:23.250+0000] {dag.py:3036} INFO - Sync 1 DAGs
[2025-05-07T19:10:23.264+0000] {logging_mixin.py:188} INFO - [2025-05-07T19:10:23.264+0000] {dag.py:3823} INFO - Setting next_dagrun for example_python_decorator to None, run_after=None
[2025-05-07T19:10:23.287+0000] {processor.py:183} INFO - Processing /home/airflow/.local/lib/python3.8/site-packages/airflow/example_dags/example_python_decorator.py took 0.085 seconds
[2025-05-07T19:10:54.624+0000] {processor.py:161} INFO - Started process (PID=707) to work on /home/airflow/.local/lib/python3.8/site-packages/airflow/example_dags/example_python_decorator.py
[2025-05-07T19:10:54.626+0000] {processor.py:830} INFO - Processing file /home/airflow/.local/lib/python3.8/site-packages/airflow/example_dags/example_python_decorator.py for tasks to queue
[2025-05-07T19:10:54.628+0000] {logging_mixin.py:188} INFO - [2025-05-07T19:10:54.628+0000] {dagbag.py:538} INFO - Filling up the DagBag from /home/airflow/.local/lib/python3.8/site-packages/airflow/example_dags/example_python_decorator.py
[2025-05-07T19:10:54.644+0000] {processor.py:840} INFO - DAG(s) 'example_python_decorator' retrieved from /home/airflow/.local/lib/python3.8/site-packages/airflow/example_dags/example_python_decorator.py
[2025-05-07T19:10:54.673+0000] {logging_mixin.py:188} INFO - [2025-05-07T19:10:54.673+0000] {dag.py:3036} INFO - Sync 1 DAGs
[2025-05-07T19:10:54.689+0000] {logging_mixin.py:188} INFO - [2025-05-07T19:10:54.689+0000] {dag.py:3823} INFO - Setting next_dagrun for example_python_decorator to None, run_after=None
[2025-05-07T19:10:54.723+0000] {processor.py:183} INFO - Processing /home/airflow/.local/lib/python3.8/site-packages/airflow/example_dags/example_python_decorator.py took 0.104 seconds
[2025-05-07T19:11:25.003+0000] {processor.py:161} INFO - Started process (PID=766) to work on /home/airflow/.local/lib/python3.8/site-packages/airflow/example_dags/example_python_decorator.py
[2025-05-07T19:11:25.005+0000] {processor.py:830} INFO - Processing file /home/airflow/.local/lib/python3.8/site-packages/airflow/example_dags/example_python_decorator.py for tasks to queue
[2025-05-07T19:11:25.008+0000] {logging_mixin.py:188} INFO - [2025-05-07T19:11:25.007+0000] {dagbag.py:538} INFO - Filling up the DagBag from /home/airflow/.local/lib/python3.8/site-packages/airflow/example_dags/example_python_decorator.py
[2025-05-07T19:11:25.021+0000] {processor.py:840} INFO - DAG(s) 'example_python_decorator' retrieved from /home/airflow/.local/lib/python3.8/site-packages/airflow/example_dags/example_python_decorator.py
[2025-05-07T19:11:25.043+0000] {logging_mixin.py:188} INFO - [2025-05-07T19:11:25.042+0000] {dag.py:3036} INFO - Sync 1 DAGs
[2025-05-07T19:11:25.054+0000] {logging_mixin.py:188} INFO - [2025-05-07T19:11:25.054+0000] {dag.py:3823} INFO - Setting next_dagrun for example_python_decorator to None, run_after=None
[2025-05-07T19:11:25.074+0000] {processor.py:183} INFO - Processing /home/airflow/.local/lib/python3.8/site-packages/airflow/example_dags/example_python_decorator.py took 0.073 seconds
[2025-05-07T19:11:55.718+0000] {processor.py:161} INFO - Started process (PID=826) to work on /home/airflow/.local/lib/python3.8/site-packages/airflow/example_dags/example_python_decorator.py
[2025-05-07T19:11:55.720+0000] {processor.py:830} INFO - Processing file /home/airflow/.local/lib/python3.8/site-packages/airflow/example_dags/example_python_decorator.py for tasks to queue
[2025-05-07T19:11:55.722+0000] {logging_mixin.py:188} INFO - [2025-05-07T19:11:55.722+0000] {dagbag.py:538} INFO - Filling up the DagBag from /home/airflow/.local/lib/python3.8/site-packages/airflow/example_dags/example_python_decorator.py
[2025-05-07T19:11:55.735+0000] {processor.py:840} INFO - DAG(s) 'example_python_decorator' retrieved from /home/airflow/.local/lib/python3.8/site-packages/airflow/example_dags/example_python_decorator.py
[2025-05-07T19:11:55.758+0000] {logging_mixin.py:188} INFO - [2025-05-07T19:11:55.758+0000] {dag.py:3036} INFO - Sync 1 DAGs
[2025-05-07T19:11:55.771+0000] {logging_mixin.py:188} INFO - [2025-05-07T19:11:55.770+0000] {dag.py:3823} INFO - Setting next_dagrun for example_python_decorator to None, run_after=None
[2025-05-07T19:11:55.795+0000] {processor.py:183} INFO - Processing /home/airflow/.local/lib/python3.8/site-packages/airflow/example_dags/example_python_decorator.py took 0.080 seconds
[2025-05-07T19:12:26.860+0000] {processor.py:161} INFO - Started process (PID=883) to work on /home/airflow/.local/lib/python3.8/site-packages/airflow/example_dags/example_python_decorator.py
[2025-05-07T19:12:26.862+0000] {processor.py:830} INFO - Processing file /home/airflow/.local/lib/python3.8/site-packages/airflow/example_dags/example_python_decorator.py for tasks to queue
[2025-05-07T19:12:26.865+0000] {logging_mixin.py:188} INFO - [2025-05-07T19:12:26.864+0000] {dagbag.py:538} INFO - Filling up the DagBag from /home/airflow/.local/lib/python3.8/site-packages/airflow/example_dags/example_python_decorator.py
[2025-05-07T19:12:26.880+0000] {processor.py:840} INFO - DAG(s) 'example_python_decorator' retrieved from /home/airflow/.local/lib/python3.8/site-packages/airflow/example_dags/example_python_decorator.py
[2025-05-07T19:12:26.902+0000] {logging_mixin.py:188} INFO - [2025-05-07T19:12:26.902+0000] {dag.py:3036} INFO - Sync 1 DAGs
[2025-05-07T19:12:26.915+0000] {logging_mixin.py:188} INFO - [2025-05-07T19:12:26.915+0000] {dag.py:3823} INFO - Setting next_dagrun for example_python_decorator to None, run_after=None
[2025-05-07T19:12:26.948+0000] {processor.py:183} INFO - Processing /home/airflow/.local/lib/python3.8/site-packages/airflow/example_dags/example_python_decorator.py took 0.091 seconds
[2025-05-07T19:12:57.324+0000] {processor.py:161} INFO - Started process (PID=939) to work on /home/airflow/.local/lib/python3.8/site-packages/airflow/example_dags/example_python_decorator.py
[2025-05-07T19:12:57.326+0000] {processor.py:830} INFO - Processing file /home/airflow/.local/lib/python3.8/site-packages/airflow/example_dags/example_python_decorator.py for tasks to queue
[2025-05-07T19:12:57.329+0000] {logging_mixin.py:188} INFO - [2025-05-07T19:12:57.329+0000] {dagbag.py:538} INFO - Filling up the DagBag from /home/airflow/.local/lib/python3.8/site-packages/airflow/example_dags/example_python_decorator.py
[2025-05-07T19:12:57.353+0000] {processor.py:840} INFO - DAG(s) 'example_python_decorator' retrieved from /home/airflow/.local/lib/python3.8/site-packages/airflow/example_dags/example_python_decorator.py
[2025-05-07T19:12:57.397+0000] {logging_mixin.py:188} INFO - [2025-05-07T19:12:57.397+0000] {dag.py:3036} INFO - Sync 1 DAGs
[2025-05-07T19:12:57.417+0000] {logging_mixin.py:188} INFO - [2025-05-07T19:12:57.417+0000] {dag.py:3823} INFO - Setting next_dagrun for example_python_decorator to None, run_after=None
[2025-05-07T19:12:57.439+0000] {processor.py:183} INFO - Processing /home/airflow/.local/lib/python3.8/site-packages/airflow/example_dags/example_python_decorator.py took 0.121 seconds
[2025-05-07T19:13:27.921+0000] {processor.py:161} INFO - Started process (PID=995) to work on /home/airflow/.local/lib/python3.8/site-packages/airflow/example_dags/example_python_decorator.py
[2025-05-07T19:13:27.922+0000] {processor.py:830} INFO - Processing file /home/airflow/.local/lib/python3.8/site-packages/airflow/example_dags/example_python_decorator.py for tasks to queue
[2025-05-07T19:13:27.925+0000] {logging_mixin.py:188} INFO - [2025-05-07T19:13:27.924+0000] {dagbag.py:538} INFO - Filling up the DagBag from /home/airflow/.local/lib/python3.8/site-packages/airflow/example_dags/example_python_decorator.py
[2025-05-07T19:13:27.937+0000] {processor.py:840} INFO - DAG(s) 'example_python_decorator' retrieved from /home/airflow/.local/lib/python3.8/site-packages/airflow/example_dags/example_python_decorator.py
[2025-05-07T19:13:27.957+0000] {logging_mixin.py:188} INFO - [2025-05-07T19:13:27.957+0000] {dag.py:3036} INFO - Sync 1 DAGs
[2025-05-07T19:13:27.970+0000] {logging_mixin.py:188} INFO - [2025-05-07T19:13:27.970+0000] {dag.py:3823} INFO - Setting next_dagrun for example_python_decorator to None, run_after=None
[2025-05-07T19:13:27.989+0000] {processor.py:183} INFO - Processing /home/airflow/.local/lib/python3.8/site-packages/airflow/example_dags/example_python_decorator.py took 0.071 seconds
[2025-05-07T19:13:58.278+0000] {processor.py:161} INFO - Started process (PID=1051) to work on /home/airflow/.local/lib/python3.8/site-packages/airflow/example_dags/example_python_decorator.py
[2025-05-07T19:13:58.280+0000] {processor.py:830} INFO - Processing file /home/airflow/.local/lib/python3.8/site-packages/airflow/example_dags/example_python_decorator.py for tasks to queue
[2025-05-07T19:13:58.283+0000] {logging_mixin.py:188} INFO - [2025-05-07T19:13:58.283+0000] {dagbag.py:538} INFO - Filling up the DagBag from /home/airflow/.local/lib/python3.8/site-packages/airflow/example_dags/example_python_decorator.py
[2025-05-07T19:13:58.298+0000] {processor.py:840} INFO - DAG(s) 'example_python_decorator' retrieved from /home/airflow/.local/lib/python3.8/site-packages/airflow/example_dags/example_python_decorator.py
[2025-05-07T19:13:58.320+0000] {logging_mixin.py:188} INFO - [2025-05-07T19:13:58.320+0000] {dag.py:3036} INFO - Sync 1 DAGs
[2025-05-07T19:13:58.334+0000] {logging_mixin.py:188} INFO - [2025-05-07T19:13:58.334+0000] {dag.py:3823} INFO - Setting next_dagrun for example_python_decorator to None, run_after=None
[2025-05-07T19:13:58.358+0000] {processor.py:183} INFO - Processing /home/airflow/.local/lib/python3.8/site-packages/airflow/example_dags/example_python_decorator.py took 0.083 seconds
[2025-05-07T19:14:28.585+0000] {processor.py:161} INFO - Started process (PID=1107) to work on /home/airflow/.local/lib/python3.8/site-packages/airflow/example_dags/example_python_decorator.py
[2025-05-07T19:14:28.586+0000] {processor.py:830} INFO - Processing file /home/airflow/.local/lib/python3.8/site-packages/airflow/example_dags/example_python_decorator.py for tasks to queue
[2025-05-07T19:14:28.588+0000] {logging_mixin.py:188} INFO - [2025-05-07T19:14:28.588+0000] {dagbag.py:538} INFO - Filling up the DagBag from /home/airflow/.local/lib/python3.8/site-packages/airflow/example_dags/example_python_decorator.py
[2025-05-07T19:14:28.602+0000] {processor.py:840} INFO - DAG(s) 'example_python_decorator' retrieved from /home/airflow/.local/lib/python3.8/site-packages/airflow/example_dags/example_python_decorator.py
[2025-05-07T19:14:28.624+0000] {logging_mixin.py:188} INFO - [2025-05-07T19:14:28.624+0000] {dag.py:3036} INFO - Sync 1 DAGs
[2025-05-07T19:14:28.637+0000] {logging_mixin.py:188} INFO - [2025-05-07T19:14:28.637+0000] {dag.py:3823} INFO - Setting next_dagrun for example_python_decorator to None, run_after=None
[2025-05-07T19:14:28.658+0000] {processor.py:183} INFO - Processing /home/airflow/.local/lib/python3.8/site-packages/airflow/example_dags/example_python_decorator.py took 0.077 seconds
[2025-05-07T19:14:58.997+0000] {processor.py:161} INFO - Started process (PID=1163) to work on /home/airflow/.local/lib/python3.8/site-packages/airflow/example_dags/example_python_decorator.py
[2025-05-07T19:14:58.998+0000] {processor.py:830} INFO - Processing file /home/airflow/.local/lib/python3.8/site-packages/airflow/example_dags/example_python_decorator.py for tasks to queue
[2025-05-07T19:14:59.000+0000] {logging_mixin.py:188} INFO - [2025-05-07T19:14:59.000+0000] {dagbag.py:538} INFO - Filling up the DagBag from /home/airflow/.local/lib/python3.8/site-packages/airflow/example_dags/example_python_decorator.py
[2025-05-07T19:14:59.018+0000] {processor.py:840} INFO - DAG(s) 'example_python_decorator' retrieved from /home/airflow/.local/lib/python3.8/site-packages/airflow/example_dags/example_python_decorator.py
[2025-05-07T19:14:59.045+0000] {logging_mixin.py:188} INFO - [2025-05-07T19:14:59.044+0000] {dag.py:3036} INFO - Sync 1 DAGs
[2025-05-07T19:14:59.058+0000] {logging_mixin.py:188} INFO - [2025-05-07T19:14:59.058+0000] {dag.py:3823} INFO - Setting next_dagrun for example_python_decorator to None, run_after=None
[2025-05-07T19:14:59.081+0000] {processor.py:183} INFO - Processing /home/airflow/.local/lib/python3.8/site-packages/airflow/example_dags/example_python_decorator.py took 0.088 seconds
[2025-05-07T19:15:29.447+0000] {processor.py:161} INFO - Started process (PID=1219) to work on /home/airflow/.local/lib/python3.8/site-packages/airflow/example_dags/example_python_decorator.py
[2025-05-07T19:15:29.448+0000] {processor.py:830} INFO - Processing file /home/airflow/.local/lib/python3.8/site-packages/airflow/example_dags/example_python_decorator.py for tasks to queue
[2025-05-07T19:15:29.451+0000] {logging_mixin.py:188} INFO - [2025-05-07T19:15:29.450+0000] {dagbag.py:538} INFO - Filling up the DagBag from /home/airflow/.local/lib/python3.8/site-packages/airflow/example_dags/example_python_decorator.py
[2025-05-07T19:15:29.466+0000] {processor.py:840} INFO - DAG(s) 'example_python_decorator' retrieved from /home/airflow/.local/lib/python3.8/site-packages/airflow/example_dags/example_python_decorator.py
[2025-05-07T19:15:29.496+0000] {logging_mixin.py:188} INFO - [2025-05-07T19:15:29.496+0000] {dag.py:3036} INFO - Sync 1 DAGs
[2025-05-07T19:15:29.510+0000] {logging_mixin.py:188} INFO - [2025-05-07T19:15:29.510+0000] {dag.py:3823} INFO - Setting next_dagrun for example_python_decorator to None, run_after=None
[2025-05-07T19:15:29.531+0000] {processor.py:183} INFO - Processing /home/airflow/.local/lib/python3.8/site-packages/airflow/example_dags/example_python_decorator.py took 0.089 seconds
[2025-05-07T19:16:00.371+0000] {processor.py:161} INFO - Started process (PID=1275) to work on /home/airflow/.local/lib/python3.8/site-packages/airflow/example_dags/example_python_decorator.py
[2025-05-07T19:16:00.373+0000] {processor.py:830} INFO - Processing file /home/airflow/.local/lib/python3.8/site-packages/airflow/example_dags/example_python_decorator.py for tasks to queue
[2025-05-07T19:16:00.375+0000] {logging_mixin.py:188} INFO - [2025-05-07T19:16:00.374+0000] {dagbag.py:538} INFO - Filling up the DagBag from /home/airflow/.local/lib/python3.8/site-packages/airflow/example_dags/example_python_decorator.py
[2025-05-07T19:16:00.388+0000] {processor.py:840} INFO - DAG(s) 'example_python_decorator' retrieved from /home/airflow/.local/lib/python3.8/site-packages/airflow/example_dags/example_python_decorator.py
[2025-05-07T19:16:00.408+0000] {logging_mixin.py:188} INFO - [2025-05-07T19:16:00.408+0000] {dag.py:3036} INFO - Sync 1 DAGs
[2025-05-07T19:16:00.420+0000] {logging_mixin.py:188} INFO - [2025-05-07T19:16:00.420+0000] {dag.py:3823} INFO - Setting next_dagrun for example_python_decorator to None, run_after=None
[2025-05-07T19:16:00.439+0000] {processor.py:183} INFO - Processing /home/airflow/.local/lib/python3.8/site-packages/airflow/example_dags/example_python_decorator.py took 0.071 seconds
[2025-05-07T19:16:30.901+0000] {processor.py:161} INFO - Started process (PID=1331) to work on /home/airflow/.local/lib/python3.8/site-packages/airflow/example_dags/example_python_decorator.py
[2025-05-07T19:16:30.903+0000] {processor.py:830} INFO - Processing file /home/airflow/.local/lib/python3.8/site-packages/airflow/example_dags/example_python_decorator.py for tasks to queue
[2025-05-07T19:16:30.906+0000] {logging_mixin.py:188} INFO - [2025-05-07T19:16:30.905+0000] {dagbag.py:538} INFO - Filling up the DagBag from /home/airflow/.local/lib/python3.8/site-packages/airflow/example_dags/example_python_decorator.py
[2025-05-07T19:16:30.919+0000] {processor.py:840} INFO - DAG(s) 'example_python_decorator' retrieved from /home/airflow/.local/lib/python3.8/site-packages/airflow/example_dags/example_python_decorator.py
[2025-05-07T19:16:30.950+0000] {logging_mixin.py:188} INFO - [2025-05-07T19:16:30.950+0000] {dag.py:3036} INFO - Sync 1 DAGs
[2025-05-07T19:16:30.964+0000] {logging_mixin.py:188} INFO - [2025-05-07T19:16:30.964+0000] {dag.py:3823} INFO - Setting next_dagrun for example_python_decorator to None, run_after=None
[2025-05-07T19:16:30.986+0000] {processor.py:183} INFO - Processing /home/airflow/.local/lib/python3.8/site-packages/airflow/example_dags/example_python_decorator.py took 0.088 seconds
[2025-05-07T19:17:01.519+0000] {processor.py:161} INFO - Started process (PID=1387) to work on /home/airflow/.local/lib/python3.8/site-packages/airflow/example_dags/example_python_decorator.py
[2025-05-07T19:17:01.522+0000] {processor.py:830} INFO - Processing file /home/airflow/.local/lib/python3.8/site-packages/airflow/example_dags/example_python_decorator.py for tasks to queue
[2025-05-07T19:17:01.527+0000] {logging_mixin.py:188} INFO - [2025-05-07T19:17:01.527+0000] {dagbag.py:538} INFO - Filling up the DagBag from /home/airflow/.local/lib/python3.8/site-packages/airflow/example_dags/example_python_decorator.py
[2025-05-07T19:17:01.566+0000] {processor.py:840} INFO - DAG(s) 'example_python_decorator' retrieved from /home/airflow/.local/lib/python3.8/site-packages/airflow/example_dags/example_python_decorator.py
[2025-05-07T19:17:01.608+0000] {logging_mixin.py:188} INFO - [2025-05-07T19:17:01.607+0000] {dag.py:3036} INFO - Sync 1 DAGs
[2025-05-07T19:17:01.623+0000] {logging_mixin.py:188} INFO - [2025-05-07T19:17:01.622+0000] {dag.py:3823} INFO - Setting next_dagrun for example_python_decorator to None, run_after=None
[2025-05-07T19:17:01.647+0000] {processor.py:183} INFO - Processing /home/airflow/.local/lib/python3.8/site-packages/airflow/example_dags/example_python_decorator.py took 0.131 seconds
[2025-05-07T19:17:32.302+0000] {processor.py:161} INFO - Started process (PID=1443) to work on /home/airflow/.local/lib/python3.8/site-packages/airflow/example_dags/example_python_decorator.py
[2025-05-07T19:17:32.305+0000] {processor.py:830} INFO - Processing file /home/airflow/.local/lib/python3.8/site-packages/airflow/example_dags/example_python_decorator.py for tasks to queue
[2025-05-07T19:17:32.310+0000] {logging_mixin.py:188} INFO - [2025-05-07T19:17:32.309+0000] {dagbag.py:538} INFO - Filling up the DagBag from /home/airflow/.local/lib/python3.8/site-packages/airflow/example_dags/example_python_decorator.py
[2025-05-07T19:17:32.324+0000] {processor.py:840} INFO - DAG(s) 'example_python_decorator' retrieved from /home/airflow/.local/lib/python3.8/site-packages/airflow/example_dags/example_python_decorator.py
[2025-05-07T19:17:32.346+0000] {logging_mixin.py:188} INFO - [2025-05-07T19:17:32.346+0000] {dag.py:3036} INFO - Sync 1 DAGs
[2025-05-07T19:17:32.359+0000] {logging_mixin.py:188} INFO - [2025-05-07T19:17:32.359+0000] {dag.py:3823} INFO - Setting next_dagrun for example_python_decorator to None, run_after=None
[2025-05-07T19:17:32.383+0000] {processor.py:183} INFO - Processing /home/airflow/.local/lib/python3.8/site-packages/airflow/example_dags/example_python_decorator.py took 0.084 seconds
[2025-05-07T19:18:03.184+0000] {processor.py:161} INFO - Started process (PID=1500) to work on /home/airflow/.local/lib/python3.8/site-packages/airflow/example_dags/example_python_decorator.py
[2025-05-07T19:18:03.185+0000] {processor.py:830} INFO - Processing file /home/airflow/.local/lib/python3.8/site-packages/airflow/example_dags/example_python_decorator.py for tasks to queue
[2025-05-07T19:18:03.188+0000] {logging_mixin.py:188} INFO - [2025-05-07T19:18:03.187+0000] {dagbag.py:538} INFO - Filling up the DagBag from /home/airflow/.local/lib/python3.8/site-packages/airflow/example_dags/example_python_decorator.py
[2025-05-07T19:18:03.200+0000] {processor.py:840} INFO - DAG(s) 'example_python_decorator' retrieved from /home/airflow/.local/lib/python3.8/site-packages/airflow/example_dags/example_python_decorator.py
[2025-05-07T19:18:03.222+0000] {logging_mixin.py:188} INFO - [2025-05-07T19:18:03.222+0000] {dag.py:3036} INFO - Sync 1 DAGs
[2025-05-07T19:18:03.235+0000] {logging_mixin.py:188} INFO - [2025-05-07T19:18:03.234+0000] {dag.py:3823} INFO - Setting next_dagrun for example_python_decorator to None, run_after=None
[2025-05-07T19:18:03.256+0000] {processor.py:183} INFO - Processing /home/airflow/.local/lib/python3.8/site-packages/airflow/example_dags/example_python_decorator.py took 0.075 seconds
[2025-05-07T19:18:33.667+0000] {processor.py:161} INFO - Started process (PID=1555) to work on /home/airflow/.local/lib/python3.8/site-packages/airflow/example_dags/example_python_decorator.py
[2025-05-07T19:18:33.674+0000] {processor.py:830} INFO - Processing file /home/airflow/.local/lib/python3.8/site-packages/airflow/example_dags/example_python_decorator.py for tasks to queue
[2025-05-07T19:18:33.679+0000] {logging_mixin.py:188} INFO - [2025-05-07T19:18:33.678+0000] {dagbag.py:538} INFO - Filling up the DagBag from /home/airflow/.local/lib/python3.8/site-packages/airflow/example_dags/example_python_decorator.py
[2025-05-07T19:18:33.692+0000] {processor.py:840} INFO - DAG(s) 'example_python_decorator' retrieved from /home/airflow/.local/lib/python3.8/site-packages/airflow/example_dags/example_python_decorator.py
[2025-05-07T19:18:33.714+0000] {logging_mixin.py:188} INFO - [2025-05-07T19:18:33.713+0000] {dag.py:3036} INFO - Sync 1 DAGs
[2025-05-07T19:18:33.726+0000] {logging_mixin.py:188} INFO - [2025-05-07T19:18:33.726+0000] {dag.py:3823} INFO - Setting next_dagrun for example_python_decorator to None, run_after=None
[2025-05-07T19:18:33.747+0000] {processor.py:183} INFO - Processing /home/airflow/.local/lib/python3.8/site-packages/airflow/example_dags/example_python_decorator.py took 0.082 seconds
[2025-05-07T19:19:04.142+0000] {processor.py:161} INFO - Started process (PID=1611) to work on /home/airflow/.local/lib/python3.8/site-packages/airflow/example_dags/example_python_decorator.py
[2025-05-07T19:19:04.143+0000] {processor.py:830} INFO - Processing file /home/airflow/.local/lib/python3.8/site-packages/airflow/example_dags/example_python_decorator.py for tasks to queue
[2025-05-07T19:19:04.145+0000] {logging_mixin.py:188} INFO - [2025-05-07T19:19:04.145+0000] {dagbag.py:538} INFO - Filling up the DagBag from /home/airflow/.local/lib/python3.8/site-packages/airflow/example_dags/example_python_decorator.py
[2025-05-07T19:19:04.157+0000] {processor.py:840} INFO - DAG(s) 'example_python_decorator' retrieved from /home/airflow/.local/lib/python3.8/site-packages/airflow/example_dags/example_python_decorator.py
[2025-05-07T19:19:04.177+0000] {logging_mixin.py:188} INFO - [2025-05-07T19:19:04.177+0000] {dag.py:3036} INFO - Sync 1 DAGs
[2025-05-07T19:19:04.189+0000] {logging_mixin.py:188} INFO - [2025-05-07T19:19:04.189+0000] {dag.py:3823} INFO - Setting next_dagrun for example_python_decorator to None, run_after=None
[2025-05-07T19:19:04.212+0000] {processor.py:183} INFO - Processing /home/airflow/.local/lib/python3.8/site-packages/airflow/example_dags/example_python_decorator.py took 0.073 seconds
[2025-05-07T19:19:36.001+0000] {processor.py:161} INFO - Started process (PID=1668) to work on /home/airflow/.local/lib/python3.8/site-packages/airflow/example_dags/example_python_decorator.py
[2025-05-07T19:19:36.005+0000] {processor.py:830} INFO - Processing file /home/airflow/.local/lib/python3.8/site-packages/airflow/example_dags/example_python_decorator.py for tasks to queue
[2025-05-07T19:19:36.010+0000] {logging_mixin.py:188} INFO - [2025-05-07T19:19:36.010+0000] {dagbag.py:538} INFO - Filling up the DagBag from /home/airflow/.local/lib/python3.8/site-packages/airflow/example_dags/example_python_decorator.py
[2025-05-07T19:19:36.032+0000] {processor.py:840} INFO - DAG(s) 'example_python_decorator' retrieved from /home/airflow/.local/lib/python3.8/site-packages/airflow/example_dags/example_python_decorator.py
[2025-05-07T19:19:36.057+0000] {logging_mixin.py:188} INFO - [2025-05-07T19:19:36.056+0000] {dag.py:3036} INFO - Sync 1 DAGs
[2025-05-07T19:19:36.071+0000] {logging_mixin.py:188} INFO - [2025-05-07T19:19:36.070+0000] {dag.py:3823} INFO - Setting next_dagrun for example_python_decorator to None, run_after=None
[2025-05-07T19:19:36.092+0000] {processor.py:183} INFO - Processing /home/airflow/.local/lib/python3.8/site-packages/airflow/example_dags/example_python_decorator.py took 0.097 seconds
[2025-05-07T19:20:06.866+0000] {processor.py:161} INFO - Started process (PID=1724) to work on /home/airflow/.local/lib/python3.8/site-packages/airflow/example_dags/example_python_decorator.py
[2025-05-07T19:20:06.868+0000] {processor.py:830} INFO - Processing file /home/airflow/.local/lib/python3.8/site-packages/airflow/example_dags/example_python_decorator.py for tasks to queue
[2025-05-07T19:20:06.870+0000] {logging_mixin.py:188} INFO - [2025-05-07T19:20:06.870+0000] {dagbag.py:538} INFO - Filling up the DagBag from /home/airflow/.local/lib/python3.8/site-packages/airflow/example_dags/example_python_decorator.py
[2025-05-07T19:20:06.883+0000] {processor.py:840} INFO - DAG(s) 'example_python_decorator' retrieved from /home/airflow/.local/lib/python3.8/site-packages/airflow/example_dags/example_python_decorator.py
[2025-05-07T19:20:06.905+0000] {logging_mixin.py:188} INFO - [2025-05-07T19:20:06.905+0000] {dag.py:3036} INFO - Sync 1 DAGs
[2025-05-07T19:20:06.919+0000] {logging_mixin.py:188} INFO - [2025-05-07T19:20:06.919+0000] {dag.py:3823} INFO - Setting next_dagrun for example_python_decorator to None, run_after=None
[2025-05-07T19:20:06.941+0000] {processor.py:183} INFO - Processing /home/airflow/.local/lib/python3.8/site-packages/airflow/example_dags/example_python_decorator.py took 0.078 seconds
[2025-05-07T19:20:37.100+0000] {processor.py:161} INFO - Started process (PID=1780) to work on /home/airflow/.local/lib/python3.8/site-packages/airflow/example_dags/example_python_decorator.py
[2025-05-07T19:20:37.102+0000] {processor.py:830} INFO - Processing file /home/airflow/.local/lib/python3.8/site-packages/airflow/example_dags/example_python_decorator.py for tasks to queue
[2025-05-07T19:20:37.105+0000] {logging_mixin.py:188} INFO - [2025-05-07T19:20:37.104+0000] {dagbag.py:538} INFO - Filling up the DagBag from /home/airflow/.local/lib/python3.8/site-packages/airflow/example_dags/example_python_decorator.py
[2025-05-07T19:20:37.120+0000] {processor.py:840} INFO - DAG(s) 'example_python_decorator' retrieved from /home/airflow/.local/lib/python3.8/site-packages/airflow/example_dags/example_python_decorator.py
[2025-05-07T19:20:37.153+0000] {logging_mixin.py:188} INFO - [2025-05-07T19:20:37.153+0000] {dag.py:3036} INFO - Sync 1 DAGs
[2025-05-07T19:20:37.173+0000] {logging_mixin.py:188} INFO - [2025-05-07T19:20:37.173+0000] {dag.py:3823} INFO - Setting next_dagrun for example_python_decorator to None, run_after=None
[2025-05-07T19:20:37.217+0000] {processor.py:183} INFO - Processing /home/airflow/.local/lib/python3.8/site-packages/airflow/example_dags/example_python_decorator.py took 0.121 seconds
[2025-05-07T19:22:04.576+0000] {processor.py:161} INFO - Started process (PID=102) to work on /home/airflow/.local/lib/python3.8/site-packages/airflow/example_dags/example_python_decorator.py
[2025-05-07T19:22:04.578+0000] {processor.py:830} INFO - Processing file /home/airflow/.local/lib/python3.8/site-packages/airflow/example_dags/example_python_decorator.py for tasks to queue
[2025-05-07T19:22:04.580+0000] {logging_mixin.py:188} INFO - [2025-05-07T19:22:04.580+0000] {dagbag.py:538} INFO - Filling up the DagBag from /home/airflow/.local/lib/python3.8/site-packages/airflow/example_dags/example_python_decorator.py
[2025-05-07T19:22:04.594+0000] {processor.py:840} INFO - DAG(s) 'example_python_decorator' retrieved from /home/airflow/.local/lib/python3.8/site-packages/airflow/example_dags/example_python_decorator.py
[2025-05-07T19:22:04.607+0000] {logging_mixin.py:188} INFO - [2025-05-07T19:22:04.607+0000] {dag.py:3036} INFO - Sync 1 DAGs
[2025-05-07T19:22:04.622+0000] {logging_mixin.py:188} INFO - [2025-05-07T19:22:04.621+0000] {dag.py:3823} INFO - Setting next_dagrun for example_python_decorator to None, run_after=None
[2025-05-07T19:22:04.646+0000] {processor.py:183} INFO - Processing /home/airflow/.local/lib/python3.8/site-packages/airflow/example_dags/example_python_decorator.py took 0.074 seconds
[2025-05-07T19:22:35.874+0000] {processor.py:161} INFO - Started process (PID=165) to work on /home/airflow/.local/lib/python3.8/site-packages/airflow/example_dags/example_python_decorator.py
[2025-05-07T19:22:35.876+0000] {processor.py:830} INFO - Processing file /home/airflow/.local/lib/python3.8/site-packages/airflow/example_dags/example_python_decorator.py for tasks to queue
[2025-05-07T19:22:35.878+0000] {logging_mixin.py:188} INFO - [2025-05-07T19:22:35.878+0000] {dagbag.py:538} INFO - Filling up the DagBag from /home/airflow/.local/lib/python3.8/site-packages/airflow/example_dags/example_python_decorator.py
[2025-05-07T19:22:35.894+0000] {processor.py:840} INFO - DAG(s) 'example_python_decorator' retrieved from /home/airflow/.local/lib/python3.8/site-packages/airflow/example_dags/example_python_decorator.py
[2025-05-07T19:22:36.003+0000] {logging_mixin.py:188} INFO - [2025-05-07T19:22:36.002+0000] {dag.py:3036} INFO - Sync 1 DAGs
[2025-05-07T19:22:36.014+0000] {logging_mixin.py:188} INFO - [2025-05-07T19:22:36.014+0000] {dag.py:3823} INFO - Setting next_dagrun for example_python_decorator to None, run_after=None
[2025-05-07T19:22:36.038+0000] {processor.py:183} INFO - Processing /home/airflow/.local/lib/python3.8/site-packages/airflow/example_dags/example_python_decorator.py took 0.168 seconds
[2025-05-07T19:23:06.171+0000] {processor.py:161} INFO - Started process (PID=221) to work on /home/airflow/.local/lib/python3.8/site-packages/airflow/example_dags/example_python_decorator.py
[2025-05-07T19:23:06.173+0000] {processor.py:830} INFO - Processing file /home/airflow/.local/lib/python3.8/site-packages/airflow/example_dags/example_python_decorator.py for tasks to queue
[2025-05-07T19:23:06.176+0000] {logging_mixin.py:188} INFO - [2025-05-07T19:23:06.175+0000] {dagbag.py:538} INFO - Filling up the DagBag from /home/airflow/.local/lib/python3.8/site-packages/airflow/example_dags/example_python_decorator.py
[2025-05-07T19:23:06.192+0000] {processor.py:840} INFO - DAG(s) 'example_python_decorator' retrieved from /home/airflow/.local/lib/python3.8/site-packages/airflow/example_dags/example_python_decorator.py
[2025-05-07T19:23:06.220+0000] {logging_mixin.py:188} INFO - [2025-05-07T19:23:06.220+0000] {dag.py:3036} INFO - Sync 1 DAGs
[2025-05-07T19:23:06.233+0000] {logging_mixin.py:188} INFO - [2025-05-07T19:23:06.233+0000] {dag.py:3823} INFO - Setting next_dagrun for example_python_decorator to None, run_after=None
[2025-05-07T19:23:06.254+0000] {processor.py:183} INFO - Processing /home/airflow/.local/lib/python3.8/site-packages/airflow/example_dags/example_python_decorator.py took 0.089 seconds
[2025-05-07T19:23:36.378+0000] {processor.py:161} INFO - Started process (PID=281) to work on /home/airflow/.local/lib/python3.8/site-packages/airflow/example_dags/example_python_decorator.py
[2025-05-07T19:23:36.380+0000] {processor.py:830} INFO - Processing file /home/airflow/.local/lib/python3.8/site-packages/airflow/example_dags/example_python_decorator.py for tasks to queue
[2025-05-07T19:23:36.383+0000] {logging_mixin.py:188} INFO - [2025-05-07T19:23:36.382+0000] {dagbag.py:538} INFO - Filling up the DagBag from /home/airflow/.local/lib/python3.8/site-packages/airflow/example_dags/example_python_decorator.py
[2025-05-07T19:23:36.395+0000] {processor.py:840} INFO - DAG(s) 'example_python_decorator' retrieved from /home/airflow/.local/lib/python3.8/site-packages/airflow/example_dags/example_python_decorator.py
[2025-05-07T19:23:36.420+0000] {logging_mixin.py:188} INFO - [2025-05-07T19:23:36.420+0000] {dag.py:3036} INFO - Sync 1 DAGs
[2025-05-07T19:23:36.434+0000] {logging_mixin.py:188} INFO - [2025-05-07T19:23:36.434+0000] {dag.py:3823} INFO - Setting next_dagrun for example_python_decorator to None, run_after=None
[2025-05-07T19:23:36.473+0000] {processor.py:183} INFO - Processing /home/airflow/.local/lib/python3.8/site-packages/airflow/example_dags/example_python_decorator.py took 0.099 seconds
[2025-05-07T19:24:07.105+0000] {processor.py:161} INFO - Started process (PID=340) to work on /home/airflow/.local/lib/python3.8/site-packages/airflow/example_dags/example_python_decorator.py
[2025-05-07T19:24:07.107+0000] {processor.py:830} INFO - Processing file /home/airflow/.local/lib/python3.8/site-packages/airflow/example_dags/example_python_decorator.py for tasks to queue
[2025-05-07T19:24:07.109+0000] {logging_mixin.py:188} INFO - [2025-05-07T19:24:07.108+0000] {dagbag.py:538} INFO - Filling up the DagBag from /home/airflow/.local/lib/python3.8/site-packages/airflow/example_dags/example_python_decorator.py
[2025-05-07T19:24:07.123+0000] {processor.py:840} INFO - DAG(s) 'example_python_decorator' retrieved from /home/airflow/.local/lib/python3.8/site-packages/airflow/example_dags/example_python_decorator.py
[2025-05-07T19:24:07.147+0000] {logging_mixin.py:188} INFO - [2025-05-07T19:24:07.147+0000] {dag.py:3036} INFO - Sync 1 DAGs
[2025-05-07T19:24:07.165+0000] {logging_mixin.py:188} INFO - [2025-05-07T19:24:07.165+0000] {dag.py:3823} INFO - Setting next_dagrun for example_python_decorator to None, run_after=None
[2025-05-07T19:24:07.198+0000] {processor.py:183} INFO - Processing /home/airflow/.local/lib/python3.8/site-packages/airflow/example_dags/example_python_decorator.py took 0.097 seconds
[2025-05-07T19:24:37.611+0000] {processor.py:161} INFO - Started process (PID=403) to work on /home/airflow/.local/lib/python3.8/site-packages/airflow/example_dags/example_python_decorator.py
[2025-05-07T19:24:37.612+0000] {processor.py:830} INFO - Processing file /home/airflow/.local/lib/python3.8/site-packages/airflow/example_dags/example_python_decorator.py for tasks to queue
[2025-05-07T19:24:37.615+0000] {logging_mixin.py:188} INFO - [2025-05-07T19:24:37.615+0000] {dagbag.py:538} INFO - Filling up the DagBag from /home/airflow/.local/lib/python3.8/site-packages/airflow/example_dags/example_python_decorator.py
[2025-05-07T19:24:37.630+0000] {processor.py:840} INFO - DAG(s) 'example_python_decorator' retrieved from /home/airflow/.local/lib/python3.8/site-packages/airflow/example_dags/example_python_decorator.py
[2025-05-07T19:24:37.659+0000] {logging_mixin.py:188} INFO - [2025-05-07T19:24:37.659+0000] {dag.py:3036} INFO - Sync 1 DAGs
[2025-05-07T19:24:37.671+0000] {logging_mixin.py:188} INFO - [2025-05-07T19:24:37.671+0000] {dag.py:3823} INFO - Setting next_dagrun for example_python_decorator to None, run_after=None
[2025-05-07T19:24:37.694+0000] {processor.py:183} INFO - Processing /home/airflow/.local/lib/python3.8/site-packages/airflow/example_dags/example_python_decorator.py took 0.088 seconds
[2025-05-07T19:25:08.096+0000] {processor.py:161} INFO - Started process (PID=460) to work on /home/airflow/.local/lib/python3.8/site-packages/airflow/example_dags/example_python_decorator.py
[2025-05-07T19:25:08.097+0000] {processor.py:830} INFO - Processing file /home/airflow/.local/lib/python3.8/site-packages/airflow/example_dags/example_python_decorator.py for tasks to queue
[2025-05-07T19:25:08.100+0000] {logging_mixin.py:188} INFO - [2025-05-07T19:25:08.099+0000] {dagbag.py:538} INFO - Filling up the DagBag from /home/airflow/.local/lib/python3.8/site-packages/airflow/example_dags/example_python_decorator.py
[2025-05-07T19:25:08.112+0000] {processor.py:840} INFO - DAG(s) 'example_python_decorator' retrieved from /home/airflow/.local/lib/python3.8/site-packages/airflow/example_dags/example_python_decorator.py
[2025-05-07T19:25:08.135+0000] {logging_mixin.py:188} INFO - [2025-05-07T19:25:08.135+0000] {dag.py:3036} INFO - Sync 1 DAGs
[2025-05-07T19:25:08.147+0000] {logging_mixin.py:188} INFO - [2025-05-07T19:25:08.147+0000] {dag.py:3823} INFO - Setting next_dagrun for example_python_decorator to None, run_after=None
[2025-05-07T19:25:08.170+0000] {processor.py:183} INFO - Processing /home/airflow/.local/lib/python3.8/site-packages/airflow/example_dags/example_python_decorator.py took 0.077 seconds
[2025-05-07T19:25:38.967+0000] {processor.py:161} INFO - Started process (PID=518) to work on /home/airflow/.local/lib/python3.8/site-packages/airflow/example_dags/example_python_decorator.py
[2025-05-07T19:25:38.969+0000] {processor.py:830} INFO - Processing file /home/airflow/.local/lib/python3.8/site-packages/airflow/example_dags/example_python_decorator.py for tasks to queue
[2025-05-07T19:25:38.971+0000] {logging_mixin.py:188} INFO - [2025-05-07T19:25:38.971+0000] {dagbag.py:538} INFO - Filling up the DagBag from /home/airflow/.local/lib/python3.8/site-packages/airflow/example_dags/example_python_decorator.py
[2025-05-07T19:25:38.983+0000] {processor.py:840} INFO - DAG(s) 'example_python_decorator' retrieved from /home/airflow/.local/lib/python3.8/site-packages/airflow/example_dags/example_python_decorator.py
[2025-05-07T19:25:39.004+0000] {logging_mixin.py:188} INFO - [2025-05-07T19:25:39.004+0000] {dag.py:3036} INFO - Sync 1 DAGs
[2025-05-07T19:25:39.016+0000] {logging_mixin.py:188} INFO - [2025-05-07T19:25:39.016+0000] {dag.py:3823} INFO - Setting next_dagrun for example_python_decorator to None, run_after=None
[2025-05-07T19:25:39.036+0000] {processor.py:183} INFO - Processing /home/airflow/.local/lib/python3.8/site-packages/airflow/example_dags/example_python_decorator.py took 0.071 seconds
[2025-05-07T19:26:09.210+0000] {processor.py:161} INFO - Started process (PID=579) to work on /home/airflow/.local/lib/python3.8/site-packages/airflow/example_dags/example_python_decorator.py
[2025-05-07T19:26:09.211+0000] {processor.py:830} INFO - Processing file /home/airflow/.local/lib/python3.8/site-packages/airflow/example_dags/example_python_decorator.py for tasks to queue
[2025-05-07T19:26:09.214+0000] {logging_mixin.py:188} INFO - [2025-05-07T19:26:09.213+0000] {dagbag.py:538} INFO - Filling up the DagBag from /home/airflow/.local/lib/python3.8/site-packages/airflow/example_dags/example_python_decorator.py
[2025-05-07T19:26:09.230+0000] {processor.py:840} INFO - DAG(s) 'example_python_decorator' retrieved from /home/airflow/.local/lib/python3.8/site-packages/airflow/example_dags/example_python_decorator.py
[2025-05-07T19:26:09.257+0000] {logging_mixin.py:188} INFO - [2025-05-07T19:26:09.256+0000] {dag.py:3036} INFO - Sync 1 DAGs
[2025-05-07T19:26:09.272+0000] {logging_mixin.py:188} INFO - [2025-05-07T19:26:09.272+0000] {dag.py:3823} INFO - Setting next_dagrun for example_python_decorator to None, run_after=None
[2025-05-07T19:26:09.296+0000] {processor.py:183} INFO - Processing /home/airflow/.local/lib/python3.8/site-packages/airflow/example_dags/example_python_decorator.py took 0.089 seconds
[2025-05-07T19:26:40.829+0000] {processor.py:161} INFO - Started process (PID=644) to work on /home/airflow/.local/lib/python3.8/site-packages/airflow/example_dags/example_python_decorator.py
[2025-05-07T19:26:40.831+0000] {processor.py:830} INFO - Processing file /home/airflow/.local/lib/python3.8/site-packages/airflow/example_dags/example_python_decorator.py for tasks to queue
[2025-05-07T19:26:40.833+0000] {logging_mixin.py:188} INFO - [2025-05-07T19:26:40.832+0000] {dagbag.py:538} INFO - Filling up the DagBag from /home/airflow/.local/lib/python3.8/site-packages/airflow/example_dags/example_python_decorator.py
[2025-05-07T19:26:40.847+0000] {processor.py:840} INFO - DAG(s) 'example_python_decorator' retrieved from /home/airflow/.local/lib/python3.8/site-packages/airflow/example_dags/example_python_decorator.py
[2025-05-07T19:26:40.871+0000] {logging_mixin.py:188} INFO - [2025-05-07T19:26:40.871+0000] {dag.py:3036} INFO - Sync 1 DAGs
[2025-05-07T19:26:40.884+0000] {logging_mixin.py:188} INFO - [2025-05-07T19:26:40.884+0000] {dag.py:3823} INFO - Setting next_dagrun for example_python_decorator to None, run_after=None
[2025-05-07T19:26:40.908+0000] {processor.py:183} INFO - Processing /home/airflow/.local/lib/python3.8/site-packages/airflow/example_dags/example_python_decorator.py took 0.082 seconds
[2025-05-07T19:27:11.688+0000] {processor.py:161} INFO - Started process (PID=701) to work on /home/airflow/.local/lib/python3.8/site-packages/airflow/example_dags/example_python_decorator.py
[2025-05-07T19:27:11.690+0000] {processor.py:830} INFO - Processing file /home/airflow/.local/lib/python3.8/site-packages/airflow/example_dags/example_python_decorator.py for tasks to queue
[2025-05-07T19:27:11.692+0000] {logging_mixin.py:188} INFO - [2025-05-07T19:27:11.692+0000] {dagbag.py:538} INFO - Filling up the DagBag from /home/airflow/.local/lib/python3.8/site-packages/airflow/example_dags/example_python_decorator.py
[2025-05-07T19:27:11.707+0000] {processor.py:840} INFO - DAG(s) 'example_python_decorator' retrieved from /home/airflow/.local/lib/python3.8/site-packages/airflow/example_dags/example_python_decorator.py
[2025-05-07T19:27:11.730+0000] {logging_mixin.py:188} INFO - [2025-05-07T19:27:11.730+0000] {dag.py:3036} INFO - Sync 1 DAGs
[2025-05-07T19:27:11.743+0000] {logging_mixin.py:188} INFO - [2025-05-07T19:27:11.743+0000] {dag.py:3823} INFO - Setting next_dagrun for example_python_decorator to None, run_after=None
[2025-05-07T19:27:11.764+0000] {processor.py:183} INFO - Processing /home/airflow/.local/lib/python3.8/site-packages/airflow/example_dags/example_python_decorator.py took 0.079 seconds
[2025-05-07T19:27:42.710+0000] {processor.py:161} INFO - Started process (PID=758) to work on /home/airflow/.local/lib/python3.8/site-packages/airflow/example_dags/example_python_decorator.py
[2025-05-07T19:27:42.712+0000] {processor.py:830} INFO - Processing file /home/airflow/.local/lib/python3.8/site-packages/airflow/example_dags/example_python_decorator.py for tasks to queue
[2025-05-07T19:27:42.716+0000] {logging_mixin.py:188} INFO - [2025-05-07T19:27:42.715+0000] {dagbag.py:538} INFO - Filling up the DagBag from /home/airflow/.local/lib/python3.8/site-packages/airflow/example_dags/example_python_decorator.py
[2025-05-07T19:27:42.740+0000] {processor.py:840} INFO - DAG(s) 'example_python_decorator' retrieved from /home/airflow/.local/lib/python3.8/site-packages/airflow/example_dags/example_python_decorator.py
[2025-05-07T19:27:42.763+0000] {logging_mixin.py:188} INFO - [2025-05-07T19:27:42.762+0000] {dag.py:3036} INFO - Sync 1 DAGs
[2025-05-07T19:27:42.777+0000] {logging_mixin.py:188} INFO - [2025-05-07T19:27:42.776+0000] {dag.py:3823} INFO - Setting next_dagrun for example_python_decorator to None, run_after=None
[2025-05-07T19:27:42.809+0000] {processor.py:183} INFO - Processing /home/airflow/.local/lib/python3.8/site-packages/airflow/example_dags/example_python_decorator.py took 0.105 seconds
[2025-05-07T19:28:13.286+0000] {processor.py:161} INFO - Started process (PID=815) to work on /home/airflow/.local/lib/python3.8/site-packages/airflow/example_dags/example_python_decorator.py
[2025-05-07T19:28:13.289+0000] {processor.py:830} INFO - Processing file /home/airflow/.local/lib/python3.8/site-packages/airflow/example_dags/example_python_decorator.py for tasks to queue
[2025-05-07T19:28:13.292+0000] {logging_mixin.py:188} INFO - [2025-05-07T19:28:13.291+0000] {dagbag.py:538} INFO - Filling up the DagBag from /home/airflow/.local/lib/python3.8/site-packages/airflow/example_dags/example_python_decorator.py
[2025-05-07T19:28:13.313+0000] {processor.py:840} INFO - DAG(s) 'example_python_decorator' retrieved from /home/airflow/.local/lib/python3.8/site-packages/airflow/example_dags/example_python_decorator.py
[2025-05-07T19:28:13.338+0000] {logging_mixin.py:188} INFO - [2025-05-07T19:28:13.337+0000] {dag.py:3036} INFO - Sync 1 DAGs
[2025-05-07T19:28:13.351+0000] {logging_mixin.py:188} INFO - [2025-05-07T19:28:13.350+0000] {dag.py:3823} INFO - Setting next_dagrun for example_python_decorator to None, run_after=None
[2025-05-07T19:28:13.377+0000] {processor.py:183} INFO - Processing /home/airflow/.local/lib/python3.8/site-packages/airflow/example_dags/example_python_decorator.py took 0.098 seconds
[2025-05-07T19:28:44.161+0000] {processor.py:161} INFO - Started process (PID=873) to work on /home/airflow/.local/lib/python3.8/site-packages/airflow/example_dags/example_python_decorator.py
[2025-05-07T19:28:44.163+0000] {processor.py:830} INFO - Processing file /home/airflow/.local/lib/python3.8/site-packages/airflow/example_dags/example_python_decorator.py for tasks to queue
[2025-05-07T19:28:44.165+0000] {logging_mixin.py:188} INFO - [2025-05-07T19:28:44.165+0000] {dagbag.py:538} INFO - Filling up the DagBag from /home/airflow/.local/lib/python3.8/site-packages/airflow/example_dags/example_python_decorator.py
[2025-05-07T19:28:44.178+0000] {processor.py:840} INFO - DAG(s) 'example_python_decorator' retrieved from /home/airflow/.local/lib/python3.8/site-packages/airflow/example_dags/example_python_decorator.py
[2025-05-07T19:28:44.201+0000] {logging_mixin.py:188} INFO - [2025-05-07T19:28:44.201+0000] {dag.py:3036} INFO - Sync 1 DAGs
[2025-05-07T19:28:44.213+0000] {logging_mixin.py:188} INFO - [2025-05-07T19:28:44.213+0000] {dag.py:3823} INFO - Setting next_dagrun for example_python_decorator to None, run_after=None
[2025-05-07T19:28:44.235+0000] {processor.py:183} INFO - Processing /home/airflow/.local/lib/python3.8/site-packages/airflow/example_dags/example_python_decorator.py took 0.077 seconds
[2025-05-07T19:29:14.609+0000] {processor.py:161} INFO - Started process (PID=930) to work on /home/airflow/.local/lib/python3.8/site-packages/airflow/example_dags/example_python_decorator.py
[2025-05-07T19:29:14.611+0000] {processor.py:830} INFO - Processing file /home/airflow/.local/lib/python3.8/site-packages/airflow/example_dags/example_python_decorator.py for tasks to queue
[2025-05-07T19:29:14.615+0000] {logging_mixin.py:188} INFO - [2025-05-07T19:29:14.615+0000] {dagbag.py:538} INFO - Filling up the DagBag from /home/airflow/.local/lib/python3.8/site-packages/airflow/example_dags/example_python_decorator.py
[2025-05-07T19:29:14.631+0000] {processor.py:840} INFO - DAG(s) 'example_python_decorator' retrieved from /home/airflow/.local/lib/python3.8/site-packages/airflow/example_dags/example_python_decorator.py
[2025-05-07T19:29:14.654+0000] {logging_mixin.py:188} INFO - [2025-05-07T19:29:14.654+0000] {dag.py:3036} INFO - Sync 1 DAGs
[2025-05-07T19:29:14.666+0000] {logging_mixin.py:188} INFO - [2025-05-07T19:29:14.666+0000] {dag.py:3823} INFO - Setting next_dagrun for example_python_decorator to None, run_after=None
[2025-05-07T19:29:14.689+0000] {processor.py:183} INFO - Processing /home/airflow/.local/lib/python3.8/site-packages/airflow/example_dags/example_python_decorator.py took 0.085 seconds
[2025-05-07T19:29:45.534+0000] {processor.py:161} INFO - Started process (PID=987) to work on /home/airflow/.local/lib/python3.8/site-packages/airflow/example_dags/example_python_decorator.py
[2025-05-07T19:29:45.535+0000] {processor.py:830} INFO - Processing file /home/airflow/.local/lib/python3.8/site-packages/airflow/example_dags/example_python_decorator.py for tasks to queue
[2025-05-07T19:29:45.537+0000] {logging_mixin.py:188} INFO - [2025-05-07T19:29:45.537+0000] {dagbag.py:538} INFO - Filling up the DagBag from /home/airflow/.local/lib/python3.8/site-packages/airflow/example_dags/example_python_decorator.py
[2025-05-07T19:29:45.550+0000] {processor.py:840} INFO - DAG(s) 'example_python_decorator' retrieved from /home/airflow/.local/lib/python3.8/site-packages/airflow/example_dags/example_python_decorator.py
[2025-05-07T19:29:45.576+0000] {logging_mixin.py:188} INFO - [2025-05-07T19:29:45.576+0000] {dag.py:3036} INFO - Sync 1 DAGs
[2025-05-07T19:29:45.589+0000] {logging_mixin.py:188} INFO - [2025-05-07T19:29:45.589+0000] {dag.py:3823} INFO - Setting next_dagrun for example_python_decorator to None, run_after=None
[2025-05-07T19:29:45.612+0000] {processor.py:183} INFO - Processing /home/airflow/.local/lib/python3.8/site-packages/airflow/example_dags/example_python_decorator.py took 0.081 seconds
[2025-05-07T19:33:18.433+0000] {processor.py:161} INFO - Started process (PID=103) to work on /home/airflow/.local/lib/python3.8/site-packages/airflow/example_dags/example_python_decorator.py
[2025-05-07T19:33:18.435+0000] {processor.py:830} INFO - Processing file /home/airflow/.local/lib/python3.8/site-packages/airflow/example_dags/example_python_decorator.py for tasks to queue
[2025-05-07T19:33:18.437+0000] {logging_mixin.py:188} INFO - [2025-05-07T19:33:18.437+0000] {dagbag.py:538} INFO - Filling up the DagBag from /home/airflow/.local/lib/python3.8/site-packages/airflow/example_dags/example_python_decorator.py
[2025-05-07T19:33:18.452+0000] {processor.py:840} INFO - DAG(s) 'example_python_decorator' retrieved from /home/airflow/.local/lib/python3.8/site-packages/airflow/example_dags/example_python_decorator.py
[2025-05-07T19:33:18.465+0000] {logging_mixin.py:188} INFO - [2025-05-07T19:33:18.465+0000] {dag.py:3036} INFO - Sync 1 DAGs
[2025-05-07T19:33:18.479+0000] {logging_mixin.py:188} INFO - [2025-05-07T19:33:18.479+0000] {dag.py:3823} INFO - Setting next_dagrun for example_python_decorator to None, run_after=None
[2025-05-07T19:33:18.506+0000] {processor.py:183} INFO - Processing /home/airflow/.local/lib/python3.8/site-packages/airflow/example_dags/example_python_decorator.py took 0.076 seconds
[2025-05-07T19:33:51.112+0000] {processor.py:161} INFO - Started process (PID=160) to work on /home/airflow/.local/lib/python3.8/site-packages/airflow/example_dags/example_python_decorator.py
[2025-05-07T19:33:51.114+0000] {processor.py:830} INFO - Processing file /home/airflow/.local/lib/python3.8/site-packages/airflow/example_dags/example_python_decorator.py for tasks to queue
[2025-05-07T19:33:51.116+0000] {logging_mixin.py:188} INFO - [2025-05-07T19:33:51.116+0000] {dagbag.py:538} INFO - Filling up the DagBag from /home/airflow/.local/lib/python3.8/site-packages/airflow/example_dags/example_python_decorator.py
[2025-05-07T19:33:51.131+0000] {processor.py:840} INFO - DAG(s) 'example_python_decorator' retrieved from /home/airflow/.local/lib/python3.8/site-packages/airflow/example_dags/example_python_decorator.py
[2025-05-07T19:33:51.254+0000] {logging_mixin.py:188} INFO - [2025-05-07T19:33:51.253+0000] {dag.py:3036} INFO - Sync 1 DAGs
[2025-05-07T19:33:51.268+0000] {logging_mixin.py:188} INFO - [2025-05-07T19:33:51.267+0000] {dag.py:3823} INFO - Setting next_dagrun for example_python_decorator to None, run_after=None
[2025-05-07T19:33:51.310+0000] {processor.py:183} INFO - Processing /home/airflow/.local/lib/python3.8/site-packages/airflow/example_dags/example_python_decorator.py took 0.201 seconds
[2025-05-07T19:34:22.001+0000] {processor.py:161} INFO - Started process (PID=217) to work on /home/airflow/.local/lib/python3.8/site-packages/airflow/example_dags/example_python_decorator.py
[2025-05-07T19:34:22.002+0000] {processor.py:830} INFO - Processing file /home/airflow/.local/lib/python3.8/site-packages/airflow/example_dags/example_python_decorator.py for tasks to queue
[2025-05-07T19:34:22.004+0000] {logging_mixin.py:188} INFO - [2025-05-07T19:34:22.004+0000] {dagbag.py:538} INFO - Filling up the DagBag from /home/airflow/.local/lib/python3.8/site-packages/airflow/example_dags/example_python_decorator.py
[2025-05-07T19:34:22.016+0000] {processor.py:840} INFO - DAG(s) 'example_python_decorator' retrieved from /home/airflow/.local/lib/python3.8/site-packages/airflow/example_dags/example_python_decorator.py
[2025-05-07T19:34:22.038+0000] {logging_mixin.py:188} INFO - [2025-05-07T19:34:22.037+0000] {dag.py:3036} INFO - Sync 1 DAGs
[2025-05-07T19:34:22.049+0000] {logging_mixin.py:188} INFO - [2025-05-07T19:34:22.049+0000] {dag.py:3823} INFO - Setting next_dagrun for example_python_decorator to None, run_after=None
[2025-05-07T19:34:22.070+0000] {processor.py:183} INFO - Processing /home/airflow/.local/lib/python3.8/site-packages/airflow/example_dags/example_python_decorator.py took 0.072 seconds
[2025-05-07T19:34:52.533+0000] {processor.py:161} INFO - Started process (PID=274) to work on /home/airflow/.local/lib/python3.8/site-packages/airflow/example_dags/example_python_decorator.py
[2025-05-07T19:34:52.534+0000] {processor.py:830} INFO - Processing file /home/airflow/.local/lib/python3.8/site-packages/airflow/example_dags/example_python_decorator.py for tasks to queue
[2025-05-07T19:34:52.537+0000] {logging_mixin.py:188} INFO - [2025-05-07T19:34:52.536+0000] {dagbag.py:538} INFO - Filling up the DagBag from /home/airflow/.local/lib/python3.8/site-packages/airflow/example_dags/example_python_decorator.py
[2025-05-07T19:34:52.553+0000] {processor.py:840} INFO - DAG(s) 'example_python_decorator' retrieved from /home/airflow/.local/lib/python3.8/site-packages/airflow/example_dags/example_python_decorator.py
[2025-05-07T19:34:52.579+0000] {logging_mixin.py:188} INFO - [2025-05-07T19:34:52.579+0000] {dag.py:3036} INFO - Sync 1 DAGs
[2025-05-07T19:34:52.593+0000] {logging_mixin.py:188} INFO - [2025-05-07T19:34:52.593+0000] {dag.py:3823} INFO - Setting next_dagrun for example_python_decorator to None, run_after=None
[2025-05-07T19:34:52.617+0000] {processor.py:183} INFO - Processing /home/airflow/.local/lib/python3.8/site-packages/airflow/example_dags/example_python_decorator.py took 0.089 seconds
[2025-05-07T19:35:23.280+0000] {processor.py:161} INFO - Started process (PID=331) to work on /home/airflow/.local/lib/python3.8/site-packages/airflow/example_dags/example_python_decorator.py
[2025-05-07T19:35:23.282+0000] {processor.py:830} INFO - Processing file /home/airflow/.local/lib/python3.8/site-packages/airflow/example_dags/example_python_decorator.py for tasks to queue
[2025-05-07T19:35:23.285+0000] {logging_mixin.py:188} INFO - [2025-05-07T19:35:23.285+0000] {dagbag.py:538} INFO - Filling up the DagBag from /home/airflow/.local/lib/python3.8/site-packages/airflow/example_dags/example_python_decorator.py
[2025-05-07T19:35:23.308+0000] {processor.py:840} INFO - DAG(s) 'example_python_decorator' retrieved from /home/airflow/.local/lib/python3.8/site-packages/airflow/example_dags/example_python_decorator.py
[2025-05-07T19:35:23.339+0000] {logging_mixin.py:188} INFO - [2025-05-07T19:35:23.338+0000] {dag.py:3036} INFO - Sync 1 DAGs
[2025-05-07T19:35:23.352+0000] {logging_mixin.py:188} INFO - [2025-05-07T19:35:23.351+0000] {dag.py:3823} INFO - Setting next_dagrun for example_python_decorator to None, run_after=None
[2025-05-07T19:35:23.381+0000] {processor.py:183} INFO - Processing /home/airflow/.local/lib/python3.8/site-packages/airflow/example_dags/example_python_decorator.py took 0.104 seconds
[2025-05-07T19:35:53.513+0000] {processor.py:161} INFO - Started process (PID=388) to work on /home/airflow/.local/lib/python3.8/site-packages/airflow/example_dags/example_python_decorator.py
[2025-05-07T19:35:53.514+0000] {processor.py:830} INFO - Processing file /home/airflow/.local/lib/python3.8/site-packages/airflow/example_dags/example_python_decorator.py for tasks to queue
[2025-05-07T19:35:53.516+0000] {logging_mixin.py:188} INFO - [2025-05-07T19:35:53.516+0000] {dagbag.py:538} INFO - Filling up the DagBag from /home/airflow/.local/lib/python3.8/site-packages/airflow/example_dags/example_python_decorator.py
[2025-05-07T19:35:53.530+0000] {processor.py:840} INFO - DAG(s) 'example_python_decorator' retrieved from /home/airflow/.local/lib/python3.8/site-packages/airflow/example_dags/example_python_decorator.py
[2025-05-07T19:35:53.553+0000] {logging_mixin.py:188} INFO - [2025-05-07T19:35:53.552+0000] {dag.py:3036} INFO - Sync 1 DAGs
[2025-05-07T19:35:53.565+0000] {logging_mixin.py:188} INFO - [2025-05-07T19:35:53.565+0000] {dag.py:3823} INFO - Setting next_dagrun for example_python_decorator to None, run_after=None
[2025-05-07T19:35:53.587+0000] {processor.py:183} INFO - Processing /home/airflow/.local/lib/python3.8/site-packages/airflow/example_dags/example_python_decorator.py took 0.078 seconds
[2025-05-07T19:36:24.059+0000] {processor.py:161} INFO - Started process (PID=445) to work on /home/airflow/.local/lib/python3.8/site-packages/airflow/example_dags/example_python_decorator.py
[2025-05-07T19:36:24.060+0000] {processor.py:830} INFO - Processing file /home/airflow/.local/lib/python3.8/site-packages/airflow/example_dags/example_python_decorator.py for tasks to queue
[2025-05-07T19:36:24.063+0000] {logging_mixin.py:188} INFO - [2025-05-07T19:36:24.062+0000] {dagbag.py:538} INFO - Filling up the DagBag from /home/airflow/.local/lib/python3.8/site-packages/airflow/example_dags/example_python_decorator.py
[2025-05-07T19:36:24.076+0000] {processor.py:840} INFO - DAG(s) 'example_python_decorator' retrieved from /home/airflow/.local/lib/python3.8/site-packages/airflow/example_dags/example_python_decorator.py
[2025-05-07T19:36:24.100+0000] {logging_mixin.py:188} INFO - [2025-05-07T19:36:24.100+0000] {dag.py:3036} INFO - Sync 1 DAGs
[2025-05-07T19:36:24.113+0000] {logging_mixin.py:188} INFO - [2025-05-07T19:36:24.113+0000] {dag.py:3823} INFO - Setting next_dagrun for example_python_decorator to None, run_after=None
[2025-05-07T19:36:24.137+0000] {processor.py:183} INFO - Processing /home/airflow/.local/lib/python3.8/site-packages/airflow/example_dags/example_python_decorator.py took 0.081 seconds
[2025-05-07T19:36:54.704+0000] {processor.py:161} INFO - Started process (PID=502) to work on /home/airflow/.local/lib/python3.8/site-packages/airflow/example_dags/example_python_decorator.py
[2025-05-07T19:36:54.705+0000] {processor.py:830} INFO - Processing file /home/airflow/.local/lib/python3.8/site-packages/airflow/example_dags/example_python_decorator.py for tasks to queue
[2025-05-07T19:36:54.707+0000] {logging_mixin.py:188} INFO - [2025-05-07T19:36:54.707+0000] {dagbag.py:538} INFO - Filling up the DagBag from /home/airflow/.local/lib/python3.8/site-packages/airflow/example_dags/example_python_decorator.py
[2025-05-07T19:36:54.719+0000] {processor.py:840} INFO - DAG(s) 'example_python_decorator' retrieved from /home/airflow/.local/lib/python3.8/site-packages/airflow/example_dags/example_python_decorator.py
[2025-05-07T19:36:54.742+0000] {logging_mixin.py:188} INFO - [2025-05-07T19:36:54.741+0000] {dag.py:3036} INFO - Sync 1 DAGs
[2025-05-07T19:36:54.753+0000] {logging_mixin.py:188} INFO - [2025-05-07T19:36:54.753+0000] {dag.py:3823} INFO - Setting next_dagrun for example_python_decorator to None, run_after=None
[2025-05-07T19:36:54.777+0000] {processor.py:183} INFO - Processing /home/airflow/.local/lib/python3.8/site-packages/airflow/example_dags/example_python_decorator.py took 0.076 seconds
[2025-05-07T19:37:25.133+0000] {processor.py:161} INFO - Started process (PID=559) to work on /home/airflow/.local/lib/python3.8/site-packages/airflow/example_dags/example_python_decorator.py
[2025-05-07T19:37:25.135+0000] {processor.py:830} INFO - Processing file /home/airflow/.local/lib/python3.8/site-packages/airflow/example_dags/example_python_decorator.py for tasks to queue
[2025-05-07T19:37:25.137+0000] {logging_mixin.py:188} INFO - [2025-05-07T19:37:25.137+0000] {dagbag.py:538} INFO - Filling up the DagBag from /home/airflow/.local/lib/python3.8/site-packages/airflow/example_dags/example_python_decorator.py
[2025-05-07T19:37:25.151+0000] {processor.py:840} INFO - DAG(s) 'example_python_decorator' retrieved from /home/airflow/.local/lib/python3.8/site-packages/airflow/example_dags/example_python_decorator.py
[2025-05-07T19:37:25.174+0000] {logging_mixin.py:188} INFO - [2025-05-07T19:37:25.174+0000] {dag.py:3036} INFO - Sync 1 DAGs
[2025-05-07T19:37:25.187+0000] {logging_mixin.py:188} INFO - [2025-05-07T19:37:25.187+0000] {dag.py:3823} INFO - Setting next_dagrun for example_python_decorator to None, run_after=None
[2025-05-07T19:37:25.212+0000] {processor.py:183} INFO - Processing /home/airflow/.local/lib/python3.8/site-packages/airflow/example_dags/example_python_decorator.py took 0.082 seconds
[2025-05-07T19:37:55.933+0000] {processor.py:161} INFO - Started process (PID=616) to work on /home/airflow/.local/lib/python3.8/site-packages/airflow/example_dags/example_python_decorator.py
[2025-05-07T19:37:55.936+0000] {processor.py:830} INFO - Processing file /home/airflow/.local/lib/python3.8/site-packages/airflow/example_dags/example_python_decorator.py for tasks to queue
[2025-05-07T19:37:55.939+0000] {logging_mixin.py:188} INFO - [2025-05-07T19:37:55.939+0000] {dagbag.py:538} INFO - Filling up the DagBag from /home/airflow/.local/lib/python3.8/site-packages/airflow/example_dags/example_python_decorator.py
[2025-05-07T19:37:55.956+0000] {processor.py:840} INFO - DAG(s) 'example_python_decorator' retrieved from /home/airflow/.local/lib/python3.8/site-packages/airflow/example_dags/example_python_decorator.py
[2025-05-07T19:37:55.981+0000] {logging_mixin.py:188} INFO - [2025-05-07T19:37:55.980+0000] {dag.py:3036} INFO - Sync 1 DAGs
[2025-05-07T19:37:55.993+0000] {logging_mixin.py:188} INFO - [2025-05-07T19:37:55.993+0000] {dag.py:3823} INFO - Setting next_dagrun for example_python_decorator to None, run_after=None
[2025-05-07T19:37:56.015+0000] {processor.py:183} INFO - Processing /home/airflow/.local/lib/python3.8/site-packages/airflow/example_dags/example_python_decorator.py took 0.089 seconds
[2025-05-07T19:38:26.321+0000] {processor.py:161} INFO - Started process (PID=673) to work on /home/airflow/.local/lib/python3.8/site-packages/airflow/example_dags/example_python_decorator.py
[2025-05-07T19:38:26.322+0000] {processor.py:830} INFO - Processing file /home/airflow/.local/lib/python3.8/site-packages/airflow/example_dags/example_python_decorator.py for tasks to queue
[2025-05-07T19:38:26.324+0000] {logging_mixin.py:188} INFO - [2025-05-07T19:38:26.324+0000] {dagbag.py:538} INFO - Filling up the DagBag from /home/airflow/.local/lib/python3.8/site-packages/airflow/example_dags/example_python_decorator.py
[2025-05-07T19:38:26.338+0000] {processor.py:840} INFO - DAG(s) 'example_python_decorator' retrieved from /home/airflow/.local/lib/python3.8/site-packages/airflow/example_dags/example_python_decorator.py
[2025-05-07T19:38:26.362+0000] {logging_mixin.py:188} INFO - [2025-05-07T19:38:26.362+0000] {dag.py:3036} INFO - Sync 1 DAGs
[2025-05-07T19:38:26.374+0000] {logging_mixin.py:188} INFO - [2025-05-07T19:38:26.374+0000] {dag.py:3823} INFO - Setting next_dagrun for example_python_decorator to None, run_after=None
[2025-05-07T19:38:26.402+0000] {processor.py:183} INFO - Processing /home/airflow/.local/lib/python3.8/site-packages/airflow/example_dags/example_python_decorator.py took 0.084 seconds
[2025-05-07T19:38:56.554+0000] {processor.py:161} INFO - Started process (PID=729) to work on /home/airflow/.local/lib/python3.8/site-packages/airflow/example_dags/example_python_decorator.py
[2025-05-07T19:38:56.556+0000] {processor.py:830} INFO - Processing file /home/airflow/.local/lib/python3.8/site-packages/airflow/example_dags/example_python_decorator.py for tasks to queue
[2025-05-07T19:38:56.561+0000] {logging_mixin.py:188} INFO - [2025-05-07T19:38:56.560+0000] {dagbag.py:538} INFO - Filling up the DagBag from /home/airflow/.local/lib/python3.8/site-packages/airflow/example_dags/example_python_decorator.py
[2025-05-07T19:38:56.586+0000] {processor.py:840} INFO - DAG(s) 'example_python_decorator' retrieved from /home/airflow/.local/lib/python3.8/site-packages/airflow/example_dags/example_python_decorator.py
[2025-05-07T19:38:56.616+0000] {logging_mixin.py:188} INFO - [2025-05-07T19:38:56.615+0000] {dag.py:3036} INFO - Sync 1 DAGs
[2025-05-07T19:38:56.630+0000] {logging_mixin.py:188} INFO - [2025-05-07T19:38:56.629+0000] {dag.py:3823} INFO - Setting next_dagrun for example_python_decorator to None, run_after=None
[2025-05-07T19:38:56.652+0000] {processor.py:183} INFO - Processing /home/airflow/.local/lib/python3.8/site-packages/airflow/example_dags/example_python_decorator.py took 0.105 seconds
[2025-05-07T19:39:27.174+0000] {processor.py:161} INFO - Started process (PID=787) to work on /home/airflow/.local/lib/python3.8/site-packages/airflow/example_dags/example_python_decorator.py
[2025-05-07T19:39:27.176+0000] {processor.py:830} INFO - Processing file /home/airflow/.local/lib/python3.8/site-packages/airflow/example_dags/example_python_decorator.py for tasks to queue
[2025-05-07T19:39:27.180+0000] {logging_mixin.py:188} INFO - [2025-05-07T19:39:27.180+0000] {dagbag.py:538} INFO - Filling up the DagBag from /home/airflow/.local/lib/python3.8/site-packages/airflow/example_dags/example_python_decorator.py
[2025-05-07T19:39:27.194+0000] {processor.py:840} INFO - DAG(s) 'example_python_decorator' retrieved from /home/airflow/.local/lib/python3.8/site-packages/airflow/example_dags/example_python_decorator.py
[2025-05-07T19:39:27.220+0000] {logging_mixin.py:188} INFO - [2025-05-07T19:39:27.219+0000] {dag.py:3036} INFO - Sync 1 DAGs
[2025-05-07T19:39:27.232+0000] {logging_mixin.py:188} INFO - [2025-05-07T19:39:27.232+0000] {dag.py:3823} INFO - Setting next_dagrun for example_python_decorator to None, run_after=None
[2025-05-07T19:39:27.257+0000] {processor.py:183} INFO - Processing /home/airflow/.local/lib/python3.8/site-packages/airflow/example_dags/example_python_decorator.py took 0.087 seconds
[2025-05-07T19:39:57.660+0000] {processor.py:161} INFO - Started process (PID=844) to work on /home/airflow/.local/lib/python3.8/site-packages/airflow/example_dags/example_python_decorator.py
[2025-05-07T19:39:57.661+0000] {processor.py:830} INFO - Processing file /home/airflow/.local/lib/python3.8/site-packages/airflow/example_dags/example_python_decorator.py for tasks to queue
[2025-05-07T19:39:57.663+0000] {logging_mixin.py:188} INFO - [2025-05-07T19:39:57.663+0000] {dagbag.py:538} INFO - Filling up the DagBag from /home/airflow/.local/lib/python3.8/site-packages/airflow/example_dags/example_python_decorator.py
[2025-05-07T19:39:57.677+0000] {processor.py:840} INFO - DAG(s) 'example_python_decorator' retrieved from /home/airflow/.local/lib/python3.8/site-packages/airflow/example_dags/example_python_decorator.py
[2025-05-07T19:39:57.703+0000] {logging_mixin.py:188} INFO - [2025-05-07T19:39:57.703+0000] {dag.py:3036} INFO - Sync 1 DAGs
[2025-05-07T19:39:57.718+0000] {logging_mixin.py:188} INFO - [2025-05-07T19:39:57.717+0000] {dag.py:3823} INFO - Setting next_dagrun for example_python_decorator to None, run_after=None
[2025-05-07T19:39:57.743+0000] {processor.py:183} INFO - Processing /home/airflow/.local/lib/python3.8/site-packages/airflow/example_dags/example_python_decorator.py took 0.086 seconds
[2025-05-07T19:40:28.641+0000] {processor.py:161} INFO - Started process (PID=901) to work on /home/airflow/.local/lib/python3.8/site-packages/airflow/example_dags/example_python_decorator.py
[2025-05-07T19:40:28.643+0000] {processor.py:830} INFO - Processing file /home/airflow/.local/lib/python3.8/site-packages/airflow/example_dags/example_python_decorator.py for tasks to queue
[2025-05-07T19:40:28.645+0000] {logging_mixin.py:188} INFO - [2025-05-07T19:40:28.645+0000] {dagbag.py:538} INFO - Filling up the DagBag from /home/airflow/.local/lib/python3.8/site-packages/airflow/example_dags/example_python_decorator.py
[2025-05-07T19:40:28.658+0000] {processor.py:840} INFO - DAG(s) 'example_python_decorator' retrieved from /home/airflow/.local/lib/python3.8/site-packages/airflow/example_dags/example_python_decorator.py
[2025-05-07T19:40:28.684+0000] {logging_mixin.py:188} INFO - [2025-05-07T19:40:28.684+0000] {dag.py:3036} INFO - Sync 1 DAGs
[2025-05-07T19:40:28.699+0000] {logging_mixin.py:188} INFO - [2025-05-07T19:40:28.699+0000] {dag.py:3823} INFO - Setting next_dagrun for example_python_decorator to None, run_after=None
[2025-05-07T19:40:28.723+0000] {processor.py:183} INFO - Processing /home/airflow/.local/lib/python3.8/site-packages/airflow/example_dags/example_python_decorator.py took 0.085 seconds
[2025-05-07T19:40:59.008+0000] {processor.py:161} INFO - Started process (PID=958) to work on /home/airflow/.local/lib/python3.8/site-packages/airflow/example_dags/example_python_decorator.py
[2025-05-07T19:40:59.012+0000] {processor.py:830} INFO - Processing file /home/airflow/.local/lib/python3.8/site-packages/airflow/example_dags/example_python_decorator.py for tasks to queue
[2025-05-07T19:40:59.015+0000] {logging_mixin.py:188} INFO - [2025-05-07T19:40:59.015+0000] {dagbag.py:538} INFO - Filling up the DagBag from /home/airflow/.local/lib/python3.8/site-packages/airflow/example_dags/example_python_decorator.py
[2025-05-07T19:40:59.031+0000] {processor.py:840} INFO - DAG(s) 'example_python_decorator' retrieved from /home/airflow/.local/lib/python3.8/site-packages/airflow/example_dags/example_python_decorator.py
[2025-05-07T19:40:59.053+0000] {logging_mixin.py:188} INFO - [2025-05-07T19:40:59.053+0000] {dag.py:3036} INFO - Sync 1 DAGs
[2025-05-07T19:40:59.065+0000] {logging_mixin.py:188} INFO - [2025-05-07T19:40:59.065+0000] {dag.py:3823} INFO - Setting next_dagrun for example_python_decorator to None, run_after=None
[2025-05-07T19:40:59.088+0000] {processor.py:183} INFO - Processing /home/airflow/.local/lib/python3.8/site-packages/airflow/example_dags/example_python_decorator.py took 0.082 seconds
[2025-05-07T19:41:29.541+0000] {processor.py:161} INFO - Started process (PID=1015) to work on /home/airflow/.local/lib/python3.8/site-packages/airflow/example_dags/example_python_decorator.py
[2025-05-07T19:41:29.543+0000] {processor.py:830} INFO - Processing file /home/airflow/.local/lib/python3.8/site-packages/airflow/example_dags/example_python_decorator.py for tasks to queue
[2025-05-07T19:41:29.546+0000] {logging_mixin.py:188} INFO - [2025-05-07T19:41:29.546+0000] {dagbag.py:538} INFO - Filling up the DagBag from /home/airflow/.local/lib/python3.8/site-packages/airflow/example_dags/example_python_decorator.py
[2025-05-07T19:41:29.560+0000] {processor.py:840} INFO - DAG(s) 'example_python_decorator' retrieved from /home/airflow/.local/lib/python3.8/site-packages/airflow/example_dags/example_python_decorator.py
[2025-05-07T19:41:29.583+0000] {logging_mixin.py:188} INFO - [2025-05-07T19:41:29.582+0000] {dag.py:3036} INFO - Sync 1 DAGs
[2025-05-07T19:41:29.595+0000] {logging_mixin.py:188} INFO - [2025-05-07T19:41:29.594+0000] {dag.py:3823} INFO - Setting next_dagrun for example_python_decorator to None, run_after=None
[2025-05-07T19:41:29.616+0000] {processor.py:183} INFO - Processing /home/airflow/.local/lib/python3.8/site-packages/airflow/example_dags/example_python_decorator.py took 0.079 seconds
[2025-05-07T19:41:59.909+0000] {processor.py:161} INFO - Started process (PID=1071) to work on /home/airflow/.local/lib/python3.8/site-packages/airflow/example_dags/example_python_decorator.py
[2025-05-07T19:41:59.911+0000] {processor.py:830} INFO - Processing file /home/airflow/.local/lib/python3.8/site-packages/airflow/example_dags/example_python_decorator.py for tasks to queue
[2025-05-07T19:41:59.915+0000] {logging_mixin.py:188} INFO - [2025-05-07T19:41:59.915+0000] {dagbag.py:538} INFO - Filling up the DagBag from /home/airflow/.local/lib/python3.8/site-packages/airflow/example_dags/example_python_decorator.py
[2025-05-07T19:41:59.933+0000] {processor.py:840} INFO - DAG(s) 'example_python_decorator' retrieved from /home/airflow/.local/lib/python3.8/site-packages/airflow/example_dags/example_python_decorator.py
[2025-05-07T19:41:59.967+0000] {logging_mixin.py:188} INFO - [2025-05-07T19:41:59.967+0000] {dag.py:3036} INFO - Sync 1 DAGs
[2025-05-07T19:41:59.988+0000] {logging_mixin.py:188} INFO - [2025-05-07T19:41:59.987+0000] {dag.py:3823} INFO - Setting next_dagrun for example_python_decorator to None, run_after=None
[2025-05-07T19:42:00.024+0000] {processor.py:183} INFO - Processing /home/airflow/.local/lib/python3.8/site-packages/airflow/example_dags/example_python_decorator.py took 0.119 seconds
[2025-05-07T19:42:30.183+0000] {processor.py:161} INFO - Started process (PID=1128) to work on /home/airflow/.local/lib/python3.8/site-packages/airflow/example_dags/example_python_decorator.py
[2025-05-07T19:42:30.184+0000] {processor.py:830} INFO - Processing file /home/airflow/.local/lib/python3.8/site-packages/airflow/example_dags/example_python_decorator.py for tasks to queue
[2025-05-07T19:42:30.186+0000] {logging_mixin.py:188} INFO - [2025-05-07T19:42:30.186+0000] {dagbag.py:538} INFO - Filling up the DagBag from /home/airflow/.local/lib/python3.8/site-packages/airflow/example_dags/example_python_decorator.py
[2025-05-07T19:42:30.199+0000] {processor.py:840} INFO - DAG(s) 'example_python_decorator' retrieved from /home/airflow/.local/lib/python3.8/site-packages/airflow/example_dags/example_python_decorator.py
[2025-05-07T19:42:30.223+0000] {logging_mixin.py:188} INFO - [2025-05-07T19:42:30.222+0000] {dag.py:3036} INFO - Sync 1 DAGs
[2025-05-07T19:42:30.242+0000] {logging_mixin.py:188} INFO - [2025-05-07T19:42:30.241+0000] {dag.py:3823} INFO - Setting next_dagrun for example_python_decorator to None, run_after=None
[2025-05-07T19:42:30.269+0000] {processor.py:183} INFO - Processing /home/airflow/.local/lib/python3.8/site-packages/airflow/example_dags/example_python_decorator.py took 0.090 seconds
[2025-05-07T19:43:01.149+0000] {processor.py:161} INFO - Started process (PID=1185) to work on /home/airflow/.local/lib/python3.8/site-packages/airflow/example_dags/example_python_decorator.py
[2025-05-07T19:43:01.150+0000] {processor.py:830} INFO - Processing file /home/airflow/.local/lib/python3.8/site-packages/airflow/example_dags/example_python_decorator.py for tasks to queue
[2025-05-07T19:43:01.153+0000] {logging_mixin.py:188} INFO - [2025-05-07T19:43:01.153+0000] {dagbag.py:538} INFO - Filling up the DagBag from /home/airflow/.local/lib/python3.8/site-packages/airflow/example_dags/example_python_decorator.py
[2025-05-07T19:43:01.170+0000] {processor.py:840} INFO - DAG(s) 'example_python_decorator' retrieved from /home/airflow/.local/lib/python3.8/site-packages/airflow/example_dags/example_python_decorator.py
[2025-05-07T19:43:01.193+0000] {logging_mixin.py:188} INFO - [2025-05-07T19:43:01.192+0000] {dag.py:3036} INFO - Sync 1 DAGs
[2025-05-07T19:43:01.204+0000] {logging_mixin.py:188} INFO - [2025-05-07T19:43:01.204+0000] {dag.py:3823} INFO - Setting next_dagrun for example_python_decorator to None, run_after=None
[2025-05-07T19:43:01.222+0000] {processor.py:183} INFO - Processing /home/airflow/.local/lib/python3.8/site-packages/airflow/example_dags/example_python_decorator.py took 0.078 seconds
[2025-05-07T19:43:32.070+0000] {processor.py:161} INFO - Started process (PID=1242) to work on /home/airflow/.local/lib/python3.8/site-packages/airflow/example_dags/example_python_decorator.py
[2025-05-07T19:43:32.072+0000] {processor.py:830} INFO - Processing file /home/airflow/.local/lib/python3.8/site-packages/airflow/example_dags/example_python_decorator.py for tasks to queue
[2025-05-07T19:43:32.074+0000] {logging_mixin.py:188} INFO - [2025-05-07T19:43:32.074+0000] {dagbag.py:538} INFO - Filling up the DagBag from /home/airflow/.local/lib/python3.8/site-packages/airflow/example_dags/example_python_decorator.py
[2025-05-07T19:43:32.088+0000] {processor.py:840} INFO - DAG(s) 'example_python_decorator' retrieved from /home/airflow/.local/lib/python3.8/site-packages/airflow/example_dags/example_python_decorator.py
[2025-05-07T19:43:32.111+0000] {logging_mixin.py:188} INFO - [2025-05-07T19:43:32.110+0000] {dag.py:3036} INFO - Sync 1 DAGs
[2025-05-07T19:43:32.124+0000] {logging_mixin.py:188} INFO - [2025-05-07T19:43:32.123+0000] {dag.py:3823} INFO - Setting next_dagrun for example_python_decorator to None, run_after=None
[2025-05-07T19:43:32.146+0000] {processor.py:183} INFO - Processing /home/airflow/.local/lib/python3.8/site-packages/airflow/example_dags/example_python_decorator.py took 0.079 seconds
[2025-05-07T19:44:02.437+0000] {processor.py:161} INFO - Started process (PID=1299) to work on /home/airflow/.local/lib/python3.8/site-packages/airflow/example_dags/example_python_decorator.py
[2025-05-07T19:44:02.439+0000] {processor.py:830} INFO - Processing file /home/airflow/.local/lib/python3.8/site-packages/airflow/example_dags/example_python_decorator.py for tasks to queue
[2025-05-07T19:44:02.441+0000] {logging_mixin.py:188} INFO - [2025-05-07T19:44:02.441+0000] {dagbag.py:538} INFO - Filling up the DagBag from /home/airflow/.local/lib/python3.8/site-packages/airflow/example_dags/example_python_decorator.py
[2025-05-07T19:44:02.458+0000] {processor.py:840} INFO - DAG(s) 'example_python_decorator' retrieved from /home/airflow/.local/lib/python3.8/site-packages/airflow/example_dags/example_python_decorator.py
[2025-05-07T19:44:02.484+0000] {logging_mixin.py:188} INFO - [2025-05-07T19:44:02.484+0000] {dag.py:3036} INFO - Sync 1 DAGs
[2025-05-07T19:44:02.503+0000] {logging_mixin.py:188} INFO - [2025-05-07T19:44:02.502+0000] {dag.py:3823} INFO - Setting next_dagrun for example_python_decorator to None, run_after=None
[2025-05-07T19:44:02.525+0000] {processor.py:183} INFO - Processing /home/airflow/.local/lib/python3.8/site-packages/airflow/example_dags/example_python_decorator.py took 0.091 seconds
[2025-05-07T19:44:32.875+0000] {processor.py:161} INFO - Started process (PID=1356) to work on /home/airflow/.local/lib/python3.8/site-packages/airflow/example_dags/example_python_decorator.py
[2025-05-07T19:44:32.877+0000] {processor.py:830} INFO - Processing file /home/airflow/.local/lib/python3.8/site-packages/airflow/example_dags/example_python_decorator.py for tasks to queue
[2025-05-07T19:44:32.880+0000] {logging_mixin.py:188} INFO - [2025-05-07T19:44:32.880+0000] {dagbag.py:538} INFO - Filling up the DagBag from /home/airflow/.local/lib/python3.8/site-packages/airflow/example_dags/example_python_decorator.py
[2025-05-07T19:44:32.898+0000] {processor.py:840} INFO - DAG(s) 'example_python_decorator' retrieved from /home/airflow/.local/lib/python3.8/site-packages/airflow/example_dags/example_python_decorator.py
[2025-05-07T19:44:32.924+0000] {logging_mixin.py:188} INFO - [2025-05-07T19:44:32.924+0000] {dag.py:3036} INFO - Sync 1 DAGs
[2025-05-07T19:44:32.938+0000] {logging_mixin.py:188} INFO - [2025-05-07T19:44:32.938+0000] {dag.py:3823} INFO - Setting next_dagrun for example_python_decorator to None, run_after=None
[2025-05-07T19:44:32.961+0000] {processor.py:183} INFO - Processing /home/airflow/.local/lib/python3.8/site-packages/airflow/example_dags/example_python_decorator.py took 0.089 seconds
[2025-05-07T19:45:03.419+0000] {processor.py:161} INFO - Started process (PID=1413) to work on /home/airflow/.local/lib/python3.8/site-packages/airflow/example_dags/example_python_decorator.py
[2025-05-07T19:45:03.421+0000] {processor.py:830} INFO - Processing file /home/airflow/.local/lib/python3.8/site-packages/airflow/example_dags/example_python_decorator.py for tasks to queue
[2025-05-07T19:45:03.423+0000] {logging_mixin.py:188} INFO - [2025-05-07T19:45:03.423+0000] {dagbag.py:538} INFO - Filling up the DagBag from /home/airflow/.local/lib/python3.8/site-packages/airflow/example_dags/example_python_decorator.py
[2025-05-07T19:45:03.438+0000] {processor.py:840} INFO - DAG(s) 'example_python_decorator' retrieved from /home/airflow/.local/lib/python3.8/site-packages/airflow/example_dags/example_python_decorator.py
[2025-05-07T19:45:03.460+0000] {logging_mixin.py:188} INFO - [2025-05-07T19:45:03.460+0000] {dag.py:3036} INFO - Sync 1 DAGs
[2025-05-07T19:45:03.473+0000] {logging_mixin.py:188} INFO - [2025-05-07T19:45:03.472+0000] {dag.py:3823} INFO - Setting next_dagrun for example_python_decorator to None, run_after=None
[2025-05-07T19:45:03.498+0000] {processor.py:183} INFO - Processing /home/airflow/.local/lib/python3.8/site-packages/airflow/example_dags/example_python_decorator.py took 0.082 seconds
[2025-05-07T19:45:33.981+0000] {processor.py:161} INFO - Started process (PID=1470) to work on /home/airflow/.local/lib/python3.8/site-packages/airflow/example_dags/example_python_decorator.py
[2025-05-07T19:45:33.982+0000] {processor.py:830} INFO - Processing file /home/airflow/.local/lib/python3.8/site-packages/airflow/example_dags/example_python_decorator.py for tasks to queue
[2025-05-07T19:45:33.985+0000] {logging_mixin.py:188} INFO - [2025-05-07T19:45:33.985+0000] {dagbag.py:538} INFO - Filling up the DagBag from /home/airflow/.local/lib/python3.8/site-packages/airflow/example_dags/example_python_decorator.py
[2025-05-07T19:45:33.998+0000] {processor.py:840} INFO - DAG(s) 'example_python_decorator' retrieved from /home/airflow/.local/lib/python3.8/site-packages/airflow/example_dags/example_python_decorator.py
[2025-05-07T19:45:34.020+0000] {logging_mixin.py:188} INFO - [2025-05-07T19:45:34.020+0000] {dag.py:3036} INFO - Sync 1 DAGs
[2025-05-07T19:45:34.032+0000] {logging_mixin.py:188} INFO - [2025-05-07T19:45:34.032+0000] {dag.py:3823} INFO - Setting next_dagrun for example_python_decorator to None, run_after=None
[2025-05-07T19:45:34.063+0000] {processor.py:183} INFO - Processing /home/airflow/.local/lib/python3.8/site-packages/airflow/example_dags/example_python_decorator.py took 0.085 seconds
[2025-05-07T19:46:04.722+0000] {processor.py:161} INFO - Started process (PID=1527) to work on /home/airflow/.local/lib/python3.8/site-packages/airflow/example_dags/example_python_decorator.py
[2025-05-07T19:46:04.725+0000] {processor.py:830} INFO - Processing file /home/airflow/.local/lib/python3.8/site-packages/airflow/example_dags/example_python_decorator.py for tasks to queue
[2025-05-07T19:46:04.727+0000] {logging_mixin.py:188} INFO - [2025-05-07T19:46:04.727+0000] {dagbag.py:538} INFO - Filling up the DagBag from /home/airflow/.local/lib/python3.8/site-packages/airflow/example_dags/example_python_decorator.py
[2025-05-07T19:46:04.741+0000] {processor.py:840} INFO - DAG(s) 'example_python_decorator' retrieved from /home/airflow/.local/lib/python3.8/site-packages/airflow/example_dags/example_python_decorator.py
[2025-05-07T19:46:04.764+0000] {logging_mixin.py:188} INFO - [2025-05-07T19:46:04.764+0000] {dag.py:3036} INFO - Sync 1 DAGs
[2025-05-07T19:46:04.777+0000] {logging_mixin.py:188} INFO - [2025-05-07T19:46:04.777+0000] {dag.py:3823} INFO - Setting next_dagrun for example_python_decorator to None, run_after=None
[2025-05-07T19:46:05.007+0000] {processor.py:183} INFO - Processing /home/airflow/.local/lib/python3.8/site-packages/airflow/example_dags/example_python_decorator.py took 0.288 seconds
[2025-05-07T19:46:35.961+0000] {processor.py:161} INFO - Started process (PID=1584) to work on /home/airflow/.local/lib/python3.8/site-packages/airflow/example_dags/example_python_decorator.py
[2025-05-07T19:46:35.962+0000] {processor.py:830} INFO - Processing file /home/airflow/.local/lib/python3.8/site-packages/airflow/example_dags/example_python_decorator.py for tasks to queue
[2025-05-07T19:46:35.965+0000] {logging_mixin.py:188} INFO - [2025-05-07T19:46:35.964+0000] {dagbag.py:538} INFO - Filling up the DagBag from /home/airflow/.local/lib/python3.8/site-packages/airflow/example_dags/example_python_decorator.py
[2025-05-07T19:46:35.978+0000] {processor.py:840} INFO - DAG(s) 'example_python_decorator' retrieved from /home/airflow/.local/lib/python3.8/site-packages/airflow/example_dags/example_python_decorator.py
[2025-05-07T19:46:36.001+0000] {logging_mixin.py:188} INFO - [2025-05-07T19:46:36.001+0000] {dag.py:3036} INFO - Sync 1 DAGs
[2025-05-07T19:46:36.013+0000] {logging_mixin.py:188} INFO - [2025-05-07T19:46:36.013+0000] {dag.py:3823} INFO - Setting next_dagrun for example_python_decorator to None, run_after=None
[2025-05-07T19:46:36.035+0000] {processor.py:183} INFO - Processing /home/airflow/.local/lib/python3.8/site-packages/airflow/example_dags/example_python_decorator.py took 0.077 seconds
[2025-05-07T19:47:06.977+0000] {processor.py:161} INFO - Started process (PID=1642) to work on /home/airflow/.local/lib/python3.8/site-packages/airflow/example_dags/example_python_decorator.py
[2025-05-07T19:47:06.978+0000] {processor.py:830} INFO - Processing file /home/airflow/.local/lib/python3.8/site-packages/airflow/example_dags/example_python_decorator.py for tasks to queue
[2025-05-07T19:47:06.980+0000] {logging_mixin.py:188} INFO - [2025-05-07T19:47:06.980+0000] {dagbag.py:538} INFO - Filling up the DagBag from /home/airflow/.local/lib/python3.8/site-packages/airflow/example_dags/example_python_decorator.py
[2025-05-07T19:47:06.992+0000] {processor.py:840} INFO - DAG(s) 'example_python_decorator' retrieved from /home/airflow/.local/lib/python3.8/site-packages/airflow/example_dags/example_python_decorator.py
[2025-05-07T19:47:07.016+0000] {logging_mixin.py:188} INFO - [2025-05-07T19:47:07.016+0000] {dag.py:3036} INFO - Sync 1 DAGs
[2025-05-07T19:47:07.030+0000] {logging_mixin.py:188} INFO - [2025-05-07T19:47:07.030+0000] {dag.py:3823} INFO - Setting next_dagrun for example_python_decorator to None, run_after=None
[2025-05-07T19:47:07.053+0000] {processor.py:183} INFO - Processing /home/airflow/.local/lib/python3.8/site-packages/airflow/example_dags/example_python_decorator.py took 0.079 seconds
[2025-05-07T19:47:37.928+0000] {processor.py:161} INFO - Started process (PID=1699) to work on /home/airflow/.local/lib/python3.8/site-packages/airflow/example_dags/example_python_decorator.py
[2025-05-07T19:47:37.930+0000] {processor.py:830} INFO - Processing file /home/airflow/.local/lib/python3.8/site-packages/airflow/example_dags/example_python_decorator.py for tasks to queue
[2025-05-07T19:47:37.932+0000] {logging_mixin.py:188} INFO - [2025-05-07T19:47:37.932+0000] {dagbag.py:538} INFO - Filling up the DagBag from /home/airflow/.local/lib/python3.8/site-packages/airflow/example_dags/example_python_decorator.py
[2025-05-07T19:47:37.944+0000] {processor.py:840} INFO - DAG(s) 'example_python_decorator' retrieved from /home/airflow/.local/lib/python3.8/site-packages/airflow/example_dags/example_python_decorator.py
[2025-05-07T19:47:37.970+0000] {logging_mixin.py:188} INFO - [2025-05-07T19:47:37.969+0000] {dag.py:3036} INFO - Sync 1 DAGs
[2025-05-07T19:47:37.983+0000] {logging_mixin.py:188} INFO - [2025-05-07T19:47:37.983+0000] {dag.py:3823} INFO - Setting next_dagrun for example_python_decorator to None, run_after=None
[2025-05-07T19:47:38.006+0000] {processor.py:183} INFO - Processing /home/airflow/.local/lib/python3.8/site-packages/airflow/example_dags/example_python_decorator.py took 0.082 seconds
[2025-05-07T19:48:08.227+0000] {processor.py:161} INFO - Started process (PID=1756) to work on /home/airflow/.local/lib/python3.8/site-packages/airflow/example_dags/example_python_decorator.py
[2025-05-07T19:48:08.230+0000] {processor.py:830} INFO - Processing file /home/airflow/.local/lib/python3.8/site-packages/airflow/example_dags/example_python_decorator.py for tasks to queue
[2025-05-07T19:48:08.234+0000] {logging_mixin.py:188} INFO - [2025-05-07T19:48:08.233+0000] {dagbag.py:538} INFO - Filling up the DagBag from /home/airflow/.local/lib/python3.8/site-packages/airflow/example_dags/example_python_decorator.py
[2025-05-07T19:48:08.253+0000] {processor.py:840} INFO - DAG(s) 'example_python_decorator' retrieved from /home/airflow/.local/lib/python3.8/site-packages/airflow/example_dags/example_python_decorator.py
[2025-05-07T19:48:08.277+0000] {logging_mixin.py:188} INFO - [2025-05-07T19:48:08.277+0000] {dag.py:3036} INFO - Sync 1 DAGs
[2025-05-07T19:48:08.289+0000] {logging_mixin.py:188} INFO - [2025-05-07T19:48:08.289+0000] {dag.py:3823} INFO - Setting next_dagrun for example_python_decorator to None, run_after=None
[2025-05-07T19:48:08.317+0000] {processor.py:183} INFO - Processing /home/airflow/.local/lib/python3.8/site-packages/airflow/example_dags/example_python_decorator.py took 0.097 seconds
[2025-05-07T19:48:38.389+0000] {processor.py:161} INFO - Started process (PID=1813) to work on /home/airflow/.local/lib/python3.8/site-packages/airflow/example_dags/example_python_decorator.py
[2025-05-07T19:48:38.391+0000] {processor.py:830} INFO - Processing file /home/airflow/.local/lib/python3.8/site-packages/airflow/example_dags/example_python_decorator.py for tasks to queue
[2025-05-07T19:48:38.395+0000] {logging_mixin.py:188} INFO - [2025-05-07T19:48:38.394+0000] {dagbag.py:538} INFO - Filling up the DagBag from /home/airflow/.local/lib/python3.8/site-packages/airflow/example_dags/example_python_decorator.py
[2025-05-07T19:48:38.411+0000] {processor.py:840} INFO - DAG(s) 'example_python_decorator' retrieved from /home/airflow/.local/lib/python3.8/site-packages/airflow/example_dags/example_python_decorator.py
[2025-05-07T19:48:38.434+0000] {logging_mixin.py:188} INFO - [2025-05-07T19:48:38.434+0000] {dag.py:3036} INFO - Sync 1 DAGs
[2025-05-07T19:48:38.449+0000] {logging_mixin.py:188} INFO - [2025-05-07T19:48:38.449+0000] {dag.py:3823} INFO - Setting next_dagrun for example_python_decorator to None, run_after=None
[2025-05-07T19:48:38.474+0000] {processor.py:183} INFO - Processing /home/airflow/.local/lib/python3.8/site-packages/airflow/example_dags/example_python_decorator.py took 0.092 seconds
[2025-05-07T19:49:09.249+0000] {processor.py:161} INFO - Started process (PID=1869) to work on /home/airflow/.local/lib/python3.8/site-packages/airflow/example_dags/example_python_decorator.py
[2025-05-07T19:49:09.250+0000] {processor.py:830} INFO - Processing file /home/airflow/.local/lib/python3.8/site-packages/airflow/example_dags/example_python_decorator.py for tasks to queue
[2025-05-07T19:49:09.253+0000] {logging_mixin.py:188} INFO - [2025-05-07T19:49:09.252+0000] {dagbag.py:538} INFO - Filling up the DagBag from /home/airflow/.local/lib/python3.8/site-packages/airflow/example_dags/example_python_decorator.py
[2025-05-07T19:49:09.267+0000] {processor.py:840} INFO - DAG(s) 'example_python_decorator' retrieved from /home/airflow/.local/lib/python3.8/site-packages/airflow/example_dags/example_python_decorator.py
[2025-05-07T19:49:09.289+0000] {logging_mixin.py:188} INFO - [2025-05-07T19:49:09.289+0000] {dag.py:3036} INFO - Sync 1 DAGs
[2025-05-07T19:49:09.303+0000] {logging_mixin.py:188} INFO - [2025-05-07T19:49:09.303+0000] {dag.py:3823} INFO - Setting next_dagrun for example_python_decorator to None, run_after=None
[2025-05-07T19:49:09.332+0000] {processor.py:183} INFO - Processing /home/airflow/.local/lib/python3.8/site-packages/airflow/example_dags/example_python_decorator.py took 0.087 seconds
[2025-05-07T19:49:39.555+0000] {processor.py:161} INFO - Started process (PID=1926) to work on /home/airflow/.local/lib/python3.8/site-packages/airflow/example_dags/example_python_decorator.py
[2025-05-07T19:49:39.556+0000] {processor.py:830} INFO - Processing file /home/airflow/.local/lib/python3.8/site-packages/airflow/example_dags/example_python_decorator.py for tasks to queue
[2025-05-07T19:49:39.558+0000] {logging_mixin.py:188} INFO - [2025-05-07T19:49:39.558+0000] {dagbag.py:538} INFO - Filling up the DagBag from /home/airflow/.local/lib/python3.8/site-packages/airflow/example_dags/example_python_decorator.py
[2025-05-07T19:49:39.570+0000] {processor.py:840} INFO - DAG(s) 'example_python_decorator' retrieved from /home/airflow/.local/lib/python3.8/site-packages/airflow/example_dags/example_python_decorator.py
[2025-05-07T19:49:39.593+0000] {logging_mixin.py:188} INFO - [2025-05-07T19:49:39.593+0000] {dag.py:3036} INFO - Sync 1 DAGs
[2025-05-07T19:49:39.605+0000] {logging_mixin.py:188} INFO - [2025-05-07T19:49:39.605+0000] {dag.py:3823} INFO - Setting next_dagrun for example_python_decorator to None, run_after=None
[2025-05-07T19:49:39.627+0000] {processor.py:183} INFO - Processing /home/airflow/.local/lib/python3.8/site-packages/airflow/example_dags/example_python_decorator.py took 0.076 seconds
[2025-05-07T19:50:10.430+0000] {processor.py:161} INFO - Started process (PID=1983) to work on /home/airflow/.local/lib/python3.8/site-packages/airflow/example_dags/example_python_decorator.py
[2025-05-07T19:50:10.433+0000] {processor.py:830} INFO - Processing file /home/airflow/.local/lib/python3.8/site-packages/airflow/example_dags/example_python_decorator.py for tasks to queue
[2025-05-07T19:50:10.439+0000] {logging_mixin.py:188} INFO - [2025-05-07T19:50:10.438+0000] {dagbag.py:538} INFO - Filling up the DagBag from /home/airflow/.local/lib/python3.8/site-packages/airflow/example_dags/example_python_decorator.py
[2025-05-07T19:50:10.457+0000] {processor.py:840} INFO - DAG(s) 'example_python_decorator' retrieved from /home/airflow/.local/lib/python3.8/site-packages/airflow/example_dags/example_python_decorator.py
[2025-05-07T19:50:10.482+0000] {logging_mixin.py:188} INFO - [2025-05-07T19:50:10.482+0000] {dag.py:3036} INFO - Sync 1 DAGs
[2025-05-07T19:50:10.495+0000] {logging_mixin.py:188} INFO - [2025-05-07T19:50:10.494+0000] {dag.py:3823} INFO - Setting next_dagrun for example_python_decorator to None, run_after=None
[2025-05-07T19:50:10.516+0000] {processor.py:183} INFO - Processing /home/airflow/.local/lib/python3.8/site-packages/airflow/example_dags/example_python_decorator.py took 0.092 seconds
[2025-05-07T19:50:41.275+0000] {processor.py:161} INFO - Started process (PID=2040) to work on /home/airflow/.local/lib/python3.8/site-packages/airflow/example_dags/example_python_decorator.py
[2025-05-07T19:50:41.276+0000] {processor.py:830} INFO - Processing file /home/airflow/.local/lib/python3.8/site-packages/airflow/example_dags/example_python_decorator.py for tasks to queue
[2025-05-07T19:50:41.279+0000] {logging_mixin.py:188} INFO - [2025-05-07T19:50:41.278+0000] {dagbag.py:538} INFO - Filling up the DagBag from /home/airflow/.local/lib/python3.8/site-packages/airflow/example_dags/example_python_decorator.py
[2025-05-07T19:50:41.291+0000] {processor.py:840} INFO - DAG(s) 'example_python_decorator' retrieved from /home/airflow/.local/lib/python3.8/site-packages/airflow/example_dags/example_python_decorator.py
[2025-05-07T19:50:41.313+0000] {logging_mixin.py:188} INFO - [2025-05-07T19:50:41.313+0000] {dag.py:3036} INFO - Sync 1 DAGs
[2025-05-07T19:50:41.325+0000] {logging_mixin.py:188} INFO - [2025-05-07T19:50:41.325+0000] {dag.py:3823} INFO - Setting next_dagrun for example_python_decorator to None, run_after=None
[2025-05-07T19:50:41.347+0000] {processor.py:183} INFO - Processing /home/airflow/.local/lib/python3.8/site-packages/airflow/example_dags/example_python_decorator.py took 0.075 seconds
[2025-05-07T19:51:11.398+0000] {processor.py:161} INFO - Started process (PID=2097) to work on /home/airflow/.local/lib/python3.8/site-packages/airflow/example_dags/example_python_decorator.py
[2025-05-07T19:51:11.399+0000] {processor.py:830} INFO - Processing file /home/airflow/.local/lib/python3.8/site-packages/airflow/example_dags/example_python_decorator.py for tasks to queue
[2025-05-07T19:51:11.401+0000] {logging_mixin.py:188} INFO - [2025-05-07T19:51:11.400+0000] {dagbag.py:538} INFO - Filling up the DagBag from /home/airflow/.local/lib/python3.8/site-packages/airflow/example_dags/example_python_decorator.py
[2025-05-07T19:51:11.413+0000] {processor.py:840} INFO - DAG(s) 'example_python_decorator' retrieved from /home/airflow/.local/lib/python3.8/site-packages/airflow/example_dags/example_python_decorator.py
[2025-05-07T19:51:11.435+0000] {logging_mixin.py:188} INFO - [2025-05-07T19:51:11.434+0000] {dag.py:3036} INFO - Sync 1 DAGs
[2025-05-07T19:51:11.448+0000] {logging_mixin.py:188} INFO - [2025-05-07T19:51:11.447+0000] {dag.py:3823} INFO - Setting next_dagrun for example_python_decorator to None, run_after=None
[2025-05-07T19:51:11.472+0000] {processor.py:183} INFO - Processing /home/airflow/.local/lib/python3.8/site-packages/airflow/example_dags/example_python_decorator.py took 0.077 seconds
[2025-05-07T19:51:41.901+0000] {processor.py:161} INFO - Started process (PID=2154) to work on /home/airflow/.local/lib/python3.8/site-packages/airflow/example_dags/example_python_decorator.py
[2025-05-07T19:51:41.902+0000] {processor.py:830} INFO - Processing file /home/airflow/.local/lib/python3.8/site-packages/airflow/example_dags/example_python_decorator.py for tasks to queue
[2025-05-07T19:51:41.904+0000] {logging_mixin.py:188} INFO - [2025-05-07T19:51:41.904+0000] {dagbag.py:538} INFO - Filling up the DagBag from /home/airflow/.local/lib/python3.8/site-packages/airflow/example_dags/example_python_decorator.py
[2025-05-07T19:51:41.919+0000] {processor.py:840} INFO - DAG(s) 'example_python_decorator' retrieved from /home/airflow/.local/lib/python3.8/site-packages/airflow/example_dags/example_python_decorator.py
[2025-05-07T19:51:41.944+0000] {logging_mixin.py:188} INFO - [2025-05-07T19:51:41.943+0000] {dag.py:3036} INFO - Sync 1 DAGs
[2025-05-07T19:51:41.958+0000] {logging_mixin.py:188} INFO - [2025-05-07T19:51:41.957+0000] {dag.py:3823} INFO - Setting next_dagrun for example_python_decorator to None, run_after=None
[2025-05-07T19:51:41.978+0000] {processor.py:183} INFO - Processing /home/airflow/.local/lib/python3.8/site-packages/airflow/example_dags/example_python_decorator.py took 0.081 seconds
[2025-05-07T19:52:12.377+0000] {processor.py:161} INFO - Started process (PID=2211) to work on /home/airflow/.local/lib/python3.8/site-packages/airflow/example_dags/example_python_decorator.py
[2025-05-07T19:52:12.380+0000] {processor.py:830} INFO - Processing file /home/airflow/.local/lib/python3.8/site-packages/airflow/example_dags/example_python_decorator.py for tasks to queue
[2025-05-07T19:52:12.383+0000] {logging_mixin.py:188} INFO - [2025-05-07T19:52:12.382+0000] {dagbag.py:538} INFO - Filling up the DagBag from /home/airflow/.local/lib/python3.8/site-packages/airflow/example_dags/example_python_decorator.py
[2025-05-07T19:52:12.398+0000] {processor.py:840} INFO - DAG(s) 'example_python_decorator' retrieved from /home/airflow/.local/lib/python3.8/site-packages/airflow/example_dags/example_python_decorator.py
[2025-05-07T19:52:12.422+0000] {logging_mixin.py:188} INFO - [2025-05-07T19:52:12.422+0000] {dag.py:3036} INFO - Sync 1 DAGs
[2025-05-07T19:52:12.434+0000] {logging_mixin.py:188} INFO - [2025-05-07T19:52:12.434+0000] {dag.py:3823} INFO - Setting next_dagrun for example_python_decorator to None, run_after=None
[2025-05-07T19:52:12.458+0000] {processor.py:183} INFO - Processing /home/airflow/.local/lib/python3.8/site-packages/airflow/example_dags/example_python_decorator.py took 0.084 seconds
[2025-05-07T19:52:43.129+0000] {processor.py:161} INFO - Started process (PID=2268) to work on /home/airflow/.local/lib/python3.8/site-packages/airflow/example_dags/example_python_decorator.py
[2025-05-07T19:52:43.132+0000] {processor.py:830} INFO - Processing file /home/airflow/.local/lib/python3.8/site-packages/airflow/example_dags/example_python_decorator.py for tasks to queue
[2025-05-07T19:52:43.137+0000] {logging_mixin.py:188} INFO - [2025-05-07T19:52:43.136+0000] {dagbag.py:538} INFO - Filling up the DagBag from /home/airflow/.local/lib/python3.8/site-packages/airflow/example_dags/example_python_decorator.py
[2025-05-07T19:52:43.162+0000] {processor.py:840} INFO - DAG(s) 'example_python_decorator' retrieved from /home/airflow/.local/lib/python3.8/site-packages/airflow/example_dags/example_python_decorator.py
[2025-05-07T19:52:43.198+0000] {logging_mixin.py:188} INFO - [2025-05-07T19:52:43.197+0000] {dag.py:3036} INFO - Sync 1 DAGs
[2025-05-07T19:52:43.211+0000] {logging_mixin.py:188} INFO - [2025-05-07T19:52:43.211+0000] {dag.py:3823} INFO - Setting next_dagrun for example_python_decorator to None, run_after=None
[2025-05-07T19:52:43.239+0000] {processor.py:183} INFO - Processing /home/airflow/.local/lib/python3.8/site-packages/airflow/example_dags/example_python_decorator.py took 0.115 seconds
[2025-05-07T19:53:14.227+0000] {processor.py:161} INFO - Started process (PID=2325) to work on /home/airflow/.local/lib/python3.8/site-packages/airflow/example_dags/example_python_decorator.py
[2025-05-07T19:53:14.228+0000] {processor.py:830} INFO - Processing file /home/airflow/.local/lib/python3.8/site-packages/airflow/example_dags/example_python_decorator.py for tasks to queue
[2025-05-07T19:53:14.230+0000] {logging_mixin.py:188} INFO - [2025-05-07T19:53:14.230+0000] {dagbag.py:538} INFO - Filling up the DagBag from /home/airflow/.local/lib/python3.8/site-packages/airflow/example_dags/example_python_decorator.py
[2025-05-07T19:53:14.244+0000] {processor.py:840} INFO - DAG(s) 'example_python_decorator' retrieved from /home/airflow/.local/lib/python3.8/site-packages/airflow/example_dags/example_python_decorator.py
[2025-05-07T19:53:14.277+0000] {logging_mixin.py:188} INFO - [2025-05-07T19:53:14.276+0000] {dag.py:3036} INFO - Sync 1 DAGs
[2025-05-07T19:53:14.292+0000] {logging_mixin.py:188} INFO - [2025-05-07T19:53:14.292+0000] {dag.py:3823} INFO - Setting next_dagrun for example_python_decorator to None, run_after=None
[2025-05-07T19:53:14.314+0000] {processor.py:183} INFO - Processing /home/airflow/.local/lib/python3.8/site-packages/airflow/example_dags/example_python_decorator.py took 0.091 seconds
[2025-05-07T19:53:45.711+0000] {processor.py:161} INFO - Started process (PID=2382) to work on /home/airflow/.local/lib/python3.8/site-packages/airflow/example_dags/example_python_decorator.py
[2025-05-07T19:53:45.716+0000] {processor.py:830} INFO - Processing file /home/airflow/.local/lib/python3.8/site-packages/airflow/example_dags/example_python_decorator.py for tasks to queue
[2025-05-07T19:53:45.721+0000] {logging_mixin.py:188} INFO - [2025-05-07T19:53:45.720+0000] {dagbag.py:538} INFO - Filling up the DagBag from /home/airflow/.local/lib/python3.8/site-packages/airflow/example_dags/example_python_decorator.py
[2025-05-07T19:53:45.739+0000] {processor.py:840} INFO - DAG(s) 'example_python_decorator' retrieved from /home/airflow/.local/lib/python3.8/site-packages/airflow/example_dags/example_python_decorator.py
[2025-05-07T19:53:45.768+0000] {logging_mixin.py:188} INFO - [2025-05-07T19:53:45.768+0000] {dag.py:3036} INFO - Sync 1 DAGs
[2025-05-07T19:53:45.905+0000] {logging_mixin.py:188} INFO - [2025-05-07T19:53:45.904+0000] {dag.py:3823} INFO - Setting next_dagrun for example_python_decorator to None, run_after=None
[2025-05-07T19:53:45.929+0000] {processor.py:183} INFO - Processing /home/airflow/.local/lib/python3.8/site-packages/airflow/example_dags/example_python_decorator.py took 0.224 seconds
[2025-05-07T19:54:16.617+0000] {processor.py:161} INFO - Started process (PID=2439) to work on /home/airflow/.local/lib/python3.8/site-packages/airflow/example_dags/example_python_decorator.py
[2025-05-07T19:54:16.619+0000] {processor.py:830} INFO - Processing file /home/airflow/.local/lib/python3.8/site-packages/airflow/example_dags/example_python_decorator.py for tasks to queue
[2025-05-07T19:54:16.621+0000] {logging_mixin.py:188} INFO - [2025-05-07T19:54:16.621+0000] {dagbag.py:538} INFO - Filling up the DagBag from /home/airflow/.local/lib/python3.8/site-packages/airflow/example_dags/example_python_decorator.py
[2025-05-07T19:54:16.634+0000] {processor.py:840} INFO - DAG(s) 'example_python_decorator' retrieved from /home/airflow/.local/lib/python3.8/site-packages/airflow/example_dags/example_python_decorator.py
[2025-05-07T19:54:16.660+0000] {logging_mixin.py:188} INFO - [2025-05-07T19:54:16.659+0000] {dag.py:3036} INFO - Sync 1 DAGs
[2025-05-07T19:54:16.672+0000] {logging_mixin.py:188} INFO - [2025-05-07T19:54:16.672+0000] {dag.py:3823} INFO - Setting next_dagrun for example_python_decorator to None, run_after=None
[2025-05-07T19:54:16.697+0000] {processor.py:183} INFO - Processing /home/airflow/.local/lib/python3.8/site-packages/airflow/example_dags/example_python_decorator.py took 0.083 seconds
[2025-05-07T19:54:47.401+0000] {processor.py:161} INFO - Started process (PID=2496) to work on /home/airflow/.local/lib/python3.8/site-packages/airflow/example_dags/example_python_decorator.py
[2025-05-07T19:54:47.403+0000] {processor.py:830} INFO - Processing file /home/airflow/.local/lib/python3.8/site-packages/airflow/example_dags/example_python_decorator.py for tasks to queue
[2025-05-07T19:54:47.405+0000] {logging_mixin.py:188} INFO - [2025-05-07T19:54:47.405+0000] {dagbag.py:538} INFO - Filling up the DagBag from /home/airflow/.local/lib/python3.8/site-packages/airflow/example_dags/example_python_decorator.py
[2025-05-07T19:54:47.419+0000] {processor.py:840} INFO - DAG(s) 'example_python_decorator' retrieved from /home/airflow/.local/lib/python3.8/site-packages/airflow/example_dags/example_python_decorator.py
[2025-05-07T19:54:47.443+0000] {logging_mixin.py:188} INFO - [2025-05-07T19:54:47.443+0000] {dag.py:3036} INFO - Sync 1 DAGs
[2025-05-07T19:54:47.459+0000] {logging_mixin.py:188} INFO - [2025-05-07T19:54:47.459+0000] {dag.py:3823} INFO - Setting next_dagrun for example_python_decorator to None, run_after=None
[2025-05-07T19:54:47.487+0000] {processor.py:183} INFO - Processing /home/airflow/.local/lib/python3.8/site-packages/airflow/example_dags/example_python_decorator.py took 0.089 seconds
[2025-05-07T19:55:17.589+0000] {processor.py:161} INFO - Started process (PID=2553) to work on /home/airflow/.local/lib/python3.8/site-packages/airflow/example_dags/example_python_decorator.py
[2025-05-07T19:55:17.590+0000] {processor.py:830} INFO - Processing file /home/airflow/.local/lib/python3.8/site-packages/airflow/example_dags/example_python_decorator.py for tasks to queue
[2025-05-07T19:55:17.592+0000] {logging_mixin.py:188} INFO - [2025-05-07T19:55:17.592+0000] {dagbag.py:538} INFO - Filling up the DagBag from /home/airflow/.local/lib/python3.8/site-packages/airflow/example_dags/example_python_decorator.py
[2025-05-07T19:55:17.606+0000] {processor.py:840} INFO - DAG(s) 'example_python_decorator' retrieved from /home/airflow/.local/lib/python3.8/site-packages/airflow/example_dags/example_python_decorator.py
[2025-05-07T19:55:17.630+0000] {logging_mixin.py:188} INFO - [2025-05-07T19:55:17.630+0000] {dag.py:3036} INFO - Sync 1 DAGs
[2025-05-07T19:55:17.644+0000] {logging_mixin.py:188} INFO - [2025-05-07T19:55:17.643+0000] {dag.py:3823} INFO - Setting next_dagrun for example_python_decorator to None, run_after=None
[2025-05-07T19:55:17.669+0000] {processor.py:183} INFO - Processing /home/airflow/.local/lib/python3.8/site-packages/airflow/example_dags/example_python_decorator.py took 0.083 seconds
[2025-05-07T19:55:49.110+0000] {processor.py:161} INFO - Started process (PID=2616) to work on /home/airflow/.local/lib/python3.8/site-packages/airflow/example_dags/example_python_decorator.py
[2025-05-07T19:55:49.111+0000] {processor.py:830} INFO - Processing file /home/airflow/.local/lib/python3.8/site-packages/airflow/example_dags/example_python_decorator.py for tasks to queue
[2025-05-07T19:55:49.114+0000] {logging_mixin.py:188} INFO - [2025-05-07T19:55:49.113+0000] {dagbag.py:538} INFO - Filling up the DagBag from /home/airflow/.local/lib/python3.8/site-packages/airflow/example_dags/example_python_decorator.py
[2025-05-07T19:55:49.127+0000] {processor.py:840} INFO - DAG(s) 'example_python_decorator' retrieved from /home/airflow/.local/lib/python3.8/site-packages/airflow/example_dags/example_python_decorator.py
[2025-05-07T19:55:49.151+0000] {logging_mixin.py:188} INFO - [2025-05-07T19:55:49.151+0000] {dag.py:3036} INFO - Sync 1 DAGs
[2025-05-07T19:55:49.165+0000] {logging_mixin.py:188} INFO - [2025-05-07T19:55:49.165+0000] {dag.py:3823} INFO - Setting next_dagrun for example_python_decorator to None, run_after=None
[2025-05-07T19:55:49.191+0000] {processor.py:183} INFO - Processing /home/airflow/.local/lib/python3.8/site-packages/airflow/example_dags/example_python_decorator.py took 0.085 seconds
[2025-05-07T19:56:20.002+0000] {processor.py:161} INFO - Started process (PID=2673) to work on /home/airflow/.local/lib/python3.8/site-packages/airflow/example_dags/example_python_decorator.py
[2025-05-07T19:56:20.005+0000] {processor.py:830} INFO - Processing file /home/airflow/.local/lib/python3.8/site-packages/airflow/example_dags/example_python_decorator.py for tasks to queue
[2025-05-07T19:56:20.007+0000] {logging_mixin.py:188} INFO - [2025-05-07T19:56:20.007+0000] {dagbag.py:538} INFO - Filling up the DagBag from /home/airflow/.local/lib/python3.8/site-packages/airflow/example_dags/example_python_decorator.py
[2025-05-07T19:56:20.024+0000] {processor.py:840} INFO - DAG(s) 'example_python_decorator' retrieved from /home/airflow/.local/lib/python3.8/site-packages/airflow/example_dags/example_python_decorator.py
[2025-05-07T19:56:20.167+0000] {logging_mixin.py:188} INFO - [2025-05-07T19:56:20.166+0000] {dag.py:3036} INFO - Sync 1 DAGs
[2025-05-07T19:56:20.178+0000] {logging_mixin.py:188} INFO - [2025-05-07T19:56:20.178+0000] {dag.py:3823} INFO - Setting next_dagrun for example_python_decorator to None, run_after=None
[2025-05-07T19:56:20.201+0000] {processor.py:183} INFO - Processing /home/airflow/.local/lib/python3.8/site-packages/airflow/example_dags/example_python_decorator.py took 0.202 seconds
[2025-05-07T19:56:50.953+0000] {processor.py:161} INFO - Started process (PID=2730) to work on /home/airflow/.local/lib/python3.8/site-packages/airflow/example_dags/example_python_decorator.py
[2025-05-07T19:56:50.956+0000] {processor.py:830} INFO - Processing file /home/airflow/.local/lib/python3.8/site-packages/airflow/example_dags/example_python_decorator.py for tasks to queue
[2025-05-07T19:56:50.961+0000] {logging_mixin.py:188} INFO - [2025-05-07T19:56:50.960+0000] {dagbag.py:538} INFO - Filling up the DagBag from /home/airflow/.local/lib/python3.8/site-packages/airflow/example_dags/example_python_decorator.py
[2025-05-07T19:56:50.985+0000] {processor.py:840} INFO - DAG(s) 'example_python_decorator' retrieved from /home/airflow/.local/lib/python3.8/site-packages/airflow/example_dags/example_python_decorator.py
[2025-05-07T19:56:51.017+0000] {logging_mixin.py:188} INFO - [2025-05-07T19:56:51.017+0000] {dag.py:3036} INFO - Sync 1 DAGs
[2025-05-07T19:56:51.032+0000] {logging_mixin.py:188} INFO - [2025-05-07T19:56:51.032+0000] {dag.py:3823} INFO - Setting next_dagrun for example_python_decorator to None, run_after=None
[2025-05-07T19:56:51.059+0000] {processor.py:183} INFO - Processing /home/airflow/.local/lib/python3.8/site-packages/airflow/example_dags/example_python_decorator.py took 0.112 seconds
[2025-05-07T19:57:21.849+0000] {processor.py:161} INFO - Started process (PID=2787) to work on /home/airflow/.local/lib/python3.8/site-packages/airflow/example_dags/example_python_decorator.py
[2025-05-07T19:57:21.851+0000] {processor.py:830} INFO - Processing file /home/airflow/.local/lib/python3.8/site-packages/airflow/example_dags/example_python_decorator.py for tasks to queue
[2025-05-07T19:57:21.855+0000] {logging_mixin.py:188} INFO - [2025-05-07T19:57:21.854+0000] {dagbag.py:538} INFO - Filling up the DagBag from /home/airflow/.local/lib/python3.8/site-packages/airflow/example_dags/example_python_decorator.py
[2025-05-07T19:57:21.880+0000] {processor.py:840} INFO - DAG(s) 'example_python_decorator' retrieved from /home/airflow/.local/lib/python3.8/site-packages/airflow/example_dags/example_python_decorator.py
[2025-05-07T19:57:21.905+0000] {logging_mixin.py:188} INFO - [2025-05-07T19:57:21.905+0000] {dag.py:3036} INFO - Sync 1 DAGs
[2025-05-07T19:57:21.919+0000] {logging_mixin.py:188} INFO - [2025-05-07T19:57:21.919+0000] {dag.py:3823} INFO - Setting next_dagrun for example_python_decorator to None, run_after=None
[2025-05-07T19:57:21.943+0000] {processor.py:183} INFO - Processing /home/airflow/.local/lib/python3.8/site-packages/airflow/example_dags/example_python_decorator.py took 0.099 seconds
[2025-05-07T19:57:52.815+0000] {processor.py:161} INFO - Started process (PID=2844) to work on /home/airflow/.local/lib/python3.8/site-packages/airflow/example_dags/example_python_decorator.py
[2025-05-07T19:57:52.817+0000] {processor.py:830} INFO - Processing file /home/airflow/.local/lib/python3.8/site-packages/airflow/example_dags/example_python_decorator.py for tasks to queue
[2025-05-07T19:57:52.822+0000] {logging_mixin.py:188} INFO - [2025-05-07T19:57:52.821+0000] {dagbag.py:538} INFO - Filling up the DagBag from /home/airflow/.local/lib/python3.8/site-packages/airflow/example_dags/example_python_decorator.py
[2025-05-07T19:57:52.843+0000] {processor.py:840} INFO - DAG(s) 'example_python_decorator' retrieved from /home/airflow/.local/lib/python3.8/site-packages/airflow/example_dags/example_python_decorator.py
[2025-05-07T19:57:52.869+0000] {logging_mixin.py:188} INFO - [2025-05-07T19:57:52.868+0000] {dag.py:3036} INFO - Sync 1 DAGs
[2025-05-07T19:57:52.883+0000] {logging_mixin.py:188} INFO - [2025-05-07T19:57:52.882+0000] {dag.py:3823} INFO - Setting next_dagrun for example_python_decorator to None, run_after=None
[2025-05-07T19:57:52.908+0000] {processor.py:183} INFO - Processing /home/airflow/.local/lib/python3.8/site-packages/airflow/example_dags/example_python_decorator.py took 0.101 seconds
[2025-05-07T19:58:23.663+0000] {processor.py:161} INFO - Started process (PID=2901) to work on /home/airflow/.local/lib/python3.8/site-packages/airflow/example_dags/example_python_decorator.py
[2025-05-07T19:58:23.668+0000] {processor.py:830} INFO - Processing file /home/airflow/.local/lib/python3.8/site-packages/airflow/example_dags/example_python_decorator.py for tasks to queue
[2025-05-07T19:58:23.673+0000] {logging_mixin.py:188} INFO - [2025-05-07T19:58:23.673+0000] {dagbag.py:538} INFO - Filling up the DagBag from /home/airflow/.local/lib/python3.8/site-packages/airflow/example_dags/example_python_decorator.py
[2025-05-07T19:58:23.692+0000] {processor.py:840} INFO - DAG(s) 'example_python_decorator' retrieved from /home/airflow/.local/lib/python3.8/site-packages/airflow/example_dags/example_python_decorator.py
[2025-05-07T19:58:23.718+0000] {logging_mixin.py:188} INFO - [2025-05-07T19:58:23.718+0000] {dag.py:3036} INFO - Sync 1 DAGs
[2025-05-07T19:58:23.731+0000] {logging_mixin.py:188} INFO - [2025-05-07T19:58:23.731+0000] {dag.py:3823} INFO - Setting next_dagrun for example_python_decorator to None, run_after=None
[2025-05-07T19:58:23.755+0000] {processor.py:183} INFO - Processing /home/airflow/.local/lib/python3.8/site-packages/airflow/example_dags/example_python_decorator.py took 0.101 seconds
[2025-05-07T19:58:54.638+0000] {processor.py:161} INFO - Started process (PID=2958) to work on /home/airflow/.local/lib/python3.8/site-packages/airflow/example_dags/example_python_decorator.py
[2025-05-07T19:58:54.639+0000] {processor.py:830} INFO - Processing file /home/airflow/.local/lib/python3.8/site-packages/airflow/example_dags/example_python_decorator.py for tasks to queue
[2025-05-07T19:58:54.641+0000] {logging_mixin.py:188} INFO - [2025-05-07T19:58:54.641+0000] {dagbag.py:538} INFO - Filling up the DagBag from /home/airflow/.local/lib/python3.8/site-packages/airflow/example_dags/example_python_decorator.py
[2025-05-07T19:58:54.655+0000] {processor.py:840} INFO - DAG(s) 'example_python_decorator' retrieved from /home/airflow/.local/lib/python3.8/site-packages/airflow/example_dags/example_python_decorator.py
[2025-05-07T19:58:54.683+0000] {logging_mixin.py:188} INFO - [2025-05-07T19:58:54.682+0000] {dag.py:3036} INFO - Sync 1 DAGs
[2025-05-07T19:58:54.695+0000] {logging_mixin.py:188} INFO - [2025-05-07T19:58:54.695+0000] {dag.py:3823} INFO - Setting next_dagrun for example_python_decorator to None, run_after=None
[2025-05-07T19:58:54.717+0000] {processor.py:183} INFO - Processing /home/airflow/.local/lib/python3.8/site-packages/airflow/example_dags/example_python_decorator.py took 0.083 seconds
[2025-05-07T19:59:24.861+0000] {processor.py:161} INFO - Started process (PID=3015) to work on /home/airflow/.local/lib/python3.8/site-packages/airflow/example_dags/example_python_decorator.py
[2025-05-07T19:59:24.864+0000] {processor.py:830} INFO - Processing file /home/airflow/.local/lib/python3.8/site-packages/airflow/example_dags/example_python_decorator.py for tasks to queue
[2025-05-07T19:59:24.869+0000] {logging_mixin.py:188} INFO - [2025-05-07T19:59:24.868+0000] {dagbag.py:538} INFO - Filling up the DagBag from /home/airflow/.local/lib/python3.8/site-packages/airflow/example_dags/example_python_decorator.py
[2025-05-07T19:59:24.891+0000] {processor.py:840} INFO - DAG(s) 'example_python_decorator' retrieved from /home/airflow/.local/lib/python3.8/site-packages/airflow/example_dags/example_python_decorator.py
[2025-05-07T19:59:24.923+0000] {logging_mixin.py:188} INFO - [2025-05-07T19:59:24.922+0000] {dag.py:3036} INFO - Sync 1 DAGs
[2025-05-07T19:59:24.935+0000] {logging_mixin.py:188} INFO - [2025-05-07T19:59:24.935+0000] {dag.py:3823} INFO - Setting next_dagrun for example_python_decorator to None, run_after=None
[2025-05-07T19:59:24.956+0000] {processor.py:183} INFO - Processing /home/airflow/.local/lib/python3.8/site-packages/airflow/example_dags/example_python_decorator.py took 0.102 seconds
[2025-05-07T19:59:55.616+0000] {processor.py:161} INFO - Started process (PID=3072) to work on /home/airflow/.local/lib/python3.8/site-packages/airflow/example_dags/example_python_decorator.py
[2025-05-07T19:59:55.617+0000] {processor.py:830} INFO - Processing file /home/airflow/.local/lib/python3.8/site-packages/airflow/example_dags/example_python_decorator.py for tasks to queue
[2025-05-07T19:59:55.619+0000] {logging_mixin.py:188} INFO - [2025-05-07T19:59:55.619+0000] {dagbag.py:538} INFO - Filling up the DagBag from /home/airflow/.local/lib/python3.8/site-packages/airflow/example_dags/example_python_decorator.py
[2025-05-07T19:59:55.632+0000] {processor.py:840} INFO - DAG(s) 'example_python_decorator' retrieved from /home/airflow/.local/lib/python3.8/site-packages/airflow/example_dags/example_python_decorator.py
[2025-05-07T19:59:55.655+0000] {logging_mixin.py:188} INFO - [2025-05-07T19:59:55.654+0000] {dag.py:3036} INFO - Sync 1 DAGs
[2025-05-07T19:59:55.666+0000] {logging_mixin.py:188} INFO - [2025-05-07T19:59:55.666+0000] {dag.py:3823} INFO - Setting next_dagrun for example_python_decorator to None, run_after=None
[2025-05-07T19:59:55.687+0000] {processor.py:183} INFO - Processing /home/airflow/.local/lib/python3.8/site-packages/airflow/example_dags/example_python_decorator.py took 0.074 seconds
[2025-05-07T20:00:26.104+0000] {processor.py:161} INFO - Started process (PID=3129) to work on /home/airflow/.local/lib/python3.8/site-packages/airflow/example_dags/example_python_decorator.py
[2025-05-07T20:00:26.106+0000] {processor.py:830} INFO - Processing file /home/airflow/.local/lib/python3.8/site-packages/airflow/example_dags/example_python_decorator.py for tasks to queue
[2025-05-07T20:00:26.108+0000] {logging_mixin.py:188} INFO - [2025-05-07T20:00:26.108+0000] {dagbag.py:538} INFO - Filling up the DagBag from /home/airflow/.local/lib/python3.8/site-packages/airflow/example_dags/example_python_decorator.py
[2025-05-07T20:00:26.122+0000] {processor.py:840} INFO - DAG(s) 'example_python_decorator' retrieved from /home/airflow/.local/lib/python3.8/site-packages/airflow/example_dags/example_python_decorator.py
[2025-05-07T20:00:26.146+0000] {logging_mixin.py:188} INFO - [2025-05-07T20:00:26.146+0000] {dag.py:3036} INFO - Sync 1 DAGs
[2025-05-07T20:00:26.159+0000] {logging_mixin.py:188} INFO - [2025-05-07T20:00:26.158+0000] {dag.py:3823} INFO - Setting next_dagrun for example_python_decorator to None, run_after=None
[2025-05-07T20:00:26.179+0000] {processor.py:183} INFO - Processing /home/airflow/.local/lib/python3.8/site-packages/airflow/example_dags/example_python_decorator.py took 0.078 seconds
[2025-05-07T20:00:56.705+0000] {processor.py:161} INFO - Started process (PID=3186) to work on /home/airflow/.local/lib/python3.8/site-packages/airflow/example_dags/example_python_decorator.py
[2025-05-07T20:00:56.707+0000] {processor.py:830} INFO - Processing file /home/airflow/.local/lib/python3.8/site-packages/airflow/example_dags/example_python_decorator.py for tasks to queue
[2025-05-07T20:00:56.709+0000] {logging_mixin.py:188} INFO - [2025-05-07T20:00:56.709+0000] {dagbag.py:538} INFO - Filling up the DagBag from /home/airflow/.local/lib/python3.8/site-packages/airflow/example_dags/example_python_decorator.py
[2025-05-07T20:00:56.725+0000] {processor.py:840} INFO - DAG(s) 'example_python_decorator' retrieved from /home/airflow/.local/lib/python3.8/site-packages/airflow/example_dags/example_python_decorator.py
[2025-05-07T20:00:56.753+0000] {logging_mixin.py:188} INFO - [2025-05-07T20:00:56.753+0000] {dag.py:3036} INFO - Sync 1 DAGs
[2025-05-07T20:00:56.769+0000] {logging_mixin.py:188} INFO - [2025-05-07T20:00:56.768+0000] {dag.py:3823} INFO - Setting next_dagrun for example_python_decorator to None, run_after=None
[2025-05-07T20:00:56.794+0000] {processor.py:183} INFO - Processing /home/airflow/.local/lib/python3.8/site-packages/airflow/example_dags/example_python_decorator.py took 0.092 seconds
[2025-05-07T20:01:27.104+0000] {processor.py:161} INFO - Started process (PID=3243) to work on /home/airflow/.local/lib/python3.8/site-packages/airflow/example_dags/example_python_decorator.py
[2025-05-07T20:01:27.105+0000] {processor.py:830} INFO - Processing file /home/airflow/.local/lib/python3.8/site-packages/airflow/example_dags/example_python_decorator.py for tasks to queue
[2025-05-07T20:01:27.108+0000] {logging_mixin.py:188} INFO - [2025-05-07T20:01:27.107+0000] {dagbag.py:538} INFO - Filling up the DagBag from /home/airflow/.local/lib/python3.8/site-packages/airflow/example_dags/example_python_decorator.py
[2025-05-07T20:01:27.121+0000] {processor.py:840} INFO - DAG(s) 'example_python_decorator' retrieved from /home/airflow/.local/lib/python3.8/site-packages/airflow/example_dags/example_python_decorator.py
[2025-05-07T20:01:27.144+0000] {logging_mixin.py:188} INFO - [2025-05-07T20:01:27.144+0000] {dag.py:3036} INFO - Sync 1 DAGs
[2025-05-07T20:01:27.156+0000] {logging_mixin.py:188} INFO - [2025-05-07T20:01:27.156+0000] {dag.py:3823} INFO - Setting next_dagrun for example_python_decorator to None, run_after=None
[2025-05-07T20:01:27.177+0000] {processor.py:183} INFO - Processing /home/airflow/.local/lib/python3.8/site-packages/airflow/example_dags/example_python_decorator.py took 0.076 seconds
[2025-05-07T20:01:57.684+0000] {processor.py:161} INFO - Started process (PID=3300) to work on /home/airflow/.local/lib/python3.8/site-packages/airflow/example_dags/example_python_decorator.py
[2025-05-07T20:01:57.686+0000] {processor.py:830} INFO - Processing file /home/airflow/.local/lib/python3.8/site-packages/airflow/example_dags/example_python_decorator.py for tasks to queue
[2025-05-07T20:01:57.689+0000] {logging_mixin.py:188} INFO - [2025-05-07T20:01:57.688+0000] {dagbag.py:538} INFO - Filling up the DagBag from /home/airflow/.local/lib/python3.8/site-packages/airflow/example_dags/example_python_decorator.py
[2025-05-07T20:01:57.703+0000] {processor.py:840} INFO - DAG(s) 'example_python_decorator' retrieved from /home/airflow/.local/lib/python3.8/site-packages/airflow/example_dags/example_python_decorator.py
[2025-05-07T20:01:57.727+0000] {logging_mixin.py:188} INFO - [2025-05-07T20:01:57.727+0000] {dag.py:3036} INFO - Sync 1 DAGs
[2025-05-07T20:01:57.740+0000] {logging_mixin.py:188} INFO - [2025-05-07T20:01:57.740+0000] {dag.py:3823} INFO - Setting next_dagrun for example_python_decorator to None, run_after=None
[2025-05-07T20:01:57.760+0000] {processor.py:183} INFO - Processing /home/airflow/.local/lib/python3.8/site-packages/airflow/example_dags/example_python_decorator.py took 0.080 seconds
[2025-05-07T20:02:27.946+0000] {processor.py:161} INFO - Started process (PID=3357) to work on /home/airflow/.local/lib/python3.8/site-packages/airflow/example_dags/example_python_decorator.py
[2025-05-07T20:02:27.948+0000] {processor.py:830} INFO - Processing file /home/airflow/.local/lib/python3.8/site-packages/airflow/example_dags/example_python_decorator.py for tasks to queue
[2025-05-07T20:02:27.950+0000] {logging_mixin.py:188} INFO - [2025-05-07T20:02:27.950+0000] {dagbag.py:538} INFO - Filling up the DagBag from /home/airflow/.local/lib/python3.8/site-packages/airflow/example_dags/example_python_decorator.py
[2025-05-07T20:02:27.963+0000] {processor.py:840} INFO - DAG(s) 'example_python_decorator' retrieved from /home/airflow/.local/lib/python3.8/site-packages/airflow/example_dags/example_python_decorator.py
[2025-05-07T20:02:27.986+0000] {logging_mixin.py:188} INFO - [2025-05-07T20:02:27.986+0000] {dag.py:3036} INFO - Sync 1 DAGs
[2025-05-07T20:02:27.997+0000] {logging_mixin.py:188} INFO - [2025-05-07T20:02:27.997+0000] {dag.py:3823} INFO - Setting next_dagrun for example_python_decorator to None, run_after=None
[2025-05-07T20:02:28.017+0000] {processor.py:183} INFO - Processing /home/airflow/.local/lib/python3.8/site-packages/airflow/example_dags/example_python_decorator.py took 0.074 seconds
[2025-05-07T20:02:58.386+0000] {processor.py:161} INFO - Started process (PID=3415) to work on /home/airflow/.local/lib/python3.8/site-packages/airflow/example_dags/example_python_decorator.py
[2025-05-07T20:02:58.388+0000] {processor.py:830} INFO - Processing file /home/airflow/.local/lib/python3.8/site-packages/airflow/example_dags/example_python_decorator.py for tasks to queue
[2025-05-07T20:02:58.391+0000] {logging_mixin.py:188} INFO - [2025-05-07T20:02:58.391+0000] {dagbag.py:538} INFO - Filling up the DagBag from /home/airflow/.local/lib/python3.8/site-packages/airflow/example_dags/example_python_decorator.py
[2025-05-07T20:02:58.411+0000] {processor.py:840} INFO - DAG(s) 'example_python_decorator' retrieved from /home/airflow/.local/lib/python3.8/site-packages/airflow/example_dags/example_python_decorator.py
[2025-05-07T20:02:58.452+0000] {logging_mixin.py:188} INFO - [2025-05-07T20:02:58.452+0000] {dag.py:3036} INFO - Sync 1 DAGs
[2025-05-07T20:02:58.465+0000] {logging_mixin.py:188} INFO - [2025-05-07T20:02:58.464+0000] {dag.py:3823} INFO - Setting next_dagrun for example_python_decorator to None, run_after=None
[2025-05-07T20:02:58.491+0000] {processor.py:183} INFO - Processing /home/airflow/.local/lib/python3.8/site-packages/airflow/example_dags/example_python_decorator.py took 0.111 seconds
[2025-05-07T20:03:28.673+0000] {processor.py:161} INFO - Started process (PID=3472) to work on /home/airflow/.local/lib/python3.8/site-packages/airflow/example_dags/example_python_decorator.py
[2025-05-07T20:03:28.675+0000] {processor.py:830} INFO - Processing file /home/airflow/.local/lib/python3.8/site-packages/airflow/example_dags/example_python_decorator.py for tasks to queue
[2025-05-07T20:03:28.677+0000] {logging_mixin.py:188} INFO - [2025-05-07T20:03:28.677+0000] {dagbag.py:538} INFO - Filling up the DagBag from /home/airflow/.local/lib/python3.8/site-packages/airflow/example_dags/example_python_decorator.py
[2025-05-07T20:03:28.694+0000] {processor.py:840} INFO - DAG(s) 'example_python_decorator' retrieved from /home/airflow/.local/lib/python3.8/site-packages/airflow/example_dags/example_python_decorator.py
[2025-05-07T20:03:28.719+0000] {logging_mixin.py:188} INFO - [2025-05-07T20:03:28.719+0000] {dag.py:3036} INFO - Sync 1 DAGs
[2025-05-07T20:03:28.732+0000] {logging_mixin.py:188} INFO - [2025-05-07T20:03:28.732+0000] {dag.py:3823} INFO - Setting next_dagrun for example_python_decorator to None, run_after=None
[2025-05-07T20:03:28.756+0000] {processor.py:183} INFO - Processing /home/airflow/.local/lib/python3.8/site-packages/airflow/example_dags/example_python_decorator.py took 0.092 seconds
[2025-05-07T20:03:59.564+0000] {processor.py:161} INFO - Started process (PID=3529) to work on /home/airflow/.local/lib/python3.8/site-packages/airflow/example_dags/example_python_decorator.py
[2025-05-07T20:03:59.566+0000] {processor.py:830} INFO - Processing file /home/airflow/.local/lib/python3.8/site-packages/airflow/example_dags/example_python_decorator.py for tasks to queue
[2025-05-07T20:03:59.569+0000] {logging_mixin.py:188} INFO - [2025-05-07T20:03:59.569+0000] {dagbag.py:538} INFO - Filling up the DagBag from /home/airflow/.local/lib/python3.8/site-packages/airflow/example_dags/example_python_decorator.py
[2025-05-07T20:03:59.585+0000] {processor.py:840} INFO - DAG(s) 'example_python_decorator' retrieved from /home/airflow/.local/lib/python3.8/site-packages/airflow/example_dags/example_python_decorator.py
[2025-05-07T20:03:59.620+0000] {logging_mixin.py:188} INFO - [2025-05-07T20:03:59.620+0000] {dag.py:3036} INFO - Sync 1 DAGs
[2025-05-07T20:03:59.636+0000] {logging_mixin.py:188} INFO - [2025-05-07T20:03:59.635+0000] {dag.py:3823} INFO - Setting next_dagrun for example_python_decorator to None, run_after=None
[2025-05-07T20:03:59.663+0000] {processor.py:183} INFO - Processing /home/airflow/.local/lib/python3.8/site-packages/airflow/example_dags/example_python_decorator.py took 0.105 seconds
[2025-05-07T20:04:29.791+0000] {processor.py:161} INFO - Started process (PID=3586) to work on /home/airflow/.local/lib/python3.8/site-packages/airflow/example_dags/example_python_decorator.py
[2025-05-07T20:04:29.792+0000] {processor.py:830} INFO - Processing file /home/airflow/.local/lib/python3.8/site-packages/airflow/example_dags/example_python_decorator.py for tasks to queue
[2025-05-07T20:04:29.794+0000] {logging_mixin.py:188} INFO - [2025-05-07T20:04:29.794+0000] {dagbag.py:538} INFO - Filling up the DagBag from /home/airflow/.local/lib/python3.8/site-packages/airflow/example_dags/example_python_decorator.py
[2025-05-07T20:04:29.808+0000] {processor.py:840} INFO - DAG(s) 'example_python_decorator' retrieved from /home/airflow/.local/lib/python3.8/site-packages/airflow/example_dags/example_python_decorator.py
[2025-05-07T20:04:29.830+0000] {logging_mixin.py:188} INFO - [2025-05-07T20:04:29.830+0000] {dag.py:3036} INFO - Sync 1 DAGs
[2025-05-07T20:04:29.844+0000] {logging_mixin.py:188} INFO - [2025-05-07T20:04:29.843+0000] {dag.py:3823} INFO - Setting next_dagrun for example_python_decorator to None, run_after=None
[2025-05-07T20:04:29.868+0000] {processor.py:183} INFO - Processing /home/airflow/.local/lib/python3.8/site-packages/airflow/example_dags/example_python_decorator.py took 0.081 seconds
[2025-05-07T20:04:59.992+0000] {processor.py:161} INFO - Started process (PID=3643) to work on /home/airflow/.local/lib/python3.8/site-packages/airflow/example_dags/example_python_decorator.py
[2025-05-07T20:04:59.993+0000] {processor.py:830} INFO - Processing file /home/airflow/.local/lib/python3.8/site-packages/airflow/example_dags/example_python_decorator.py for tasks to queue
[2025-05-07T20:04:59.996+0000] {logging_mixin.py:188} INFO - [2025-05-07T20:04:59.995+0000] {dagbag.py:538} INFO - Filling up the DagBag from /home/airflow/.local/lib/python3.8/site-packages/airflow/example_dags/example_python_decorator.py
[2025-05-07T20:05:00.011+0000] {processor.py:840} INFO - DAG(s) 'example_python_decorator' retrieved from /home/airflow/.local/lib/python3.8/site-packages/airflow/example_dags/example_python_decorator.py
[2025-05-07T20:05:00.035+0000] {logging_mixin.py:188} INFO - [2025-05-07T20:05:00.035+0000] {dag.py:3036} INFO - Sync 1 DAGs
[2025-05-07T20:05:00.048+0000] {logging_mixin.py:188} INFO - [2025-05-07T20:05:00.048+0000] {dag.py:3823} INFO - Setting next_dagrun for example_python_decorator to None, run_after=None
[2025-05-07T20:05:00.068+0000] {processor.py:183} INFO - Processing /home/airflow/.local/lib/python3.8/site-packages/airflow/example_dags/example_python_decorator.py took 0.079 seconds
[2025-05-07T20:05:30.597+0000] {processor.py:161} INFO - Started process (PID=3700) to work on /home/airflow/.local/lib/python3.8/site-packages/airflow/example_dags/example_python_decorator.py
[2025-05-07T20:05:30.599+0000] {processor.py:830} INFO - Processing file /home/airflow/.local/lib/python3.8/site-packages/airflow/example_dags/example_python_decorator.py for tasks to queue
[2025-05-07T20:05:30.601+0000] {logging_mixin.py:188} INFO - [2025-05-07T20:05:30.601+0000] {dagbag.py:538} INFO - Filling up the DagBag from /home/airflow/.local/lib/python3.8/site-packages/airflow/example_dags/example_python_decorator.py
[2025-05-07T20:05:30.620+0000] {processor.py:840} INFO - DAG(s) 'example_python_decorator' retrieved from /home/airflow/.local/lib/python3.8/site-packages/airflow/example_dags/example_python_decorator.py
[2025-05-07T20:05:30.657+0000] {logging_mixin.py:188} INFO - [2025-05-07T20:05:30.656+0000] {dag.py:3036} INFO - Sync 1 DAGs
[2025-05-07T20:05:30.668+0000] {logging_mixin.py:188} INFO - [2025-05-07T20:05:30.668+0000] {dag.py:3823} INFO - Setting next_dagrun for example_python_decorator to None, run_after=None
[2025-05-07T20:05:30.688+0000] {processor.py:183} INFO - Processing /home/airflow/.local/lib/python3.8/site-packages/airflow/example_dags/example_python_decorator.py took 0.095 seconds
[2025-05-07T20:06:01.280+0000] {processor.py:161} INFO - Started process (PID=3757) to work on /home/airflow/.local/lib/python3.8/site-packages/airflow/example_dags/example_python_decorator.py
[2025-05-07T20:06:01.283+0000] {processor.py:830} INFO - Processing file /home/airflow/.local/lib/python3.8/site-packages/airflow/example_dags/example_python_decorator.py for tasks to queue
[2025-05-07T20:06:01.287+0000] {logging_mixin.py:188} INFO - [2025-05-07T20:06:01.286+0000] {dagbag.py:538} INFO - Filling up the DagBag from /home/airflow/.local/lib/python3.8/site-packages/airflow/example_dags/example_python_decorator.py
[2025-05-07T20:06:01.305+0000] {processor.py:840} INFO - DAG(s) 'example_python_decorator' retrieved from /home/airflow/.local/lib/python3.8/site-packages/airflow/example_dags/example_python_decorator.py
[2025-05-07T20:06:01.328+0000] {logging_mixin.py:188} INFO - [2025-05-07T20:06:01.328+0000] {dag.py:3036} INFO - Sync 1 DAGs
[2025-05-07T20:06:01.340+0000] {logging_mixin.py:188} INFO - [2025-05-07T20:06:01.340+0000] {dag.py:3823} INFO - Setting next_dagrun for example_python_decorator to None, run_after=None
[2025-05-07T20:06:01.360+0000] {processor.py:183} INFO - Processing /home/airflow/.local/lib/python3.8/site-packages/airflow/example_dags/example_python_decorator.py took 0.088 seconds
[2025-05-07T20:06:31.512+0000] {processor.py:161} INFO - Started process (PID=3814) to work on /home/airflow/.local/lib/python3.8/site-packages/airflow/example_dags/example_python_decorator.py
[2025-05-07T20:06:31.513+0000] {processor.py:830} INFO - Processing file /home/airflow/.local/lib/python3.8/site-packages/airflow/example_dags/example_python_decorator.py for tasks to queue
[2025-05-07T20:06:31.515+0000] {logging_mixin.py:188} INFO - [2025-05-07T20:06:31.515+0000] {dagbag.py:538} INFO - Filling up the DagBag from /home/airflow/.local/lib/python3.8/site-packages/airflow/example_dags/example_python_decorator.py
[2025-05-07T20:06:31.529+0000] {processor.py:840} INFO - DAG(s) 'example_python_decorator' retrieved from /home/airflow/.local/lib/python3.8/site-packages/airflow/example_dags/example_python_decorator.py
[2025-05-07T20:06:31.552+0000] {logging_mixin.py:188} INFO - [2025-05-07T20:06:31.552+0000] {dag.py:3036} INFO - Sync 1 DAGs
[2025-05-07T20:06:31.566+0000] {logging_mixin.py:188} INFO - [2025-05-07T20:06:31.566+0000] {dag.py:3823} INFO - Setting next_dagrun for example_python_decorator to None, run_after=None
[2025-05-07T20:06:31.587+0000] {processor.py:183} INFO - Processing /home/airflow/.local/lib/python3.8/site-packages/airflow/example_dags/example_python_decorator.py took 0.079 seconds
[2025-05-07T20:07:01.963+0000] {processor.py:161} INFO - Started process (PID=3871) to work on /home/airflow/.local/lib/python3.8/site-packages/airflow/example_dags/example_python_decorator.py
[2025-05-07T20:07:01.965+0000] {processor.py:830} INFO - Processing file /home/airflow/.local/lib/python3.8/site-packages/airflow/example_dags/example_python_decorator.py for tasks to queue
[2025-05-07T20:07:01.967+0000] {logging_mixin.py:188} INFO - [2025-05-07T20:07:01.967+0000] {dagbag.py:538} INFO - Filling up the DagBag from /home/airflow/.local/lib/python3.8/site-packages/airflow/example_dags/example_python_decorator.py
[2025-05-07T20:07:01.981+0000] {processor.py:840} INFO - DAG(s) 'example_python_decorator' retrieved from /home/airflow/.local/lib/python3.8/site-packages/airflow/example_dags/example_python_decorator.py
[2025-05-07T20:07:02.006+0000] {logging_mixin.py:188} INFO - [2025-05-07T20:07:02.005+0000] {dag.py:3036} INFO - Sync 1 DAGs
[2025-05-07T20:07:02.018+0000] {logging_mixin.py:188} INFO - [2025-05-07T20:07:02.018+0000] {dag.py:3823} INFO - Setting next_dagrun for example_python_decorator to None, run_after=None
[2025-05-07T20:07:02.044+0000] {processor.py:183} INFO - Processing /home/airflow/.local/lib/python3.8/site-packages/airflow/example_dags/example_python_decorator.py took 0.084 seconds
[2025-05-07T20:07:32.638+0000] {processor.py:161} INFO - Started process (PID=3928) to work on /home/airflow/.local/lib/python3.8/site-packages/airflow/example_dags/example_python_decorator.py
[2025-05-07T20:07:32.640+0000] {processor.py:830} INFO - Processing file /home/airflow/.local/lib/python3.8/site-packages/airflow/example_dags/example_python_decorator.py for tasks to queue
[2025-05-07T20:07:32.643+0000] {logging_mixin.py:188} INFO - [2025-05-07T20:07:32.643+0000] {dagbag.py:538} INFO - Filling up the DagBag from /home/airflow/.local/lib/python3.8/site-packages/airflow/example_dags/example_python_decorator.py
[2025-05-07T20:07:32.661+0000] {processor.py:840} INFO - DAG(s) 'example_python_decorator' retrieved from /home/airflow/.local/lib/python3.8/site-packages/airflow/example_dags/example_python_decorator.py
[2025-05-07T20:07:32.693+0000] {logging_mixin.py:188} INFO - [2025-05-07T20:07:32.692+0000] {dag.py:3036} INFO - Sync 1 DAGs
[2025-05-07T20:07:32.708+0000] {logging_mixin.py:188} INFO - [2025-05-07T20:07:32.708+0000] {dag.py:3823} INFO - Setting next_dagrun for example_python_decorator to None, run_after=None
[2025-05-07T20:07:32.742+0000] {processor.py:183} INFO - Processing /home/airflow/.local/lib/python3.8/site-packages/airflow/example_dags/example_python_decorator.py took 0.110 seconds
[2025-05-07T20:08:02.891+0000] {processor.py:161} INFO - Started process (PID=3985) to work on /home/airflow/.local/lib/python3.8/site-packages/airflow/example_dags/example_python_decorator.py
[2025-05-07T20:08:02.893+0000] {processor.py:830} INFO - Processing file /home/airflow/.local/lib/python3.8/site-packages/airflow/example_dags/example_python_decorator.py for tasks to queue
[2025-05-07T20:08:02.896+0000] {logging_mixin.py:188} INFO - [2025-05-07T20:08:02.896+0000] {dagbag.py:538} INFO - Filling up the DagBag from /home/airflow/.local/lib/python3.8/site-packages/airflow/example_dags/example_python_decorator.py
[2025-05-07T20:08:02.911+0000] {processor.py:840} INFO - DAG(s) 'example_python_decorator' retrieved from /home/airflow/.local/lib/python3.8/site-packages/airflow/example_dags/example_python_decorator.py
[2025-05-07T20:08:02.936+0000] {logging_mixin.py:188} INFO - [2025-05-07T20:08:02.936+0000] {dag.py:3036} INFO - Sync 1 DAGs
[2025-05-07T20:08:02.950+0000] {logging_mixin.py:188} INFO - [2025-05-07T20:08:02.949+0000] {dag.py:3823} INFO - Setting next_dagrun for example_python_decorator to None, run_after=None
[2025-05-07T20:08:02.972+0000] {processor.py:183} INFO - Processing /home/airflow/.local/lib/python3.8/site-packages/airflow/example_dags/example_python_decorator.py took 0.087 seconds
[2025-05-07T20:08:33.539+0000] {processor.py:161} INFO - Started process (PID=4042) to work on /home/airflow/.local/lib/python3.8/site-packages/airflow/example_dags/example_python_decorator.py
[2025-05-07T20:08:33.541+0000] {processor.py:830} INFO - Processing file /home/airflow/.local/lib/python3.8/site-packages/airflow/example_dags/example_python_decorator.py for tasks to queue
[2025-05-07T20:08:33.545+0000] {logging_mixin.py:188} INFO - [2025-05-07T20:08:33.544+0000] {dagbag.py:538} INFO - Filling up the DagBag from /home/airflow/.local/lib/python3.8/site-packages/airflow/example_dags/example_python_decorator.py
[2025-05-07T20:08:33.559+0000] {processor.py:840} INFO - DAG(s) 'example_python_decorator' retrieved from /home/airflow/.local/lib/python3.8/site-packages/airflow/example_dags/example_python_decorator.py
[2025-05-07T20:08:33.585+0000] {logging_mixin.py:188} INFO - [2025-05-07T20:08:33.585+0000] {dag.py:3036} INFO - Sync 1 DAGs
[2025-05-07T20:08:33.598+0000] {logging_mixin.py:188} INFO - [2025-05-07T20:08:33.598+0000] {dag.py:3823} INFO - Setting next_dagrun for example_python_decorator to None, run_after=None
[2025-05-07T20:08:33.624+0000] {processor.py:183} INFO - Processing /home/airflow/.local/lib/python3.8/site-packages/airflow/example_dags/example_python_decorator.py took 0.088 seconds
[2025-05-07T20:09:05.178+0000] {processor.py:161} INFO - Started process (PID=4099) to work on /home/airflow/.local/lib/python3.8/site-packages/airflow/example_dags/example_python_decorator.py
[2025-05-07T20:09:05.179+0000] {processor.py:830} INFO - Processing file /home/airflow/.local/lib/python3.8/site-packages/airflow/example_dags/example_python_decorator.py for tasks to queue
[2025-05-07T20:09:05.181+0000] {logging_mixin.py:188} INFO - [2025-05-07T20:09:05.181+0000] {dagbag.py:538} INFO - Filling up the DagBag from /home/airflow/.local/lib/python3.8/site-packages/airflow/example_dags/example_python_decorator.py
[2025-05-07T20:09:05.194+0000] {processor.py:840} INFO - DAG(s) 'example_python_decorator' retrieved from /home/airflow/.local/lib/python3.8/site-packages/airflow/example_dags/example_python_decorator.py
[2025-05-07T20:09:05.217+0000] {logging_mixin.py:188} INFO - [2025-05-07T20:09:05.217+0000] {dag.py:3036} INFO - Sync 1 DAGs
[2025-05-07T20:09:05.233+0000] {logging_mixin.py:188} INFO - [2025-05-07T20:09:05.233+0000] {dag.py:3823} INFO - Setting next_dagrun for example_python_decorator to None, run_after=None
[2025-05-07T20:09:05.259+0000] {processor.py:183} INFO - Processing /home/airflow/.local/lib/python3.8/site-packages/airflow/example_dags/example_python_decorator.py took 0.084 seconds
[2025-05-07T20:09:35.550+0000] {processor.py:161} INFO - Started process (PID=4156) to work on /home/airflow/.local/lib/python3.8/site-packages/airflow/example_dags/example_python_decorator.py
[2025-05-07T20:09:35.552+0000] {processor.py:830} INFO - Processing file /home/airflow/.local/lib/python3.8/site-packages/airflow/example_dags/example_python_decorator.py for tasks to queue
[2025-05-07T20:09:35.554+0000] {logging_mixin.py:188} INFO - [2025-05-07T20:09:35.554+0000] {dagbag.py:538} INFO - Filling up the DagBag from /home/airflow/.local/lib/python3.8/site-packages/airflow/example_dags/example_python_decorator.py
[2025-05-07T20:09:35.571+0000] {processor.py:840} INFO - DAG(s) 'example_python_decorator' retrieved from /home/airflow/.local/lib/python3.8/site-packages/airflow/example_dags/example_python_decorator.py
[2025-05-07T20:09:35.598+0000] {logging_mixin.py:188} INFO - [2025-05-07T20:09:35.598+0000] {dag.py:3036} INFO - Sync 1 DAGs
[2025-05-07T20:09:35.612+0000] {logging_mixin.py:188} INFO - [2025-05-07T20:09:35.612+0000] {dag.py:3823} INFO - Setting next_dagrun for example_python_decorator to None, run_after=None
[2025-05-07T20:09:35.638+0000] {processor.py:183} INFO - Processing /home/airflow/.local/lib/python3.8/site-packages/airflow/example_dags/example_python_decorator.py took 0.092 seconds
[2025-05-07T20:10:06.671+0000] {processor.py:161} INFO - Started process (PID=4213) to work on /home/airflow/.local/lib/python3.8/site-packages/airflow/example_dags/example_python_decorator.py
[2025-05-07T20:10:06.675+0000] {processor.py:830} INFO - Processing file /home/airflow/.local/lib/python3.8/site-packages/airflow/example_dags/example_python_decorator.py for tasks to queue
[2025-05-07T20:10:06.682+0000] {logging_mixin.py:188} INFO - [2025-05-07T20:10:06.681+0000] {dagbag.py:538} INFO - Filling up the DagBag from /home/airflow/.local/lib/python3.8/site-packages/airflow/example_dags/example_python_decorator.py
[2025-05-07T20:10:06.699+0000] {processor.py:840} INFO - DAG(s) 'example_python_decorator' retrieved from /home/airflow/.local/lib/python3.8/site-packages/airflow/example_dags/example_python_decorator.py
[2025-05-07T20:10:06.724+0000] {logging_mixin.py:188} INFO - [2025-05-07T20:10:06.724+0000] {dag.py:3036} INFO - Sync 1 DAGs
[2025-05-07T20:10:06.738+0000] {logging_mixin.py:188} INFO - [2025-05-07T20:10:06.738+0000] {dag.py:3823} INFO - Setting next_dagrun for example_python_decorator to None, run_after=None
[2025-05-07T20:10:06.762+0000] {processor.py:183} INFO - Processing /home/airflow/.local/lib/python3.8/site-packages/airflow/example_dags/example_python_decorator.py took 0.097 seconds
[2025-05-07T20:10:37.163+0000] {processor.py:161} INFO - Started process (PID=4270) to work on /home/airflow/.local/lib/python3.8/site-packages/airflow/example_dags/example_python_decorator.py
[2025-05-07T20:10:37.166+0000] {processor.py:830} INFO - Processing file /home/airflow/.local/lib/python3.8/site-packages/airflow/example_dags/example_python_decorator.py for tasks to queue
[2025-05-07T20:10:37.169+0000] {logging_mixin.py:188} INFO - [2025-05-07T20:10:37.168+0000] {dagbag.py:538} INFO - Filling up the DagBag from /home/airflow/.local/lib/python3.8/site-packages/airflow/example_dags/example_python_decorator.py
[2025-05-07T20:10:37.193+0000] {processor.py:840} INFO - DAG(s) 'example_python_decorator' retrieved from /home/airflow/.local/lib/python3.8/site-packages/airflow/example_dags/example_python_decorator.py
[2025-05-07T20:10:37.232+0000] {logging_mixin.py:188} INFO - [2025-05-07T20:10:37.231+0000] {dag.py:3036} INFO - Sync 1 DAGs
[2025-05-07T20:10:37.245+0000] {logging_mixin.py:188} INFO - [2025-05-07T20:10:37.245+0000] {dag.py:3823} INFO - Setting next_dagrun for example_python_decorator to None, run_after=None
[2025-05-07T20:10:37.266+0000] {processor.py:183} INFO - Processing /home/airflow/.local/lib/python3.8/site-packages/airflow/example_dags/example_python_decorator.py took 0.108 seconds
[2025-05-07T20:11:07.759+0000] {processor.py:161} INFO - Started process (PID=4327) to work on /home/airflow/.local/lib/python3.8/site-packages/airflow/example_dags/example_python_decorator.py
[2025-05-07T20:11:07.761+0000] {processor.py:830} INFO - Processing file /home/airflow/.local/lib/python3.8/site-packages/airflow/example_dags/example_python_decorator.py for tasks to queue
[2025-05-07T20:11:07.764+0000] {logging_mixin.py:188} INFO - [2025-05-07T20:11:07.763+0000] {dagbag.py:538} INFO - Filling up the DagBag from /home/airflow/.local/lib/python3.8/site-packages/airflow/example_dags/example_python_decorator.py
[2025-05-07T20:11:07.779+0000] {processor.py:840} INFO - DAG(s) 'example_python_decorator' retrieved from /home/airflow/.local/lib/python3.8/site-packages/airflow/example_dags/example_python_decorator.py
[2025-05-07T20:11:07.804+0000] {logging_mixin.py:188} INFO - [2025-05-07T20:11:07.804+0000] {dag.py:3036} INFO - Sync 1 DAGs
[2025-05-07T20:11:07.819+0000] {logging_mixin.py:188} INFO - [2025-05-07T20:11:07.818+0000] {dag.py:3823} INFO - Setting next_dagrun for example_python_decorator to None, run_after=None
[2025-05-07T20:11:07.847+0000] {processor.py:183} INFO - Processing /home/airflow/.local/lib/python3.8/site-packages/airflow/example_dags/example_python_decorator.py took 0.092 seconds
[2025-05-07T20:11:38.816+0000] {processor.py:161} INFO - Started process (PID=4384) to work on /home/airflow/.local/lib/python3.8/site-packages/airflow/example_dags/example_python_decorator.py
[2025-05-07T20:11:38.818+0000] {processor.py:830} INFO - Processing file /home/airflow/.local/lib/python3.8/site-packages/airflow/example_dags/example_python_decorator.py for tasks to queue
[2025-05-07T20:11:38.823+0000] {logging_mixin.py:188} INFO - [2025-05-07T20:11:38.822+0000] {dagbag.py:538} INFO - Filling up the DagBag from /home/airflow/.local/lib/python3.8/site-packages/airflow/example_dags/example_python_decorator.py
[2025-05-07T20:11:38.842+0000] {processor.py:840} INFO - DAG(s) 'example_python_decorator' retrieved from /home/airflow/.local/lib/python3.8/site-packages/airflow/example_dags/example_python_decorator.py
[2025-05-07T20:11:38.885+0000] {logging_mixin.py:188} INFO - [2025-05-07T20:11:38.885+0000] {dag.py:3036} INFO - Sync 1 DAGs
[2025-05-07T20:11:38.913+0000] {logging_mixin.py:188} INFO - [2025-05-07T20:11:38.913+0000] {dag.py:3823} INFO - Setting next_dagrun for example_python_decorator to None, run_after=None
[2025-05-07T20:11:38.955+0000] {processor.py:183} INFO - Processing /home/airflow/.local/lib/python3.8/site-packages/airflow/example_dags/example_python_decorator.py took 0.144 seconds
[2025-05-07T20:12:09.308+0000] {processor.py:161} INFO - Started process (PID=4441) to work on /home/airflow/.local/lib/python3.8/site-packages/airflow/example_dags/example_python_decorator.py
[2025-05-07T20:12:09.310+0000] {processor.py:830} INFO - Processing file /home/airflow/.local/lib/python3.8/site-packages/airflow/example_dags/example_python_decorator.py for tasks to queue
[2025-05-07T20:12:09.314+0000] {logging_mixin.py:188} INFO - [2025-05-07T20:12:09.314+0000] {dagbag.py:538} INFO - Filling up the DagBag from /home/airflow/.local/lib/python3.8/site-packages/airflow/example_dags/example_python_decorator.py
[2025-05-07T20:12:09.336+0000] {processor.py:840} INFO - DAG(s) 'example_python_decorator' retrieved from /home/airflow/.local/lib/python3.8/site-packages/airflow/example_dags/example_python_decorator.py
[2025-05-07T20:12:09.360+0000] {logging_mixin.py:188} INFO - [2025-05-07T20:12:09.360+0000] {dag.py:3036} INFO - Sync 1 DAGs
[2025-05-07T20:12:09.372+0000] {logging_mixin.py:188} INFO - [2025-05-07T20:12:09.372+0000] {dag.py:3823} INFO - Setting next_dagrun for example_python_decorator to None, run_after=None
[2025-05-07T20:12:09.394+0000] {processor.py:183} INFO - Processing /home/airflow/.local/lib/python3.8/site-packages/airflow/example_dags/example_python_decorator.py took 0.091 seconds
[2025-05-07T20:12:40.120+0000] {processor.py:161} INFO - Started process (PID=4498) to work on /home/airflow/.local/lib/python3.8/site-packages/airflow/example_dags/example_python_decorator.py
[2025-05-07T20:12:40.121+0000] {processor.py:830} INFO - Processing file /home/airflow/.local/lib/python3.8/site-packages/airflow/example_dags/example_python_decorator.py for tasks to queue
[2025-05-07T20:12:40.123+0000] {logging_mixin.py:188} INFO - [2025-05-07T20:12:40.123+0000] {dagbag.py:538} INFO - Filling up the DagBag from /home/airflow/.local/lib/python3.8/site-packages/airflow/example_dags/example_python_decorator.py
[2025-05-07T20:12:40.137+0000] {processor.py:840} INFO - DAG(s) 'example_python_decorator' retrieved from /home/airflow/.local/lib/python3.8/site-packages/airflow/example_dags/example_python_decorator.py
[2025-05-07T20:12:40.160+0000] {logging_mixin.py:188} INFO - [2025-05-07T20:12:40.160+0000] {dag.py:3036} INFO - Sync 1 DAGs
[2025-05-07T20:12:40.173+0000] {logging_mixin.py:188} INFO - [2025-05-07T20:12:40.173+0000] {dag.py:3823} INFO - Setting next_dagrun for example_python_decorator to None, run_after=None
[2025-05-07T20:12:40.201+0000] {processor.py:183} INFO - Processing /home/airflow/.local/lib/python3.8/site-packages/airflow/example_dags/example_python_decorator.py took 0.088 seconds
[2025-05-07T20:13:10.385+0000] {processor.py:161} INFO - Started process (PID=4555) to work on /home/airflow/.local/lib/python3.8/site-packages/airflow/example_dags/example_python_decorator.py
[2025-05-07T20:13:10.387+0000] {processor.py:830} INFO - Processing file /home/airflow/.local/lib/python3.8/site-packages/airflow/example_dags/example_python_decorator.py for tasks to queue
[2025-05-07T20:13:10.390+0000] {logging_mixin.py:188} INFO - [2025-05-07T20:13:10.389+0000] {dagbag.py:538} INFO - Filling up the DagBag from /home/airflow/.local/lib/python3.8/site-packages/airflow/example_dags/example_python_decorator.py
[2025-05-07T20:13:10.411+0000] {processor.py:840} INFO - DAG(s) 'example_python_decorator' retrieved from /home/airflow/.local/lib/python3.8/site-packages/airflow/example_dags/example_python_decorator.py
[2025-05-07T20:13:10.455+0000] {logging_mixin.py:188} INFO - [2025-05-07T20:13:10.455+0000] {dag.py:3036} INFO - Sync 1 DAGs
[2025-05-07T20:13:10.472+0000] {logging_mixin.py:188} INFO - [2025-05-07T20:13:10.472+0000] {dag.py:3823} INFO - Setting next_dagrun for example_python_decorator to None, run_after=None
[2025-05-07T20:13:10.506+0000] {processor.py:183} INFO - Processing /home/airflow/.local/lib/python3.8/site-packages/airflow/example_dags/example_python_decorator.py took 0.125 seconds
[2025-05-07T20:13:40.936+0000] {processor.py:161} INFO - Started process (PID=4612) to work on /home/airflow/.local/lib/python3.8/site-packages/airflow/example_dags/example_python_decorator.py
[2025-05-07T20:13:40.939+0000] {processor.py:830} INFO - Processing file /home/airflow/.local/lib/python3.8/site-packages/airflow/example_dags/example_python_decorator.py for tasks to queue
[2025-05-07T20:13:40.944+0000] {logging_mixin.py:188} INFO - [2025-05-07T20:13:40.943+0000] {dagbag.py:538} INFO - Filling up the DagBag from /home/airflow/.local/lib/python3.8/site-packages/airflow/example_dags/example_python_decorator.py
[2025-05-07T20:13:40.966+0000] {processor.py:840} INFO - DAG(s) 'example_python_decorator' retrieved from /home/airflow/.local/lib/python3.8/site-packages/airflow/example_dags/example_python_decorator.py
[2025-05-07T20:13:40.992+0000] {logging_mixin.py:188} INFO - [2025-05-07T20:13:40.992+0000] {dag.py:3036} INFO - Sync 1 DAGs
[2025-05-07T20:13:41.004+0000] {logging_mixin.py:188} INFO - [2025-05-07T20:13:41.004+0000] {dag.py:3823} INFO - Setting next_dagrun for example_python_decorator to None, run_after=None
[2025-05-07T20:13:41.026+0000] {processor.py:183} INFO - Processing /home/airflow/.local/lib/python3.8/site-packages/airflow/example_dags/example_python_decorator.py took 0.096 seconds
[2025-05-07T20:14:11.491+0000] {processor.py:161} INFO - Started process (PID=4669) to work on /home/airflow/.local/lib/python3.8/site-packages/airflow/example_dags/example_python_decorator.py
[2025-05-07T20:14:11.495+0000] {processor.py:830} INFO - Processing file /home/airflow/.local/lib/python3.8/site-packages/airflow/example_dags/example_python_decorator.py for tasks to queue
[2025-05-07T20:14:11.502+0000] {logging_mixin.py:188} INFO - [2025-05-07T20:14:11.501+0000] {dagbag.py:538} INFO - Filling up the DagBag from /home/airflow/.local/lib/python3.8/site-packages/airflow/example_dags/example_python_decorator.py
[2025-05-07T20:14:11.531+0000] {processor.py:840} INFO - DAG(s) 'example_python_decorator' retrieved from /home/airflow/.local/lib/python3.8/site-packages/airflow/example_dags/example_python_decorator.py
[2025-05-07T20:14:11.557+0000] {logging_mixin.py:188} INFO - [2025-05-07T20:14:11.557+0000] {dag.py:3036} INFO - Sync 1 DAGs
[2025-05-07T20:14:11.571+0000] {logging_mixin.py:188} INFO - [2025-05-07T20:14:11.571+0000] {dag.py:3823} INFO - Setting next_dagrun for example_python_decorator to None, run_after=None
[2025-05-07T20:14:11.592+0000] {processor.py:183} INFO - Processing /home/airflow/.local/lib/python3.8/site-packages/airflow/example_dags/example_python_decorator.py took 0.107 seconds
[2025-05-07T20:14:41.750+0000] {processor.py:161} INFO - Started process (PID=4726) to work on /home/airflow/.local/lib/python3.8/site-packages/airflow/example_dags/example_python_decorator.py
[2025-05-07T20:14:41.752+0000] {processor.py:830} INFO - Processing file /home/airflow/.local/lib/python3.8/site-packages/airflow/example_dags/example_python_decorator.py for tasks to queue
[2025-05-07T20:14:41.754+0000] {logging_mixin.py:188} INFO - [2025-05-07T20:14:41.754+0000] {dagbag.py:538} INFO - Filling up the DagBag from /home/airflow/.local/lib/python3.8/site-packages/airflow/example_dags/example_python_decorator.py
[2025-05-07T20:14:41.767+0000] {processor.py:840} INFO - DAG(s) 'example_python_decorator' retrieved from /home/airflow/.local/lib/python3.8/site-packages/airflow/example_dags/example_python_decorator.py
[2025-05-07T20:14:41.792+0000] {logging_mixin.py:188} INFO - [2025-05-07T20:14:41.792+0000] {dag.py:3036} INFO - Sync 1 DAGs
[2025-05-07T20:14:41.805+0000] {logging_mixin.py:188} INFO - [2025-05-07T20:14:41.805+0000] {dag.py:3823} INFO - Setting next_dagrun for example_python_decorator to None, run_after=None
[2025-05-07T20:14:41.826+0000] {processor.py:183} INFO - Processing /home/airflow/.local/lib/python3.8/site-packages/airflow/example_dags/example_python_decorator.py took 0.079 seconds
[2025-05-07T20:15:12.788+0000] {processor.py:161} INFO - Started process (PID=4783) to work on /home/airflow/.local/lib/python3.8/site-packages/airflow/example_dags/example_python_decorator.py
[2025-05-07T20:15:12.789+0000] {processor.py:830} INFO - Processing file /home/airflow/.local/lib/python3.8/site-packages/airflow/example_dags/example_python_decorator.py for tasks to queue
[2025-05-07T20:15:12.792+0000] {logging_mixin.py:188} INFO - [2025-05-07T20:15:12.792+0000] {dagbag.py:538} INFO - Filling up the DagBag from /home/airflow/.local/lib/python3.8/site-packages/airflow/example_dags/example_python_decorator.py
[2025-05-07T20:15:12.809+0000] {processor.py:840} INFO - DAG(s) 'example_python_decorator' retrieved from /home/airflow/.local/lib/python3.8/site-packages/airflow/example_dags/example_python_decorator.py
[2025-05-07T20:15:12.838+0000] {logging_mixin.py:188} INFO - [2025-05-07T20:15:12.838+0000] {dag.py:3036} INFO - Sync 1 DAGs
[2025-05-07T20:15:12.855+0000] {logging_mixin.py:188} INFO - [2025-05-07T20:15:12.855+0000] {dag.py:3823} INFO - Setting next_dagrun for example_python_decorator to None, run_after=None
[2025-05-07T20:15:12.882+0000] {processor.py:183} INFO - Processing /home/airflow/.local/lib/python3.8/site-packages/airflow/example_dags/example_python_decorator.py took 0.100 seconds
[2025-05-07T20:15:43.927+0000] {processor.py:161} INFO - Started process (PID=4840) to work on /home/airflow/.local/lib/python3.8/site-packages/airflow/example_dags/example_python_decorator.py
[2025-05-07T20:15:43.929+0000] {processor.py:830} INFO - Processing file /home/airflow/.local/lib/python3.8/site-packages/airflow/example_dags/example_python_decorator.py for tasks to queue
[2025-05-07T20:15:43.931+0000] {logging_mixin.py:188} INFO - [2025-05-07T20:15:43.931+0000] {dagbag.py:538} INFO - Filling up the DagBag from /home/airflow/.local/lib/python3.8/site-packages/airflow/example_dags/example_python_decorator.py
[2025-05-07T20:15:43.947+0000] {processor.py:840} INFO - DAG(s) 'example_python_decorator' retrieved from /home/airflow/.local/lib/python3.8/site-packages/airflow/example_dags/example_python_decorator.py
[2025-05-07T20:15:43.976+0000] {logging_mixin.py:188} INFO - [2025-05-07T20:15:43.976+0000] {dag.py:3036} INFO - Sync 1 DAGs
[2025-05-07T20:15:43.992+0000] {logging_mixin.py:188} INFO - [2025-05-07T20:15:43.991+0000] {dag.py:3823} INFO - Setting next_dagrun for example_python_decorator to None, run_after=None
[2025-05-07T20:15:44.016+0000] {processor.py:183} INFO - Processing /home/airflow/.local/lib/python3.8/site-packages/airflow/example_dags/example_python_decorator.py took 0.094 seconds
[2025-05-07T20:16:14.960+0000] {processor.py:161} INFO - Started process (PID=4897) to work on /home/airflow/.local/lib/python3.8/site-packages/airflow/example_dags/example_python_decorator.py
[2025-05-07T20:16:14.962+0000] {processor.py:830} INFO - Processing file /home/airflow/.local/lib/python3.8/site-packages/airflow/example_dags/example_python_decorator.py for tasks to queue
[2025-05-07T20:16:14.965+0000] {logging_mixin.py:188} INFO - [2025-05-07T20:16:14.965+0000] {dagbag.py:538} INFO - Filling up the DagBag from /home/airflow/.local/lib/python3.8/site-packages/airflow/example_dags/example_python_decorator.py
[2025-05-07T20:16:14.982+0000] {processor.py:840} INFO - DAG(s) 'example_python_decorator' retrieved from /home/airflow/.local/lib/python3.8/site-packages/airflow/example_dags/example_python_decorator.py
[2025-05-07T20:16:15.011+0000] {logging_mixin.py:188} INFO - [2025-05-07T20:16:15.011+0000] {dag.py:3036} INFO - Sync 1 DAGs
[2025-05-07T20:16:15.026+0000] {logging_mixin.py:188} INFO - [2025-05-07T20:16:15.026+0000] {dag.py:3823} INFO - Setting next_dagrun for example_python_decorator to None, run_after=None
[2025-05-07T20:16:15.058+0000] {processor.py:183} INFO - Processing /home/airflow/.local/lib/python3.8/site-packages/airflow/example_dags/example_python_decorator.py took 0.102 seconds
[2025-05-07T20:16:45.852+0000] {processor.py:161} INFO - Started process (PID=4954) to work on /home/airflow/.local/lib/python3.8/site-packages/airflow/example_dags/example_python_decorator.py
[2025-05-07T20:16:45.853+0000] {processor.py:830} INFO - Processing file /home/airflow/.local/lib/python3.8/site-packages/airflow/example_dags/example_python_decorator.py for tasks to queue
[2025-05-07T20:16:45.856+0000] {logging_mixin.py:188} INFO - [2025-05-07T20:16:45.856+0000] {dagbag.py:538} INFO - Filling up the DagBag from /home/airflow/.local/lib/python3.8/site-packages/airflow/example_dags/example_python_decorator.py
[2025-05-07T20:16:45.874+0000] {processor.py:840} INFO - DAG(s) 'example_python_decorator' retrieved from /home/airflow/.local/lib/python3.8/site-packages/airflow/example_dags/example_python_decorator.py
[2025-05-07T20:16:45.904+0000] {logging_mixin.py:188} INFO - [2025-05-07T20:16:45.904+0000] {dag.py:3036} INFO - Sync 1 DAGs
[2025-05-07T20:16:45.922+0000] {logging_mixin.py:188} INFO - [2025-05-07T20:16:45.921+0000] {dag.py:3823} INFO - Setting next_dagrun for example_python_decorator to None, run_after=None
[2025-05-07T20:16:45.951+0000] {processor.py:183} INFO - Processing /home/airflow/.local/lib/python3.8/site-packages/airflow/example_dags/example_python_decorator.py took 0.104 seconds
[2025-05-07T20:17:16.330+0000] {processor.py:161} INFO - Started process (PID=5011) to work on /home/airflow/.local/lib/python3.8/site-packages/airflow/example_dags/example_python_decorator.py
[2025-05-07T20:17:16.332+0000] {processor.py:830} INFO - Processing file /home/airflow/.local/lib/python3.8/site-packages/airflow/example_dags/example_python_decorator.py for tasks to queue
[2025-05-07T20:17:16.335+0000] {logging_mixin.py:188} INFO - [2025-05-07T20:17:16.335+0000] {dagbag.py:538} INFO - Filling up the DagBag from /home/airflow/.local/lib/python3.8/site-packages/airflow/example_dags/example_python_decorator.py
[2025-05-07T20:17:16.352+0000] {processor.py:840} INFO - DAG(s) 'example_python_decorator' retrieved from /home/airflow/.local/lib/python3.8/site-packages/airflow/example_dags/example_python_decorator.py
[2025-05-07T20:17:16.382+0000] {logging_mixin.py:188} INFO - [2025-05-07T20:17:16.382+0000] {dag.py:3036} INFO - Sync 1 DAGs
[2025-05-07T20:17:16.399+0000] {logging_mixin.py:188} INFO - [2025-05-07T20:17:16.399+0000] {dag.py:3823} INFO - Setting next_dagrun for example_python_decorator to None, run_after=None
[2025-05-07T20:17:16.428+0000] {processor.py:183} INFO - Processing /home/airflow/.local/lib/python3.8/site-packages/airflow/example_dags/example_python_decorator.py took 0.102 seconds
[2025-05-07T20:17:47.319+0000] {processor.py:161} INFO - Started process (PID=5068) to work on /home/airflow/.local/lib/python3.8/site-packages/airflow/example_dags/example_python_decorator.py
[2025-05-07T20:17:47.322+0000] {processor.py:830} INFO - Processing file /home/airflow/.local/lib/python3.8/site-packages/airflow/example_dags/example_python_decorator.py for tasks to queue
[2025-05-07T20:17:47.325+0000] {logging_mixin.py:188} INFO - [2025-05-07T20:17:47.325+0000] {dagbag.py:538} INFO - Filling up the DagBag from /home/airflow/.local/lib/python3.8/site-packages/airflow/example_dags/example_python_decorator.py
[2025-05-07T20:17:47.348+0000] {processor.py:840} INFO - DAG(s) 'example_python_decorator' retrieved from /home/airflow/.local/lib/python3.8/site-packages/airflow/example_dags/example_python_decorator.py
[2025-05-07T20:17:47.395+0000] {logging_mixin.py:188} INFO - [2025-05-07T20:17:47.394+0000] {dag.py:3036} INFO - Sync 1 DAGs
[2025-05-07T20:17:47.416+0000] {logging_mixin.py:188} INFO - [2025-05-07T20:17:47.415+0000] {dag.py:3823} INFO - Setting next_dagrun for example_python_decorator to None, run_after=None
[2025-05-07T20:17:47.445+0000] {processor.py:183} INFO - Processing /home/airflow/.local/lib/python3.8/site-packages/airflow/example_dags/example_python_decorator.py took 0.130 seconds
[2025-05-07T20:18:18.202+0000] {processor.py:161} INFO - Started process (PID=5126) to work on /home/airflow/.local/lib/python3.8/site-packages/airflow/example_dags/example_python_decorator.py
[2025-05-07T20:18:18.205+0000] {processor.py:830} INFO - Processing file /home/airflow/.local/lib/python3.8/site-packages/airflow/example_dags/example_python_decorator.py for tasks to queue
[2025-05-07T20:18:18.209+0000] {logging_mixin.py:188} INFO - [2025-05-07T20:18:18.209+0000] {dagbag.py:538} INFO - Filling up the DagBag from /home/airflow/.local/lib/python3.8/site-packages/airflow/example_dags/example_python_decorator.py
[2025-05-07T20:18:18.244+0000] {processor.py:840} INFO - DAG(s) 'example_python_decorator' retrieved from /home/airflow/.local/lib/python3.8/site-packages/airflow/example_dags/example_python_decorator.py
[2025-05-07T20:18:18.288+0000] {logging_mixin.py:188} INFO - [2025-05-07T20:18:18.288+0000] {dag.py:3036} INFO - Sync 1 DAGs
[2025-05-07T20:18:18.311+0000] {logging_mixin.py:188} INFO - [2025-05-07T20:18:18.311+0000] {dag.py:3823} INFO - Setting next_dagrun for example_python_decorator to None, run_after=None
[2025-05-07T20:18:18.361+0000] {processor.py:183} INFO - Processing /home/airflow/.local/lib/python3.8/site-packages/airflow/example_dags/example_python_decorator.py took 0.168 seconds
[2025-05-07T20:18:48.751+0000] {processor.py:161} INFO - Started process (PID=5183) to work on /home/airflow/.local/lib/python3.8/site-packages/airflow/example_dags/example_python_decorator.py
[2025-05-07T20:18:48.753+0000] {processor.py:830} INFO - Processing file /home/airflow/.local/lib/python3.8/site-packages/airflow/example_dags/example_python_decorator.py for tasks to queue
[2025-05-07T20:18:48.756+0000] {logging_mixin.py:188} INFO - [2025-05-07T20:18:48.756+0000] {dagbag.py:538} INFO - Filling up the DagBag from /home/airflow/.local/lib/python3.8/site-packages/airflow/example_dags/example_python_decorator.py
[2025-05-07T20:18:48.776+0000] {processor.py:840} INFO - DAG(s) 'example_python_decorator' retrieved from /home/airflow/.local/lib/python3.8/site-packages/airflow/example_dags/example_python_decorator.py
[2025-05-07T20:18:48.810+0000] {logging_mixin.py:188} INFO - [2025-05-07T20:18:48.810+0000] {dag.py:3036} INFO - Sync 1 DAGs
[2025-05-07T20:18:48.828+0000] {logging_mixin.py:188} INFO - [2025-05-07T20:18:48.828+0000] {dag.py:3823} INFO - Setting next_dagrun for example_python_decorator to None, run_after=None
[2025-05-07T20:18:48.861+0000] {processor.py:183} INFO - Processing /home/airflow/.local/lib/python3.8/site-packages/airflow/example_dags/example_python_decorator.py took 0.115 seconds
