[2025-05-07T19:05:16.784+0000] {processor.py:161} INFO - Started process (PID=101) to work on /home/airflow/.local/lib/python3.8/site-packages/airflow/example_dags/example_branch_labels.py
[2025-05-07T19:05:16.786+0000] {processor.py:830} INFO - Processing file /home/airflow/.local/lib/python3.8/site-packages/airflow/example_dags/example_branch_labels.py for tasks to queue
[2025-05-07T19:05:16.788+0000] {logging_mixin.py:188} INFO - [2025-05-07T19:05:16.788+0000] {dagbag.py:538} INFO - Filling up the DagBag from /home/airflow/.local/lib/python3.8/site-packages/airflow/example_dags/example_branch_labels.py
[2025-05-07T19:05:16.797+0000] {processor.py:840} INFO - DAG(s) 'example_branch_labels' retrieved from /home/airflow/.local/lib/python3.8/site-packages/airflow/example_dags/example_branch_labels.py
[2025-05-07T19:05:16.808+0000] {logging_mixin.py:188} INFO - [2025-05-07T19:05:16.808+0000] {dag.py:3036} INFO - Sync 1 DAGs
[2025-05-07T19:05:16.831+0000] {logging_mixin.py:188} INFO - [2025-05-07T19:05:16.831+0000] {dag.py:3823} INFO - Setting next_dagrun for example_branch_labels to 2025-05-06 00:00:00+00:00, run_after=2025-05-07 00:00:00+00:00
[2025-05-07T19:05:16.851+0000] {processor.py:183} INFO - Processing /home/airflow/.local/lib/python3.8/site-packages/airflow/example_dags/example_branch_labels.py took 0.070 seconds
[2025-05-07T19:05:47.984+0000] {processor.py:161} INFO - Started process (PID=156) to work on /home/airflow/.local/lib/python3.8/site-packages/airflow/example_dags/example_branch_labels.py
[2025-05-07T19:05:47.986+0000] {processor.py:830} INFO - Processing file /home/airflow/.local/lib/python3.8/site-packages/airflow/example_dags/example_branch_labels.py for tasks to queue
[2025-05-07T19:05:47.989+0000] {logging_mixin.py:188} INFO - [2025-05-07T19:05:47.989+0000] {dagbag.py:538} INFO - Filling up the DagBag from /home/airflow/.local/lib/python3.8/site-packages/airflow/example_dags/example_branch_labels.py
[2025-05-07T19:05:47.999+0000] {processor.py:840} INFO - DAG(s) 'example_branch_labels' retrieved from /home/airflow/.local/lib/python3.8/site-packages/airflow/example_dags/example_branch_labels.py
[2025-05-07T19:05:48.089+0000] {logging_mixin.py:188} INFO - [2025-05-07T19:05:48.089+0000] {dag.py:3036} INFO - Sync 1 DAGs
[2025-05-07T19:05:48.110+0000] {logging_mixin.py:188} INFO - [2025-05-07T19:05:48.110+0000] {dag.py:3823} INFO - Setting next_dagrun for example_branch_labels to 2025-05-06 00:00:00+00:00, run_after=2025-05-07 00:00:00+00:00
[2025-05-07T19:05:48.132+0000] {processor.py:183} INFO - Processing /home/airflow/.local/lib/python3.8/site-packages/airflow/example_dags/example_branch_labels.py took 0.153 seconds
[2025-05-07T19:06:18.955+0000] {processor.py:161} INFO - Started process (PID=211) to work on /home/airflow/.local/lib/python3.8/site-packages/airflow/example_dags/example_branch_labels.py
[2025-05-07T19:06:18.956+0000] {processor.py:830} INFO - Processing file /home/airflow/.local/lib/python3.8/site-packages/airflow/example_dags/example_branch_labels.py for tasks to queue
[2025-05-07T19:06:18.959+0000] {logging_mixin.py:188} INFO - [2025-05-07T19:06:18.958+0000] {dagbag.py:538} INFO - Filling up the DagBag from /home/airflow/.local/lib/python3.8/site-packages/airflow/example_dags/example_branch_labels.py
[2025-05-07T19:06:18.967+0000] {processor.py:840} INFO - DAG(s) 'example_branch_labels' retrieved from /home/airflow/.local/lib/python3.8/site-packages/airflow/example_dags/example_branch_labels.py
[2025-05-07T19:06:18.991+0000] {logging_mixin.py:188} INFO - [2025-05-07T19:06:18.991+0000] {dag.py:3036} INFO - Sync 1 DAGs
[2025-05-07T19:06:19.013+0000] {logging_mixin.py:188} INFO - [2025-05-07T19:06:19.013+0000] {dag.py:3823} INFO - Setting next_dagrun for example_branch_labels to 2025-05-06 00:00:00+00:00, run_after=2025-05-07 00:00:00+00:00
[2025-05-07T19:06:19.032+0000] {processor.py:183} INFO - Processing /home/airflow/.local/lib/python3.8/site-packages/airflow/example_dags/example_branch_labels.py took 0.080 seconds
[2025-05-07T19:06:49.944+0000] {processor.py:161} INFO - Started process (PID=266) to work on /home/airflow/.local/lib/python3.8/site-packages/airflow/example_dags/example_branch_labels.py
[2025-05-07T19:06:49.945+0000] {processor.py:830} INFO - Processing file /home/airflow/.local/lib/python3.8/site-packages/airflow/example_dags/example_branch_labels.py for tasks to queue
[2025-05-07T19:06:49.948+0000] {logging_mixin.py:188} INFO - [2025-05-07T19:06:49.948+0000] {dagbag.py:538} INFO - Filling up the DagBag from /home/airflow/.local/lib/python3.8/site-packages/airflow/example_dags/example_branch_labels.py
[2025-05-07T19:06:49.956+0000] {processor.py:840} INFO - DAG(s) 'example_branch_labels' retrieved from /home/airflow/.local/lib/python3.8/site-packages/airflow/example_dags/example_branch_labels.py
[2025-05-07T19:06:49.978+0000] {logging_mixin.py:188} INFO - [2025-05-07T19:06:49.978+0000] {dag.py:3036} INFO - Sync 1 DAGs
[2025-05-07T19:06:50.001+0000] {logging_mixin.py:188} INFO - [2025-05-07T19:06:50.001+0000] {dag.py:3823} INFO - Setting next_dagrun for example_branch_labels to 2025-05-06 00:00:00+00:00, run_after=2025-05-07 00:00:00+00:00
[2025-05-07T19:06:50.025+0000] {processor.py:183} INFO - Processing /home/airflow/.local/lib/python3.8/site-packages/airflow/example_dags/example_branch_labels.py took 0.085 seconds
[2025-05-07T19:07:20.626+0000] {processor.py:161} INFO - Started process (PID=321) to work on /home/airflow/.local/lib/python3.8/site-packages/airflow/example_dags/example_branch_labels.py
[2025-05-07T19:07:20.628+0000] {processor.py:830} INFO - Processing file /home/airflow/.local/lib/python3.8/site-packages/airflow/example_dags/example_branch_labels.py for tasks to queue
[2025-05-07T19:07:20.630+0000] {logging_mixin.py:188} INFO - [2025-05-07T19:07:20.630+0000] {dagbag.py:538} INFO - Filling up the DagBag from /home/airflow/.local/lib/python3.8/site-packages/airflow/example_dags/example_branch_labels.py
[2025-05-07T19:07:20.639+0000] {processor.py:840} INFO - DAG(s) 'example_branch_labels' retrieved from /home/airflow/.local/lib/python3.8/site-packages/airflow/example_dags/example_branch_labels.py
[2025-05-07T19:07:20.663+0000] {logging_mixin.py:188} INFO - [2025-05-07T19:07:20.663+0000] {dag.py:3036} INFO - Sync 1 DAGs
[2025-05-07T19:07:20.695+0000] {logging_mixin.py:188} INFO - [2025-05-07T19:07:20.694+0000] {dag.py:3823} INFO - Setting next_dagrun for example_branch_labels to 2025-05-06 00:00:00+00:00, run_after=2025-05-07 00:00:00+00:00
[2025-05-07T19:07:20.719+0000] {processor.py:183} INFO - Processing /home/airflow/.local/lib/python3.8/site-packages/airflow/example_dags/example_branch_labels.py took 0.096 seconds
[2025-05-07T19:07:50.995+0000] {processor.py:161} INFO - Started process (PID=376) to work on /home/airflow/.local/lib/python3.8/site-packages/airflow/example_dags/example_branch_labels.py
[2025-05-07T19:07:50.997+0000] {processor.py:830} INFO - Processing file /home/airflow/.local/lib/python3.8/site-packages/airflow/example_dags/example_branch_labels.py for tasks to queue
[2025-05-07T19:07:51.000+0000] {logging_mixin.py:188} INFO - [2025-05-07T19:07:51.000+0000] {dagbag.py:538} INFO - Filling up the DagBag from /home/airflow/.local/lib/python3.8/site-packages/airflow/example_dags/example_branch_labels.py
[2025-05-07T19:07:51.009+0000] {processor.py:840} INFO - DAG(s) 'example_branch_labels' retrieved from /home/airflow/.local/lib/python3.8/site-packages/airflow/example_dags/example_branch_labels.py
[2025-05-07T19:07:51.038+0000] {logging_mixin.py:188} INFO - [2025-05-07T19:07:51.037+0000] {dag.py:3036} INFO - Sync 1 DAGs
[2025-05-07T19:07:51.079+0000] {logging_mixin.py:188} INFO - [2025-05-07T19:07:51.079+0000] {dag.py:3823} INFO - Setting next_dagrun for example_branch_labels to 2025-05-06 00:00:00+00:00, run_after=2025-05-07 00:00:00+00:00
[2025-05-07T19:07:51.106+0000] {processor.py:183} INFO - Processing /home/airflow/.local/lib/python3.8/site-packages/airflow/example_dags/example_branch_labels.py took 0.116 seconds
[2025-05-07T19:08:21.596+0000] {processor.py:161} INFO - Started process (PID=431) to work on /home/airflow/.local/lib/python3.8/site-packages/airflow/example_dags/example_branch_labels.py
[2025-05-07T19:08:21.599+0000] {processor.py:830} INFO - Processing file /home/airflow/.local/lib/python3.8/site-packages/airflow/example_dags/example_branch_labels.py for tasks to queue
[2025-05-07T19:08:21.603+0000] {logging_mixin.py:188} INFO - [2025-05-07T19:08:21.603+0000] {dagbag.py:538} INFO - Filling up the DagBag from /home/airflow/.local/lib/python3.8/site-packages/airflow/example_dags/example_branch_labels.py
[2025-05-07T19:08:21.613+0000] {processor.py:840} INFO - DAG(s) 'example_branch_labels' retrieved from /home/airflow/.local/lib/python3.8/site-packages/airflow/example_dags/example_branch_labels.py
[2025-05-07T19:08:21.638+0000] {logging_mixin.py:188} INFO - [2025-05-07T19:08:21.638+0000] {dag.py:3036} INFO - Sync 1 DAGs
[2025-05-07T19:08:21.664+0000] {logging_mixin.py:188} INFO - [2025-05-07T19:08:21.664+0000] {dag.py:3823} INFO - Setting next_dagrun for example_branch_labels to 2025-05-06 00:00:00+00:00, run_after=2025-05-07 00:00:00+00:00
[2025-05-07T19:08:21.685+0000] {processor.py:183} INFO - Processing /home/airflow/.local/lib/python3.8/site-packages/airflow/example_dags/example_branch_labels.py took 0.092 seconds
[2025-05-07T19:08:51.968+0000] {processor.py:161} INFO - Started process (PID=486) to work on /home/airflow/.local/lib/python3.8/site-packages/airflow/example_dags/example_branch_labels.py
[2025-05-07T19:08:51.972+0000] {processor.py:830} INFO - Processing file /home/airflow/.local/lib/python3.8/site-packages/airflow/example_dags/example_branch_labels.py for tasks to queue
[2025-05-07T19:08:51.977+0000] {logging_mixin.py:188} INFO - [2025-05-07T19:08:51.976+0000] {dagbag.py:538} INFO - Filling up the DagBag from /home/airflow/.local/lib/python3.8/site-packages/airflow/example_dags/example_branch_labels.py
[2025-05-07T19:08:51.991+0000] {processor.py:840} INFO - DAG(s) 'example_branch_labels' retrieved from /home/airflow/.local/lib/python3.8/site-packages/airflow/example_dags/example_branch_labels.py
[2025-05-07T19:08:52.034+0000] {logging_mixin.py:188} INFO - [2025-05-07T19:08:52.034+0000] {dag.py:3036} INFO - Sync 1 DAGs
[2025-05-07T19:08:52.055+0000] {logging_mixin.py:188} INFO - [2025-05-07T19:08:52.055+0000] {dag.py:3823} INFO - Setting next_dagrun for example_branch_labels to 2025-05-06 00:00:00+00:00, run_after=2025-05-07 00:00:00+00:00
[2025-05-07T19:08:52.080+0000] {processor.py:183} INFO - Processing /home/airflow/.local/lib/python3.8/site-packages/airflow/example_dags/example_branch_labels.py took 0.116 seconds
[2025-05-07T19:09:22.293+0000] {processor.py:161} INFO - Started process (PID=541) to work on /home/airflow/.local/lib/python3.8/site-packages/airflow/example_dags/example_branch_labels.py
[2025-05-07T19:09:22.295+0000] {processor.py:830} INFO - Processing file /home/airflow/.local/lib/python3.8/site-packages/airflow/example_dags/example_branch_labels.py for tasks to queue
[2025-05-07T19:09:22.297+0000] {logging_mixin.py:188} INFO - [2025-05-07T19:09:22.297+0000] {dagbag.py:538} INFO - Filling up the DagBag from /home/airflow/.local/lib/python3.8/site-packages/airflow/example_dags/example_branch_labels.py
[2025-05-07T19:09:22.305+0000] {processor.py:840} INFO - DAG(s) 'example_branch_labels' retrieved from /home/airflow/.local/lib/python3.8/site-packages/airflow/example_dags/example_branch_labels.py
[2025-05-07T19:09:22.325+0000] {logging_mixin.py:188} INFO - [2025-05-07T19:09:22.325+0000] {dag.py:3036} INFO - Sync 1 DAGs
[2025-05-07T19:09:22.349+0000] {logging_mixin.py:188} INFO - [2025-05-07T19:09:22.349+0000] {dag.py:3823} INFO - Setting next_dagrun for example_branch_labels to 2025-05-06 00:00:00+00:00, run_after=2025-05-07 00:00:00+00:00
[2025-05-07T19:09:22.367+0000] {processor.py:183} INFO - Processing /home/airflow/.local/lib/python3.8/site-packages/airflow/example_dags/example_branch_labels.py took 0.078 seconds
[2025-05-07T19:09:52.998+0000] {processor.py:161} INFO - Started process (PID=596) to work on /home/airflow/.local/lib/python3.8/site-packages/airflow/example_dags/example_branch_labels.py
[2025-05-07T19:09:52.999+0000] {processor.py:830} INFO - Processing file /home/airflow/.local/lib/python3.8/site-packages/airflow/example_dags/example_branch_labels.py for tasks to queue
[2025-05-07T19:09:53.001+0000] {logging_mixin.py:188} INFO - [2025-05-07T19:09:53.001+0000] {dagbag.py:538} INFO - Filling up the DagBag from /home/airflow/.local/lib/python3.8/site-packages/airflow/example_dags/example_branch_labels.py
[2025-05-07T19:09:53.009+0000] {processor.py:840} INFO - DAG(s) 'example_branch_labels' retrieved from /home/airflow/.local/lib/python3.8/site-packages/airflow/example_dags/example_branch_labels.py
[2025-05-07T19:09:53.032+0000] {logging_mixin.py:188} INFO - [2025-05-07T19:09:53.031+0000] {dag.py:3036} INFO - Sync 1 DAGs
[2025-05-07T19:09:53.055+0000] {logging_mixin.py:188} INFO - [2025-05-07T19:09:53.054+0000] {dag.py:3823} INFO - Setting next_dagrun for example_branch_labels to 2025-05-06 00:00:00+00:00, run_after=2025-05-07 00:00:00+00:00
[2025-05-07T19:09:53.074+0000] {processor.py:183} INFO - Processing /home/airflow/.local/lib/python3.8/site-packages/airflow/example_dags/example_branch_labels.py took 0.079 seconds
[2025-05-07T19:10:23.418+0000] {processor.py:161} INFO - Started process (PID=653) to work on /home/airflow/.local/lib/python3.8/site-packages/airflow/example_dags/example_branch_labels.py
[2025-05-07T19:10:23.419+0000] {processor.py:830} INFO - Processing file /home/airflow/.local/lib/python3.8/site-packages/airflow/example_dags/example_branch_labels.py for tasks to queue
[2025-05-07T19:10:23.422+0000] {logging_mixin.py:188} INFO - [2025-05-07T19:10:23.421+0000] {dagbag.py:538} INFO - Filling up the DagBag from /home/airflow/.local/lib/python3.8/site-packages/airflow/example_dags/example_branch_labels.py
[2025-05-07T19:10:23.431+0000] {processor.py:840} INFO - DAG(s) 'example_branch_labels' retrieved from /home/airflow/.local/lib/python3.8/site-packages/airflow/example_dags/example_branch_labels.py
[2025-05-07T19:10:23.457+0000] {logging_mixin.py:188} INFO - [2025-05-07T19:10:23.457+0000] {dag.py:3036} INFO - Sync 1 DAGs
[2025-05-07T19:10:23.484+0000] {logging_mixin.py:188} INFO - [2025-05-07T19:10:23.484+0000] {dag.py:3823} INFO - Setting next_dagrun for example_branch_labels to 2025-05-06 00:00:00+00:00, run_after=2025-05-07 00:00:00+00:00
[2025-05-07T19:10:23.510+0000] {processor.py:183} INFO - Processing /home/airflow/.local/lib/python3.8/site-packages/airflow/example_dags/example_branch_labels.py took 0.097 seconds
[2025-05-07T19:10:54.762+0000] {processor.py:161} INFO - Started process (PID=709) to work on /home/airflow/.local/lib/python3.8/site-packages/airflow/example_dags/example_branch_labels.py
[2025-05-07T19:10:54.763+0000] {processor.py:830} INFO - Processing file /home/airflow/.local/lib/python3.8/site-packages/airflow/example_dags/example_branch_labels.py for tasks to queue
[2025-05-07T19:10:54.766+0000] {logging_mixin.py:188} INFO - [2025-05-07T19:10:54.765+0000] {dagbag.py:538} INFO - Filling up the DagBag from /home/airflow/.local/lib/python3.8/site-packages/airflow/example_dags/example_branch_labels.py
[2025-05-07T19:10:54.775+0000] {processor.py:840} INFO - DAG(s) 'example_branch_labels' retrieved from /home/airflow/.local/lib/python3.8/site-packages/airflow/example_dags/example_branch_labels.py
[2025-05-07T19:10:54.800+0000] {logging_mixin.py:188} INFO - [2025-05-07T19:10:54.800+0000] {dag.py:3036} INFO - Sync 1 DAGs
[2025-05-07T19:10:54.825+0000] {logging_mixin.py:188} INFO - [2025-05-07T19:10:54.825+0000] {dag.py:3823} INFO - Setting next_dagrun for example_branch_labels to 2025-05-06 00:00:00+00:00, run_after=2025-05-07 00:00:00+00:00
[2025-05-07T19:10:54.846+0000] {processor.py:183} INFO - Processing /home/airflow/.local/lib/python3.8/site-packages/airflow/example_dags/example_branch_labels.py took 0.088 seconds
[2025-05-07T19:11:25.249+0000] {processor.py:161} INFO - Started process (PID=768) to work on /home/airflow/.local/lib/python3.8/site-packages/airflow/example_dags/example_branch_labels.py
[2025-05-07T19:11:25.250+0000] {processor.py:830} INFO - Processing file /home/airflow/.local/lib/python3.8/site-packages/airflow/example_dags/example_branch_labels.py for tasks to queue
[2025-05-07T19:11:25.254+0000] {logging_mixin.py:188} INFO - [2025-05-07T19:11:25.253+0000] {dagbag.py:538} INFO - Filling up the DagBag from /home/airflow/.local/lib/python3.8/site-packages/airflow/example_dags/example_branch_labels.py
[2025-05-07T19:11:25.263+0000] {processor.py:840} INFO - DAG(s) 'example_branch_labels' retrieved from /home/airflow/.local/lib/python3.8/site-packages/airflow/example_dags/example_branch_labels.py
[2025-05-07T19:11:25.286+0000] {logging_mixin.py:188} INFO - [2025-05-07T19:11:25.286+0000] {dag.py:3036} INFO - Sync 1 DAGs
[2025-05-07T19:11:25.311+0000] {logging_mixin.py:188} INFO - [2025-05-07T19:11:25.311+0000] {dag.py:3823} INFO - Setting next_dagrun for example_branch_labels to 2025-05-06 00:00:00+00:00, run_after=2025-05-07 00:00:00+00:00
[2025-05-07T19:11:25.332+0000] {processor.py:183} INFO - Processing /home/airflow/.local/lib/python3.8/site-packages/airflow/example_dags/example_branch_labels.py took 0.086 seconds
[2025-05-07T19:11:55.842+0000] {processor.py:161} INFO - Started process (PID=828) to work on /home/airflow/.local/lib/python3.8/site-packages/airflow/example_dags/example_branch_labels.py
[2025-05-07T19:11:55.845+0000] {processor.py:830} INFO - Processing file /home/airflow/.local/lib/python3.8/site-packages/airflow/example_dags/example_branch_labels.py for tasks to queue
[2025-05-07T19:11:55.848+0000] {logging_mixin.py:188} INFO - [2025-05-07T19:11:55.847+0000] {dagbag.py:538} INFO - Filling up the DagBag from /home/airflow/.local/lib/python3.8/site-packages/airflow/example_dags/example_branch_labels.py
[2025-05-07T19:11:55.857+0000] {processor.py:840} INFO - DAG(s) 'example_branch_labels' retrieved from /home/airflow/.local/lib/python3.8/site-packages/airflow/example_dags/example_branch_labels.py
[2025-05-07T19:11:55.893+0000] {logging_mixin.py:188} INFO - [2025-05-07T19:11:55.893+0000] {dag.py:3036} INFO - Sync 1 DAGs
[2025-05-07T19:11:55.922+0000] {logging_mixin.py:188} INFO - [2025-05-07T19:11:55.922+0000] {dag.py:3823} INFO - Setting next_dagrun for example_branch_labels to 2025-05-06 00:00:00+00:00, run_after=2025-05-07 00:00:00+00:00
[2025-05-07T19:11:55.946+0000] {processor.py:183} INFO - Processing /home/airflow/.local/lib/python3.8/site-packages/airflow/example_dags/example_branch_labels.py took 0.107 seconds
[2025-05-07T19:12:27.008+0000] {processor.py:161} INFO - Started process (PID=885) to work on /home/airflow/.local/lib/python3.8/site-packages/airflow/example_dags/example_branch_labels.py
[2025-05-07T19:12:27.014+0000] {processor.py:830} INFO - Processing file /home/airflow/.local/lib/python3.8/site-packages/airflow/example_dags/example_branch_labels.py for tasks to queue
[2025-05-07T19:12:27.019+0000] {logging_mixin.py:188} INFO - [2025-05-07T19:12:27.018+0000] {dagbag.py:538} INFO - Filling up the DagBag from /home/airflow/.local/lib/python3.8/site-packages/airflow/example_dags/example_branch_labels.py
[2025-05-07T19:12:27.030+0000] {processor.py:840} INFO - DAG(s) 'example_branch_labels' retrieved from /home/airflow/.local/lib/python3.8/site-packages/airflow/example_dags/example_branch_labels.py
[2025-05-07T19:12:27.052+0000] {logging_mixin.py:188} INFO - [2025-05-07T19:12:27.052+0000] {dag.py:3036} INFO - Sync 1 DAGs
[2025-05-07T19:12:27.076+0000] {logging_mixin.py:188} INFO - [2025-05-07T19:12:27.076+0000] {dag.py:3823} INFO - Setting next_dagrun for example_branch_labels to 2025-05-06 00:00:00+00:00, run_after=2025-05-07 00:00:00+00:00
[2025-05-07T19:12:27.094+0000] {processor.py:183} INFO - Processing /home/airflow/.local/lib/python3.8/site-packages/airflow/example_dags/example_branch_labels.py took 0.094 seconds
[2025-05-07T19:12:57.474+0000] {processor.py:161} INFO - Started process (PID=941) to work on /home/airflow/.local/lib/python3.8/site-packages/airflow/example_dags/example_branch_labels.py
[2025-05-07T19:12:57.476+0000] {processor.py:830} INFO - Processing file /home/airflow/.local/lib/python3.8/site-packages/airflow/example_dags/example_branch_labels.py for tasks to queue
[2025-05-07T19:12:57.478+0000] {logging_mixin.py:188} INFO - [2025-05-07T19:12:57.478+0000] {dagbag.py:538} INFO - Filling up the DagBag from /home/airflow/.local/lib/python3.8/site-packages/airflow/example_dags/example_branch_labels.py
[2025-05-07T19:12:57.486+0000] {processor.py:840} INFO - DAG(s) 'example_branch_labels' retrieved from /home/airflow/.local/lib/python3.8/site-packages/airflow/example_dags/example_branch_labels.py
[2025-05-07T19:12:57.507+0000] {logging_mixin.py:188} INFO - [2025-05-07T19:12:57.507+0000] {dag.py:3036} INFO - Sync 1 DAGs
[2025-05-07T19:12:57.530+0000] {logging_mixin.py:188} INFO - [2025-05-07T19:12:57.530+0000] {dag.py:3823} INFO - Setting next_dagrun for example_branch_labels to 2025-05-06 00:00:00+00:00, run_after=2025-05-07 00:00:00+00:00
[2025-05-07T19:12:57.555+0000] {processor.py:183} INFO - Processing /home/airflow/.local/lib/python3.8/site-packages/airflow/example_dags/example_branch_labels.py took 0.083 seconds
[2025-05-07T19:13:28.021+0000] {processor.py:161} INFO - Started process (PID=997) to work on /home/airflow/.local/lib/python3.8/site-packages/airflow/example_dags/example_branch_labels.py
[2025-05-07T19:13:28.022+0000] {processor.py:830} INFO - Processing file /home/airflow/.local/lib/python3.8/site-packages/airflow/example_dags/example_branch_labels.py for tasks to queue
[2025-05-07T19:13:28.025+0000] {logging_mixin.py:188} INFO - [2025-05-07T19:13:28.024+0000] {dagbag.py:538} INFO - Filling up the DagBag from /home/airflow/.local/lib/python3.8/site-packages/airflow/example_dags/example_branch_labels.py
[2025-05-07T19:13:28.032+0000] {processor.py:840} INFO - DAG(s) 'example_branch_labels' retrieved from /home/airflow/.local/lib/python3.8/site-packages/airflow/example_dags/example_branch_labels.py
[2025-05-07T19:13:28.053+0000] {logging_mixin.py:188} INFO - [2025-05-07T19:13:28.053+0000] {dag.py:3036} INFO - Sync 1 DAGs
[2025-05-07T19:13:28.077+0000] {logging_mixin.py:188} INFO - [2025-05-07T19:13:28.077+0000] {dag.py:3823} INFO - Setting next_dagrun for example_branch_labels to 2025-05-06 00:00:00+00:00, run_after=2025-05-07 00:00:00+00:00
[2025-05-07T19:13:28.098+0000] {processor.py:183} INFO - Processing /home/airflow/.local/lib/python3.8/site-packages/airflow/example_dags/example_branch_labels.py took 0.080 seconds
[2025-05-07T19:13:58.413+0000] {processor.py:161} INFO - Started process (PID=1053) to work on /home/airflow/.local/lib/python3.8/site-packages/airflow/example_dags/example_branch_labels.py
[2025-05-07T19:13:58.415+0000] {processor.py:830} INFO - Processing file /home/airflow/.local/lib/python3.8/site-packages/airflow/example_dags/example_branch_labels.py for tasks to queue
[2025-05-07T19:13:58.417+0000] {logging_mixin.py:188} INFO - [2025-05-07T19:13:58.417+0000] {dagbag.py:538} INFO - Filling up the DagBag from /home/airflow/.local/lib/python3.8/site-packages/airflow/example_dags/example_branch_labels.py
[2025-05-07T19:13:58.426+0000] {processor.py:840} INFO - DAG(s) 'example_branch_labels' retrieved from /home/airflow/.local/lib/python3.8/site-packages/airflow/example_dags/example_branch_labels.py
[2025-05-07T19:13:58.451+0000] {logging_mixin.py:188} INFO - [2025-05-07T19:13:58.451+0000] {dag.py:3036} INFO - Sync 1 DAGs
[2025-05-07T19:13:58.479+0000] {logging_mixin.py:188} INFO - [2025-05-07T19:13:58.478+0000] {dag.py:3823} INFO - Setting next_dagrun for example_branch_labels to 2025-05-06 00:00:00+00:00, run_after=2025-05-07 00:00:00+00:00
[2025-05-07T19:13:58.508+0000] {processor.py:183} INFO - Processing /home/airflow/.local/lib/python3.8/site-packages/airflow/example_dags/example_branch_labels.py took 0.098 seconds
[2025-05-07T19:14:28.704+0000] {processor.py:161} INFO - Started process (PID=1109) to work on /home/airflow/.local/lib/python3.8/site-packages/airflow/example_dags/example_branch_labels.py
[2025-05-07T19:14:28.706+0000] {processor.py:830} INFO - Processing file /home/airflow/.local/lib/python3.8/site-packages/airflow/example_dags/example_branch_labels.py for tasks to queue
[2025-05-07T19:14:28.708+0000] {logging_mixin.py:188} INFO - [2025-05-07T19:14:28.708+0000] {dagbag.py:538} INFO - Filling up the DagBag from /home/airflow/.local/lib/python3.8/site-packages/airflow/example_dags/example_branch_labels.py
[2025-05-07T19:14:28.719+0000] {processor.py:840} INFO - DAG(s) 'example_branch_labels' retrieved from /home/airflow/.local/lib/python3.8/site-packages/airflow/example_dags/example_branch_labels.py
[2025-05-07T19:14:28.748+0000] {logging_mixin.py:188} INFO - [2025-05-07T19:14:28.748+0000] {dag.py:3036} INFO - Sync 1 DAGs
[2025-05-07T19:14:28.776+0000] {logging_mixin.py:188} INFO - [2025-05-07T19:14:28.776+0000] {dag.py:3823} INFO - Setting next_dagrun for example_branch_labels to 2025-05-06 00:00:00+00:00, run_after=2025-05-07 00:00:00+00:00
[2025-05-07T19:14:28.803+0000] {processor.py:183} INFO - Processing /home/airflow/.local/lib/python3.8/site-packages/airflow/example_dags/example_branch_labels.py took 0.103 seconds
[2025-05-07T19:14:59.109+0000] {processor.py:161} INFO - Started process (PID=1165) to work on /home/airflow/.local/lib/python3.8/site-packages/airflow/example_dags/example_branch_labels.py
[2025-05-07T19:14:59.111+0000] {processor.py:830} INFO - Processing file /home/airflow/.local/lib/python3.8/site-packages/airflow/example_dags/example_branch_labels.py for tasks to queue
[2025-05-07T19:14:59.113+0000] {logging_mixin.py:188} INFO - [2025-05-07T19:14:59.113+0000] {dagbag.py:538} INFO - Filling up the DagBag from /home/airflow/.local/lib/python3.8/site-packages/airflow/example_dags/example_branch_labels.py
[2025-05-07T19:14:59.121+0000] {processor.py:840} INFO - DAG(s) 'example_branch_labels' retrieved from /home/airflow/.local/lib/python3.8/site-packages/airflow/example_dags/example_branch_labels.py
[2025-05-07T19:14:59.147+0000] {logging_mixin.py:188} INFO - [2025-05-07T19:14:59.146+0000] {dag.py:3036} INFO - Sync 1 DAGs
[2025-05-07T19:14:59.173+0000] {logging_mixin.py:188} INFO - [2025-05-07T19:14:59.172+0000] {dag.py:3823} INFO - Setting next_dagrun for example_branch_labels to 2025-05-06 00:00:00+00:00, run_after=2025-05-07 00:00:00+00:00
[2025-05-07T19:14:59.193+0000] {processor.py:183} INFO - Processing /home/airflow/.local/lib/python3.8/site-packages/airflow/example_dags/example_branch_labels.py took 0.087 seconds
[2025-05-07T19:15:29.574+0000] {processor.py:161} INFO - Started process (PID=1221) to work on /home/airflow/.local/lib/python3.8/site-packages/airflow/example_dags/example_branch_labels.py
[2025-05-07T19:15:29.575+0000] {processor.py:830} INFO - Processing file /home/airflow/.local/lib/python3.8/site-packages/airflow/example_dags/example_branch_labels.py for tasks to queue
[2025-05-07T19:15:29.578+0000] {logging_mixin.py:188} INFO - [2025-05-07T19:15:29.577+0000] {dagbag.py:538} INFO - Filling up the DagBag from /home/airflow/.local/lib/python3.8/site-packages/airflow/example_dags/example_branch_labels.py
[2025-05-07T19:15:29.586+0000] {processor.py:840} INFO - DAG(s) 'example_branch_labels' retrieved from /home/airflow/.local/lib/python3.8/site-packages/airflow/example_dags/example_branch_labels.py
[2025-05-07T19:15:29.607+0000] {logging_mixin.py:188} INFO - [2025-05-07T19:15:29.607+0000] {dag.py:3036} INFO - Sync 1 DAGs
[2025-05-07T19:15:29.630+0000] {logging_mixin.py:188} INFO - [2025-05-07T19:15:29.629+0000] {dag.py:3823} INFO - Setting next_dagrun for example_branch_labels to 2025-05-06 00:00:00+00:00, run_after=2025-05-07 00:00:00+00:00
[2025-05-07T19:15:29.649+0000] {processor.py:183} INFO - Processing /home/airflow/.local/lib/python3.8/site-packages/airflow/example_dags/example_branch_labels.py took 0.079 seconds
[2025-05-07T19:16:00.602+0000] {processor.py:161} INFO - Started process (PID=1278) to work on /home/airflow/.local/lib/python3.8/site-packages/airflow/example_dags/example_branch_labels.py
[2025-05-07T19:16:00.603+0000] {processor.py:830} INFO - Processing file /home/airflow/.local/lib/python3.8/site-packages/airflow/example_dags/example_branch_labels.py for tasks to queue
[2025-05-07T19:16:00.605+0000] {logging_mixin.py:188} INFO - [2025-05-07T19:16:00.605+0000] {dagbag.py:538} INFO - Filling up the DagBag from /home/airflow/.local/lib/python3.8/site-packages/airflow/example_dags/example_branch_labels.py
[2025-05-07T19:16:00.613+0000] {processor.py:840} INFO - DAG(s) 'example_branch_labels' retrieved from /home/airflow/.local/lib/python3.8/site-packages/airflow/example_dags/example_branch_labels.py
[2025-05-07T19:16:00.634+0000] {logging_mixin.py:188} INFO - [2025-05-07T19:16:00.634+0000] {dag.py:3036} INFO - Sync 1 DAGs
[2025-05-07T19:16:00.658+0000] {logging_mixin.py:188} INFO - [2025-05-07T19:16:00.658+0000] {dag.py:3823} INFO - Setting next_dagrun for example_branch_labels to 2025-05-06 00:00:00+00:00, run_after=2025-05-07 00:00:00+00:00
[2025-05-07T19:16:00.680+0000] {processor.py:183} INFO - Processing /home/airflow/.local/lib/python3.8/site-packages/airflow/example_dags/example_branch_labels.py took 0.081 seconds
[2025-05-07T19:16:31.149+0000] {processor.py:161} INFO - Started process (PID=1334) to work on /home/airflow/.local/lib/python3.8/site-packages/airflow/example_dags/example_branch_labels.py
[2025-05-07T19:16:31.151+0000] {processor.py:830} INFO - Processing file /home/airflow/.local/lib/python3.8/site-packages/airflow/example_dags/example_branch_labels.py for tasks to queue
[2025-05-07T19:16:31.153+0000] {logging_mixin.py:188} INFO - [2025-05-07T19:16:31.153+0000] {dagbag.py:538} INFO - Filling up the DagBag from /home/airflow/.local/lib/python3.8/site-packages/airflow/example_dags/example_branch_labels.py
[2025-05-07T19:16:31.162+0000] {processor.py:840} INFO - DAG(s) 'example_branch_labels' retrieved from /home/airflow/.local/lib/python3.8/site-packages/airflow/example_dags/example_branch_labels.py
[2025-05-07T19:16:31.184+0000] {logging_mixin.py:188} INFO - [2025-05-07T19:16:31.184+0000] {dag.py:3036} INFO - Sync 1 DAGs
[2025-05-07T19:16:31.209+0000] {logging_mixin.py:188} INFO - [2025-05-07T19:16:31.208+0000] {dag.py:3823} INFO - Setting next_dagrun for example_branch_labels to 2025-05-06 00:00:00+00:00, run_after=2025-05-07 00:00:00+00:00
[2025-05-07T19:16:31.230+0000] {processor.py:183} INFO - Processing /home/airflow/.local/lib/python3.8/site-packages/airflow/example_dags/example_branch_labels.py took 0.084 seconds
[2025-05-07T19:17:01.896+0000] {processor.py:161} INFO - Started process (PID=1390) to work on /home/airflow/.local/lib/python3.8/site-packages/airflow/example_dags/example_branch_labels.py
[2025-05-07T19:17:01.898+0000] {processor.py:830} INFO - Processing file /home/airflow/.local/lib/python3.8/site-packages/airflow/example_dags/example_branch_labels.py for tasks to queue
[2025-05-07T19:17:01.901+0000] {logging_mixin.py:188} INFO - [2025-05-07T19:17:01.901+0000] {dagbag.py:538} INFO - Filling up the DagBag from /home/airflow/.local/lib/python3.8/site-packages/airflow/example_dags/example_branch_labels.py
[2025-05-07T19:17:01.915+0000] {processor.py:840} INFO - DAG(s) 'example_branch_labels' retrieved from /home/airflow/.local/lib/python3.8/site-packages/airflow/example_dags/example_branch_labels.py
[2025-05-07T19:17:01.946+0000] {logging_mixin.py:188} INFO - [2025-05-07T19:17:01.946+0000] {dag.py:3036} INFO - Sync 1 DAGs
[2025-05-07T19:17:01.971+0000] {logging_mixin.py:188} INFO - [2025-05-07T19:17:01.971+0000] {dag.py:3823} INFO - Setting next_dagrun for example_branch_labels to 2025-05-06 00:00:00+00:00, run_after=2025-05-07 00:00:00+00:00
[2025-05-07T19:17:01.990+0000] {processor.py:183} INFO - Processing /home/airflow/.local/lib/python3.8/site-packages/airflow/example_dags/example_branch_labels.py took 0.098 seconds
[2025-05-07T19:17:32.483+0000] {processor.py:161} INFO - Started process (PID=1446) to work on /home/airflow/.local/lib/python3.8/site-packages/airflow/example_dags/example_branch_labels.py
[2025-05-07T19:17:32.485+0000] {processor.py:830} INFO - Processing file /home/airflow/.local/lib/python3.8/site-packages/airflow/example_dags/example_branch_labels.py for tasks to queue
[2025-05-07T19:17:32.488+0000] {logging_mixin.py:188} INFO - [2025-05-07T19:17:32.487+0000] {dagbag.py:538} INFO - Filling up the DagBag from /home/airflow/.local/lib/python3.8/site-packages/airflow/example_dags/example_branch_labels.py
[2025-05-07T19:17:32.496+0000] {processor.py:840} INFO - DAG(s) 'example_branch_labels' retrieved from /home/airflow/.local/lib/python3.8/site-packages/airflow/example_dags/example_branch_labels.py
[2025-05-07T19:17:32.518+0000] {logging_mixin.py:188} INFO - [2025-05-07T19:17:32.518+0000] {dag.py:3036} INFO - Sync 1 DAGs
[2025-05-07T19:17:32.539+0000] {logging_mixin.py:188} INFO - [2025-05-07T19:17:32.539+0000] {dag.py:3823} INFO - Setting next_dagrun for example_branch_labels to 2025-05-06 00:00:00+00:00, run_after=2025-05-07 00:00:00+00:00
[2025-05-07T19:17:32.560+0000] {processor.py:183} INFO - Processing /home/airflow/.local/lib/python3.8/site-packages/airflow/example_dags/example_branch_labels.py took 0.079 seconds
[2025-05-07T19:18:03.418+0000] {processor.py:161} INFO - Started process (PID=1502) to work on /home/airflow/.local/lib/python3.8/site-packages/airflow/example_dags/example_branch_labels.py
[2025-05-07T19:18:03.420+0000] {processor.py:830} INFO - Processing file /home/airflow/.local/lib/python3.8/site-packages/airflow/example_dags/example_branch_labels.py for tasks to queue
[2025-05-07T19:18:03.422+0000] {logging_mixin.py:188} INFO - [2025-05-07T19:18:03.422+0000] {dagbag.py:538} INFO - Filling up the DagBag from /home/airflow/.local/lib/python3.8/site-packages/airflow/example_dags/example_branch_labels.py
[2025-05-07T19:18:03.430+0000] {processor.py:840} INFO - DAG(s) 'example_branch_labels' retrieved from /home/airflow/.local/lib/python3.8/site-packages/airflow/example_dags/example_branch_labels.py
[2025-05-07T19:18:03.452+0000] {logging_mixin.py:188} INFO - [2025-05-07T19:18:03.451+0000] {dag.py:3036} INFO - Sync 1 DAGs
[2025-05-07T19:18:03.473+0000] {logging_mixin.py:188} INFO - [2025-05-07T19:18:03.473+0000] {dag.py:3823} INFO - Setting next_dagrun for example_branch_labels to 2025-05-06 00:00:00+00:00, run_after=2025-05-07 00:00:00+00:00
[2025-05-07T19:18:03.495+0000] {processor.py:183} INFO - Processing /home/airflow/.local/lib/python3.8/site-packages/airflow/example_dags/example_branch_labels.py took 0.081 seconds
[2025-05-07T19:18:33.929+0000] {processor.py:161} INFO - Started process (PID=1558) to work on /home/airflow/.local/lib/python3.8/site-packages/airflow/example_dags/example_branch_labels.py
[2025-05-07T19:18:33.931+0000] {processor.py:830} INFO - Processing file /home/airflow/.local/lib/python3.8/site-packages/airflow/example_dags/example_branch_labels.py for tasks to queue
[2025-05-07T19:18:33.936+0000] {logging_mixin.py:188} INFO - [2025-05-07T19:18:33.935+0000] {dagbag.py:538} INFO - Filling up the DagBag from /home/airflow/.local/lib/python3.8/site-packages/airflow/example_dags/example_branch_labels.py
[2025-05-07T19:18:33.948+0000] {processor.py:840} INFO - DAG(s) 'example_branch_labels' retrieved from /home/airflow/.local/lib/python3.8/site-packages/airflow/example_dags/example_branch_labels.py
[2025-05-07T19:18:33.975+0000] {logging_mixin.py:188} INFO - [2025-05-07T19:18:33.975+0000] {dag.py:3036} INFO - Sync 1 DAGs
[2025-05-07T19:18:34.002+0000] {logging_mixin.py:188} INFO - [2025-05-07T19:18:34.001+0000] {dag.py:3823} INFO - Setting next_dagrun for example_branch_labels to 2025-05-06 00:00:00+00:00, run_after=2025-05-07 00:00:00+00:00
[2025-05-07T19:18:34.027+0000] {processor.py:183} INFO - Processing /home/airflow/.local/lib/python3.8/site-packages/airflow/example_dags/example_branch_labels.py took 0.103 seconds
[2025-05-07T19:19:04.356+0000] {processor.py:161} INFO - Started process (PID=1614) to work on /home/airflow/.local/lib/python3.8/site-packages/airflow/example_dags/example_branch_labels.py
[2025-05-07T19:19:04.357+0000] {processor.py:830} INFO - Processing file /home/airflow/.local/lib/python3.8/site-packages/airflow/example_dags/example_branch_labels.py for tasks to queue
[2025-05-07T19:19:04.359+0000] {logging_mixin.py:188} INFO - [2025-05-07T19:19:04.358+0000] {dagbag.py:538} INFO - Filling up the DagBag from /home/airflow/.local/lib/python3.8/site-packages/airflow/example_dags/example_branch_labels.py
[2025-05-07T19:19:04.366+0000] {processor.py:840} INFO - DAG(s) 'example_branch_labels' retrieved from /home/airflow/.local/lib/python3.8/site-packages/airflow/example_dags/example_branch_labels.py
[2025-05-07T19:19:04.385+0000] {logging_mixin.py:188} INFO - [2025-05-07T19:19:04.385+0000] {dag.py:3036} INFO - Sync 1 DAGs
[2025-05-07T19:19:04.406+0000] {logging_mixin.py:188} INFO - [2025-05-07T19:19:04.405+0000] {dag.py:3823} INFO - Setting next_dagrun for example_branch_labels to 2025-05-06 00:00:00+00:00, run_after=2025-05-07 00:00:00+00:00
[2025-05-07T19:19:04.422+0000] {processor.py:183} INFO - Processing /home/airflow/.local/lib/python3.8/site-packages/airflow/example_dags/example_branch_labels.py took 0.070 seconds
[2025-05-07T19:19:36.311+0000] {processor.py:161} INFO - Started process (PID=1670) to work on /home/airflow/.local/lib/python3.8/site-packages/airflow/example_dags/example_branch_labels.py
[2025-05-07T19:19:36.312+0000] {processor.py:830} INFO - Processing file /home/airflow/.local/lib/python3.8/site-packages/airflow/example_dags/example_branch_labels.py for tasks to queue
[2025-05-07T19:19:36.315+0000] {logging_mixin.py:188} INFO - [2025-05-07T19:19:36.315+0000] {dagbag.py:538} INFO - Filling up the DagBag from /home/airflow/.local/lib/python3.8/site-packages/airflow/example_dags/example_branch_labels.py
[2025-05-07T19:19:36.325+0000] {processor.py:840} INFO - DAG(s) 'example_branch_labels' retrieved from /home/airflow/.local/lib/python3.8/site-packages/airflow/example_dags/example_branch_labels.py
[2025-05-07T19:19:36.350+0000] {logging_mixin.py:188} INFO - [2025-05-07T19:19:36.350+0000] {dag.py:3036} INFO - Sync 1 DAGs
[2025-05-07T19:19:36.374+0000] {logging_mixin.py:188} INFO - [2025-05-07T19:19:36.374+0000] {dag.py:3823} INFO - Setting next_dagrun for example_branch_labels to 2025-05-06 00:00:00+00:00, run_after=2025-05-07 00:00:00+00:00
[2025-05-07T19:19:36.399+0000] {processor.py:183} INFO - Processing /home/airflow/.local/lib/python3.8/site-packages/airflow/example_dags/example_branch_labels.py took 0.092 seconds
[2025-05-07T19:20:07.174+0000] {processor.py:161} INFO - Started process (PID=1726) to work on /home/airflow/.local/lib/python3.8/site-packages/airflow/example_dags/example_branch_labels.py
[2025-05-07T19:20:07.177+0000] {processor.py:830} INFO - Processing file /home/airflow/.local/lib/python3.8/site-packages/airflow/example_dags/example_branch_labels.py for tasks to queue
[2025-05-07T19:20:07.183+0000] {logging_mixin.py:188} INFO - [2025-05-07T19:20:07.182+0000] {dagbag.py:538} INFO - Filling up the DagBag from /home/airflow/.local/lib/python3.8/site-packages/airflow/example_dags/example_branch_labels.py
[2025-05-07T19:20:07.197+0000] {processor.py:840} INFO - DAG(s) 'example_branch_labels' retrieved from /home/airflow/.local/lib/python3.8/site-packages/airflow/example_dags/example_branch_labels.py
[2025-05-07T19:20:07.220+0000] {logging_mixin.py:188} INFO - [2025-05-07T19:20:07.220+0000] {dag.py:3036} INFO - Sync 1 DAGs
[2025-05-07T19:20:07.243+0000] {logging_mixin.py:188} INFO - [2025-05-07T19:20:07.243+0000] {dag.py:3823} INFO - Setting next_dagrun for example_branch_labels to 2025-05-06 00:00:00+00:00, run_after=2025-05-07 00:00:00+00:00
[2025-05-07T19:20:07.274+0000] {processor.py:183} INFO - Processing /home/airflow/.local/lib/python3.8/site-packages/airflow/example_dags/example_branch_labels.py took 0.108 seconds
[2025-05-07T19:20:37.467+0000] {processor.py:161} INFO - Started process (PID=1783) to work on /home/airflow/.local/lib/python3.8/site-packages/airflow/example_dags/example_branch_labels.py
[2025-05-07T19:20:37.469+0000] {processor.py:830} INFO - Processing file /home/airflow/.local/lib/python3.8/site-packages/airflow/example_dags/example_branch_labels.py for tasks to queue
[2025-05-07T19:20:37.472+0000] {logging_mixin.py:188} INFO - [2025-05-07T19:20:37.472+0000] {dagbag.py:538} INFO - Filling up the DagBag from /home/airflow/.local/lib/python3.8/site-packages/airflow/example_dags/example_branch_labels.py
[2025-05-07T19:20:37.483+0000] {processor.py:840} INFO - DAG(s) 'example_branch_labels' retrieved from /home/airflow/.local/lib/python3.8/site-packages/airflow/example_dags/example_branch_labels.py
[2025-05-07T19:20:37.511+0000] {logging_mixin.py:188} INFO - [2025-05-07T19:20:37.511+0000] {dag.py:3036} INFO - Sync 1 DAGs
[2025-05-07T19:20:37.540+0000] {logging_mixin.py:188} INFO - [2025-05-07T19:20:37.540+0000] {dag.py:3823} INFO - Setting next_dagrun for example_branch_labels to 2025-05-06 00:00:00+00:00, run_after=2025-05-07 00:00:00+00:00
[2025-05-07T19:20:37.566+0000] {processor.py:183} INFO - Processing /home/airflow/.local/lib/python3.8/site-packages/airflow/example_dags/example_branch_labels.py took 0.103 seconds
[2025-05-07T19:22:04.801+0000] {processor.py:161} INFO - Started process (PID=104) to work on /home/airflow/.local/lib/python3.8/site-packages/airflow/example_dags/example_branch_labels.py
[2025-05-07T19:22:04.803+0000] {processor.py:830} INFO - Processing file /home/airflow/.local/lib/python3.8/site-packages/airflow/example_dags/example_branch_labels.py for tasks to queue
[2025-05-07T19:22:04.805+0000] {logging_mixin.py:188} INFO - [2025-05-07T19:22:04.805+0000] {dagbag.py:538} INFO - Filling up the DagBag from /home/airflow/.local/lib/python3.8/site-packages/airflow/example_dags/example_branch_labels.py
[2025-05-07T19:22:04.814+0000] {processor.py:840} INFO - DAG(s) 'example_branch_labels' retrieved from /home/airflow/.local/lib/python3.8/site-packages/airflow/example_dags/example_branch_labels.py
[2025-05-07T19:22:04.828+0000] {logging_mixin.py:188} INFO - [2025-05-07T19:22:04.828+0000] {dag.py:3036} INFO - Sync 1 DAGs
[2025-05-07T19:22:04.861+0000] {logging_mixin.py:188} INFO - [2025-05-07T19:22:04.861+0000] {dag.py:3823} INFO - Setting next_dagrun for example_branch_labels to 2025-05-06 00:00:00+00:00, run_after=2025-05-07 00:00:00+00:00
[2025-05-07T19:22:04.888+0000] {processor.py:183} INFO - Processing /home/airflow/.local/lib/python3.8/site-packages/airflow/example_dags/example_branch_labels.py took 0.091 seconds
[2025-05-07T19:22:36.077+0000] {processor.py:161} INFO - Started process (PID=167) to work on /home/airflow/.local/lib/python3.8/site-packages/airflow/example_dags/example_branch_labels.py
[2025-05-07T19:22:36.079+0000] {processor.py:830} INFO - Processing file /home/airflow/.local/lib/python3.8/site-packages/airflow/example_dags/example_branch_labels.py for tasks to queue
[2025-05-07T19:22:36.081+0000] {logging_mixin.py:188} INFO - [2025-05-07T19:22:36.081+0000] {dagbag.py:538} INFO - Filling up the DagBag from /home/airflow/.local/lib/python3.8/site-packages/airflow/example_dags/example_branch_labels.py
[2025-05-07T19:22:36.089+0000] {processor.py:840} INFO - DAG(s) 'example_branch_labels' retrieved from /home/airflow/.local/lib/python3.8/site-packages/airflow/example_dags/example_branch_labels.py
[2025-05-07T19:22:36.185+0000] {logging_mixin.py:188} INFO - [2025-05-07T19:22:36.184+0000] {dag.py:3036} INFO - Sync 1 DAGs
[2025-05-07T19:22:36.210+0000] {logging_mixin.py:188} INFO - [2025-05-07T19:22:36.209+0000] {dag.py:3823} INFO - Setting next_dagrun for example_branch_labels to 2025-05-06 00:00:00+00:00, run_after=2025-05-07 00:00:00+00:00
[2025-05-07T19:22:36.234+0000] {processor.py:183} INFO - Processing /home/airflow/.local/lib/python3.8/site-packages/airflow/example_dags/example_branch_labels.py took 0.161 seconds
[2025-05-07T19:23:06.447+0000] {processor.py:161} INFO - Started process (PID=223) to work on /home/airflow/.local/lib/python3.8/site-packages/airflow/example_dags/example_branch_labels.py
[2025-05-07T19:23:06.449+0000] {processor.py:830} INFO - Processing file /home/airflow/.local/lib/python3.8/site-packages/airflow/example_dags/example_branch_labels.py for tasks to queue
[2025-05-07T19:23:06.453+0000] {logging_mixin.py:188} INFO - [2025-05-07T19:23:06.452+0000] {dagbag.py:538} INFO - Filling up the DagBag from /home/airflow/.local/lib/python3.8/site-packages/airflow/example_dags/example_branch_labels.py
[2025-05-07T19:23:06.462+0000] {processor.py:840} INFO - DAG(s) 'example_branch_labels' retrieved from /home/airflow/.local/lib/python3.8/site-packages/airflow/example_dags/example_branch_labels.py
[2025-05-07T19:23:06.491+0000] {logging_mixin.py:188} INFO - [2025-05-07T19:23:06.490+0000] {dag.py:3036} INFO - Sync 1 DAGs
[2025-05-07T19:23:06.518+0000] {logging_mixin.py:188} INFO - [2025-05-07T19:23:06.517+0000] {dag.py:3823} INFO - Setting next_dagrun for example_branch_labels to 2025-05-06 00:00:00+00:00, run_after=2025-05-07 00:00:00+00:00
[2025-05-07T19:23:06.546+0000] {processor.py:183} INFO - Processing /home/airflow/.local/lib/python3.8/site-packages/airflow/example_dags/example_branch_labels.py took 0.102 seconds
[2025-05-07T19:23:36.692+0000] {processor.py:161} INFO - Started process (PID=284) to work on /home/airflow/.local/lib/python3.8/site-packages/airflow/example_dags/example_branch_labels.py
[2025-05-07T19:23:36.694+0000] {processor.py:830} INFO - Processing file /home/airflow/.local/lib/python3.8/site-packages/airflow/example_dags/example_branch_labels.py for tasks to queue
[2025-05-07T19:23:36.697+0000] {logging_mixin.py:188} INFO - [2025-05-07T19:23:36.696+0000] {dagbag.py:538} INFO - Filling up the DagBag from /home/airflow/.local/lib/python3.8/site-packages/airflow/example_dags/example_branch_labels.py
[2025-05-07T19:23:36.706+0000] {processor.py:840} INFO - DAG(s) 'example_branch_labels' retrieved from /home/airflow/.local/lib/python3.8/site-packages/airflow/example_dags/example_branch_labels.py
[2025-05-07T19:23:36.733+0000] {logging_mixin.py:188} INFO - [2025-05-07T19:23:36.732+0000] {dag.py:3036} INFO - Sync 1 DAGs
[2025-05-07T19:23:36.761+0000] {logging_mixin.py:188} INFO - [2025-05-07T19:23:36.760+0000] {dag.py:3823} INFO - Setting next_dagrun for example_branch_labels to 2025-05-06 00:00:00+00:00, run_after=2025-05-07 00:00:00+00:00
[2025-05-07T19:23:36.787+0000] {processor.py:183} INFO - Processing /home/airflow/.local/lib/python3.8/site-packages/airflow/example_dags/example_branch_labels.py took 0.098 seconds
[2025-05-07T19:24:07.444+0000] {processor.py:161} INFO - Started process (PID=343) to work on /home/airflow/.local/lib/python3.8/site-packages/airflow/example_dags/example_branch_labels.py
[2025-05-07T19:24:07.446+0000] {processor.py:830} INFO - Processing file /home/airflow/.local/lib/python3.8/site-packages/airflow/example_dags/example_branch_labels.py for tasks to queue
[2025-05-07T19:24:07.448+0000] {logging_mixin.py:188} INFO - [2025-05-07T19:24:07.448+0000] {dagbag.py:538} INFO - Filling up the DagBag from /home/airflow/.local/lib/python3.8/site-packages/airflow/example_dags/example_branch_labels.py
[2025-05-07T19:24:07.457+0000] {processor.py:840} INFO - DAG(s) 'example_branch_labels' retrieved from /home/airflow/.local/lib/python3.8/site-packages/airflow/example_dags/example_branch_labels.py
[2025-05-07T19:24:07.507+0000] {logging_mixin.py:188} INFO - [2025-05-07T19:24:07.506+0000] {dag.py:3036} INFO - Sync 1 DAGs
[2025-05-07T19:24:07.540+0000] {logging_mixin.py:188} INFO - [2025-05-07T19:24:07.540+0000] {dag.py:3823} INFO - Setting next_dagrun for example_branch_labels to 2025-05-06 00:00:00+00:00, run_after=2025-05-07 00:00:00+00:00
[2025-05-07T19:24:07.564+0000] {processor.py:183} INFO - Processing /home/airflow/.local/lib/python3.8/site-packages/airflow/example_dags/example_branch_labels.py took 0.124 seconds
[2025-05-07T19:24:37.953+0000] {processor.py:161} INFO - Started process (PID=406) to work on /home/airflow/.local/lib/python3.8/site-packages/airflow/example_dags/example_branch_labels.py
[2025-05-07T19:24:37.954+0000] {processor.py:830} INFO - Processing file /home/airflow/.local/lib/python3.8/site-packages/airflow/example_dags/example_branch_labels.py for tasks to queue
[2025-05-07T19:24:37.957+0000] {logging_mixin.py:188} INFO - [2025-05-07T19:24:37.956+0000] {dagbag.py:538} INFO - Filling up the DagBag from /home/airflow/.local/lib/python3.8/site-packages/airflow/example_dags/example_branch_labels.py
[2025-05-07T19:24:37.964+0000] {processor.py:840} INFO - DAG(s) 'example_branch_labels' retrieved from /home/airflow/.local/lib/python3.8/site-packages/airflow/example_dags/example_branch_labels.py
[2025-05-07T19:24:37.985+0000] {logging_mixin.py:188} INFO - [2025-05-07T19:24:37.985+0000] {dag.py:3036} INFO - Sync 1 DAGs
[2025-05-07T19:24:38.007+0000] {logging_mixin.py:188} INFO - [2025-05-07T19:24:38.006+0000] {dag.py:3823} INFO - Setting next_dagrun for example_branch_labels to 2025-05-06 00:00:00+00:00, run_after=2025-05-07 00:00:00+00:00
[2025-05-07T19:24:38.026+0000] {processor.py:183} INFO - Processing /home/airflow/.local/lib/python3.8/site-packages/airflow/example_dags/example_branch_labels.py took 0.076 seconds
[2025-05-07T19:25:08.375+0000] {processor.py:161} INFO - Started process (PID=463) to work on /home/airflow/.local/lib/python3.8/site-packages/airflow/example_dags/example_branch_labels.py
[2025-05-07T19:25:08.376+0000] {processor.py:830} INFO - Processing file /home/airflow/.local/lib/python3.8/site-packages/airflow/example_dags/example_branch_labels.py for tasks to queue
[2025-05-07T19:25:08.378+0000] {logging_mixin.py:188} INFO - [2025-05-07T19:25:08.378+0000] {dagbag.py:538} INFO - Filling up the DagBag from /home/airflow/.local/lib/python3.8/site-packages/airflow/example_dags/example_branch_labels.py
[2025-05-07T19:25:08.387+0000] {processor.py:840} INFO - DAG(s) 'example_branch_labels' retrieved from /home/airflow/.local/lib/python3.8/site-packages/airflow/example_dags/example_branch_labels.py
[2025-05-07T19:25:08.415+0000] {logging_mixin.py:188} INFO - [2025-05-07T19:25:08.414+0000] {dag.py:3036} INFO - Sync 1 DAGs
[2025-05-07T19:25:08.439+0000] {logging_mixin.py:188} INFO - [2025-05-07T19:25:08.439+0000] {dag.py:3823} INFO - Setting next_dagrun for example_branch_labels to 2025-05-06 00:00:00+00:00, run_after=2025-05-07 00:00:00+00:00
[2025-05-07T19:25:08.457+0000] {processor.py:183} INFO - Processing /home/airflow/.local/lib/python3.8/site-packages/airflow/example_dags/example_branch_labels.py took 0.086 seconds
[2025-05-07T19:25:39.341+0000] {processor.py:161} INFO - Started process (PID=520) to work on /home/airflow/.local/lib/python3.8/site-packages/airflow/example_dags/example_branch_labels.py
[2025-05-07T19:25:39.344+0000] {processor.py:830} INFO - Processing file /home/airflow/.local/lib/python3.8/site-packages/airflow/example_dags/example_branch_labels.py for tasks to queue
[2025-05-07T19:25:39.346+0000] {logging_mixin.py:188} INFO - [2025-05-07T19:25:39.346+0000] {dagbag.py:538} INFO - Filling up the DagBag from /home/airflow/.local/lib/python3.8/site-packages/airflow/example_dags/example_branch_labels.py
[2025-05-07T19:25:39.354+0000] {processor.py:840} INFO - DAG(s) 'example_branch_labels' retrieved from /home/airflow/.local/lib/python3.8/site-packages/airflow/example_dags/example_branch_labels.py
[2025-05-07T19:25:39.375+0000] {logging_mixin.py:188} INFO - [2025-05-07T19:25:39.375+0000] {dag.py:3036} INFO - Sync 1 DAGs
[2025-05-07T19:25:39.397+0000] {logging_mixin.py:188} INFO - [2025-05-07T19:25:39.397+0000] {dag.py:3823} INFO - Setting next_dagrun for example_branch_labels to 2025-05-06 00:00:00+00:00, run_after=2025-05-07 00:00:00+00:00
[2025-05-07T19:25:39.419+0000] {processor.py:183} INFO - Processing /home/airflow/.local/lib/python3.8/site-packages/airflow/example_dags/example_branch_labels.py took 0.081 seconds
[2025-05-07T19:26:09.484+0000] {processor.py:161} INFO - Started process (PID=581) to work on /home/airflow/.local/lib/python3.8/site-packages/airflow/example_dags/example_branch_labels.py
[2025-05-07T19:26:09.486+0000] {processor.py:830} INFO - Processing file /home/airflow/.local/lib/python3.8/site-packages/airflow/example_dags/example_branch_labels.py for tasks to queue
[2025-05-07T19:26:09.489+0000] {logging_mixin.py:188} INFO - [2025-05-07T19:26:09.488+0000] {dagbag.py:538} INFO - Filling up the DagBag from /home/airflow/.local/lib/python3.8/site-packages/airflow/example_dags/example_branch_labels.py
[2025-05-07T19:26:09.498+0000] {processor.py:840} INFO - DAG(s) 'example_branch_labels' retrieved from /home/airflow/.local/lib/python3.8/site-packages/airflow/example_dags/example_branch_labels.py
[2025-05-07T19:26:09.521+0000] {logging_mixin.py:188} INFO - [2025-05-07T19:26:09.521+0000] {dag.py:3036} INFO - Sync 1 DAGs
[2025-05-07T19:26:09.545+0000] {logging_mixin.py:188} INFO - [2025-05-07T19:26:09.545+0000] {dag.py:3823} INFO - Setting next_dagrun for example_branch_labels to 2025-05-06 00:00:00+00:00, run_after=2025-05-07 00:00:00+00:00
[2025-05-07T19:26:09.569+0000] {processor.py:183} INFO - Processing /home/airflow/.local/lib/python3.8/site-packages/airflow/example_dags/example_branch_labels.py took 0.089 seconds
[2025-05-07T19:26:41.121+0000] {processor.py:161} INFO - Started process (PID=646) to work on /home/airflow/.local/lib/python3.8/site-packages/airflow/example_dags/example_branch_labels.py
[2025-05-07T19:26:41.124+0000] {processor.py:830} INFO - Processing file /home/airflow/.local/lib/python3.8/site-packages/airflow/example_dags/example_branch_labels.py for tasks to queue
[2025-05-07T19:26:41.130+0000] {logging_mixin.py:188} INFO - [2025-05-07T19:26:41.129+0000] {dagbag.py:538} INFO - Filling up the DagBag from /home/airflow/.local/lib/python3.8/site-packages/airflow/example_dags/example_branch_labels.py
[2025-05-07T19:26:41.156+0000] {processor.py:840} INFO - DAG(s) 'example_branch_labels' retrieved from /home/airflow/.local/lib/python3.8/site-packages/airflow/example_dags/example_branch_labels.py
[2025-05-07T19:26:41.195+0000] {logging_mixin.py:188} INFO - [2025-05-07T19:26:41.195+0000] {dag.py:3036} INFO - Sync 1 DAGs
[2025-05-07T19:26:41.217+0000] {logging_mixin.py:188} INFO - [2025-05-07T19:26:41.217+0000] {dag.py:3823} INFO - Setting next_dagrun for example_branch_labels to 2025-05-06 00:00:00+00:00, run_after=2025-05-07 00:00:00+00:00
[2025-05-07T19:26:41.235+0000] {processor.py:183} INFO - Processing /home/airflow/.local/lib/python3.8/site-packages/airflow/example_dags/example_branch_labels.py took 0.120 seconds
[2025-05-07T19:27:11.930+0000] {processor.py:161} INFO - Started process (PID=703) to work on /home/airflow/.local/lib/python3.8/site-packages/airflow/example_dags/example_branch_labels.py
[2025-05-07T19:27:11.932+0000] {processor.py:830} INFO - Processing file /home/airflow/.local/lib/python3.8/site-packages/airflow/example_dags/example_branch_labels.py for tasks to queue
[2025-05-07T19:27:11.936+0000] {logging_mixin.py:188} INFO - [2025-05-07T19:27:11.935+0000] {dagbag.py:538} INFO - Filling up the DagBag from /home/airflow/.local/lib/python3.8/site-packages/airflow/example_dags/example_branch_labels.py
[2025-05-07T19:27:11.946+0000] {processor.py:840} INFO - DAG(s) 'example_branch_labels' retrieved from /home/airflow/.local/lib/python3.8/site-packages/airflow/example_dags/example_branch_labels.py
[2025-05-07T19:27:11.970+0000] {logging_mixin.py:188} INFO - [2025-05-07T19:27:11.970+0000] {dag.py:3036} INFO - Sync 1 DAGs
[2025-05-07T19:27:11.993+0000] {logging_mixin.py:188} INFO - [2025-05-07T19:27:11.993+0000] {dag.py:3823} INFO - Setting next_dagrun for example_branch_labels to 2025-05-06 00:00:00+00:00, run_after=2025-05-07 00:00:00+00:00
[2025-05-07T19:27:12.015+0000] {processor.py:183} INFO - Processing /home/airflow/.local/lib/python3.8/site-packages/airflow/example_dags/example_branch_labels.py took 0.088 seconds
[2025-05-07T19:27:42.878+0000] {processor.py:161} INFO - Started process (PID=760) to work on /home/airflow/.local/lib/python3.8/site-packages/airflow/example_dags/example_branch_labels.py
[2025-05-07T19:27:42.880+0000] {processor.py:830} INFO - Processing file /home/airflow/.local/lib/python3.8/site-packages/airflow/example_dags/example_branch_labels.py for tasks to queue
[2025-05-07T19:27:42.883+0000] {logging_mixin.py:188} INFO - [2025-05-07T19:27:42.882+0000] {dagbag.py:538} INFO - Filling up the DagBag from /home/airflow/.local/lib/python3.8/site-packages/airflow/example_dags/example_branch_labels.py
[2025-05-07T19:27:42.892+0000] {processor.py:840} INFO - DAG(s) 'example_branch_labels' retrieved from /home/airflow/.local/lib/python3.8/site-packages/airflow/example_dags/example_branch_labels.py
[2025-05-07T19:27:42.917+0000] {logging_mixin.py:188} INFO - [2025-05-07T19:27:42.916+0000] {dag.py:3036} INFO - Sync 1 DAGs
[2025-05-07T19:27:42.938+0000] {logging_mixin.py:188} INFO - [2025-05-07T19:27:42.938+0000] {dag.py:3823} INFO - Setting next_dagrun for example_branch_labels to 2025-05-06 00:00:00+00:00, run_after=2025-05-07 00:00:00+00:00
[2025-05-07T19:27:42.956+0000] {processor.py:183} INFO - Processing /home/airflow/.local/lib/python3.8/site-packages/airflow/example_dags/example_branch_labels.py took 0.085 seconds
[2025-05-07T19:28:13.415+0000] {processor.py:161} INFO - Started process (PID=817) to work on /home/airflow/.local/lib/python3.8/site-packages/airflow/example_dags/example_branch_labels.py
[2025-05-07T19:28:13.417+0000] {processor.py:830} INFO - Processing file /home/airflow/.local/lib/python3.8/site-packages/airflow/example_dags/example_branch_labels.py for tasks to queue
[2025-05-07T19:28:13.421+0000] {logging_mixin.py:188} INFO - [2025-05-07T19:28:13.420+0000] {dagbag.py:538} INFO - Filling up the DagBag from /home/airflow/.local/lib/python3.8/site-packages/airflow/example_dags/example_branch_labels.py
[2025-05-07T19:28:13.429+0000] {processor.py:840} INFO - DAG(s) 'example_branch_labels' retrieved from /home/airflow/.local/lib/python3.8/site-packages/airflow/example_dags/example_branch_labels.py
[2025-05-07T19:28:13.452+0000] {logging_mixin.py:188} INFO - [2025-05-07T19:28:13.452+0000] {dag.py:3036} INFO - Sync 1 DAGs
[2025-05-07T19:28:13.478+0000] {logging_mixin.py:188} INFO - [2025-05-07T19:28:13.478+0000] {dag.py:3823} INFO - Setting next_dagrun for example_branch_labels to 2025-05-06 00:00:00+00:00, run_after=2025-05-07 00:00:00+00:00
[2025-05-07T19:28:13.501+0000] {processor.py:183} INFO - Processing /home/airflow/.local/lib/python3.8/site-packages/airflow/example_dags/example_branch_labels.py took 0.089 seconds
[2025-05-07T19:28:44.301+0000] {processor.py:161} INFO - Started process (PID=875) to work on /home/airflow/.local/lib/python3.8/site-packages/airflow/example_dags/example_branch_labels.py
[2025-05-07T19:28:44.302+0000] {processor.py:830} INFO - Processing file /home/airflow/.local/lib/python3.8/site-packages/airflow/example_dags/example_branch_labels.py for tasks to queue
[2025-05-07T19:28:44.305+0000] {logging_mixin.py:188} INFO - [2025-05-07T19:28:44.304+0000] {dagbag.py:538} INFO - Filling up the DagBag from /home/airflow/.local/lib/python3.8/site-packages/airflow/example_dags/example_branch_labels.py
[2025-05-07T19:28:44.315+0000] {processor.py:840} INFO - DAG(s) 'example_branch_labels' retrieved from /home/airflow/.local/lib/python3.8/site-packages/airflow/example_dags/example_branch_labels.py
[2025-05-07T19:28:44.339+0000] {logging_mixin.py:188} INFO - [2025-05-07T19:28:44.339+0000] {dag.py:3036} INFO - Sync 1 DAGs
[2025-05-07T19:28:44.362+0000] {logging_mixin.py:188} INFO - [2025-05-07T19:28:44.362+0000] {dag.py:3823} INFO - Setting next_dagrun for example_branch_labels to 2025-05-06 00:00:00+00:00, run_after=2025-05-07 00:00:00+00:00
[2025-05-07T19:28:44.387+0000] {processor.py:183} INFO - Processing /home/airflow/.local/lib/python3.8/site-packages/airflow/example_dags/example_branch_labels.py took 0.089 seconds
[2025-05-07T19:29:14.865+0000] {processor.py:161} INFO - Started process (PID=932) to work on /home/airflow/.local/lib/python3.8/site-packages/airflow/example_dags/example_branch_labels.py
[2025-05-07T19:29:14.866+0000] {processor.py:830} INFO - Processing file /home/airflow/.local/lib/python3.8/site-packages/airflow/example_dags/example_branch_labels.py for tasks to queue
[2025-05-07T19:29:14.868+0000] {logging_mixin.py:188} INFO - [2025-05-07T19:29:14.868+0000] {dagbag.py:538} INFO - Filling up the DagBag from /home/airflow/.local/lib/python3.8/site-packages/airflow/example_dags/example_branch_labels.py
[2025-05-07T19:29:14.876+0000] {processor.py:840} INFO - DAG(s) 'example_branch_labels' retrieved from /home/airflow/.local/lib/python3.8/site-packages/airflow/example_dags/example_branch_labels.py
[2025-05-07T19:29:14.894+0000] {logging_mixin.py:188} INFO - [2025-05-07T19:29:14.894+0000] {dag.py:3036} INFO - Sync 1 DAGs
[2025-05-07T19:29:14.929+0000] {logging_mixin.py:188} INFO - [2025-05-07T19:29:14.928+0000] {dag.py:3823} INFO - Setting next_dagrun for example_branch_labels to 2025-05-06 00:00:00+00:00, run_after=2025-05-07 00:00:00+00:00
[2025-05-07T19:29:14.961+0000] {processor.py:183} INFO - Processing /home/airflow/.local/lib/python3.8/site-packages/airflow/example_dags/example_branch_labels.py took 0.099 seconds
[2025-05-07T19:29:45.676+0000] {processor.py:161} INFO - Started process (PID=989) to work on /home/airflow/.local/lib/python3.8/site-packages/airflow/example_dags/example_branch_labels.py
[2025-05-07T19:29:45.677+0000] {processor.py:830} INFO - Processing file /home/airflow/.local/lib/python3.8/site-packages/airflow/example_dags/example_branch_labels.py for tasks to queue
[2025-05-07T19:29:45.679+0000] {logging_mixin.py:188} INFO - [2025-05-07T19:29:45.679+0000] {dagbag.py:538} INFO - Filling up the DagBag from /home/airflow/.local/lib/python3.8/site-packages/airflow/example_dags/example_branch_labels.py
[2025-05-07T19:29:45.687+0000] {processor.py:840} INFO - DAG(s) 'example_branch_labels' retrieved from /home/airflow/.local/lib/python3.8/site-packages/airflow/example_dags/example_branch_labels.py
[2025-05-07T19:29:45.708+0000] {logging_mixin.py:188} INFO - [2025-05-07T19:29:45.708+0000] {dag.py:3036} INFO - Sync 1 DAGs
[2025-05-07T19:29:45.729+0000] {logging_mixin.py:188} INFO - [2025-05-07T19:29:45.729+0000] {dag.py:3823} INFO - Setting next_dagrun for example_branch_labels to 2025-05-06 00:00:00+00:00, run_after=2025-05-07 00:00:00+00:00
[2025-05-07T19:29:45.750+0000] {processor.py:183} INFO - Processing /home/airflow/.local/lib/python3.8/site-packages/airflow/example_dags/example_branch_labels.py took 0.077 seconds
[2025-05-07T19:33:18.631+0000] {processor.py:161} INFO - Started process (PID=105) to work on /home/airflow/.local/lib/python3.8/site-packages/airflow/example_dags/example_branch_labels.py
[2025-05-07T19:33:18.633+0000] {processor.py:830} INFO - Processing file /home/airflow/.local/lib/python3.8/site-packages/airflow/example_dags/example_branch_labels.py for tasks to queue
[2025-05-07T19:33:18.636+0000] {logging_mixin.py:188} INFO - [2025-05-07T19:33:18.635+0000] {dagbag.py:538} INFO - Filling up the DagBag from /home/airflow/.local/lib/python3.8/site-packages/airflow/example_dags/example_branch_labels.py
[2025-05-07T19:33:18.644+0000] {processor.py:840} INFO - DAG(s) 'example_branch_labels' retrieved from /home/airflow/.local/lib/python3.8/site-packages/airflow/example_dags/example_branch_labels.py
[2025-05-07T19:33:18.656+0000] {logging_mixin.py:188} INFO - [2025-05-07T19:33:18.656+0000] {dag.py:3036} INFO - Sync 1 DAGs
[2025-05-07T19:33:18.681+0000] {logging_mixin.py:188} INFO - [2025-05-07T19:33:18.681+0000] {dag.py:3823} INFO - Setting next_dagrun for example_branch_labels to 2025-05-06 00:00:00+00:00, run_after=2025-05-07 00:00:00+00:00
[2025-05-07T19:33:18.700+0000] {processor.py:183} INFO - Processing /home/airflow/.local/lib/python3.8/site-packages/airflow/example_dags/example_branch_labels.py took 0.072 seconds
[2025-05-07T19:33:51.347+0000] {processor.py:161} INFO - Started process (PID=162) to work on /home/airflow/.local/lib/python3.8/site-packages/airflow/example_dags/example_branch_labels.py
[2025-05-07T19:33:51.348+0000] {processor.py:830} INFO - Processing file /home/airflow/.local/lib/python3.8/site-packages/airflow/example_dags/example_branch_labels.py for tasks to queue
[2025-05-07T19:33:51.350+0000] {logging_mixin.py:188} INFO - [2025-05-07T19:33:51.350+0000] {dagbag.py:538} INFO - Filling up the DagBag from /home/airflow/.local/lib/python3.8/site-packages/airflow/example_dags/example_branch_labels.py
[2025-05-07T19:33:51.359+0000] {processor.py:840} INFO - DAG(s) 'example_branch_labels' retrieved from /home/airflow/.local/lib/python3.8/site-packages/airflow/example_dags/example_branch_labels.py
[2025-05-07T19:33:51.452+0000] {logging_mixin.py:188} INFO - [2025-05-07T19:33:51.452+0000] {dag.py:3036} INFO - Sync 1 DAGs
[2025-05-07T19:33:51.474+0000] {logging_mixin.py:188} INFO - [2025-05-07T19:33:51.474+0000] {dag.py:3823} INFO - Setting next_dagrun for example_branch_labels to 2025-05-06 00:00:00+00:00, run_after=2025-05-07 00:00:00+00:00
[2025-05-07T19:33:51.496+0000] {processor.py:183} INFO - Processing /home/airflow/.local/lib/python3.8/site-packages/airflow/example_dags/example_branch_labels.py took 0.153 seconds
[2025-05-07T19:34:22.225+0000] {processor.py:161} INFO - Started process (PID=219) to work on /home/airflow/.local/lib/python3.8/site-packages/airflow/example_dags/example_branch_labels.py
[2025-05-07T19:34:22.227+0000] {processor.py:830} INFO - Processing file /home/airflow/.local/lib/python3.8/site-packages/airflow/example_dags/example_branch_labels.py for tasks to queue
[2025-05-07T19:34:22.229+0000] {logging_mixin.py:188} INFO - [2025-05-07T19:34:22.229+0000] {dagbag.py:538} INFO - Filling up the DagBag from /home/airflow/.local/lib/python3.8/site-packages/airflow/example_dags/example_branch_labels.py
[2025-05-07T19:34:22.238+0000] {processor.py:840} INFO - DAG(s) 'example_branch_labels' retrieved from /home/airflow/.local/lib/python3.8/site-packages/airflow/example_dags/example_branch_labels.py
[2025-05-07T19:34:22.267+0000] {logging_mixin.py:188} INFO - [2025-05-07T19:34:22.266+0000] {dag.py:3036} INFO - Sync 1 DAGs
[2025-05-07T19:34:22.289+0000] {logging_mixin.py:188} INFO - [2025-05-07T19:34:22.288+0000] {dag.py:3823} INFO - Setting next_dagrun for example_branch_labels to 2025-05-06 00:00:00+00:00, run_after=2025-05-07 00:00:00+00:00
[2025-05-07T19:34:22.310+0000] {processor.py:183} INFO - Processing /home/airflow/.local/lib/python3.8/site-packages/airflow/example_dags/example_branch_labels.py took 0.088 seconds
[2025-05-07T19:34:52.728+0000] {processor.py:161} INFO - Started process (PID=276) to work on /home/airflow/.local/lib/python3.8/site-packages/airflow/example_dags/example_branch_labels.py
[2025-05-07T19:34:52.729+0000] {processor.py:830} INFO - Processing file /home/airflow/.local/lib/python3.8/site-packages/airflow/example_dags/example_branch_labels.py for tasks to queue
[2025-05-07T19:34:52.731+0000] {logging_mixin.py:188} INFO - [2025-05-07T19:34:52.731+0000] {dagbag.py:538} INFO - Filling up the DagBag from /home/airflow/.local/lib/python3.8/site-packages/airflow/example_dags/example_branch_labels.py
[2025-05-07T19:34:52.740+0000] {processor.py:840} INFO - DAG(s) 'example_branch_labels' retrieved from /home/airflow/.local/lib/python3.8/site-packages/airflow/example_dags/example_branch_labels.py
[2025-05-07T19:34:52.762+0000] {logging_mixin.py:188} INFO - [2025-05-07T19:34:52.761+0000] {dag.py:3036} INFO - Sync 1 DAGs
[2025-05-07T19:34:52.785+0000] {logging_mixin.py:188} INFO - [2025-05-07T19:34:52.785+0000] {dag.py:3823} INFO - Setting next_dagrun for example_branch_labels to 2025-05-06 00:00:00+00:00, run_after=2025-05-07 00:00:00+00:00
[2025-05-07T19:34:52.806+0000] {processor.py:183} INFO - Processing /home/airflow/.local/lib/python3.8/site-packages/airflow/example_dags/example_branch_labels.py took 0.082 seconds
[2025-05-07T19:35:23.431+0000] {processor.py:161} INFO - Started process (PID=333) to work on /home/airflow/.local/lib/python3.8/site-packages/airflow/example_dags/example_branch_labels.py
[2025-05-07T19:35:23.433+0000] {processor.py:830} INFO - Processing file /home/airflow/.local/lib/python3.8/site-packages/airflow/example_dags/example_branch_labels.py for tasks to queue
[2025-05-07T19:35:23.435+0000] {logging_mixin.py:188} INFO - [2025-05-07T19:35:23.435+0000] {dagbag.py:538} INFO - Filling up the DagBag from /home/airflow/.local/lib/python3.8/site-packages/airflow/example_dags/example_branch_labels.py
[2025-05-07T19:35:23.446+0000] {processor.py:840} INFO - DAG(s) 'example_branch_labels' retrieved from /home/airflow/.local/lib/python3.8/site-packages/airflow/example_dags/example_branch_labels.py
[2025-05-07T19:35:23.466+0000] {logging_mixin.py:188} INFO - [2025-05-07T19:35:23.466+0000] {dag.py:3036} INFO - Sync 1 DAGs
[2025-05-07T19:35:23.487+0000] {logging_mixin.py:188} INFO - [2025-05-07T19:35:23.487+0000] {dag.py:3823} INFO - Setting next_dagrun for example_branch_labels to 2025-05-06 00:00:00+00:00, run_after=2025-05-07 00:00:00+00:00
[2025-05-07T19:35:23.507+0000] {processor.py:183} INFO - Processing /home/airflow/.local/lib/python3.8/site-packages/airflow/example_dags/example_branch_labels.py took 0.079 seconds
[2025-05-07T19:35:53.704+0000] {processor.py:161} INFO - Started process (PID=390) to work on /home/airflow/.local/lib/python3.8/site-packages/airflow/example_dags/example_branch_labels.py
[2025-05-07T19:35:53.705+0000] {processor.py:830} INFO - Processing file /home/airflow/.local/lib/python3.8/site-packages/airflow/example_dags/example_branch_labels.py for tasks to queue
[2025-05-07T19:35:53.707+0000] {logging_mixin.py:188} INFO - [2025-05-07T19:35:53.707+0000] {dagbag.py:538} INFO - Filling up the DagBag from /home/airflow/.local/lib/python3.8/site-packages/airflow/example_dags/example_branch_labels.py
[2025-05-07T19:35:53.715+0000] {processor.py:840} INFO - DAG(s) 'example_branch_labels' retrieved from /home/airflow/.local/lib/python3.8/site-packages/airflow/example_dags/example_branch_labels.py
[2025-05-07T19:35:53.737+0000] {logging_mixin.py:188} INFO - [2025-05-07T19:35:53.737+0000] {dag.py:3036} INFO - Sync 1 DAGs
[2025-05-07T19:35:53.760+0000] {logging_mixin.py:188} INFO - [2025-05-07T19:35:53.759+0000] {dag.py:3823} INFO - Setting next_dagrun for example_branch_labels to 2025-05-06 00:00:00+00:00, run_after=2025-05-07 00:00:00+00:00
[2025-05-07T19:35:53.778+0000] {processor.py:183} INFO - Processing /home/airflow/.local/lib/python3.8/site-packages/airflow/example_dags/example_branch_labels.py took 0.077 seconds
[2025-05-07T19:36:24.252+0000] {processor.py:161} INFO - Started process (PID=447) to work on /home/airflow/.local/lib/python3.8/site-packages/airflow/example_dags/example_branch_labels.py
[2025-05-07T19:36:24.254+0000] {processor.py:830} INFO - Processing file /home/airflow/.local/lib/python3.8/site-packages/airflow/example_dags/example_branch_labels.py for tasks to queue
[2025-05-07T19:36:24.256+0000] {logging_mixin.py:188} INFO - [2025-05-07T19:36:24.256+0000] {dagbag.py:538} INFO - Filling up the DagBag from /home/airflow/.local/lib/python3.8/site-packages/airflow/example_dags/example_branch_labels.py
[2025-05-07T19:36:24.264+0000] {processor.py:840} INFO - DAG(s) 'example_branch_labels' retrieved from /home/airflow/.local/lib/python3.8/site-packages/airflow/example_dags/example_branch_labels.py
[2025-05-07T19:36:24.285+0000] {logging_mixin.py:188} INFO - [2025-05-07T19:36:24.285+0000] {dag.py:3036} INFO - Sync 1 DAGs
[2025-05-07T19:36:24.306+0000] {logging_mixin.py:188} INFO - [2025-05-07T19:36:24.305+0000] {dag.py:3823} INFO - Setting next_dagrun for example_branch_labels to 2025-05-06 00:00:00+00:00, run_after=2025-05-07 00:00:00+00:00
[2025-05-07T19:36:24.323+0000] {processor.py:183} INFO - Processing /home/airflow/.local/lib/python3.8/site-packages/airflow/example_dags/example_branch_labels.py took 0.074 seconds
[2025-05-07T19:36:54.839+0000] {processor.py:161} INFO - Started process (PID=504) to work on /home/airflow/.local/lib/python3.8/site-packages/airflow/example_dags/example_branch_labels.py
[2025-05-07T19:36:54.841+0000] {processor.py:830} INFO - Processing file /home/airflow/.local/lib/python3.8/site-packages/airflow/example_dags/example_branch_labels.py for tasks to queue
[2025-05-07T19:36:54.843+0000] {logging_mixin.py:188} INFO - [2025-05-07T19:36:54.843+0000] {dagbag.py:538} INFO - Filling up the DagBag from /home/airflow/.local/lib/python3.8/site-packages/airflow/example_dags/example_branch_labels.py
[2025-05-07T19:36:54.851+0000] {processor.py:840} INFO - DAG(s) 'example_branch_labels' retrieved from /home/airflow/.local/lib/python3.8/site-packages/airflow/example_dags/example_branch_labels.py
[2025-05-07T19:36:54.871+0000] {logging_mixin.py:188} INFO - [2025-05-07T19:36:54.870+0000] {dag.py:3036} INFO - Sync 1 DAGs
[2025-05-07T19:36:54.891+0000] {logging_mixin.py:188} INFO - [2025-05-07T19:36:54.890+0000] {dag.py:3823} INFO - Setting next_dagrun for example_branch_labels to 2025-05-06 00:00:00+00:00, run_after=2025-05-07 00:00:00+00:00
[2025-05-07T19:36:54.911+0000] {processor.py:183} INFO - Processing /home/airflow/.local/lib/python3.8/site-packages/airflow/example_dags/example_branch_labels.py took 0.075 seconds
[2025-05-07T19:37:25.395+0000] {processor.py:161} INFO - Started process (PID=561) to work on /home/airflow/.local/lib/python3.8/site-packages/airflow/example_dags/example_branch_labels.py
[2025-05-07T19:37:25.398+0000] {processor.py:830} INFO - Processing file /home/airflow/.local/lib/python3.8/site-packages/airflow/example_dags/example_branch_labels.py for tasks to queue
[2025-05-07T19:37:25.403+0000] {logging_mixin.py:188} INFO - [2025-05-07T19:37:25.402+0000] {dagbag.py:538} INFO - Filling up the DagBag from /home/airflow/.local/lib/python3.8/site-packages/airflow/example_dags/example_branch_labels.py
[2025-05-07T19:37:25.417+0000] {processor.py:840} INFO - DAG(s) 'example_branch_labels' retrieved from /home/airflow/.local/lib/python3.8/site-packages/airflow/example_dags/example_branch_labels.py
[2025-05-07T19:37:25.441+0000] {logging_mixin.py:188} INFO - [2025-05-07T19:37:25.440+0000] {dag.py:3036} INFO - Sync 1 DAGs
[2025-05-07T19:37:25.470+0000] {logging_mixin.py:188} INFO - [2025-05-07T19:37:25.469+0000] {dag.py:3823} INFO - Setting next_dagrun for example_branch_labels to 2025-05-06 00:00:00+00:00, run_after=2025-05-07 00:00:00+00:00
[2025-05-07T19:37:25.495+0000] {processor.py:183} INFO - Processing /home/airflow/.local/lib/python3.8/site-packages/airflow/example_dags/example_branch_labels.py took 0.108 seconds
[2025-05-07T19:37:56.070+0000] {processor.py:161} INFO - Started process (PID=618) to work on /home/airflow/.local/lib/python3.8/site-packages/airflow/example_dags/example_branch_labels.py
[2025-05-07T19:37:56.071+0000] {processor.py:830} INFO - Processing file /home/airflow/.local/lib/python3.8/site-packages/airflow/example_dags/example_branch_labels.py for tasks to queue
[2025-05-07T19:37:56.074+0000] {logging_mixin.py:188} INFO - [2025-05-07T19:37:56.074+0000] {dagbag.py:538} INFO - Filling up the DagBag from /home/airflow/.local/lib/python3.8/site-packages/airflow/example_dags/example_branch_labels.py
[2025-05-07T19:37:56.083+0000] {processor.py:840} INFO - DAG(s) 'example_branch_labels' retrieved from /home/airflow/.local/lib/python3.8/site-packages/airflow/example_dags/example_branch_labels.py
[2025-05-07T19:37:56.105+0000] {logging_mixin.py:188} INFO - [2025-05-07T19:37:56.105+0000] {dag.py:3036} INFO - Sync 1 DAGs
[2025-05-07T19:37:56.129+0000] {logging_mixin.py:188} INFO - [2025-05-07T19:37:56.128+0000] {dag.py:3823} INFO - Setting next_dagrun for example_branch_labels to 2025-05-06 00:00:00+00:00, run_after=2025-05-07 00:00:00+00:00
[2025-05-07T19:37:56.150+0000] {processor.py:183} INFO - Processing /home/airflow/.local/lib/python3.8/site-packages/airflow/example_dags/example_branch_labels.py took 0.085 seconds
[2025-05-07T19:38:26.629+0000] {processor.py:161} INFO - Started process (PID=675) to work on /home/airflow/.local/lib/python3.8/site-packages/airflow/example_dags/example_branch_labels.py
[2025-05-07T19:38:26.631+0000] {processor.py:830} INFO - Processing file /home/airflow/.local/lib/python3.8/site-packages/airflow/example_dags/example_branch_labels.py for tasks to queue
[2025-05-07T19:38:26.634+0000] {logging_mixin.py:188} INFO - [2025-05-07T19:38:26.634+0000] {dagbag.py:538} INFO - Filling up the DagBag from /home/airflow/.local/lib/python3.8/site-packages/airflow/example_dags/example_branch_labels.py
[2025-05-07T19:38:26.644+0000] {processor.py:840} INFO - DAG(s) 'example_branch_labels' retrieved from /home/airflow/.local/lib/python3.8/site-packages/airflow/example_dags/example_branch_labels.py
[2025-05-07T19:38:26.668+0000] {logging_mixin.py:188} INFO - [2025-05-07T19:38:26.668+0000] {dag.py:3036} INFO - Sync 1 DAGs
[2025-05-07T19:38:26.697+0000] {logging_mixin.py:188} INFO - [2025-05-07T19:38:26.697+0000] {dag.py:3823} INFO - Setting next_dagrun for example_branch_labels to 2025-05-06 00:00:00+00:00, run_after=2025-05-07 00:00:00+00:00
[2025-05-07T19:38:26.722+0000] {processor.py:183} INFO - Processing /home/airflow/.local/lib/python3.8/site-packages/airflow/example_dags/example_branch_labels.py took 0.098 seconds
[2025-05-07T19:38:56.804+0000] {processor.py:161} INFO - Started process (PID=732) to work on /home/airflow/.local/lib/python3.8/site-packages/airflow/example_dags/example_branch_labels.py
[2025-05-07T19:38:56.805+0000] {processor.py:830} INFO - Processing file /home/airflow/.local/lib/python3.8/site-packages/airflow/example_dags/example_branch_labels.py for tasks to queue
[2025-05-07T19:38:56.807+0000] {logging_mixin.py:188} INFO - [2025-05-07T19:38:56.807+0000] {dagbag.py:538} INFO - Filling up the DagBag from /home/airflow/.local/lib/python3.8/site-packages/airflow/example_dags/example_branch_labels.py
[2025-05-07T19:38:56.815+0000] {processor.py:840} INFO - DAG(s) 'example_branch_labels' retrieved from /home/airflow/.local/lib/python3.8/site-packages/airflow/example_dags/example_branch_labels.py
[2025-05-07T19:38:56.834+0000] {logging_mixin.py:188} INFO - [2025-05-07T19:38:56.834+0000] {dag.py:3036} INFO - Sync 1 DAGs
[2025-05-07T19:38:56.854+0000] {logging_mixin.py:188} INFO - [2025-05-07T19:38:56.854+0000] {dag.py:3823} INFO - Setting next_dagrun for example_branch_labels to 2025-05-06 00:00:00+00:00, run_after=2025-05-07 00:00:00+00:00
[2025-05-07T19:38:56.874+0000] {processor.py:183} INFO - Processing /home/airflow/.local/lib/python3.8/site-packages/airflow/example_dags/example_branch_labels.py took 0.074 seconds
[2025-05-07T19:39:27.388+0000] {processor.py:161} INFO - Started process (PID=789) to work on /home/airflow/.local/lib/python3.8/site-packages/airflow/example_dags/example_branch_labels.py
[2025-05-07T19:39:27.389+0000] {processor.py:830} INFO - Processing file /home/airflow/.local/lib/python3.8/site-packages/airflow/example_dags/example_branch_labels.py for tasks to queue
[2025-05-07T19:39:27.392+0000] {logging_mixin.py:188} INFO - [2025-05-07T19:39:27.392+0000] {dagbag.py:538} INFO - Filling up the DagBag from /home/airflow/.local/lib/python3.8/site-packages/airflow/example_dags/example_branch_labels.py
[2025-05-07T19:39:27.401+0000] {processor.py:840} INFO - DAG(s) 'example_branch_labels' retrieved from /home/airflow/.local/lib/python3.8/site-packages/airflow/example_dags/example_branch_labels.py
[2025-05-07T19:39:27.425+0000] {logging_mixin.py:188} INFO - [2025-05-07T19:39:27.425+0000] {dag.py:3036} INFO - Sync 1 DAGs
[2025-05-07T19:39:27.448+0000] {logging_mixin.py:188} INFO - [2025-05-07T19:39:27.448+0000] {dag.py:3823} INFO - Setting next_dagrun for example_branch_labels to 2025-05-06 00:00:00+00:00, run_after=2025-05-07 00:00:00+00:00
[2025-05-07T19:39:27.472+0000] {processor.py:183} INFO - Processing /home/airflow/.local/lib/python3.8/site-packages/airflow/example_dags/example_branch_labels.py took 0.088 seconds
[2025-05-07T19:39:57.874+0000] {processor.py:161} INFO - Started process (PID=846) to work on /home/airflow/.local/lib/python3.8/site-packages/airflow/example_dags/example_branch_labels.py
[2025-05-07T19:39:57.876+0000] {processor.py:830} INFO - Processing file /home/airflow/.local/lib/python3.8/site-packages/airflow/example_dags/example_branch_labels.py for tasks to queue
[2025-05-07T19:39:57.878+0000] {logging_mixin.py:188} INFO - [2025-05-07T19:39:57.878+0000] {dagbag.py:538} INFO - Filling up the DagBag from /home/airflow/.local/lib/python3.8/site-packages/airflow/example_dags/example_branch_labels.py
[2025-05-07T19:39:57.886+0000] {processor.py:840} INFO - DAG(s) 'example_branch_labels' retrieved from /home/airflow/.local/lib/python3.8/site-packages/airflow/example_dags/example_branch_labels.py
[2025-05-07T19:39:57.905+0000] {logging_mixin.py:188} INFO - [2025-05-07T19:39:57.905+0000] {dag.py:3036} INFO - Sync 1 DAGs
[2025-05-07T19:39:57.928+0000] {logging_mixin.py:188} INFO - [2025-05-07T19:39:57.927+0000] {dag.py:3823} INFO - Setting next_dagrun for example_branch_labels to 2025-05-06 00:00:00+00:00, run_after=2025-05-07 00:00:00+00:00
[2025-05-07T19:39:57.947+0000] {processor.py:183} INFO - Processing /home/airflow/.local/lib/python3.8/site-packages/airflow/example_dags/example_branch_labels.py took 0.076 seconds
[2025-05-07T19:40:28.863+0000] {processor.py:161} INFO - Started process (PID=903) to work on /home/airflow/.local/lib/python3.8/site-packages/airflow/example_dags/example_branch_labels.py
[2025-05-07T19:40:28.865+0000] {processor.py:830} INFO - Processing file /home/airflow/.local/lib/python3.8/site-packages/airflow/example_dags/example_branch_labels.py for tasks to queue
[2025-05-07T19:40:28.868+0000] {logging_mixin.py:188} INFO - [2025-05-07T19:40:28.867+0000] {dagbag.py:538} INFO - Filling up the DagBag from /home/airflow/.local/lib/python3.8/site-packages/airflow/example_dags/example_branch_labels.py
[2025-05-07T19:40:28.876+0000] {processor.py:840} INFO - DAG(s) 'example_branch_labels' retrieved from /home/airflow/.local/lib/python3.8/site-packages/airflow/example_dags/example_branch_labels.py
[2025-05-07T19:40:28.900+0000] {logging_mixin.py:188} INFO - [2025-05-07T19:40:28.900+0000] {dag.py:3036} INFO - Sync 1 DAGs
[2025-05-07T19:40:28.927+0000] {logging_mixin.py:188} INFO - [2025-05-07T19:40:28.927+0000] {dag.py:3823} INFO - Setting next_dagrun for example_branch_labels to 2025-05-06 00:00:00+00:00, run_after=2025-05-07 00:00:00+00:00
[2025-05-07T19:40:28.962+0000] {processor.py:183} INFO - Processing /home/airflow/.local/lib/python3.8/site-packages/airflow/example_dags/example_branch_labels.py took 0.102 seconds
[2025-05-07T19:40:59.191+0000] {processor.py:161} INFO - Started process (PID=960) to work on /home/airflow/.local/lib/python3.8/site-packages/airflow/example_dags/example_branch_labels.py
[2025-05-07T19:40:59.193+0000] {processor.py:830} INFO - Processing file /home/airflow/.local/lib/python3.8/site-packages/airflow/example_dags/example_branch_labels.py for tasks to queue
[2025-05-07T19:40:59.195+0000] {logging_mixin.py:188} INFO - [2025-05-07T19:40:59.195+0000] {dagbag.py:538} INFO - Filling up the DagBag from /home/airflow/.local/lib/python3.8/site-packages/airflow/example_dags/example_branch_labels.py
[2025-05-07T19:40:59.203+0000] {processor.py:840} INFO - DAG(s) 'example_branch_labels' retrieved from /home/airflow/.local/lib/python3.8/site-packages/airflow/example_dags/example_branch_labels.py
[2025-05-07T19:40:59.226+0000] {logging_mixin.py:188} INFO - [2025-05-07T19:40:59.225+0000] {dag.py:3036} INFO - Sync 1 DAGs
[2025-05-07T19:40:59.247+0000] {logging_mixin.py:188} INFO - [2025-05-07T19:40:59.246+0000] {dag.py:3823} INFO - Setting next_dagrun for example_branch_labels to 2025-05-06 00:00:00+00:00, run_after=2025-05-07 00:00:00+00:00
[2025-05-07T19:40:59.268+0000] {processor.py:183} INFO - Processing /home/airflow/.local/lib/python3.8/site-packages/airflow/example_dags/example_branch_labels.py took 0.079 seconds
[2025-05-07T19:41:29.734+0000] {processor.py:161} INFO - Started process (PID=1017) to work on /home/airflow/.local/lib/python3.8/site-packages/airflow/example_dags/example_branch_labels.py
[2025-05-07T19:41:29.736+0000] {processor.py:830} INFO - Processing file /home/airflow/.local/lib/python3.8/site-packages/airflow/example_dags/example_branch_labels.py for tasks to queue
[2025-05-07T19:41:29.739+0000] {logging_mixin.py:188} INFO - [2025-05-07T19:41:29.738+0000] {dagbag.py:538} INFO - Filling up the DagBag from /home/airflow/.local/lib/python3.8/site-packages/airflow/example_dags/example_branch_labels.py
[2025-05-07T19:41:29.748+0000] {processor.py:840} INFO - DAG(s) 'example_branch_labels' retrieved from /home/airflow/.local/lib/python3.8/site-packages/airflow/example_dags/example_branch_labels.py
[2025-05-07T19:41:29.780+0000] {logging_mixin.py:188} INFO - [2025-05-07T19:41:29.779+0000] {dag.py:3036} INFO - Sync 1 DAGs
[2025-05-07T19:41:29.806+0000] {logging_mixin.py:188} INFO - [2025-05-07T19:41:29.806+0000] {dag.py:3823} INFO - Setting next_dagrun for example_branch_labels to 2025-05-06 00:00:00+00:00, run_after=2025-05-07 00:00:00+00:00
[2025-05-07T19:41:29.839+0000] {processor.py:183} INFO - Processing /home/airflow/.local/lib/python3.8/site-packages/airflow/example_dags/example_branch_labels.py took 0.109 seconds
[2025-05-07T19:42:00.229+0000] {processor.py:161} INFO - Started process (PID=1074) to work on /home/airflow/.local/lib/python3.8/site-packages/airflow/example_dags/example_branch_labels.py
[2025-05-07T19:42:00.232+0000] {processor.py:830} INFO - Processing file /home/airflow/.local/lib/python3.8/site-packages/airflow/example_dags/example_branch_labels.py for tasks to queue
[2025-05-07T19:42:00.235+0000] {logging_mixin.py:188} INFO - [2025-05-07T19:42:00.235+0000] {dagbag.py:538} INFO - Filling up the DagBag from /home/airflow/.local/lib/python3.8/site-packages/airflow/example_dags/example_branch_labels.py
[2025-05-07T19:42:00.245+0000] {processor.py:840} INFO - DAG(s) 'example_branch_labels' retrieved from /home/airflow/.local/lib/python3.8/site-packages/airflow/example_dags/example_branch_labels.py
[2025-05-07T19:42:00.278+0000] {logging_mixin.py:188} INFO - [2025-05-07T19:42:00.277+0000] {dag.py:3036} INFO - Sync 1 DAGs
[2025-05-07T19:42:00.306+0000] {logging_mixin.py:188} INFO - [2025-05-07T19:42:00.306+0000] {dag.py:3823} INFO - Setting next_dagrun for example_branch_labels to 2025-05-06 00:00:00+00:00, run_after=2025-05-07 00:00:00+00:00
[2025-05-07T19:42:00.329+0000] {processor.py:183} INFO - Processing /home/airflow/.local/lib/python3.8/site-packages/airflow/example_dags/example_branch_labels.py took 0.103 seconds
[2025-05-07T19:42:30.422+0000] {processor.py:161} INFO - Started process (PID=1131) to work on /home/airflow/.local/lib/python3.8/site-packages/airflow/example_dags/example_branch_labels.py
[2025-05-07T19:42:30.424+0000] {processor.py:830} INFO - Processing file /home/airflow/.local/lib/python3.8/site-packages/airflow/example_dags/example_branch_labels.py for tasks to queue
[2025-05-07T19:42:30.426+0000] {logging_mixin.py:188} INFO - [2025-05-07T19:42:30.426+0000] {dagbag.py:538} INFO - Filling up the DagBag from /home/airflow/.local/lib/python3.8/site-packages/airflow/example_dags/example_branch_labels.py
[2025-05-07T19:42:30.437+0000] {processor.py:840} INFO - DAG(s) 'example_branch_labels' retrieved from /home/airflow/.local/lib/python3.8/site-packages/airflow/example_dags/example_branch_labels.py
[2025-05-07T19:42:30.461+0000] {logging_mixin.py:188} INFO - [2025-05-07T19:42:30.460+0000] {dag.py:3036} INFO - Sync 1 DAGs
[2025-05-07T19:42:30.489+0000] {logging_mixin.py:188} INFO - [2025-05-07T19:42:30.488+0000] {dag.py:3823} INFO - Setting next_dagrun for example_branch_labels to 2025-05-06 00:00:00+00:00, run_after=2025-05-07 00:00:00+00:00
[2025-05-07T19:42:30.543+0000] {processor.py:183} INFO - Processing /home/airflow/.local/lib/python3.8/site-packages/airflow/example_dags/example_branch_labels.py took 0.126 seconds
[2025-05-07T19:43:01.265+0000] {processor.py:161} INFO - Started process (PID=1187) to work on /home/airflow/.local/lib/python3.8/site-packages/airflow/example_dags/example_branch_labels.py
[2025-05-07T19:43:01.267+0000] {processor.py:830} INFO - Processing file /home/airflow/.local/lib/python3.8/site-packages/airflow/example_dags/example_branch_labels.py for tasks to queue
[2025-05-07T19:43:01.269+0000] {logging_mixin.py:188} INFO - [2025-05-07T19:43:01.268+0000] {dagbag.py:538} INFO - Filling up the DagBag from /home/airflow/.local/lib/python3.8/site-packages/airflow/example_dags/example_branch_labels.py
[2025-05-07T19:43:01.277+0000] {processor.py:840} INFO - DAG(s) 'example_branch_labels' retrieved from /home/airflow/.local/lib/python3.8/site-packages/airflow/example_dags/example_branch_labels.py
[2025-05-07T19:43:01.299+0000] {logging_mixin.py:188} INFO - [2025-05-07T19:43:01.299+0000] {dag.py:3036} INFO - Sync 1 DAGs
[2025-05-07T19:43:01.321+0000] {logging_mixin.py:188} INFO - [2025-05-07T19:43:01.321+0000] {dag.py:3823} INFO - Setting next_dagrun for example_branch_labels to 2025-05-06 00:00:00+00:00, run_after=2025-05-07 00:00:00+00:00
[2025-05-07T19:43:01.341+0000] {processor.py:183} INFO - Processing /home/airflow/.local/lib/python3.8/site-packages/airflow/example_dags/example_branch_labels.py took 0.079 seconds
[2025-05-07T19:43:32.186+0000] {processor.py:161} INFO - Started process (PID=1244) to work on /home/airflow/.local/lib/python3.8/site-packages/airflow/example_dags/example_branch_labels.py
[2025-05-07T19:43:32.187+0000] {processor.py:830} INFO - Processing file /home/airflow/.local/lib/python3.8/site-packages/airflow/example_dags/example_branch_labels.py for tasks to queue
[2025-05-07T19:43:32.190+0000] {logging_mixin.py:188} INFO - [2025-05-07T19:43:32.189+0000] {dagbag.py:538} INFO - Filling up the DagBag from /home/airflow/.local/lib/python3.8/site-packages/airflow/example_dags/example_branch_labels.py
[2025-05-07T19:43:32.198+0000] {processor.py:840} INFO - DAG(s) 'example_branch_labels' retrieved from /home/airflow/.local/lib/python3.8/site-packages/airflow/example_dags/example_branch_labels.py
[2025-05-07T19:43:32.222+0000] {logging_mixin.py:188} INFO - [2025-05-07T19:43:32.221+0000] {dag.py:3036} INFO - Sync 1 DAGs
[2025-05-07T19:43:32.250+0000] {logging_mixin.py:188} INFO - [2025-05-07T19:43:32.250+0000] {dag.py:3823} INFO - Setting next_dagrun for example_branch_labels to 2025-05-06 00:00:00+00:00, run_after=2025-05-07 00:00:00+00:00
[2025-05-07T19:43:32.274+0000] {processor.py:183} INFO - Processing /home/airflow/.local/lib/python3.8/site-packages/airflow/example_dags/example_branch_labels.py took 0.092 seconds
[2025-05-07T19:44:02.557+0000] {processor.py:161} INFO - Started process (PID=1301) to work on /home/airflow/.local/lib/python3.8/site-packages/airflow/example_dags/example_branch_labels.py
[2025-05-07T19:44:02.559+0000] {processor.py:830} INFO - Processing file /home/airflow/.local/lib/python3.8/site-packages/airflow/example_dags/example_branch_labels.py for tasks to queue
[2025-05-07T19:44:02.561+0000] {logging_mixin.py:188} INFO - [2025-05-07T19:44:02.561+0000] {dagbag.py:538} INFO - Filling up the DagBag from /home/airflow/.local/lib/python3.8/site-packages/airflow/example_dags/example_branch_labels.py
[2025-05-07T19:44:02.570+0000] {processor.py:840} INFO - DAG(s) 'example_branch_labels' retrieved from /home/airflow/.local/lib/python3.8/site-packages/airflow/example_dags/example_branch_labels.py
[2025-05-07T19:44:02.593+0000] {logging_mixin.py:188} INFO - [2025-05-07T19:44:02.593+0000] {dag.py:3036} INFO - Sync 1 DAGs
[2025-05-07T19:44:02.618+0000] {logging_mixin.py:188} INFO - [2025-05-07T19:44:02.617+0000] {dag.py:3823} INFO - Setting next_dagrun for example_branch_labels to 2025-05-06 00:00:00+00:00, run_after=2025-05-07 00:00:00+00:00
[2025-05-07T19:44:02.637+0000] {processor.py:183} INFO - Processing /home/airflow/.local/lib/python3.8/site-packages/airflow/example_dags/example_branch_labels.py took 0.084 seconds
[2025-05-07T19:44:32.994+0000] {processor.py:161} INFO - Started process (PID=1358) to work on /home/airflow/.local/lib/python3.8/site-packages/airflow/example_dags/example_branch_labels.py
[2025-05-07T19:44:32.996+0000] {processor.py:830} INFO - Processing file /home/airflow/.local/lib/python3.8/site-packages/airflow/example_dags/example_branch_labels.py for tasks to queue
[2025-05-07T19:44:32.998+0000] {logging_mixin.py:188} INFO - [2025-05-07T19:44:32.998+0000] {dagbag.py:538} INFO - Filling up the DagBag from /home/airflow/.local/lib/python3.8/site-packages/airflow/example_dags/example_branch_labels.py
[2025-05-07T19:44:33.006+0000] {processor.py:840} INFO - DAG(s) 'example_branch_labels' retrieved from /home/airflow/.local/lib/python3.8/site-packages/airflow/example_dags/example_branch_labels.py
[2025-05-07T19:44:33.029+0000] {logging_mixin.py:188} INFO - [2025-05-07T19:44:33.029+0000] {dag.py:3036} INFO - Sync 1 DAGs
[2025-05-07T19:44:33.053+0000] {logging_mixin.py:188} INFO - [2025-05-07T19:44:33.053+0000] {dag.py:3823} INFO - Setting next_dagrun for example_branch_labels to 2025-05-06 00:00:00+00:00, run_after=2025-05-07 00:00:00+00:00
[2025-05-07T19:44:33.075+0000] {processor.py:183} INFO - Processing /home/airflow/.local/lib/python3.8/site-packages/airflow/example_dags/example_branch_labels.py took 0.084 seconds
[2025-05-07T19:45:03.545+0000] {processor.py:161} INFO - Started process (PID=1415) to work on /home/airflow/.local/lib/python3.8/site-packages/airflow/example_dags/example_branch_labels.py
[2025-05-07T19:45:03.547+0000] {processor.py:830} INFO - Processing file /home/airflow/.local/lib/python3.8/site-packages/airflow/example_dags/example_branch_labels.py for tasks to queue
[2025-05-07T19:45:03.551+0000] {logging_mixin.py:188} INFO - [2025-05-07T19:45:03.551+0000] {dagbag.py:538} INFO - Filling up the DagBag from /home/airflow/.local/lib/python3.8/site-packages/airflow/example_dags/example_branch_labels.py
[2025-05-07T19:45:03.559+0000] {processor.py:840} INFO - DAG(s) 'example_branch_labels' retrieved from /home/airflow/.local/lib/python3.8/site-packages/airflow/example_dags/example_branch_labels.py
[2025-05-07T19:45:03.582+0000] {logging_mixin.py:188} INFO - [2025-05-07T19:45:03.582+0000] {dag.py:3036} INFO - Sync 1 DAGs
[2025-05-07T19:45:03.611+0000] {logging_mixin.py:188} INFO - [2025-05-07T19:45:03.611+0000] {dag.py:3823} INFO - Setting next_dagrun for example_branch_labels to 2025-05-06 00:00:00+00:00, run_after=2025-05-07 00:00:00+00:00
[2025-05-07T19:45:03.637+0000] {processor.py:183} INFO - Processing /home/airflow/.local/lib/python3.8/site-packages/airflow/example_dags/example_branch_labels.py took 0.095 seconds
[2025-05-07T19:45:34.128+0000] {processor.py:161} INFO - Started process (PID=1472) to work on /home/airflow/.local/lib/python3.8/site-packages/airflow/example_dags/example_branch_labels.py
[2025-05-07T19:45:34.130+0000] {processor.py:830} INFO - Processing file /home/airflow/.local/lib/python3.8/site-packages/airflow/example_dags/example_branch_labels.py for tasks to queue
[2025-05-07T19:45:34.137+0000] {logging_mixin.py:188} INFO - [2025-05-07T19:45:34.137+0000] {dagbag.py:538} INFO - Filling up the DagBag from /home/airflow/.local/lib/python3.8/site-packages/airflow/example_dags/example_branch_labels.py
[2025-05-07T19:45:34.152+0000] {processor.py:840} INFO - DAG(s) 'example_branch_labels' retrieved from /home/airflow/.local/lib/python3.8/site-packages/airflow/example_dags/example_branch_labels.py
[2025-05-07T19:45:34.181+0000] {logging_mixin.py:188} INFO - [2025-05-07T19:45:34.181+0000] {dag.py:3036} INFO - Sync 1 DAGs
[2025-05-07T19:45:34.212+0000] {logging_mixin.py:188} INFO - [2025-05-07T19:45:34.212+0000] {dag.py:3823} INFO - Setting next_dagrun for example_branch_labels to 2025-05-06 00:00:00+00:00, run_after=2025-05-07 00:00:00+00:00
[2025-05-07T19:45:34.238+0000] {processor.py:183} INFO - Processing /home/airflow/.local/lib/python3.8/site-packages/airflow/example_dags/example_branch_labels.py took 0.117 seconds
[2025-05-07T19:46:05.075+0000] {processor.py:161} INFO - Started process (PID=1529) to work on /home/airflow/.local/lib/python3.8/site-packages/airflow/example_dags/example_branch_labels.py
[2025-05-07T19:46:05.076+0000] {processor.py:830} INFO - Processing file /home/airflow/.local/lib/python3.8/site-packages/airflow/example_dags/example_branch_labels.py for tasks to queue
[2025-05-07T19:46:05.078+0000] {logging_mixin.py:188} INFO - [2025-05-07T19:46:05.078+0000] {dagbag.py:538} INFO - Filling up the DagBag from /home/airflow/.local/lib/python3.8/site-packages/airflow/example_dags/example_branch_labels.py
[2025-05-07T19:46:05.086+0000] {processor.py:840} INFO - DAG(s) 'example_branch_labels' retrieved from /home/airflow/.local/lib/python3.8/site-packages/airflow/example_dags/example_branch_labels.py
[2025-05-07T19:46:05.107+0000] {logging_mixin.py:188} INFO - [2025-05-07T19:46:05.107+0000] {dag.py:3036} INFO - Sync 1 DAGs
[2025-05-07T19:46:05.135+0000] {logging_mixin.py:188} INFO - [2025-05-07T19:46:05.135+0000] {dag.py:3823} INFO - Setting next_dagrun for example_branch_labels to 2025-05-06 00:00:00+00:00, run_after=2025-05-07 00:00:00+00:00
[2025-05-07T19:46:05.157+0000] {processor.py:183} INFO - Processing /home/airflow/.local/lib/python3.8/site-packages/airflow/example_dags/example_branch_labels.py took 0.086 seconds
[2025-05-07T19:46:36.067+0000] {processor.py:161} INFO - Started process (PID=1586) to work on /home/airflow/.local/lib/python3.8/site-packages/airflow/example_dags/example_branch_labels.py
[2025-05-07T19:46:36.068+0000] {processor.py:830} INFO - Processing file /home/airflow/.local/lib/python3.8/site-packages/airflow/example_dags/example_branch_labels.py for tasks to queue
[2025-05-07T19:46:36.071+0000] {logging_mixin.py:188} INFO - [2025-05-07T19:46:36.070+0000] {dagbag.py:538} INFO - Filling up the DagBag from /home/airflow/.local/lib/python3.8/site-packages/airflow/example_dags/example_branch_labels.py
[2025-05-07T19:46:36.079+0000] {processor.py:840} INFO - DAG(s) 'example_branch_labels' retrieved from /home/airflow/.local/lib/python3.8/site-packages/airflow/example_dags/example_branch_labels.py
[2025-05-07T19:46:36.099+0000] {logging_mixin.py:188} INFO - [2025-05-07T19:46:36.098+0000] {dag.py:3036} INFO - Sync 1 DAGs
[2025-05-07T19:46:36.120+0000] {logging_mixin.py:188} INFO - [2025-05-07T19:46:36.120+0000] {dag.py:3823} INFO - Setting next_dagrun for example_branch_labels to 2025-05-06 00:00:00+00:00, run_after=2025-05-07 00:00:00+00:00
[2025-05-07T19:46:36.137+0000] {processor.py:183} INFO - Processing /home/airflow/.local/lib/python3.8/site-packages/airflow/example_dags/example_branch_labels.py took 0.074 seconds
[2025-05-07T19:47:07.116+0000] {processor.py:161} INFO - Started process (PID=1644) to work on /home/airflow/.local/lib/python3.8/site-packages/airflow/example_dags/example_branch_labels.py
[2025-05-07T19:47:07.118+0000] {processor.py:830} INFO - Processing file /home/airflow/.local/lib/python3.8/site-packages/airflow/example_dags/example_branch_labels.py for tasks to queue
[2025-05-07T19:47:07.120+0000] {logging_mixin.py:188} INFO - [2025-05-07T19:47:07.120+0000] {dagbag.py:538} INFO - Filling up the DagBag from /home/airflow/.local/lib/python3.8/site-packages/airflow/example_dags/example_branch_labels.py
[2025-05-07T19:47:07.129+0000] {processor.py:840} INFO - DAG(s) 'example_branch_labels' retrieved from /home/airflow/.local/lib/python3.8/site-packages/airflow/example_dags/example_branch_labels.py
[2025-05-07T19:47:07.150+0000] {logging_mixin.py:188} INFO - [2025-05-07T19:47:07.150+0000] {dag.py:3036} INFO - Sync 1 DAGs
[2025-05-07T19:47:07.172+0000] {logging_mixin.py:188} INFO - [2025-05-07T19:47:07.172+0000] {dag.py:3823} INFO - Setting next_dagrun for example_branch_labels to 2025-05-06 00:00:00+00:00, run_after=2025-05-07 00:00:00+00:00
[2025-05-07T19:47:07.194+0000] {processor.py:183} INFO - Processing /home/airflow/.local/lib/python3.8/site-packages/airflow/example_dags/example_branch_labels.py took 0.082 seconds
[2025-05-07T19:47:38.108+0000] {processor.py:161} INFO - Started process (PID=1701) to work on /home/airflow/.local/lib/python3.8/site-packages/airflow/example_dags/example_branch_labels.py
[2025-05-07T19:47:38.112+0000] {processor.py:830} INFO - Processing file /home/airflow/.local/lib/python3.8/site-packages/airflow/example_dags/example_branch_labels.py for tasks to queue
[2025-05-07T19:47:38.119+0000] {logging_mixin.py:188} INFO - [2025-05-07T19:47:38.119+0000] {dagbag.py:538} INFO - Filling up the DagBag from /home/airflow/.local/lib/python3.8/site-packages/airflow/example_dags/example_branch_labels.py
[2025-05-07T19:47:38.135+0000] {processor.py:840} INFO - DAG(s) 'example_branch_labels' retrieved from /home/airflow/.local/lib/python3.8/site-packages/airflow/example_dags/example_branch_labels.py
[2025-05-07T19:47:38.168+0000] {logging_mixin.py:188} INFO - [2025-05-07T19:47:38.168+0000] {dag.py:3036} INFO - Sync 1 DAGs
[2025-05-07T19:47:38.192+0000] {logging_mixin.py:188} INFO - [2025-05-07T19:47:38.192+0000] {dag.py:3823} INFO - Setting next_dagrun for example_branch_labels to 2025-05-06 00:00:00+00:00, run_after=2025-05-07 00:00:00+00:00
[2025-05-07T19:47:38.218+0000] {processor.py:183} INFO - Processing /home/airflow/.local/lib/python3.8/site-packages/airflow/example_dags/example_branch_labels.py took 0.114 seconds
[2025-05-07T19:48:08.381+0000] {processor.py:161} INFO - Started process (PID=1758) to work on /home/airflow/.local/lib/python3.8/site-packages/airflow/example_dags/example_branch_labels.py
[2025-05-07T19:48:08.383+0000] {processor.py:830} INFO - Processing file /home/airflow/.local/lib/python3.8/site-packages/airflow/example_dags/example_branch_labels.py for tasks to queue
[2025-05-07T19:48:08.389+0000] {logging_mixin.py:188} INFO - [2025-05-07T19:48:08.388+0000] {dagbag.py:538} INFO - Filling up the DagBag from /home/airflow/.local/lib/python3.8/site-packages/airflow/example_dags/example_branch_labels.py
[2025-05-07T19:48:08.399+0000] {processor.py:840} INFO - DAG(s) 'example_branch_labels' retrieved from /home/airflow/.local/lib/python3.8/site-packages/airflow/example_dags/example_branch_labels.py
[2025-05-07T19:48:08.435+0000] {logging_mixin.py:188} INFO - [2025-05-07T19:48:08.435+0000] {dag.py:3036} INFO - Sync 1 DAGs
[2025-05-07T19:48:08.459+0000] {logging_mixin.py:188} INFO - [2025-05-07T19:48:08.459+0000] {dag.py:3823} INFO - Setting next_dagrun for example_branch_labels to 2025-05-06 00:00:00+00:00, run_after=2025-05-07 00:00:00+00:00
[2025-05-07T19:48:08.484+0000] {processor.py:183} INFO - Processing /home/airflow/.local/lib/python3.8/site-packages/airflow/example_dags/example_branch_labels.py took 0.107 seconds
[2025-05-07T19:48:38.566+0000] {processor.py:161} INFO - Started process (PID=1815) to work on /home/airflow/.local/lib/python3.8/site-packages/airflow/example_dags/example_branch_labels.py
[2025-05-07T19:48:38.568+0000] {processor.py:830} INFO - Processing file /home/airflow/.local/lib/python3.8/site-packages/airflow/example_dags/example_branch_labels.py for tasks to queue
[2025-05-07T19:48:38.570+0000] {logging_mixin.py:188} INFO - [2025-05-07T19:48:38.570+0000] {dagbag.py:538} INFO - Filling up the DagBag from /home/airflow/.local/lib/python3.8/site-packages/airflow/example_dags/example_branch_labels.py
[2025-05-07T19:48:38.581+0000] {processor.py:840} INFO - DAG(s) 'example_branch_labels' retrieved from /home/airflow/.local/lib/python3.8/site-packages/airflow/example_dags/example_branch_labels.py
[2025-05-07T19:48:38.606+0000] {logging_mixin.py:188} INFO - [2025-05-07T19:48:38.606+0000] {dag.py:3036} INFO - Sync 1 DAGs
[2025-05-07T19:48:38.631+0000] {logging_mixin.py:188} INFO - [2025-05-07T19:48:38.631+0000] {dag.py:3823} INFO - Setting next_dagrun for example_branch_labels to 2025-05-06 00:00:00+00:00, run_after=2025-05-07 00:00:00+00:00
[2025-05-07T19:48:38.656+0000] {processor.py:183} INFO - Processing /home/airflow/.local/lib/python3.8/site-packages/airflow/example_dags/example_branch_labels.py took 0.097 seconds
[2025-05-07T19:49:09.385+0000] {processor.py:161} INFO - Started process (PID=1871) to work on /home/airflow/.local/lib/python3.8/site-packages/airflow/example_dags/example_branch_labels.py
[2025-05-07T19:49:09.387+0000] {processor.py:830} INFO - Processing file /home/airflow/.local/lib/python3.8/site-packages/airflow/example_dags/example_branch_labels.py for tasks to queue
[2025-05-07T19:49:09.390+0000] {logging_mixin.py:188} INFO - [2025-05-07T19:49:09.389+0000] {dagbag.py:538} INFO - Filling up the DagBag from /home/airflow/.local/lib/python3.8/site-packages/airflow/example_dags/example_branch_labels.py
[2025-05-07T19:49:09.398+0000] {processor.py:840} INFO - DAG(s) 'example_branch_labels' retrieved from /home/airflow/.local/lib/python3.8/site-packages/airflow/example_dags/example_branch_labels.py
[2025-05-07T19:49:09.421+0000] {logging_mixin.py:188} INFO - [2025-05-07T19:49:09.421+0000] {dag.py:3036} INFO - Sync 1 DAGs
[2025-05-07T19:49:09.444+0000] {logging_mixin.py:188} INFO - [2025-05-07T19:49:09.444+0000] {dag.py:3823} INFO - Setting next_dagrun for example_branch_labels to 2025-05-06 00:00:00+00:00, run_after=2025-05-07 00:00:00+00:00
[2025-05-07T19:49:09.468+0000] {processor.py:183} INFO - Processing /home/airflow/.local/lib/python3.8/site-packages/airflow/example_dags/example_branch_labels.py took 0.086 seconds
[2025-05-07T19:49:39.667+0000] {processor.py:161} INFO - Started process (PID=1928) to work on /home/airflow/.local/lib/python3.8/site-packages/airflow/example_dags/example_branch_labels.py
[2025-05-07T19:49:39.668+0000] {processor.py:830} INFO - Processing file /home/airflow/.local/lib/python3.8/site-packages/airflow/example_dags/example_branch_labels.py for tasks to queue
[2025-05-07T19:49:39.670+0000] {logging_mixin.py:188} INFO - [2025-05-07T19:49:39.670+0000] {dagbag.py:538} INFO - Filling up the DagBag from /home/airflow/.local/lib/python3.8/site-packages/airflow/example_dags/example_branch_labels.py
[2025-05-07T19:49:39.678+0000] {processor.py:840} INFO - DAG(s) 'example_branch_labels' retrieved from /home/airflow/.local/lib/python3.8/site-packages/airflow/example_dags/example_branch_labels.py
[2025-05-07T19:49:39.701+0000] {logging_mixin.py:188} INFO - [2025-05-07T19:49:39.700+0000] {dag.py:3036} INFO - Sync 1 DAGs
[2025-05-07T19:49:39.722+0000] {logging_mixin.py:188} INFO - [2025-05-07T19:49:39.722+0000] {dag.py:3823} INFO - Setting next_dagrun for example_branch_labels to 2025-05-06 00:00:00+00:00, run_after=2025-05-07 00:00:00+00:00
[2025-05-07T19:49:39.746+0000] {processor.py:183} INFO - Processing /home/airflow/.local/lib/python3.8/site-packages/airflow/example_dags/example_branch_labels.py took 0.082 seconds
[2025-05-07T19:50:10.561+0000] {processor.py:161} INFO - Started process (PID=1985) to work on /home/airflow/.local/lib/python3.8/site-packages/airflow/example_dags/example_branch_labels.py
[2025-05-07T19:50:10.562+0000] {processor.py:830} INFO - Processing file /home/airflow/.local/lib/python3.8/site-packages/airflow/example_dags/example_branch_labels.py for tasks to queue
[2025-05-07T19:50:10.565+0000] {logging_mixin.py:188} INFO - [2025-05-07T19:50:10.565+0000] {dagbag.py:538} INFO - Filling up the DagBag from /home/airflow/.local/lib/python3.8/site-packages/airflow/example_dags/example_branch_labels.py
[2025-05-07T19:50:10.579+0000] {processor.py:840} INFO - DAG(s) 'example_branch_labels' retrieved from /home/airflow/.local/lib/python3.8/site-packages/airflow/example_dags/example_branch_labels.py
[2025-05-07T19:50:10.602+0000] {logging_mixin.py:188} INFO - [2025-05-07T19:50:10.602+0000] {dag.py:3036} INFO - Sync 1 DAGs
[2025-05-07T19:50:10.624+0000] {logging_mixin.py:188} INFO - [2025-05-07T19:50:10.624+0000] {dag.py:3823} INFO - Setting next_dagrun for example_branch_labels to 2025-05-06 00:00:00+00:00, run_after=2025-05-07 00:00:00+00:00
[2025-05-07T19:50:10.642+0000] {processor.py:183} INFO - Processing /home/airflow/.local/lib/python3.8/site-packages/airflow/example_dags/example_branch_labels.py took 0.084 seconds
[2025-05-07T19:50:41.374+0000] {processor.py:161} INFO - Started process (PID=2042) to work on /home/airflow/.local/lib/python3.8/site-packages/airflow/example_dags/example_branch_labels.py
[2025-05-07T19:50:41.375+0000] {processor.py:830} INFO - Processing file /home/airflow/.local/lib/python3.8/site-packages/airflow/example_dags/example_branch_labels.py for tasks to queue
[2025-05-07T19:50:41.377+0000] {logging_mixin.py:188} INFO - [2025-05-07T19:50:41.377+0000] {dagbag.py:538} INFO - Filling up the DagBag from /home/airflow/.local/lib/python3.8/site-packages/airflow/example_dags/example_branch_labels.py
[2025-05-07T19:50:41.387+0000] {processor.py:840} INFO - DAG(s) 'example_branch_labels' retrieved from /home/airflow/.local/lib/python3.8/site-packages/airflow/example_dags/example_branch_labels.py
[2025-05-07T19:50:41.406+0000] {logging_mixin.py:188} INFO - [2025-05-07T19:50:41.406+0000] {dag.py:3036} INFO - Sync 1 DAGs
[2025-05-07T19:50:41.448+0000] {logging_mixin.py:188} INFO - [2025-05-07T19:50:41.447+0000] {dag.py:3823} INFO - Setting next_dagrun for example_branch_labels to 2025-05-06 00:00:00+00:00, run_after=2025-05-07 00:00:00+00:00
[2025-05-07T19:50:41.483+0000] {processor.py:183} INFO - Processing /home/airflow/.local/lib/python3.8/site-packages/airflow/example_dags/example_branch_labels.py took 0.112 seconds
[2025-05-07T19:51:12.443+0000] {processor.py:161} INFO - Started process (PID=2099) to work on /home/airflow/.local/lib/python3.8/site-packages/airflow/example_dags/example_branch_labels.py
[2025-05-07T19:51:12.444+0000] {processor.py:830} INFO - Processing file /home/airflow/.local/lib/python3.8/site-packages/airflow/example_dags/example_branch_labels.py for tasks to queue
[2025-05-07T19:51:12.446+0000] {logging_mixin.py:188} INFO - [2025-05-07T19:51:12.446+0000] {dagbag.py:538} INFO - Filling up the DagBag from /home/airflow/.local/lib/python3.8/site-packages/airflow/example_dags/example_branch_labels.py
[2025-05-07T19:51:12.455+0000] {processor.py:840} INFO - DAG(s) 'example_branch_labels' retrieved from /home/airflow/.local/lib/python3.8/site-packages/airflow/example_dags/example_branch_labels.py
[2025-05-07T19:51:12.479+0000] {logging_mixin.py:188} INFO - [2025-05-07T19:51:12.478+0000] {dag.py:3036} INFO - Sync 1 DAGs
[2025-05-07T19:51:12.501+0000] {logging_mixin.py:188} INFO - [2025-05-07T19:51:12.501+0000] {dag.py:3823} INFO - Setting next_dagrun for example_branch_labels to 2025-05-06 00:00:00+00:00, run_after=2025-05-07 00:00:00+00:00
[2025-05-07T19:51:12.526+0000] {processor.py:183} INFO - Processing /home/airflow/.local/lib/python3.8/site-packages/airflow/example_dags/example_branch_labels.py took 0.086 seconds
[2025-05-07T19:51:43.020+0000] {processor.py:161} INFO - Started process (PID=2156) to work on /home/airflow/.local/lib/python3.8/site-packages/airflow/example_dags/example_branch_labels.py
[2025-05-07T19:51:43.021+0000] {processor.py:830} INFO - Processing file /home/airflow/.local/lib/python3.8/site-packages/airflow/example_dags/example_branch_labels.py for tasks to queue
[2025-05-07T19:51:43.023+0000] {logging_mixin.py:188} INFO - [2025-05-07T19:51:43.023+0000] {dagbag.py:538} INFO - Filling up the DagBag from /home/airflow/.local/lib/python3.8/site-packages/airflow/example_dags/example_branch_labels.py
[2025-05-07T19:51:43.031+0000] {processor.py:840} INFO - DAG(s) 'example_branch_labels' retrieved from /home/airflow/.local/lib/python3.8/site-packages/airflow/example_dags/example_branch_labels.py
[2025-05-07T19:51:43.052+0000] {logging_mixin.py:188} INFO - [2025-05-07T19:51:43.052+0000] {dag.py:3036} INFO - Sync 1 DAGs
[2025-05-07T19:51:43.074+0000] {logging_mixin.py:188} INFO - [2025-05-07T19:51:43.074+0000] {dag.py:3823} INFO - Setting next_dagrun for example_branch_labels to 2025-05-06 00:00:00+00:00, run_after=2025-05-07 00:00:00+00:00
[2025-05-07T19:51:43.092+0000] {processor.py:183} INFO - Processing /home/airflow/.local/lib/python3.8/site-packages/airflow/example_dags/example_branch_labels.py took 0.079 seconds
[2025-05-07T19:52:13.522+0000] {processor.py:161} INFO - Started process (PID=2213) to work on /home/airflow/.local/lib/python3.8/site-packages/airflow/example_dags/example_branch_labels.py
[2025-05-07T19:52:13.523+0000] {processor.py:830} INFO - Processing file /home/airflow/.local/lib/python3.8/site-packages/airflow/example_dags/example_branch_labels.py for tasks to queue
[2025-05-07T19:52:13.526+0000] {logging_mixin.py:188} INFO - [2025-05-07T19:52:13.525+0000] {dagbag.py:538} INFO - Filling up the DagBag from /home/airflow/.local/lib/python3.8/site-packages/airflow/example_dags/example_branch_labels.py
[2025-05-07T19:52:13.533+0000] {processor.py:840} INFO - DAG(s) 'example_branch_labels' retrieved from /home/airflow/.local/lib/python3.8/site-packages/airflow/example_dags/example_branch_labels.py
[2025-05-07T19:52:13.557+0000] {logging_mixin.py:188} INFO - [2025-05-07T19:52:13.557+0000] {dag.py:3036} INFO - Sync 1 DAGs
[2025-05-07T19:52:13.582+0000] {logging_mixin.py:188} INFO - [2025-05-07T19:52:13.582+0000] {dag.py:3823} INFO - Setting next_dagrun for example_branch_labels to 2025-05-06 00:00:00+00:00, run_after=2025-05-07 00:00:00+00:00
[2025-05-07T19:52:13.603+0000] {processor.py:183} INFO - Processing /home/airflow/.local/lib/python3.8/site-packages/airflow/example_dags/example_branch_labels.py took 0.083 seconds
[2025-05-07T19:52:44.391+0000] {processor.py:161} INFO - Started process (PID=2270) to work on /home/airflow/.local/lib/python3.8/site-packages/airflow/example_dags/example_branch_labels.py
[2025-05-07T19:52:44.394+0000] {processor.py:830} INFO - Processing file /home/airflow/.local/lib/python3.8/site-packages/airflow/example_dags/example_branch_labels.py for tasks to queue
[2025-05-07T19:52:44.402+0000] {logging_mixin.py:188} INFO - [2025-05-07T19:52:44.401+0000] {dagbag.py:538} INFO - Filling up the DagBag from /home/airflow/.local/lib/python3.8/site-packages/airflow/example_dags/example_branch_labels.py
[2025-05-07T19:52:44.416+0000] {processor.py:840} INFO - DAG(s) 'example_branch_labels' retrieved from /home/airflow/.local/lib/python3.8/site-packages/airflow/example_dags/example_branch_labels.py
[2025-05-07T19:52:44.440+0000] {logging_mixin.py:188} INFO - [2025-05-07T19:52:44.440+0000] {dag.py:3036} INFO - Sync 1 DAGs
[2025-05-07T19:52:44.467+0000] {logging_mixin.py:188} INFO - [2025-05-07T19:52:44.467+0000] {dag.py:3823} INFO - Setting next_dagrun for example_branch_labels to 2025-05-06 00:00:00+00:00, run_after=2025-05-07 00:00:00+00:00
[2025-05-07T19:52:44.489+0000] {processor.py:183} INFO - Processing /home/airflow/.local/lib/python3.8/site-packages/airflow/example_dags/example_branch_labels.py took 0.103 seconds
[2025-05-07T19:53:15.388+0000] {processor.py:161} INFO - Started process (PID=2327) to work on /home/airflow/.local/lib/python3.8/site-packages/airflow/example_dags/example_branch_labels.py
[2025-05-07T19:53:15.390+0000] {processor.py:830} INFO - Processing file /home/airflow/.local/lib/python3.8/site-packages/airflow/example_dags/example_branch_labels.py for tasks to queue
[2025-05-07T19:53:15.392+0000] {logging_mixin.py:188} INFO - [2025-05-07T19:53:15.392+0000] {dagbag.py:538} INFO - Filling up the DagBag from /home/airflow/.local/lib/python3.8/site-packages/airflow/example_dags/example_branch_labels.py
[2025-05-07T19:53:15.403+0000] {processor.py:840} INFO - DAG(s) 'example_branch_labels' retrieved from /home/airflow/.local/lib/python3.8/site-packages/airflow/example_dags/example_branch_labels.py
[2025-05-07T19:53:15.432+0000] {logging_mixin.py:188} INFO - [2025-05-07T19:53:15.431+0000] {dag.py:3036} INFO - Sync 1 DAGs
[2025-05-07T19:53:15.460+0000] {logging_mixin.py:188} INFO - [2025-05-07T19:53:15.459+0000] {dag.py:3823} INFO - Setting next_dagrun for example_branch_labels to 2025-05-06 00:00:00+00:00, run_after=2025-05-07 00:00:00+00:00
[2025-05-07T19:53:15.485+0000] {processor.py:183} INFO - Processing /home/airflow/.local/lib/python3.8/site-packages/airflow/example_dags/example_branch_labels.py took 0.101 seconds
[2025-05-07T19:53:46.014+0000] {processor.py:161} INFO - Started process (PID=2384) to work on /home/airflow/.local/lib/python3.8/site-packages/airflow/example_dags/example_branch_labels.py
[2025-05-07T19:53:46.016+0000] {processor.py:830} INFO - Processing file /home/airflow/.local/lib/python3.8/site-packages/airflow/example_dags/example_branch_labels.py for tasks to queue
[2025-05-07T19:53:46.020+0000] {logging_mixin.py:188} INFO - [2025-05-07T19:53:46.019+0000] {dagbag.py:538} INFO - Filling up the DagBag from /home/airflow/.local/lib/python3.8/site-packages/airflow/example_dags/example_branch_labels.py
[2025-05-07T19:53:46.031+0000] {processor.py:840} INFO - DAG(s) 'example_branch_labels' retrieved from /home/airflow/.local/lib/python3.8/site-packages/airflow/example_dags/example_branch_labels.py
[2025-05-07T19:53:46.052+0000] {logging_mixin.py:188} INFO - [2025-05-07T19:53:46.052+0000] {dag.py:3036} INFO - Sync 1 DAGs
[2025-05-07T19:53:46.075+0000] {logging_mixin.py:188} INFO - [2025-05-07T19:53:46.075+0000] {dag.py:3823} INFO - Setting next_dagrun for example_branch_labels to 2025-05-06 00:00:00+00:00, run_after=2025-05-07 00:00:00+00:00
[2025-05-07T19:53:46.097+0000] {processor.py:183} INFO - Processing /home/airflow/.local/lib/python3.8/site-packages/airflow/example_dags/example_branch_labels.py took 0.089 seconds
[2025-05-07T19:54:16.733+0000] {processor.py:161} INFO - Started process (PID=2441) to work on /home/airflow/.local/lib/python3.8/site-packages/airflow/example_dags/example_branch_labels.py
[2025-05-07T19:54:16.735+0000] {processor.py:830} INFO - Processing file /home/airflow/.local/lib/python3.8/site-packages/airflow/example_dags/example_branch_labels.py for tasks to queue
[2025-05-07T19:54:16.737+0000] {logging_mixin.py:188} INFO - [2025-05-07T19:54:16.737+0000] {dagbag.py:538} INFO - Filling up the DagBag from /home/airflow/.local/lib/python3.8/site-packages/airflow/example_dags/example_branch_labels.py
[2025-05-07T19:54:16.746+0000] {processor.py:840} INFO - DAG(s) 'example_branch_labels' retrieved from /home/airflow/.local/lib/python3.8/site-packages/airflow/example_dags/example_branch_labels.py
[2025-05-07T19:54:16.769+0000] {logging_mixin.py:188} INFO - [2025-05-07T19:54:16.768+0000] {dag.py:3036} INFO - Sync 1 DAGs
[2025-05-07T19:54:16.792+0000] {logging_mixin.py:188} INFO - [2025-05-07T19:54:16.792+0000] {dag.py:3823} INFO - Setting next_dagrun for example_branch_labels to 2025-05-06 00:00:00+00:00, run_after=2025-05-07 00:00:00+00:00
[2025-05-07T19:54:16.936+0000] {processor.py:183} INFO - Processing /home/airflow/.local/lib/python3.8/site-packages/airflow/example_dags/example_branch_labels.py took 0.206 seconds
[2025-05-07T19:54:47.530+0000] {processor.py:161} INFO - Started process (PID=2498) to work on /home/airflow/.local/lib/python3.8/site-packages/airflow/example_dags/example_branch_labels.py
[2025-05-07T19:54:47.533+0000] {processor.py:830} INFO - Processing file /home/airflow/.local/lib/python3.8/site-packages/airflow/example_dags/example_branch_labels.py for tasks to queue
[2025-05-07T19:54:47.536+0000] {logging_mixin.py:188} INFO - [2025-05-07T19:54:47.535+0000] {dagbag.py:538} INFO - Filling up the DagBag from /home/airflow/.local/lib/python3.8/site-packages/airflow/example_dags/example_branch_labels.py
[2025-05-07T19:54:47.544+0000] {processor.py:840} INFO - DAG(s) 'example_branch_labels' retrieved from /home/airflow/.local/lib/python3.8/site-packages/airflow/example_dags/example_branch_labels.py
[2025-05-07T19:54:47.564+0000] {logging_mixin.py:188} INFO - [2025-05-07T19:54:47.563+0000] {dag.py:3036} INFO - Sync 1 DAGs
[2025-05-07T19:54:47.588+0000] {logging_mixin.py:188} INFO - [2025-05-07T19:54:47.588+0000] {dag.py:3823} INFO - Setting next_dagrun for example_branch_labels to 2025-05-06 00:00:00+00:00, run_after=2025-05-07 00:00:00+00:00
[2025-05-07T19:54:47.607+0000] {processor.py:183} INFO - Processing /home/airflow/.local/lib/python3.8/site-packages/airflow/example_dags/example_branch_labels.py took 0.080 seconds
[2025-05-07T19:55:17.716+0000] {processor.py:161} INFO - Started process (PID=2555) to work on /home/airflow/.local/lib/python3.8/site-packages/airflow/example_dags/example_branch_labels.py
[2025-05-07T19:55:17.718+0000] {processor.py:830} INFO - Processing file /home/airflow/.local/lib/python3.8/site-packages/airflow/example_dags/example_branch_labels.py for tasks to queue
[2025-05-07T19:55:17.720+0000] {logging_mixin.py:188} INFO - [2025-05-07T19:55:17.720+0000] {dagbag.py:538} INFO - Filling up the DagBag from /home/airflow/.local/lib/python3.8/site-packages/airflow/example_dags/example_branch_labels.py
[2025-05-07T19:55:17.729+0000] {processor.py:840} INFO - DAG(s) 'example_branch_labels' retrieved from /home/airflow/.local/lib/python3.8/site-packages/airflow/example_dags/example_branch_labels.py
[2025-05-07T19:55:17.752+0000] {logging_mixin.py:188} INFO - [2025-05-07T19:55:17.752+0000] {dag.py:3036} INFO - Sync 1 DAGs
[2025-05-07T19:55:17.777+0000] {logging_mixin.py:188} INFO - [2025-05-07T19:55:17.777+0000] {dag.py:3823} INFO - Setting next_dagrun for example_branch_labels to 2025-05-06 00:00:00+00:00, run_after=2025-05-07 00:00:00+00:00
[2025-05-07T19:55:17.807+0000] {processor.py:183} INFO - Processing /home/airflow/.local/lib/python3.8/site-packages/airflow/example_dags/example_branch_labels.py took 0.094 seconds
[2025-05-07T19:55:49.258+0000] {processor.py:161} INFO - Started process (PID=2618) to work on /home/airflow/.local/lib/python3.8/site-packages/airflow/example_dags/example_branch_labels.py
[2025-05-07T19:55:49.261+0000] {processor.py:830} INFO - Processing file /home/airflow/.local/lib/python3.8/site-packages/airflow/example_dags/example_branch_labels.py for tasks to queue
[2025-05-07T19:55:49.268+0000] {logging_mixin.py:188} INFO - [2025-05-07T19:55:49.267+0000] {dagbag.py:538} INFO - Filling up the DagBag from /home/airflow/.local/lib/python3.8/site-packages/airflow/example_dags/example_branch_labels.py
[2025-05-07T19:55:49.279+0000] {processor.py:840} INFO - DAG(s) 'example_branch_labels' retrieved from /home/airflow/.local/lib/python3.8/site-packages/airflow/example_dags/example_branch_labels.py
[2025-05-07T19:55:49.309+0000] {logging_mixin.py:188} INFO - [2025-05-07T19:55:49.308+0000] {dag.py:3036} INFO - Sync 1 DAGs
[2025-05-07T19:55:49.348+0000] {logging_mixin.py:188} INFO - [2025-05-07T19:55:49.347+0000] {dag.py:3823} INFO - Setting next_dagrun for example_branch_labels to 2025-05-06 00:00:00+00:00, run_after=2025-05-07 00:00:00+00:00
[2025-05-07T19:55:49.390+0000] {processor.py:183} INFO - Processing /home/airflow/.local/lib/python3.8/site-packages/airflow/example_dags/example_branch_labels.py took 0.140 seconds
[2025-05-07T19:56:20.240+0000] {processor.py:161} INFO - Started process (PID=2675) to work on /home/airflow/.local/lib/python3.8/site-packages/airflow/example_dags/example_branch_labels.py
[2025-05-07T19:56:20.242+0000] {processor.py:830} INFO - Processing file /home/airflow/.local/lib/python3.8/site-packages/airflow/example_dags/example_branch_labels.py for tasks to queue
[2025-05-07T19:56:20.244+0000] {logging_mixin.py:188} INFO - [2025-05-07T19:56:20.244+0000] {dagbag.py:538} INFO - Filling up the DagBag from /home/airflow/.local/lib/python3.8/site-packages/airflow/example_dags/example_branch_labels.py
[2025-05-07T19:56:20.252+0000] {processor.py:840} INFO - DAG(s) 'example_branch_labels' retrieved from /home/airflow/.local/lib/python3.8/site-packages/airflow/example_dags/example_branch_labels.py
[2025-05-07T19:56:20.392+0000] {logging_mixin.py:188} INFO - [2025-05-07T19:56:20.392+0000] {dag.py:3036} INFO - Sync 1 DAGs
[2025-05-07T19:56:20.413+0000] {logging_mixin.py:188} INFO - [2025-05-07T19:56:20.413+0000] {dag.py:3823} INFO - Setting next_dagrun for example_branch_labels to 2025-05-06 00:00:00+00:00, run_after=2025-05-07 00:00:00+00:00
[2025-05-07T19:56:20.433+0000] {processor.py:183} INFO - Processing /home/airflow/.local/lib/python3.8/site-packages/airflow/example_dags/example_branch_labels.py took 0.196 seconds
[2025-05-07T19:56:51.243+0000] {processor.py:161} INFO - Started process (PID=2732) to work on /home/airflow/.local/lib/python3.8/site-packages/airflow/example_dags/example_branch_labels.py
[2025-05-07T19:56:51.245+0000] {processor.py:830} INFO - Processing file /home/airflow/.local/lib/python3.8/site-packages/airflow/example_dags/example_branch_labels.py for tasks to queue
[2025-05-07T19:56:51.250+0000] {logging_mixin.py:188} INFO - [2025-05-07T19:56:51.249+0000] {dagbag.py:538} INFO - Filling up the DagBag from /home/airflow/.local/lib/python3.8/site-packages/airflow/example_dags/example_branch_labels.py
[2025-05-07T19:56:51.263+0000] {processor.py:840} INFO - DAG(s) 'example_branch_labels' retrieved from /home/airflow/.local/lib/python3.8/site-packages/airflow/example_dags/example_branch_labels.py
[2025-05-07T19:56:51.303+0000] {logging_mixin.py:188} INFO - [2025-05-07T19:56:51.302+0000] {dag.py:3036} INFO - Sync 1 DAGs
[2025-05-07T19:56:51.345+0000] {logging_mixin.py:188} INFO - [2025-05-07T19:56:51.344+0000] {dag.py:3823} INFO - Setting next_dagrun for example_branch_labels to 2025-05-06 00:00:00+00:00, run_after=2025-05-07 00:00:00+00:00
[2025-05-07T19:56:51.387+0000] {processor.py:183} INFO - Processing /home/airflow/.local/lib/python3.8/site-packages/airflow/example_dags/example_branch_labels.py took 0.149 seconds
[2025-05-07T19:57:22.131+0000] {processor.py:161} INFO - Started process (PID=2789) to work on /home/airflow/.local/lib/python3.8/site-packages/airflow/example_dags/example_branch_labels.py
[2025-05-07T19:57:22.134+0000] {processor.py:830} INFO - Processing file /home/airflow/.local/lib/python3.8/site-packages/airflow/example_dags/example_branch_labels.py for tasks to queue
[2025-05-07T19:57:22.140+0000] {logging_mixin.py:188} INFO - [2025-05-07T19:57:22.139+0000] {dagbag.py:538} INFO - Filling up the DagBag from /home/airflow/.local/lib/python3.8/site-packages/airflow/example_dags/example_branch_labels.py
[2025-05-07T19:57:22.153+0000] {processor.py:840} INFO - DAG(s) 'example_branch_labels' retrieved from /home/airflow/.local/lib/python3.8/site-packages/airflow/example_dags/example_branch_labels.py
[2025-05-07T19:57:22.194+0000] {logging_mixin.py:188} INFO - [2025-05-07T19:57:22.194+0000] {dag.py:3036} INFO - Sync 1 DAGs
[2025-05-07T19:57:22.230+0000] {logging_mixin.py:188} INFO - [2025-05-07T19:57:22.230+0000] {dag.py:3823} INFO - Setting next_dagrun for example_branch_labels to 2025-05-06 00:00:00+00:00, run_after=2025-05-07 00:00:00+00:00
[2025-05-07T19:57:22.261+0000] {processor.py:183} INFO - Processing /home/airflow/.local/lib/python3.8/site-packages/airflow/example_dags/example_branch_labels.py took 0.136 seconds
[2025-05-07T19:57:52.955+0000] {processor.py:161} INFO - Started process (PID=2846) to work on /home/airflow/.local/lib/python3.8/site-packages/airflow/example_dags/example_branch_labels.py
[2025-05-07T19:57:52.956+0000] {processor.py:830} INFO - Processing file /home/airflow/.local/lib/python3.8/site-packages/airflow/example_dags/example_branch_labels.py for tasks to queue
[2025-05-07T19:57:52.958+0000] {logging_mixin.py:188} INFO - [2025-05-07T19:57:52.958+0000] {dagbag.py:538} INFO - Filling up the DagBag from /home/airflow/.local/lib/python3.8/site-packages/airflow/example_dags/example_branch_labels.py
[2025-05-07T19:57:52.966+0000] {processor.py:840} INFO - DAG(s) 'example_branch_labels' retrieved from /home/airflow/.local/lib/python3.8/site-packages/airflow/example_dags/example_branch_labels.py
[2025-05-07T19:57:52.987+0000] {logging_mixin.py:188} INFO - [2025-05-07T19:57:52.987+0000] {dag.py:3036} INFO - Sync 1 DAGs
[2025-05-07T19:57:53.008+0000] {logging_mixin.py:188} INFO - [2025-05-07T19:57:53.008+0000] {dag.py:3823} INFO - Setting next_dagrun for example_branch_labels to 2025-05-06 00:00:00+00:00, run_after=2025-05-07 00:00:00+00:00
[2025-05-07T19:57:53.030+0000] {processor.py:183} INFO - Processing /home/airflow/.local/lib/python3.8/site-packages/airflow/example_dags/example_branch_labels.py took 0.078 seconds
[2025-05-07T19:58:23.973+0000] {processor.py:161} INFO - Started process (PID=2903) to work on /home/airflow/.local/lib/python3.8/site-packages/airflow/example_dags/example_branch_labels.py
[2025-05-07T19:58:23.975+0000] {processor.py:830} INFO - Processing file /home/airflow/.local/lib/python3.8/site-packages/airflow/example_dags/example_branch_labels.py for tasks to queue
[2025-05-07T19:58:23.978+0000] {logging_mixin.py:188} INFO - [2025-05-07T19:58:23.977+0000] {dagbag.py:538} INFO - Filling up the DagBag from /home/airflow/.local/lib/python3.8/site-packages/airflow/example_dags/example_branch_labels.py
[2025-05-07T19:58:23.989+0000] {processor.py:840} INFO - DAG(s) 'example_branch_labels' retrieved from /home/airflow/.local/lib/python3.8/site-packages/airflow/example_dags/example_branch_labels.py
[2025-05-07T19:58:24.014+0000] {logging_mixin.py:188} INFO - [2025-05-07T19:58:24.014+0000] {dag.py:3036} INFO - Sync 1 DAGs
[2025-05-07T19:58:24.040+0000] {logging_mixin.py:188} INFO - [2025-05-07T19:58:24.040+0000] {dag.py:3823} INFO - Setting next_dagrun for example_branch_labels to 2025-05-06 00:00:00+00:00, run_after=2025-05-07 00:00:00+00:00
[2025-05-07T19:58:24.067+0000] {processor.py:183} INFO - Processing /home/airflow/.local/lib/python3.8/site-packages/airflow/example_dags/example_branch_labels.py took 0.098 seconds
[2025-05-07T19:58:54.902+0000] {processor.py:161} INFO - Started process (PID=2960) to work on /home/airflow/.local/lib/python3.8/site-packages/airflow/example_dags/example_branch_labels.py
[2025-05-07T19:58:54.903+0000] {processor.py:830} INFO - Processing file /home/airflow/.local/lib/python3.8/site-packages/airflow/example_dags/example_branch_labels.py for tasks to queue
[2025-05-07T19:58:54.905+0000] {logging_mixin.py:188} INFO - [2025-05-07T19:58:54.905+0000] {dagbag.py:538} INFO - Filling up the DagBag from /home/airflow/.local/lib/python3.8/site-packages/airflow/example_dags/example_branch_labels.py
[2025-05-07T19:58:54.913+0000] {processor.py:840} INFO - DAG(s) 'example_branch_labels' retrieved from /home/airflow/.local/lib/python3.8/site-packages/airflow/example_dags/example_branch_labels.py
[2025-05-07T19:58:54.935+0000] {logging_mixin.py:188} INFO - [2025-05-07T19:58:54.935+0000] {dag.py:3036} INFO - Sync 1 DAGs
[2025-05-07T19:58:54.957+0000] {logging_mixin.py:188} INFO - [2025-05-07T19:58:54.957+0000] {dag.py:3823} INFO - Setting next_dagrun for example_branch_labels to 2025-05-06 00:00:00+00:00, run_after=2025-05-07 00:00:00+00:00
[2025-05-07T19:58:54.980+0000] {processor.py:183} INFO - Processing /home/airflow/.local/lib/python3.8/site-packages/airflow/example_dags/example_branch_labels.py took 0.081 seconds
[2025-05-07T19:59:25.145+0000] {processor.py:161} INFO - Started process (PID=3017) to work on /home/airflow/.local/lib/python3.8/site-packages/airflow/example_dags/example_branch_labels.py
[2025-05-07T19:59:25.146+0000] {processor.py:830} INFO - Processing file /home/airflow/.local/lib/python3.8/site-packages/airflow/example_dags/example_branch_labels.py for tasks to queue
[2025-05-07T19:59:25.148+0000] {logging_mixin.py:188} INFO - [2025-05-07T19:59:25.147+0000] {dagbag.py:538} INFO - Filling up the DagBag from /home/airflow/.local/lib/python3.8/site-packages/airflow/example_dags/example_branch_labels.py
[2025-05-07T19:59:25.155+0000] {processor.py:840} INFO - DAG(s) 'example_branch_labels' retrieved from /home/airflow/.local/lib/python3.8/site-packages/airflow/example_dags/example_branch_labels.py
[2025-05-07T19:59:25.175+0000] {logging_mixin.py:188} INFO - [2025-05-07T19:59:25.175+0000] {dag.py:3036} INFO - Sync 1 DAGs
[2025-05-07T19:59:25.196+0000] {logging_mixin.py:188} INFO - [2025-05-07T19:59:25.195+0000] {dag.py:3823} INFO - Setting next_dagrun for example_branch_labels to 2025-05-06 00:00:00+00:00, run_after=2025-05-07 00:00:00+00:00
[2025-05-07T19:59:25.218+0000] {processor.py:183} INFO - Processing /home/airflow/.local/lib/python3.8/site-packages/airflow/example_dags/example_branch_labels.py took 0.076 seconds
[2025-05-07T19:59:55.866+0000] {processor.py:161} INFO - Started process (PID=3074) to work on /home/airflow/.local/lib/python3.8/site-packages/airflow/example_dags/example_branch_labels.py
[2025-05-07T19:59:55.870+0000] {processor.py:830} INFO - Processing file /home/airflow/.local/lib/python3.8/site-packages/airflow/example_dags/example_branch_labels.py for tasks to queue
[2025-05-07T19:59:55.873+0000] {logging_mixin.py:188} INFO - [2025-05-07T19:59:55.872+0000] {dagbag.py:538} INFO - Filling up the DagBag from /home/airflow/.local/lib/python3.8/site-packages/airflow/example_dags/example_branch_labels.py
[2025-05-07T19:59:55.885+0000] {processor.py:840} INFO - DAG(s) 'example_branch_labels' retrieved from /home/airflow/.local/lib/python3.8/site-packages/airflow/example_dags/example_branch_labels.py
[2025-05-07T19:59:55.920+0000] {logging_mixin.py:188} INFO - [2025-05-07T19:59:55.919+0000] {dag.py:3036} INFO - Sync 1 DAGs
[2025-05-07T19:59:55.949+0000] {logging_mixin.py:188} INFO - [2025-05-07T19:59:55.949+0000] {dag.py:3823} INFO - Setting next_dagrun for example_branch_labels to 2025-05-06 00:00:00+00:00, run_after=2025-05-07 00:00:00+00:00
[2025-05-07T19:59:55.970+0000] {processor.py:183} INFO - Processing /home/airflow/.local/lib/python3.8/site-packages/airflow/example_dags/example_branch_labels.py took 0.108 seconds
[2025-05-07T20:00:26.445+0000] {processor.py:161} INFO - Started process (PID=3131) to work on /home/airflow/.local/lib/python3.8/site-packages/airflow/example_dags/example_branch_labels.py
[2025-05-07T20:00:26.448+0000] {processor.py:830} INFO - Processing file /home/airflow/.local/lib/python3.8/site-packages/airflow/example_dags/example_branch_labels.py for tasks to queue
[2025-05-07T20:00:26.451+0000] {logging_mixin.py:188} INFO - [2025-05-07T20:00:26.451+0000] {dagbag.py:538} INFO - Filling up the DagBag from /home/airflow/.local/lib/python3.8/site-packages/airflow/example_dags/example_branch_labels.py
[2025-05-07T20:00:26.463+0000] {processor.py:840} INFO - DAG(s) 'example_branch_labels' retrieved from /home/airflow/.local/lib/python3.8/site-packages/airflow/example_dags/example_branch_labels.py
[2025-05-07T20:00:26.495+0000] {logging_mixin.py:188} INFO - [2025-05-07T20:00:26.495+0000] {dag.py:3036} INFO - Sync 1 DAGs
[2025-05-07T20:00:26.527+0000] {logging_mixin.py:188} INFO - [2025-05-07T20:00:26.526+0000] {dag.py:3823} INFO - Setting next_dagrun for example_branch_labels to 2025-05-06 00:00:00+00:00, run_after=2025-05-07 00:00:00+00:00
[2025-05-07T20:00:26.556+0000] {processor.py:183} INFO - Processing /home/airflow/.local/lib/python3.8/site-packages/airflow/example_dags/example_branch_labels.py took 0.117 seconds
[2025-05-07T20:00:57.005+0000] {processor.py:161} INFO - Started process (PID=3188) to work on /home/airflow/.local/lib/python3.8/site-packages/airflow/example_dags/example_branch_labels.py
[2025-05-07T20:00:57.006+0000] {processor.py:830} INFO - Processing file /home/airflow/.local/lib/python3.8/site-packages/airflow/example_dags/example_branch_labels.py for tasks to queue
[2025-05-07T20:00:57.009+0000] {logging_mixin.py:188} INFO - [2025-05-07T20:00:57.008+0000] {dagbag.py:538} INFO - Filling up the DagBag from /home/airflow/.local/lib/python3.8/site-packages/airflow/example_dags/example_branch_labels.py
[2025-05-07T20:00:57.017+0000] {processor.py:840} INFO - DAG(s) 'example_branch_labels' retrieved from /home/airflow/.local/lib/python3.8/site-packages/airflow/example_dags/example_branch_labels.py
[2025-05-07T20:00:57.040+0000] {logging_mixin.py:188} INFO - [2025-05-07T20:00:57.039+0000] {dag.py:3036} INFO - Sync 1 DAGs
[2025-05-07T20:00:57.064+0000] {logging_mixin.py:188} INFO - [2025-05-07T20:00:57.064+0000] {dag.py:3823} INFO - Setting next_dagrun for example_branch_labels to 2025-05-06 00:00:00+00:00, run_after=2025-05-07 00:00:00+00:00
[2025-05-07T20:00:57.091+0000] {processor.py:183} INFO - Processing /home/airflow/.local/lib/python3.8/site-packages/airflow/example_dags/example_branch_labels.py took 0.089 seconds
[2025-05-07T20:01:27.243+0000] {processor.py:161} INFO - Started process (PID=3245) to work on /home/airflow/.local/lib/python3.8/site-packages/airflow/example_dags/example_branch_labels.py
[2025-05-07T20:01:27.244+0000] {processor.py:830} INFO - Processing file /home/airflow/.local/lib/python3.8/site-packages/airflow/example_dags/example_branch_labels.py for tasks to queue
[2025-05-07T20:01:27.246+0000] {logging_mixin.py:188} INFO - [2025-05-07T20:01:27.246+0000] {dagbag.py:538} INFO - Filling up the DagBag from /home/airflow/.local/lib/python3.8/site-packages/airflow/example_dags/example_branch_labels.py
[2025-05-07T20:01:27.255+0000] {processor.py:840} INFO - DAG(s) 'example_branch_labels' retrieved from /home/airflow/.local/lib/python3.8/site-packages/airflow/example_dags/example_branch_labels.py
[2025-05-07T20:01:27.276+0000] {logging_mixin.py:188} INFO - [2025-05-07T20:01:27.276+0000] {dag.py:3036} INFO - Sync 1 DAGs
[2025-05-07T20:01:27.297+0000] {logging_mixin.py:188} INFO - [2025-05-07T20:01:27.297+0000] {dag.py:3823} INFO - Setting next_dagrun for example_branch_labels to 2025-05-06 00:00:00+00:00, run_after=2025-05-07 00:00:00+00:00
[2025-05-07T20:01:27.315+0000] {processor.py:183} INFO - Processing /home/airflow/.local/lib/python3.8/site-packages/airflow/example_dags/example_branch_labels.py took 0.077 seconds
[2025-05-07T20:01:57.974+0000] {processor.py:161} INFO - Started process (PID=3302) to work on /home/airflow/.local/lib/python3.8/site-packages/airflow/example_dags/example_branch_labels.py
[2025-05-07T20:01:57.975+0000] {processor.py:830} INFO - Processing file /home/airflow/.local/lib/python3.8/site-packages/airflow/example_dags/example_branch_labels.py for tasks to queue
[2025-05-07T20:01:57.978+0000] {logging_mixin.py:188} INFO - [2025-05-07T20:01:57.977+0000] {dagbag.py:538} INFO - Filling up the DagBag from /home/airflow/.local/lib/python3.8/site-packages/airflow/example_dags/example_branch_labels.py
[2025-05-07T20:01:57.986+0000] {processor.py:840} INFO - DAG(s) 'example_branch_labels' retrieved from /home/airflow/.local/lib/python3.8/site-packages/airflow/example_dags/example_branch_labels.py
[2025-05-07T20:01:58.007+0000] {logging_mixin.py:188} INFO - [2025-05-07T20:01:58.006+0000] {dag.py:3036} INFO - Sync 1 DAGs
[2025-05-07T20:01:58.028+0000] {logging_mixin.py:188} INFO - [2025-05-07T20:01:58.028+0000] {dag.py:3823} INFO - Setting next_dagrun for example_branch_labels to 2025-05-06 00:00:00+00:00, run_after=2025-05-07 00:00:00+00:00
[2025-05-07T20:01:58.048+0000] {processor.py:183} INFO - Processing /home/airflow/.local/lib/python3.8/site-packages/airflow/example_dags/example_branch_labels.py took 0.078 seconds
[2025-05-07T20:02:28.224+0000] {processor.py:161} INFO - Started process (PID=3359) to work on /home/airflow/.local/lib/python3.8/site-packages/airflow/example_dags/example_branch_labels.py
[2025-05-07T20:02:28.225+0000] {processor.py:830} INFO - Processing file /home/airflow/.local/lib/python3.8/site-packages/airflow/example_dags/example_branch_labels.py for tasks to queue
[2025-05-07T20:02:28.228+0000] {logging_mixin.py:188} INFO - [2025-05-07T20:02:28.227+0000] {dagbag.py:538} INFO - Filling up the DagBag from /home/airflow/.local/lib/python3.8/site-packages/airflow/example_dags/example_branch_labels.py
[2025-05-07T20:02:28.237+0000] {processor.py:840} INFO - DAG(s) 'example_branch_labels' retrieved from /home/airflow/.local/lib/python3.8/site-packages/airflow/example_dags/example_branch_labels.py
[2025-05-07T20:02:28.259+0000] {logging_mixin.py:188} INFO - [2025-05-07T20:02:28.259+0000] {dag.py:3036} INFO - Sync 1 DAGs
[2025-05-07T20:02:28.282+0000] {logging_mixin.py:188} INFO - [2025-05-07T20:02:28.282+0000] {dag.py:3823} INFO - Setting next_dagrun for example_branch_labels to 2025-05-06 00:00:00+00:00, run_after=2025-05-07 00:00:00+00:00
[2025-05-07T20:02:28.514+0000] {processor.py:183} INFO - Processing /home/airflow/.local/lib/python3.8/site-packages/airflow/example_dags/example_branch_labels.py took 0.295 seconds
[2025-05-07T20:02:58.765+0000] {processor.py:161} INFO - Started process (PID=3417) to work on /home/airflow/.local/lib/python3.8/site-packages/airflow/example_dags/example_branch_labels.py
[2025-05-07T20:02:58.769+0000] {processor.py:830} INFO - Processing file /home/airflow/.local/lib/python3.8/site-packages/airflow/example_dags/example_branch_labels.py for tasks to queue
[2025-05-07T20:02:58.774+0000] {logging_mixin.py:188} INFO - [2025-05-07T20:02:58.773+0000] {dagbag.py:538} INFO - Filling up the DagBag from /home/airflow/.local/lib/python3.8/site-packages/airflow/example_dags/example_branch_labels.py
[2025-05-07T20:02:58.789+0000] {processor.py:840} INFO - DAG(s) 'example_branch_labels' retrieved from /home/airflow/.local/lib/python3.8/site-packages/airflow/example_dags/example_branch_labels.py
[2025-05-07T20:02:58.824+0000] {logging_mixin.py:188} INFO - [2025-05-07T20:02:58.824+0000] {dag.py:3036} INFO - Sync 1 DAGs
[2025-05-07T20:02:58.856+0000] {logging_mixin.py:188} INFO - [2025-05-07T20:02:58.856+0000] {dag.py:3823} INFO - Setting next_dagrun for example_branch_labels to 2025-05-06 00:00:00+00:00, run_after=2025-05-07 00:00:00+00:00
[2025-05-07T20:02:58.885+0000] {processor.py:183} INFO - Processing /home/airflow/.local/lib/python3.8/site-packages/airflow/example_dags/example_branch_labels.py took 0.124 seconds
[2025-05-07T20:03:29.019+0000] {processor.py:161} INFO - Started process (PID=3474) to work on /home/airflow/.local/lib/python3.8/site-packages/airflow/example_dags/example_branch_labels.py
[2025-05-07T20:03:29.020+0000] {processor.py:830} INFO - Processing file /home/airflow/.local/lib/python3.8/site-packages/airflow/example_dags/example_branch_labels.py for tasks to queue
[2025-05-07T20:03:29.023+0000] {logging_mixin.py:188} INFO - [2025-05-07T20:03:29.022+0000] {dagbag.py:538} INFO - Filling up the DagBag from /home/airflow/.local/lib/python3.8/site-packages/airflow/example_dags/example_branch_labels.py
[2025-05-07T20:03:29.031+0000] {processor.py:840} INFO - DAG(s) 'example_branch_labels' retrieved from /home/airflow/.local/lib/python3.8/site-packages/airflow/example_dags/example_branch_labels.py
[2025-05-07T20:03:29.056+0000] {logging_mixin.py:188} INFO - [2025-05-07T20:03:29.056+0000] {dag.py:3036} INFO - Sync 1 DAGs
[2025-05-07T20:03:29.082+0000] {logging_mixin.py:188} INFO - [2025-05-07T20:03:29.082+0000] {dag.py:3823} INFO - Setting next_dagrun for example_branch_labels to 2025-05-06 00:00:00+00:00, run_after=2025-05-07 00:00:00+00:00
[2025-05-07T20:03:29.105+0000] {processor.py:183} INFO - Processing /home/airflow/.local/lib/python3.8/site-packages/airflow/example_dags/example_branch_labels.py took 0.090 seconds
[2025-05-07T20:03:59.708+0000] {processor.py:161} INFO - Started process (PID=3531) to work on /home/airflow/.local/lib/python3.8/site-packages/airflow/example_dags/example_branch_labels.py
[2025-05-07T20:03:59.709+0000] {processor.py:830} INFO - Processing file /home/airflow/.local/lib/python3.8/site-packages/airflow/example_dags/example_branch_labels.py for tasks to queue
[2025-05-07T20:03:59.711+0000] {logging_mixin.py:188} INFO - [2025-05-07T20:03:59.710+0000] {dagbag.py:538} INFO - Filling up the DagBag from /home/airflow/.local/lib/python3.8/site-packages/airflow/example_dags/example_branch_labels.py
[2025-05-07T20:03:59.719+0000] {processor.py:840} INFO - DAG(s) 'example_branch_labels' retrieved from /home/airflow/.local/lib/python3.8/site-packages/airflow/example_dags/example_branch_labels.py
[2025-05-07T20:03:59.742+0000] {logging_mixin.py:188} INFO - [2025-05-07T20:03:59.741+0000] {dag.py:3036} INFO - Sync 1 DAGs
[2025-05-07T20:03:59.763+0000] {logging_mixin.py:188} INFO - [2025-05-07T20:03:59.763+0000] {dag.py:3823} INFO - Setting next_dagrun for example_branch_labels to 2025-05-06 00:00:00+00:00, run_after=2025-05-07 00:00:00+00:00
[2025-05-07T20:03:59.785+0000] {processor.py:183} INFO - Processing /home/airflow/.local/lib/python3.8/site-packages/airflow/example_dags/example_branch_labels.py took 0.080 seconds
[2025-05-07T20:04:29.908+0000] {processor.py:161} INFO - Started process (PID=3588) to work on /home/airflow/.local/lib/python3.8/site-packages/airflow/example_dags/example_branch_labels.py
[2025-05-07T20:04:29.909+0000] {processor.py:830} INFO - Processing file /home/airflow/.local/lib/python3.8/site-packages/airflow/example_dags/example_branch_labels.py for tasks to queue
[2025-05-07T20:04:29.911+0000] {logging_mixin.py:188} INFO - [2025-05-07T20:04:29.911+0000] {dagbag.py:538} INFO - Filling up the DagBag from /home/airflow/.local/lib/python3.8/site-packages/airflow/example_dags/example_branch_labels.py
[2025-05-07T20:04:29.919+0000] {processor.py:840} INFO - DAG(s) 'example_branch_labels' retrieved from /home/airflow/.local/lib/python3.8/site-packages/airflow/example_dags/example_branch_labels.py
[2025-05-07T20:04:29.940+0000] {logging_mixin.py:188} INFO - [2025-05-07T20:04:29.940+0000] {dag.py:3036} INFO - Sync 1 DAGs
[2025-05-07T20:04:29.962+0000] {logging_mixin.py:188} INFO - [2025-05-07T20:04:29.961+0000] {dag.py:3823} INFO - Setting next_dagrun for example_branch_labels to 2025-05-06 00:00:00+00:00, run_after=2025-05-07 00:00:00+00:00
[2025-05-07T20:04:29.984+0000] {processor.py:183} INFO - Processing /home/airflow/.local/lib/python3.8/site-packages/airflow/example_dags/example_branch_labels.py took 0.080 seconds
[2025-05-07T20:05:00.119+0000] {processor.py:161} INFO - Started process (PID=3645) to work on /home/airflow/.local/lib/python3.8/site-packages/airflow/example_dags/example_branch_labels.py
[2025-05-07T20:05:00.121+0000] {processor.py:830} INFO - Processing file /home/airflow/.local/lib/python3.8/site-packages/airflow/example_dags/example_branch_labels.py for tasks to queue
[2025-05-07T20:05:00.123+0000] {logging_mixin.py:188} INFO - [2025-05-07T20:05:00.122+0000] {dagbag.py:538} INFO - Filling up the DagBag from /home/airflow/.local/lib/python3.8/site-packages/airflow/example_dags/example_branch_labels.py
[2025-05-07T20:05:00.133+0000] {processor.py:840} INFO - DAG(s) 'example_branch_labels' retrieved from /home/airflow/.local/lib/python3.8/site-packages/airflow/example_dags/example_branch_labels.py
[2025-05-07T20:05:00.161+0000] {logging_mixin.py:188} INFO - [2025-05-07T20:05:00.161+0000] {dag.py:3036} INFO - Sync 1 DAGs
[2025-05-07T20:05:00.186+0000] {logging_mixin.py:188} INFO - [2025-05-07T20:05:00.185+0000] {dag.py:3823} INFO - Setting next_dagrun for example_branch_labels to 2025-05-06 00:00:00+00:00, run_after=2025-05-07 00:00:00+00:00
[2025-05-07T20:05:00.210+0000] {processor.py:183} INFO - Processing /home/airflow/.local/lib/python3.8/site-packages/airflow/example_dags/example_branch_labels.py took 0.093 seconds
[2025-05-07T20:05:30.735+0000] {processor.py:161} INFO - Started process (PID=3702) to work on /home/airflow/.local/lib/python3.8/site-packages/airflow/example_dags/example_branch_labels.py
[2025-05-07T20:05:30.736+0000] {processor.py:830} INFO - Processing file /home/airflow/.local/lib/python3.8/site-packages/airflow/example_dags/example_branch_labels.py for tasks to queue
[2025-05-07T20:05:30.739+0000] {logging_mixin.py:188} INFO - [2025-05-07T20:05:30.738+0000] {dagbag.py:538} INFO - Filling up the DagBag from /home/airflow/.local/lib/python3.8/site-packages/airflow/example_dags/example_branch_labels.py
[2025-05-07T20:05:30.747+0000] {processor.py:840} INFO - DAG(s) 'example_branch_labels' retrieved from /home/airflow/.local/lib/python3.8/site-packages/airflow/example_dags/example_branch_labels.py
[2025-05-07T20:05:30.770+0000] {logging_mixin.py:188} INFO - [2025-05-07T20:05:30.769+0000] {dag.py:3036} INFO - Sync 1 DAGs
[2025-05-07T20:05:30.791+0000] {logging_mixin.py:188} INFO - [2025-05-07T20:05:30.790+0000] {dag.py:3823} INFO - Setting next_dagrun for example_branch_labels to 2025-05-06 00:00:00+00:00, run_after=2025-05-07 00:00:00+00:00
[2025-05-07T20:05:30.812+0000] {processor.py:183} INFO - Processing /home/airflow/.local/lib/python3.8/site-packages/airflow/example_dags/example_branch_labels.py took 0.080 seconds
[2025-05-07T20:06:01.397+0000] {processor.py:161} INFO - Started process (PID=3759) to work on /home/airflow/.local/lib/python3.8/site-packages/airflow/example_dags/example_branch_labels.py
[2025-05-07T20:06:01.398+0000] {processor.py:830} INFO - Processing file /home/airflow/.local/lib/python3.8/site-packages/airflow/example_dags/example_branch_labels.py for tasks to queue
[2025-05-07T20:06:01.400+0000] {logging_mixin.py:188} INFO - [2025-05-07T20:06:01.400+0000] {dagbag.py:538} INFO - Filling up the DagBag from /home/airflow/.local/lib/python3.8/site-packages/airflow/example_dags/example_branch_labels.py
[2025-05-07T20:06:01.408+0000] {processor.py:840} INFO - DAG(s) 'example_branch_labels' retrieved from /home/airflow/.local/lib/python3.8/site-packages/airflow/example_dags/example_branch_labels.py
[2025-05-07T20:06:01.431+0000] {logging_mixin.py:188} INFO - [2025-05-07T20:06:01.431+0000] {dag.py:3036} INFO - Sync 1 DAGs
[2025-05-07T20:06:01.454+0000] {logging_mixin.py:188} INFO - [2025-05-07T20:06:01.453+0000] {dag.py:3823} INFO - Setting next_dagrun for example_branch_labels to 2025-05-06 00:00:00+00:00, run_after=2025-05-07 00:00:00+00:00
[2025-05-07T20:06:01.473+0000] {processor.py:183} INFO - Processing /home/airflow/.local/lib/python3.8/site-packages/airflow/example_dags/example_branch_labels.py took 0.080 seconds
[2025-05-07T20:06:31.583+0000] {processor.py:161} INFO - Started process (PID=3815) to work on /home/airflow/.local/lib/python3.8/site-packages/airflow/example_dags/example_branch_labels.py
[2025-05-07T20:06:31.584+0000] {processor.py:830} INFO - Processing file /home/airflow/.local/lib/python3.8/site-packages/airflow/example_dags/example_branch_labels.py for tasks to queue
[2025-05-07T20:06:31.586+0000] {logging_mixin.py:188} INFO - [2025-05-07T20:06:31.586+0000] {dagbag.py:538} INFO - Filling up the DagBag from /home/airflow/.local/lib/python3.8/site-packages/airflow/example_dags/example_branch_labels.py
[2025-05-07T20:06:31.596+0000] {processor.py:840} INFO - DAG(s) 'example_branch_labels' retrieved from /home/airflow/.local/lib/python3.8/site-packages/airflow/example_dags/example_branch_labels.py
[2025-05-07T20:06:31.620+0000] {logging_mixin.py:188} INFO - [2025-05-07T20:06:31.620+0000] {dag.py:3036} INFO - Sync 1 DAGs
[2025-05-07T20:06:31.646+0000] {logging_mixin.py:188} INFO - [2025-05-07T20:06:31.645+0000] {dag.py:3823} INFO - Setting next_dagrun for example_branch_labels to 2025-05-06 00:00:00+00:00, run_after=2025-05-07 00:00:00+00:00
[2025-05-07T20:06:31.669+0000] {processor.py:183} INFO - Processing /home/airflow/.local/lib/python3.8/site-packages/airflow/example_dags/example_branch_labels.py took 0.090 seconds
[2025-05-07T20:07:02.267+0000] {processor.py:161} INFO - Started process (PID=3873) to work on /home/airflow/.local/lib/python3.8/site-packages/airflow/example_dags/example_branch_labels.py
[2025-05-07T20:07:02.269+0000] {processor.py:830} INFO - Processing file /home/airflow/.local/lib/python3.8/site-packages/airflow/example_dags/example_branch_labels.py for tasks to queue
[2025-05-07T20:07:02.271+0000] {logging_mixin.py:188} INFO - [2025-05-07T20:07:02.271+0000] {dagbag.py:538} INFO - Filling up the DagBag from /home/airflow/.local/lib/python3.8/site-packages/airflow/example_dags/example_branch_labels.py
[2025-05-07T20:07:02.279+0000] {processor.py:840} INFO - DAG(s) 'example_branch_labels' retrieved from /home/airflow/.local/lib/python3.8/site-packages/airflow/example_dags/example_branch_labels.py
[2025-05-07T20:07:02.303+0000] {logging_mixin.py:188} INFO - [2025-05-07T20:07:02.303+0000] {dag.py:3036} INFO - Sync 1 DAGs
[2025-05-07T20:07:02.325+0000] {logging_mixin.py:188} INFO - [2025-05-07T20:07:02.325+0000] {dag.py:3823} INFO - Setting next_dagrun for example_branch_labels to 2025-05-06 00:00:00+00:00, run_after=2025-05-07 00:00:00+00:00
[2025-05-07T20:07:02.348+0000] {processor.py:183} INFO - Processing /home/airflow/.local/lib/python3.8/site-packages/airflow/example_dags/example_branch_labels.py took 0.085 seconds
[2025-05-07T20:07:32.818+0000] {processor.py:161} INFO - Started process (PID=3930) to work on /home/airflow/.local/lib/python3.8/site-packages/airflow/example_dags/example_branch_labels.py
[2025-05-07T20:07:32.820+0000] {processor.py:830} INFO - Processing file /home/airflow/.local/lib/python3.8/site-packages/airflow/example_dags/example_branch_labels.py for tasks to queue
[2025-05-07T20:07:32.823+0000] {logging_mixin.py:188} INFO - [2025-05-07T20:07:32.823+0000] {dagbag.py:538} INFO - Filling up the DagBag from /home/airflow/.local/lib/python3.8/site-packages/airflow/example_dags/example_branch_labels.py
[2025-05-07T20:07:32.834+0000] {processor.py:840} INFO - DAG(s) 'example_branch_labels' retrieved from /home/airflow/.local/lib/python3.8/site-packages/airflow/example_dags/example_branch_labels.py
[2025-05-07T20:07:32.861+0000] {logging_mixin.py:188} INFO - [2025-05-07T20:07:32.861+0000] {dag.py:3036} INFO - Sync 1 DAGs
[2025-05-07T20:07:32.886+0000] {logging_mixin.py:188} INFO - [2025-05-07T20:07:32.886+0000] {dag.py:3823} INFO - Setting next_dagrun for example_branch_labels to 2025-05-06 00:00:00+00:00, run_after=2025-05-07 00:00:00+00:00
[2025-05-07T20:07:32.913+0000] {processor.py:183} INFO - Processing /home/airflow/.local/lib/python3.8/site-packages/airflow/example_dags/example_branch_labels.py took 0.100 seconds
[2025-05-07T20:08:03.058+0000] {processor.py:161} INFO - Started process (PID=3987) to work on /home/airflow/.local/lib/python3.8/site-packages/airflow/example_dags/example_branch_labels.py
[2025-05-07T20:08:03.061+0000] {processor.py:830} INFO - Processing file /home/airflow/.local/lib/python3.8/site-packages/airflow/example_dags/example_branch_labels.py for tasks to queue
[2025-05-07T20:08:03.065+0000] {logging_mixin.py:188} INFO - [2025-05-07T20:08:03.065+0000] {dagbag.py:538} INFO - Filling up the DagBag from /home/airflow/.local/lib/python3.8/site-packages/airflow/example_dags/example_branch_labels.py
[2025-05-07T20:08:03.078+0000] {processor.py:840} INFO - DAG(s) 'example_branch_labels' retrieved from /home/airflow/.local/lib/python3.8/site-packages/airflow/example_dags/example_branch_labels.py
[2025-05-07T20:08:03.113+0000] {logging_mixin.py:188} INFO - [2025-05-07T20:08:03.113+0000] {dag.py:3036} INFO - Sync 1 DAGs
[2025-05-07T20:08:03.137+0000] {logging_mixin.py:188} INFO - [2025-05-07T20:08:03.137+0000] {dag.py:3823} INFO - Setting next_dagrun for example_branch_labels to 2025-05-06 00:00:00+00:00, run_after=2025-05-07 00:00:00+00:00
[2025-05-07T20:08:03.158+0000] {processor.py:183} INFO - Processing /home/airflow/.local/lib/python3.8/site-packages/airflow/example_dags/example_branch_labels.py took 0.105 seconds
[2025-05-07T20:08:33.662+0000] {processor.py:161} INFO - Started process (PID=4044) to work on /home/airflow/.local/lib/python3.8/site-packages/airflow/example_dags/example_branch_labels.py
[2025-05-07T20:08:33.664+0000] {processor.py:830} INFO - Processing file /home/airflow/.local/lib/python3.8/site-packages/airflow/example_dags/example_branch_labels.py for tasks to queue
[2025-05-07T20:08:33.666+0000] {logging_mixin.py:188} INFO - [2025-05-07T20:08:33.666+0000] {dagbag.py:538} INFO - Filling up the DagBag from /home/airflow/.local/lib/python3.8/site-packages/airflow/example_dags/example_branch_labels.py
[2025-05-07T20:08:33.675+0000] {processor.py:840} INFO - DAG(s) 'example_branch_labels' retrieved from /home/airflow/.local/lib/python3.8/site-packages/airflow/example_dags/example_branch_labels.py
[2025-05-07T20:08:33.702+0000] {logging_mixin.py:188} INFO - [2025-05-07T20:08:33.701+0000] {dag.py:3036} INFO - Sync 1 DAGs
[2025-05-07T20:08:33.727+0000] {logging_mixin.py:188} INFO - [2025-05-07T20:08:33.727+0000] {dag.py:3823} INFO - Setting next_dagrun for example_branch_labels to 2025-05-06 00:00:00+00:00, run_after=2025-05-07 00:00:00+00:00
[2025-05-07T20:08:33.750+0000] {processor.py:183} INFO - Processing /home/airflow/.local/lib/python3.8/site-packages/airflow/example_dags/example_branch_labels.py took 0.091 seconds
[2025-05-07T20:09:05.312+0000] {processor.py:161} INFO - Started process (PID=4101) to work on /home/airflow/.local/lib/python3.8/site-packages/airflow/example_dags/example_branch_labels.py
[2025-05-07T20:09:05.314+0000] {processor.py:830} INFO - Processing file /home/airflow/.local/lib/python3.8/site-packages/airflow/example_dags/example_branch_labels.py for tasks to queue
[2025-05-07T20:09:05.316+0000] {logging_mixin.py:188} INFO - [2025-05-07T20:09:05.315+0000] {dagbag.py:538} INFO - Filling up the DagBag from /home/airflow/.local/lib/python3.8/site-packages/airflow/example_dags/example_branch_labels.py
[2025-05-07T20:09:05.324+0000] {processor.py:840} INFO - DAG(s) 'example_branch_labels' retrieved from /home/airflow/.local/lib/python3.8/site-packages/airflow/example_dags/example_branch_labels.py
[2025-05-07T20:09:05.343+0000] {logging_mixin.py:188} INFO - [2025-05-07T20:09:05.343+0000] {dag.py:3036} INFO - Sync 1 DAGs
[2025-05-07T20:09:05.365+0000] {logging_mixin.py:188} INFO - [2025-05-07T20:09:05.364+0000] {dag.py:3823} INFO - Setting next_dagrun for example_branch_labels to 2025-05-06 00:00:00+00:00, run_after=2025-05-07 00:00:00+00:00
[2025-05-07T20:09:05.385+0000] {processor.py:183} INFO - Processing /home/airflow/.local/lib/python3.8/site-packages/airflow/example_dags/example_branch_labels.py took 0.076 seconds
[2025-05-07T20:09:35.691+0000] {processor.py:161} INFO - Started process (PID=4158) to work on /home/airflow/.local/lib/python3.8/site-packages/airflow/example_dags/example_branch_labels.py
[2025-05-07T20:09:35.693+0000] {processor.py:830} INFO - Processing file /home/airflow/.local/lib/python3.8/site-packages/airflow/example_dags/example_branch_labels.py for tasks to queue
[2025-05-07T20:09:35.695+0000] {logging_mixin.py:188} INFO - [2025-05-07T20:09:35.695+0000] {dagbag.py:538} INFO - Filling up the DagBag from /home/airflow/.local/lib/python3.8/site-packages/airflow/example_dags/example_branch_labels.py
[2025-05-07T20:09:35.705+0000] {processor.py:840} INFO - DAG(s) 'example_branch_labels' retrieved from /home/airflow/.local/lib/python3.8/site-packages/airflow/example_dags/example_branch_labels.py
[2025-05-07T20:09:35.731+0000] {logging_mixin.py:188} INFO - [2025-05-07T20:09:35.731+0000] {dag.py:3036} INFO - Sync 1 DAGs
[2025-05-07T20:09:35.768+0000] {logging_mixin.py:188} INFO - [2025-05-07T20:09:35.768+0000] {dag.py:3823} INFO - Setting next_dagrun for example_branch_labels to 2025-05-06 00:00:00+00:00, run_after=2025-05-07 00:00:00+00:00
[2025-05-07T20:09:35.793+0000] {processor.py:183} INFO - Processing /home/airflow/.local/lib/python3.8/site-packages/airflow/example_dags/example_branch_labels.py took 0.105 seconds
[2025-05-07T20:10:07.017+0000] {processor.py:161} INFO - Started process (PID=4215) to work on /home/airflow/.local/lib/python3.8/site-packages/airflow/example_dags/example_branch_labels.py
[2025-05-07T20:10:07.022+0000] {processor.py:830} INFO - Processing file /home/airflow/.local/lib/python3.8/site-packages/airflow/example_dags/example_branch_labels.py for tasks to queue
[2025-05-07T20:10:07.028+0000] {logging_mixin.py:188} INFO - [2025-05-07T20:10:07.027+0000] {dagbag.py:538} INFO - Filling up the DagBag from /home/airflow/.local/lib/python3.8/site-packages/airflow/example_dags/example_branch_labels.py
[2025-05-07T20:10:07.050+0000] {processor.py:840} INFO - DAG(s) 'example_branch_labels' retrieved from /home/airflow/.local/lib/python3.8/site-packages/airflow/example_dags/example_branch_labels.py
[2025-05-07T20:10:07.097+0000] {logging_mixin.py:188} INFO - [2025-05-07T20:10:07.097+0000] {dag.py:3036} INFO - Sync 1 DAGs
[2025-05-07T20:10:07.123+0000] {logging_mixin.py:188} INFO - [2025-05-07T20:10:07.123+0000] {dag.py:3823} INFO - Setting next_dagrun for example_branch_labels to 2025-05-06 00:00:00+00:00, run_after=2025-05-07 00:00:00+00:00
[2025-05-07T20:10:07.144+0000] {processor.py:183} INFO - Processing /home/airflow/.local/lib/python3.8/site-packages/airflow/example_dags/example_branch_labels.py took 0.137 seconds
[2025-05-07T20:10:37.573+0000] {processor.py:161} INFO - Started process (PID=4272) to work on /home/airflow/.local/lib/python3.8/site-packages/airflow/example_dags/example_branch_labels.py
[2025-05-07T20:10:37.575+0000] {processor.py:830} INFO - Processing file /home/airflow/.local/lib/python3.8/site-packages/airflow/example_dags/example_branch_labels.py for tasks to queue
[2025-05-07T20:10:37.577+0000] {logging_mixin.py:188} INFO - [2025-05-07T20:10:37.577+0000] {dagbag.py:538} INFO - Filling up the DagBag from /home/airflow/.local/lib/python3.8/site-packages/airflow/example_dags/example_branch_labels.py
[2025-05-07T20:10:37.585+0000] {processor.py:840} INFO - DAG(s) 'example_branch_labels' retrieved from /home/airflow/.local/lib/python3.8/site-packages/airflow/example_dags/example_branch_labels.py
[2025-05-07T20:10:37.608+0000] {logging_mixin.py:188} INFO - [2025-05-07T20:10:37.607+0000] {dag.py:3036} INFO - Sync 1 DAGs
[2025-05-07T20:10:37.630+0000] {logging_mixin.py:188} INFO - [2025-05-07T20:10:37.630+0000] {dag.py:3823} INFO - Setting next_dagrun for example_branch_labels to 2025-05-06 00:00:00+00:00, run_after=2025-05-07 00:00:00+00:00
[2025-05-07T20:10:37.653+0000] {processor.py:183} INFO - Processing /home/airflow/.local/lib/python3.8/site-packages/airflow/example_dags/example_branch_labels.py took 0.083 seconds
[2025-05-07T20:11:07.902+0000] {processor.py:161} INFO - Started process (PID=4329) to work on /home/airflow/.local/lib/python3.8/site-packages/airflow/example_dags/example_branch_labels.py
[2025-05-07T20:11:07.906+0000] {processor.py:830} INFO - Processing file /home/airflow/.local/lib/python3.8/site-packages/airflow/example_dags/example_branch_labels.py for tasks to queue
[2025-05-07T20:11:07.909+0000] {logging_mixin.py:188} INFO - [2025-05-07T20:11:07.909+0000] {dagbag.py:538} INFO - Filling up the DagBag from /home/airflow/.local/lib/python3.8/site-packages/airflow/example_dags/example_branch_labels.py
[2025-05-07T20:11:07.923+0000] {processor.py:840} INFO - DAG(s) 'example_branch_labels' retrieved from /home/airflow/.local/lib/python3.8/site-packages/airflow/example_dags/example_branch_labels.py
[2025-05-07T20:11:07.951+0000] {logging_mixin.py:188} INFO - [2025-05-07T20:11:07.950+0000] {dag.py:3036} INFO - Sync 1 DAGs
[2025-05-07T20:11:07.975+0000] {logging_mixin.py:188} INFO - [2025-05-07T20:11:07.975+0000] {dag.py:3823} INFO - Setting next_dagrun for example_branch_labels to 2025-05-06 00:00:00+00:00, run_after=2025-05-07 00:00:00+00:00
[2025-05-07T20:11:07.998+0000] {processor.py:183} INFO - Processing /home/airflow/.local/lib/python3.8/site-packages/airflow/example_dags/example_branch_labels.py took 0.100 seconds
[2025-05-07T20:11:39.353+0000] {processor.py:161} INFO - Started process (PID=4386) to work on /home/airflow/.local/lib/python3.8/site-packages/airflow/example_dags/example_branch_labels.py
[2025-05-07T20:11:39.357+0000] {processor.py:830} INFO - Processing file /home/airflow/.local/lib/python3.8/site-packages/airflow/example_dags/example_branch_labels.py for tasks to queue
[2025-05-07T20:11:39.363+0000] {logging_mixin.py:188} INFO - [2025-05-07T20:11:39.362+0000] {dagbag.py:538} INFO - Filling up the DagBag from /home/airflow/.local/lib/python3.8/site-packages/airflow/example_dags/example_branch_labels.py
[2025-05-07T20:11:39.379+0000] {processor.py:840} INFO - DAG(s) 'example_branch_labels' retrieved from /home/airflow/.local/lib/python3.8/site-packages/airflow/example_dags/example_branch_labels.py
[2025-05-07T20:11:39.403+0000] {logging_mixin.py:188} INFO - [2025-05-07T20:11:39.402+0000] {dag.py:3036} INFO - Sync 1 DAGs
[2025-05-07T20:11:39.426+0000] {logging_mixin.py:188} INFO - [2025-05-07T20:11:39.425+0000] {dag.py:3823} INFO - Setting next_dagrun for example_branch_labels to 2025-05-06 00:00:00+00:00, run_after=2025-05-07 00:00:00+00:00
[2025-05-07T20:11:39.447+0000] {processor.py:183} INFO - Processing /home/airflow/.local/lib/python3.8/site-packages/airflow/example_dags/example_branch_labels.py took 0.102 seconds
[2025-05-07T20:12:09.634+0000] {processor.py:161} INFO - Started process (PID=4443) to work on /home/airflow/.local/lib/python3.8/site-packages/airflow/example_dags/example_branch_labels.py
[2025-05-07T20:12:09.636+0000] {processor.py:830} INFO - Processing file /home/airflow/.local/lib/python3.8/site-packages/airflow/example_dags/example_branch_labels.py for tasks to queue
[2025-05-07T20:12:09.638+0000] {logging_mixin.py:188} INFO - [2025-05-07T20:12:09.638+0000] {dagbag.py:538} INFO - Filling up the DagBag from /home/airflow/.local/lib/python3.8/site-packages/airflow/example_dags/example_branch_labels.py
[2025-05-07T20:12:09.646+0000] {processor.py:840} INFO - DAG(s) 'example_branch_labels' retrieved from /home/airflow/.local/lib/python3.8/site-packages/airflow/example_dags/example_branch_labels.py
[2025-05-07T20:12:09.667+0000] {logging_mixin.py:188} INFO - [2025-05-07T20:12:09.667+0000] {dag.py:3036} INFO - Sync 1 DAGs
[2025-05-07T20:12:09.689+0000] {logging_mixin.py:188} INFO - [2025-05-07T20:12:09.689+0000] {dag.py:3823} INFO - Setting next_dagrun for example_branch_labels to 2025-05-06 00:00:00+00:00, run_after=2025-05-07 00:00:00+00:00
[2025-05-07T20:12:09.710+0000] {processor.py:183} INFO - Processing /home/airflow/.local/lib/python3.8/site-packages/airflow/example_dags/example_branch_labels.py took 0.080 seconds
[2025-05-07T20:12:40.307+0000] {processor.py:161} INFO - Started process (PID=4500) to work on /home/airflow/.local/lib/python3.8/site-packages/airflow/example_dags/example_branch_labels.py
[2025-05-07T20:12:40.310+0000] {processor.py:830} INFO - Processing file /home/airflow/.local/lib/python3.8/site-packages/airflow/example_dags/example_branch_labels.py for tasks to queue
[2025-05-07T20:12:40.314+0000] {logging_mixin.py:188} INFO - [2025-05-07T20:12:40.314+0000] {dagbag.py:538} INFO - Filling up the DagBag from /home/airflow/.local/lib/python3.8/site-packages/airflow/example_dags/example_branch_labels.py
[2025-05-07T20:12:40.329+0000] {processor.py:840} INFO - DAG(s) 'example_branch_labels' retrieved from /home/airflow/.local/lib/python3.8/site-packages/airflow/example_dags/example_branch_labels.py
[2025-05-07T20:12:40.354+0000] {logging_mixin.py:188} INFO - [2025-05-07T20:12:40.353+0000] {dag.py:3036} INFO - Sync 1 DAGs
[2025-05-07T20:12:40.376+0000] {logging_mixin.py:188} INFO - [2025-05-07T20:12:40.376+0000] {dag.py:3823} INFO - Setting next_dagrun for example_branch_labels to 2025-05-06 00:00:00+00:00, run_after=2025-05-07 00:00:00+00:00
[2025-05-07T20:12:40.405+0000] {processor.py:183} INFO - Processing /home/airflow/.local/lib/python3.8/site-packages/airflow/example_dags/example_branch_labels.py took 0.102 seconds
[2025-05-07T20:13:10.625+0000] {processor.py:161} INFO - Started process (PID=4557) to work on /home/airflow/.local/lib/python3.8/site-packages/airflow/example_dags/example_branch_labels.py
[2025-05-07T20:13:10.628+0000] {processor.py:830} INFO - Processing file /home/airflow/.local/lib/python3.8/site-packages/airflow/example_dags/example_branch_labels.py for tasks to queue
[2025-05-07T20:13:10.632+0000] {logging_mixin.py:188} INFO - [2025-05-07T20:13:10.631+0000] {dagbag.py:538} INFO - Filling up the DagBag from /home/airflow/.local/lib/python3.8/site-packages/airflow/example_dags/example_branch_labels.py
[2025-05-07T20:13:10.646+0000] {processor.py:840} INFO - DAG(s) 'example_branch_labels' retrieved from /home/airflow/.local/lib/python3.8/site-packages/airflow/example_dags/example_branch_labels.py
[2025-05-07T20:13:10.670+0000] {logging_mixin.py:188} INFO - [2025-05-07T20:13:10.670+0000] {dag.py:3036} INFO - Sync 1 DAGs
[2025-05-07T20:13:10.696+0000] {logging_mixin.py:188} INFO - [2025-05-07T20:13:10.696+0000] {dag.py:3823} INFO - Setting next_dagrun for example_branch_labels to 2025-05-06 00:00:00+00:00, run_after=2025-05-07 00:00:00+00:00
[2025-05-07T20:13:10.723+0000] {processor.py:183} INFO - Processing /home/airflow/.local/lib/python3.8/site-packages/airflow/example_dags/example_branch_labels.py took 0.104 seconds
[2025-05-07T20:13:41.432+0000] {processor.py:161} INFO - Started process (PID=4614) to work on /home/airflow/.local/lib/python3.8/site-packages/airflow/example_dags/example_branch_labels.py
[2025-05-07T20:13:41.435+0000] {processor.py:830} INFO - Processing file /home/airflow/.local/lib/python3.8/site-packages/airflow/example_dags/example_branch_labels.py for tasks to queue
[2025-05-07T20:13:41.440+0000] {logging_mixin.py:188} INFO - [2025-05-07T20:13:41.440+0000] {dagbag.py:538} INFO - Filling up the DagBag from /home/airflow/.local/lib/python3.8/site-packages/airflow/example_dags/example_branch_labels.py
[2025-05-07T20:13:41.458+0000] {processor.py:840} INFO - DAG(s) 'example_branch_labels' retrieved from /home/airflow/.local/lib/python3.8/site-packages/airflow/example_dags/example_branch_labels.py
[2025-05-07T20:13:41.488+0000] {logging_mixin.py:188} INFO - [2025-05-07T20:13:41.488+0000] {dag.py:3036} INFO - Sync 1 DAGs
[2025-05-07T20:13:41.520+0000] {logging_mixin.py:188} INFO - [2025-05-07T20:13:41.520+0000] {dag.py:3823} INFO - Setting next_dagrun for example_branch_labels to 2025-05-06 00:00:00+00:00, run_after=2025-05-07 00:00:00+00:00
[2025-05-07T20:13:41.554+0000] {processor.py:183} INFO - Processing /home/airflow/.local/lib/python3.8/site-packages/airflow/example_dags/example_branch_labels.py took 0.129 seconds
[2025-05-07T20:14:11.729+0000] {processor.py:161} INFO - Started process (PID=4671) to work on /home/airflow/.local/lib/python3.8/site-packages/airflow/example_dags/example_branch_labels.py
[2025-05-07T20:14:11.733+0000] {processor.py:830} INFO - Processing file /home/airflow/.local/lib/python3.8/site-packages/airflow/example_dags/example_branch_labels.py for tasks to queue
[2025-05-07T20:14:11.738+0000] {logging_mixin.py:188} INFO - [2025-05-07T20:14:11.738+0000] {dagbag.py:538} INFO - Filling up the DagBag from /home/airflow/.local/lib/python3.8/site-packages/airflow/example_dags/example_branch_labels.py
[2025-05-07T20:14:11.757+0000] {processor.py:840} INFO - DAG(s) 'example_branch_labels' retrieved from /home/airflow/.local/lib/python3.8/site-packages/airflow/example_dags/example_branch_labels.py
[2025-05-07T20:14:11.785+0000] {logging_mixin.py:188} INFO - [2025-05-07T20:14:11.785+0000] {dag.py:3036} INFO - Sync 1 DAGs
[2025-05-07T20:14:11.808+0000] {logging_mixin.py:188} INFO - [2025-05-07T20:14:11.808+0000] {dag.py:3823} INFO - Setting next_dagrun for example_branch_labels to 2025-05-06 00:00:00+00:00, run_after=2025-05-07 00:00:00+00:00
[2025-05-07T20:14:11.834+0000] {processor.py:183} INFO - Processing /home/airflow/.local/lib/python3.8/site-packages/airflow/example_dags/example_branch_labels.py took 0.112 seconds
[2025-05-07T20:14:42.932+0000] {processor.py:161} INFO - Started process (PID=4728) to work on /home/airflow/.local/lib/python3.8/site-packages/airflow/example_dags/example_branch_labels.py
[2025-05-07T20:14:42.936+0000] {processor.py:830} INFO - Processing file /home/airflow/.local/lib/python3.8/site-packages/airflow/example_dags/example_branch_labels.py for tasks to queue
[2025-05-07T20:14:42.941+0000] {logging_mixin.py:188} INFO - [2025-05-07T20:14:42.941+0000] {dagbag.py:538} INFO - Filling up the DagBag from /home/airflow/.local/lib/python3.8/site-packages/airflow/example_dags/example_branch_labels.py
[2025-05-07T20:14:42.954+0000] {processor.py:840} INFO - DAG(s) 'example_branch_labels' retrieved from /home/airflow/.local/lib/python3.8/site-packages/airflow/example_dags/example_branch_labels.py
[2025-05-07T20:14:42.978+0000] {logging_mixin.py:188} INFO - [2025-05-07T20:14:42.978+0000] {dag.py:3036} INFO - Sync 1 DAGs
[2025-05-07T20:14:43.003+0000] {logging_mixin.py:188} INFO - [2025-05-07T20:14:43.003+0000] {dag.py:3823} INFO - Setting next_dagrun for example_branch_labels to 2025-05-06 00:00:00+00:00, run_after=2025-05-07 00:00:00+00:00
[2025-05-07T20:14:43.029+0000] {processor.py:183} INFO - Processing /home/airflow/.local/lib/python3.8/site-packages/airflow/example_dags/example_branch_labels.py took 0.102 seconds
[2025-05-07T20:15:13.984+0000] {processor.py:161} INFO - Started process (PID=4785) to work on /home/airflow/.local/lib/python3.8/site-packages/airflow/example_dags/example_branch_labels.py
[2025-05-07T20:15:13.988+0000] {processor.py:830} INFO - Processing file /home/airflow/.local/lib/python3.8/site-packages/airflow/example_dags/example_branch_labels.py for tasks to queue
[2025-05-07T20:15:13.993+0000] {logging_mixin.py:188} INFO - [2025-05-07T20:15:13.992+0000] {dagbag.py:538} INFO - Filling up the DagBag from /home/airflow/.local/lib/python3.8/site-packages/airflow/example_dags/example_branch_labels.py
[2025-05-07T20:15:14.013+0000] {processor.py:840} INFO - DAG(s) 'example_branch_labels' retrieved from /home/airflow/.local/lib/python3.8/site-packages/airflow/example_dags/example_branch_labels.py
[2025-05-07T20:15:14.052+0000] {logging_mixin.py:188} INFO - [2025-05-07T20:15:14.052+0000] {dag.py:3036} INFO - Sync 1 DAGs
[2025-05-07T20:15:14.085+0000] {logging_mixin.py:188} INFO - [2025-05-07T20:15:14.084+0000] {dag.py:3823} INFO - Setting next_dagrun for example_branch_labels to 2025-05-06 00:00:00+00:00, run_after=2025-05-07 00:00:00+00:00
[2025-05-07T20:15:14.117+0000] {processor.py:183} INFO - Processing /home/airflow/.local/lib/python3.8/site-packages/airflow/example_dags/example_branch_labels.py took 0.140 seconds
[2025-05-07T20:15:45.091+0000] {processor.py:161} INFO - Started process (PID=4842) to work on /home/airflow/.local/lib/python3.8/site-packages/airflow/example_dags/example_branch_labels.py
[2025-05-07T20:15:45.095+0000] {processor.py:830} INFO - Processing file /home/airflow/.local/lib/python3.8/site-packages/airflow/example_dags/example_branch_labels.py for tasks to queue
[2025-05-07T20:15:45.101+0000] {logging_mixin.py:188} INFO - [2025-05-07T20:15:45.100+0000] {dagbag.py:538} INFO - Filling up the DagBag from /home/airflow/.local/lib/python3.8/site-packages/airflow/example_dags/example_branch_labels.py
[2025-05-07T20:15:45.123+0000] {processor.py:840} INFO - DAG(s) 'example_branch_labels' retrieved from /home/airflow/.local/lib/python3.8/site-packages/airflow/example_dags/example_branch_labels.py
[2025-05-07T20:15:45.157+0000] {logging_mixin.py:188} INFO - [2025-05-07T20:15:45.157+0000] {dag.py:3036} INFO - Sync 1 DAGs
[2025-05-07T20:15:45.189+0000] {logging_mixin.py:188} INFO - [2025-05-07T20:15:45.189+0000] {dag.py:3823} INFO - Setting next_dagrun for example_branch_labels to 2025-05-06 00:00:00+00:00, run_after=2025-05-07 00:00:00+00:00
[2025-05-07T20:15:45.222+0000] {processor.py:183} INFO - Processing /home/airflow/.local/lib/python3.8/site-packages/airflow/example_dags/example_branch_labels.py took 0.139 seconds
[2025-05-07T20:16:16.024+0000] {processor.py:161} INFO - Started process (PID=4899) to work on /home/airflow/.local/lib/python3.8/site-packages/airflow/example_dags/example_branch_labels.py
[2025-05-07T20:16:16.028+0000] {processor.py:830} INFO - Processing file /home/airflow/.local/lib/python3.8/site-packages/airflow/example_dags/example_branch_labels.py for tasks to queue
[2025-05-07T20:16:16.033+0000] {logging_mixin.py:188} INFO - [2025-05-07T20:16:16.032+0000] {dagbag.py:538} INFO - Filling up the DagBag from /home/airflow/.local/lib/python3.8/site-packages/airflow/example_dags/example_branch_labels.py
[2025-05-07T20:16:16.053+0000] {processor.py:840} INFO - DAG(s) 'example_branch_labels' retrieved from /home/airflow/.local/lib/python3.8/site-packages/airflow/example_dags/example_branch_labels.py
[2025-05-07T20:16:16.103+0000] {logging_mixin.py:188} INFO - [2025-05-07T20:16:16.102+0000] {dag.py:3036} INFO - Sync 1 DAGs
[2025-05-07T20:16:16.139+0000] {logging_mixin.py:188} INFO - [2025-05-07T20:16:16.138+0000] {dag.py:3823} INFO - Setting next_dagrun for example_branch_labels to 2025-05-06 00:00:00+00:00, run_after=2025-05-07 00:00:00+00:00
[2025-05-07T20:16:16.167+0000] {processor.py:183} INFO - Processing /home/airflow/.local/lib/python3.8/site-packages/airflow/example_dags/example_branch_labels.py took 0.150 seconds
[2025-05-07T20:16:46.897+0000] {processor.py:161} INFO - Started process (PID=4956) to work on /home/airflow/.local/lib/python3.8/site-packages/airflow/example_dags/example_branch_labels.py
[2025-05-07T20:16:46.899+0000] {processor.py:830} INFO - Processing file /home/airflow/.local/lib/python3.8/site-packages/airflow/example_dags/example_branch_labels.py for tasks to queue
[2025-05-07T20:16:46.903+0000] {logging_mixin.py:188} INFO - [2025-05-07T20:16:46.903+0000] {dagbag.py:538} INFO - Filling up the DagBag from /home/airflow/.local/lib/python3.8/site-packages/airflow/example_dags/example_branch_labels.py
[2025-05-07T20:16:46.918+0000] {processor.py:840} INFO - DAG(s) 'example_branch_labels' retrieved from /home/airflow/.local/lib/python3.8/site-packages/airflow/example_dags/example_branch_labels.py
[2025-05-07T20:16:46.954+0000] {logging_mixin.py:188} INFO - [2025-05-07T20:16:46.954+0000] {dag.py:3036} INFO - Sync 1 DAGs
[2025-05-07T20:16:46.988+0000] {logging_mixin.py:188} INFO - [2025-05-07T20:16:46.988+0000] {dag.py:3823} INFO - Setting next_dagrun for example_branch_labels to 2025-05-06 00:00:00+00:00, run_after=2025-05-07 00:00:00+00:00
[2025-05-07T20:16:47.020+0000] {processor.py:183} INFO - Processing /home/airflow/.local/lib/python3.8/site-packages/airflow/example_dags/example_branch_labels.py took 0.129 seconds
[2025-05-07T20:17:17.497+0000] {processor.py:161} INFO - Started process (PID=5013) to work on /home/airflow/.local/lib/python3.8/site-packages/airflow/example_dags/example_branch_labels.py
[2025-05-07T20:17:17.499+0000] {processor.py:830} INFO - Processing file /home/airflow/.local/lib/python3.8/site-packages/airflow/example_dags/example_branch_labels.py for tasks to queue
[2025-05-07T20:17:17.502+0000] {logging_mixin.py:188} INFO - [2025-05-07T20:17:17.501+0000] {dagbag.py:538} INFO - Filling up the DagBag from /home/airflow/.local/lib/python3.8/site-packages/airflow/example_dags/example_branch_labels.py
[2025-05-07T20:17:17.514+0000] {processor.py:840} INFO - DAG(s) 'example_branch_labels' retrieved from /home/airflow/.local/lib/python3.8/site-packages/airflow/example_dags/example_branch_labels.py
[2025-05-07T20:17:17.546+0000] {logging_mixin.py:188} INFO - [2025-05-07T20:17:17.546+0000] {dag.py:3036} INFO - Sync 1 DAGs
[2025-05-07T20:17:17.577+0000] {logging_mixin.py:188} INFO - [2025-05-07T20:17:17.577+0000] {dag.py:3823} INFO - Setting next_dagrun for example_branch_labels to 2025-05-06 00:00:00+00:00, run_after=2025-05-07 00:00:00+00:00
[2025-05-07T20:17:17.609+0000] {processor.py:183} INFO - Processing /home/airflow/.local/lib/python3.8/site-packages/airflow/example_dags/example_branch_labels.py took 0.117 seconds
[2025-05-07T20:17:48.399+0000] {processor.py:161} INFO - Started process (PID=5070) to work on /home/airflow/.local/lib/python3.8/site-packages/airflow/example_dags/example_branch_labels.py
[2025-05-07T20:17:48.402+0000] {processor.py:830} INFO - Processing file /home/airflow/.local/lib/python3.8/site-packages/airflow/example_dags/example_branch_labels.py for tasks to queue
[2025-05-07T20:17:48.407+0000] {logging_mixin.py:188} INFO - [2025-05-07T20:17:48.406+0000] {dagbag.py:538} INFO - Filling up the DagBag from /home/airflow/.local/lib/python3.8/site-packages/airflow/example_dags/example_branch_labels.py
[2025-05-07T20:17:48.418+0000] {processor.py:840} INFO - DAG(s) 'example_branch_labels' retrieved from /home/airflow/.local/lib/python3.8/site-packages/airflow/example_dags/example_branch_labels.py
[2025-05-07T20:17:48.451+0000] {logging_mixin.py:188} INFO - [2025-05-07T20:17:48.450+0000] {dag.py:3036} INFO - Sync 1 DAGs
[2025-05-07T20:17:48.483+0000] {logging_mixin.py:188} INFO - [2025-05-07T20:17:48.482+0000] {dag.py:3823} INFO - Setting next_dagrun for example_branch_labels to 2025-05-06 00:00:00+00:00, run_after=2025-05-07 00:00:00+00:00
[2025-05-07T20:17:48.514+0000] {processor.py:183} INFO - Processing /home/airflow/.local/lib/python3.8/site-packages/airflow/example_dags/example_branch_labels.py took 0.122 seconds
[2025-05-07T20:18:19.229+0000] {processor.py:161} INFO - Started process (PID=5128) to work on /home/airflow/.local/lib/python3.8/site-packages/airflow/example_dags/example_branch_labels.py
[2025-05-07T20:18:19.232+0000] {processor.py:830} INFO - Processing file /home/airflow/.local/lib/python3.8/site-packages/airflow/example_dags/example_branch_labels.py for tasks to queue
[2025-05-07T20:18:19.239+0000] {logging_mixin.py:188} INFO - [2025-05-07T20:18:19.238+0000] {dagbag.py:538} INFO - Filling up the DagBag from /home/airflow/.local/lib/python3.8/site-packages/airflow/example_dags/example_branch_labels.py
[2025-05-07T20:18:19.257+0000] {processor.py:840} INFO - DAG(s) 'example_branch_labels' retrieved from /home/airflow/.local/lib/python3.8/site-packages/airflow/example_dags/example_branch_labels.py
[2025-05-07T20:18:19.322+0000] {logging_mixin.py:188} INFO - [2025-05-07T20:18:19.321+0000] {dag.py:3036} INFO - Sync 1 DAGs
[2025-05-07T20:18:19.379+0000] {logging_mixin.py:188} INFO - [2025-05-07T20:18:19.378+0000] {dag.py:3823} INFO - Setting next_dagrun for example_branch_labels to 2025-05-06 00:00:00+00:00, run_after=2025-05-07 00:00:00+00:00
[2025-05-07T20:18:19.435+0000] {processor.py:183} INFO - Processing /home/airflow/.local/lib/python3.8/site-packages/airflow/example_dags/example_branch_labels.py took 0.214 seconds
[2025-05-07T20:18:49.903+0000] {processor.py:161} INFO - Started process (PID=5185) to work on /home/airflow/.local/lib/python3.8/site-packages/airflow/example_dags/example_branch_labels.py
[2025-05-07T20:18:49.907+0000] {processor.py:830} INFO - Processing file /home/airflow/.local/lib/python3.8/site-packages/airflow/example_dags/example_branch_labels.py for tasks to queue
[2025-05-07T20:18:49.912+0000] {logging_mixin.py:188} INFO - [2025-05-07T20:18:49.912+0000] {dagbag.py:538} INFO - Filling up the DagBag from /home/airflow/.local/lib/python3.8/site-packages/airflow/example_dags/example_branch_labels.py
[2025-05-07T20:18:49.936+0000] {processor.py:840} INFO - DAG(s) 'example_branch_labels' retrieved from /home/airflow/.local/lib/python3.8/site-packages/airflow/example_dags/example_branch_labels.py
[2025-05-07T20:18:49.991+0000] {logging_mixin.py:188} INFO - [2025-05-07T20:18:49.991+0000] {dag.py:3036} INFO - Sync 1 DAGs
[2025-05-07T20:18:50.023+0000] {logging_mixin.py:188} INFO - [2025-05-07T20:18:50.023+0000] {dag.py:3823} INFO - Setting next_dagrun for example_branch_labels to 2025-05-06 00:00:00+00:00, run_after=2025-05-07 00:00:00+00:00
[2025-05-07T20:18:50.054+0000] {processor.py:183} INFO - Processing /home/airflow/.local/lib/python3.8/site-packages/airflow/example_dags/example_branch_labels.py took 0.160 seconds
