[2025-05-07T19:05:17.169+0000] {processor.py:161} INFO - Started process (PID=107) to work on /home/airflow/.local/lib/python3.8/site-packages/airflow/example_dags/example_setup_teardown_taskflow.py
[2025-05-07T19:05:17.171+0000] {processor.py:830} INFO - Processing file /home/airflow/.local/lib/python3.8/site-packages/airflow/example_dags/example_setup_teardown_taskflow.py for tasks to queue
[2025-05-07T19:05:17.174+0000] {logging_mixin.py:188} INFO - [2025-05-07T19:05:17.174+0000] {dagbag.py:538} INFO - Filling up the DagBag from /home/airflow/.local/lib/python3.8/site-packages/airflow/example_dags/example_setup_teardown_taskflow.py
[2025-05-07T19:05:17.199+0000] {processor.py:840} INFO - DAG(s) 'example_setup_teardown_taskflow' retrieved from /home/airflow/.local/lib/python3.8/site-packages/airflow/example_dags/example_setup_teardown_taskflow.py
[2025-05-07T19:05:17.213+0000] {logging_mixin.py:188} INFO - [2025-05-07T19:05:17.213+0000] {dag.py:3036} INFO - Sync 1 DAGs
[2025-05-07T19:05:17.237+0000] {logging_mixin.py:188} INFO - [2025-05-07T19:05:17.237+0000] {dag.py:3823} INFO - Setting next_dagrun for example_setup_teardown_taskflow to 2025-05-06 00:00:00+00:00, run_after=2025-05-07 00:00:00+00:00
[2025-05-07T19:05:17.257+0000] {processor.py:183} INFO - Processing /home/airflow/.local/lib/python3.8/site-packages/airflow/example_dags/example_setup_teardown_taskflow.py took 0.092 seconds
[2025-05-07T19:05:48.702+0000] {processor.py:161} INFO - Started process (PID=162) to work on /home/airflow/.local/lib/python3.8/site-packages/airflow/example_dags/example_setup_teardown_taskflow.py
[2025-05-07T19:05:48.704+0000] {processor.py:830} INFO - Processing file /home/airflow/.local/lib/python3.8/site-packages/airflow/example_dags/example_setup_teardown_taskflow.py for tasks to queue
[2025-05-07T19:05:48.706+0000] {logging_mixin.py:188} INFO - [2025-05-07T19:05:48.706+0000] {dagbag.py:538} INFO - Filling up the DagBag from /home/airflow/.local/lib/python3.8/site-packages/airflow/example_dags/example_setup_teardown_taskflow.py
[2025-05-07T19:05:48.715+0000] {processor.py:840} INFO - DAG(s) 'example_setup_teardown_taskflow' retrieved from /home/airflow/.local/lib/python3.8/site-packages/airflow/example_dags/example_setup_teardown_taskflow.py
[2025-05-07T19:05:48.803+0000] {logging_mixin.py:188} INFO - [2025-05-07T19:05:48.803+0000] {dag.py:3036} INFO - Sync 1 DAGs
[2025-05-07T19:05:48.823+0000] {logging_mixin.py:188} INFO - [2025-05-07T19:05:48.823+0000] {dag.py:3823} INFO - Setting next_dagrun for example_setup_teardown_taskflow to 2025-05-06 00:00:00+00:00, run_after=2025-05-07 00:00:00+00:00
[2025-05-07T19:05:48.844+0000] {processor.py:183} INFO - Processing /home/airflow/.local/lib/python3.8/site-packages/airflow/example_dags/example_setup_teardown_taskflow.py took 0.145 seconds
[2025-05-07T19:06:19.309+0000] {processor.py:161} INFO - Started process (PID=217) to work on /home/airflow/.local/lib/python3.8/site-packages/airflow/example_dags/example_setup_teardown_taskflow.py
[2025-05-07T19:06:19.311+0000] {processor.py:830} INFO - Processing file /home/airflow/.local/lib/python3.8/site-packages/airflow/example_dags/example_setup_teardown_taskflow.py for tasks to queue
[2025-05-07T19:06:19.315+0000] {logging_mixin.py:188} INFO - [2025-05-07T19:06:19.314+0000] {dagbag.py:538} INFO - Filling up the DagBag from /home/airflow/.local/lib/python3.8/site-packages/airflow/example_dags/example_setup_teardown_taskflow.py
[2025-05-07T19:06:19.325+0000] {processor.py:840} INFO - DAG(s) 'example_setup_teardown_taskflow' retrieved from /home/airflow/.local/lib/python3.8/site-packages/airflow/example_dags/example_setup_teardown_taskflow.py
[2025-05-07T19:06:19.347+0000] {logging_mixin.py:188} INFO - [2025-05-07T19:06:19.346+0000] {dag.py:3036} INFO - Sync 1 DAGs
[2025-05-07T19:06:19.367+0000] {logging_mixin.py:188} INFO - [2025-05-07T19:06:19.367+0000] {dag.py:3823} INFO - Setting next_dagrun for example_setup_teardown_taskflow to 2025-05-06 00:00:00+00:00, run_after=2025-05-07 00:00:00+00:00
[2025-05-07T19:06:19.388+0000] {processor.py:183} INFO - Processing /home/airflow/.local/lib/python3.8/site-packages/airflow/example_dags/example_setup_teardown_taskflow.py took 0.082 seconds
[2025-05-07T19:06:50.427+0000] {processor.py:161} INFO - Started process (PID=272) to work on /home/airflow/.local/lib/python3.8/site-packages/airflow/example_dags/example_setup_teardown_taskflow.py
[2025-05-07T19:06:50.429+0000] {processor.py:830} INFO - Processing file /home/airflow/.local/lib/python3.8/site-packages/airflow/example_dags/example_setup_teardown_taskflow.py for tasks to queue
[2025-05-07T19:06:50.431+0000] {logging_mixin.py:188} INFO - [2025-05-07T19:06:50.431+0000] {dagbag.py:538} INFO - Filling up the DagBag from /home/airflow/.local/lib/python3.8/site-packages/airflow/example_dags/example_setup_teardown_taskflow.py
[2025-05-07T19:06:50.441+0000] {processor.py:840} INFO - DAG(s) 'example_setup_teardown_taskflow' retrieved from /home/airflow/.local/lib/python3.8/site-packages/airflow/example_dags/example_setup_teardown_taskflow.py
[2025-05-07T19:06:50.465+0000] {logging_mixin.py:188} INFO - [2025-05-07T19:06:50.465+0000] {dag.py:3036} INFO - Sync 1 DAGs
[2025-05-07T19:06:50.496+0000] {logging_mixin.py:188} INFO - [2025-05-07T19:06:50.496+0000] {dag.py:3823} INFO - Setting next_dagrun for example_setup_teardown_taskflow to 2025-05-06 00:00:00+00:00, run_after=2025-05-07 00:00:00+00:00
[2025-05-07T19:06:50.521+0000] {processor.py:183} INFO - Processing /home/airflow/.local/lib/python3.8/site-packages/airflow/example_dags/example_setup_teardown_taskflow.py took 0.097 seconds
[2025-05-07T19:07:21.213+0000] {processor.py:161} INFO - Started process (PID=327) to work on /home/airflow/.local/lib/python3.8/site-packages/airflow/example_dags/example_setup_teardown_taskflow.py
[2025-05-07T19:07:21.215+0000] {processor.py:830} INFO - Processing file /home/airflow/.local/lib/python3.8/site-packages/airflow/example_dags/example_setup_teardown_taskflow.py for tasks to queue
[2025-05-07T19:07:21.218+0000] {logging_mixin.py:188} INFO - [2025-05-07T19:07:21.218+0000] {dagbag.py:538} INFO - Filling up the DagBag from /home/airflow/.local/lib/python3.8/site-packages/airflow/example_dags/example_setup_teardown_taskflow.py
[2025-05-07T19:07:21.230+0000] {processor.py:840} INFO - DAG(s) 'example_setup_teardown_taskflow' retrieved from /home/airflow/.local/lib/python3.8/site-packages/airflow/example_dags/example_setup_teardown_taskflow.py
[2025-05-07T19:07:21.251+0000] {logging_mixin.py:188} INFO - [2025-05-07T19:07:21.251+0000] {dag.py:3036} INFO - Sync 1 DAGs
[2025-05-07T19:07:21.289+0000] {logging_mixin.py:188} INFO - [2025-05-07T19:07:21.288+0000] {dag.py:3823} INFO - Setting next_dagrun for example_setup_teardown_taskflow to 2025-05-06 00:00:00+00:00, run_after=2025-05-07 00:00:00+00:00
[2025-05-07T19:07:21.333+0000] {processor.py:183} INFO - Processing /home/airflow/.local/lib/python3.8/site-packages/airflow/example_dags/example_setup_teardown_taskflow.py took 0.126 seconds
[2025-05-07T19:07:51.803+0000] {processor.py:161} INFO - Started process (PID=383) to work on /home/airflow/.local/lib/python3.8/site-packages/airflow/example_dags/example_setup_teardown_taskflow.py
[2025-05-07T19:07:51.807+0000] {processor.py:830} INFO - Processing file /home/airflow/.local/lib/python3.8/site-packages/airflow/example_dags/example_setup_teardown_taskflow.py for tasks to queue
[2025-05-07T19:07:51.813+0000] {logging_mixin.py:188} INFO - [2025-05-07T19:07:51.812+0000] {dagbag.py:538} INFO - Filling up the DagBag from /home/airflow/.local/lib/python3.8/site-packages/airflow/example_dags/example_setup_teardown_taskflow.py
[2025-05-07T19:07:51.834+0000] {processor.py:840} INFO - DAG(s) 'example_setup_teardown_taskflow' retrieved from /home/airflow/.local/lib/python3.8/site-packages/airflow/example_dags/example_setup_teardown_taskflow.py
[2025-05-07T19:07:51.872+0000] {logging_mixin.py:188} INFO - [2025-05-07T19:07:51.872+0000] {dag.py:3036} INFO - Sync 1 DAGs
[2025-05-07T19:07:51.895+0000] {logging_mixin.py:188} INFO - [2025-05-07T19:07:51.895+0000] {dag.py:3823} INFO - Setting next_dagrun for example_setup_teardown_taskflow to 2025-05-06 00:00:00+00:00, run_after=2025-05-07 00:00:00+00:00
[2025-05-07T19:07:51.952+0000] {processor.py:183} INFO - Processing /home/airflow/.local/lib/python3.8/site-packages/airflow/example_dags/example_setup_teardown_taskflow.py took 0.158 seconds
[2025-05-07T19:08:22.201+0000] {processor.py:161} INFO - Started process (PID=438) to work on /home/airflow/.local/lib/python3.8/site-packages/airflow/example_dags/example_setup_teardown_taskflow.py
[2025-05-07T19:08:22.203+0000] {processor.py:830} INFO - Processing file /home/airflow/.local/lib/python3.8/site-packages/airflow/example_dags/example_setup_teardown_taskflow.py for tasks to queue
[2025-05-07T19:08:22.207+0000] {logging_mixin.py:188} INFO - [2025-05-07T19:08:22.207+0000] {dagbag.py:538} INFO - Filling up the DagBag from /home/airflow/.local/lib/python3.8/site-packages/airflow/example_dags/example_setup_teardown_taskflow.py
[2025-05-07T19:08:22.220+0000] {processor.py:840} INFO - DAG(s) 'example_setup_teardown_taskflow' retrieved from /home/airflow/.local/lib/python3.8/site-packages/airflow/example_dags/example_setup_teardown_taskflow.py
[2025-05-07T19:08:22.244+0000] {logging_mixin.py:188} INFO - [2025-05-07T19:08:22.244+0000] {dag.py:3036} INFO - Sync 1 DAGs
[2025-05-07T19:08:22.270+0000] {logging_mixin.py:188} INFO - [2025-05-07T19:08:22.270+0000] {dag.py:3823} INFO - Setting next_dagrun for example_setup_teardown_taskflow to 2025-05-06 00:00:00+00:00, run_after=2025-05-07 00:00:00+00:00
[2025-05-07T19:08:22.295+0000] {processor.py:183} INFO - Processing /home/airflow/.local/lib/python3.8/site-packages/airflow/example_dags/example_setup_teardown_taskflow.py took 0.102 seconds
[2025-05-07T19:08:52.615+0000] {processor.py:161} INFO - Started process (PID=493) to work on /home/airflow/.local/lib/python3.8/site-packages/airflow/example_dags/example_setup_teardown_taskflow.py
[2025-05-07T19:08:52.618+0000] {processor.py:830} INFO - Processing file /home/airflow/.local/lib/python3.8/site-packages/airflow/example_dags/example_setup_teardown_taskflow.py for tasks to queue
[2025-05-07T19:08:52.621+0000] {logging_mixin.py:188} INFO - [2025-05-07T19:08:52.621+0000] {dagbag.py:538} INFO - Filling up the DagBag from /home/airflow/.local/lib/python3.8/site-packages/airflow/example_dags/example_setup_teardown_taskflow.py
[2025-05-07T19:08:52.632+0000] {processor.py:840} INFO - DAG(s) 'example_setup_teardown_taskflow' retrieved from /home/airflow/.local/lib/python3.8/site-packages/airflow/example_dags/example_setup_teardown_taskflow.py
[2025-05-07T19:08:52.656+0000] {logging_mixin.py:188} INFO - [2025-05-07T19:08:52.656+0000] {dag.py:3036} INFO - Sync 1 DAGs
[2025-05-07T19:08:52.680+0000] {logging_mixin.py:188} INFO - [2025-05-07T19:08:52.680+0000] {dag.py:3823} INFO - Setting next_dagrun for example_setup_teardown_taskflow to 2025-05-06 00:00:00+00:00, run_after=2025-05-07 00:00:00+00:00
[2025-05-07T19:08:52.704+0000] {processor.py:183} INFO - Processing /home/airflow/.local/lib/python3.8/site-packages/airflow/example_dags/example_setup_teardown_taskflow.py took 0.093 seconds
[2025-05-07T19:09:22.761+0000] {processor.py:161} INFO - Started process (PID=548) to work on /home/airflow/.local/lib/python3.8/site-packages/airflow/example_dags/example_setup_teardown_taskflow.py
[2025-05-07T19:09:22.762+0000] {processor.py:830} INFO - Processing file /home/airflow/.local/lib/python3.8/site-packages/airflow/example_dags/example_setup_teardown_taskflow.py for tasks to queue
[2025-05-07T19:09:22.764+0000] {logging_mixin.py:188} INFO - [2025-05-07T19:09:22.764+0000] {dagbag.py:538} INFO - Filling up the DagBag from /home/airflow/.local/lib/python3.8/site-packages/airflow/example_dags/example_setup_teardown_taskflow.py
[2025-05-07T19:09:22.775+0000] {processor.py:840} INFO - DAG(s) 'example_setup_teardown_taskflow' retrieved from /home/airflow/.local/lib/python3.8/site-packages/airflow/example_dags/example_setup_teardown_taskflow.py
[2025-05-07T19:09:22.804+0000] {logging_mixin.py:188} INFO - [2025-05-07T19:09:22.804+0000] {dag.py:3036} INFO - Sync 1 DAGs
[2025-05-07T19:09:22.826+0000] {logging_mixin.py:188} INFO - [2025-05-07T19:09:22.826+0000] {dag.py:3823} INFO - Setting next_dagrun for example_setup_teardown_taskflow to 2025-05-06 00:00:00+00:00, run_after=2025-05-07 00:00:00+00:00
[2025-05-07T19:09:22.844+0000] {processor.py:183} INFO - Processing /home/airflow/.local/lib/python3.8/site-packages/airflow/example_dags/example_setup_teardown_taskflow.py took 0.087 seconds
[2025-05-07T19:09:53.346+0000] {processor.py:161} INFO - Started process (PID=602) to work on /home/airflow/.local/lib/python3.8/site-packages/airflow/example_dags/example_setup_teardown_taskflow.py
[2025-05-07T19:09:53.347+0000] {processor.py:830} INFO - Processing file /home/airflow/.local/lib/python3.8/site-packages/airflow/example_dags/example_setup_teardown_taskflow.py for tasks to queue
[2025-05-07T19:09:53.349+0000] {logging_mixin.py:188} INFO - [2025-05-07T19:09:53.349+0000] {dagbag.py:538} INFO - Filling up the DagBag from /home/airflow/.local/lib/python3.8/site-packages/airflow/example_dags/example_setup_teardown_taskflow.py
[2025-05-07T19:09:53.359+0000] {processor.py:840} INFO - DAG(s) 'example_setup_teardown_taskflow' retrieved from /home/airflow/.local/lib/python3.8/site-packages/airflow/example_dags/example_setup_teardown_taskflow.py
[2025-05-07T19:09:53.380+0000] {logging_mixin.py:188} INFO - [2025-05-07T19:09:53.380+0000] {dag.py:3036} INFO - Sync 1 DAGs
[2025-05-07T19:09:53.401+0000] {logging_mixin.py:188} INFO - [2025-05-07T19:09:53.401+0000] {dag.py:3823} INFO - Setting next_dagrun for example_setup_teardown_taskflow to 2025-05-06 00:00:00+00:00, run_after=2025-05-07 00:00:00+00:00
[2025-05-07T19:09:53.422+0000] {processor.py:183} INFO - Processing /home/airflow/.local/lib/python3.8/site-packages/airflow/example_dags/example_setup_teardown_taskflow.py took 0.080 seconds
[2025-05-07T19:10:23.901+0000] {processor.py:161} INFO - Started process (PID=659) to work on /home/airflow/.local/lib/python3.8/site-packages/airflow/example_dags/example_setup_teardown_taskflow.py
[2025-05-07T19:10:23.903+0000] {processor.py:830} INFO - Processing file /home/airflow/.local/lib/python3.8/site-packages/airflow/example_dags/example_setup_teardown_taskflow.py for tasks to queue
[2025-05-07T19:10:23.906+0000] {logging_mixin.py:188} INFO - [2025-05-07T19:10:23.905+0000] {dagbag.py:538} INFO - Filling up the DagBag from /home/airflow/.local/lib/python3.8/site-packages/airflow/example_dags/example_setup_teardown_taskflow.py
[2025-05-07T19:10:23.916+0000] {processor.py:840} INFO - DAG(s) 'example_setup_teardown_taskflow' retrieved from /home/airflow/.local/lib/python3.8/site-packages/airflow/example_dags/example_setup_teardown_taskflow.py
[2025-05-07T19:10:23.940+0000] {logging_mixin.py:188} INFO - [2025-05-07T19:10:23.940+0000] {dag.py:3036} INFO - Sync 1 DAGs
[2025-05-07T19:10:23.965+0000] {logging_mixin.py:188} INFO - [2025-05-07T19:10:23.965+0000] {dag.py:3823} INFO - Setting next_dagrun for example_setup_teardown_taskflow to 2025-05-06 00:00:00+00:00, run_after=2025-05-07 00:00:00+00:00
[2025-05-07T19:10:23.988+0000] {processor.py:183} INFO - Processing /home/airflow/.local/lib/python3.8/site-packages/airflow/example_dags/example_setup_teardown_taskflow.py took 0.092 seconds
[2025-05-07T19:10:55.243+0000] {processor.py:161} INFO - Started process (PID=716) to work on /home/airflow/.local/lib/python3.8/site-packages/airflow/example_dags/example_setup_teardown_taskflow.py
[2025-05-07T19:10:55.244+0000] {processor.py:830} INFO - Processing file /home/airflow/.local/lib/python3.8/site-packages/airflow/example_dags/example_setup_teardown_taskflow.py for tasks to queue
[2025-05-07T19:10:55.246+0000] {logging_mixin.py:188} INFO - [2025-05-07T19:10:55.246+0000] {dagbag.py:538} INFO - Filling up the DagBag from /home/airflow/.local/lib/python3.8/site-packages/airflow/example_dags/example_setup_teardown_taskflow.py
[2025-05-07T19:10:55.256+0000] {processor.py:840} INFO - DAG(s) 'example_setup_teardown_taskflow' retrieved from /home/airflow/.local/lib/python3.8/site-packages/airflow/example_dags/example_setup_teardown_taskflow.py
[2025-05-07T19:10:55.280+0000] {logging_mixin.py:188} INFO - [2025-05-07T19:10:55.280+0000] {dag.py:3036} INFO - Sync 1 DAGs
[2025-05-07T19:10:55.300+0000] {logging_mixin.py:188} INFO - [2025-05-07T19:10:55.300+0000] {dag.py:3823} INFO - Setting next_dagrun for example_setup_teardown_taskflow to 2025-05-06 00:00:00+00:00, run_after=2025-05-07 00:00:00+00:00
[2025-05-07T19:10:55.319+0000] {processor.py:183} INFO - Processing /home/airflow/.local/lib/python3.8/site-packages/airflow/example_dags/example_setup_teardown_taskflow.py took 0.080 seconds
[2025-05-07T19:11:25.918+0000] {processor.py:161} INFO - Started process (PID=776) to work on /home/airflow/.local/lib/python3.8/site-packages/airflow/example_dags/example_setup_teardown_taskflow.py
[2025-05-07T19:11:25.919+0000] {processor.py:830} INFO - Processing file /home/airflow/.local/lib/python3.8/site-packages/airflow/example_dags/example_setup_teardown_taskflow.py for tasks to queue
[2025-05-07T19:11:25.922+0000] {logging_mixin.py:188} INFO - [2025-05-07T19:11:25.921+0000] {dagbag.py:538} INFO - Filling up the DagBag from /home/airflow/.local/lib/python3.8/site-packages/airflow/example_dags/example_setup_teardown_taskflow.py
[2025-05-07T19:11:25.933+0000] {processor.py:840} INFO - DAG(s) 'example_setup_teardown_taskflow' retrieved from /home/airflow/.local/lib/python3.8/site-packages/airflow/example_dags/example_setup_teardown_taskflow.py
[2025-05-07T19:11:25.958+0000] {logging_mixin.py:188} INFO - [2025-05-07T19:11:25.957+0000] {dag.py:3036} INFO - Sync 1 DAGs
[2025-05-07T19:11:25.981+0000] {logging_mixin.py:188} INFO - [2025-05-07T19:11:25.980+0000] {dag.py:3823} INFO - Setting next_dagrun for example_setup_teardown_taskflow to 2025-05-06 00:00:00+00:00, run_after=2025-05-07 00:00:00+00:00
[2025-05-07T19:11:26.004+0000] {processor.py:183} INFO - Processing /home/airflow/.local/lib/python3.8/site-packages/airflow/example_dags/example_setup_teardown_taskflow.py took 0.090 seconds
[2025-05-07T19:11:56.485+0000] {processor.py:161} INFO - Started process (PID=836) to work on /home/airflow/.local/lib/python3.8/site-packages/airflow/example_dags/example_setup_teardown_taskflow.py
[2025-05-07T19:11:56.487+0000] {processor.py:830} INFO - Processing file /home/airflow/.local/lib/python3.8/site-packages/airflow/example_dags/example_setup_teardown_taskflow.py for tasks to queue
[2025-05-07T19:11:56.489+0000] {logging_mixin.py:188} INFO - [2025-05-07T19:11:56.489+0000] {dagbag.py:538} INFO - Filling up the DagBag from /home/airflow/.local/lib/python3.8/site-packages/airflow/example_dags/example_setup_teardown_taskflow.py
[2025-05-07T19:11:56.503+0000] {processor.py:840} INFO - DAG(s) 'example_setup_teardown_taskflow' retrieved from /home/airflow/.local/lib/python3.8/site-packages/airflow/example_dags/example_setup_teardown_taskflow.py
[2025-05-07T19:11:56.532+0000] {logging_mixin.py:188} INFO - [2025-05-07T19:11:56.532+0000] {dag.py:3036} INFO - Sync 1 DAGs
[2025-05-07T19:11:56.566+0000] {logging_mixin.py:188} INFO - [2025-05-07T19:11:56.566+0000] {dag.py:3823} INFO - Setting next_dagrun for example_setup_teardown_taskflow to 2025-05-06 00:00:00+00:00, run_after=2025-05-07 00:00:00+00:00
[2025-05-07T19:11:56.594+0000] {processor.py:183} INFO - Processing /home/airflow/.local/lib/python3.8/site-packages/airflow/example_dags/example_setup_teardown_taskflow.py took 0.114 seconds
[2025-05-07T19:12:27.476+0000] {processor.py:161} INFO - Started process (PID=892) to work on /home/airflow/.local/lib/python3.8/site-packages/airflow/example_dags/example_setup_teardown_taskflow.py
[2025-05-07T19:12:27.478+0000] {processor.py:830} INFO - Processing file /home/airflow/.local/lib/python3.8/site-packages/airflow/example_dags/example_setup_teardown_taskflow.py for tasks to queue
[2025-05-07T19:12:27.480+0000] {logging_mixin.py:188} INFO - [2025-05-07T19:12:27.480+0000] {dagbag.py:538} INFO - Filling up the DagBag from /home/airflow/.local/lib/python3.8/site-packages/airflow/example_dags/example_setup_teardown_taskflow.py
[2025-05-07T19:12:27.489+0000] {processor.py:840} INFO - DAG(s) 'example_setup_teardown_taskflow' retrieved from /home/airflow/.local/lib/python3.8/site-packages/airflow/example_dags/example_setup_teardown_taskflow.py
[2025-05-07T19:12:27.514+0000] {logging_mixin.py:188} INFO - [2025-05-07T19:12:27.513+0000] {dag.py:3036} INFO - Sync 1 DAGs
[2025-05-07T19:12:27.536+0000] {logging_mixin.py:188} INFO - [2025-05-07T19:12:27.536+0000] {dag.py:3823} INFO - Setting next_dagrun for example_setup_teardown_taskflow to 2025-05-06 00:00:00+00:00, run_after=2025-05-07 00:00:00+00:00
[2025-05-07T19:12:27.559+0000] {processor.py:183} INFO - Processing /home/airflow/.local/lib/python3.8/site-packages/airflow/example_dags/example_setup_teardown_taskflow.py took 0.086 seconds
[2025-05-07T19:12:57.961+0000] {processor.py:161} INFO - Started process (PID=948) to work on /home/airflow/.local/lib/python3.8/site-packages/airflow/example_dags/example_setup_teardown_taskflow.py
[2025-05-07T19:12:57.962+0000] {processor.py:830} INFO - Processing file /home/airflow/.local/lib/python3.8/site-packages/airflow/example_dags/example_setup_teardown_taskflow.py for tasks to queue
[2025-05-07T19:12:57.965+0000] {logging_mixin.py:188} INFO - [2025-05-07T19:12:57.965+0000] {dagbag.py:538} INFO - Filling up the DagBag from /home/airflow/.local/lib/python3.8/site-packages/airflow/example_dags/example_setup_teardown_taskflow.py
[2025-05-07T19:12:57.975+0000] {processor.py:840} INFO - DAG(s) 'example_setup_teardown_taskflow' retrieved from /home/airflow/.local/lib/python3.8/site-packages/airflow/example_dags/example_setup_teardown_taskflow.py
[2025-05-07T19:12:57.998+0000] {logging_mixin.py:188} INFO - [2025-05-07T19:12:57.997+0000] {dag.py:3036} INFO - Sync 1 DAGs
[2025-05-07T19:12:58.019+0000] {logging_mixin.py:188} INFO - [2025-05-07T19:12:58.019+0000] {dag.py:3823} INFO - Setting next_dagrun for example_setup_teardown_taskflow to 2025-05-06 00:00:00+00:00, run_after=2025-05-07 00:00:00+00:00
[2025-05-07T19:12:58.042+0000] {processor.py:183} INFO - Processing /home/airflow/.local/lib/python3.8/site-packages/airflow/example_dags/example_setup_teardown_taskflow.py took 0.086 seconds
[2025-05-07T19:13:28.787+0000] {processor.py:161} INFO - Started process (PID=1004) to work on /home/airflow/.local/lib/python3.8/site-packages/airflow/example_dags/example_setup_teardown_taskflow.py
[2025-05-07T19:13:28.788+0000] {processor.py:830} INFO - Processing file /home/airflow/.local/lib/python3.8/site-packages/airflow/example_dags/example_setup_teardown_taskflow.py for tasks to queue
[2025-05-07T19:13:28.790+0000] {logging_mixin.py:188} INFO - [2025-05-07T19:13:28.790+0000] {dagbag.py:538} INFO - Filling up the DagBag from /home/airflow/.local/lib/python3.8/site-packages/airflow/example_dags/example_setup_teardown_taskflow.py
[2025-05-07T19:13:28.801+0000] {processor.py:840} INFO - DAG(s) 'example_setup_teardown_taskflow' retrieved from /home/airflow/.local/lib/python3.8/site-packages/airflow/example_dags/example_setup_teardown_taskflow.py
[2025-05-07T19:13:28.822+0000] {logging_mixin.py:188} INFO - [2025-05-07T19:13:28.822+0000] {dag.py:3036} INFO - Sync 1 DAGs
[2025-05-07T19:13:28.842+0000] {logging_mixin.py:188} INFO - [2025-05-07T19:13:28.842+0000] {dag.py:3823} INFO - Setting next_dagrun for example_setup_teardown_taskflow to 2025-05-06 00:00:00+00:00, run_after=2025-05-07 00:00:00+00:00
[2025-05-07T19:13:28.860+0000] {processor.py:183} INFO - Processing /home/airflow/.local/lib/python3.8/site-packages/airflow/example_dags/example_setup_teardown_taskflow.py took 0.080 seconds
[2025-05-07T19:13:59.027+0000] {processor.py:161} INFO - Started process (PID=1060) to work on /home/airflow/.local/lib/python3.8/site-packages/airflow/example_dags/example_setup_teardown_taskflow.py
[2025-05-07T19:13:59.029+0000] {processor.py:830} INFO - Processing file /home/airflow/.local/lib/python3.8/site-packages/airflow/example_dags/example_setup_teardown_taskflow.py for tasks to queue
[2025-05-07T19:13:59.032+0000] {logging_mixin.py:188} INFO - [2025-05-07T19:13:59.032+0000] {dagbag.py:538} INFO - Filling up the DagBag from /home/airflow/.local/lib/python3.8/site-packages/airflow/example_dags/example_setup_teardown_taskflow.py
[2025-05-07T19:13:59.044+0000] {processor.py:840} INFO - DAG(s) 'example_setup_teardown_taskflow' retrieved from /home/airflow/.local/lib/python3.8/site-packages/airflow/example_dags/example_setup_teardown_taskflow.py
[2025-05-07T19:13:59.068+0000] {logging_mixin.py:188} INFO - [2025-05-07T19:13:59.068+0000] {dag.py:3036} INFO - Sync 1 DAGs
[2025-05-07T19:13:59.092+0000] {logging_mixin.py:188} INFO - [2025-05-07T19:13:59.092+0000] {dag.py:3823} INFO - Setting next_dagrun for example_setup_teardown_taskflow to 2025-05-06 00:00:00+00:00, run_after=2025-05-07 00:00:00+00:00
[2025-05-07T19:13:59.115+0000] {processor.py:183} INFO - Processing /home/airflow/.local/lib/python3.8/site-packages/airflow/example_dags/example_setup_teardown_taskflow.py took 0.091 seconds
[2025-05-07T19:14:29.394+0000] {processor.py:161} INFO - Started process (PID=1116) to work on /home/airflow/.local/lib/python3.8/site-packages/airflow/example_dags/example_setup_teardown_taskflow.py
[2025-05-07T19:14:29.395+0000] {processor.py:830} INFO - Processing file /home/airflow/.local/lib/python3.8/site-packages/airflow/example_dags/example_setup_teardown_taskflow.py for tasks to queue
[2025-05-07T19:14:29.398+0000] {logging_mixin.py:188} INFO - [2025-05-07T19:14:29.397+0000] {dagbag.py:538} INFO - Filling up the DagBag from /home/airflow/.local/lib/python3.8/site-packages/airflow/example_dags/example_setup_teardown_taskflow.py
[2025-05-07T19:14:29.409+0000] {processor.py:840} INFO - DAG(s) 'example_setup_teardown_taskflow' retrieved from /home/airflow/.local/lib/python3.8/site-packages/airflow/example_dags/example_setup_teardown_taskflow.py
[2025-05-07T19:14:29.433+0000] {logging_mixin.py:188} INFO - [2025-05-07T19:14:29.432+0000] {dag.py:3036} INFO - Sync 1 DAGs
[2025-05-07T19:14:29.453+0000] {logging_mixin.py:188} INFO - [2025-05-07T19:14:29.453+0000] {dag.py:3823} INFO - Setting next_dagrun for example_setup_teardown_taskflow to 2025-05-06 00:00:00+00:00, run_after=2025-05-07 00:00:00+00:00
[2025-05-07T19:14:29.472+0000] {processor.py:183} INFO - Processing /home/airflow/.local/lib/python3.8/site-packages/airflow/example_dags/example_setup_teardown_taskflow.py took 0.082 seconds
[2025-05-07T19:14:59.902+0000] {processor.py:161} INFO - Started process (PID=1172) to work on /home/airflow/.local/lib/python3.8/site-packages/airflow/example_dags/example_setup_teardown_taskflow.py
[2025-05-07T19:14:59.903+0000] {processor.py:830} INFO - Processing file /home/airflow/.local/lib/python3.8/site-packages/airflow/example_dags/example_setup_teardown_taskflow.py for tasks to queue
[2025-05-07T19:14:59.905+0000] {logging_mixin.py:188} INFO - [2025-05-07T19:14:59.905+0000] {dagbag.py:538} INFO - Filling up the DagBag from /home/airflow/.local/lib/python3.8/site-packages/airflow/example_dags/example_setup_teardown_taskflow.py
[2025-05-07T19:14:59.915+0000] {processor.py:840} INFO - DAG(s) 'example_setup_teardown_taskflow' retrieved from /home/airflow/.local/lib/python3.8/site-packages/airflow/example_dags/example_setup_teardown_taskflow.py
[2025-05-07T19:14:59.937+0000] {logging_mixin.py:188} INFO - [2025-05-07T19:14:59.937+0000] {dag.py:3036} INFO - Sync 1 DAGs
[2025-05-07T19:14:59.958+0000] {logging_mixin.py:188} INFO - [2025-05-07T19:14:59.958+0000] {dag.py:3823} INFO - Setting next_dagrun for example_setup_teardown_taskflow to 2025-05-06 00:00:00+00:00, run_after=2025-05-07 00:00:00+00:00
[2025-05-07T19:14:59.980+0000] {processor.py:183} INFO - Processing /home/airflow/.local/lib/python3.8/site-packages/airflow/example_dags/example_setup_teardown_taskflow.py took 0.081 seconds
[2025-05-07T19:15:30.388+0000] {processor.py:161} INFO - Started process (PID=1228) to work on /home/airflow/.local/lib/python3.8/site-packages/airflow/example_dags/example_setup_teardown_taskflow.py
[2025-05-07T19:15:30.389+0000] {processor.py:830} INFO - Processing file /home/airflow/.local/lib/python3.8/site-packages/airflow/example_dags/example_setup_teardown_taskflow.py for tasks to queue
[2025-05-07T19:15:30.391+0000] {logging_mixin.py:188} INFO - [2025-05-07T19:15:30.391+0000] {dagbag.py:538} INFO - Filling up the DagBag from /home/airflow/.local/lib/python3.8/site-packages/airflow/example_dags/example_setup_teardown_taskflow.py
[2025-05-07T19:15:30.407+0000] {processor.py:840} INFO - DAG(s) 'example_setup_teardown_taskflow' retrieved from /home/airflow/.local/lib/python3.8/site-packages/airflow/example_dags/example_setup_teardown_taskflow.py
[2025-05-07T19:15:30.437+0000] {logging_mixin.py:188} INFO - [2025-05-07T19:15:30.436+0000] {dag.py:3036} INFO - Sync 1 DAGs
[2025-05-07T19:15:30.460+0000] {logging_mixin.py:188} INFO - [2025-05-07T19:15:30.460+0000] {dag.py:3823} INFO - Setting next_dagrun for example_setup_teardown_taskflow to 2025-05-06 00:00:00+00:00, run_after=2025-05-07 00:00:00+00:00
[2025-05-07T19:15:30.489+0000] {processor.py:183} INFO - Processing /home/airflow/.local/lib/python3.8/site-packages/airflow/example_dags/example_setup_teardown_taskflow.py took 0.105 seconds
[2025-05-07T19:16:01.120+0000] {processor.py:161} INFO - Started process (PID=1284) to work on /home/airflow/.local/lib/python3.8/site-packages/airflow/example_dags/example_setup_teardown_taskflow.py
[2025-05-07T19:16:01.123+0000] {processor.py:830} INFO - Processing file /home/airflow/.local/lib/python3.8/site-packages/airflow/example_dags/example_setup_teardown_taskflow.py for tasks to queue
[2025-05-07T19:16:01.127+0000] {logging_mixin.py:188} INFO - [2025-05-07T19:16:01.126+0000] {dagbag.py:538} INFO - Filling up the DagBag from /home/airflow/.local/lib/python3.8/site-packages/airflow/example_dags/example_setup_teardown_taskflow.py
[2025-05-07T19:16:01.145+0000] {processor.py:840} INFO - DAG(s) 'example_setup_teardown_taskflow' retrieved from /home/airflow/.local/lib/python3.8/site-packages/airflow/example_dags/example_setup_teardown_taskflow.py
[2025-05-07T19:16:01.177+0000] {logging_mixin.py:188} INFO - [2025-05-07T19:16:01.177+0000] {dag.py:3036} INFO - Sync 1 DAGs
[2025-05-07T19:16:01.198+0000] {logging_mixin.py:188} INFO - [2025-05-07T19:16:01.198+0000] {dag.py:3823} INFO - Setting next_dagrun for example_setup_teardown_taskflow to 2025-05-06 00:00:00+00:00, run_after=2025-05-07 00:00:00+00:00
[2025-05-07T19:16:01.221+0000] {processor.py:183} INFO - Processing /home/airflow/.local/lib/python3.8/site-packages/airflow/example_dags/example_setup_teardown_taskflow.py took 0.108 seconds
[2025-05-07T19:16:31.479+0000] {processor.py:161} INFO - Started process (PID=1340) to work on /home/airflow/.local/lib/python3.8/site-packages/airflow/example_dags/example_setup_teardown_taskflow.py
[2025-05-07T19:16:31.482+0000] {processor.py:830} INFO - Processing file /home/airflow/.local/lib/python3.8/site-packages/airflow/example_dags/example_setup_teardown_taskflow.py for tasks to queue
[2025-05-07T19:16:31.485+0000] {logging_mixin.py:188} INFO - [2025-05-07T19:16:31.485+0000] {dagbag.py:538} INFO - Filling up the DagBag from /home/airflow/.local/lib/python3.8/site-packages/airflow/example_dags/example_setup_teardown_taskflow.py
[2025-05-07T19:16:31.497+0000] {processor.py:840} INFO - DAG(s) 'example_setup_teardown_taskflow' retrieved from /home/airflow/.local/lib/python3.8/site-packages/airflow/example_dags/example_setup_teardown_taskflow.py
[2025-05-07T19:16:31.522+0000] {logging_mixin.py:188} INFO - [2025-05-07T19:16:31.522+0000] {dag.py:3036} INFO - Sync 1 DAGs
[2025-05-07T19:16:31.545+0000] {logging_mixin.py:188} INFO - [2025-05-07T19:16:31.545+0000] {dag.py:3823} INFO - Setting next_dagrun for example_setup_teardown_taskflow to 2025-05-06 00:00:00+00:00, run_after=2025-05-07 00:00:00+00:00
[2025-05-07T19:16:31.570+0000] {processor.py:183} INFO - Processing /home/airflow/.local/lib/python3.8/site-packages/airflow/example_dags/example_setup_teardown_taskflow.py took 0.099 seconds
[2025-05-07T19:17:02.233+0000] {processor.py:161} INFO - Started process (PID=1396) to work on /home/airflow/.local/lib/python3.8/site-packages/airflow/example_dags/example_setup_teardown_taskflow.py
[2025-05-07T19:17:02.235+0000] {processor.py:830} INFO - Processing file /home/airflow/.local/lib/python3.8/site-packages/airflow/example_dags/example_setup_teardown_taskflow.py for tasks to queue
[2025-05-07T19:17:02.237+0000] {logging_mixin.py:188} INFO - [2025-05-07T19:17:02.237+0000] {dagbag.py:538} INFO - Filling up the DagBag from /home/airflow/.local/lib/python3.8/site-packages/airflow/example_dags/example_setup_teardown_taskflow.py
[2025-05-07T19:17:02.247+0000] {processor.py:840} INFO - DAG(s) 'example_setup_teardown_taskflow' retrieved from /home/airflow/.local/lib/python3.8/site-packages/airflow/example_dags/example_setup_teardown_taskflow.py
[2025-05-07T19:17:02.270+0000] {logging_mixin.py:188} INFO - [2025-05-07T19:17:02.270+0000] {dag.py:3036} INFO - Sync 1 DAGs
[2025-05-07T19:17:02.292+0000] {logging_mixin.py:188} INFO - [2025-05-07T19:17:02.292+0000] {dag.py:3823} INFO - Setting next_dagrun for example_setup_teardown_taskflow to 2025-05-06 00:00:00+00:00, run_after=2025-05-07 00:00:00+00:00
[2025-05-07T19:17:02.314+0000] {processor.py:183} INFO - Processing /home/airflow/.local/lib/python3.8/site-packages/airflow/example_dags/example_setup_teardown_taskflow.py took 0.084 seconds
[2025-05-07T19:17:32.999+0000] {processor.py:161} INFO - Started process (PID=1452) to work on /home/airflow/.local/lib/python3.8/site-packages/airflow/example_dags/example_setup_teardown_taskflow.py
[2025-05-07T19:17:33.001+0000] {processor.py:830} INFO - Processing file /home/airflow/.local/lib/python3.8/site-packages/airflow/example_dags/example_setup_teardown_taskflow.py for tasks to queue
[2025-05-07T19:17:33.003+0000] {logging_mixin.py:188} INFO - [2025-05-07T19:17:33.003+0000] {dagbag.py:538} INFO - Filling up the DagBag from /home/airflow/.local/lib/python3.8/site-packages/airflow/example_dags/example_setup_teardown_taskflow.py
[2025-05-07T19:17:33.013+0000] {processor.py:840} INFO - DAG(s) 'example_setup_teardown_taskflow' retrieved from /home/airflow/.local/lib/python3.8/site-packages/airflow/example_dags/example_setup_teardown_taskflow.py
[2025-05-07T19:17:33.036+0000] {logging_mixin.py:188} INFO - [2025-05-07T19:17:33.035+0000] {dag.py:3036} INFO - Sync 1 DAGs
[2025-05-07T19:17:33.060+0000] {logging_mixin.py:188} INFO - [2025-05-07T19:17:33.060+0000] {dag.py:3823} INFO - Setting next_dagrun for example_setup_teardown_taskflow to 2025-05-06 00:00:00+00:00, run_after=2025-05-07 00:00:00+00:00
[2025-05-07T19:17:33.079+0000] {processor.py:183} INFO - Processing /home/airflow/.local/lib/python3.8/site-packages/airflow/example_dags/example_setup_teardown_taskflow.py took 0.084 seconds
[2025-05-07T19:18:03.915+0000] {processor.py:161} INFO - Started process (PID=1508) to work on /home/airflow/.local/lib/python3.8/site-packages/airflow/example_dags/example_setup_teardown_taskflow.py
[2025-05-07T19:18:03.917+0000] {processor.py:830} INFO - Processing file /home/airflow/.local/lib/python3.8/site-packages/airflow/example_dags/example_setup_teardown_taskflow.py for tasks to queue
[2025-05-07T19:18:03.919+0000] {logging_mixin.py:188} INFO - [2025-05-07T19:18:03.919+0000] {dagbag.py:538} INFO - Filling up the DagBag from /home/airflow/.local/lib/python3.8/site-packages/airflow/example_dags/example_setup_teardown_taskflow.py
[2025-05-07T19:18:03.929+0000] {processor.py:840} INFO - DAG(s) 'example_setup_teardown_taskflow' retrieved from /home/airflow/.local/lib/python3.8/site-packages/airflow/example_dags/example_setup_teardown_taskflow.py
[2025-05-07T19:18:03.951+0000] {logging_mixin.py:188} INFO - [2025-05-07T19:18:03.950+0000] {dag.py:3036} INFO - Sync 1 DAGs
[2025-05-07T19:18:03.974+0000] {logging_mixin.py:188} INFO - [2025-05-07T19:18:03.974+0000] {dag.py:3823} INFO - Setting next_dagrun for example_setup_teardown_taskflow to 2025-05-06 00:00:00+00:00, run_after=2025-05-07 00:00:00+00:00
[2025-05-07T19:18:03.995+0000] {processor.py:183} INFO - Processing /home/airflow/.local/lib/python3.8/site-packages/airflow/example_dags/example_setup_teardown_taskflow.py took 0.082 seconds
[2025-05-07T19:18:34.326+0000] {processor.py:161} INFO - Started process (PID=1564) to work on /home/airflow/.local/lib/python3.8/site-packages/airflow/example_dags/example_setup_teardown_taskflow.py
[2025-05-07T19:18:34.327+0000] {processor.py:830} INFO - Processing file /home/airflow/.local/lib/python3.8/site-packages/airflow/example_dags/example_setup_teardown_taskflow.py for tasks to queue
[2025-05-07T19:18:34.330+0000] {logging_mixin.py:188} INFO - [2025-05-07T19:18:34.329+0000] {dagbag.py:538} INFO - Filling up the DagBag from /home/airflow/.local/lib/python3.8/site-packages/airflow/example_dags/example_setup_teardown_taskflow.py
[2025-05-07T19:18:34.339+0000] {processor.py:840} INFO - DAG(s) 'example_setup_teardown_taskflow' retrieved from /home/airflow/.local/lib/python3.8/site-packages/airflow/example_dags/example_setup_teardown_taskflow.py
[2025-05-07T19:18:34.361+0000] {logging_mixin.py:188} INFO - [2025-05-07T19:18:34.361+0000] {dag.py:3036} INFO - Sync 1 DAGs
[2025-05-07T19:18:34.385+0000] {logging_mixin.py:188} INFO - [2025-05-07T19:18:34.385+0000] {dag.py:3823} INFO - Setting next_dagrun for example_setup_teardown_taskflow to 2025-05-06 00:00:00+00:00, run_after=2025-05-07 00:00:00+00:00
[2025-05-07T19:18:34.408+0000] {processor.py:183} INFO - Processing /home/airflow/.local/lib/python3.8/site-packages/airflow/example_dags/example_setup_teardown_taskflow.py took 0.085 seconds
[2025-05-07T19:19:04.778+0000] {processor.py:161} INFO - Started process (PID=1620) to work on /home/airflow/.local/lib/python3.8/site-packages/airflow/example_dags/example_setup_teardown_taskflow.py
[2025-05-07T19:19:04.779+0000] {processor.py:830} INFO - Processing file /home/airflow/.local/lib/python3.8/site-packages/airflow/example_dags/example_setup_teardown_taskflow.py for tasks to queue
[2025-05-07T19:19:04.781+0000] {logging_mixin.py:188} INFO - [2025-05-07T19:19:04.781+0000] {dagbag.py:538} INFO - Filling up the DagBag from /home/airflow/.local/lib/python3.8/site-packages/airflow/example_dags/example_setup_teardown_taskflow.py
[2025-05-07T19:19:04.790+0000] {processor.py:840} INFO - DAG(s) 'example_setup_teardown_taskflow' retrieved from /home/airflow/.local/lib/python3.8/site-packages/airflow/example_dags/example_setup_teardown_taskflow.py
[2025-05-07T19:19:04.811+0000] {logging_mixin.py:188} INFO - [2025-05-07T19:19:04.811+0000] {dag.py:3036} INFO - Sync 1 DAGs
[2025-05-07T19:19:04.831+0000] {logging_mixin.py:188} INFO - [2025-05-07T19:19:04.831+0000] {dag.py:3823} INFO - Setting next_dagrun for example_setup_teardown_taskflow to 2025-05-06 00:00:00+00:00, run_after=2025-05-07 00:00:00+00:00
[2025-05-07T19:19:04.851+0000] {processor.py:183} INFO - Processing /home/airflow/.local/lib/python3.8/site-packages/airflow/example_dags/example_setup_teardown_taskflow.py took 0.076 seconds
[2025-05-07T19:19:37.145+0000] {processor.py:161} INFO - Started process (PID=1676) to work on /home/airflow/.local/lib/python3.8/site-packages/airflow/example_dags/example_setup_teardown_taskflow.py
[2025-05-07T19:19:37.148+0000] {processor.py:830} INFO - Processing file /home/airflow/.local/lib/python3.8/site-packages/airflow/example_dags/example_setup_teardown_taskflow.py for tasks to queue
[2025-05-07T19:19:37.153+0000] {logging_mixin.py:188} INFO - [2025-05-07T19:19:37.152+0000] {dagbag.py:538} INFO - Filling up the DagBag from /home/airflow/.local/lib/python3.8/site-packages/airflow/example_dags/example_setup_teardown_taskflow.py
[2025-05-07T19:19:37.174+0000] {processor.py:840} INFO - DAG(s) 'example_setup_teardown_taskflow' retrieved from /home/airflow/.local/lib/python3.8/site-packages/airflow/example_dags/example_setup_teardown_taskflow.py
[2025-05-07T19:19:37.215+0000] {logging_mixin.py:188} INFO - [2025-05-07T19:19:37.215+0000] {dag.py:3036} INFO - Sync 1 DAGs
[2025-05-07T19:19:37.238+0000] {logging_mixin.py:188} INFO - [2025-05-07T19:19:37.238+0000] {dag.py:3823} INFO - Setting next_dagrun for example_setup_teardown_taskflow to 2025-05-06 00:00:00+00:00, run_after=2025-05-07 00:00:00+00:00
[2025-05-07T19:19:37.261+0000] {processor.py:183} INFO - Processing /home/airflow/.local/lib/python3.8/site-packages/airflow/example_dags/example_setup_teardown_taskflow.py took 0.124 seconds
[2025-05-07T19:20:07.592+0000] {processor.py:161} INFO - Started process (PID=1732) to work on /home/airflow/.local/lib/python3.8/site-packages/airflow/example_dags/example_setup_teardown_taskflow.py
[2025-05-07T19:20:07.594+0000] {processor.py:830} INFO - Processing file /home/airflow/.local/lib/python3.8/site-packages/airflow/example_dags/example_setup_teardown_taskflow.py for tasks to queue
[2025-05-07T19:20:07.596+0000] {logging_mixin.py:188} INFO - [2025-05-07T19:20:07.596+0000] {dagbag.py:538} INFO - Filling up the DagBag from /home/airflow/.local/lib/python3.8/site-packages/airflow/example_dags/example_setup_teardown_taskflow.py
[2025-05-07T19:20:07.605+0000] {processor.py:840} INFO - DAG(s) 'example_setup_teardown_taskflow' retrieved from /home/airflow/.local/lib/python3.8/site-packages/airflow/example_dags/example_setup_teardown_taskflow.py
[2025-05-07T19:20:07.627+0000] {logging_mixin.py:188} INFO - [2025-05-07T19:20:07.626+0000] {dag.py:3036} INFO - Sync 1 DAGs
[2025-05-07T19:20:07.649+0000] {logging_mixin.py:188} INFO - [2025-05-07T19:20:07.648+0000] {dag.py:3823} INFO - Setting next_dagrun for example_setup_teardown_taskflow to 2025-05-06 00:00:00+00:00, run_after=2025-05-07 00:00:00+00:00
[2025-05-07T19:20:07.672+0000] {processor.py:183} INFO - Processing /home/airflow/.local/lib/python3.8/site-packages/airflow/example_dags/example_setup_teardown_taskflow.py took 0.082 seconds
[2025-05-07T19:20:37.889+0000] {processor.py:161} INFO - Started process (PID=1788) to work on /home/airflow/.local/lib/python3.8/site-packages/airflow/example_dags/example_setup_teardown_taskflow.py
[2025-05-07T19:20:37.891+0000] {processor.py:830} INFO - Processing file /home/airflow/.local/lib/python3.8/site-packages/airflow/example_dags/example_setup_teardown_taskflow.py for tasks to queue
[2025-05-07T19:20:37.894+0000] {logging_mixin.py:188} INFO - [2025-05-07T19:20:37.894+0000] {dagbag.py:538} INFO - Filling up the DagBag from /home/airflow/.local/lib/python3.8/site-packages/airflow/example_dags/example_setup_teardown_taskflow.py
[2025-05-07T19:20:37.907+0000] {processor.py:840} INFO - DAG(s) 'example_setup_teardown_taskflow' retrieved from /home/airflow/.local/lib/python3.8/site-packages/airflow/example_dags/example_setup_teardown_taskflow.py
[2025-05-07T19:20:37.934+0000] {logging_mixin.py:188} INFO - [2025-05-07T19:20:37.933+0000] {dag.py:3036} INFO - Sync 1 DAGs
[2025-05-07T19:20:37.962+0000] {logging_mixin.py:188} INFO - [2025-05-07T19:20:37.960+0000] {dag.py:3823} INFO - Setting next_dagrun for example_setup_teardown_taskflow to 2025-05-06 00:00:00+00:00, run_after=2025-05-07 00:00:00+00:00
[2025-05-07T19:20:37.984+0000] {processor.py:183} INFO - Processing /home/airflow/.local/lib/python3.8/site-packages/airflow/example_dags/example_setup_teardown_taskflow.py took 0.100 seconds
[2025-05-07T19:22:05.315+0000] {processor.py:161} INFO - Started process (PID=116) to work on /home/airflow/.local/lib/python3.8/site-packages/airflow/example_dags/example_setup_teardown_taskflow.py
[2025-05-07T19:22:05.317+0000] {processor.py:830} INFO - Processing file /home/airflow/.local/lib/python3.8/site-packages/airflow/example_dags/example_setup_teardown_taskflow.py for tasks to queue
[2025-05-07T19:22:05.319+0000] {logging_mixin.py:188} INFO - [2025-05-07T19:22:05.319+0000] {dagbag.py:538} INFO - Filling up the DagBag from /home/airflow/.local/lib/python3.8/site-packages/airflow/example_dags/example_setup_teardown_taskflow.py
[2025-05-07T19:22:05.332+0000] {processor.py:840} INFO - DAG(s) 'example_setup_teardown_taskflow' retrieved from /home/airflow/.local/lib/python3.8/site-packages/airflow/example_dags/example_setup_teardown_taskflow.py
[2025-05-07T19:22:05.352+0000] {logging_mixin.py:188} INFO - [2025-05-07T19:22:05.352+0000] {dag.py:3036} INFO - Sync 1 DAGs
[2025-05-07T19:22:05.380+0000] {logging_mixin.py:188} INFO - [2025-05-07T19:22:05.380+0000] {dag.py:3823} INFO - Setting next_dagrun for example_setup_teardown_taskflow to 2025-05-06 00:00:00+00:00, run_after=2025-05-07 00:00:00+00:00
[2025-05-07T19:22:05.407+0000] {processor.py:183} INFO - Processing /home/airflow/.local/lib/python3.8/site-packages/airflow/example_dags/example_setup_teardown_taskflow.py took 0.095 seconds
[2025-05-07T19:22:36.743+0000] {processor.py:161} INFO - Started process (PID=173) to work on /home/airflow/.local/lib/python3.8/site-packages/airflow/example_dags/example_setup_teardown_taskflow.py
[2025-05-07T19:22:36.746+0000] {processor.py:830} INFO - Processing file /home/airflow/.local/lib/python3.8/site-packages/airflow/example_dags/example_setup_teardown_taskflow.py for tasks to queue
[2025-05-07T19:22:36.748+0000] {logging_mixin.py:188} INFO - [2025-05-07T19:22:36.748+0000] {dagbag.py:538} INFO - Filling up the DagBag from /home/airflow/.local/lib/python3.8/site-packages/airflow/example_dags/example_setup_teardown_taskflow.py
[2025-05-07T19:22:36.759+0000] {processor.py:840} INFO - DAG(s) 'example_setup_teardown_taskflow' retrieved from /home/airflow/.local/lib/python3.8/site-packages/airflow/example_dags/example_setup_teardown_taskflow.py
[2025-05-07T19:22:36.864+0000] {logging_mixin.py:188} INFO - [2025-05-07T19:22:36.864+0000] {dag.py:3036} INFO - Sync 1 DAGs
[2025-05-07T19:22:36.888+0000] {logging_mixin.py:188} INFO - [2025-05-07T19:22:36.887+0000] {dag.py:3823} INFO - Setting next_dagrun for example_setup_teardown_taskflow to 2025-05-06 00:00:00+00:00, run_after=2025-05-07 00:00:00+00:00
[2025-05-07T19:22:36.913+0000] {processor.py:183} INFO - Processing /home/airflow/.local/lib/python3.8/site-packages/airflow/example_dags/example_setup_teardown_taskflow.py took 0.173 seconds
[2025-05-07T19:23:07.191+0000] {processor.py:161} INFO - Started process (PID=229) to work on /home/airflow/.local/lib/python3.8/site-packages/airflow/example_dags/example_setup_teardown_taskflow.py
[2025-05-07T19:23:07.193+0000] {processor.py:830} INFO - Processing file /home/airflow/.local/lib/python3.8/site-packages/airflow/example_dags/example_setup_teardown_taskflow.py for tasks to queue
[2025-05-07T19:23:07.198+0000] {logging_mixin.py:188} INFO - [2025-05-07T19:23:07.197+0000] {dagbag.py:538} INFO - Filling up the DagBag from /home/airflow/.local/lib/python3.8/site-packages/airflow/example_dags/example_setup_teardown_taskflow.py
[2025-05-07T19:23:07.215+0000] {processor.py:840} INFO - DAG(s) 'example_setup_teardown_taskflow' retrieved from /home/airflow/.local/lib/python3.8/site-packages/airflow/example_dags/example_setup_teardown_taskflow.py
[2025-05-07T19:23:07.247+0000] {logging_mixin.py:188} INFO - [2025-05-07T19:23:07.247+0000] {dag.py:3036} INFO - Sync 1 DAGs
[2025-05-07T19:23:07.275+0000] {logging_mixin.py:188} INFO - [2025-05-07T19:23:07.275+0000] {dag.py:3823} INFO - Setting next_dagrun for example_setup_teardown_taskflow to 2025-05-06 00:00:00+00:00, run_after=2025-05-07 00:00:00+00:00
[2025-05-07T19:23:07.294+0000] {processor.py:183} INFO - Processing /home/airflow/.local/lib/python3.8/site-packages/airflow/example_dags/example_setup_teardown_taskflow.py took 0.108 seconds
[2025-05-07T19:23:37.458+0000] {processor.py:161} INFO - Started process (PID=290) to work on /home/airflow/.local/lib/python3.8/site-packages/airflow/example_dags/example_setup_teardown_taskflow.py
[2025-05-07T19:23:37.460+0000] {processor.py:830} INFO - Processing file /home/airflow/.local/lib/python3.8/site-packages/airflow/example_dags/example_setup_teardown_taskflow.py for tasks to queue
[2025-05-07T19:23:37.464+0000] {logging_mixin.py:188} INFO - [2025-05-07T19:23:37.463+0000] {dagbag.py:538} INFO - Filling up the DagBag from /home/airflow/.local/lib/python3.8/site-packages/airflow/example_dags/example_setup_teardown_taskflow.py
[2025-05-07T19:23:37.475+0000] {processor.py:840} INFO - DAG(s) 'example_setup_teardown_taskflow' retrieved from /home/airflow/.local/lib/python3.8/site-packages/airflow/example_dags/example_setup_teardown_taskflow.py
[2025-05-07T19:23:37.506+0000] {logging_mixin.py:188} INFO - [2025-05-07T19:23:37.505+0000] {dag.py:3036} INFO - Sync 1 DAGs
[2025-05-07T19:23:37.531+0000] {logging_mixin.py:188} INFO - [2025-05-07T19:23:37.531+0000] {dag.py:3823} INFO - Setting next_dagrun for example_setup_teardown_taskflow to 2025-05-06 00:00:00+00:00, run_after=2025-05-07 00:00:00+00:00
[2025-05-07T19:23:37.555+0000] {processor.py:183} INFO - Processing /home/airflow/.local/lib/python3.8/site-packages/airflow/example_dags/example_setup_teardown_taskflow.py took 0.102 seconds
[2025-05-07T19:24:08.039+0000] {processor.py:161} INFO - Started process (PID=349) to work on /home/airflow/.local/lib/python3.8/site-packages/airflow/example_dags/example_setup_teardown_taskflow.py
[2025-05-07T19:24:08.041+0000] {processor.py:830} INFO - Processing file /home/airflow/.local/lib/python3.8/site-packages/airflow/example_dags/example_setup_teardown_taskflow.py for tasks to queue
[2025-05-07T19:24:08.043+0000] {logging_mixin.py:188} INFO - [2025-05-07T19:24:08.043+0000] {dagbag.py:538} INFO - Filling up the DagBag from /home/airflow/.local/lib/python3.8/site-packages/airflow/example_dags/example_setup_teardown_taskflow.py
[2025-05-07T19:24:08.053+0000] {processor.py:840} INFO - DAG(s) 'example_setup_teardown_taskflow' retrieved from /home/airflow/.local/lib/python3.8/site-packages/airflow/example_dags/example_setup_teardown_taskflow.py
[2025-05-07T19:24:08.074+0000] {logging_mixin.py:188} INFO - [2025-05-07T19:24:08.073+0000] {dag.py:3036} INFO - Sync 1 DAGs
[2025-05-07T19:24:08.096+0000] {logging_mixin.py:188} INFO - [2025-05-07T19:24:08.096+0000] {dag.py:3823} INFO - Setting next_dagrun for example_setup_teardown_taskflow to 2025-05-06 00:00:00+00:00, run_after=2025-05-07 00:00:00+00:00
[2025-05-07T19:24:08.120+0000] {processor.py:183} INFO - Processing /home/airflow/.local/lib/python3.8/site-packages/airflow/example_dags/example_setup_teardown_taskflow.py took 0.084 seconds
[2025-05-07T19:24:38.614+0000] {processor.py:161} INFO - Started process (PID=412) to work on /home/airflow/.local/lib/python3.8/site-packages/airflow/example_dags/example_setup_teardown_taskflow.py
[2025-05-07T19:24:38.616+0000] {processor.py:830} INFO - Processing file /home/airflow/.local/lib/python3.8/site-packages/airflow/example_dags/example_setup_teardown_taskflow.py for tasks to queue
[2025-05-07T19:24:38.618+0000] {logging_mixin.py:188} INFO - [2025-05-07T19:24:38.618+0000] {dagbag.py:538} INFO - Filling up the DagBag from /home/airflow/.local/lib/python3.8/site-packages/airflow/example_dags/example_setup_teardown_taskflow.py
[2025-05-07T19:24:38.629+0000] {processor.py:840} INFO - DAG(s) 'example_setup_teardown_taskflow' retrieved from /home/airflow/.local/lib/python3.8/site-packages/airflow/example_dags/example_setup_teardown_taskflow.py
[2025-05-07T19:24:38.652+0000] {logging_mixin.py:188} INFO - [2025-05-07T19:24:38.651+0000] {dag.py:3036} INFO - Sync 1 DAGs
[2025-05-07T19:24:38.673+0000] {logging_mixin.py:188} INFO - [2025-05-07T19:24:38.673+0000] {dag.py:3823} INFO - Setting next_dagrun for example_setup_teardown_taskflow to 2025-05-06 00:00:00+00:00, run_after=2025-05-07 00:00:00+00:00
[2025-05-07T19:24:38.691+0000] {processor.py:183} INFO - Processing /home/airflow/.local/lib/python3.8/site-packages/airflow/example_dags/example_setup_teardown_taskflow.py took 0.080 seconds
[2025-05-07T19:25:08.909+0000] {processor.py:161} INFO - Started process (PID=470) to work on /home/airflow/.local/lib/python3.8/site-packages/airflow/example_dags/example_setup_teardown_taskflow.py
[2025-05-07T19:25:08.912+0000] {processor.py:830} INFO - Processing file /home/airflow/.local/lib/python3.8/site-packages/airflow/example_dags/example_setup_teardown_taskflow.py for tasks to queue
[2025-05-07T19:25:08.917+0000] {logging_mixin.py:188} INFO - [2025-05-07T19:25:08.916+0000] {dagbag.py:538} INFO - Filling up the DagBag from /home/airflow/.local/lib/python3.8/site-packages/airflow/example_dags/example_setup_teardown_taskflow.py
[2025-05-07T19:25:08.935+0000] {processor.py:840} INFO - DAG(s) 'example_setup_teardown_taskflow' retrieved from /home/airflow/.local/lib/python3.8/site-packages/airflow/example_dags/example_setup_teardown_taskflow.py
[2025-05-07T19:25:08.961+0000] {logging_mixin.py:188} INFO - [2025-05-07T19:25:08.961+0000] {dag.py:3036} INFO - Sync 1 DAGs
[2025-05-07T19:25:08.983+0000] {logging_mixin.py:188} INFO - [2025-05-07T19:25:08.983+0000] {dag.py:3823} INFO - Setting next_dagrun for example_setup_teardown_taskflow to 2025-05-06 00:00:00+00:00, run_after=2025-05-07 00:00:00+00:00
[2025-05-07T19:25:09.007+0000] {processor.py:183} INFO - Processing /home/airflow/.local/lib/python3.8/site-packages/airflow/example_dags/example_setup_teardown_taskflow.py took 0.106 seconds
[2025-05-07T19:25:39.663+0000] {processor.py:161} INFO - Started process (PID=526) to work on /home/airflow/.local/lib/python3.8/site-packages/airflow/example_dags/example_setup_teardown_taskflow.py
[2025-05-07T19:25:39.665+0000] {processor.py:830} INFO - Processing file /home/airflow/.local/lib/python3.8/site-packages/airflow/example_dags/example_setup_teardown_taskflow.py for tasks to queue
[2025-05-07T19:25:39.667+0000] {logging_mixin.py:188} INFO - [2025-05-07T19:25:39.666+0000] {dagbag.py:538} INFO - Filling up the DagBag from /home/airflow/.local/lib/python3.8/site-packages/airflow/example_dags/example_setup_teardown_taskflow.py
[2025-05-07T19:25:39.676+0000] {processor.py:840} INFO - DAG(s) 'example_setup_teardown_taskflow' retrieved from /home/airflow/.local/lib/python3.8/site-packages/airflow/example_dags/example_setup_teardown_taskflow.py
[2025-05-07T19:25:39.701+0000] {logging_mixin.py:188} INFO - [2025-05-07T19:25:39.700+0000] {dag.py:3036} INFO - Sync 1 DAGs
[2025-05-07T19:25:39.727+0000] {logging_mixin.py:188} INFO - [2025-05-07T19:25:39.727+0000] {dag.py:3823} INFO - Setting next_dagrun for example_setup_teardown_taskflow to 2025-05-06 00:00:00+00:00, run_after=2025-05-07 00:00:00+00:00
[2025-05-07T19:25:39.747+0000] {processor.py:183} INFO - Processing /home/airflow/.local/lib/python3.8/site-packages/airflow/example_dags/example_setup_teardown_taskflow.py took 0.088 seconds
[2025-05-07T19:26:10.113+0000] {processor.py:161} INFO - Started process (PID=587) to work on /home/airflow/.local/lib/python3.8/site-packages/airflow/example_dags/example_setup_teardown_taskflow.py
[2025-05-07T19:26:10.115+0000] {processor.py:830} INFO - Processing file /home/airflow/.local/lib/python3.8/site-packages/airflow/example_dags/example_setup_teardown_taskflow.py for tasks to queue
[2025-05-07T19:26:10.117+0000] {logging_mixin.py:188} INFO - [2025-05-07T19:26:10.117+0000] {dagbag.py:538} INFO - Filling up the DagBag from /home/airflow/.local/lib/python3.8/site-packages/airflow/example_dags/example_setup_teardown_taskflow.py
[2025-05-07T19:26:10.128+0000] {processor.py:840} INFO - DAG(s) 'example_setup_teardown_taskflow' retrieved from /home/airflow/.local/lib/python3.8/site-packages/airflow/example_dags/example_setup_teardown_taskflow.py
[2025-05-07T19:26:10.151+0000] {logging_mixin.py:188} INFO - [2025-05-07T19:26:10.151+0000] {dag.py:3036} INFO - Sync 1 DAGs
[2025-05-07T19:26:10.173+0000] {logging_mixin.py:188} INFO - [2025-05-07T19:26:10.173+0000] {dag.py:3823} INFO - Setting next_dagrun for example_setup_teardown_taskflow to 2025-05-06 00:00:00+00:00, run_after=2025-05-07 00:00:00+00:00
[2025-05-07T19:26:10.195+0000] {processor.py:183} INFO - Processing /home/airflow/.local/lib/python3.8/site-packages/airflow/example_dags/example_setup_teardown_taskflow.py took 0.086 seconds
[2025-05-07T19:26:41.889+0000] {processor.py:161} INFO - Started process (PID=652) to work on /home/airflow/.local/lib/python3.8/site-packages/airflow/example_dags/example_setup_teardown_taskflow.py
[2025-05-07T19:26:41.892+0000] {processor.py:830} INFO - Processing file /home/airflow/.local/lib/python3.8/site-packages/airflow/example_dags/example_setup_teardown_taskflow.py for tasks to queue
[2025-05-07T19:26:41.897+0000] {logging_mixin.py:188} INFO - [2025-05-07T19:26:41.897+0000] {dagbag.py:538} INFO - Filling up the DagBag from /home/airflow/.local/lib/python3.8/site-packages/airflow/example_dags/example_setup_teardown_taskflow.py
[2025-05-07T19:26:41.912+0000] {processor.py:840} INFO - DAG(s) 'example_setup_teardown_taskflow' retrieved from /home/airflow/.local/lib/python3.8/site-packages/airflow/example_dags/example_setup_teardown_taskflow.py
[2025-05-07T19:26:41.936+0000] {logging_mixin.py:188} INFO - [2025-05-07T19:26:41.936+0000] {dag.py:3036} INFO - Sync 1 DAGs
[2025-05-07T19:26:41.965+0000] {logging_mixin.py:188} INFO - [2025-05-07T19:26:41.964+0000] {dag.py:3823} INFO - Setting next_dagrun for example_setup_teardown_taskflow to 2025-05-06 00:00:00+00:00, run_after=2025-05-07 00:00:00+00:00
[2025-05-07T19:26:41.999+0000] {processor.py:183} INFO - Processing /home/airflow/.local/lib/python3.8/site-packages/airflow/example_dags/example_setup_teardown_taskflow.py took 0.117 seconds
[2025-05-07T19:27:12.321+0000] {processor.py:161} INFO - Started process (PID=709) to work on /home/airflow/.local/lib/python3.8/site-packages/airflow/example_dags/example_setup_teardown_taskflow.py
[2025-05-07T19:27:12.322+0000] {processor.py:830} INFO - Processing file /home/airflow/.local/lib/python3.8/site-packages/airflow/example_dags/example_setup_teardown_taskflow.py for tasks to queue
[2025-05-07T19:27:12.325+0000] {logging_mixin.py:188} INFO - [2025-05-07T19:27:12.324+0000] {dagbag.py:538} INFO - Filling up the DagBag from /home/airflow/.local/lib/python3.8/site-packages/airflow/example_dags/example_setup_teardown_taskflow.py
[2025-05-07T19:27:12.335+0000] {processor.py:840} INFO - DAG(s) 'example_setup_teardown_taskflow' retrieved from /home/airflow/.local/lib/python3.8/site-packages/airflow/example_dags/example_setup_teardown_taskflow.py
[2025-05-07T19:27:12.366+0000] {logging_mixin.py:188} INFO - [2025-05-07T19:27:12.366+0000] {dag.py:3036} INFO - Sync 1 DAGs
[2025-05-07T19:27:12.400+0000] {logging_mixin.py:188} INFO - [2025-05-07T19:27:12.400+0000] {dag.py:3823} INFO - Setting next_dagrun for example_setup_teardown_taskflow to 2025-05-06 00:00:00+00:00, run_after=2025-05-07 00:00:00+00:00
[2025-05-07T19:27:12.432+0000] {processor.py:183} INFO - Processing /home/airflow/.local/lib/python3.8/site-packages/airflow/example_dags/example_setup_teardown_taskflow.py took 0.114 seconds
[2025-05-07T19:27:43.580+0000] {processor.py:161} INFO - Started process (PID=767) to work on /home/airflow/.local/lib/python3.8/site-packages/airflow/example_dags/example_setup_teardown_taskflow.py
[2025-05-07T19:27:43.586+0000] {processor.py:830} INFO - Processing file /home/airflow/.local/lib/python3.8/site-packages/airflow/example_dags/example_setup_teardown_taskflow.py for tasks to queue
[2025-05-07T19:27:43.591+0000] {logging_mixin.py:188} INFO - [2025-05-07T19:27:43.590+0000] {dagbag.py:538} INFO - Filling up the DagBag from /home/airflow/.local/lib/python3.8/site-packages/airflow/example_dags/example_setup_teardown_taskflow.py
[2025-05-07T19:27:43.606+0000] {processor.py:840} INFO - DAG(s) 'example_setup_teardown_taskflow' retrieved from /home/airflow/.local/lib/python3.8/site-packages/airflow/example_dags/example_setup_teardown_taskflow.py
[2025-05-07T19:27:43.630+0000] {logging_mixin.py:188} INFO - [2025-05-07T19:27:43.629+0000] {dag.py:3036} INFO - Sync 1 DAGs
[2025-05-07T19:27:43.652+0000] {logging_mixin.py:188} INFO - [2025-05-07T19:27:43.652+0000] {dag.py:3823} INFO - Setting next_dagrun for example_setup_teardown_taskflow to 2025-05-06 00:00:00+00:00, run_after=2025-05-07 00:00:00+00:00
[2025-05-07T19:27:43.676+0000] {processor.py:183} INFO - Processing /home/airflow/.local/lib/python3.8/site-packages/airflow/example_dags/example_setup_teardown_taskflow.py took 0.102 seconds
[2025-05-07T19:28:13.835+0000] {processor.py:161} INFO - Started process (PID=824) to work on /home/airflow/.local/lib/python3.8/site-packages/airflow/example_dags/example_setup_teardown_taskflow.py
[2025-05-07T19:28:13.837+0000] {processor.py:830} INFO - Processing file /home/airflow/.local/lib/python3.8/site-packages/airflow/example_dags/example_setup_teardown_taskflow.py for tasks to queue
[2025-05-07T19:28:13.839+0000] {logging_mixin.py:188} INFO - [2025-05-07T19:28:13.838+0000] {dagbag.py:538} INFO - Filling up the DagBag from /home/airflow/.local/lib/python3.8/site-packages/airflow/example_dags/example_setup_teardown_taskflow.py
[2025-05-07T19:28:13.848+0000] {processor.py:840} INFO - DAG(s) 'example_setup_teardown_taskflow' retrieved from /home/airflow/.local/lib/python3.8/site-packages/airflow/example_dags/example_setup_teardown_taskflow.py
[2025-05-07T19:28:13.870+0000] {logging_mixin.py:188} INFO - [2025-05-07T19:28:13.870+0000] {dag.py:3036} INFO - Sync 1 DAGs
[2025-05-07T19:28:13.891+0000] {logging_mixin.py:188} INFO - [2025-05-07T19:28:13.890+0000] {dag.py:3823} INFO - Setting next_dagrun for example_setup_teardown_taskflow to 2025-05-06 00:00:00+00:00, run_after=2025-05-07 00:00:00+00:00
[2025-05-07T19:28:13.909+0000] {processor.py:183} INFO - Processing /home/airflow/.local/lib/python3.8/site-packages/airflow/example_dags/example_setup_teardown_taskflow.py took 0.077 seconds
[2025-05-07T19:28:44.937+0000] {processor.py:161} INFO - Started process (PID=881) to work on /home/airflow/.local/lib/python3.8/site-packages/airflow/example_dags/example_setup_teardown_taskflow.py
[2025-05-07T19:28:44.941+0000] {processor.py:830} INFO - Processing file /home/airflow/.local/lib/python3.8/site-packages/airflow/example_dags/example_setup_teardown_taskflow.py for tasks to queue
[2025-05-07T19:28:44.944+0000] {logging_mixin.py:188} INFO - [2025-05-07T19:28:44.944+0000] {dagbag.py:538} INFO - Filling up the DagBag from /home/airflow/.local/lib/python3.8/site-packages/airflow/example_dags/example_setup_teardown_taskflow.py
[2025-05-07T19:28:44.961+0000] {processor.py:840} INFO - DAG(s) 'example_setup_teardown_taskflow' retrieved from /home/airflow/.local/lib/python3.8/site-packages/airflow/example_dags/example_setup_teardown_taskflow.py
[2025-05-07T19:28:45.008+0000] {logging_mixin.py:188} INFO - [2025-05-07T19:28:45.008+0000] {dag.py:3036} INFO - Sync 1 DAGs
[2025-05-07T19:28:45.031+0000] {logging_mixin.py:188} INFO - [2025-05-07T19:28:45.031+0000] {dag.py:3823} INFO - Setting next_dagrun for example_setup_teardown_taskflow to 2025-05-06 00:00:00+00:00, run_after=2025-05-07 00:00:00+00:00
[2025-05-07T19:28:45.054+0000] {processor.py:183} INFO - Processing /home/airflow/.local/lib/python3.8/site-packages/airflow/example_dags/example_setup_teardown_taskflow.py took 0.124 seconds
[2025-05-07T19:29:15.212+0000] {processor.py:161} INFO - Started process (PID=938) to work on /home/airflow/.local/lib/python3.8/site-packages/airflow/example_dags/example_setup_teardown_taskflow.py
[2025-05-07T19:29:15.213+0000] {processor.py:830} INFO - Processing file /home/airflow/.local/lib/python3.8/site-packages/airflow/example_dags/example_setup_teardown_taskflow.py for tasks to queue
[2025-05-07T19:29:15.215+0000] {logging_mixin.py:188} INFO - [2025-05-07T19:29:15.215+0000] {dagbag.py:538} INFO - Filling up the DagBag from /home/airflow/.local/lib/python3.8/site-packages/airflow/example_dags/example_setup_teardown_taskflow.py
[2025-05-07T19:29:15.224+0000] {processor.py:840} INFO - DAG(s) 'example_setup_teardown_taskflow' retrieved from /home/airflow/.local/lib/python3.8/site-packages/airflow/example_dags/example_setup_teardown_taskflow.py
[2025-05-07T19:29:15.245+0000] {logging_mixin.py:188} INFO - [2025-05-07T19:29:15.245+0000] {dag.py:3036} INFO - Sync 1 DAGs
[2025-05-07T19:29:15.265+0000] {logging_mixin.py:188} INFO - [2025-05-07T19:29:15.265+0000] {dag.py:3823} INFO - Setting next_dagrun for example_setup_teardown_taskflow to 2025-05-06 00:00:00+00:00, run_after=2025-05-07 00:00:00+00:00
[2025-05-07T19:29:15.287+0000] {processor.py:183} INFO - Processing /home/airflow/.local/lib/python3.8/site-packages/airflow/example_dags/example_setup_teardown_taskflow.py took 0.077 seconds
[2025-05-07T19:29:46.059+0000] {processor.py:161} INFO - Started process (PID=995) to work on /home/airflow/.local/lib/python3.8/site-packages/airflow/example_dags/example_setup_teardown_taskflow.py
[2025-05-07T19:29:46.061+0000] {processor.py:830} INFO - Processing file /home/airflow/.local/lib/python3.8/site-packages/airflow/example_dags/example_setup_teardown_taskflow.py for tasks to queue
[2025-05-07T19:29:46.065+0000] {logging_mixin.py:188} INFO - [2025-05-07T19:29:46.064+0000] {dagbag.py:538} INFO - Filling up the DagBag from /home/airflow/.local/lib/python3.8/site-packages/airflow/example_dags/example_setup_teardown_taskflow.py
[2025-05-07T19:29:46.079+0000] {processor.py:840} INFO - DAG(s) 'example_setup_teardown_taskflow' retrieved from /home/airflow/.local/lib/python3.8/site-packages/airflow/example_dags/example_setup_teardown_taskflow.py
[2025-05-07T19:29:46.105+0000] {logging_mixin.py:188} INFO - [2025-05-07T19:29:46.105+0000] {dag.py:3036} INFO - Sync 1 DAGs
[2025-05-07T19:29:46.128+0000] {logging_mixin.py:188} INFO - [2025-05-07T19:29:46.127+0000] {dag.py:3823} INFO - Setting next_dagrun for example_setup_teardown_taskflow to 2025-05-06 00:00:00+00:00, run_after=2025-05-07 00:00:00+00:00
[2025-05-07T19:29:46.153+0000] {processor.py:183} INFO - Processing /home/airflow/.local/lib/python3.8/site-packages/airflow/example_dags/example_setup_teardown_taskflow.py took 0.098 seconds
[2025-05-07T19:33:18.942+0000] {processor.py:161} INFO - Started process (PID=111) to work on /home/airflow/.local/lib/python3.8/site-packages/airflow/example_dags/example_setup_teardown_taskflow.py
[2025-05-07T19:33:18.943+0000] {processor.py:830} INFO - Processing file /home/airflow/.local/lib/python3.8/site-packages/airflow/example_dags/example_setup_teardown_taskflow.py for tasks to queue
[2025-05-07T19:33:18.946+0000] {logging_mixin.py:188} INFO - [2025-05-07T19:33:18.946+0000] {dagbag.py:538} INFO - Filling up the DagBag from /home/airflow/.local/lib/python3.8/site-packages/airflow/example_dags/example_setup_teardown_taskflow.py
[2025-05-07T19:33:18.959+0000] {processor.py:840} INFO - DAG(s) 'example_setup_teardown_taskflow' retrieved from /home/airflow/.local/lib/python3.8/site-packages/airflow/example_dags/example_setup_teardown_taskflow.py
[2025-05-07T19:33:18.973+0000] {logging_mixin.py:188} INFO - [2025-05-07T19:33:18.973+0000] {dag.py:3036} INFO - Sync 1 DAGs
[2025-05-07T19:33:18.998+0000] {logging_mixin.py:188} INFO - [2025-05-07T19:33:18.998+0000] {dag.py:3823} INFO - Setting next_dagrun for example_setup_teardown_taskflow to 2025-05-06 00:00:00+00:00, run_after=2025-05-07 00:00:00+00:00
[2025-05-07T19:33:19.019+0000] {processor.py:183} INFO - Processing /home/airflow/.local/lib/python3.8/site-packages/airflow/example_dags/example_setup_teardown_taskflow.py took 0.082 seconds
[2025-05-07T19:33:52.234+0000] {processor.py:161} INFO - Started process (PID=168) to work on /home/airflow/.local/lib/python3.8/site-packages/airflow/example_dags/example_setup_teardown_taskflow.py
[2025-05-07T19:33:52.236+0000] {processor.py:830} INFO - Processing file /home/airflow/.local/lib/python3.8/site-packages/airflow/example_dags/example_setup_teardown_taskflow.py for tasks to queue
[2025-05-07T19:33:52.238+0000] {logging_mixin.py:188} INFO - [2025-05-07T19:33:52.238+0000] {dagbag.py:538} INFO - Filling up the DagBag from /home/airflow/.local/lib/python3.8/site-packages/airflow/example_dags/example_setup_teardown_taskflow.py
[2025-05-07T19:33:52.251+0000] {processor.py:840} INFO - DAG(s) 'example_setup_teardown_taskflow' retrieved from /home/airflow/.local/lib/python3.8/site-packages/airflow/example_dags/example_setup_teardown_taskflow.py
[2025-05-07T19:33:52.365+0000] {logging_mixin.py:188} INFO - [2025-05-07T19:33:52.364+0000] {dag.py:3036} INFO - Sync 1 DAGs
[2025-05-07T19:33:52.390+0000] {logging_mixin.py:188} INFO - [2025-05-07T19:33:52.390+0000] {dag.py:3823} INFO - Setting next_dagrun for example_setup_teardown_taskflow to 2025-05-06 00:00:00+00:00, run_after=2025-05-07 00:00:00+00:00
[2025-05-07T19:33:52.418+0000] {processor.py:183} INFO - Processing /home/airflow/.local/lib/python3.8/site-packages/airflow/example_dags/example_setup_teardown_taskflow.py took 0.188 seconds
[2025-05-07T19:34:22.559+0000] {processor.py:161} INFO - Started process (PID=225) to work on /home/airflow/.local/lib/python3.8/site-packages/airflow/example_dags/example_setup_teardown_taskflow.py
[2025-05-07T19:34:22.560+0000] {processor.py:830} INFO - Processing file /home/airflow/.local/lib/python3.8/site-packages/airflow/example_dags/example_setup_teardown_taskflow.py for tasks to queue
[2025-05-07T19:34:22.563+0000] {logging_mixin.py:188} INFO - [2025-05-07T19:34:22.563+0000] {dagbag.py:538} INFO - Filling up the DagBag from /home/airflow/.local/lib/python3.8/site-packages/airflow/example_dags/example_setup_teardown_taskflow.py
[2025-05-07T19:34:22.573+0000] {processor.py:840} INFO - DAG(s) 'example_setup_teardown_taskflow' retrieved from /home/airflow/.local/lib/python3.8/site-packages/airflow/example_dags/example_setup_teardown_taskflow.py
[2025-05-07T19:34:22.595+0000] {logging_mixin.py:188} INFO - [2025-05-07T19:34:22.595+0000] {dag.py:3036} INFO - Sync 1 DAGs
[2025-05-07T19:34:22.614+0000] {logging_mixin.py:188} INFO - [2025-05-07T19:34:22.614+0000] {dag.py:3823} INFO - Setting next_dagrun for example_setup_teardown_taskflow to 2025-05-06 00:00:00+00:00, run_after=2025-05-07 00:00:00+00:00
[2025-05-07T19:34:22.632+0000] {processor.py:183} INFO - Processing /home/airflow/.local/lib/python3.8/site-packages/airflow/example_dags/example_setup_teardown_taskflow.py took 0.077 seconds
[2025-05-07T19:34:53.066+0000] {processor.py:161} INFO - Started process (PID=282) to work on /home/airflow/.local/lib/python3.8/site-packages/airflow/example_dags/example_setup_teardown_taskflow.py
[2025-05-07T19:34:53.067+0000] {processor.py:830} INFO - Processing file /home/airflow/.local/lib/python3.8/site-packages/airflow/example_dags/example_setup_teardown_taskflow.py for tasks to queue
[2025-05-07T19:34:53.069+0000] {logging_mixin.py:188} INFO - [2025-05-07T19:34:53.069+0000] {dagbag.py:538} INFO - Filling up the DagBag from /home/airflow/.local/lib/python3.8/site-packages/airflow/example_dags/example_setup_teardown_taskflow.py
[2025-05-07T19:34:53.079+0000] {processor.py:840} INFO - DAG(s) 'example_setup_teardown_taskflow' retrieved from /home/airflow/.local/lib/python3.8/site-packages/airflow/example_dags/example_setup_teardown_taskflow.py
[2025-05-07T19:34:53.100+0000] {logging_mixin.py:188} INFO - [2025-05-07T19:34:53.100+0000] {dag.py:3036} INFO - Sync 1 DAGs
[2025-05-07T19:34:53.121+0000] {logging_mixin.py:188} INFO - [2025-05-07T19:34:53.121+0000] {dag.py:3823} INFO - Setting next_dagrun for example_setup_teardown_taskflow to 2025-05-06 00:00:00+00:00, run_after=2025-05-07 00:00:00+00:00
[2025-05-07T19:34:53.142+0000] {processor.py:183} INFO - Processing /home/airflow/.local/lib/python3.8/site-packages/airflow/example_dags/example_setup_teardown_taskflow.py took 0.079 seconds
[2025-05-07T19:35:24.097+0000] {processor.py:161} INFO - Started process (PID=339) to work on /home/airflow/.local/lib/python3.8/site-packages/airflow/example_dags/example_setup_teardown_taskflow.py
[2025-05-07T19:35:24.100+0000] {processor.py:830} INFO - Processing file /home/airflow/.local/lib/python3.8/site-packages/airflow/example_dags/example_setup_teardown_taskflow.py for tasks to queue
[2025-05-07T19:35:24.102+0000] {logging_mixin.py:188} INFO - [2025-05-07T19:35:24.102+0000] {dagbag.py:538} INFO - Filling up the DagBag from /home/airflow/.local/lib/python3.8/site-packages/airflow/example_dags/example_setup_teardown_taskflow.py
[2025-05-07T19:35:24.112+0000] {processor.py:840} INFO - DAG(s) 'example_setup_teardown_taskflow' retrieved from /home/airflow/.local/lib/python3.8/site-packages/airflow/example_dags/example_setup_teardown_taskflow.py
[2025-05-07T19:35:24.135+0000] {logging_mixin.py:188} INFO - [2025-05-07T19:35:24.135+0000] {dag.py:3036} INFO - Sync 1 DAGs
[2025-05-07T19:35:24.164+0000] {logging_mixin.py:188} INFO - [2025-05-07T19:35:24.163+0000] {dag.py:3823} INFO - Setting next_dagrun for example_setup_teardown_taskflow to 2025-05-06 00:00:00+00:00, run_after=2025-05-07 00:00:00+00:00
[2025-05-07T19:35:24.185+0000] {processor.py:183} INFO - Processing /home/airflow/.local/lib/python3.8/site-packages/airflow/example_dags/example_setup_teardown_taskflow.py took 0.092 seconds
[2025-05-07T19:35:55.074+0000] {processor.py:161} INFO - Started process (PID=396) to work on /home/airflow/.local/lib/python3.8/site-packages/airflow/example_dags/example_setup_teardown_taskflow.py
[2025-05-07T19:35:55.075+0000] {processor.py:830} INFO - Processing file /home/airflow/.local/lib/python3.8/site-packages/airflow/example_dags/example_setup_teardown_taskflow.py for tasks to queue
[2025-05-07T19:35:55.078+0000] {logging_mixin.py:188} INFO - [2025-05-07T19:35:55.077+0000] {dagbag.py:538} INFO - Filling up the DagBag from /home/airflow/.local/lib/python3.8/site-packages/airflow/example_dags/example_setup_teardown_taskflow.py
[2025-05-07T19:35:55.089+0000] {processor.py:840} INFO - DAG(s) 'example_setup_teardown_taskflow' retrieved from /home/airflow/.local/lib/python3.8/site-packages/airflow/example_dags/example_setup_teardown_taskflow.py
[2025-05-07T19:35:55.111+0000] {logging_mixin.py:188} INFO - [2025-05-07T19:35:55.111+0000] {dag.py:3036} INFO - Sync 1 DAGs
[2025-05-07T19:35:55.134+0000] {logging_mixin.py:188} INFO - [2025-05-07T19:35:55.134+0000] {dag.py:3823} INFO - Setting next_dagrun for example_setup_teardown_taskflow to 2025-05-06 00:00:00+00:00, run_after=2025-05-07 00:00:00+00:00
[2025-05-07T19:35:55.161+0000] {processor.py:183} INFO - Processing /home/airflow/.local/lib/python3.8/site-packages/airflow/example_dags/example_setup_teardown_taskflow.py took 0.090 seconds
[2025-05-07T19:36:25.638+0000] {processor.py:161} INFO - Started process (PID=453) to work on /home/airflow/.local/lib/python3.8/site-packages/airflow/example_dags/example_setup_teardown_taskflow.py
[2025-05-07T19:36:25.640+0000] {processor.py:830} INFO - Processing file /home/airflow/.local/lib/python3.8/site-packages/airflow/example_dags/example_setup_teardown_taskflow.py for tasks to queue
[2025-05-07T19:36:25.642+0000] {logging_mixin.py:188} INFO - [2025-05-07T19:36:25.641+0000] {dagbag.py:538} INFO - Filling up the DagBag from /home/airflow/.local/lib/python3.8/site-packages/airflow/example_dags/example_setup_teardown_taskflow.py
[2025-05-07T19:36:25.653+0000] {processor.py:840} INFO - DAG(s) 'example_setup_teardown_taskflow' retrieved from /home/airflow/.local/lib/python3.8/site-packages/airflow/example_dags/example_setup_teardown_taskflow.py
[2025-05-07T19:36:25.672+0000] {logging_mixin.py:188} INFO - [2025-05-07T19:36:25.672+0000] {dag.py:3036} INFO - Sync 1 DAGs
[2025-05-07T19:36:25.692+0000] {logging_mixin.py:188} INFO - [2025-05-07T19:36:25.692+0000] {dag.py:3823} INFO - Setting next_dagrun for example_setup_teardown_taskflow to 2025-05-06 00:00:00+00:00, run_after=2025-05-07 00:00:00+00:00
[2025-05-07T19:36:25.713+0000] {processor.py:183} INFO - Processing /home/airflow/.local/lib/python3.8/site-packages/airflow/example_dags/example_setup_teardown_taskflow.py took 0.079 seconds
[2025-05-07T19:36:56.308+0000] {processor.py:161} INFO - Started process (PID=510) to work on /home/airflow/.local/lib/python3.8/site-packages/airflow/example_dags/example_setup_teardown_taskflow.py
[2025-05-07T19:36:56.313+0000] {processor.py:830} INFO - Processing file /home/airflow/.local/lib/python3.8/site-packages/airflow/example_dags/example_setup_teardown_taskflow.py for tasks to queue
[2025-05-07T19:36:56.315+0000] {logging_mixin.py:188} INFO - [2025-05-07T19:36:56.315+0000] {dagbag.py:538} INFO - Filling up the DagBag from /home/airflow/.local/lib/python3.8/site-packages/airflow/example_dags/example_setup_teardown_taskflow.py
[2025-05-07T19:36:56.328+0000] {processor.py:840} INFO - DAG(s) 'example_setup_teardown_taskflow' retrieved from /home/airflow/.local/lib/python3.8/site-packages/airflow/example_dags/example_setup_teardown_taskflow.py
[2025-05-07T19:36:56.371+0000] {logging_mixin.py:188} INFO - [2025-05-07T19:36:56.370+0000] {dag.py:3036} INFO - Sync 1 DAGs
[2025-05-07T19:36:56.396+0000] {logging_mixin.py:188} INFO - [2025-05-07T19:36:56.395+0000] {dag.py:3823} INFO - Setting next_dagrun for example_setup_teardown_taskflow to 2025-05-06 00:00:00+00:00, run_after=2025-05-07 00:00:00+00:00
[2025-05-07T19:36:56.426+0000] {processor.py:183} INFO - Processing /home/airflow/.local/lib/python3.8/site-packages/airflow/example_dags/example_setup_teardown_taskflow.py took 0.124 seconds
[2025-05-07T19:37:26.773+0000] {processor.py:161} INFO - Started process (PID=567) to work on /home/airflow/.local/lib/python3.8/site-packages/airflow/example_dags/example_setup_teardown_taskflow.py
[2025-05-07T19:37:26.775+0000] {processor.py:830} INFO - Processing file /home/airflow/.local/lib/python3.8/site-packages/airflow/example_dags/example_setup_teardown_taskflow.py for tasks to queue
[2025-05-07T19:37:26.779+0000] {logging_mixin.py:188} INFO - [2025-05-07T19:37:26.779+0000] {dagbag.py:538} INFO - Filling up the DagBag from /home/airflow/.local/lib/python3.8/site-packages/airflow/example_dags/example_setup_teardown_taskflow.py
[2025-05-07T19:37:26.791+0000] {processor.py:840} INFO - DAG(s) 'example_setup_teardown_taskflow' retrieved from /home/airflow/.local/lib/python3.8/site-packages/airflow/example_dags/example_setup_teardown_taskflow.py
[2025-05-07T19:37:26.817+0000] {logging_mixin.py:188} INFO - [2025-05-07T19:37:26.817+0000] {dag.py:3036} INFO - Sync 1 DAGs
[2025-05-07T19:37:26.844+0000] {logging_mixin.py:188} INFO - [2025-05-07T19:37:26.844+0000] {dag.py:3823} INFO - Setting next_dagrun for example_setup_teardown_taskflow to 2025-05-06 00:00:00+00:00, run_after=2025-05-07 00:00:00+00:00
[2025-05-07T19:37:26.868+0000] {processor.py:183} INFO - Processing /home/airflow/.local/lib/python3.8/site-packages/airflow/example_dags/example_setup_teardown_taskflow.py took 0.099 seconds
[2025-05-07T19:37:57.625+0000] {processor.py:161} INFO - Started process (PID=624) to work on /home/airflow/.local/lib/python3.8/site-packages/airflow/example_dags/example_setup_teardown_taskflow.py
[2025-05-07T19:37:57.626+0000] {processor.py:830} INFO - Processing file /home/airflow/.local/lib/python3.8/site-packages/airflow/example_dags/example_setup_teardown_taskflow.py for tasks to queue
[2025-05-07T19:37:57.628+0000] {logging_mixin.py:188} INFO - [2025-05-07T19:37:57.628+0000] {dagbag.py:538} INFO - Filling up the DagBag from /home/airflow/.local/lib/python3.8/site-packages/airflow/example_dags/example_setup_teardown_taskflow.py
[2025-05-07T19:37:57.638+0000] {processor.py:840} INFO - DAG(s) 'example_setup_teardown_taskflow' retrieved from /home/airflow/.local/lib/python3.8/site-packages/airflow/example_dags/example_setup_teardown_taskflow.py
[2025-05-07T19:37:57.660+0000] {logging_mixin.py:188} INFO - [2025-05-07T19:37:57.660+0000] {dag.py:3036} INFO - Sync 1 DAGs
[2025-05-07T19:37:57.686+0000] {logging_mixin.py:188} INFO - [2025-05-07T19:37:57.685+0000] {dag.py:3823} INFO - Setting next_dagrun for example_setup_teardown_taskflow to 2025-05-06 00:00:00+00:00, run_after=2025-05-07 00:00:00+00:00
[2025-05-07T19:37:57.706+0000] {processor.py:183} INFO - Processing /home/airflow/.local/lib/python3.8/site-packages/airflow/example_dags/example_setup_teardown_taskflow.py took 0.085 seconds
[2025-05-07T19:38:28.021+0000] {processor.py:161} INFO - Started process (PID=681) to work on /home/airflow/.local/lib/python3.8/site-packages/airflow/example_dags/example_setup_teardown_taskflow.py
[2025-05-07T19:38:28.022+0000] {processor.py:830} INFO - Processing file /home/airflow/.local/lib/python3.8/site-packages/airflow/example_dags/example_setup_teardown_taskflow.py for tasks to queue
[2025-05-07T19:38:28.024+0000] {logging_mixin.py:188} INFO - [2025-05-07T19:38:28.023+0000] {dagbag.py:538} INFO - Filling up the DagBag from /home/airflow/.local/lib/python3.8/site-packages/airflow/example_dags/example_setup_teardown_taskflow.py
[2025-05-07T19:38:28.032+0000] {processor.py:840} INFO - DAG(s) 'example_setup_teardown_taskflow' retrieved from /home/airflow/.local/lib/python3.8/site-packages/airflow/example_dags/example_setup_teardown_taskflow.py
[2025-05-07T19:38:28.053+0000] {logging_mixin.py:188} INFO - [2025-05-07T19:38:28.053+0000] {dag.py:3036} INFO - Sync 1 DAGs
[2025-05-07T19:38:28.075+0000] {logging_mixin.py:188} INFO - [2025-05-07T19:38:28.075+0000] {dag.py:3823} INFO - Setting next_dagrun for example_setup_teardown_taskflow to 2025-05-06 00:00:00+00:00, run_after=2025-05-07 00:00:00+00:00
[2025-05-07T19:38:28.095+0000] {processor.py:183} INFO - Processing /home/airflow/.local/lib/python3.8/site-packages/airflow/example_dags/example_setup_teardown_taskflow.py took 0.078 seconds
[2025-05-07T19:38:58.475+0000] {processor.py:161} INFO - Started process (PID=738) to work on /home/airflow/.local/lib/python3.8/site-packages/airflow/example_dags/example_setup_teardown_taskflow.py
[2025-05-07T19:38:58.477+0000] {processor.py:830} INFO - Processing file /home/airflow/.local/lib/python3.8/site-packages/airflow/example_dags/example_setup_teardown_taskflow.py for tasks to queue
[2025-05-07T19:38:58.480+0000] {logging_mixin.py:188} INFO - [2025-05-07T19:38:58.480+0000] {dagbag.py:538} INFO - Filling up the DagBag from /home/airflow/.local/lib/python3.8/site-packages/airflow/example_dags/example_setup_teardown_taskflow.py
[2025-05-07T19:38:58.491+0000] {processor.py:840} INFO - DAG(s) 'example_setup_teardown_taskflow' retrieved from /home/airflow/.local/lib/python3.8/site-packages/airflow/example_dags/example_setup_teardown_taskflow.py
[2025-05-07T19:38:58.515+0000] {logging_mixin.py:188} INFO - [2025-05-07T19:38:58.514+0000] {dag.py:3036} INFO - Sync 1 DAGs
[2025-05-07T19:38:58.535+0000] {logging_mixin.py:188} INFO - [2025-05-07T19:38:58.535+0000] {dag.py:3823} INFO - Setting next_dagrun for example_setup_teardown_taskflow to 2025-05-06 00:00:00+00:00, run_after=2025-05-07 00:00:00+00:00
[2025-05-07T19:38:58.556+0000] {processor.py:183} INFO - Processing /home/airflow/.local/lib/python3.8/site-packages/airflow/example_dags/example_setup_teardown_taskflow.py took 0.085 seconds
[2025-05-07T19:39:28.882+0000] {processor.py:161} INFO - Started process (PID=795) to work on /home/airflow/.local/lib/python3.8/site-packages/airflow/example_dags/example_setup_teardown_taskflow.py
[2025-05-07T19:39:28.884+0000] {processor.py:830} INFO - Processing file /home/airflow/.local/lib/python3.8/site-packages/airflow/example_dags/example_setup_teardown_taskflow.py for tasks to queue
[2025-05-07T19:39:28.887+0000] {logging_mixin.py:188} INFO - [2025-05-07T19:39:28.886+0000] {dagbag.py:538} INFO - Filling up the DagBag from /home/airflow/.local/lib/python3.8/site-packages/airflow/example_dags/example_setup_teardown_taskflow.py
[2025-05-07T19:39:28.898+0000] {processor.py:840} INFO - DAG(s) 'example_setup_teardown_taskflow' retrieved from /home/airflow/.local/lib/python3.8/site-packages/airflow/example_dags/example_setup_teardown_taskflow.py
[2025-05-07T19:39:28.921+0000] {logging_mixin.py:188} INFO - [2025-05-07T19:39:28.921+0000] {dag.py:3036} INFO - Sync 1 DAGs
[2025-05-07T19:39:28.949+0000] {logging_mixin.py:188} INFO - [2025-05-07T19:39:28.949+0000] {dag.py:3823} INFO - Setting next_dagrun for example_setup_teardown_taskflow to 2025-05-06 00:00:00+00:00, run_after=2025-05-07 00:00:00+00:00
[2025-05-07T19:39:28.971+0000] {processor.py:183} INFO - Processing /home/airflow/.local/lib/python3.8/site-packages/airflow/example_dags/example_setup_teardown_taskflow.py took 0.093 seconds
[2025-05-07T19:39:59.493+0000] {processor.py:161} INFO - Started process (PID=852) to work on /home/airflow/.local/lib/python3.8/site-packages/airflow/example_dags/example_setup_teardown_taskflow.py
[2025-05-07T19:39:59.495+0000] {processor.py:830} INFO - Processing file /home/airflow/.local/lib/python3.8/site-packages/airflow/example_dags/example_setup_teardown_taskflow.py for tasks to queue
[2025-05-07T19:39:59.498+0000] {logging_mixin.py:188} INFO - [2025-05-07T19:39:59.497+0000] {dagbag.py:538} INFO - Filling up the DagBag from /home/airflow/.local/lib/python3.8/site-packages/airflow/example_dags/example_setup_teardown_taskflow.py
[2025-05-07T19:39:59.508+0000] {processor.py:840} INFO - DAG(s) 'example_setup_teardown_taskflow' retrieved from /home/airflow/.local/lib/python3.8/site-packages/airflow/example_dags/example_setup_teardown_taskflow.py
[2025-05-07T19:39:59.530+0000] {logging_mixin.py:188} INFO - [2025-05-07T19:39:59.529+0000] {dag.py:3036} INFO - Sync 1 DAGs
[2025-05-07T19:39:59.553+0000] {logging_mixin.py:188} INFO - [2025-05-07T19:39:59.553+0000] {dag.py:3823} INFO - Setting next_dagrun for example_setup_teardown_taskflow to 2025-05-06 00:00:00+00:00, run_after=2025-05-07 00:00:00+00:00
[2025-05-07T19:39:59.575+0000] {processor.py:183} INFO - Processing /home/airflow/.local/lib/python3.8/site-packages/airflow/example_dags/example_setup_teardown_taskflow.py took 0.086 seconds
[2025-05-07T19:40:30.487+0000] {processor.py:161} INFO - Started process (PID=909) to work on /home/airflow/.local/lib/python3.8/site-packages/airflow/example_dags/example_setup_teardown_taskflow.py
[2025-05-07T19:40:30.489+0000] {processor.py:830} INFO - Processing file /home/airflow/.local/lib/python3.8/site-packages/airflow/example_dags/example_setup_teardown_taskflow.py for tasks to queue
[2025-05-07T19:40:30.493+0000] {logging_mixin.py:188} INFO - [2025-05-07T19:40:30.492+0000] {dagbag.py:538} INFO - Filling up the DagBag from /home/airflow/.local/lib/python3.8/site-packages/airflow/example_dags/example_setup_teardown_taskflow.py
[2025-05-07T19:40:30.508+0000] {processor.py:840} INFO - DAG(s) 'example_setup_teardown_taskflow' retrieved from /home/airflow/.local/lib/python3.8/site-packages/airflow/example_dags/example_setup_teardown_taskflow.py
[2025-05-07T19:40:30.535+0000] {logging_mixin.py:188} INFO - [2025-05-07T19:40:30.535+0000] {dag.py:3036} INFO - Sync 1 DAGs
[2025-05-07T19:40:30.564+0000] {logging_mixin.py:188} INFO - [2025-05-07T19:40:30.564+0000] {dag.py:3823} INFO - Setting next_dagrun for example_setup_teardown_taskflow to 2025-05-06 00:00:00+00:00, run_after=2025-05-07 00:00:00+00:00
[2025-05-07T19:40:30.594+0000] {processor.py:183} INFO - Processing /home/airflow/.local/lib/python3.8/site-packages/airflow/example_dags/example_setup_teardown_taskflow.py took 0.115 seconds
[2025-05-07T19:41:01.046+0000] {processor.py:161} INFO - Started process (PID=966) to work on /home/airflow/.local/lib/python3.8/site-packages/airflow/example_dags/example_setup_teardown_taskflow.py
[2025-05-07T19:41:01.048+0000] {processor.py:830} INFO - Processing file /home/airflow/.local/lib/python3.8/site-packages/airflow/example_dags/example_setup_teardown_taskflow.py for tasks to queue
[2025-05-07T19:41:01.050+0000] {logging_mixin.py:188} INFO - [2025-05-07T19:41:01.050+0000] {dagbag.py:538} INFO - Filling up the DagBag from /home/airflow/.local/lib/python3.8/site-packages/airflow/example_dags/example_setup_teardown_taskflow.py
[2025-05-07T19:41:01.074+0000] {processor.py:840} INFO - DAG(s) 'example_setup_teardown_taskflow' retrieved from /home/airflow/.local/lib/python3.8/site-packages/airflow/example_dags/example_setup_teardown_taskflow.py
[2025-05-07T19:41:01.106+0000] {logging_mixin.py:188} INFO - [2025-05-07T19:41:01.106+0000] {dag.py:3036} INFO - Sync 1 DAGs
[2025-05-07T19:41:01.134+0000] {logging_mixin.py:188} INFO - [2025-05-07T19:41:01.133+0000] {dag.py:3823} INFO - Setting next_dagrun for example_setup_teardown_taskflow to 2025-05-06 00:00:00+00:00, run_after=2025-05-07 00:00:00+00:00
[2025-05-07T19:41:01.171+0000] {processor.py:183} INFO - Processing /home/airflow/.local/lib/python3.8/site-packages/airflow/example_dags/example_setup_teardown_taskflow.py took 0.130 seconds
[2025-05-07T19:41:31.619+0000] {processor.py:161} INFO - Started process (PID=1024) to work on /home/airflow/.local/lib/python3.8/site-packages/airflow/example_dags/example_setup_teardown_taskflow.py
[2025-05-07T19:41:31.620+0000] {processor.py:830} INFO - Processing file /home/airflow/.local/lib/python3.8/site-packages/airflow/example_dags/example_setup_teardown_taskflow.py for tasks to queue
[2025-05-07T19:41:31.623+0000] {logging_mixin.py:188} INFO - [2025-05-07T19:41:31.623+0000] {dagbag.py:538} INFO - Filling up the DagBag from /home/airflow/.local/lib/python3.8/site-packages/airflow/example_dags/example_setup_teardown_taskflow.py
[2025-05-07T19:41:31.638+0000] {processor.py:840} INFO - DAG(s) 'example_setup_teardown_taskflow' retrieved from /home/airflow/.local/lib/python3.8/site-packages/airflow/example_dags/example_setup_teardown_taskflow.py
[2025-05-07T19:41:31.667+0000] {logging_mixin.py:188} INFO - [2025-05-07T19:41:31.666+0000] {dag.py:3036} INFO - Sync 1 DAGs
[2025-05-07T19:41:31.690+0000] {logging_mixin.py:188} INFO - [2025-05-07T19:41:31.690+0000] {dag.py:3823} INFO - Setting next_dagrun for example_setup_teardown_taskflow to 2025-05-06 00:00:00+00:00, run_after=2025-05-07 00:00:00+00:00
[2025-05-07T19:41:31.712+0000] {processor.py:183} INFO - Processing /home/airflow/.local/lib/python3.8/site-packages/airflow/example_dags/example_setup_teardown_taskflow.py took 0.101 seconds
[2025-05-07T19:42:01.801+0000] {processor.py:161} INFO - Started process (PID=1080) to work on /home/airflow/.local/lib/python3.8/site-packages/airflow/example_dags/example_setup_teardown_taskflow.py
[2025-05-07T19:42:01.802+0000] {processor.py:830} INFO - Processing file /home/airflow/.local/lib/python3.8/site-packages/airflow/example_dags/example_setup_teardown_taskflow.py for tasks to queue
[2025-05-07T19:42:01.805+0000] {logging_mixin.py:188} INFO - [2025-05-07T19:42:01.804+0000] {dagbag.py:538} INFO - Filling up the DagBag from /home/airflow/.local/lib/python3.8/site-packages/airflow/example_dags/example_setup_teardown_taskflow.py
[2025-05-07T19:42:01.815+0000] {processor.py:840} INFO - DAG(s) 'example_setup_teardown_taskflow' retrieved from /home/airflow/.local/lib/python3.8/site-packages/airflow/example_dags/example_setup_teardown_taskflow.py
[2025-05-07T19:42:01.839+0000] {logging_mixin.py:188} INFO - [2025-05-07T19:42:01.839+0000] {dag.py:3036} INFO - Sync 1 DAGs
[2025-05-07T19:42:01.861+0000] {logging_mixin.py:188} INFO - [2025-05-07T19:42:01.861+0000] {dag.py:3823} INFO - Setting next_dagrun for example_setup_teardown_taskflow to 2025-05-06 00:00:00+00:00, run_after=2025-05-07 00:00:00+00:00
[2025-05-07T19:42:01.886+0000] {processor.py:183} INFO - Processing /home/airflow/.local/lib/python3.8/site-packages/airflow/example_dags/example_setup_teardown_taskflow.py took 0.090 seconds
[2025-05-07T19:42:32.256+0000] {processor.py:161} INFO - Started process (PID=1137) to work on /home/airflow/.local/lib/python3.8/site-packages/airflow/example_dags/example_setup_teardown_taskflow.py
[2025-05-07T19:42:32.260+0000] {processor.py:830} INFO - Processing file /home/airflow/.local/lib/python3.8/site-packages/airflow/example_dags/example_setup_teardown_taskflow.py for tasks to queue
[2025-05-07T19:42:32.268+0000] {logging_mixin.py:188} INFO - [2025-05-07T19:42:32.267+0000] {dagbag.py:538} INFO - Filling up the DagBag from /home/airflow/.local/lib/python3.8/site-packages/airflow/example_dags/example_setup_teardown_taskflow.py
[2025-05-07T19:42:32.283+0000] {processor.py:840} INFO - DAG(s) 'example_setup_teardown_taskflow' retrieved from /home/airflow/.local/lib/python3.8/site-packages/airflow/example_dags/example_setup_teardown_taskflow.py
[2025-05-07T19:42:32.307+0000] {logging_mixin.py:188} INFO - [2025-05-07T19:42:32.306+0000] {dag.py:3036} INFO - Sync 1 DAGs
[2025-05-07T19:42:32.330+0000] {logging_mixin.py:188} INFO - [2025-05-07T19:42:32.330+0000] {dag.py:3823} INFO - Setting next_dagrun for example_setup_teardown_taskflow to 2025-05-06 00:00:00+00:00, run_after=2025-05-07 00:00:00+00:00
[2025-05-07T19:42:32.361+0000] {processor.py:183} INFO - Processing /home/airflow/.local/lib/python3.8/site-packages/airflow/example_dags/example_setup_teardown_taskflow.py took 0.109 seconds
[2025-05-07T19:43:02.900+0000] {processor.py:161} INFO - Started process (PID=1194) to work on /home/airflow/.local/lib/python3.8/site-packages/airflow/example_dags/example_setup_teardown_taskflow.py
[2025-05-07T19:43:02.902+0000] {processor.py:830} INFO - Processing file /home/airflow/.local/lib/python3.8/site-packages/airflow/example_dags/example_setup_teardown_taskflow.py for tasks to queue
[2025-05-07T19:43:02.904+0000] {logging_mixin.py:188} INFO - [2025-05-07T19:43:02.904+0000] {dagbag.py:538} INFO - Filling up the DagBag from /home/airflow/.local/lib/python3.8/site-packages/airflow/example_dags/example_setup_teardown_taskflow.py
[2025-05-07T19:43:02.914+0000] {processor.py:840} INFO - DAG(s) 'example_setup_teardown_taskflow' retrieved from /home/airflow/.local/lib/python3.8/site-packages/airflow/example_dags/example_setup_teardown_taskflow.py
[2025-05-07T19:43:02.936+0000] {logging_mixin.py:188} INFO - [2025-05-07T19:43:02.936+0000] {dag.py:3036} INFO - Sync 1 DAGs
[2025-05-07T19:43:02.958+0000] {logging_mixin.py:188} INFO - [2025-05-07T19:43:02.957+0000] {dag.py:3823} INFO - Setting next_dagrun for example_setup_teardown_taskflow to 2025-05-06 00:00:00+00:00, run_after=2025-05-07 00:00:00+00:00
[2025-05-07T19:43:02.979+0000] {processor.py:183} INFO - Processing /home/airflow/.local/lib/python3.8/site-packages/airflow/example_dags/example_setup_teardown_taskflow.py took 0.083 seconds
[2025-05-07T19:43:33.304+0000] {processor.py:161} INFO - Started process (PID=1252) to work on /home/airflow/.local/lib/python3.8/site-packages/airflow/example_dags/example_setup_teardown_taskflow.py
[2025-05-07T19:43:33.305+0000] {processor.py:830} INFO - Processing file /home/airflow/.local/lib/python3.8/site-packages/airflow/example_dags/example_setup_teardown_taskflow.py for tasks to queue
[2025-05-07T19:43:33.308+0000] {logging_mixin.py:188} INFO - [2025-05-07T19:43:33.307+0000] {dagbag.py:538} INFO - Filling up the DagBag from /home/airflow/.local/lib/python3.8/site-packages/airflow/example_dags/example_setup_teardown_taskflow.py
[2025-05-07T19:43:33.319+0000] {processor.py:840} INFO - DAG(s) 'example_setup_teardown_taskflow' retrieved from /home/airflow/.local/lib/python3.8/site-packages/airflow/example_dags/example_setup_teardown_taskflow.py
[2025-05-07T19:43:33.345+0000] {logging_mixin.py:188} INFO - [2025-05-07T19:43:33.345+0000] {dag.py:3036} INFO - Sync 1 DAGs
[2025-05-07T19:43:33.377+0000] {logging_mixin.py:188} INFO - [2025-05-07T19:43:33.377+0000] {dag.py:3823} INFO - Setting next_dagrun for example_setup_teardown_taskflow to 2025-05-06 00:00:00+00:00, run_after=2025-05-07 00:00:00+00:00
[2025-05-07T19:43:33.407+0000] {processor.py:183} INFO - Processing /home/airflow/.local/lib/python3.8/site-packages/airflow/example_dags/example_setup_teardown_taskflow.py took 0.107 seconds
[2025-05-07T19:44:04.330+0000] {processor.py:161} INFO - Started process (PID=1308) to work on /home/airflow/.local/lib/python3.8/site-packages/airflow/example_dags/example_setup_teardown_taskflow.py
[2025-05-07T19:44:04.332+0000] {processor.py:830} INFO - Processing file /home/airflow/.local/lib/python3.8/site-packages/airflow/example_dags/example_setup_teardown_taskflow.py for tasks to queue
[2025-05-07T19:44:04.334+0000] {logging_mixin.py:188} INFO - [2025-05-07T19:44:04.334+0000] {dagbag.py:538} INFO - Filling up the DagBag from /home/airflow/.local/lib/python3.8/site-packages/airflow/example_dags/example_setup_teardown_taskflow.py
[2025-05-07T19:44:04.343+0000] {processor.py:840} INFO - DAG(s) 'example_setup_teardown_taskflow' retrieved from /home/airflow/.local/lib/python3.8/site-packages/airflow/example_dags/example_setup_teardown_taskflow.py
[2025-05-07T19:44:04.370+0000] {logging_mixin.py:188} INFO - [2025-05-07T19:44:04.369+0000] {dag.py:3036} INFO - Sync 1 DAGs
[2025-05-07T19:44:04.393+0000] {logging_mixin.py:188} INFO - [2025-05-07T19:44:04.393+0000] {dag.py:3823} INFO - Setting next_dagrun for example_setup_teardown_taskflow to 2025-05-06 00:00:00+00:00, run_after=2025-05-07 00:00:00+00:00
[2025-05-07T19:44:04.417+0000] {processor.py:183} INFO - Processing /home/airflow/.local/lib/python3.8/site-packages/airflow/example_dags/example_setup_teardown_taskflow.py took 0.091 seconds
[2025-05-07T19:44:34.570+0000] {processor.py:161} INFO - Started process (PID=1365) to work on /home/airflow/.local/lib/python3.8/site-packages/airflow/example_dags/example_setup_teardown_taskflow.py
[2025-05-07T19:44:34.571+0000] {processor.py:830} INFO - Processing file /home/airflow/.local/lib/python3.8/site-packages/airflow/example_dags/example_setup_teardown_taskflow.py for tasks to queue
[2025-05-07T19:44:34.574+0000] {logging_mixin.py:188} INFO - [2025-05-07T19:44:34.573+0000] {dagbag.py:538} INFO - Filling up the DagBag from /home/airflow/.local/lib/python3.8/site-packages/airflow/example_dags/example_setup_teardown_taskflow.py
[2025-05-07T19:44:34.583+0000] {processor.py:840} INFO - DAG(s) 'example_setup_teardown_taskflow' retrieved from /home/airflow/.local/lib/python3.8/site-packages/airflow/example_dags/example_setup_teardown_taskflow.py
[2025-05-07T19:44:34.605+0000] {logging_mixin.py:188} INFO - [2025-05-07T19:44:34.605+0000] {dag.py:3036} INFO - Sync 1 DAGs
[2025-05-07T19:44:34.627+0000] {logging_mixin.py:188} INFO - [2025-05-07T19:44:34.626+0000] {dag.py:3823} INFO - Setting next_dagrun for example_setup_teardown_taskflow to 2025-05-06 00:00:00+00:00, run_after=2025-05-07 00:00:00+00:00
[2025-05-07T19:44:34.647+0000] {processor.py:183} INFO - Processing /home/airflow/.local/lib/python3.8/site-packages/airflow/example_dags/example_setup_teardown_taskflow.py took 0.081 seconds
[2025-05-07T19:45:05.064+0000] {processor.py:161} INFO - Started process (PID=1422) to work on /home/airflow/.local/lib/python3.8/site-packages/airflow/example_dags/example_setup_teardown_taskflow.py
[2025-05-07T19:45:05.066+0000] {processor.py:830} INFO - Processing file /home/airflow/.local/lib/python3.8/site-packages/airflow/example_dags/example_setup_teardown_taskflow.py for tasks to queue
[2025-05-07T19:45:05.068+0000] {logging_mixin.py:188} INFO - [2025-05-07T19:45:05.068+0000] {dagbag.py:538} INFO - Filling up the DagBag from /home/airflow/.local/lib/python3.8/site-packages/airflow/example_dags/example_setup_teardown_taskflow.py
[2025-05-07T19:45:05.078+0000] {processor.py:840} INFO - DAG(s) 'example_setup_teardown_taskflow' retrieved from /home/airflow/.local/lib/python3.8/site-packages/airflow/example_dags/example_setup_teardown_taskflow.py
[2025-05-07T19:45:05.100+0000] {logging_mixin.py:188} INFO - [2025-05-07T19:45:05.100+0000] {dag.py:3036} INFO - Sync 1 DAGs
[2025-05-07T19:45:05.122+0000] {logging_mixin.py:188} INFO - [2025-05-07T19:45:05.122+0000] {dag.py:3823} INFO - Setting next_dagrun for example_setup_teardown_taskflow to 2025-05-06 00:00:00+00:00, run_after=2025-05-07 00:00:00+00:00
[2025-05-07T19:45:05.145+0000] {processor.py:183} INFO - Processing /home/airflow/.local/lib/python3.8/site-packages/airflow/example_dags/example_setup_teardown_taskflow.py took 0.085 seconds
[2025-05-07T19:45:35.693+0000] {processor.py:161} INFO - Started process (PID=1479) to work on /home/airflow/.local/lib/python3.8/site-packages/airflow/example_dags/example_setup_teardown_taskflow.py
[2025-05-07T19:45:35.695+0000] {processor.py:830} INFO - Processing file /home/airflow/.local/lib/python3.8/site-packages/airflow/example_dags/example_setup_teardown_taskflow.py for tasks to queue
[2025-05-07T19:45:35.698+0000] {logging_mixin.py:188} INFO - [2025-05-07T19:45:35.697+0000] {dagbag.py:538} INFO - Filling up the DagBag from /home/airflow/.local/lib/python3.8/site-packages/airflow/example_dags/example_setup_teardown_taskflow.py
[2025-05-07T19:45:35.714+0000] {processor.py:840} INFO - DAG(s) 'example_setup_teardown_taskflow' retrieved from /home/airflow/.local/lib/python3.8/site-packages/airflow/example_dags/example_setup_teardown_taskflow.py
[2025-05-07T19:45:35.737+0000] {logging_mixin.py:188} INFO - [2025-05-07T19:45:35.737+0000] {dag.py:3036} INFO - Sync 1 DAGs
[2025-05-07T19:45:35.757+0000] {logging_mixin.py:188} INFO - [2025-05-07T19:45:35.756+0000] {dag.py:3823} INFO - Setting next_dagrun for example_setup_teardown_taskflow to 2025-05-06 00:00:00+00:00, run_after=2025-05-07 00:00:00+00:00
[2025-05-07T19:45:35.776+0000] {processor.py:183} INFO - Processing /home/airflow/.local/lib/python3.8/site-packages/airflow/example_dags/example_setup_teardown_taskflow.py took 0.088 seconds
[2025-05-07T19:46:06.551+0000] {processor.py:161} INFO - Started process (PID=1536) to work on /home/airflow/.local/lib/python3.8/site-packages/airflow/example_dags/example_setup_teardown_taskflow.py
[2025-05-07T19:46:06.553+0000] {processor.py:830} INFO - Processing file /home/airflow/.local/lib/python3.8/site-packages/airflow/example_dags/example_setup_teardown_taskflow.py for tasks to queue
[2025-05-07T19:46:06.555+0000] {logging_mixin.py:188} INFO - [2025-05-07T19:46:06.554+0000] {dagbag.py:538} INFO - Filling up the DagBag from /home/airflow/.local/lib/python3.8/site-packages/airflow/example_dags/example_setup_teardown_taskflow.py
[2025-05-07T19:46:06.564+0000] {processor.py:840} INFO - DAG(s) 'example_setup_teardown_taskflow' retrieved from /home/airflow/.local/lib/python3.8/site-packages/airflow/example_dags/example_setup_teardown_taskflow.py
[2025-05-07T19:46:06.585+0000] {logging_mixin.py:188} INFO - [2025-05-07T19:46:06.585+0000] {dag.py:3036} INFO - Sync 1 DAGs
[2025-05-07T19:46:06.605+0000] {logging_mixin.py:188} INFO - [2025-05-07T19:46:06.605+0000] {dag.py:3823} INFO - Setting next_dagrun for example_setup_teardown_taskflow to 2025-05-06 00:00:00+00:00, run_after=2025-05-07 00:00:00+00:00
[2025-05-07T19:46:06.625+0000] {processor.py:183} INFO - Processing /home/airflow/.local/lib/python3.8/site-packages/airflow/example_dags/example_setup_teardown_taskflow.py took 0.077 seconds
[2025-05-07T19:46:37.591+0000] {processor.py:161} INFO - Started process (PID=1593) to work on /home/airflow/.local/lib/python3.8/site-packages/airflow/example_dags/example_setup_teardown_taskflow.py
[2025-05-07T19:46:37.593+0000] {processor.py:830} INFO - Processing file /home/airflow/.local/lib/python3.8/site-packages/airflow/example_dags/example_setup_teardown_taskflow.py for tasks to queue
[2025-05-07T19:46:37.595+0000] {logging_mixin.py:188} INFO - [2025-05-07T19:46:37.595+0000] {dagbag.py:538} INFO - Filling up the DagBag from /home/airflow/.local/lib/python3.8/site-packages/airflow/example_dags/example_setup_teardown_taskflow.py
[2025-05-07T19:46:37.605+0000] {processor.py:840} INFO - DAG(s) 'example_setup_teardown_taskflow' retrieved from /home/airflow/.local/lib/python3.8/site-packages/airflow/example_dags/example_setup_teardown_taskflow.py
[2025-05-07T19:46:37.628+0000] {logging_mixin.py:188} INFO - [2025-05-07T19:46:37.628+0000] {dag.py:3036} INFO - Sync 1 DAGs
[2025-05-07T19:46:37.650+0000] {logging_mixin.py:188} INFO - [2025-05-07T19:46:37.649+0000] {dag.py:3823} INFO - Setting next_dagrun for example_setup_teardown_taskflow to 2025-05-06 00:00:00+00:00, run_after=2025-05-07 00:00:00+00:00
[2025-05-07T19:46:37.672+0000] {processor.py:183} INFO - Processing /home/airflow/.local/lib/python3.8/site-packages/airflow/example_dags/example_setup_teardown_taskflow.py took 0.085 seconds
[2025-05-07T19:47:08.515+0000] {processor.py:161} INFO - Started process (PID=1651) to work on /home/airflow/.local/lib/python3.8/site-packages/airflow/example_dags/example_setup_teardown_taskflow.py
[2025-05-07T19:47:08.517+0000] {processor.py:830} INFO - Processing file /home/airflow/.local/lib/python3.8/site-packages/airflow/example_dags/example_setup_teardown_taskflow.py for tasks to queue
[2025-05-07T19:47:08.519+0000] {logging_mixin.py:188} INFO - [2025-05-07T19:47:08.518+0000] {dagbag.py:538} INFO - Filling up the DagBag from /home/airflow/.local/lib/python3.8/site-packages/airflow/example_dags/example_setup_teardown_taskflow.py
[2025-05-07T19:47:08.529+0000] {processor.py:840} INFO - DAG(s) 'example_setup_teardown_taskflow' retrieved from /home/airflow/.local/lib/python3.8/site-packages/airflow/example_dags/example_setup_teardown_taskflow.py
[2025-05-07T19:47:08.565+0000] {logging_mixin.py:188} INFO - [2025-05-07T19:47:08.565+0000] {dag.py:3036} INFO - Sync 1 DAGs
[2025-05-07T19:47:08.599+0000] {logging_mixin.py:188} INFO - [2025-05-07T19:47:08.598+0000] {dag.py:3823} INFO - Setting next_dagrun for example_setup_teardown_taskflow to 2025-05-06 00:00:00+00:00, run_after=2025-05-07 00:00:00+00:00
[2025-05-07T19:47:08.626+0000] {processor.py:183} INFO - Processing /home/airflow/.local/lib/python3.8/site-packages/airflow/example_dags/example_setup_teardown_taskflow.py took 0.114 seconds
[2025-05-07T19:47:39.604+0000] {processor.py:161} INFO - Started process (PID=1708) to work on /home/airflow/.local/lib/python3.8/site-packages/airflow/example_dags/example_setup_teardown_taskflow.py
[2025-05-07T19:47:39.605+0000] {processor.py:830} INFO - Processing file /home/airflow/.local/lib/python3.8/site-packages/airflow/example_dags/example_setup_teardown_taskflow.py for tasks to queue
[2025-05-07T19:47:39.607+0000] {logging_mixin.py:188} INFO - [2025-05-07T19:47:39.607+0000] {dagbag.py:538} INFO - Filling up the DagBag from /home/airflow/.local/lib/python3.8/site-packages/airflow/example_dags/example_setup_teardown_taskflow.py
[2025-05-07T19:47:39.617+0000] {processor.py:840} INFO - DAG(s) 'example_setup_teardown_taskflow' retrieved from /home/airflow/.local/lib/python3.8/site-packages/airflow/example_dags/example_setup_teardown_taskflow.py
[2025-05-07T19:47:39.640+0000] {logging_mixin.py:188} INFO - [2025-05-07T19:47:39.640+0000] {dag.py:3036} INFO - Sync 1 DAGs
[2025-05-07T19:47:39.661+0000] {logging_mixin.py:188} INFO - [2025-05-07T19:47:39.661+0000] {dag.py:3823} INFO - Setting next_dagrun for example_setup_teardown_taskflow to 2025-05-06 00:00:00+00:00, run_after=2025-05-07 00:00:00+00:00
[2025-05-07T19:47:39.681+0000] {processor.py:183} INFO - Processing /home/airflow/.local/lib/python3.8/site-packages/airflow/example_dags/example_setup_teardown_taskflow.py took 0.080 seconds
[2025-05-07T19:48:10.003+0000] {processor.py:161} INFO - Started process (PID=1765) to work on /home/airflow/.local/lib/python3.8/site-packages/airflow/example_dags/example_setup_teardown_taskflow.py
[2025-05-07T19:48:10.005+0000] {processor.py:830} INFO - Processing file /home/airflow/.local/lib/python3.8/site-packages/airflow/example_dags/example_setup_teardown_taskflow.py for tasks to queue
[2025-05-07T19:48:10.009+0000] {logging_mixin.py:188} INFO - [2025-05-07T19:48:10.009+0000] {dagbag.py:538} INFO - Filling up the DagBag from /home/airflow/.local/lib/python3.8/site-packages/airflow/example_dags/example_setup_teardown_taskflow.py
[2025-05-07T19:48:10.019+0000] {processor.py:840} INFO - DAG(s) 'example_setup_teardown_taskflow' retrieved from /home/airflow/.local/lib/python3.8/site-packages/airflow/example_dags/example_setup_teardown_taskflow.py
[2025-05-07T19:48:10.041+0000] {logging_mixin.py:188} INFO - [2025-05-07T19:48:10.041+0000] {dag.py:3036} INFO - Sync 1 DAGs
[2025-05-07T19:48:10.065+0000] {logging_mixin.py:188} INFO - [2025-05-07T19:48:10.065+0000] {dag.py:3823} INFO - Setting next_dagrun for example_setup_teardown_taskflow to 2025-05-06 00:00:00+00:00, run_after=2025-05-07 00:00:00+00:00
[2025-05-07T19:48:10.091+0000] {processor.py:183} INFO - Processing /home/airflow/.local/lib/python3.8/site-packages/airflow/example_dags/example_setup_teardown_taskflow.py took 0.092 seconds
[2025-05-07T19:48:40.206+0000] {processor.py:161} INFO - Started process (PID=1822) to work on /home/airflow/.local/lib/python3.8/site-packages/airflow/example_dags/example_setup_teardown_taskflow.py
[2025-05-07T19:48:40.207+0000] {processor.py:830} INFO - Processing file /home/airflow/.local/lib/python3.8/site-packages/airflow/example_dags/example_setup_teardown_taskflow.py for tasks to queue
[2025-05-07T19:48:40.210+0000] {logging_mixin.py:188} INFO - [2025-05-07T19:48:40.209+0000] {dagbag.py:538} INFO - Filling up the DagBag from /home/airflow/.local/lib/python3.8/site-packages/airflow/example_dags/example_setup_teardown_taskflow.py
[2025-05-07T19:48:40.219+0000] {processor.py:840} INFO - DAG(s) 'example_setup_teardown_taskflow' retrieved from /home/airflow/.local/lib/python3.8/site-packages/airflow/example_dags/example_setup_teardown_taskflow.py
[2025-05-07T19:48:40.243+0000] {logging_mixin.py:188} INFO - [2025-05-07T19:48:40.242+0000] {dag.py:3036} INFO - Sync 1 DAGs
[2025-05-07T19:48:40.268+0000] {logging_mixin.py:188} INFO - [2025-05-07T19:48:40.267+0000] {dag.py:3823} INFO - Setting next_dagrun for example_setup_teardown_taskflow to 2025-05-06 00:00:00+00:00, run_after=2025-05-07 00:00:00+00:00
[2025-05-07T19:48:40.292+0000] {processor.py:183} INFO - Processing /home/airflow/.local/lib/python3.8/site-packages/airflow/example_dags/example_setup_teardown_taskflow.py took 0.089 seconds
[2025-05-07T19:49:10.985+0000] {processor.py:161} INFO - Started process (PID=1877) to work on /home/airflow/.local/lib/python3.8/site-packages/airflow/example_dags/example_setup_teardown_taskflow.py
[2025-05-07T19:49:10.987+0000] {processor.py:830} INFO - Processing file /home/airflow/.local/lib/python3.8/site-packages/airflow/example_dags/example_setup_teardown_taskflow.py for tasks to queue
[2025-05-07T19:49:10.992+0000] {logging_mixin.py:188} INFO - [2025-05-07T19:49:10.991+0000] {dagbag.py:538} INFO - Filling up the DagBag from /home/airflow/.local/lib/python3.8/site-packages/airflow/example_dags/example_setup_teardown_taskflow.py
[2025-05-07T19:49:11.008+0000] {processor.py:840} INFO - DAG(s) 'example_setup_teardown_taskflow' retrieved from /home/airflow/.local/lib/python3.8/site-packages/airflow/example_dags/example_setup_teardown_taskflow.py
[2025-05-07T19:49:11.031+0000] {logging_mixin.py:188} INFO - [2025-05-07T19:49:11.031+0000] {dag.py:3036} INFO - Sync 1 DAGs
[2025-05-07T19:49:11.058+0000] {logging_mixin.py:188} INFO - [2025-05-07T19:49:11.058+0000] {dag.py:3823} INFO - Setting next_dagrun for example_setup_teardown_taskflow to 2025-05-06 00:00:00+00:00, run_after=2025-05-07 00:00:00+00:00
[2025-05-07T19:49:11.083+0000] {processor.py:183} INFO - Processing /home/airflow/.local/lib/python3.8/site-packages/airflow/example_dags/example_setup_teardown_taskflow.py took 0.104 seconds
[2025-05-07T19:49:42.035+0000] {processor.py:161} INFO - Started process (PID=1935) to work on /home/airflow/.local/lib/python3.8/site-packages/airflow/example_dags/example_setup_teardown_taskflow.py
[2025-05-07T19:49:42.037+0000] {processor.py:830} INFO - Processing file /home/airflow/.local/lib/python3.8/site-packages/airflow/example_dags/example_setup_teardown_taskflow.py for tasks to queue
[2025-05-07T19:49:42.039+0000] {logging_mixin.py:188} INFO - [2025-05-07T19:49:42.039+0000] {dagbag.py:538} INFO - Filling up the DagBag from /home/airflow/.local/lib/python3.8/site-packages/airflow/example_dags/example_setup_teardown_taskflow.py
[2025-05-07T19:49:42.049+0000] {processor.py:840} INFO - DAG(s) 'example_setup_teardown_taskflow' retrieved from /home/airflow/.local/lib/python3.8/site-packages/airflow/example_dags/example_setup_teardown_taskflow.py
[2025-05-07T19:49:42.068+0000] {logging_mixin.py:188} INFO - [2025-05-07T19:49:42.068+0000] {dag.py:3036} INFO - Sync 1 DAGs
[2025-05-07T19:49:42.089+0000] {logging_mixin.py:188} INFO - [2025-05-07T19:49:42.089+0000] {dag.py:3823} INFO - Setting next_dagrun for example_setup_teardown_taskflow to 2025-05-06 00:00:00+00:00, run_after=2025-05-07 00:00:00+00:00
[2025-05-07T19:49:42.111+0000] {processor.py:183} INFO - Processing /home/airflow/.local/lib/python3.8/site-packages/airflow/example_dags/example_setup_teardown_taskflow.py took 0.080 seconds
[2025-05-07T19:50:13.052+0000] {processor.py:161} INFO - Started process (PID=1992) to work on /home/airflow/.local/lib/python3.8/site-packages/airflow/example_dags/example_setup_teardown_taskflow.py
[2025-05-07T19:50:13.054+0000] {processor.py:830} INFO - Processing file /home/airflow/.local/lib/python3.8/site-packages/airflow/example_dags/example_setup_teardown_taskflow.py for tasks to queue
[2025-05-07T19:50:13.056+0000] {logging_mixin.py:188} INFO - [2025-05-07T19:50:13.056+0000] {dagbag.py:538} INFO - Filling up the DagBag from /home/airflow/.local/lib/python3.8/site-packages/airflow/example_dags/example_setup_teardown_taskflow.py
[2025-05-07T19:50:13.067+0000] {processor.py:840} INFO - DAG(s) 'example_setup_teardown_taskflow' retrieved from /home/airflow/.local/lib/python3.8/site-packages/airflow/example_dags/example_setup_teardown_taskflow.py
[2025-05-07T19:50:13.092+0000] {logging_mixin.py:188} INFO - [2025-05-07T19:50:13.092+0000] {dag.py:3036} INFO - Sync 1 DAGs
[2025-05-07T19:50:13.118+0000] {logging_mixin.py:188} INFO - [2025-05-07T19:50:13.118+0000] {dag.py:3823} INFO - Setting next_dagrun for example_setup_teardown_taskflow to 2025-05-06 00:00:00+00:00, run_after=2025-05-07 00:00:00+00:00
[2025-05-07T19:50:13.145+0000] {processor.py:183} INFO - Processing /home/airflow/.local/lib/python3.8/site-packages/airflow/example_dags/example_setup_teardown_taskflow.py took 0.098 seconds
[2025-05-07T19:50:43.819+0000] {processor.py:161} INFO - Started process (PID=2049) to work on /home/airflow/.local/lib/python3.8/site-packages/airflow/example_dags/example_setup_teardown_taskflow.py
[2025-05-07T19:50:43.820+0000] {processor.py:830} INFO - Processing file /home/airflow/.local/lib/python3.8/site-packages/airflow/example_dags/example_setup_teardown_taskflow.py for tasks to queue
[2025-05-07T19:50:43.822+0000] {logging_mixin.py:188} INFO - [2025-05-07T19:50:43.822+0000] {dagbag.py:538} INFO - Filling up the DagBag from /home/airflow/.local/lib/python3.8/site-packages/airflow/example_dags/example_setup_teardown_taskflow.py
[2025-05-07T19:50:43.832+0000] {processor.py:840} INFO - DAG(s) 'example_setup_teardown_taskflow' retrieved from /home/airflow/.local/lib/python3.8/site-packages/airflow/example_dags/example_setup_teardown_taskflow.py
[2025-05-07T19:50:43.856+0000] {logging_mixin.py:188} INFO - [2025-05-07T19:50:43.856+0000] {dag.py:3036} INFO - Sync 1 DAGs
[2025-05-07T19:50:43.880+0000] {logging_mixin.py:188} INFO - [2025-05-07T19:50:43.880+0000] {dag.py:3823} INFO - Setting next_dagrun for example_setup_teardown_taskflow to 2025-05-06 00:00:00+00:00, run_after=2025-05-07 00:00:00+00:00
[2025-05-07T19:50:43.905+0000] {processor.py:183} INFO - Processing /home/airflow/.local/lib/python3.8/site-packages/airflow/example_dags/example_setup_teardown_taskflow.py took 0.090 seconds
[2025-05-07T19:51:14.020+0000] {processor.py:161} INFO - Started process (PID=2105) to work on /home/airflow/.local/lib/python3.8/site-packages/airflow/example_dags/example_setup_teardown_taskflow.py
[2025-05-07T19:51:14.021+0000] {processor.py:830} INFO - Processing file /home/airflow/.local/lib/python3.8/site-packages/airflow/example_dags/example_setup_teardown_taskflow.py for tasks to queue
[2025-05-07T19:51:14.023+0000] {logging_mixin.py:188} INFO - [2025-05-07T19:51:14.022+0000] {dagbag.py:538} INFO - Filling up the DagBag from /home/airflow/.local/lib/python3.8/site-packages/airflow/example_dags/example_setup_teardown_taskflow.py
[2025-05-07T19:51:14.032+0000] {processor.py:840} INFO - DAG(s) 'example_setup_teardown_taskflow' retrieved from /home/airflow/.local/lib/python3.8/site-packages/airflow/example_dags/example_setup_teardown_taskflow.py
[2025-05-07T19:51:14.055+0000] {logging_mixin.py:188} INFO - [2025-05-07T19:51:14.054+0000] {dag.py:3036} INFO - Sync 1 DAGs
[2025-05-07T19:51:14.077+0000] {logging_mixin.py:188} INFO - [2025-05-07T19:51:14.077+0000] {dag.py:3823} INFO - Setting next_dagrun for example_setup_teardown_taskflow to 2025-05-06 00:00:00+00:00, run_after=2025-05-07 00:00:00+00:00
[2025-05-07T19:51:14.100+0000] {processor.py:183} INFO - Processing /home/airflow/.local/lib/python3.8/site-packages/airflow/example_dags/example_setup_teardown_taskflow.py took 0.084 seconds
[2025-05-07T19:51:44.286+0000] {processor.py:161} INFO - Started process (PID=2162) to work on /home/airflow/.local/lib/python3.8/site-packages/airflow/example_dags/example_setup_teardown_taskflow.py
[2025-05-07T19:51:44.287+0000] {processor.py:830} INFO - Processing file /home/airflow/.local/lib/python3.8/site-packages/airflow/example_dags/example_setup_teardown_taskflow.py for tasks to queue
[2025-05-07T19:51:44.289+0000] {logging_mixin.py:188} INFO - [2025-05-07T19:51:44.289+0000] {dagbag.py:538} INFO - Filling up the DagBag from /home/airflow/.local/lib/python3.8/site-packages/airflow/example_dags/example_setup_teardown_taskflow.py
[2025-05-07T19:51:44.298+0000] {processor.py:840} INFO - DAG(s) 'example_setup_teardown_taskflow' retrieved from /home/airflow/.local/lib/python3.8/site-packages/airflow/example_dags/example_setup_teardown_taskflow.py
[2025-05-07T19:51:44.321+0000] {logging_mixin.py:188} INFO - [2025-05-07T19:51:44.320+0000] {dag.py:3036} INFO - Sync 1 DAGs
[2025-05-07T19:51:44.342+0000] {logging_mixin.py:188} INFO - [2025-05-07T19:51:44.342+0000] {dag.py:3823} INFO - Setting next_dagrun for example_setup_teardown_taskflow to 2025-05-06 00:00:00+00:00, run_after=2025-05-07 00:00:00+00:00
[2025-05-07T19:51:44.478+0000] {processor.py:183} INFO - Processing /home/airflow/.local/lib/python3.8/site-packages/airflow/example_dags/example_setup_teardown_taskflow.py took 0.195 seconds
[2025-05-07T19:52:14.827+0000] {processor.py:161} INFO - Started process (PID=2219) to work on /home/airflow/.local/lib/python3.8/site-packages/airflow/example_dags/example_setup_teardown_taskflow.py
[2025-05-07T19:52:14.829+0000] {processor.py:830} INFO - Processing file /home/airflow/.local/lib/python3.8/site-packages/airflow/example_dags/example_setup_teardown_taskflow.py for tasks to queue
[2025-05-07T19:52:14.835+0000] {logging_mixin.py:188} INFO - [2025-05-07T19:52:14.834+0000] {dagbag.py:538} INFO - Filling up the DagBag from /home/airflow/.local/lib/python3.8/site-packages/airflow/example_dags/example_setup_teardown_taskflow.py
[2025-05-07T19:52:14.846+0000] {processor.py:840} INFO - DAG(s) 'example_setup_teardown_taskflow' retrieved from /home/airflow/.local/lib/python3.8/site-packages/airflow/example_dags/example_setup_teardown_taskflow.py
[2025-05-07T19:52:14.872+0000] {logging_mixin.py:188} INFO - [2025-05-07T19:52:14.872+0000] {dag.py:3036} INFO - Sync 1 DAGs
[2025-05-07T19:52:14.894+0000] {logging_mixin.py:188} INFO - [2025-05-07T19:52:14.894+0000] {dag.py:3823} INFO - Setting next_dagrun for example_setup_teardown_taskflow to 2025-05-06 00:00:00+00:00, run_after=2025-05-07 00:00:00+00:00
[2025-05-07T19:52:14.920+0000] {processor.py:183} INFO - Processing /home/airflow/.local/lib/python3.8/site-packages/airflow/example_dags/example_setup_teardown_taskflow.py took 0.097 seconds
[2025-05-07T19:52:45.924+0000] {processor.py:161} INFO - Started process (PID=2277) to work on /home/airflow/.local/lib/python3.8/site-packages/airflow/example_dags/example_setup_teardown_taskflow.py
[2025-05-07T19:52:45.926+0000] {processor.py:830} INFO - Processing file /home/airflow/.local/lib/python3.8/site-packages/airflow/example_dags/example_setup_teardown_taskflow.py for tasks to queue
[2025-05-07T19:52:45.931+0000] {logging_mixin.py:188} INFO - [2025-05-07T19:52:45.930+0000] {dagbag.py:538} INFO - Filling up the DagBag from /home/airflow/.local/lib/python3.8/site-packages/airflow/example_dags/example_setup_teardown_taskflow.py
[2025-05-07T19:52:45.943+0000] {processor.py:840} INFO - DAG(s) 'example_setup_teardown_taskflow' retrieved from /home/airflow/.local/lib/python3.8/site-packages/airflow/example_dags/example_setup_teardown_taskflow.py
[2025-05-07T19:52:45.969+0000] {logging_mixin.py:188} INFO - [2025-05-07T19:52:45.969+0000] {dag.py:3036} INFO - Sync 1 DAGs
[2025-05-07T19:52:45.994+0000] {logging_mixin.py:188} INFO - [2025-05-07T19:52:45.994+0000] {dag.py:3823} INFO - Setting next_dagrun for example_setup_teardown_taskflow to 2025-05-06 00:00:00+00:00, run_after=2025-05-07 00:00:00+00:00
[2025-05-07T19:52:46.017+0000] {processor.py:183} INFO - Processing /home/airflow/.local/lib/python3.8/site-packages/airflow/example_dags/example_setup_teardown_taskflow.py took 0.098 seconds
[2025-05-07T19:53:17.153+0000] {processor.py:161} INFO - Started process (PID=2334) to work on /home/airflow/.local/lib/python3.8/site-packages/airflow/example_dags/example_setup_teardown_taskflow.py
[2025-05-07T19:53:17.156+0000] {processor.py:830} INFO - Processing file /home/airflow/.local/lib/python3.8/site-packages/airflow/example_dags/example_setup_teardown_taskflow.py for tasks to queue
[2025-05-07T19:53:17.158+0000] {logging_mixin.py:188} INFO - [2025-05-07T19:53:17.157+0000] {dagbag.py:538} INFO - Filling up the DagBag from /home/airflow/.local/lib/python3.8/site-packages/airflow/example_dags/example_setup_teardown_taskflow.py
[2025-05-07T19:53:17.168+0000] {processor.py:840} INFO - DAG(s) 'example_setup_teardown_taskflow' retrieved from /home/airflow/.local/lib/python3.8/site-packages/airflow/example_dags/example_setup_teardown_taskflow.py
[2025-05-07T19:53:17.192+0000] {logging_mixin.py:188} INFO - [2025-05-07T19:53:17.191+0000] {dag.py:3036} INFO - Sync 1 DAGs
[2025-05-07T19:53:17.218+0000] {logging_mixin.py:188} INFO - [2025-05-07T19:53:17.218+0000] {dag.py:3823} INFO - Setting next_dagrun for example_setup_teardown_taskflow to 2025-05-06 00:00:00+00:00, run_after=2025-05-07 00:00:00+00:00
[2025-05-07T19:53:17.241+0000] {processor.py:183} INFO - Processing /home/airflow/.local/lib/python3.8/site-packages/airflow/example_dags/example_setup_teardown_taskflow.py took 0.092 seconds
[2025-05-07T19:53:47.376+0000] {processor.py:161} INFO - Started process (PID=2390) to work on /home/airflow/.local/lib/python3.8/site-packages/airflow/example_dags/example_setup_teardown_taskflow.py
[2025-05-07T19:53:47.379+0000] {processor.py:830} INFO - Processing file /home/airflow/.local/lib/python3.8/site-packages/airflow/example_dags/example_setup_teardown_taskflow.py for tasks to queue
[2025-05-07T19:53:47.382+0000] {logging_mixin.py:188} INFO - [2025-05-07T19:53:47.382+0000] {dagbag.py:538} INFO - Filling up the DagBag from /home/airflow/.local/lib/python3.8/site-packages/airflow/example_dags/example_setup_teardown_taskflow.py
[2025-05-07T19:53:47.401+0000] {processor.py:840} INFO - DAG(s) 'example_setup_teardown_taskflow' retrieved from /home/airflow/.local/lib/python3.8/site-packages/airflow/example_dags/example_setup_teardown_taskflow.py
[2025-05-07T19:53:47.433+0000] {logging_mixin.py:188} INFO - [2025-05-07T19:53:47.432+0000] {dag.py:3036} INFO - Sync 1 DAGs
[2025-05-07T19:53:47.456+0000] {logging_mixin.py:188} INFO - [2025-05-07T19:53:47.455+0000] {dag.py:3823} INFO - Setting next_dagrun for example_setup_teardown_taskflow to 2025-05-06 00:00:00+00:00, run_after=2025-05-07 00:00:00+00:00
[2025-05-07T19:53:47.481+0000] {processor.py:183} INFO - Processing /home/airflow/.local/lib/python3.8/site-packages/airflow/example_dags/example_setup_teardown_taskflow.py took 0.112 seconds
[2025-05-07T19:54:18.654+0000] {processor.py:161} INFO - Started process (PID=2448) to work on /home/airflow/.local/lib/python3.8/site-packages/airflow/example_dags/example_setup_teardown_taskflow.py
[2025-05-07T19:54:18.655+0000] {processor.py:830} INFO - Processing file /home/airflow/.local/lib/python3.8/site-packages/airflow/example_dags/example_setup_teardown_taskflow.py for tasks to queue
[2025-05-07T19:54:18.658+0000] {logging_mixin.py:188} INFO - [2025-05-07T19:54:18.657+0000] {dagbag.py:538} INFO - Filling up the DagBag from /home/airflow/.local/lib/python3.8/site-packages/airflow/example_dags/example_setup_teardown_taskflow.py
[2025-05-07T19:54:18.667+0000] {processor.py:840} INFO - DAG(s) 'example_setup_teardown_taskflow' retrieved from /home/airflow/.local/lib/python3.8/site-packages/airflow/example_dags/example_setup_teardown_taskflow.py
[2025-05-07T19:54:18.689+0000] {logging_mixin.py:188} INFO - [2025-05-07T19:54:18.689+0000] {dag.py:3036} INFO - Sync 1 DAGs
[2025-05-07T19:54:18.833+0000] {logging_mixin.py:188} INFO - [2025-05-07T19:54:18.833+0000] {dag.py:3823} INFO - Setting next_dagrun for example_setup_teardown_taskflow to 2025-05-06 00:00:00+00:00, run_after=2025-05-07 00:00:00+00:00
[2025-05-07T19:54:18.884+0000] {processor.py:183} INFO - Processing /home/airflow/.local/lib/python3.8/site-packages/airflow/example_dags/example_setup_teardown_taskflow.py took 0.233 seconds
[2025-05-07T19:54:49.117+0000] {processor.py:161} INFO - Started process (PID=2512) to work on /home/airflow/.local/lib/python3.8/site-packages/airflow/example_dags/example_setup_teardown_taskflow.py
[2025-05-07T19:54:49.119+0000] {processor.py:830} INFO - Processing file /home/airflow/.local/lib/python3.8/site-packages/airflow/example_dags/example_setup_teardown_taskflow.py for tasks to queue
[2025-05-07T19:54:49.121+0000] {logging_mixin.py:188} INFO - [2025-05-07T19:54:49.121+0000] {dagbag.py:538} INFO - Filling up the DagBag from /home/airflow/.local/lib/python3.8/site-packages/airflow/example_dags/example_setup_teardown_taskflow.py
[2025-05-07T19:54:49.132+0000] {processor.py:840} INFO - DAG(s) 'example_setup_teardown_taskflow' retrieved from /home/airflow/.local/lib/python3.8/site-packages/airflow/example_dags/example_setup_teardown_taskflow.py
[2025-05-07T19:54:49.155+0000] {logging_mixin.py:188} INFO - [2025-05-07T19:54:49.155+0000] {dag.py:3036} INFO - Sync 1 DAGs
[2025-05-07T19:54:49.181+0000] {logging_mixin.py:188} INFO - [2025-05-07T19:54:49.181+0000] {dag.py:3823} INFO - Setting next_dagrun for example_setup_teardown_taskflow to 2025-05-06 00:00:00+00:00, run_after=2025-05-07 00:00:00+00:00
[2025-05-07T19:54:49.326+0000] {processor.py:183} INFO - Processing /home/airflow/.local/lib/python3.8/site-packages/airflow/example_dags/example_setup_teardown_taskflow.py took 0.213 seconds
[2025-05-07T19:55:19.452+0000] {processor.py:161} INFO - Started process (PID=2569) to work on /home/airflow/.local/lib/python3.8/site-packages/airflow/example_dags/example_setup_teardown_taskflow.py
[2025-05-07T19:55:19.454+0000] {processor.py:830} INFO - Processing file /home/airflow/.local/lib/python3.8/site-packages/airflow/example_dags/example_setup_teardown_taskflow.py for tasks to queue
[2025-05-07T19:55:19.456+0000] {logging_mixin.py:188} INFO - [2025-05-07T19:55:19.456+0000] {dagbag.py:538} INFO - Filling up the DagBag from /home/airflow/.local/lib/python3.8/site-packages/airflow/example_dags/example_setup_teardown_taskflow.py
[2025-05-07T19:55:19.466+0000] {processor.py:840} INFO - DAG(s) 'example_setup_teardown_taskflow' retrieved from /home/airflow/.local/lib/python3.8/site-packages/airflow/example_dags/example_setup_teardown_taskflow.py
[2025-05-07T19:55:19.489+0000] {logging_mixin.py:188} INFO - [2025-05-07T19:55:19.488+0000] {dag.py:3036} INFO - Sync 1 DAGs
[2025-05-07T19:55:19.511+0000] {logging_mixin.py:188} INFO - [2025-05-07T19:55:19.511+0000] {dag.py:3823} INFO - Setting next_dagrun for example_setup_teardown_taskflow to 2025-05-06 00:00:00+00:00, run_after=2025-05-07 00:00:00+00:00
[2025-05-07T19:55:19.532+0000] {processor.py:183} INFO - Processing /home/airflow/.local/lib/python3.8/site-packages/airflow/example_dags/example_setup_teardown_taskflow.py took 0.082 seconds
[2025-05-07T19:55:49.963+0000] {processor.py:161} INFO - Started process (PID=2624) to work on /home/airflow/.local/lib/python3.8/site-packages/airflow/example_dags/example_setup_teardown_taskflow.py
[2025-05-07T19:55:49.968+0000] {processor.py:830} INFO - Processing file /home/airflow/.local/lib/python3.8/site-packages/airflow/example_dags/example_setup_teardown_taskflow.py for tasks to queue
[2025-05-07T19:55:49.972+0000] {logging_mixin.py:188} INFO - [2025-05-07T19:55:49.971+0000] {dagbag.py:538} INFO - Filling up the DagBag from /home/airflow/.local/lib/python3.8/site-packages/airflow/example_dags/example_setup_teardown_taskflow.py
[2025-05-07T19:55:49.985+0000] {processor.py:840} INFO - DAG(s) 'example_setup_teardown_taskflow' retrieved from /home/airflow/.local/lib/python3.8/site-packages/airflow/example_dags/example_setup_teardown_taskflow.py
[2025-05-07T19:55:50.011+0000] {logging_mixin.py:188} INFO - [2025-05-07T19:55:50.011+0000] {dag.py:3036} INFO - Sync 1 DAGs
[2025-05-07T19:55:50.036+0000] {logging_mixin.py:188} INFO - [2025-05-07T19:55:50.035+0000] {dag.py:3823} INFO - Setting next_dagrun for example_setup_teardown_taskflow to 2025-05-06 00:00:00+00:00, run_after=2025-05-07 00:00:00+00:00
[2025-05-07T19:55:50.059+0000] {processor.py:183} INFO - Processing /home/airflow/.local/lib/python3.8/site-packages/airflow/example_dags/example_setup_teardown_taskflow.py took 0.102 seconds
[2025-05-07T19:56:21.254+0000] {processor.py:161} INFO - Started process (PID=2681) to work on /home/airflow/.local/lib/python3.8/site-packages/airflow/example_dags/example_setup_teardown_taskflow.py
[2025-05-07T19:56:21.259+0000] {processor.py:830} INFO - Processing file /home/airflow/.local/lib/python3.8/site-packages/airflow/example_dags/example_setup_teardown_taskflow.py for tasks to queue
[2025-05-07T19:56:21.263+0000] {logging_mixin.py:188} INFO - [2025-05-07T19:56:21.263+0000] {dagbag.py:538} INFO - Filling up the DagBag from /home/airflow/.local/lib/python3.8/site-packages/airflow/example_dags/example_setup_teardown_taskflow.py
[2025-05-07T19:56:21.395+0000] {processor.py:840} INFO - DAG(s) 'example_setup_teardown_taskflow' retrieved from /home/airflow/.local/lib/python3.8/site-packages/airflow/example_dags/example_setup_teardown_taskflow.py
[2025-05-07T19:56:21.417+0000] {logging_mixin.py:188} INFO - [2025-05-07T19:56:21.417+0000] {dag.py:3036} INFO - Sync 1 DAGs
[2025-05-07T19:56:21.438+0000] {logging_mixin.py:188} INFO - [2025-05-07T19:56:21.438+0000] {dag.py:3823} INFO - Setting next_dagrun for example_setup_teardown_taskflow to 2025-05-06 00:00:00+00:00, run_after=2025-05-07 00:00:00+00:00
[2025-05-07T19:56:21.463+0000] {processor.py:183} INFO - Processing /home/airflow/.local/lib/python3.8/site-packages/airflow/example_dags/example_setup_teardown_taskflow.py took 0.213 seconds
[2025-05-07T19:56:51.764+0000] {processor.py:161} INFO - Started process (PID=2738) to work on /home/airflow/.local/lib/python3.8/site-packages/airflow/example_dags/example_setup_teardown_taskflow.py
[2025-05-07T19:56:51.766+0000] {processor.py:830} INFO - Processing file /home/airflow/.local/lib/python3.8/site-packages/airflow/example_dags/example_setup_teardown_taskflow.py for tasks to queue
[2025-05-07T19:56:51.768+0000] {logging_mixin.py:188} INFO - [2025-05-07T19:56:51.768+0000] {dagbag.py:538} INFO - Filling up the DagBag from /home/airflow/.local/lib/python3.8/site-packages/airflow/example_dags/example_setup_teardown_taskflow.py
[2025-05-07T19:56:51.779+0000] {processor.py:840} INFO - DAG(s) 'example_setup_teardown_taskflow' retrieved from /home/airflow/.local/lib/python3.8/site-packages/airflow/example_dags/example_setup_teardown_taskflow.py
[2025-05-07T19:56:51.804+0000] {logging_mixin.py:188} INFO - [2025-05-07T19:56:51.803+0000] {dag.py:3036} INFO - Sync 1 DAGs
[2025-05-07T19:56:51.826+0000] {logging_mixin.py:188} INFO - [2025-05-07T19:56:51.826+0000] {dag.py:3823} INFO - Setting next_dagrun for example_setup_teardown_taskflow to 2025-05-06 00:00:00+00:00, run_after=2025-05-07 00:00:00+00:00
[2025-05-07T19:56:51.850+0000] {processor.py:183} INFO - Processing /home/airflow/.local/lib/python3.8/site-packages/airflow/example_dags/example_setup_teardown_taskflow.py took 0.090 seconds
[2025-05-07T19:57:22.730+0000] {processor.py:161} INFO - Started process (PID=2795) to work on /home/airflow/.local/lib/python3.8/site-packages/airflow/example_dags/example_setup_teardown_taskflow.py
[2025-05-07T19:57:22.732+0000] {processor.py:830} INFO - Processing file /home/airflow/.local/lib/python3.8/site-packages/airflow/example_dags/example_setup_teardown_taskflow.py for tasks to queue
[2025-05-07T19:57:22.734+0000] {logging_mixin.py:188} INFO - [2025-05-07T19:57:22.734+0000] {dagbag.py:538} INFO - Filling up the DagBag from /home/airflow/.local/lib/python3.8/site-packages/airflow/example_dags/example_setup_teardown_taskflow.py
[2025-05-07T19:57:22.744+0000] {processor.py:840} INFO - DAG(s) 'example_setup_teardown_taskflow' retrieved from /home/airflow/.local/lib/python3.8/site-packages/airflow/example_dags/example_setup_teardown_taskflow.py
[2025-05-07T19:57:22.768+0000] {logging_mixin.py:188} INFO - [2025-05-07T19:57:22.768+0000] {dag.py:3036} INFO - Sync 1 DAGs
[2025-05-07T19:57:22.791+0000] {logging_mixin.py:188} INFO - [2025-05-07T19:57:22.791+0000] {dag.py:3823} INFO - Setting next_dagrun for example_setup_teardown_taskflow to 2025-05-06 00:00:00+00:00, run_after=2025-05-07 00:00:00+00:00
[2025-05-07T19:57:22.812+0000] {processor.py:183} INFO - Processing /home/airflow/.local/lib/python3.8/site-packages/airflow/example_dags/example_setup_teardown_taskflow.py took 0.085 seconds
[2025-05-07T19:57:53.319+0000] {processor.py:161} INFO - Started process (PID=2852) to work on /home/airflow/.local/lib/python3.8/site-packages/airflow/example_dags/example_setup_teardown_taskflow.py
[2025-05-07T19:57:53.321+0000] {processor.py:830} INFO - Processing file /home/airflow/.local/lib/python3.8/site-packages/airflow/example_dags/example_setup_teardown_taskflow.py for tasks to queue
[2025-05-07T19:57:53.323+0000] {logging_mixin.py:188} INFO - [2025-05-07T19:57:53.323+0000] {dagbag.py:538} INFO - Filling up the DagBag from /home/airflow/.local/lib/python3.8/site-packages/airflow/example_dags/example_setup_teardown_taskflow.py
[2025-05-07T19:57:53.333+0000] {processor.py:840} INFO - DAG(s) 'example_setup_teardown_taskflow' retrieved from /home/airflow/.local/lib/python3.8/site-packages/airflow/example_dags/example_setup_teardown_taskflow.py
[2025-05-07T19:57:53.354+0000] {logging_mixin.py:188} INFO - [2025-05-07T19:57:53.354+0000] {dag.py:3036} INFO - Sync 1 DAGs
[2025-05-07T19:57:53.376+0000] {logging_mixin.py:188} INFO - [2025-05-07T19:57:53.376+0000] {dag.py:3823} INFO - Setting next_dagrun for example_setup_teardown_taskflow to 2025-05-06 00:00:00+00:00, run_after=2025-05-07 00:00:00+00:00
[2025-05-07T19:57:53.582+0000] {processor.py:183} INFO - Processing /home/airflow/.local/lib/python3.8/site-packages/airflow/example_dags/example_setup_teardown_taskflow.py took 0.266 seconds
[2025-05-07T19:58:24.396+0000] {processor.py:161} INFO - Started process (PID=2909) to work on /home/airflow/.local/lib/python3.8/site-packages/airflow/example_dags/example_setup_teardown_taskflow.py
[2025-05-07T19:58:24.398+0000] {processor.py:830} INFO - Processing file /home/airflow/.local/lib/python3.8/site-packages/airflow/example_dags/example_setup_teardown_taskflow.py for tasks to queue
[2025-05-07T19:58:24.400+0000] {logging_mixin.py:188} INFO - [2025-05-07T19:58:24.400+0000] {dagbag.py:538} INFO - Filling up the DagBag from /home/airflow/.local/lib/python3.8/site-packages/airflow/example_dags/example_setup_teardown_taskflow.py
[2025-05-07T19:58:24.410+0000] {processor.py:840} INFO - DAG(s) 'example_setup_teardown_taskflow' retrieved from /home/airflow/.local/lib/python3.8/site-packages/airflow/example_dags/example_setup_teardown_taskflow.py
[2025-05-07T19:58:24.432+0000] {logging_mixin.py:188} INFO - [2025-05-07T19:58:24.431+0000] {dag.py:3036} INFO - Sync 1 DAGs
[2025-05-07T19:58:24.454+0000] {logging_mixin.py:188} INFO - [2025-05-07T19:58:24.454+0000] {dag.py:3823} INFO - Setting next_dagrun for example_setup_teardown_taskflow to 2025-05-06 00:00:00+00:00, run_after=2025-05-07 00:00:00+00:00
[2025-05-07T19:58:24.473+0000] {processor.py:183} INFO - Processing /home/airflow/.local/lib/python3.8/site-packages/airflow/example_dags/example_setup_teardown_taskflow.py took 0.081 seconds
[2025-05-07T19:58:55.307+0000] {processor.py:161} INFO - Started process (PID=2966) to work on /home/airflow/.local/lib/python3.8/site-packages/airflow/example_dags/example_setup_teardown_taskflow.py
[2025-05-07T19:58:55.309+0000] {processor.py:830} INFO - Processing file /home/airflow/.local/lib/python3.8/site-packages/airflow/example_dags/example_setup_teardown_taskflow.py for tasks to queue
[2025-05-07T19:58:55.311+0000] {logging_mixin.py:188} INFO - [2025-05-07T19:58:55.311+0000] {dagbag.py:538} INFO - Filling up the DagBag from /home/airflow/.local/lib/python3.8/site-packages/airflow/example_dags/example_setup_teardown_taskflow.py
[2025-05-07T19:58:55.323+0000] {processor.py:840} INFO - DAG(s) 'example_setup_teardown_taskflow' retrieved from /home/airflow/.local/lib/python3.8/site-packages/airflow/example_dags/example_setup_teardown_taskflow.py
[2025-05-07T19:58:55.349+0000] {logging_mixin.py:188} INFO - [2025-05-07T19:58:55.348+0000] {dag.py:3036} INFO - Sync 1 DAGs
[2025-05-07T19:58:55.375+0000] {logging_mixin.py:188} INFO - [2025-05-07T19:58:55.375+0000] {dag.py:3823} INFO - Setting next_dagrun for example_setup_teardown_taskflow to 2025-05-06 00:00:00+00:00, run_after=2025-05-07 00:00:00+00:00
[2025-05-07T19:58:55.397+0000] {processor.py:183} INFO - Processing /home/airflow/.local/lib/python3.8/site-packages/airflow/example_dags/example_setup_teardown_taskflow.py took 0.095 seconds
[2025-05-07T19:59:25.612+0000] {processor.py:161} INFO - Started process (PID=3023) to work on /home/airflow/.local/lib/python3.8/site-packages/airflow/example_dags/example_setup_teardown_taskflow.py
[2025-05-07T19:59:25.613+0000] {processor.py:830} INFO - Processing file /home/airflow/.local/lib/python3.8/site-packages/airflow/example_dags/example_setup_teardown_taskflow.py for tasks to queue
[2025-05-07T19:59:25.615+0000] {logging_mixin.py:188} INFO - [2025-05-07T19:59:25.614+0000] {dagbag.py:538} INFO - Filling up the DagBag from /home/airflow/.local/lib/python3.8/site-packages/airflow/example_dags/example_setup_teardown_taskflow.py
[2025-05-07T19:59:25.624+0000] {processor.py:840} INFO - DAG(s) 'example_setup_teardown_taskflow' retrieved from /home/airflow/.local/lib/python3.8/site-packages/airflow/example_dags/example_setup_teardown_taskflow.py
[2025-05-07T19:59:25.645+0000] {logging_mixin.py:188} INFO - [2025-05-07T19:59:25.644+0000] {dag.py:3036} INFO - Sync 1 DAGs
[2025-05-07T19:59:25.680+0000] {logging_mixin.py:188} INFO - [2025-05-07T19:59:25.679+0000] {dag.py:3823} INFO - Setting next_dagrun for example_setup_teardown_taskflow to 2025-05-06 00:00:00+00:00, run_after=2025-05-07 00:00:00+00:00
[2025-05-07T19:59:25.717+0000] {processor.py:183} INFO - Processing /home/airflow/.local/lib/python3.8/site-packages/airflow/example_dags/example_setup_teardown_taskflow.py took 0.109 seconds
[2025-05-07T19:59:56.293+0000] {processor.py:161} INFO - Started process (PID=3080) to work on /home/airflow/.local/lib/python3.8/site-packages/airflow/example_dags/example_setup_teardown_taskflow.py
[2025-05-07T19:59:56.296+0000] {processor.py:830} INFO - Processing file /home/airflow/.local/lib/python3.8/site-packages/airflow/example_dags/example_setup_teardown_taskflow.py for tasks to queue
[2025-05-07T19:59:56.298+0000] {logging_mixin.py:188} INFO - [2025-05-07T19:59:56.298+0000] {dagbag.py:538} INFO - Filling up the DagBag from /home/airflow/.local/lib/python3.8/site-packages/airflow/example_dags/example_setup_teardown_taskflow.py
[2025-05-07T19:59:56.309+0000] {processor.py:840} INFO - DAG(s) 'example_setup_teardown_taskflow' retrieved from /home/airflow/.local/lib/python3.8/site-packages/airflow/example_dags/example_setup_teardown_taskflow.py
[2025-05-07T19:59:56.337+0000] {logging_mixin.py:188} INFO - [2025-05-07T19:59:56.337+0000] {dag.py:3036} INFO - Sync 1 DAGs
[2025-05-07T19:59:56.361+0000] {logging_mixin.py:188} INFO - [2025-05-07T19:59:56.360+0000] {dag.py:3823} INFO - Setting next_dagrun for example_setup_teardown_taskflow to 2025-05-06 00:00:00+00:00, run_after=2025-05-07 00:00:00+00:00
[2025-05-07T19:59:56.383+0000] {processor.py:183} INFO - Processing /home/airflow/.local/lib/python3.8/site-packages/airflow/example_dags/example_setup_teardown_taskflow.py took 0.094 seconds
[2025-05-07T20:00:26.924+0000] {processor.py:161} INFO - Started process (PID=3137) to work on /home/airflow/.local/lib/python3.8/site-packages/airflow/example_dags/example_setup_teardown_taskflow.py
[2025-05-07T20:00:26.926+0000] {processor.py:830} INFO - Processing file /home/airflow/.local/lib/python3.8/site-packages/airflow/example_dags/example_setup_teardown_taskflow.py for tasks to queue
[2025-05-07T20:00:26.929+0000] {logging_mixin.py:188} INFO - [2025-05-07T20:00:26.929+0000] {dagbag.py:538} INFO - Filling up the DagBag from /home/airflow/.local/lib/python3.8/site-packages/airflow/example_dags/example_setup_teardown_taskflow.py
[2025-05-07T20:00:26.942+0000] {processor.py:840} INFO - DAG(s) 'example_setup_teardown_taskflow' retrieved from /home/airflow/.local/lib/python3.8/site-packages/airflow/example_dags/example_setup_teardown_taskflow.py
[2025-05-07T20:00:26.970+0000] {logging_mixin.py:188} INFO - [2025-05-07T20:00:26.970+0000] {dag.py:3036} INFO - Sync 1 DAGs
[2025-05-07T20:00:26.996+0000] {logging_mixin.py:188} INFO - [2025-05-07T20:00:26.995+0000] {dag.py:3823} INFO - Setting next_dagrun for example_setup_teardown_taskflow to 2025-05-06 00:00:00+00:00, run_after=2025-05-07 00:00:00+00:00
[2025-05-07T20:00:27.021+0000] {processor.py:183} INFO - Processing /home/airflow/.local/lib/python3.8/site-packages/airflow/example_dags/example_setup_teardown_taskflow.py took 0.101 seconds
[2025-05-07T20:00:57.659+0000] {processor.py:161} INFO - Started process (PID=3194) to work on /home/airflow/.local/lib/python3.8/site-packages/airflow/example_dags/example_setup_teardown_taskflow.py
[2025-05-07T20:00:57.662+0000] {processor.py:830} INFO - Processing file /home/airflow/.local/lib/python3.8/site-packages/airflow/example_dags/example_setup_teardown_taskflow.py for tasks to queue
[2025-05-07T20:00:57.665+0000] {logging_mixin.py:188} INFO - [2025-05-07T20:00:57.664+0000] {dagbag.py:538} INFO - Filling up the DagBag from /home/airflow/.local/lib/python3.8/site-packages/airflow/example_dags/example_setup_teardown_taskflow.py
[2025-05-07T20:00:57.677+0000] {processor.py:840} INFO - DAG(s) 'example_setup_teardown_taskflow' retrieved from /home/airflow/.local/lib/python3.8/site-packages/airflow/example_dags/example_setup_teardown_taskflow.py
[2025-05-07T20:00:57.699+0000] {logging_mixin.py:188} INFO - [2025-05-07T20:00:57.699+0000] {dag.py:3036} INFO - Sync 1 DAGs
[2025-05-07T20:00:57.722+0000] {logging_mixin.py:188} INFO - [2025-05-07T20:00:57.722+0000] {dag.py:3823} INFO - Setting next_dagrun for example_setup_teardown_taskflow to 2025-05-06 00:00:00+00:00, run_after=2025-05-07 00:00:00+00:00
[2025-05-07T20:00:57.748+0000] {processor.py:183} INFO - Processing /home/airflow/.local/lib/python3.8/site-packages/airflow/example_dags/example_setup_teardown_taskflow.py took 0.092 seconds
[2025-05-07T20:01:27.857+0000] {processor.py:161} INFO - Started process (PID=3251) to work on /home/airflow/.local/lib/python3.8/site-packages/airflow/example_dags/example_setup_teardown_taskflow.py
[2025-05-07T20:01:27.859+0000] {processor.py:830} INFO - Processing file /home/airflow/.local/lib/python3.8/site-packages/airflow/example_dags/example_setup_teardown_taskflow.py for tasks to queue
[2025-05-07T20:01:27.863+0000] {logging_mixin.py:188} INFO - [2025-05-07T20:01:27.862+0000] {dagbag.py:538} INFO - Filling up the DagBag from /home/airflow/.local/lib/python3.8/site-packages/airflow/example_dags/example_setup_teardown_taskflow.py
[2025-05-07T20:01:27.880+0000] {processor.py:840} INFO - DAG(s) 'example_setup_teardown_taskflow' retrieved from /home/airflow/.local/lib/python3.8/site-packages/airflow/example_dags/example_setup_teardown_taskflow.py
[2025-05-07T20:01:27.919+0000] {logging_mixin.py:188} INFO - [2025-05-07T20:01:27.918+0000] {dag.py:3036} INFO - Sync 1 DAGs
[2025-05-07T20:01:27.948+0000] {logging_mixin.py:188} INFO - [2025-05-07T20:01:27.948+0000] {dag.py:3823} INFO - Setting next_dagrun for example_setup_teardown_taskflow to 2025-05-06 00:00:00+00:00, run_after=2025-05-07 00:00:00+00:00
[2025-05-07T20:01:27.975+0000] {processor.py:183} INFO - Processing /home/airflow/.local/lib/python3.8/site-packages/airflow/example_dags/example_setup_teardown_taskflow.py took 0.124 seconds
[2025-05-07T20:01:58.368+0000] {processor.py:161} INFO - Started process (PID=3308) to work on /home/airflow/.local/lib/python3.8/site-packages/airflow/example_dags/example_setup_teardown_taskflow.py
[2025-05-07T20:01:58.369+0000] {processor.py:830} INFO - Processing file /home/airflow/.local/lib/python3.8/site-packages/airflow/example_dags/example_setup_teardown_taskflow.py for tasks to queue
[2025-05-07T20:01:58.374+0000] {logging_mixin.py:188} INFO - [2025-05-07T20:01:58.374+0000] {dagbag.py:538} INFO - Filling up the DagBag from /home/airflow/.local/lib/python3.8/site-packages/airflow/example_dags/example_setup_teardown_taskflow.py
[2025-05-07T20:01:58.385+0000] {processor.py:840} INFO - DAG(s) 'example_setup_teardown_taskflow' retrieved from /home/airflow/.local/lib/python3.8/site-packages/airflow/example_dags/example_setup_teardown_taskflow.py
[2025-05-07T20:01:58.408+0000] {logging_mixin.py:188} INFO - [2025-05-07T20:01:58.408+0000] {dag.py:3036} INFO - Sync 1 DAGs
[2025-05-07T20:01:58.433+0000] {logging_mixin.py:188} INFO - [2025-05-07T20:01:58.433+0000] {dag.py:3823} INFO - Setting next_dagrun for example_setup_teardown_taskflow to 2025-05-06 00:00:00+00:00, run_after=2025-05-07 00:00:00+00:00
[2025-05-07T20:01:58.454+0000] {processor.py:183} INFO - Processing /home/airflow/.local/lib/python3.8/site-packages/airflow/example_dags/example_setup_teardown_taskflow.py took 0.090 seconds
[2025-05-07T20:02:28.813+0000] {processor.py:161} INFO - Started process (PID=3365) to work on /home/airflow/.local/lib/python3.8/site-packages/airflow/example_dags/example_setup_teardown_taskflow.py
[2025-05-07T20:02:28.814+0000] {processor.py:830} INFO - Processing file /home/airflow/.local/lib/python3.8/site-packages/airflow/example_dags/example_setup_teardown_taskflow.py for tasks to queue
[2025-05-07T20:02:28.816+0000] {logging_mixin.py:188} INFO - [2025-05-07T20:02:28.816+0000] {dagbag.py:538} INFO - Filling up the DagBag from /home/airflow/.local/lib/python3.8/site-packages/airflow/example_dags/example_setup_teardown_taskflow.py
[2025-05-07T20:02:28.826+0000] {processor.py:840} INFO - DAG(s) 'example_setup_teardown_taskflow' retrieved from /home/airflow/.local/lib/python3.8/site-packages/airflow/example_dags/example_setup_teardown_taskflow.py
[2025-05-07T20:02:28.848+0000] {logging_mixin.py:188} INFO - [2025-05-07T20:02:28.848+0000] {dag.py:3036} INFO - Sync 1 DAGs
[2025-05-07T20:02:28.870+0000] {logging_mixin.py:188} INFO - [2025-05-07T20:02:28.870+0000] {dag.py:3823} INFO - Setting next_dagrun for example_setup_teardown_taskflow to 2025-05-06 00:00:00+00:00, run_after=2025-05-07 00:00:00+00:00
[2025-05-07T20:02:28.893+0000] {processor.py:183} INFO - Processing /home/airflow/.local/lib/python3.8/site-packages/airflow/example_dags/example_setup_teardown_taskflow.py took 0.083 seconds
[2025-05-07T20:02:59.577+0000] {processor.py:161} INFO - Started process (PID=3423) to work on /home/airflow/.local/lib/python3.8/site-packages/airflow/example_dags/example_setup_teardown_taskflow.py
[2025-05-07T20:02:59.578+0000] {processor.py:830} INFO - Processing file /home/airflow/.local/lib/python3.8/site-packages/airflow/example_dags/example_setup_teardown_taskflow.py for tasks to queue
[2025-05-07T20:02:59.582+0000] {logging_mixin.py:188} INFO - [2025-05-07T20:02:59.581+0000] {dagbag.py:538} INFO - Filling up the DagBag from /home/airflow/.local/lib/python3.8/site-packages/airflow/example_dags/example_setup_teardown_taskflow.py
[2025-05-07T20:02:59.600+0000] {processor.py:840} INFO - DAG(s) 'example_setup_teardown_taskflow' retrieved from /home/airflow/.local/lib/python3.8/site-packages/airflow/example_dags/example_setup_teardown_taskflow.py
[2025-05-07T20:02:59.630+0000] {logging_mixin.py:188} INFO - [2025-05-07T20:02:59.629+0000] {dag.py:3036} INFO - Sync 1 DAGs
[2025-05-07T20:02:59.652+0000] {logging_mixin.py:188} INFO - [2025-05-07T20:02:59.652+0000] {dag.py:3823} INFO - Setting next_dagrun for example_setup_teardown_taskflow to 2025-05-06 00:00:00+00:00, run_after=2025-05-07 00:00:00+00:00
[2025-05-07T20:02:59.677+0000] {processor.py:183} INFO - Processing /home/airflow/.local/lib/python3.8/site-packages/airflow/example_dags/example_setup_teardown_taskflow.py took 0.106 seconds
[2025-05-07T20:03:30.391+0000] {processor.py:161} INFO - Started process (PID=3480) to work on /home/airflow/.local/lib/python3.8/site-packages/airflow/example_dags/example_setup_teardown_taskflow.py
[2025-05-07T20:03:30.393+0000] {processor.py:830} INFO - Processing file /home/airflow/.local/lib/python3.8/site-packages/airflow/example_dags/example_setup_teardown_taskflow.py for tasks to queue
[2025-05-07T20:03:30.395+0000] {logging_mixin.py:188} INFO - [2025-05-07T20:03:30.395+0000] {dagbag.py:538} INFO - Filling up the DagBag from /home/airflow/.local/lib/python3.8/site-packages/airflow/example_dags/example_setup_teardown_taskflow.py
[2025-05-07T20:03:30.405+0000] {processor.py:840} INFO - DAG(s) 'example_setup_teardown_taskflow' retrieved from /home/airflow/.local/lib/python3.8/site-packages/airflow/example_dags/example_setup_teardown_taskflow.py
[2025-05-07T20:03:30.427+0000] {logging_mixin.py:188} INFO - [2025-05-07T20:03:30.426+0000] {dag.py:3036} INFO - Sync 1 DAGs
[2025-05-07T20:03:30.450+0000] {logging_mixin.py:188} INFO - [2025-05-07T20:03:30.449+0000] {dag.py:3823} INFO - Setting next_dagrun for example_setup_teardown_taskflow to 2025-05-06 00:00:00+00:00, run_after=2025-05-07 00:00:00+00:00
[2025-05-07T20:03:30.476+0000] {processor.py:183} INFO - Processing /home/airflow/.local/lib/python3.8/site-packages/airflow/example_dags/example_setup_teardown_taskflow.py took 0.088 seconds
[2025-05-07T20:04:01.125+0000] {processor.py:161} INFO - Started process (PID=3537) to work on /home/airflow/.local/lib/python3.8/site-packages/airflow/example_dags/example_setup_teardown_taskflow.py
[2025-05-07T20:04:01.126+0000] {processor.py:830} INFO - Processing file /home/airflow/.local/lib/python3.8/site-packages/airflow/example_dags/example_setup_teardown_taskflow.py for tasks to queue
[2025-05-07T20:04:01.129+0000] {logging_mixin.py:188} INFO - [2025-05-07T20:04:01.128+0000] {dagbag.py:538} INFO - Filling up the DagBag from /home/airflow/.local/lib/python3.8/site-packages/airflow/example_dags/example_setup_teardown_taskflow.py
[2025-05-07T20:04:01.139+0000] {processor.py:840} INFO - DAG(s) 'example_setup_teardown_taskflow' retrieved from /home/airflow/.local/lib/python3.8/site-packages/airflow/example_dags/example_setup_teardown_taskflow.py
[2025-05-07T20:04:01.161+0000] {logging_mixin.py:188} INFO - [2025-05-07T20:04:01.160+0000] {dag.py:3036} INFO - Sync 1 DAGs
[2025-05-07T20:04:01.182+0000] {logging_mixin.py:188} INFO - [2025-05-07T20:04:01.182+0000] {dag.py:3823} INFO - Setting next_dagrun for example_setup_teardown_taskflow to 2025-05-06 00:00:00+00:00, run_after=2025-05-07 00:00:00+00:00
[2025-05-07T20:04:01.202+0000] {processor.py:183} INFO - Processing /home/airflow/.local/lib/python3.8/site-packages/airflow/example_dags/example_setup_teardown_taskflow.py took 0.080 seconds
[2025-05-07T20:04:31.398+0000] {processor.py:161} INFO - Started process (PID=3593) to work on /home/airflow/.local/lib/python3.8/site-packages/airflow/example_dags/example_setup_teardown_taskflow.py
[2025-05-07T20:04:31.401+0000] {processor.py:830} INFO - Processing file /home/airflow/.local/lib/python3.8/site-packages/airflow/example_dags/example_setup_teardown_taskflow.py for tasks to queue
[2025-05-07T20:04:31.403+0000] {logging_mixin.py:188} INFO - [2025-05-07T20:04:31.403+0000] {dagbag.py:538} INFO - Filling up the DagBag from /home/airflow/.local/lib/python3.8/site-packages/airflow/example_dags/example_setup_teardown_taskflow.py
[2025-05-07T20:04:31.413+0000] {processor.py:840} INFO - DAG(s) 'example_setup_teardown_taskflow' retrieved from /home/airflow/.local/lib/python3.8/site-packages/airflow/example_dags/example_setup_teardown_taskflow.py
[2025-05-07T20:04:31.448+0000] {logging_mixin.py:188} INFO - [2025-05-07T20:04:31.448+0000] {dag.py:3036} INFO - Sync 1 DAGs
[2025-05-07T20:04:31.480+0000] {logging_mixin.py:188} INFO - [2025-05-07T20:04:31.479+0000] {dag.py:3823} INFO - Setting next_dagrun for example_setup_teardown_taskflow to 2025-05-06 00:00:00+00:00, run_after=2025-05-07 00:00:00+00:00
[2025-05-07T20:04:31.508+0000] {processor.py:183} INFO - Processing /home/airflow/.local/lib/python3.8/site-packages/airflow/example_dags/example_setup_teardown_taskflow.py took 0.115 seconds
[2025-05-07T20:05:01.577+0000] {processor.py:161} INFO - Started process (PID=3650) to work on /home/airflow/.local/lib/python3.8/site-packages/airflow/example_dags/example_setup_teardown_taskflow.py
[2025-05-07T20:05:01.579+0000] {processor.py:830} INFO - Processing file /home/airflow/.local/lib/python3.8/site-packages/airflow/example_dags/example_setup_teardown_taskflow.py for tasks to queue
[2025-05-07T20:05:01.581+0000] {logging_mixin.py:188} INFO - [2025-05-07T20:05:01.581+0000] {dagbag.py:538} INFO - Filling up the DagBag from /home/airflow/.local/lib/python3.8/site-packages/airflow/example_dags/example_setup_teardown_taskflow.py
[2025-05-07T20:05:01.592+0000] {processor.py:840} INFO - DAG(s) 'example_setup_teardown_taskflow' retrieved from /home/airflow/.local/lib/python3.8/site-packages/airflow/example_dags/example_setup_teardown_taskflow.py
[2025-05-07T20:05:01.615+0000] {logging_mixin.py:188} INFO - [2025-05-07T20:05:01.615+0000] {dag.py:3036} INFO - Sync 1 DAGs
[2025-05-07T20:05:01.636+0000] {logging_mixin.py:188} INFO - [2025-05-07T20:05:01.635+0000] {dag.py:3823} INFO - Setting next_dagrun for example_setup_teardown_taskflow to 2025-05-06 00:00:00+00:00, run_after=2025-05-07 00:00:00+00:00
[2025-05-07T20:05:01.654+0000] {processor.py:183} INFO - Processing /home/airflow/.local/lib/python3.8/site-packages/airflow/example_dags/example_setup_teardown_taskflow.py took 0.080 seconds
[2025-05-07T20:05:32.053+0000] {processor.py:161} INFO - Started process (PID=3707) to work on /home/airflow/.local/lib/python3.8/site-packages/airflow/example_dags/example_setup_teardown_taskflow.py
[2025-05-07T20:05:32.055+0000] {processor.py:830} INFO - Processing file /home/airflow/.local/lib/python3.8/site-packages/airflow/example_dags/example_setup_teardown_taskflow.py for tasks to queue
[2025-05-07T20:05:32.057+0000] {logging_mixin.py:188} INFO - [2025-05-07T20:05:32.057+0000] {dagbag.py:538} INFO - Filling up the DagBag from /home/airflow/.local/lib/python3.8/site-packages/airflow/example_dags/example_setup_teardown_taskflow.py
[2025-05-07T20:05:32.067+0000] {processor.py:840} INFO - DAG(s) 'example_setup_teardown_taskflow' retrieved from /home/airflow/.local/lib/python3.8/site-packages/airflow/example_dags/example_setup_teardown_taskflow.py
[2025-05-07T20:05:32.089+0000] {logging_mixin.py:188} INFO - [2025-05-07T20:05:32.089+0000] {dag.py:3036} INFO - Sync 1 DAGs
[2025-05-07T20:05:32.111+0000] {logging_mixin.py:188} INFO - [2025-05-07T20:05:32.111+0000] {dag.py:3823} INFO - Setting next_dagrun for example_setup_teardown_taskflow to 2025-05-06 00:00:00+00:00, run_after=2025-05-07 00:00:00+00:00
[2025-05-07T20:05:32.132+0000] {processor.py:183} INFO - Processing /home/airflow/.local/lib/python3.8/site-packages/airflow/example_dags/example_setup_teardown_taskflow.py took 0.082 seconds
[2025-05-07T20:06:02.896+0000] {processor.py:161} INFO - Started process (PID=3764) to work on /home/airflow/.local/lib/python3.8/site-packages/airflow/example_dags/example_setup_teardown_taskflow.py
[2025-05-07T20:06:02.898+0000] {processor.py:830} INFO - Processing file /home/airflow/.local/lib/python3.8/site-packages/airflow/example_dags/example_setup_teardown_taskflow.py for tasks to queue
[2025-05-07T20:06:02.901+0000] {logging_mixin.py:188} INFO - [2025-05-07T20:06:02.900+0000] {dagbag.py:538} INFO - Filling up the DagBag from /home/airflow/.local/lib/python3.8/site-packages/airflow/example_dags/example_setup_teardown_taskflow.py
[2025-05-07T20:06:02.911+0000] {processor.py:840} INFO - DAG(s) 'example_setup_teardown_taskflow' retrieved from /home/airflow/.local/lib/python3.8/site-packages/airflow/example_dags/example_setup_teardown_taskflow.py
[2025-05-07T20:06:02.936+0000] {logging_mixin.py:188} INFO - [2025-05-07T20:06:02.936+0000] {dag.py:3036} INFO - Sync 1 DAGs
[2025-05-07T20:06:02.958+0000] {logging_mixin.py:188} INFO - [2025-05-07T20:06:02.957+0000] {dag.py:3823} INFO - Setting next_dagrun for example_setup_teardown_taskflow to 2025-05-06 00:00:00+00:00, run_after=2025-05-07 00:00:00+00:00
[2025-05-07T20:06:02.981+0000] {processor.py:183} INFO - Processing /home/airflow/.local/lib/python3.8/site-packages/airflow/example_dags/example_setup_teardown_taskflow.py took 0.091 seconds
[2025-05-07T20:06:33.122+0000] {processor.py:161} INFO - Started process (PID=3821) to work on /home/airflow/.local/lib/python3.8/site-packages/airflow/example_dags/example_setup_teardown_taskflow.py
[2025-05-07T20:06:33.124+0000] {processor.py:830} INFO - Processing file /home/airflow/.local/lib/python3.8/site-packages/airflow/example_dags/example_setup_teardown_taskflow.py for tasks to queue
[2025-05-07T20:06:33.128+0000] {logging_mixin.py:188} INFO - [2025-05-07T20:06:33.127+0000] {dagbag.py:538} INFO - Filling up the DagBag from /home/airflow/.local/lib/python3.8/site-packages/airflow/example_dags/example_setup_teardown_taskflow.py
[2025-05-07T20:06:33.141+0000] {processor.py:840} INFO - DAG(s) 'example_setup_teardown_taskflow' retrieved from /home/airflow/.local/lib/python3.8/site-packages/airflow/example_dags/example_setup_teardown_taskflow.py
[2025-05-07T20:06:33.164+0000] {logging_mixin.py:188} INFO - [2025-05-07T20:06:33.163+0000] {dag.py:3036} INFO - Sync 1 DAGs
[2025-05-07T20:06:33.194+0000] {logging_mixin.py:188} INFO - [2025-05-07T20:06:33.194+0000] {dag.py:3823} INFO - Setting next_dagrun for example_setup_teardown_taskflow to 2025-05-06 00:00:00+00:00, run_after=2025-05-07 00:00:00+00:00
[2025-05-07T20:06:33.218+0000] {processor.py:183} INFO - Processing /home/airflow/.local/lib/python3.8/site-packages/airflow/example_dags/example_setup_teardown_taskflow.py took 0.103 seconds
[2025-05-07T20:07:03.557+0000] {processor.py:161} INFO - Started process (PID=3878) to work on /home/airflow/.local/lib/python3.8/site-packages/airflow/example_dags/example_setup_teardown_taskflow.py
[2025-05-07T20:07:03.559+0000] {processor.py:830} INFO - Processing file /home/airflow/.local/lib/python3.8/site-packages/airflow/example_dags/example_setup_teardown_taskflow.py for tasks to queue
[2025-05-07T20:07:03.563+0000] {logging_mixin.py:188} INFO - [2025-05-07T20:07:03.562+0000] {dagbag.py:538} INFO - Filling up the DagBag from /home/airflow/.local/lib/python3.8/site-packages/airflow/example_dags/example_setup_teardown_taskflow.py
[2025-05-07T20:07:03.578+0000] {processor.py:840} INFO - DAG(s) 'example_setup_teardown_taskflow' retrieved from /home/airflow/.local/lib/python3.8/site-packages/airflow/example_dags/example_setup_teardown_taskflow.py
[2025-05-07T20:07:03.606+0000] {logging_mixin.py:188} INFO - [2025-05-07T20:07:03.606+0000] {dag.py:3036} INFO - Sync 1 DAGs
[2025-05-07T20:07:03.627+0000] {logging_mixin.py:188} INFO - [2025-05-07T20:07:03.627+0000] {dag.py:3823} INFO - Setting next_dagrun for example_setup_teardown_taskflow to 2025-05-06 00:00:00+00:00, run_after=2025-05-07 00:00:00+00:00
[2025-05-07T20:07:03.649+0000] {processor.py:183} INFO - Processing /home/airflow/.local/lib/python3.8/site-packages/airflow/example_dags/example_setup_teardown_taskflow.py took 0.097 seconds
[2025-05-07T20:07:34.379+0000] {processor.py:161} INFO - Started process (PID=3935) to work on /home/airflow/.local/lib/python3.8/site-packages/airflow/example_dags/example_setup_teardown_taskflow.py
[2025-05-07T20:07:34.381+0000] {processor.py:830} INFO - Processing file /home/airflow/.local/lib/python3.8/site-packages/airflow/example_dags/example_setup_teardown_taskflow.py for tasks to queue
[2025-05-07T20:07:34.383+0000] {logging_mixin.py:188} INFO - [2025-05-07T20:07:34.383+0000] {dagbag.py:538} INFO - Filling up the DagBag from /home/airflow/.local/lib/python3.8/site-packages/airflow/example_dags/example_setup_teardown_taskflow.py
[2025-05-07T20:07:34.393+0000] {processor.py:840} INFO - DAG(s) 'example_setup_teardown_taskflow' retrieved from /home/airflow/.local/lib/python3.8/site-packages/airflow/example_dags/example_setup_teardown_taskflow.py
[2025-05-07T20:07:34.413+0000] {logging_mixin.py:188} INFO - [2025-05-07T20:07:34.413+0000] {dag.py:3036} INFO - Sync 1 DAGs
[2025-05-07T20:07:34.435+0000] {logging_mixin.py:188} INFO - [2025-05-07T20:07:34.435+0000] {dag.py:3823} INFO - Setting next_dagrun for example_setup_teardown_taskflow to 2025-05-06 00:00:00+00:00, run_after=2025-05-07 00:00:00+00:00
[2025-05-07T20:07:34.453+0000] {processor.py:183} INFO - Processing /home/airflow/.local/lib/python3.8/site-packages/airflow/example_dags/example_setup_teardown_taskflow.py took 0.077 seconds
[2025-05-07T20:08:04.621+0000] {processor.py:161} INFO - Started process (PID=3992) to work on /home/airflow/.local/lib/python3.8/site-packages/airflow/example_dags/example_setup_teardown_taskflow.py
[2025-05-07T20:08:04.628+0000] {processor.py:830} INFO - Processing file /home/airflow/.local/lib/python3.8/site-packages/airflow/example_dags/example_setup_teardown_taskflow.py for tasks to queue
[2025-05-07T20:08:04.635+0000] {logging_mixin.py:188} INFO - [2025-05-07T20:08:04.634+0000] {dagbag.py:538} INFO - Filling up the DagBag from /home/airflow/.local/lib/python3.8/site-packages/airflow/example_dags/example_setup_teardown_taskflow.py
[2025-05-07T20:08:04.658+0000] {processor.py:840} INFO - DAG(s) 'example_setup_teardown_taskflow' retrieved from /home/airflow/.local/lib/python3.8/site-packages/airflow/example_dags/example_setup_teardown_taskflow.py
[2025-05-07T20:08:04.689+0000] {logging_mixin.py:188} INFO - [2025-05-07T20:08:04.688+0000] {dag.py:3036} INFO - Sync 1 DAGs
[2025-05-07T20:08:04.714+0000] {logging_mixin.py:188} INFO - [2025-05-07T20:08:04.714+0000] {dag.py:3823} INFO - Setting next_dagrun for example_setup_teardown_taskflow to 2025-05-06 00:00:00+00:00, run_after=2025-05-07 00:00:00+00:00
[2025-05-07T20:08:04.773+0000] {processor.py:183} INFO - Processing /home/airflow/.local/lib/python3.8/site-packages/airflow/example_dags/example_setup_teardown_taskflow.py took 0.157 seconds
[2025-05-07T20:08:35.032+0000] {processor.py:161} INFO - Started process (PID=4049) to work on /home/airflow/.local/lib/python3.8/site-packages/airflow/example_dags/example_setup_teardown_taskflow.py
[2025-05-07T20:08:35.034+0000] {processor.py:830} INFO - Processing file /home/airflow/.local/lib/python3.8/site-packages/airflow/example_dags/example_setup_teardown_taskflow.py for tasks to queue
[2025-05-07T20:08:35.036+0000] {logging_mixin.py:188} INFO - [2025-05-07T20:08:35.036+0000] {dagbag.py:538} INFO - Filling up the DagBag from /home/airflow/.local/lib/python3.8/site-packages/airflow/example_dags/example_setup_teardown_taskflow.py
[2025-05-07T20:08:35.049+0000] {processor.py:840} INFO - DAG(s) 'example_setup_teardown_taskflow' retrieved from /home/airflow/.local/lib/python3.8/site-packages/airflow/example_dags/example_setup_teardown_taskflow.py
[2025-05-07T20:08:35.086+0000] {logging_mixin.py:188} INFO - [2025-05-07T20:08:35.085+0000] {dag.py:3036} INFO - Sync 1 DAGs
[2025-05-07T20:08:35.111+0000] {logging_mixin.py:188} INFO - [2025-05-07T20:08:35.110+0000] {dag.py:3823} INFO - Setting next_dagrun for example_setup_teardown_taskflow to 2025-05-06 00:00:00+00:00, run_after=2025-05-07 00:00:00+00:00
[2025-05-07T20:08:35.197+0000] {processor.py:183} INFO - Processing /home/airflow/.local/lib/python3.8/site-packages/airflow/example_dags/example_setup_teardown_taskflow.py took 0.169 seconds
[2025-05-07T20:09:05.538+0000] {processor.py:161} INFO - Started process (PID=4106) to work on /home/airflow/.local/lib/python3.8/site-packages/airflow/example_dags/example_setup_teardown_taskflow.py
[2025-05-07T20:09:05.539+0000] {processor.py:830} INFO - Processing file /home/airflow/.local/lib/python3.8/site-packages/airflow/example_dags/example_setup_teardown_taskflow.py for tasks to queue
[2025-05-07T20:09:05.541+0000] {logging_mixin.py:188} INFO - [2025-05-07T20:09:05.541+0000] {dagbag.py:538} INFO - Filling up the DagBag from /home/airflow/.local/lib/python3.8/site-packages/airflow/example_dags/example_setup_teardown_taskflow.py
[2025-05-07T20:09:05.551+0000] {processor.py:840} INFO - DAG(s) 'example_setup_teardown_taskflow' retrieved from /home/airflow/.local/lib/python3.8/site-packages/airflow/example_dags/example_setup_teardown_taskflow.py
[2025-05-07T20:09:05.574+0000] {logging_mixin.py:188} INFO - [2025-05-07T20:09:05.573+0000] {dag.py:3036} INFO - Sync 1 DAGs
[2025-05-07T20:09:05.595+0000] {logging_mixin.py:188} INFO - [2025-05-07T20:09:05.594+0000] {dag.py:3823} INFO - Setting next_dagrun for example_setup_teardown_taskflow to 2025-05-06 00:00:00+00:00, run_after=2025-05-07 00:00:00+00:00
[2025-05-07T20:09:05.613+0000] {processor.py:183} INFO - Processing /home/airflow/.local/lib/python3.8/site-packages/airflow/example_dags/example_setup_teardown_taskflow.py took 0.079 seconds
[2025-05-07T20:09:36.310+0000] {processor.py:161} INFO - Started process (PID=4163) to work on /home/airflow/.local/lib/python3.8/site-packages/airflow/example_dags/example_setup_teardown_taskflow.py
[2025-05-07T20:09:36.312+0000] {processor.py:830} INFO - Processing file /home/airflow/.local/lib/python3.8/site-packages/airflow/example_dags/example_setup_teardown_taskflow.py for tasks to queue
[2025-05-07T20:09:36.315+0000] {logging_mixin.py:188} INFO - [2025-05-07T20:09:36.314+0000] {dagbag.py:538} INFO - Filling up the DagBag from /home/airflow/.local/lib/python3.8/site-packages/airflow/example_dags/example_setup_teardown_taskflow.py
[2025-05-07T20:09:36.327+0000] {processor.py:840} INFO - DAG(s) 'example_setup_teardown_taskflow' retrieved from /home/airflow/.local/lib/python3.8/site-packages/airflow/example_dags/example_setup_teardown_taskflow.py
[2025-05-07T20:09:36.351+0000] {logging_mixin.py:188} INFO - [2025-05-07T20:09:36.351+0000] {dag.py:3036} INFO - Sync 1 DAGs
[2025-05-07T20:09:36.392+0000] {logging_mixin.py:188} INFO - [2025-05-07T20:09:36.391+0000] {dag.py:3823} INFO - Setting next_dagrun for example_setup_teardown_taskflow to 2025-05-06 00:00:00+00:00, run_after=2025-05-07 00:00:00+00:00
[2025-05-07T20:09:36.422+0000] {processor.py:183} INFO - Processing /home/airflow/.local/lib/python3.8/site-packages/airflow/example_dags/example_setup_teardown_taskflow.py took 0.116 seconds
[2025-05-07T20:10:07.466+0000] {processor.py:161} INFO - Started process (PID=4220) to work on /home/airflow/.local/lib/python3.8/site-packages/airflow/example_dags/example_setup_teardown_taskflow.py
[2025-05-07T20:10:07.468+0000] {processor.py:830} INFO - Processing file /home/airflow/.local/lib/python3.8/site-packages/airflow/example_dags/example_setup_teardown_taskflow.py for tasks to queue
[2025-05-07T20:10:07.472+0000] {logging_mixin.py:188} INFO - [2025-05-07T20:10:07.472+0000] {dagbag.py:538} INFO - Filling up the DagBag from /home/airflow/.local/lib/python3.8/site-packages/airflow/example_dags/example_setup_teardown_taskflow.py
[2025-05-07T20:10:07.485+0000] {processor.py:840} INFO - DAG(s) 'example_setup_teardown_taskflow' retrieved from /home/airflow/.local/lib/python3.8/site-packages/airflow/example_dags/example_setup_teardown_taskflow.py
[2025-05-07T20:10:07.510+0000] {logging_mixin.py:188} INFO - [2025-05-07T20:10:07.509+0000] {dag.py:3036} INFO - Sync 1 DAGs
[2025-05-07T20:10:07.533+0000] {logging_mixin.py:188} INFO - [2025-05-07T20:10:07.533+0000] {dag.py:3823} INFO - Setting next_dagrun for example_setup_teardown_taskflow to 2025-05-06 00:00:00+00:00, run_after=2025-05-07 00:00:00+00:00
[2025-05-07T20:10:07.556+0000] {processor.py:183} INFO - Processing /home/airflow/.local/lib/python3.8/site-packages/airflow/example_dags/example_setup_teardown_taskflow.py took 0.094 seconds
[2025-05-07T20:10:37.898+0000] {processor.py:161} INFO - Started process (PID=4278) to work on /home/airflow/.local/lib/python3.8/site-packages/airflow/example_dags/example_setup_teardown_taskflow.py
[2025-05-07T20:10:37.899+0000] {processor.py:830} INFO - Processing file /home/airflow/.local/lib/python3.8/site-packages/airflow/example_dags/example_setup_teardown_taskflow.py for tasks to queue
[2025-05-07T20:10:37.902+0000] {logging_mixin.py:188} INFO - [2025-05-07T20:10:37.901+0000] {dagbag.py:538} INFO - Filling up the DagBag from /home/airflow/.local/lib/python3.8/site-packages/airflow/example_dags/example_setup_teardown_taskflow.py
[2025-05-07T20:10:37.912+0000] {processor.py:840} INFO - DAG(s) 'example_setup_teardown_taskflow' retrieved from /home/airflow/.local/lib/python3.8/site-packages/airflow/example_dags/example_setup_teardown_taskflow.py
[2025-05-07T20:10:37.934+0000] {logging_mixin.py:188} INFO - [2025-05-07T20:10:37.934+0000] {dag.py:3036} INFO - Sync 1 DAGs
[2025-05-07T20:10:37.956+0000] {logging_mixin.py:188} INFO - [2025-05-07T20:10:37.956+0000] {dag.py:3823} INFO - Setting next_dagrun for example_setup_teardown_taskflow to 2025-05-06 00:00:00+00:00, run_after=2025-05-07 00:00:00+00:00
[2025-05-07T20:10:37.981+0000] {processor.py:183} INFO - Processing /home/airflow/.local/lib/python3.8/site-packages/airflow/example_dags/example_setup_teardown_taskflow.py took 0.086 seconds
[2025-05-07T20:11:08.311+0000] {processor.py:161} INFO - Started process (PID=4335) to work on /home/airflow/.local/lib/python3.8/site-packages/airflow/example_dags/example_setup_teardown_taskflow.py
[2025-05-07T20:11:08.312+0000] {processor.py:830} INFO - Processing file /home/airflow/.local/lib/python3.8/site-packages/airflow/example_dags/example_setup_teardown_taskflow.py for tasks to queue
[2025-05-07T20:11:08.314+0000] {logging_mixin.py:188} INFO - [2025-05-07T20:11:08.314+0000] {dagbag.py:538} INFO - Filling up the DagBag from /home/airflow/.local/lib/python3.8/site-packages/airflow/example_dags/example_setup_teardown_taskflow.py
[2025-05-07T20:11:08.324+0000] {processor.py:840} INFO - DAG(s) 'example_setup_teardown_taskflow' retrieved from /home/airflow/.local/lib/python3.8/site-packages/airflow/example_dags/example_setup_teardown_taskflow.py
[2025-05-07T20:11:08.348+0000] {logging_mixin.py:188} INFO - [2025-05-07T20:11:08.348+0000] {dag.py:3036} INFO - Sync 1 DAGs
[2025-05-07T20:11:08.376+0000] {logging_mixin.py:188} INFO - [2025-05-07T20:11:08.375+0000] {dag.py:3823} INFO - Setting next_dagrun for example_setup_teardown_taskflow to 2025-05-06 00:00:00+00:00, run_after=2025-05-07 00:00:00+00:00
[2025-05-07T20:11:08.404+0000] {processor.py:183} INFO - Processing /home/airflow/.local/lib/python3.8/site-packages/airflow/example_dags/example_setup_teardown_taskflow.py took 0.096 seconds
[2025-05-07T20:11:39.875+0000] {processor.py:161} INFO - Started process (PID=4392) to work on /home/airflow/.local/lib/python3.8/site-packages/airflow/example_dags/example_setup_teardown_taskflow.py
[2025-05-07T20:11:39.876+0000] {processor.py:830} INFO - Processing file /home/airflow/.local/lib/python3.8/site-packages/airflow/example_dags/example_setup_teardown_taskflow.py for tasks to queue
[2025-05-07T20:11:39.878+0000] {logging_mixin.py:188} INFO - [2025-05-07T20:11:39.878+0000] {dagbag.py:538} INFO - Filling up the DagBag from /home/airflow/.local/lib/python3.8/site-packages/airflow/example_dags/example_setup_teardown_taskflow.py
[2025-05-07T20:11:39.888+0000] {processor.py:840} INFO - DAG(s) 'example_setup_teardown_taskflow' retrieved from /home/airflow/.local/lib/python3.8/site-packages/airflow/example_dags/example_setup_teardown_taskflow.py
[2025-05-07T20:11:39.911+0000] {logging_mixin.py:188} INFO - [2025-05-07T20:11:39.910+0000] {dag.py:3036} INFO - Sync 1 DAGs
[2025-05-07T20:11:39.931+0000] {logging_mixin.py:188} INFO - [2025-05-07T20:11:39.930+0000] {dag.py:3823} INFO - Setting next_dagrun for example_setup_teardown_taskflow to 2025-05-06 00:00:00+00:00, run_after=2025-05-07 00:00:00+00:00
[2025-05-07T20:11:39.954+0000] {processor.py:183} INFO - Processing /home/airflow/.local/lib/python3.8/site-packages/airflow/example_dags/example_setup_teardown_taskflow.py took 0.083 seconds
[2025-05-07T20:12:10.325+0000] {processor.py:161} INFO - Started process (PID=4449) to work on /home/airflow/.local/lib/python3.8/site-packages/airflow/example_dags/example_setup_teardown_taskflow.py
[2025-05-07T20:12:10.327+0000] {processor.py:830} INFO - Processing file /home/airflow/.local/lib/python3.8/site-packages/airflow/example_dags/example_setup_teardown_taskflow.py for tasks to queue
[2025-05-07T20:12:10.329+0000] {logging_mixin.py:188} INFO - [2025-05-07T20:12:10.329+0000] {dagbag.py:538} INFO - Filling up the DagBag from /home/airflow/.local/lib/python3.8/site-packages/airflow/example_dags/example_setup_teardown_taskflow.py
[2025-05-07T20:12:10.339+0000] {processor.py:840} INFO - DAG(s) 'example_setup_teardown_taskflow' retrieved from /home/airflow/.local/lib/python3.8/site-packages/airflow/example_dags/example_setup_teardown_taskflow.py
[2025-05-07T20:12:10.360+0000] {logging_mixin.py:188} INFO - [2025-05-07T20:12:10.360+0000] {dag.py:3036} INFO - Sync 1 DAGs
[2025-05-07T20:12:10.382+0000] {logging_mixin.py:188} INFO - [2025-05-07T20:12:10.382+0000] {dag.py:3823} INFO - Setting next_dagrun for example_setup_teardown_taskflow to 2025-05-06 00:00:00+00:00, run_after=2025-05-07 00:00:00+00:00
[2025-05-07T20:12:10.403+0000] {processor.py:183} INFO - Processing /home/airflow/.local/lib/python3.8/site-packages/airflow/example_dags/example_setup_teardown_taskflow.py took 0.082 seconds
[2025-05-07T20:12:41.128+0000] {processor.py:161} INFO - Started process (PID=4506) to work on /home/airflow/.local/lib/python3.8/site-packages/airflow/example_dags/example_setup_teardown_taskflow.py
[2025-05-07T20:12:41.130+0000] {processor.py:830} INFO - Processing file /home/airflow/.local/lib/python3.8/site-packages/airflow/example_dags/example_setup_teardown_taskflow.py for tasks to queue
[2025-05-07T20:12:41.132+0000] {logging_mixin.py:188} INFO - [2025-05-07T20:12:41.132+0000] {dagbag.py:538} INFO - Filling up the DagBag from /home/airflow/.local/lib/python3.8/site-packages/airflow/example_dags/example_setup_teardown_taskflow.py
[2025-05-07T20:12:41.144+0000] {processor.py:840} INFO - DAG(s) 'example_setup_teardown_taskflow' retrieved from /home/airflow/.local/lib/python3.8/site-packages/airflow/example_dags/example_setup_teardown_taskflow.py
[2025-05-07T20:12:41.171+0000] {logging_mixin.py:188} INFO - [2025-05-07T20:12:41.170+0000] {dag.py:3036} INFO - Sync 1 DAGs
[2025-05-07T20:12:41.196+0000] {logging_mixin.py:188} INFO - [2025-05-07T20:12:41.196+0000] {dag.py:3823} INFO - Setting next_dagrun for example_setup_teardown_taskflow to 2025-05-06 00:00:00+00:00, run_after=2025-05-07 00:00:00+00:00
[2025-05-07T20:12:41.222+0000] {processor.py:183} INFO - Processing /home/airflow/.local/lib/python3.8/site-packages/airflow/example_dags/example_setup_teardown_taskflow.py took 0.098 seconds
[2025-05-07T20:13:11.704+0000] {processor.py:161} INFO - Started process (PID=4562) to work on /home/airflow/.local/lib/python3.8/site-packages/airflow/example_dags/example_setup_teardown_taskflow.py
[2025-05-07T20:13:11.707+0000] {processor.py:830} INFO - Processing file /home/airflow/.local/lib/python3.8/site-packages/airflow/example_dags/example_setup_teardown_taskflow.py for tasks to queue
[2025-05-07T20:13:11.712+0000] {logging_mixin.py:188} INFO - [2025-05-07T20:13:11.711+0000] {dagbag.py:538} INFO - Filling up the DagBag from /home/airflow/.local/lib/python3.8/site-packages/airflow/example_dags/example_setup_teardown_taskflow.py
[2025-05-07T20:13:11.731+0000] {processor.py:840} INFO - DAG(s) 'example_setup_teardown_taskflow' retrieved from /home/airflow/.local/lib/python3.8/site-packages/airflow/example_dags/example_setup_teardown_taskflow.py
[2025-05-07T20:13:11.771+0000] {logging_mixin.py:188} INFO - [2025-05-07T20:13:11.770+0000] {dag.py:3036} INFO - Sync 1 DAGs
[2025-05-07T20:13:11.800+0000] {logging_mixin.py:188} INFO - [2025-05-07T20:13:11.800+0000] {dag.py:3823} INFO - Setting next_dagrun for example_setup_teardown_taskflow to 2025-05-06 00:00:00+00:00, run_after=2025-05-07 00:00:00+00:00
[2025-05-07T20:13:11.835+0000] {processor.py:183} INFO - Processing /home/airflow/.local/lib/python3.8/site-packages/airflow/example_dags/example_setup_teardown_taskflow.py took 0.137 seconds
[2025-05-07T20:13:41.986+0000] {processor.py:161} INFO - Started process (PID=4619) to work on /home/airflow/.local/lib/python3.8/site-packages/airflow/example_dags/example_setup_teardown_taskflow.py
[2025-05-07T20:13:41.989+0000] {processor.py:830} INFO - Processing file /home/airflow/.local/lib/python3.8/site-packages/airflow/example_dags/example_setup_teardown_taskflow.py for tasks to queue
[2025-05-07T20:13:41.993+0000] {logging_mixin.py:188} INFO - [2025-05-07T20:13:41.992+0000] {dagbag.py:538} INFO - Filling up the DagBag from /home/airflow/.local/lib/python3.8/site-packages/airflow/example_dags/example_setup_teardown_taskflow.py
[2025-05-07T20:13:42.012+0000] {processor.py:840} INFO - DAG(s) 'example_setup_teardown_taskflow' retrieved from /home/airflow/.local/lib/python3.8/site-packages/airflow/example_dags/example_setup_teardown_taskflow.py
[2025-05-07T20:13:42.045+0000] {logging_mixin.py:188} INFO - [2025-05-07T20:13:42.045+0000] {dag.py:3036} INFO - Sync 1 DAGs
[2025-05-07T20:13:42.069+0000] {logging_mixin.py:188} INFO - [2025-05-07T20:13:42.069+0000] {dag.py:3823} INFO - Setting next_dagrun for example_setup_teardown_taskflow to 2025-05-06 00:00:00+00:00, run_after=2025-05-07 00:00:00+00:00
[2025-05-07T20:13:42.092+0000] {processor.py:183} INFO - Processing /home/airflow/.local/lib/python3.8/site-packages/airflow/example_dags/example_setup_teardown_taskflow.py took 0.113 seconds
[2025-05-07T20:14:12.869+0000] {processor.py:161} INFO - Started process (PID=4677) to work on /home/airflow/.local/lib/python3.8/site-packages/airflow/example_dags/example_setup_teardown_taskflow.py
[2025-05-07T20:14:12.870+0000] {processor.py:830} INFO - Processing file /home/airflow/.local/lib/python3.8/site-packages/airflow/example_dags/example_setup_teardown_taskflow.py for tasks to queue
[2025-05-07T20:14:12.872+0000] {logging_mixin.py:188} INFO - [2025-05-07T20:14:12.872+0000] {dagbag.py:538} INFO - Filling up the DagBag from /home/airflow/.local/lib/python3.8/site-packages/airflow/example_dags/example_setup_teardown_taskflow.py
[2025-05-07T20:14:12.881+0000] {processor.py:840} INFO - DAG(s) 'example_setup_teardown_taskflow' retrieved from /home/airflow/.local/lib/python3.8/site-packages/airflow/example_dags/example_setup_teardown_taskflow.py
[2025-05-07T20:14:12.903+0000] {logging_mixin.py:188} INFO - [2025-05-07T20:14:12.903+0000] {dag.py:3036} INFO - Sync 1 DAGs
[2025-05-07T20:14:12.925+0000] {logging_mixin.py:188} INFO - [2025-05-07T20:14:12.924+0000] {dag.py:3823} INFO - Setting next_dagrun for example_setup_teardown_taskflow to 2025-05-06 00:00:00+00:00, run_after=2025-05-07 00:00:00+00:00
[2025-05-07T20:14:12.948+0000] {processor.py:183} INFO - Processing /home/airflow/.local/lib/python3.8/site-packages/airflow/example_dags/example_setup_teardown_taskflow.py took 0.083 seconds
[2025-05-07T20:14:43.749+0000] {processor.py:161} INFO - Started process (PID=4734) to work on /home/airflow/.local/lib/python3.8/site-packages/airflow/example_dags/example_setup_teardown_taskflow.py
[2025-05-07T20:14:43.751+0000] {processor.py:830} INFO - Processing file /home/airflow/.local/lib/python3.8/site-packages/airflow/example_dags/example_setup_teardown_taskflow.py for tasks to queue
[2025-05-07T20:14:43.756+0000] {logging_mixin.py:188} INFO - [2025-05-07T20:14:43.755+0000] {dagbag.py:538} INFO - Filling up the DagBag from /home/airflow/.local/lib/python3.8/site-packages/airflow/example_dags/example_setup_teardown_taskflow.py
[2025-05-07T20:14:43.777+0000] {processor.py:840} INFO - DAG(s) 'example_setup_teardown_taskflow' retrieved from /home/airflow/.local/lib/python3.8/site-packages/airflow/example_dags/example_setup_teardown_taskflow.py
[2025-05-07T20:14:43.807+0000] {logging_mixin.py:188} INFO - [2025-05-07T20:14:43.807+0000] {dag.py:3036} INFO - Sync 1 DAGs
[2025-05-07T20:14:43.835+0000] {logging_mixin.py:188} INFO - [2025-05-07T20:14:43.835+0000] {dag.py:3823} INFO - Setting next_dagrun for example_setup_teardown_taskflow to 2025-05-06 00:00:00+00:00, run_after=2025-05-07 00:00:00+00:00
[2025-05-07T20:14:43.874+0000] {processor.py:183} INFO - Processing /home/airflow/.local/lib/python3.8/site-packages/airflow/example_dags/example_setup_teardown_taskflow.py took 0.132 seconds
[2025-05-07T20:15:14.594+0000] {processor.py:161} INFO - Started process (PID=4792) to work on /home/airflow/.local/lib/python3.8/site-packages/airflow/example_dags/example_setup_teardown_taskflow.py
[2025-05-07T20:15:14.596+0000] {processor.py:830} INFO - Processing file /home/airflow/.local/lib/python3.8/site-packages/airflow/example_dags/example_setup_teardown_taskflow.py for tasks to queue
[2025-05-07T20:15:14.599+0000] {logging_mixin.py:188} INFO - [2025-05-07T20:15:14.598+0000] {dagbag.py:538} INFO - Filling up the DagBag from /home/airflow/.local/lib/python3.8/site-packages/airflow/example_dags/example_setup_teardown_taskflow.py
[2025-05-07T20:15:14.612+0000] {processor.py:840} INFO - DAG(s) 'example_setup_teardown_taskflow' retrieved from /home/airflow/.local/lib/python3.8/site-packages/airflow/example_dags/example_setup_teardown_taskflow.py
[2025-05-07T20:15:14.640+0000] {logging_mixin.py:188} INFO - [2025-05-07T20:15:14.640+0000] {dag.py:3036} INFO - Sync 1 DAGs
[2025-05-07T20:15:14.672+0000] {logging_mixin.py:188} INFO - [2025-05-07T20:15:14.672+0000] {dag.py:3823} INFO - Setting next_dagrun for example_setup_teardown_taskflow to 2025-05-06 00:00:00+00:00, run_after=2025-05-07 00:00:00+00:00
[2025-05-07T20:15:14.704+0000] {processor.py:183} INFO - Processing /home/airflow/.local/lib/python3.8/site-packages/airflow/example_dags/example_setup_teardown_taskflow.py took 0.115 seconds
[2025-05-07T20:15:45.879+0000] {processor.py:161} INFO - Started process (PID=4848) to work on /home/airflow/.local/lib/python3.8/site-packages/airflow/example_dags/example_setup_teardown_taskflow.py
[2025-05-07T20:15:45.882+0000] {processor.py:830} INFO - Processing file /home/airflow/.local/lib/python3.8/site-packages/airflow/example_dags/example_setup_teardown_taskflow.py for tasks to queue
[2025-05-07T20:15:45.886+0000] {logging_mixin.py:188} INFO - [2025-05-07T20:15:45.885+0000] {dagbag.py:538} INFO - Filling up the DagBag from /home/airflow/.local/lib/python3.8/site-packages/airflow/example_dags/example_setup_teardown_taskflow.py
[2025-05-07T20:15:45.899+0000] {processor.py:840} INFO - DAG(s) 'example_setup_teardown_taskflow' retrieved from /home/airflow/.local/lib/python3.8/site-packages/airflow/example_dags/example_setup_teardown_taskflow.py
[2025-05-07T20:15:45.927+0000] {logging_mixin.py:188} INFO - [2025-05-07T20:15:45.927+0000] {dag.py:3036} INFO - Sync 1 DAGs
[2025-05-07T20:15:45.956+0000] {logging_mixin.py:188} INFO - [2025-05-07T20:15:45.955+0000] {dag.py:3823} INFO - Setting next_dagrun for example_setup_teardown_taskflow to 2025-05-06 00:00:00+00:00, run_after=2025-05-07 00:00:00+00:00
[2025-05-07T20:15:45.982+0000] {processor.py:183} INFO - Processing /home/airflow/.local/lib/python3.8/site-packages/airflow/example_dags/example_setup_teardown_taskflow.py took 0.110 seconds
[2025-05-07T20:16:16.646+0000] {processor.py:161} INFO - Started process (PID=4905) to work on /home/airflow/.local/lib/python3.8/site-packages/airflow/example_dags/example_setup_teardown_taskflow.py
[2025-05-07T20:16:16.647+0000] {processor.py:830} INFO - Processing file /home/airflow/.local/lib/python3.8/site-packages/airflow/example_dags/example_setup_teardown_taskflow.py for tasks to queue
[2025-05-07T20:16:16.650+0000] {logging_mixin.py:188} INFO - [2025-05-07T20:16:16.650+0000] {dagbag.py:538} INFO - Filling up the DagBag from /home/airflow/.local/lib/python3.8/site-packages/airflow/example_dags/example_setup_teardown_taskflow.py
[2025-05-07T20:16:16.663+0000] {processor.py:840} INFO - DAG(s) 'example_setup_teardown_taskflow' retrieved from /home/airflow/.local/lib/python3.8/site-packages/airflow/example_dags/example_setup_teardown_taskflow.py
[2025-05-07T20:16:16.692+0000] {logging_mixin.py:188} INFO - [2025-05-07T20:16:16.691+0000] {dag.py:3036} INFO - Sync 1 DAGs
[2025-05-07T20:16:16.719+0000] {logging_mixin.py:188} INFO - [2025-05-07T20:16:16.719+0000] {dag.py:3823} INFO - Setting next_dagrun for example_setup_teardown_taskflow to 2025-05-06 00:00:00+00:00, run_after=2025-05-07 00:00:00+00:00
[2025-05-07T20:16:16.748+0000] {processor.py:183} INFO - Processing /home/airflow/.local/lib/python3.8/site-packages/airflow/example_dags/example_setup_teardown_taskflow.py took 0.106 seconds
[2025-05-07T20:16:47.599+0000] {processor.py:161} INFO - Started process (PID=4962) to work on /home/airflow/.local/lib/python3.8/site-packages/airflow/example_dags/example_setup_teardown_taskflow.py
[2025-05-07T20:16:47.601+0000] {processor.py:830} INFO - Processing file /home/airflow/.local/lib/python3.8/site-packages/airflow/example_dags/example_setup_teardown_taskflow.py for tasks to queue
[2025-05-07T20:16:47.604+0000] {logging_mixin.py:188} INFO - [2025-05-07T20:16:47.603+0000] {dagbag.py:538} INFO - Filling up the DagBag from /home/airflow/.local/lib/python3.8/site-packages/airflow/example_dags/example_setup_teardown_taskflow.py
[2025-05-07T20:16:47.617+0000] {processor.py:840} INFO - DAG(s) 'example_setup_teardown_taskflow' retrieved from /home/airflow/.local/lib/python3.8/site-packages/airflow/example_dags/example_setup_teardown_taskflow.py
[2025-05-07T20:16:47.650+0000] {logging_mixin.py:188} INFO - [2025-05-07T20:16:47.649+0000] {dag.py:3036} INFO - Sync 1 DAGs
[2025-05-07T20:16:47.683+0000] {logging_mixin.py:188} INFO - [2025-05-07T20:16:47.682+0000] {dag.py:3823} INFO - Setting next_dagrun for example_setup_teardown_taskflow to 2025-05-06 00:00:00+00:00, run_after=2025-05-07 00:00:00+00:00
[2025-05-07T20:16:47.719+0000] {processor.py:183} INFO - Processing /home/airflow/.local/lib/python3.8/site-packages/airflow/example_dags/example_setup_teardown_taskflow.py took 0.125 seconds
[2025-05-07T20:17:18.241+0000] {processor.py:161} INFO - Started process (PID=5019) to work on /home/airflow/.local/lib/python3.8/site-packages/airflow/example_dags/example_setup_teardown_taskflow.py
[2025-05-07T20:17:18.243+0000] {processor.py:830} INFO - Processing file /home/airflow/.local/lib/python3.8/site-packages/airflow/example_dags/example_setup_teardown_taskflow.py for tasks to queue
[2025-05-07T20:17:18.246+0000] {logging_mixin.py:188} INFO - [2025-05-07T20:17:18.245+0000] {dagbag.py:538} INFO - Filling up the DagBag from /home/airflow/.local/lib/python3.8/site-packages/airflow/example_dags/example_setup_teardown_taskflow.py
[2025-05-07T20:17:18.260+0000] {processor.py:840} INFO - DAG(s) 'example_setup_teardown_taskflow' retrieved from /home/airflow/.local/lib/python3.8/site-packages/airflow/example_dags/example_setup_teardown_taskflow.py
[2025-05-07T20:17:18.298+0000] {logging_mixin.py:188} INFO - [2025-05-07T20:17:18.298+0000] {dag.py:3036} INFO - Sync 1 DAGs
[2025-05-07T20:17:18.331+0000] {logging_mixin.py:188} INFO - [2025-05-07T20:17:18.330+0000] {dag.py:3823} INFO - Setting next_dagrun for example_setup_teardown_taskflow to 2025-05-06 00:00:00+00:00, run_after=2025-05-07 00:00:00+00:00
[2025-05-07T20:17:18.362+0000] {processor.py:183} INFO - Processing /home/airflow/.local/lib/python3.8/site-packages/airflow/example_dags/example_setup_teardown_taskflow.py took 0.126 seconds
[2025-05-07T20:17:48.961+0000] {processor.py:161} INFO - Started process (PID=5077) to work on /home/airflow/.local/lib/python3.8/site-packages/airflow/example_dags/example_setup_teardown_taskflow.py
[2025-05-07T20:17:48.963+0000] {processor.py:830} INFO - Processing file /home/airflow/.local/lib/python3.8/site-packages/airflow/example_dags/example_setup_teardown_taskflow.py for tasks to queue
[2025-05-07T20:17:48.966+0000] {logging_mixin.py:188} INFO - [2025-05-07T20:17:48.965+0000] {dagbag.py:538} INFO - Filling up the DagBag from /home/airflow/.local/lib/python3.8/site-packages/airflow/example_dags/example_setup_teardown_taskflow.py
[2025-05-07T20:17:48.979+0000] {processor.py:840} INFO - DAG(s) 'example_setup_teardown_taskflow' retrieved from /home/airflow/.local/lib/python3.8/site-packages/airflow/example_dags/example_setup_teardown_taskflow.py
[2025-05-07T20:17:49.009+0000] {logging_mixin.py:188} INFO - [2025-05-07T20:17:49.009+0000] {dag.py:3036} INFO - Sync 1 DAGs
[2025-05-07T20:17:49.039+0000] {logging_mixin.py:188} INFO - [2025-05-07T20:17:49.038+0000] {dag.py:3823} INFO - Setting next_dagrun for example_setup_teardown_taskflow to 2025-05-06 00:00:00+00:00, run_after=2025-05-07 00:00:00+00:00
[2025-05-07T20:17:49.065+0000] {processor.py:183} INFO - Processing /home/airflow/.local/lib/python3.8/site-packages/airflow/example_dags/example_setup_teardown_taskflow.py took 0.109 seconds
[2025-05-07T20:18:20.024+0000] {processor.py:161} INFO - Started process (PID=5134) to work on /home/airflow/.local/lib/python3.8/site-packages/airflow/example_dags/example_setup_teardown_taskflow.py
[2025-05-07T20:18:20.026+0000] {processor.py:830} INFO - Processing file /home/airflow/.local/lib/python3.8/site-packages/airflow/example_dags/example_setup_teardown_taskflow.py for tasks to queue
[2025-05-07T20:18:20.030+0000] {logging_mixin.py:188} INFO - [2025-05-07T20:18:20.029+0000] {dagbag.py:538} INFO - Filling up the DagBag from /home/airflow/.local/lib/python3.8/site-packages/airflow/example_dags/example_setup_teardown_taskflow.py
[2025-05-07T20:18:20.053+0000] {processor.py:840} INFO - DAG(s) 'example_setup_teardown_taskflow' retrieved from /home/airflow/.local/lib/python3.8/site-packages/airflow/example_dags/example_setup_teardown_taskflow.py
[2025-05-07T20:18:20.106+0000] {logging_mixin.py:188} INFO - [2025-05-07T20:18:20.105+0000] {dag.py:3036} INFO - Sync 1 DAGs
[2025-05-07T20:18:20.166+0000] {logging_mixin.py:188} INFO - [2025-05-07T20:18:20.166+0000] {dag.py:3823} INFO - Setting next_dagrun for example_setup_teardown_taskflow to 2025-05-06 00:00:00+00:00, run_after=2025-05-07 00:00:00+00:00
[2025-05-07T20:18:20.224+0000] {processor.py:183} INFO - Processing /home/airflow/.local/lib/python3.8/site-packages/airflow/example_dags/example_setup_teardown_taskflow.py took 0.208 seconds
[2025-05-07T20:18:50.778+0000] {processor.py:161} INFO - Started process (PID=5191) to work on /home/airflow/.local/lib/python3.8/site-packages/airflow/example_dags/example_setup_teardown_taskflow.py
[2025-05-07T20:18:50.780+0000] {processor.py:830} INFO - Processing file /home/airflow/.local/lib/python3.8/site-packages/airflow/example_dags/example_setup_teardown_taskflow.py for tasks to queue
[2025-05-07T20:18:50.787+0000] {logging_mixin.py:188} INFO - [2025-05-07T20:18:50.786+0000] {dagbag.py:538} INFO - Filling up the DagBag from /home/airflow/.local/lib/python3.8/site-packages/airflow/example_dags/example_setup_teardown_taskflow.py
[2025-05-07T20:18:50.813+0000] {processor.py:840} INFO - DAG(s) 'example_setup_teardown_taskflow' retrieved from /home/airflow/.local/lib/python3.8/site-packages/airflow/example_dags/example_setup_teardown_taskflow.py
[2025-05-07T20:18:50.865+0000] {logging_mixin.py:188} INFO - [2025-05-07T20:18:50.865+0000] {dag.py:3036} INFO - Sync 1 DAGs
[2025-05-07T20:18:50.897+0000] {logging_mixin.py:188} INFO - [2025-05-07T20:18:50.897+0000] {dag.py:3823} INFO - Setting next_dagrun for example_setup_teardown_taskflow to 2025-05-06 00:00:00+00:00, run_after=2025-05-07 00:00:00+00:00
[2025-05-07T20:18:50.935+0000] {processor.py:183} INFO - Processing /home/airflow/.local/lib/python3.8/site-packages/airflow/example_dags/example_setup_teardown_taskflow.py took 0.161 seconds
