[2025-05-07T19:05:14.417+0000] {processor.py:161} INFO - Started process (PID=76) to work on /home/airflow/.local/lib/python3.8/site-packages/airflow/example_dags/example_subdag_operator.py
[2025-05-07T19:05:14.419+0000] {processor.py:830} INFO - Processing file /home/airflow/.local/lib/python3.8/site-packages/airflow/example_dags/example_subdag_operator.py for tasks to queue
[2025-05-07T19:05:14.422+0000] {logging_mixin.py:188} INFO - [2025-05-07T19:05:14.421+0000] {dagbag.py:538} INFO - Filling up the DagBag from /home/airflow/.local/lib/python3.8/site-packages/airflow/example_dags/example_subdag_operator.py
[2025-05-07T19:05:14.453+0000] {processor.py:840} INFO - DAG(s) 'example_subdag_operator.section-1', 'example_subdag_operator.section-2', 'example_subdag_operator' retrieved from /home/airflow/.local/lib/python3.8/site-packages/airflow/example_dags/example_subdag_operator.py
[2025-05-07T19:05:14.458+0000] {logging_mixin.py:188} INFO - [2025-05-07T19:05:14.458+0000] {dag.py:3036} INFO - Sync 3 DAGs
[2025-05-07T19:05:14.482+0000] {logging_mixin.py:188} INFO - [2025-05-07T19:05:14.482+0000] {dag.py:3823} INFO - Setting next_dagrun for example_subdag_operator to 2022-01-01 00:00:00+00:00, run_after=2022-01-01 00:00:00+00:00
[2025-05-07T19:05:14.488+0000] {logging_mixin.py:188} INFO - [2025-05-07T19:05:14.488+0000] {dag.py:3823} INFO - Setting next_dagrun for example_subdag_operator.section-1 to None, run_after=None
[2025-05-07T19:05:14.490+0000] {logging_mixin.py:188} INFO - [2025-05-07T19:05:14.490+0000] {dag.py:3823} INFO - Setting next_dagrun for example_subdag_operator.section-2 to None, run_after=None
[2025-05-07T19:05:14.500+0000] {logging_mixin.py:188} INFO - [2025-05-07T19:05:14.499+0000] {dag.py:3036} INFO - Sync 2 DAGs
[2025-05-07T19:05:14.508+0000] {logging_mixin.py:188} INFO - [2025-05-07T19:05:14.508+0000] {dag.py:3823} INFO - Setting next_dagrun for example_subdag_operator.section-1 to None, run_after=None
[2025-05-07T19:05:14.509+0000] {logging_mixin.py:188} INFO - [2025-05-07T19:05:14.509+0000] {dag.py:3823} INFO - Setting next_dagrun for example_subdag_operator.section-2 to None, run_after=None
[2025-05-07T19:05:14.538+0000] {processor.py:183} INFO - Processing /home/airflow/.local/lib/python3.8/site-packages/airflow/example_dags/example_subdag_operator.py took 0.124 seconds
[2025-05-07T19:05:45.128+0000] {processor.py:161} INFO - Started process (PID=131) to work on /home/airflow/.local/lib/python3.8/site-packages/airflow/example_dags/example_subdag_operator.py
[2025-05-07T19:05:45.129+0000] {processor.py:830} INFO - Processing file /home/airflow/.local/lib/python3.8/site-packages/airflow/example_dags/example_subdag_operator.py for tasks to queue
[2025-05-07T19:05:45.131+0000] {logging_mixin.py:188} INFO - [2025-05-07T19:05:45.130+0000] {dagbag.py:538} INFO - Filling up the DagBag from /home/airflow/.local/lib/python3.8/site-packages/airflow/example_dags/example_subdag_operator.py
[2025-05-07T19:05:45.154+0000] {processor.py:840} INFO - DAG(s) 'example_subdag_operator.section-1', 'example_subdag_operator.section-2', 'example_subdag_operator' retrieved from /home/airflow/.local/lib/python3.8/site-packages/airflow/example_dags/example_subdag_operator.py
[2025-05-07T19:05:45.237+0000] {logging_mixin.py:188} INFO - [2025-05-07T19:05:45.237+0000] {dag.py:3036} INFO - Sync 3 DAGs
[2025-05-07T19:05:45.254+0000] {logging_mixin.py:188} INFO - [2025-05-07T19:05:45.254+0000] {dag.py:3823} INFO - Setting next_dagrun for example_subdag_operator to 2022-01-01 00:00:00+00:00, run_after=2022-01-01 00:00:00+00:00
[2025-05-07T19:05:45.258+0000] {logging_mixin.py:188} INFO - [2025-05-07T19:05:45.257+0000] {dag.py:3823} INFO - Setting next_dagrun for example_subdag_operator.section-1 to None, run_after=None
[2025-05-07T19:05:45.259+0000] {logging_mixin.py:188} INFO - [2025-05-07T19:05:45.259+0000] {dag.py:3823} INFO - Setting next_dagrun for example_subdag_operator.section-2 to None, run_after=None
[2025-05-07T19:05:45.268+0000] {logging_mixin.py:188} INFO - [2025-05-07T19:05:45.267+0000] {dag.py:3036} INFO - Sync 2 DAGs
[2025-05-07T19:05:45.275+0000] {logging_mixin.py:188} INFO - [2025-05-07T19:05:45.275+0000] {dag.py:3823} INFO - Setting next_dagrun for example_subdag_operator.section-1 to None, run_after=None
[2025-05-07T19:05:45.277+0000] {logging_mixin.py:188} INFO - [2025-05-07T19:05:45.277+0000] {dag.py:3823} INFO - Setting next_dagrun for example_subdag_operator.section-2 to None, run_after=None
[2025-05-07T19:05:45.294+0000] {processor.py:183} INFO - Processing /home/airflow/.local/lib/python3.8/site-packages/airflow/example_dags/example_subdag_operator.py took 0.170 seconds
[2025-05-07T19:06:15.559+0000] {processor.py:161} INFO - Started process (PID=186) to work on /home/airflow/.local/lib/python3.8/site-packages/airflow/example_dags/example_subdag_operator.py
[2025-05-07T19:06:15.561+0000] {processor.py:830} INFO - Processing file /home/airflow/.local/lib/python3.8/site-packages/airflow/example_dags/example_subdag_operator.py for tasks to queue
[2025-05-07T19:06:15.564+0000] {logging_mixin.py:188} INFO - [2025-05-07T19:06:15.563+0000] {dagbag.py:538} INFO - Filling up the DagBag from /home/airflow/.local/lib/python3.8/site-packages/airflow/example_dags/example_subdag_operator.py
[2025-05-07T19:06:15.603+0000] {processor.py:840} INFO - DAG(s) 'example_subdag_operator.section-1', 'example_subdag_operator.section-2', 'example_subdag_operator' retrieved from /home/airflow/.local/lib/python3.8/site-packages/airflow/example_dags/example_subdag_operator.py
[2025-05-07T19:06:15.622+0000] {logging_mixin.py:188} INFO - [2025-05-07T19:06:15.622+0000] {dag.py:3036} INFO - Sync 3 DAGs
[2025-05-07T19:06:15.647+0000] {logging_mixin.py:188} INFO - [2025-05-07T19:06:15.647+0000] {dag.py:3823} INFO - Setting next_dagrun for example_subdag_operator to 2022-01-01 00:00:00+00:00, run_after=2022-01-01 00:00:00+00:00
[2025-05-07T19:06:15.651+0000] {logging_mixin.py:188} INFO - [2025-05-07T19:06:15.651+0000] {dag.py:3823} INFO - Setting next_dagrun for example_subdag_operator.section-1 to None, run_after=None
[2025-05-07T19:06:15.653+0000] {logging_mixin.py:188} INFO - [2025-05-07T19:06:15.653+0000] {dag.py:3823} INFO - Setting next_dagrun for example_subdag_operator.section-2 to None, run_after=None
[2025-05-07T19:06:15.663+0000] {logging_mixin.py:188} INFO - [2025-05-07T19:06:15.663+0000] {dag.py:3036} INFO - Sync 2 DAGs
[2025-05-07T19:06:15.670+0000] {logging_mixin.py:188} INFO - [2025-05-07T19:06:15.669+0000] {dag.py:3823} INFO - Setting next_dagrun for example_subdag_operator.section-1 to None, run_after=None
[2025-05-07T19:06:15.671+0000] {logging_mixin.py:188} INFO - [2025-05-07T19:06:15.670+0000] {dag.py:3823} INFO - Setting next_dagrun for example_subdag_operator.section-2 to None, run_after=None
[2025-05-07T19:06:15.685+0000] {processor.py:183} INFO - Processing /home/airflow/.local/lib/python3.8/site-packages/airflow/example_dags/example_subdag_operator.py took 0.131 seconds
[2025-05-07T19:06:45.730+0000] {processor.py:161} INFO - Started process (PID=241) to work on /home/airflow/.local/lib/python3.8/site-packages/airflow/example_dags/example_subdag_operator.py
[2025-05-07T19:06:45.732+0000] {processor.py:830} INFO - Processing file /home/airflow/.local/lib/python3.8/site-packages/airflow/example_dags/example_subdag_operator.py for tasks to queue
[2025-05-07T19:06:45.734+0000] {logging_mixin.py:188} INFO - [2025-05-07T19:06:45.734+0000] {dagbag.py:538} INFO - Filling up the DagBag from /home/airflow/.local/lib/python3.8/site-packages/airflow/example_dags/example_subdag_operator.py
[2025-05-07T19:06:45.758+0000] {processor.py:840} INFO - DAG(s) 'example_subdag_operator.section-1', 'example_subdag_operator.section-2', 'example_subdag_operator' retrieved from /home/airflow/.local/lib/python3.8/site-packages/airflow/example_dags/example_subdag_operator.py
[2025-05-07T19:06:45.776+0000] {logging_mixin.py:188} INFO - [2025-05-07T19:06:45.776+0000] {dag.py:3036} INFO - Sync 3 DAGs
[2025-05-07T19:06:45.803+0000] {logging_mixin.py:188} INFO - [2025-05-07T19:06:45.803+0000] {dag.py:3823} INFO - Setting next_dagrun for example_subdag_operator to 2022-01-01 00:00:00+00:00, run_after=2022-01-01 00:00:00+00:00
[2025-05-07T19:06:45.808+0000] {logging_mixin.py:188} INFO - [2025-05-07T19:06:45.807+0000] {dag.py:3823} INFO - Setting next_dagrun for example_subdag_operator.section-1 to None, run_after=None
[2025-05-07T19:06:45.810+0000] {logging_mixin.py:188} INFO - [2025-05-07T19:06:45.810+0000] {dag.py:3823} INFO - Setting next_dagrun for example_subdag_operator.section-2 to None, run_after=None
[2025-05-07T19:06:45.817+0000] {logging_mixin.py:188} INFO - [2025-05-07T19:06:45.817+0000] {dag.py:3036} INFO - Sync 2 DAGs
[2025-05-07T19:06:45.823+0000] {logging_mixin.py:188} INFO - [2025-05-07T19:06:45.823+0000] {dag.py:3823} INFO - Setting next_dagrun for example_subdag_operator.section-1 to None, run_after=None
[2025-05-07T19:06:45.824+0000] {logging_mixin.py:188} INFO - [2025-05-07T19:06:45.824+0000] {dag.py:3823} INFO - Setting next_dagrun for example_subdag_operator.section-2 to None, run_after=None
[2025-05-07T19:06:45.839+0000] {processor.py:183} INFO - Processing /home/airflow/.local/lib/python3.8/site-packages/airflow/example_dags/example_subdag_operator.py took 0.113 seconds
[2025-05-07T19:07:16.405+0000] {processor.py:161} INFO - Started process (PID=296) to work on /home/airflow/.local/lib/python3.8/site-packages/airflow/example_dags/example_subdag_operator.py
[2025-05-07T19:07:16.407+0000] {processor.py:830} INFO - Processing file /home/airflow/.local/lib/python3.8/site-packages/airflow/example_dags/example_subdag_operator.py for tasks to queue
[2025-05-07T19:07:16.409+0000] {logging_mixin.py:188} INFO - [2025-05-07T19:07:16.409+0000] {dagbag.py:538} INFO - Filling up the DagBag from /home/airflow/.local/lib/python3.8/site-packages/airflow/example_dags/example_subdag_operator.py
[2025-05-07T19:07:16.437+0000] {processor.py:840} INFO - DAG(s) 'example_subdag_operator.section-1', 'example_subdag_operator.section-2', 'example_subdag_operator' retrieved from /home/airflow/.local/lib/python3.8/site-packages/airflow/example_dags/example_subdag_operator.py
[2025-05-07T19:07:16.460+0000] {logging_mixin.py:188} INFO - [2025-05-07T19:07:16.459+0000] {dag.py:3036} INFO - Sync 3 DAGs
[2025-05-07T19:07:16.483+0000] {logging_mixin.py:188} INFO - [2025-05-07T19:07:16.483+0000] {dag.py:3823} INFO - Setting next_dagrun for example_subdag_operator to 2022-01-01 00:00:00+00:00, run_after=2022-01-01 00:00:00+00:00
[2025-05-07T19:07:16.488+0000] {logging_mixin.py:188} INFO - [2025-05-07T19:07:16.487+0000] {dag.py:3823} INFO - Setting next_dagrun for example_subdag_operator.section-1 to None, run_after=None
[2025-05-07T19:07:16.490+0000] {logging_mixin.py:188} INFO - [2025-05-07T19:07:16.489+0000] {dag.py:3823} INFO - Setting next_dagrun for example_subdag_operator.section-2 to None, run_after=None
[2025-05-07T19:07:16.497+0000] {logging_mixin.py:188} INFO - [2025-05-07T19:07:16.497+0000] {dag.py:3036} INFO - Sync 2 DAGs
[2025-05-07T19:07:16.503+0000] {logging_mixin.py:188} INFO - [2025-05-07T19:07:16.503+0000] {dag.py:3823} INFO - Setting next_dagrun for example_subdag_operator.section-1 to None, run_after=None
[2025-05-07T19:07:16.505+0000] {logging_mixin.py:188} INFO - [2025-05-07T19:07:16.504+0000] {dag.py:3823} INFO - Setting next_dagrun for example_subdag_operator.section-2 to None, run_after=None
[2025-05-07T19:07:16.519+0000] {processor.py:183} INFO - Processing /home/airflow/.local/lib/python3.8/site-packages/airflow/example_dags/example_subdag_operator.py took 0.117 seconds
[2025-05-07T19:07:47.071+0000] {processor.py:161} INFO - Started process (PID=351) to work on /home/airflow/.local/lib/python3.8/site-packages/airflow/example_dags/example_subdag_operator.py
[2025-05-07T19:07:47.073+0000] {processor.py:830} INFO - Processing file /home/airflow/.local/lib/python3.8/site-packages/airflow/example_dags/example_subdag_operator.py for tasks to queue
[2025-05-07T19:07:47.076+0000] {logging_mixin.py:188} INFO - [2025-05-07T19:07:47.076+0000] {dagbag.py:538} INFO - Filling up the DagBag from /home/airflow/.local/lib/python3.8/site-packages/airflow/example_dags/example_subdag_operator.py
[2025-05-07T19:07:47.110+0000] {processor.py:840} INFO - DAG(s) 'example_subdag_operator.section-1', 'example_subdag_operator.section-2', 'example_subdag_operator' retrieved from /home/airflow/.local/lib/python3.8/site-packages/airflow/example_dags/example_subdag_operator.py
[2025-05-07T19:07:47.127+0000] {logging_mixin.py:188} INFO - [2025-05-07T19:07:47.127+0000] {dag.py:3036} INFO - Sync 3 DAGs
[2025-05-07T19:07:47.151+0000] {logging_mixin.py:188} INFO - [2025-05-07T19:07:47.150+0000] {dag.py:3823} INFO - Setting next_dagrun for example_subdag_operator to 2022-01-01 00:00:00+00:00, run_after=2022-01-01 00:00:00+00:00
[2025-05-07T19:07:47.155+0000] {logging_mixin.py:188} INFO - [2025-05-07T19:07:47.155+0000] {dag.py:3823} INFO - Setting next_dagrun for example_subdag_operator.section-1 to None, run_after=None
[2025-05-07T19:07:47.158+0000] {logging_mixin.py:188} INFO - [2025-05-07T19:07:47.157+0000] {dag.py:3823} INFO - Setting next_dagrun for example_subdag_operator.section-2 to None, run_after=None
[2025-05-07T19:07:47.167+0000] {logging_mixin.py:188} INFO - [2025-05-07T19:07:47.166+0000] {dag.py:3036} INFO - Sync 2 DAGs
[2025-05-07T19:07:47.173+0000] {logging_mixin.py:188} INFO - [2025-05-07T19:07:47.173+0000] {dag.py:3823} INFO - Setting next_dagrun for example_subdag_operator.section-1 to None, run_after=None
[2025-05-07T19:07:47.175+0000] {logging_mixin.py:188} INFO - [2025-05-07T19:07:47.175+0000] {dag.py:3823} INFO - Setting next_dagrun for example_subdag_operator.section-2 to None, run_after=None
[2025-05-07T19:07:47.202+0000] {processor.py:183} INFO - Processing /home/airflow/.local/lib/python3.8/site-packages/airflow/example_dags/example_subdag_operator.py took 0.135 seconds
[2025-05-07T19:08:17.274+0000] {processor.py:161} INFO - Started process (PID=406) to work on /home/airflow/.local/lib/python3.8/site-packages/airflow/example_dags/example_subdag_operator.py
[2025-05-07T19:08:17.277+0000] {processor.py:830} INFO - Processing file /home/airflow/.local/lib/python3.8/site-packages/airflow/example_dags/example_subdag_operator.py for tasks to queue
[2025-05-07T19:08:17.279+0000] {logging_mixin.py:188} INFO - [2025-05-07T19:08:17.279+0000] {dagbag.py:538} INFO - Filling up the DagBag from /home/airflow/.local/lib/python3.8/site-packages/airflow/example_dags/example_subdag_operator.py
[2025-05-07T19:08:17.303+0000] {processor.py:840} INFO - DAG(s) 'example_subdag_operator.section-1', 'example_subdag_operator.section-2', 'example_subdag_operator' retrieved from /home/airflow/.local/lib/python3.8/site-packages/airflow/example_dags/example_subdag_operator.py
[2025-05-07T19:08:17.318+0000] {logging_mixin.py:188} INFO - [2025-05-07T19:08:17.317+0000] {dag.py:3036} INFO - Sync 3 DAGs
[2025-05-07T19:08:17.339+0000] {logging_mixin.py:188} INFO - [2025-05-07T19:08:17.339+0000] {dag.py:3823} INFO - Setting next_dagrun for example_subdag_operator to 2022-01-01 00:00:00+00:00, run_after=2022-01-01 00:00:00+00:00
[2025-05-07T19:08:17.344+0000] {logging_mixin.py:188} INFO - [2025-05-07T19:08:17.343+0000] {dag.py:3823} INFO - Setting next_dagrun for example_subdag_operator.section-1 to None, run_after=None
[2025-05-07T19:08:17.347+0000] {logging_mixin.py:188} INFO - [2025-05-07T19:08:17.347+0000] {dag.py:3823} INFO - Setting next_dagrun for example_subdag_operator.section-2 to None, run_after=None
[2025-05-07T19:08:17.356+0000] {logging_mixin.py:188} INFO - [2025-05-07T19:08:17.356+0000] {dag.py:3036} INFO - Sync 2 DAGs
[2025-05-07T19:08:17.363+0000] {logging_mixin.py:188} INFO - [2025-05-07T19:08:17.363+0000] {dag.py:3823} INFO - Setting next_dagrun for example_subdag_operator.section-1 to None, run_after=None
[2025-05-07T19:08:17.365+0000] {logging_mixin.py:188} INFO - [2025-05-07T19:08:17.364+0000] {dag.py:3823} INFO - Setting next_dagrun for example_subdag_operator.section-2 to None, run_after=None
[2025-05-07T19:08:17.387+0000] {processor.py:183} INFO - Processing /home/airflow/.local/lib/python3.8/site-packages/airflow/example_dags/example_subdag_operator.py took 0.115 seconds
[2025-05-07T19:08:47.758+0000] {processor.py:161} INFO - Started process (PID=461) to work on /home/airflow/.local/lib/python3.8/site-packages/airflow/example_dags/example_subdag_operator.py
[2025-05-07T19:08:47.760+0000] {processor.py:830} INFO - Processing file /home/airflow/.local/lib/python3.8/site-packages/airflow/example_dags/example_subdag_operator.py for tasks to queue
[2025-05-07T19:08:47.762+0000] {logging_mixin.py:188} INFO - [2025-05-07T19:08:47.762+0000] {dagbag.py:538} INFO - Filling up the DagBag from /home/airflow/.local/lib/python3.8/site-packages/airflow/example_dags/example_subdag_operator.py
[2025-05-07T19:08:47.799+0000] {processor.py:840} INFO - DAG(s) 'example_subdag_operator.section-1', 'example_subdag_operator.section-2', 'example_subdag_operator' retrieved from /home/airflow/.local/lib/python3.8/site-packages/airflow/example_dags/example_subdag_operator.py
[2025-05-07T19:08:47.827+0000] {logging_mixin.py:188} INFO - [2025-05-07T19:08:47.827+0000] {dag.py:3036} INFO - Sync 3 DAGs
[2025-05-07T19:08:47.854+0000] {logging_mixin.py:188} INFO - [2025-05-07T19:08:47.853+0000] {dag.py:3823} INFO - Setting next_dagrun for example_subdag_operator to 2022-01-01 00:00:00+00:00, run_after=2022-01-01 00:00:00+00:00
[2025-05-07T19:08:47.859+0000] {logging_mixin.py:188} INFO - [2025-05-07T19:08:47.858+0000] {dag.py:3823} INFO - Setting next_dagrun for example_subdag_operator.section-1 to None, run_after=None
[2025-05-07T19:08:47.861+0000] {logging_mixin.py:188} INFO - [2025-05-07T19:08:47.861+0000] {dag.py:3823} INFO - Setting next_dagrun for example_subdag_operator.section-2 to None, run_after=None
[2025-05-07T19:08:47.869+0000] {logging_mixin.py:188} INFO - [2025-05-07T19:08:47.869+0000] {dag.py:3036} INFO - Sync 2 DAGs
[2025-05-07T19:08:47.876+0000] {logging_mixin.py:188} INFO - [2025-05-07T19:08:47.875+0000] {dag.py:3823} INFO - Setting next_dagrun for example_subdag_operator.section-1 to None, run_after=None
[2025-05-07T19:08:47.877+0000] {logging_mixin.py:188} INFO - [2025-05-07T19:08:47.877+0000] {dag.py:3823} INFO - Setting next_dagrun for example_subdag_operator.section-2 to None, run_after=None
[2025-05-07T19:08:47.892+0000] {processor.py:183} INFO - Processing /home/airflow/.local/lib/python3.8/site-packages/airflow/example_dags/example_subdag_operator.py took 0.140 seconds
[2025-05-07T19:09:18.440+0000] {processor.py:161} INFO - Started process (PID=516) to work on /home/airflow/.local/lib/python3.8/site-packages/airflow/example_dags/example_subdag_operator.py
[2025-05-07T19:09:18.442+0000] {processor.py:830} INFO - Processing file /home/airflow/.local/lib/python3.8/site-packages/airflow/example_dags/example_subdag_operator.py for tasks to queue
[2025-05-07T19:09:18.445+0000] {logging_mixin.py:188} INFO - [2025-05-07T19:09:18.444+0000] {dagbag.py:538} INFO - Filling up the DagBag from /home/airflow/.local/lib/python3.8/site-packages/airflow/example_dags/example_subdag_operator.py
[2025-05-07T19:09:18.500+0000] {processor.py:840} INFO - DAG(s) 'example_subdag_operator.section-1', 'example_subdag_operator.section-2', 'example_subdag_operator' retrieved from /home/airflow/.local/lib/python3.8/site-packages/airflow/example_dags/example_subdag_operator.py
[2025-05-07T19:09:18.524+0000] {logging_mixin.py:188} INFO - [2025-05-07T19:09:18.524+0000] {dag.py:3036} INFO - Sync 3 DAGs
[2025-05-07T19:09:18.549+0000] {logging_mixin.py:188} INFO - [2025-05-07T19:09:18.549+0000] {dag.py:3823} INFO - Setting next_dagrun for example_subdag_operator to 2022-01-01 00:00:00+00:00, run_after=2022-01-01 00:00:00+00:00
[2025-05-07T19:09:18.554+0000] {logging_mixin.py:188} INFO - [2025-05-07T19:09:18.554+0000] {dag.py:3823} INFO - Setting next_dagrun for example_subdag_operator.section-1 to None, run_after=None
[2025-05-07T19:09:18.556+0000] {logging_mixin.py:188} INFO - [2025-05-07T19:09:18.556+0000] {dag.py:3823} INFO - Setting next_dagrun for example_subdag_operator.section-2 to None, run_after=None
[2025-05-07T19:09:18.565+0000] {logging_mixin.py:188} INFO - [2025-05-07T19:09:18.565+0000] {dag.py:3036} INFO - Sync 2 DAGs
[2025-05-07T19:09:18.572+0000] {logging_mixin.py:188} INFO - [2025-05-07T19:09:18.572+0000] {dag.py:3823} INFO - Setting next_dagrun for example_subdag_operator.section-1 to None, run_after=None
[2025-05-07T19:09:18.574+0000] {logging_mixin.py:188} INFO - [2025-05-07T19:09:18.573+0000] {dag.py:3823} INFO - Setting next_dagrun for example_subdag_operator.section-2 to None, run_after=None
[2025-05-07T19:09:18.592+0000] {processor.py:183} INFO - Processing /home/airflow/.local/lib/python3.8/site-packages/airflow/example_dags/example_subdag_operator.py took 0.156 seconds
[2025-05-07T19:09:49.309+0000] {processor.py:161} INFO - Started process (PID=571) to work on /home/airflow/.local/lib/python3.8/site-packages/airflow/example_dags/example_subdag_operator.py
[2025-05-07T19:09:49.310+0000] {processor.py:830} INFO - Processing file /home/airflow/.local/lib/python3.8/site-packages/airflow/example_dags/example_subdag_operator.py for tasks to queue
[2025-05-07T19:09:49.313+0000] {logging_mixin.py:188} INFO - [2025-05-07T19:09:49.313+0000] {dagbag.py:538} INFO - Filling up the DagBag from /home/airflow/.local/lib/python3.8/site-packages/airflow/example_dags/example_subdag_operator.py
[2025-05-07T19:09:49.339+0000] {processor.py:840} INFO - DAG(s) 'example_subdag_operator.section-1', 'example_subdag_operator.section-2', 'example_subdag_operator' retrieved from /home/airflow/.local/lib/python3.8/site-packages/airflow/example_dags/example_subdag_operator.py
[2025-05-07T19:09:49.357+0000] {logging_mixin.py:188} INFO - [2025-05-07T19:09:49.357+0000] {dag.py:3036} INFO - Sync 3 DAGs
[2025-05-07T19:09:49.380+0000] {logging_mixin.py:188} INFO - [2025-05-07T19:09:49.380+0000] {dag.py:3823} INFO - Setting next_dagrun for example_subdag_operator to 2022-01-01 00:00:00+00:00, run_after=2022-01-01 00:00:00+00:00
[2025-05-07T19:09:49.385+0000] {logging_mixin.py:188} INFO - [2025-05-07T19:09:49.385+0000] {dag.py:3823} INFO - Setting next_dagrun for example_subdag_operator.section-1 to None, run_after=None
[2025-05-07T19:09:49.387+0000] {logging_mixin.py:188} INFO - [2025-05-07T19:09:49.387+0000] {dag.py:3823} INFO - Setting next_dagrun for example_subdag_operator.section-2 to None, run_after=None
[2025-05-07T19:09:49.397+0000] {logging_mixin.py:188} INFO - [2025-05-07T19:09:49.396+0000] {dag.py:3036} INFO - Sync 2 DAGs
[2025-05-07T19:09:49.404+0000] {logging_mixin.py:188} INFO - [2025-05-07T19:09:49.404+0000] {dag.py:3823} INFO - Setting next_dagrun for example_subdag_operator.section-1 to None, run_after=None
[2025-05-07T19:09:49.405+0000] {logging_mixin.py:188} INFO - [2025-05-07T19:09:49.405+0000] {dag.py:3823} INFO - Setting next_dagrun for example_subdag_operator.section-2 to None, run_after=None
[2025-05-07T19:09:49.419+0000] {processor.py:183} INFO - Processing /home/airflow/.local/lib/python3.8/site-packages/airflow/example_dags/example_subdag_operator.py took 0.115 seconds
[2025-05-07T19:10:19.564+0000] {processor.py:161} INFO - Started process (PID=628) to work on /home/airflow/.local/lib/python3.8/site-packages/airflow/example_dags/example_subdag_operator.py
[2025-05-07T19:10:19.567+0000] {processor.py:830} INFO - Processing file /home/airflow/.local/lib/python3.8/site-packages/airflow/example_dags/example_subdag_operator.py for tasks to queue
[2025-05-07T19:10:19.570+0000] {logging_mixin.py:188} INFO - [2025-05-07T19:10:19.570+0000] {dagbag.py:538} INFO - Filling up the DagBag from /home/airflow/.local/lib/python3.8/site-packages/airflow/example_dags/example_subdag_operator.py
[2025-05-07T19:10:19.594+0000] {processor.py:840} INFO - DAG(s) 'example_subdag_operator.section-1', 'example_subdag_operator.section-2', 'example_subdag_operator' retrieved from /home/airflow/.local/lib/python3.8/site-packages/airflow/example_dags/example_subdag_operator.py
[2025-05-07T19:10:19.610+0000] {logging_mixin.py:188} INFO - [2025-05-07T19:10:19.610+0000] {dag.py:3036} INFO - Sync 3 DAGs
[2025-05-07T19:10:19.633+0000] {logging_mixin.py:188} INFO - [2025-05-07T19:10:19.632+0000] {dag.py:3823} INFO - Setting next_dagrun for example_subdag_operator to 2022-01-01 00:00:00+00:00, run_after=2022-01-01 00:00:00+00:00
[2025-05-07T19:10:19.640+0000] {logging_mixin.py:188} INFO - [2025-05-07T19:10:19.640+0000] {dag.py:3823} INFO - Setting next_dagrun for example_subdag_operator.section-1 to None, run_after=None
[2025-05-07T19:10:19.642+0000] {logging_mixin.py:188} INFO - [2025-05-07T19:10:19.642+0000] {dag.py:3823} INFO - Setting next_dagrun for example_subdag_operator.section-2 to None, run_after=None
[2025-05-07T19:10:19.653+0000] {logging_mixin.py:188} INFO - [2025-05-07T19:10:19.653+0000] {dag.py:3036} INFO - Sync 2 DAGs
[2025-05-07T19:10:19.659+0000] {logging_mixin.py:188} INFO - [2025-05-07T19:10:19.659+0000] {dag.py:3823} INFO - Setting next_dagrun for example_subdag_operator.section-1 to None, run_after=None
[2025-05-07T19:10:19.661+0000] {logging_mixin.py:188} INFO - [2025-05-07T19:10:19.661+0000] {dag.py:3823} INFO - Setting next_dagrun for example_subdag_operator.section-2 to None, run_after=None
[2025-05-07T19:10:19.682+0000] {processor.py:183} INFO - Processing /home/airflow/.local/lib/python3.8/site-packages/airflow/example_dags/example_subdag_operator.py took 0.122 seconds
[2025-05-07T19:10:50.381+0000] {processor.py:161} INFO - Started process (PID=684) to work on /home/airflow/.local/lib/python3.8/site-packages/airflow/example_dags/example_subdag_operator.py
[2025-05-07T19:10:50.383+0000] {processor.py:830} INFO - Processing file /home/airflow/.local/lib/python3.8/site-packages/airflow/example_dags/example_subdag_operator.py for tasks to queue
[2025-05-07T19:10:50.387+0000] {logging_mixin.py:188} INFO - [2025-05-07T19:10:50.386+0000] {dagbag.py:538} INFO - Filling up the DagBag from /home/airflow/.local/lib/python3.8/site-packages/airflow/example_dags/example_subdag_operator.py
[2025-05-07T19:10:50.420+0000] {processor.py:840} INFO - DAG(s) 'example_subdag_operator.section-1', 'example_subdag_operator.section-2', 'example_subdag_operator' retrieved from /home/airflow/.local/lib/python3.8/site-packages/airflow/example_dags/example_subdag_operator.py
[2025-05-07T19:10:50.435+0000] {logging_mixin.py:188} INFO - [2025-05-07T19:10:50.435+0000] {dag.py:3036} INFO - Sync 3 DAGs
[2025-05-07T19:10:50.455+0000] {logging_mixin.py:188} INFO - [2025-05-07T19:10:50.455+0000] {dag.py:3823} INFO - Setting next_dagrun for example_subdag_operator to 2022-01-01 00:00:00+00:00, run_after=2022-01-01 00:00:00+00:00
[2025-05-07T19:10:50.461+0000] {logging_mixin.py:188} INFO - [2025-05-07T19:10:50.461+0000] {dag.py:3823} INFO - Setting next_dagrun for example_subdag_operator.section-1 to None, run_after=None
[2025-05-07T19:10:50.463+0000] {logging_mixin.py:188} INFO - [2025-05-07T19:10:50.463+0000] {dag.py:3823} INFO - Setting next_dagrun for example_subdag_operator.section-2 to None, run_after=None
[2025-05-07T19:10:50.473+0000] {logging_mixin.py:188} INFO - [2025-05-07T19:10:50.472+0000] {dag.py:3036} INFO - Sync 2 DAGs
[2025-05-07T19:10:50.481+0000] {logging_mixin.py:188} INFO - [2025-05-07T19:10:50.481+0000] {dag.py:3823} INFO - Setting next_dagrun for example_subdag_operator.section-1 to None, run_after=None
[2025-05-07T19:10:50.483+0000] {logging_mixin.py:188} INFO - [2025-05-07T19:10:50.483+0000] {dag.py:3823} INFO - Setting next_dagrun for example_subdag_operator.section-2 to None, run_after=None
[2025-05-07T19:10:50.498+0000] {processor.py:183} INFO - Processing /home/airflow/.local/lib/python3.8/site-packages/airflow/example_dags/example_subdag_operator.py took 0.122 seconds
[2025-05-07T19:11:21.444+0000] {processor.py:161} INFO - Started process (PID=743) to work on /home/airflow/.local/lib/python3.8/site-packages/airflow/example_dags/example_subdag_operator.py
[2025-05-07T19:11:21.446+0000] {processor.py:830} INFO - Processing file /home/airflow/.local/lib/python3.8/site-packages/airflow/example_dags/example_subdag_operator.py for tasks to queue
[2025-05-07T19:11:21.449+0000] {logging_mixin.py:188} INFO - [2025-05-07T19:11:21.449+0000] {dagbag.py:538} INFO - Filling up the DagBag from /home/airflow/.local/lib/python3.8/site-packages/airflow/example_dags/example_subdag_operator.py
[2025-05-07T19:11:21.491+0000] {processor.py:840} INFO - DAG(s) 'example_subdag_operator.section-1', 'example_subdag_operator.section-2', 'example_subdag_operator' retrieved from /home/airflow/.local/lib/python3.8/site-packages/airflow/example_dags/example_subdag_operator.py
[2025-05-07T19:11:21.511+0000] {logging_mixin.py:188} INFO - [2025-05-07T19:11:21.511+0000] {dag.py:3036} INFO - Sync 3 DAGs
[2025-05-07T19:11:21.531+0000] {logging_mixin.py:188} INFO - [2025-05-07T19:11:21.531+0000] {dag.py:3823} INFO - Setting next_dagrun for example_subdag_operator to 2022-01-01 00:00:00+00:00, run_after=2022-01-01 00:00:00+00:00
[2025-05-07T19:11:21.535+0000] {logging_mixin.py:188} INFO - [2025-05-07T19:11:21.535+0000] {dag.py:3823} INFO - Setting next_dagrun for example_subdag_operator.section-1 to None, run_after=None
[2025-05-07T19:11:21.537+0000] {logging_mixin.py:188} INFO - [2025-05-07T19:11:21.537+0000] {dag.py:3823} INFO - Setting next_dagrun for example_subdag_operator.section-2 to None, run_after=None
[2025-05-07T19:11:21.544+0000] {logging_mixin.py:188} INFO - [2025-05-07T19:11:21.544+0000] {dag.py:3036} INFO - Sync 2 DAGs
[2025-05-07T19:11:21.549+0000] {logging_mixin.py:188} INFO - [2025-05-07T19:11:21.549+0000] {dag.py:3823} INFO - Setting next_dagrun for example_subdag_operator.section-1 to None, run_after=None
[2025-05-07T19:11:21.550+0000] {logging_mixin.py:188} INFO - [2025-05-07T19:11:21.550+0000] {dag.py:3823} INFO - Setting next_dagrun for example_subdag_operator.section-2 to None, run_after=None
[2025-05-07T19:11:21.562+0000] {processor.py:183} INFO - Processing /home/airflow/.local/lib/python3.8/site-packages/airflow/example_dags/example_subdag_operator.py took 0.122 seconds
[2025-05-07T19:11:52.160+0000] {processor.py:161} INFO - Started process (PID=804) to work on /home/airflow/.local/lib/python3.8/site-packages/airflow/example_dags/example_subdag_operator.py
[2025-05-07T19:11:52.164+0000] {processor.py:830} INFO - Processing file /home/airflow/.local/lib/python3.8/site-packages/airflow/example_dags/example_subdag_operator.py for tasks to queue
[2025-05-07T19:11:52.170+0000] {logging_mixin.py:188} INFO - [2025-05-07T19:11:52.169+0000] {dagbag.py:538} INFO - Filling up the DagBag from /home/airflow/.local/lib/python3.8/site-packages/airflow/example_dags/example_subdag_operator.py
[2025-05-07T19:11:52.219+0000] {processor.py:840} INFO - DAG(s) 'example_subdag_operator.section-1', 'example_subdag_operator.section-2', 'example_subdag_operator' retrieved from /home/airflow/.local/lib/python3.8/site-packages/airflow/example_dags/example_subdag_operator.py
[2025-05-07T19:11:52.236+0000] {logging_mixin.py:188} INFO - [2025-05-07T19:11:52.235+0000] {dag.py:3036} INFO - Sync 3 DAGs
[2025-05-07T19:11:52.262+0000] {logging_mixin.py:188} INFO - [2025-05-07T19:11:52.261+0000] {dag.py:3823} INFO - Setting next_dagrun for example_subdag_operator to 2022-01-01 00:00:00+00:00, run_after=2022-01-01 00:00:00+00:00
[2025-05-07T19:11:52.268+0000] {logging_mixin.py:188} INFO - [2025-05-07T19:11:52.268+0000] {dag.py:3823} INFO - Setting next_dagrun for example_subdag_operator.section-1 to None, run_after=None
[2025-05-07T19:11:52.272+0000] {logging_mixin.py:188} INFO - [2025-05-07T19:11:52.271+0000] {dag.py:3823} INFO - Setting next_dagrun for example_subdag_operator.section-2 to None, run_after=None
[2025-05-07T19:11:52.282+0000] {logging_mixin.py:188} INFO - [2025-05-07T19:11:52.281+0000] {dag.py:3036} INFO - Sync 2 DAGs
[2025-05-07T19:11:52.290+0000] {logging_mixin.py:188} INFO - [2025-05-07T19:11:52.289+0000] {dag.py:3823} INFO - Setting next_dagrun for example_subdag_operator.section-1 to None, run_after=None
[2025-05-07T19:11:52.291+0000] {logging_mixin.py:188} INFO - [2025-05-07T19:11:52.291+0000] {dag.py:3823} INFO - Setting next_dagrun for example_subdag_operator.section-2 to None, run_after=None
[2025-05-07T19:11:52.309+0000] {processor.py:183} INFO - Processing /home/airflow/.local/lib/python3.8/site-packages/airflow/example_dags/example_subdag_operator.py took 0.159 seconds
[2025-05-07T19:12:22.895+0000] {processor.py:161} INFO - Started process (PID=860) to work on /home/airflow/.local/lib/python3.8/site-packages/airflow/example_dags/example_subdag_operator.py
[2025-05-07T19:12:22.898+0000] {processor.py:830} INFO - Processing file /home/airflow/.local/lib/python3.8/site-packages/airflow/example_dags/example_subdag_operator.py for tasks to queue
[2025-05-07T19:12:22.903+0000] {logging_mixin.py:188} INFO - [2025-05-07T19:12:22.902+0000] {dagbag.py:538} INFO - Filling up the DagBag from /home/airflow/.local/lib/python3.8/site-packages/airflow/example_dags/example_subdag_operator.py
[2025-05-07T19:12:22.941+0000] {processor.py:840} INFO - DAG(s) 'example_subdag_operator.section-1', 'example_subdag_operator.section-2', 'example_subdag_operator' retrieved from /home/airflow/.local/lib/python3.8/site-packages/airflow/example_dags/example_subdag_operator.py
[2025-05-07T19:12:22.960+0000] {logging_mixin.py:188} INFO - [2025-05-07T19:12:22.960+0000] {dag.py:3036} INFO - Sync 3 DAGs
[2025-05-07T19:12:22.979+0000] {logging_mixin.py:188} INFO - [2025-05-07T19:12:22.979+0000] {dag.py:3823} INFO - Setting next_dagrun for example_subdag_operator to 2022-01-01 00:00:00+00:00, run_after=2022-01-01 00:00:00+00:00
[2025-05-07T19:12:22.984+0000] {logging_mixin.py:188} INFO - [2025-05-07T19:12:22.983+0000] {dag.py:3823} INFO - Setting next_dagrun for example_subdag_operator.section-1 to None, run_after=None
[2025-05-07T19:12:22.987+0000] {logging_mixin.py:188} INFO - [2025-05-07T19:12:22.987+0000] {dag.py:3823} INFO - Setting next_dagrun for example_subdag_operator.section-2 to None, run_after=None
[2025-05-07T19:12:22.997+0000] {logging_mixin.py:188} INFO - [2025-05-07T19:12:22.997+0000] {dag.py:3036} INFO - Sync 2 DAGs
[2025-05-07T19:12:23.006+0000] {logging_mixin.py:188} INFO - [2025-05-07T19:12:23.005+0000] {dag.py:3823} INFO - Setting next_dagrun for example_subdag_operator.section-1 to None, run_after=None
[2025-05-07T19:12:23.007+0000] {logging_mixin.py:188} INFO - [2025-05-07T19:12:23.007+0000] {dag.py:3823} INFO - Setting next_dagrun for example_subdag_operator.section-2 to None, run_after=None
[2025-05-07T19:12:23.023+0000] {processor.py:183} INFO - Processing /home/airflow/.local/lib/python3.8/site-packages/airflow/example_dags/example_subdag_operator.py took 0.133 seconds
[2025-05-07T19:12:53.457+0000] {processor.py:161} INFO - Started process (PID=916) to work on /home/airflow/.local/lib/python3.8/site-packages/airflow/example_dags/example_subdag_operator.py
[2025-05-07T19:12:53.460+0000] {processor.py:830} INFO - Processing file /home/airflow/.local/lib/python3.8/site-packages/airflow/example_dags/example_subdag_operator.py for tasks to queue
[2025-05-07T19:12:53.464+0000] {logging_mixin.py:188} INFO - [2025-05-07T19:12:53.463+0000] {dagbag.py:538} INFO - Filling up the DagBag from /home/airflow/.local/lib/python3.8/site-packages/airflow/example_dags/example_subdag_operator.py
[2025-05-07T19:12:53.490+0000] {processor.py:840} INFO - DAG(s) 'example_subdag_operator.section-1', 'example_subdag_operator.section-2', 'example_subdag_operator' retrieved from /home/airflow/.local/lib/python3.8/site-packages/airflow/example_dags/example_subdag_operator.py
[2025-05-07T19:12:53.505+0000] {logging_mixin.py:188} INFO - [2025-05-07T19:12:53.505+0000] {dag.py:3036} INFO - Sync 3 DAGs
[2025-05-07T19:12:53.528+0000] {logging_mixin.py:188} INFO - [2025-05-07T19:12:53.528+0000] {dag.py:3823} INFO - Setting next_dagrun for example_subdag_operator to 2022-01-01 00:00:00+00:00, run_after=2022-01-01 00:00:00+00:00
[2025-05-07T19:12:53.532+0000] {logging_mixin.py:188} INFO - [2025-05-07T19:12:53.532+0000] {dag.py:3823} INFO - Setting next_dagrun for example_subdag_operator.section-1 to None, run_after=None
[2025-05-07T19:12:53.535+0000] {logging_mixin.py:188} INFO - [2025-05-07T19:12:53.534+0000] {dag.py:3823} INFO - Setting next_dagrun for example_subdag_operator.section-2 to None, run_after=None
[2025-05-07T19:12:53.544+0000] {logging_mixin.py:188} INFO - [2025-05-07T19:12:53.544+0000] {dag.py:3036} INFO - Sync 2 DAGs
[2025-05-07T19:12:53.550+0000] {logging_mixin.py:188} INFO - [2025-05-07T19:12:53.550+0000] {dag.py:3823} INFO - Setting next_dagrun for example_subdag_operator.section-1 to None, run_after=None
[2025-05-07T19:12:53.551+0000] {logging_mixin.py:188} INFO - [2025-05-07T19:12:53.551+0000] {dag.py:3823} INFO - Setting next_dagrun for example_subdag_operator.section-2 to None, run_after=None
[2025-05-07T19:12:53.567+0000] {processor.py:183} INFO - Processing /home/airflow/.local/lib/python3.8/site-packages/airflow/example_dags/example_subdag_operator.py took 0.117 seconds
[2025-05-07T19:13:24.321+0000] {processor.py:161} INFO - Started process (PID=972) to work on /home/airflow/.local/lib/python3.8/site-packages/airflow/example_dags/example_subdag_operator.py
[2025-05-07T19:13:24.326+0000] {processor.py:830} INFO - Processing file /home/airflow/.local/lib/python3.8/site-packages/airflow/example_dags/example_subdag_operator.py for tasks to queue
[2025-05-07T19:13:24.330+0000] {logging_mixin.py:188} INFO - [2025-05-07T19:13:24.329+0000] {dagbag.py:538} INFO - Filling up the DagBag from /home/airflow/.local/lib/python3.8/site-packages/airflow/example_dags/example_subdag_operator.py
[2025-05-07T19:13:24.365+0000] {processor.py:840} INFO - DAG(s) 'example_subdag_operator.section-1', 'example_subdag_operator.section-2', 'example_subdag_operator' retrieved from /home/airflow/.local/lib/python3.8/site-packages/airflow/example_dags/example_subdag_operator.py
[2025-05-07T19:13:24.381+0000] {logging_mixin.py:188} INFO - [2025-05-07T19:13:24.380+0000] {dag.py:3036} INFO - Sync 3 DAGs
[2025-05-07T19:13:24.402+0000] {logging_mixin.py:188} INFO - [2025-05-07T19:13:24.402+0000] {dag.py:3823} INFO - Setting next_dagrun for example_subdag_operator to 2022-01-01 00:00:00+00:00, run_after=2022-01-01 00:00:00+00:00
[2025-05-07T19:13:24.408+0000] {logging_mixin.py:188} INFO - [2025-05-07T19:13:24.407+0000] {dag.py:3823} INFO - Setting next_dagrun for example_subdag_operator.section-1 to None, run_after=None
[2025-05-07T19:13:24.410+0000] {logging_mixin.py:188} INFO - [2025-05-07T19:13:24.410+0000] {dag.py:3823} INFO - Setting next_dagrun for example_subdag_operator.section-2 to None, run_after=None
[2025-05-07T19:13:24.418+0000] {logging_mixin.py:188} INFO - [2025-05-07T19:13:24.418+0000] {dag.py:3036} INFO - Sync 2 DAGs
[2025-05-07T19:13:24.424+0000] {logging_mixin.py:188} INFO - [2025-05-07T19:13:24.424+0000] {dag.py:3823} INFO - Setting next_dagrun for example_subdag_operator.section-1 to None, run_after=None
[2025-05-07T19:13:24.428+0000] {logging_mixin.py:188} INFO - [2025-05-07T19:13:24.428+0000] {dag.py:3823} INFO - Setting next_dagrun for example_subdag_operator.section-2 to None, run_after=None
[2025-05-07T19:13:24.445+0000] {processor.py:183} INFO - Processing /home/airflow/.local/lib/python3.8/site-packages/airflow/example_dags/example_subdag_operator.py took 0.128 seconds
[2025-05-07T19:13:54.545+0000] {processor.py:161} INFO - Started process (PID=1028) to work on /home/airflow/.local/lib/python3.8/site-packages/airflow/example_dags/example_subdag_operator.py
[2025-05-07T19:13:54.548+0000] {processor.py:830} INFO - Processing file /home/airflow/.local/lib/python3.8/site-packages/airflow/example_dags/example_subdag_operator.py for tasks to queue
[2025-05-07T19:13:54.550+0000] {logging_mixin.py:188} INFO - [2025-05-07T19:13:54.550+0000] {dagbag.py:538} INFO - Filling up the DagBag from /home/airflow/.local/lib/python3.8/site-packages/airflow/example_dags/example_subdag_operator.py
[2025-05-07T19:13:54.580+0000] {processor.py:840} INFO - DAG(s) 'example_subdag_operator.section-1', 'example_subdag_operator.section-2', 'example_subdag_operator' retrieved from /home/airflow/.local/lib/python3.8/site-packages/airflow/example_dags/example_subdag_operator.py
[2025-05-07T19:13:54.599+0000] {logging_mixin.py:188} INFO - [2025-05-07T19:13:54.598+0000] {dag.py:3036} INFO - Sync 3 DAGs
[2025-05-07T19:13:54.622+0000] {logging_mixin.py:188} INFO - [2025-05-07T19:13:54.622+0000] {dag.py:3823} INFO - Setting next_dagrun for example_subdag_operator to 2022-01-01 00:00:00+00:00, run_after=2022-01-01 00:00:00+00:00
[2025-05-07T19:13:54.626+0000] {logging_mixin.py:188} INFO - [2025-05-07T19:13:54.626+0000] {dag.py:3823} INFO - Setting next_dagrun for example_subdag_operator.section-1 to None, run_after=None
[2025-05-07T19:13:54.629+0000] {logging_mixin.py:188} INFO - [2025-05-07T19:13:54.629+0000] {dag.py:3823} INFO - Setting next_dagrun for example_subdag_operator.section-2 to None, run_after=None
[2025-05-07T19:13:54.639+0000] {logging_mixin.py:188} INFO - [2025-05-07T19:13:54.639+0000] {dag.py:3036} INFO - Sync 2 DAGs
[2025-05-07T19:13:54.647+0000] {logging_mixin.py:188} INFO - [2025-05-07T19:13:54.647+0000] {dag.py:3823} INFO - Setting next_dagrun for example_subdag_operator.section-1 to None, run_after=None
[2025-05-07T19:13:54.648+0000] {logging_mixin.py:188} INFO - [2025-05-07T19:13:54.648+0000] {dag.py:3823} INFO - Setting next_dagrun for example_subdag_operator.section-2 to None, run_after=None
[2025-05-07T19:13:54.663+0000] {processor.py:183} INFO - Processing /home/airflow/.local/lib/python3.8/site-packages/airflow/example_dags/example_subdag_operator.py took 0.122 seconds
[2025-05-07T19:14:25.116+0000] {processor.py:161} INFO - Started process (PID=1084) to work on /home/airflow/.local/lib/python3.8/site-packages/airflow/example_dags/example_subdag_operator.py
[2025-05-07T19:14:25.119+0000] {processor.py:830} INFO - Processing file /home/airflow/.local/lib/python3.8/site-packages/airflow/example_dags/example_subdag_operator.py for tasks to queue
[2025-05-07T19:14:25.121+0000] {logging_mixin.py:188} INFO - [2025-05-07T19:14:25.121+0000] {dagbag.py:538} INFO - Filling up the DagBag from /home/airflow/.local/lib/python3.8/site-packages/airflow/example_dags/example_subdag_operator.py
[2025-05-07T19:14:25.148+0000] {processor.py:840} INFO - DAG(s) 'example_subdag_operator.section-1', 'example_subdag_operator.section-2', 'example_subdag_operator' retrieved from /home/airflow/.local/lib/python3.8/site-packages/airflow/example_dags/example_subdag_operator.py
[2025-05-07T19:14:25.169+0000] {logging_mixin.py:188} INFO - [2025-05-07T19:14:25.169+0000] {dag.py:3036} INFO - Sync 3 DAGs
[2025-05-07T19:14:25.196+0000] {logging_mixin.py:188} INFO - [2025-05-07T19:14:25.195+0000] {dag.py:3823} INFO - Setting next_dagrun for example_subdag_operator to 2022-01-01 00:00:00+00:00, run_after=2022-01-01 00:00:00+00:00
[2025-05-07T19:14:25.200+0000] {logging_mixin.py:188} INFO - [2025-05-07T19:14:25.200+0000] {dag.py:3823} INFO - Setting next_dagrun for example_subdag_operator.section-1 to None, run_after=None
[2025-05-07T19:14:25.203+0000] {logging_mixin.py:188} INFO - [2025-05-07T19:14:25.202+0000] {dag.py:3823} INFO - Setting next_dagrun for example_subdag_operator.section-2 to None, run_after=None
[2025-05-07T19:14:25.213+0000] {logging_mixin.py:188} INFO - [2025-05-07T19:14:25.213+0000] {dag.py:3036} INFO - Sync 2 DAGs
[2025-05-07T19:14:25.221+0000] {logging_mixin.py:188} INFO - [2025-05-07T19:14:25.221+0000] {dag.py:3823} INFO - Setting next_dagrun for example_subdag_operator.section-1 to None, run_after=None
[2025-05-07T19:14:25.223+0000] {logging_mixin.py:188} INFO - [2025-05-07T19:14:25.222+0000] {dag.py:3823} INFO - Setting next_dagrun for example_subdag_operator.section-2 to None, run_after=None
[2025-05-07T19:14:25.239+0000] {processor.py:183} INFO - Processing /home/airflow/.local/lib/python3.8/site-packages/airflow/example_dags/example_subdag_operator.py took 0.126 seconds
[2025-05-07T19:14:55.466+0000] {processor.py:161} INFO - Started process (PID=1140) to work on /home/airflow/.local/lib/python3.8/site-packages/airflow/example_dags/example_subdag_operator.py
[2025-05-07T19:14:55.468+0000] {processor.py:830} INFO - Processing file /home/airflow/.local/lib/python3.8/site-packages/airflow/example_dags/example_subdag_operator.py for tasks to queue
[2025-05-07T19:14:55.470+0000] {logging_mixin.py:188} INFO - [2025-05-07T19:14:55.470+0000] {dagbag.py:538} INFO - Filling up the DagBag from /home/airflow/.local/lib/python3.8/site-packages/airflow/example_dags/example_subdag_operator.py
[2025-05-07T19:14:55.500+0000] {processor.py:840} INFO - DAG(s) 'example_subdag_operator.section-1', 'example_subdag_operator.section-2', 'example_subdag_operator' retrieved from /home/airflow/.local/lib/python3.8/site-packages/airflow/example_dags/example_subdag_operator.py
[2025-05-07T19:14:55.517+0000] {logging_mixin.py:188} INFO - [2025-05-07T19:14:55.517+0000] {dag.py:3036} INFO - Sync 3 DAGs
[2025-05-07T19:14:55.537+0000] {logging_mixin.py:188} INFO - [2025-05-07T19:14:55.536+0000] {dag.py:3823} INFO - Setting next_dagrun for example_subdag_operator to 2022-01-01 00:00:00+00:00, run_after=2022-01-01 00:00:00+00:00
[2025-05-07T19:14:55.541+0000] {logging_mixin.py:188} INFO - [2025-05-07T19:14:55.540+0000] {dag.py:3823} INFO - Setting next_dagrun for example_subdag_operator.section-1 to None, run_after=None
[2025-05-07T19:14:55.542+0000] {logging_mixin.py:188} INFO - [2025-05-07T19:14:55.542+0000] {dag.py:3823} INFO - Setting next_dagrun for example_subdag_operator.section-2 to None, run_after=None
[2025-05-07T19:14:55.550+0000] {logging_mixin.py:188} INFO - [2025-05-07T19:14:55.550+0000] {dag.py:3036} INFO - Sync 2 DAGs
[2025-05-07T19:14:55.556+0000] {logging_mixin.py:188} INFO - [2025-05-07T19:14:55.555+0000] {dag.py:3823} INFO - Setting next_dagrun for example_subdag_operator.section-1 to None, run_after=None
[2025-05-07T19:14:55.556+0000] {logging_mixin.py:188} INFO - [2025-05-07T19:14:55.556+0000] {dag.py:3823} INFO - Setting next_dagrun for example_subdag_operator.section-2 to None, run_after=None
[2025-05-07T19:14:55.568+0000] {processor.py:183} INFO - Processing /home/airflow/.local/lib/python3.8/site-packages/airflow/example_dags/example_subdag_operator.py took 0.106 seconds
[2025-05-07T19:15:25.660+0000] {processor.py:161} INFO - Started process (PID=1196) to work on /home/airflow/.local/lib/python3.8/site-packages/airflow/example_dags/example_subdag_operator.py
[2025-05-07T19:15:25.664+0000] {processor.py:830} INFO - Processing file /home/airflow/.local/lib/python3.8/site-packages/airflow/example_dags/example_subdag_operator.py for tasks to queue
[2025-05-07T19:15:25.668+0000] {logging_mixin.py:188} INFO - [2025-05-07T19:15:25.668+0000] {dagbag.py:538} INFO - Filling up the DagBag from /home/airflow/.local/lib/python3.8/site-packages/airflow/example_dags/example_subdag_operator.py
[2025-05-07T19:15:25.712+0000] {processor.py:840} INFO - DAG(s) 'example_subdag_operator.section-1', 'example_subdag_operator.section-2', 'example_subdag_operator' retrieved from /home/airflow/.local/lib/python3.8/site-packages/airflow/example_dags/example_subdag_operator.py
[2025-05-07T19:15:25.727+0000] {logging_mixin.py:188} INFO - [2025-05-07T19:15:25.727+0000] {dag.py:3036} INFO - Sync 3 DAGs
[2025-05-07T19:15:25.749+0000] {logging_mixin.py:188} INFO - [2025-05-07T19:15:25.749+0000] {dag.py:3823} INFO - Setting next_dagrun for example_subdag_operator to 2022-01-01 00:00:00+00:00, run_after=2022-01-01 00:00:00+00:00
[2025-05-07T19:15:25.753+0000] {logging_mixin.py:188} INFO - [2025-05-07T19:15:25.753+0000] {dag.py:3823} INFO - Setting next_dagrun for example_subdag_operator.section-1 to None, run_after=None
[2025-05-07T19:15:25.755+0000] {logging_mixin.py:188} INFO - [2025-05-07T19:15:25.755+0000] {dag.py:3823} INFO - Setting next_dagrun for example_subdag_operator.section-2 to None, run_after=None
[2025-05-07T19:15:25.762+0000] {logging_mixin.py:188} INFO - [2025-05-07T19:15:25.762+0000] {dag.py:3036} INFO - Sync 2 DAGs
[2025-05-07T19:15:25.769+0000] {logging_mixin.py:188} INFO - [2025-05-07T19:15:25.768+0000] {dag.py:3823} INFO - Setting next_dagrun for example_subdag_operator.section-1 to None, run_after=None
[2025-05-07T19:15:25.771+0000] {logging_mixin.py:188} INFO - [2025-05-07T19:15:25.771+0000] {dag.py:3823} INFO - Setting next_dagrun for example_subdag_operator.section-2 to None, run_after=None
[2025-05-07T19:15:25.785+0000] {processor.py:183} INFO - Processing /home/airflow/.local/lib/python3.8/site-packages/airflow/example_dags/example_subdag_operator.py took 0.132 seconds
[2025-05-07T19:15:56.038+0000] {processor.py:161} INFO - Started process (PID=1252) to work on /home/airflow/.local/lib/python3.8/site-packages/airflow/example_dags/example_subdag_operator.py
[2025-05-07T19:15:56.040+0000] {processor.py:830} INFO - Processing file /home/airflow/.local/lib/python3.8/site-packages/airflow/example_dags/example_subdag_operator.py for tasks to queue
[2025-05-07T19:15:56.041+0000] {logging_mixin.py:188} INFO - [2025-05-07T19:15:56.041+0000] {dagbag.py:538} INFO - Filling up the DagBag from /home/airflow/.local/lib/python3.8/site-packages/airflow/example_dags/example_subdag_operator.py
[2025-05-07T19:15:56.064+0000] {processor.py:840} INFO - DAG(s) 'example_subdag_operator.section-1', 'example_subdag_operator.section-2', 'example_subdag_operator' retrieved from /home/airflow/.local/lib/python3.8/site-packages/airflow/example_dags/example_subdag_operator.py
[2025-05-07T19:15:56.079+0000] {logging_mixin.py:188} INFO - [2025-05-07T19:15:56.078+0000] {dag.py:3036} INFO - Sync 3 DAGs
[2025-05-07T19:15:56.099+0000] {logging_mixin.py:188} INFO - [2025-05-07T19:15:56.099+0000] {dag.py:3823} INFO - Setting next_dagrun for example_subdag_operator to 2022-01-01 00:00:00+00:00, run_after=2022-01-01 00:00:00+00:00
[2025-05-07T19:15:56.103+0000] {logging_mixin.py:188} INFO - [2025-05-07T19:15:56.103+0000] {dag.py:3823} INFO - Setting next_dagrun for example_subdag_operator.section-1 to None, run_after=None
[2025-05-07T19:15:56.106+0000] {logging_mixin.py:188} INFO - [2025-05-07T19:15:56.105+0000] {dag.py:3823} INFO - Setting next_dagrun for example_subdag_operator.section-2 to None, run_after=None
[2025-05-07T19:15:56.117+0000] {logging_mixin.py:188} INFO - [2025-05-07T19:15:56.117+0000] {dag.py:3036} INFO - Sync 2 DAGs
[2025-05-07T19:15:56.123+0000] {logging_mixin.py:188} INFO - [2025-05-07T19:15:56.123+0000] {dag.py:3823} INFO - Setting next_dagrun for example_subdag_operator.section-1 to None, run_after=None
[2025-05-07T19:15:56.125+0000] {logging_mixin.py:188} INFO - [2025-05-07T19:15:56.124+0000] {dag.py:3823} INFO - Setting next_dagrun for example_subdag_operator.section-2 to None, run_after=None
[2025-05-07T19:15:56.136+0000] {processor.py:183} INFO - Processing /home/airflow/.local/lib/python3.8/site-packages/airflow/example_dags/example_subdag_operator.py took 0.101 seconds
[2025-05-07T19:16:26.420+0000] {processor.py:161} INFO - Started process (PID=1308) to work on /home/airflow/.local/lib/python3.8/site-packages/airflow/example_dags/example_subdag_operator.py
[2025-05-07T19:16:26.421+0000] {processor.py:830} INFO - Processing file /home/airflow/.local/lib/python3.8/site-packages/airflow/example_dags/example_subdag_operator.py for tasks to queue
[2025-05-07T19:16:26.423+0000] {logging_mixin.py:188} INFO - [2025-05-07T19:16:26.423+0000] {dagbag.py:538} INFO - Filling up the DagBag from /home/airflow/.local/lib/python3.8/site-packages/airflow/example_dags/example_subdag_operator.py
[2025-05-07T19:16:26.447+0000] {processor.py:840} INFO - DAG(s) 'example_subdag_operator.section-1', 'example_subdag_operator.section-2', 'example_subdag_operator' retrieved from /home/airflow/.local/lib/python3.8/site-packages/airflow/example_dags/example_subdag_operator.py
[2025-05-07T19:16:26.462+0000] {logging_mixin.py:188} INFO - [2025-05-07T19:16:26.462+0000] {dag.py:3036} INFO - Sync 3 DAGs
[2025-05-07T19:16:26.482+0000] {logging_mixin.py:188} INFO - [2025-05-07T19:16:26.481+0000] {dag.py:3823} INFO - Setting next_dagrun for example_subdag_operator to 2022-01-01 00:00:00+00:00, run_after=2022-01-01 00:00:00+00:00
[2025-05-07T19:16:26.485+0000] {logging_mixin.py:188} INFO - [2025-05-07T19:16:26.485+0000] {dag.py:3823} INFO - Setting next_dagrun for example_subdag_operator.section-1 to None, run_after=None
[2025-05-07T19:16:26.487+0000] {logging_mixin.py:188} INFO - [2025-05-07T19:16:26.487+0000] {dag.py:3823} INFO - Setting next_dagrun for example_subdag_operator.section-2 to None, run_after=None
[2025-05-07T19:16:26.494+0000] {logging_mixin.py:188} INFO - [2025-05-07T19:16:26.494+0000] {dag.py:3036} INFO - Sync 2 DAGs
[2025-05-07T19:16:26.499+0000] {logging_mixin.py:188} INFO - [2025-05-07T19:16:26.499+0000] {dag.py:3823} INFO - Setting next_dagrun for example_subdag_operator.section-1 to None, run_after=None
[2025-05-07T19:16:26.500+0000] {logging_mixin.py:188} INFO - [2025-05-07T19:16:26.500+0000] {dag.py:3823} INFO - Setting next_dagrun for example_subdag_operator.section-2 to None, run_after=None
[2025-05-07T19:16:26.515+0000] {processor.py:183} INFO - Processing /home/airflow/.local/lib/python3.8/site-packages/airflow/example_dags/example_subdag_operator.py took 0.098 seconds
[2025-05-07T19:16:56.841+0000] {processor.py:161} INFO - Started process (PID=1364) to work on /home/airflow/.local/lib/python3.8/site-packages/airflow/example_dags/example_subdag_operator.py
[2025-05-07T19:16:56.843+0000] {processor.py:830} INFO - Processing file /home/airflow/.local/lib/python3.8/site-packages/airflow/example_dags/example_subdag_operator.py for tasks to queue
[2025-05-07T19:16:56.846+0000] {logging_mixin.py:188} INFO - [2025-05-07T19:16:56.846+0000] {dagbag.py:538} INFO - Filling up the DagBag from /home/airflow/.local/lib/python3.8/site-packages/airflow/example_dags/example_subdag_operator.py
[2025-05-07T19:16:56.873+0000] {processor.py:840} INFO - DAG(s) 'example_subdag_operator.section-1', 'example_subdag_operator.section-2', 'example_subdag_operator' retrieved from /home/airflow/.local/lib/python3.8/site-packages/airflow/example_dags/example_subdag_operator.py
[2025-05-07T19:16:56.891+0000] {logging_mixin.py:188} INFO - [2025-05-07T19:16:56.891+0000] {dag.py:3036} INFO - Sync 3 DAGs
[2025-05-07T19:16:56.917+0000] {logging_mixin.py:188} INFO - [2025-05-07T19:16:56.916+0000] {dag.py:3823} INFO - Setting next_dagrun for example_subdag_operator to 2022-01-01 00:00:00+00:00, run_after=2022-01-01 00:00:00+00:00
[2025-05-07T19:16:56.931+0000] {logging_mixin.py:188} INFO - [2025-05-07T19:16:56.930+0000] {dag.py:3823} INFO - Setting next_dagrun for example_subdag_operator.section-1 to None, run_after=None
[2025-05-07T19:16:56.933+0000] {logging_mixin.py:188} INFO - [2025-05-07T19:16:56.932+0000] {dag.py:3823} INFO - Setting next_dagrun for example_subdag_operator.section-2 to None, run_after=None
[2025-05-07T19:16:56.940+0000] {logging_mixin.py:188} INFO - [2025-05-07T19:16:56.940+0000] {dag.py:3036} INFO - Sync 2 DAGs
[2025-05-07T19:16:56.983+0000] {logging_mixin.py:188} INFO - [2025-05-07T19:16:56.982+0000] {dag.py:3823} INFO - Setting next_dagrun for example_subdag_operator.section-1 to None, run_after=None
[2025-05-07T19:16:56.984+0000] {logging_mixin.py:188} INFO - [2025-05-07T19:16:56.984+0000] {dag.py:3823} INFO - Setting next_dagrun for example_subdag_operator.section-2 to None, run_after=None
[2025-05-07T19:16:57.008+0000] {processor.py:183} INFO - Processing /home/airflow/.local/lib/python3.8/site-packages/airflow/example_dags/example_subdag_operator.py took 0.173 seconds
[2025-05-07T19:17:27.685+0000] {processor.py:161} INFO - Started process (PID=1420) to work on /home/airflow/.local/lib/python3.8/site-packages/airflow/example_dags/example_subdag_operator.py
[2025-05-07T19:17:27.687+0000] {processor.py:830} INFO - Processing file /home/airflow/.local/lib/python3.8/site-packages/airflow/example_dags/example_subdag_operator.py for tasks to queue
[2025-05-07T19:17:27.689+0000] {logging_mixin.py:188} INFO - [2025-05-07T19:17:27.689+0000] {dagbag.py:538} INFO - Filling up the DagBag from /home/airflow/.local/lib/python3.8/site-packages/airflow/example_dags/example_subdag_operator.py
[2025-05-07T19:17:27.713+0000] {processor.py:840} INFO - DAG(s) 'example_subdag_operator.section-1', 'example_subdag_operator.section-2', 'example_subdag_operator' retrieved from /home/airflow/.local/lib/python3.8/site-packages/airflow/example_dags/example_subdag_operator.py
[2025-05-07T19:17:27.728+0000] {logging_mixin.py:188} INFO - [2025-05-07T19:17:27.728+0000] {dag.py:3036} INFO - Sync 3 DAGs
[2025-05-07T19:17:27.748+0000] {logging_mixin.py:188} INFO - [2025-05-07T19:17:27.747+0000] {dag.py:3823} INFO - Setting next_dagrun for example_subdag_operator to 2022-01-01 00:00:00+00:00, run_after=2022-01-01 00:00:00+00:00
[2025-05-07T19:17:27.752+0000] {logging_mixin.py:188} INFO - [2025-05-07T19:17:27.752+0000] {dag.py:3823} INFO - Setting next_dagrun for example_subdag_operator.section-1 to None, run_after=None
[2025-05-07T19:17:27.755+0000] {logging_mixin.py:188} INFO - [2025-05-07T19:17:27.754+0000] {dag.py:3823} INFO - Setting next_dagrun for example_subdag_operator.section-2 to None, run_after=None
[2025-05-07T19:17:27.763+0000] {logging_mixin.py:188} INFO - [2025-05-07T19:17:27.763+0000] {dag.py:3036} INFO - Sync 2 DAGs
[2025-05-07T19:17:27.771+0000] {logging_mixin.py:188} INFO - [2025-05-07T19:17:27.770+0000] {dag.py:3823} INFO - Setting next_dagrun for example_subdag_operator.section-1 to None, run_after=None
[2025-05-07T19:17:27.774+0000] {logging_mixin.py:188} INFO - [2025-05-07T19:17:27.774+0000] {dag.py:3823} INFO - Setting next_dagrun for example_subdag_operator.section-2 to None, run_after=None
[2025-05-07T19:17:27.792+0000] {processor.py:183} INFO - Processing /home/airflow/.local/lib/python3.8/site-packages/airflow/example_dags/example_subdag_operator.py took 0.110 seconds
[2025-05-07T19:17:57.880+0000] {processor.py:161} INFO - Started process (PID=1476) to work on /home/airflow/.local/lib/python3.8/site-packages/airflow/example_dags/example_subdag_operator.py
[2025-05-07T19:17:57.882+0000] {processor.py:830} INFO - Processing file /home/airflow/.local/lib/python3.8/site-packages/airflow/example_dags/example_subdag_operator.py for tasks to queue
[2025-05-07T19:17:57.885+0000] {logging_mixin.py:188} INFO - [2025-05-07T19:17:57.885+0000] {dagbag.py:538} INFO - Filling up the DagBag from /home/airflow/.local/lib/python3.8/site-packages/airflow/example_dags/example_subdag_operator.py
[2025-05-07T19:17:57.916+0000] {processor.py:840} INFO - DAG(s) 'example_subdag_operator.section-1', 'example_subdag_operator.section-2', 'example_subdag_operator' retrieved from /home/airflow/.local/lib/python3.8/site-packages/airflow/example_dags/example_subdag_operator.py
[2025-05-07T19:17:57.933+0000] {logging_mixin.py:188} INFO - [2025-05-07T19:17:57.933+0000] {dag.py:3036} INFO - Sync 3 DAGs
[2025-05-07T19:17:57.954+0000] {logging_mixin.py:188} INFO - [2025-05-07T19:17:57.953+0000] {dag.py:3823} INFO - Setting next_dagrun for example_subdag_operator to 2022-01-01 00:00:00+00:00, run_after=2022-01-01 00:00:00+00:00
[2025-05-07T19:17:57.957+0000] {logging_mixin.py:188} INFO - [2025-05-07T19:17:57.957+0000] {dag.py:3823} INFO - Setting next_dagrun for example_subdag_operator.section-1 to None, run_after=None
[2025-05-07T19:17:57.959+0000] {logging_mixin.py:188} INFO - [2025-05-07T19:17:57.959+0000] {dag.py:3823} INFO - Setting next_dagrun for example_subdag_operator.section-2 to None, run_after=None
[2025-05-07T19:17:57.966+0000] {logging_mixin.py:188} INFO - [2025-05-07T19:17:57.966+0000] {dag.py:3036} INFO - Sync 2 DAGs
[2025-05-07T19:17:57.971+0000] {logging_mixin.py:188} INFO - [2025-05-07T19:17:57.971+0000] {dag.py:3823} INFO - Setting next_dagrun for example_subdag_operator.section-1 to None, run_after=None
[2025-05-07T19:17:57.972+0000] {logging_mixin.py:188} INFO - [2025-05-07T19:17:57.972+0000] {dag.py:3823} INFO - Setting next_dagrun for example_subdag_operator.section-2 to None, run_after=None
[2025-05-07T19:17:57.987+0000] {processor.py:183} INFO - Processing /home/airflow/.local/lib/python3.8/site-packages/airflow/example_dags/example_subdag_operator.py took 0.112 seconds
[2025-05-07T19:18:28.334+0000] {processor.py:161} INFO - Started process (PID=1532) to work on /home/airflow/.local/lib/python3.8/site-packages/airflow/example_dags/example_subdag_operator.py
[2025-05-07T19:18:28.336+0000] {processor.py:830} INFO - Processing file /home/airflow/.local/lib/python3.8/site-packages/airflow/example_dags/example_subdag_operator.py for tasks to queue
[2025-05-07T19:18:28.338+0000] {logging_mixin.py:188} INFO - [2025-05-07T19:18:28.338+0000] {dagbag.py:538} INFO - Filling up the DagBag from /home/airflow/.local/lib/python3.8/site-packages/airflow/example_dags/example_subdag_operator.py
[2025-05-07T19:18:28.367+0000] {processor.py:840} INFO - DAG(s) 'example_subdag_operator.section-1', 'example_subdag_operator.section-2', 'example_subdag_operator' retrieved from /home/airflow/.local/lib/python3.8/site-packages/airflow/example_dags/example_subdag_operator.py
[2025-05-07T19:18:28.385+0000] {logging_mixin.py:188} INFO - [2025-05-07T19:18:28.385+0000] {dag.py:3036} INFO - Sync 3 DAGs
[2025-05-07T19:18:28.408+0000] {logging_mixin.py:188} INFO - [2025-05-07T19:18:28.408+0000] {dag.py:3823} INFO - Setting next_dagrun for example_subdag_operator to 2022-01-01 00:00:00+00:00, run_after=2022-01-01 00:00:00+00:00
[2025-05-07T19:18:28.413+0000] {logging_mixin.py:188} INFO - [2025-05-07T19:18:28.413+0000] {dag.py:3823} INFO - Setting next_dagrun for example_subdag_operator.section-1 to None, run_after=None
[2025-05-07T19:18:28.415+0000] {logging_mixin.py:188} INFO - [2025-05-07T19:18:28.415+0000] {dag.py:3823} INFO - Setting next_dagrun for example_subdag_operator.section-2 to None, run_after=None
[2025-05-07T19:18:28.424+0000] {logging_mixin.py:188} INFO - [2025-05-07T19:18:28.424+0000] {dag.py:3036} INFO - Sync 2 DAGs
[2025-05-07T19:18:28.431+0000] {logging_mixin.py:188} INFO - [2025-05-07T19:18:28.430+0000] {dag.py:3823} INFO - Setting next_dagrun for example_subdag_operator.section-1 to None, run_after=None
[2025-05-07T19:18:28.432+0000] {logging_mixin.py:188} INFO - [2025-05-07T19:18:28.431+0000] {dag.py:3823} INFO - Setting next_dagrun for example_subdag_operator.section-2 to None, run_after=None
[2025-05-07T19:18:28.448+0000] {processor.py:183} INFO - Processing /home/airflow/.local/lib/python3.8/site-packages/airflow/example_dags/example_subdag_operator.py took 0.118 seconds
[2025-05-07T19:18:58.616+0000] {processor.py:161} INFO - Started process (PID=1589) to work on /home/airflow/.local/lib/python3.8/site-packages/airflow/example_dags/example_subdag_operator.py
[2025-05-07T19:18:58.617+0000] {processor.py:830} INFO - Processing file /home/airflow/.local/lib/python3.8/site-packages/airflow/example_dags/example_subdag_operator.py for tasks to queue
[2025-05-07T19:18:58.619+0000] {logging_mixin.py:188} INFO - [2025-05-07T19:18:58.619+0000] {dagbag.py:538} INFO - Filling up the DagBag from /home/airflow/.local/lib/python3.8/site-packages/airflow/example_dags/example_subdag_operator.py
[2025-05-07T19:18:58.641+0000] {processor.py:840} INFO - DAG(s) 'example_subdag_operator.section-1', 'example_subdag_operator.section-2', 'example_subdag_operator' retrieved from /home/airflow/.local/lib/python3.8/site-packages/airflow/example_dags/example_subdag_operator.py
[2025-05-07T19:18:58.660+0000] {logging_mixin.py:188} INFO - [2025-05-07T19:18:58.659+0000] {dag.py:3036} INFO - Sync 3 DAGs
[2025-05-07T19:18:58.682+0000] {logging_mixin.py:188} INFO - [2025-05-07T19:18:58.681+0000] {dag.py:3823} INFO - Setting next_dagrun for example_subdag_operator to 2022-01-01 00:00:00+00:00, run_after=2022-01-01 00:00:00+00:00
[2025-05-07T19:18:58.687+0000] {logging_mixin.py:188} INFO - [2025-05-07T19:18:58.687+0000] {dag.py:3823} INFO - Setting next_dagrun for example_subdag_operator.section-1 to None, run_after=None
[2025-05-07T19:18:58.691+0000] {logging_mixin.py:188} INFO - [2025-05-07T19:18:58.690+0000] {dag.py:3823} INFO - Setting next_dagrun for example_subdag_operator.section-2 to None, run_after=None
[2025-05-07T19:18:58.701+0000] {logging_mixin.py:188} INFO - [2025-05-07T19:18:58.701+0000] {dag.py:3036} INFO - Sync 2 DAGs
[2025-05-07T19:18:58.709+0000] {logging_mixin.py:188} INFO - [2025-05-07T19:18:58.709+0000] {dag.py:3823} INFO - Setting next_dagrun for example_subdag_operator.section-1 to None, run_after=None
[2025-05-07T19:18:58.711+0000] {logging_mixin.py:188} INFO - [2025-05-07T19:18:58.710+0000] {dag.py:3823} INFO - Setting next_dagrun for example_subdag_operator.section-2 to None, run_after=None
[2025-05-07T19:18:58.728+0000] {processor.py:183} INFO - Processing /home/airflow/.local/lib/python3.8/site-packages/airflow/example_dags/example_subdag_operator.py took 0.116 seconds
[2025-05-07T19:19:29.211+0000] {processor.py:161} INFO - Started process (PID=1646) to work on /home/airflow/.local/lib/python3.8/site-packages/airflow/example_dags/example_subdag_operator.py
[2025-05-07T19:19:29.212+0000] {processor.py:830} INFO - Processing file /home/airflow/.local/lib/python3.8/site-packages/airflow/example_dags/example_subdag_operator.py for tasks to queue
[2025-05-07T19:19:29.216+0000] {logging_mixin.py:188} INFO - [2025-05-07T19:19:29.215+0000] {dagbag.py:538} INFO - Filling up the DagBag from /home/airflow/.local/lib/python3.8/site-packages/airflow/example_dags/example_subdag_operator.py
[2025-05-07T19:19:29.242+0000] {processor.py:840} INFO - DAG(s) 'example_subdag_operator.section-1', 'example_subdag_operator.section-2', 'example_subdag_operator' retrieved from /home/airflow/.local/lib/python3.8/site-packages/airflow/example_dags/example_subdag_operator.py
[2025-05-07T19:19:29.259+0000] {logging_mixin.py:188} INFO - [2025-05-07T19:19:29.259+0000] {dag.py:3036} INFO - Sync 3 DAGs
[2025-05-07T19:19:29.282+0000] {logging_mixin.py:188} INFO - [2025-05-07T19:19:29.282+0000] {dag.py:3823} INFO - Setting next_dagrun for example_subdag_operator to 2022-01-01 00:00:00+00:00, run_after=2022-01-01 00:00:00+00:00
[2025-05-07T19:19:29.286+0000] {logging_mixin.py:188} INFO - [2025-05-07T19:19:29.286+0000] {dag.py:3823} INFO - Setting next_dagrun for example_subdag_operator.section-1 to None, run_after=None
[2025-05-07T19:19:29.288+0000] {logging_mixin.py:188} INFO - [2025-05-07T19:19:29.288+0000] {dag.py:3823} INFO - Setting next_dagrun for example_subdag_operator.section-2 to None, run_after=None
[2025-05-07T19:19:29.296+0000] {logging_mixin.py:188} INFO - [2025-05-07T19:19:29.296+0000] {dag.py:3036} INFO - Sync 2 DAGs
[2025-05-07T19:19:29.302+0000] {logging_mixin.py:188} INFO - [2025-05-07T19:19:29.302+0000] {dag.py:3823} INFO - Setting next_dagrun for example_subdag_operator.section-1 to None, run_after=None
[2025-05-07T19:19:29.303+0000] {logging_mixin.py:188} INFO - [2025-05-07T19:19:29.303+0000] {dag.py:3823} INFO - Setting next_dagrun for example_subdag_operator.section-2 to None, run_after=None
[2025-05-07T19:19:29.318+0000] {processor.py:183} INFO - Processing /home/airflow/.local/lib/python3.8/site-packages/airflow/example_dags/example_subdag_operator.py took 0.113 seconds
[2025-05-07T19:19:59.437+0000] {processor.py:161} INFO - Started process (PID=1702) to work on /home/airflow/.local/lib/python3.8/site-packages/airflow/example_dags/example_subdag_operator.py
[2025-05-07T19:19:59.439+0000] {processor.py:830} INFO - Processing file /home/airflow/.local/lib/python3.8/site-packages/airflow/example_dags/example_subdag_operator.py for tasks to queue
[2025-05-07T19:19:59.443+0000] {logging_mixin.py:188} INFO - [2025-05-07T19:19:59.443+0000] {dagbag.py:538} INFO - Filling up the DagBag from /home/airflow/.local/lib/python3.8/site-packages/airflow/example_dags/example_subdag_operator.py
[2025-05-07T19:19:59.469+0000] {processor.py:840} INFO - DAG(s) 'example_subdag_operator.section-1', 'example_subdag_operator.section-2', 'example_subdag_operator' retrieved from /home/airflow/.local/lib/python3.8/site-packages/airflow/example_dags/example_subdag_operator.py
[2025-05-07T19:19:59.484+0000] {logging_mixin.py:188} INFO - [2025-05-07T19:19:59.484+0000] {dag.py:3036} INFO - Sync 3 DAGs
[2025-05-07T19:19:59.503+0000] {logging_mixin.py:188} INFO - [2025-05-07T19:19:59.503+0000] {dag.py:3823} INFO - Setting next_dagrun for example_subdag_operator to 2022-01-01 00:00:00+00:00, run_after=2022-01-01 00:00:00+00:00
[2025-05-07T19:19:59.507+0000] {logging_mixin.py:188} INFO - [2025-05-07T19:19:59.507+0000] {dag.py:3823} INFO - Setting next_dagrun for example_subdag_operator.section-1 to None, run_after=None
[2025-05-07T19:19:59.514+0000] {logging_mixin.py:188} INFO - [2025-05-07T19:19:59.514+0000] {dag.py:3823} INFO - Setting next_dagrun for example_subdag_operator.section-2 to None, run_after=None
[2025-05-07T19:19:59.525+0000] {logging_mixin.py:188} INFO - [2025-05-07T19:19:59.525+0000] {dag.py:3036} INFO - Sync 2 DAGs
[2025-05-07T19:19:59.530+0000] {logging_mixin.py:188} INFO - [2025-05-07T19:19:59.530+0000] {dag.py:3823} INFO - Setting next_dagrun for example_subdag_operator.section-1 to None, run_after=None
[2025-05-07T19:19:59.531+0000] {logging_mixin.py:188} INFO - [2025-05-07T19:19:59.531+0000] {dag.py:3823} INFO - Setting next_dagrun for example_subdag_operator.section-2 to None, run_after=None
[2025-05-07T19:19:59.545+0000] {processor.py:183} INFO - Processing /home/airflow/.local/lib/python3.8/site-packages/airflow/example_dags/example_subdag_operator.py took 0.114 seconds
[2025-05-07T19:20:29.678+0000] {processor.py:161} INFO - Started process (PID=1759) to work on /home/airflow/.local/lib/python3.8/site-packages/airflow/example_dags/example_subdag_operator.py
[2025-05-07T19:20:29.680+0000] {processor.py:830} INFO - Processing file /home/airflow/.local/lib/python3.8/site-packages/airflow/example_dags/example_subdag_operator.py for tasks to queue
[2025-05-07T19:20:29.683+0000] {logging_mixin.py:188} INFO - [2025-05-07T19:20:29.682+0000] {dagbag.py:538} INFO - Filling up the DagBag from /home/airflow/.local/lib/python3.8/site-packages/airflow/example_dags/example_subdag_operator.py
[2025-05-07T19:20:29.722+0000] {processor.py:840} INFO - DAG(s) 'example_subdag_operator.section-1', 'example_subdag_operator.section-2', 'example_subdag_operator' retrieved from /home/airflow/.local/lib/python3.8/site-packages/airflow/example_dags/example_subdag_operator.py
[2025-05-07T19:20:29.746+0000] {logging_mixin.py:188} INFO - [2025-05-07T19:20:29.746+0000] {dag.py:3036} INFO - Sync 3 DAGs
[2025-05-07T19:20:29.774+0000] {logging_mixin.py:188} INFO - [2025-05-07T19:20:29.773+0000] {dag.py:3823} INFO - Setting next_dagrun for example_subdag_operator to 2022-01-01 00:00:00+00:00, run_after=2022-01-01 00:00:00+00:00
[2025-05-07T19:20:29.778+0000] {logging_mixin.py:188} INFO - [2025-05-07T19:20:29.778+0000] {dag.py:3823} INFO - Setting next_dagrun for example_subdag_operator.section-1 to None, run_after=None
[2025-05-07T19:20:29.780+0000] {logging_mixin.py:188} INFO - [2025-05-07T19:20:29.780+0000] {dag.py:3823} INFO - Setting next_dagrun for example_subdag_operator.section-2 to None, run_after=None
[2025-05-07T19:20:29.790+0000] {logging_mixin.py:188} INFO - [2025-05-07T19:20:29.790+0000] {dag.py:3036} INFO - Sync 2 DAGs
[2025-05-07T19:20:29.798+0000] {logging_mixin.py:188} INFO - [2025-05-07T19:20:29.797+0000] {dag.py:3823} INFO - Setting next_dagrun for example_subdag_operator.section-1 to None, run_after=None
[2025-05-07T19:20:29.799+0000] {logging_mixin.py:188} INFO - [2025-05-07T19:20:29.799+0000] {dag.py:3823} INFO - Setting next_dagrun for example_subdag_operator.section-2 to None, run_after=None
[2025-05-07T19:20:29.823+0000] {processor.py:183} INFO - Processing /home/airflow/.local/lib/python3.8/site-packages/airflow/example_dags/example_subdag_operator.py took 0.150 seconds
[2025-05-07T19:21:00.107+0000] {processor.py:161} INFO - Started process (PID=1814) to work on /home/airflow/.local/lib/python3.8/site-packages/airflow/example_dags/example_subdag_operator.py
[2025-05-07T19:21:00.109+0000] {processor.py:830} INFO - Processing file /home/airflow/.local/lib/python3.8/site-packages/airflow/example_dags/example_subdag_operator.py for tasks to queue
[2025-05-07T19:21:00.111+0000] {logging_mixin.py:188} INFO - [2025-05-07T19:21:00.110+0000] {dagbag.py:538} INFO - Filling up the DagBag from /home/airflow/.local/lib/python3.8/site-packages/airflow/example_dags/example_subdag_operator.py
[2025-05-07T19:21:00.133+0000] {processor.py:840} INFO - DAG(s) 'example_subdag_operator.section-1', 'example_subdag_operator.section-2', 'example_subdag_operator' retrieved from /home/airflow/.local/lib/python3.8/site-packages/airflow/example_dags/example_subdag_operator.py
[2025-05-07T19:21:00.149+0000] {logging_mixin.py:188} INFO - [2025-05-07T19:21:00.148+0000] {dag.py:3036} INFO - Sync 3 DAGs
[2025-05-07T19:21:00.169+0000] {logging_mixin.py:188} INFO - [2025-05-07T19:21:00.168+0000] {dag.py:3823} INFO - Setting next_dagrun for example_subdag_operator to 2022-01-01 00:00:00+00:00, run_after=2022-01-01 00:00:00+00:00
[2025-05-07T19:21:00.172+0000] {logging_mixin.py:188} INFO - [2025-05-07T19:21:00.172+0000] {dag.py:3823} INFO - Setting next_dagrun for example_subdag_operator.section-1 to None, run_after=None
[2025-05-07T19:21:00.174+0000] {logging_mixin.py:188} INFO - [2025-05-07T19:21:00.174+0000] {dag.py:3823} INFO - Setting next_dagrun for example_subdag_operator.section-2 to None, run_after=None
[2025-05-07T19:21:00.181+0000] {logging_mixin.py:188} INFO - [2025-05-07T19:21:00.181+0000] {dag.py:3036} INFO - Sync 2 DAGs
[2025-05-07T19:21:00.186+0000] {logging_mixin.py:188} INFO - [2025-05-07T19:21:00.186+0000] {dag.py:3823} INFO - Setting next_dagrun for example_subdag_operator.section-1 to None, run_after=None
[2025-05-07T19:21:00.187+0000] {logging_mixin.py:188} INFO - [2025-05-07T19:21:00.187+0000] {dag.py:3823} INFO - Setting next_dagrun for example_subdag_operator.section-2 to None, run_after=None
[2025-05-07T19:21:00.203+0000] {processor.py:183} INFO - Processing /home/airflow/.local/lib/python3.8/site-packages/airflow/example_dags/example_subdag_operator.py took 0.099 seconds
[2025-05-07T19:22:02.710+0000] {processor.py:161} INFO - Started process (PID=79) to work on /home/airflow/.local/lib/python3.8/site-packages/airflow/example_dags/example_subdag_operator.py
[2025-05-07T19:22:02.712+0000] {processor.py:830} INFO - Processing file /home/airflow/.local/lib/python3.8/site-packages/airflow/example_dags/example_subdag_operator.py for tasks to queue
[2025-05-07T19:22:02.716+0000] {logging_mixin.py:188} INFO - [2025-05-07T19:22:02.715+0000] {dagbag.py:538} INFO - Filling up the DagBag from /home/airflow/.local/lib/python3.8/site-packages/airflow/example_dags/example_subdag_operator.py
[2025-05-07T19:22:02.746+0000] {processor.py:840} INFO - DAG(s) 'example_subdag_operator.section-1', 'example_subdag_operator.section-2', 'example_subdag_operator' retrieved from /home/airflow/.local/lib/python3.8/site-packages/airflow/example_dags/example_subdag_operator.py
[2025-05-07T19:22:02.752+0000] {logging_mixin.py:188} INFO - [2025-05-07T19:22:02.751+0000] {dag.py:3036} INFO - Sync 3 DAGs
[2025-05-07T19:22:02.780+0000] {logging_mixin.py:188} INFO - [2025-05-07T19:22:02.780+0000] {dag.py:3823} INFO - Setting next_dagrun for example_subdag_operator to 2022-01-01 00:00:00+00:00, run_after=2022-01-01 00:00:00+00:00
[2025-05-07T19:22:02.785+0000] {logging_mixin.py:188} INFO - [2025-05-07T19:22:02.785+0000] {dag.py:3823} INFO - Setting next_dagrun for example_subdag_operator.section-1 to None, run_after=None
[2025-05-07T19:22:02.787+0000] {logging_mixin.py:188} INFO - [2025-05-07T19:22:02.787+0000] {dag.py:3823} INFO - Setting next_dagrun for example_subdag_operator.section-2 to None, run_after=None
[2025-05-07T19:22:02.798+0000] {logging_mixin.py:188} INFO - [2025-05-07T19:22:02.798+0000] {dag.py:3036} INFO - Sync 2 DAGs
[2025-05-07T19:22:02.804+0000] {logging_mixin.py:188} INFO - [2025-05-07T19:22:02.804+0000] {dag.py:3823} INFO - Setting next_dagrun for example_subdag_operator.section-1 to None, run_after=None
[2025-05-07T19:22:02.805+0000] {logging_mixin.py:188} INFO - [2025-05-07T19:22:02.805+0000] {dag.py:3823} INFO - Setting next_dagrun for example_subdag_operator.section-2 to None, run_after=None
[2025-05-07T19:22:02.822+0000] {processor.py:183} INFO - Processing /home/airflow/.local/lib/python3.8/site-packages/airflow/example_dags/example_subdag_operator.py took 0.116 seconds
[2025-05-07T19:22:33.503+0000] {processor.py:161} INFO - Started process (PID=136) to work on /home/airflow/.local/lib/python3.8/site-packages/airflow/example_dags/example_subdag_operator.py
[2025-05-07T19:22:33.505+0000] {processor.py:830} INFO - Processing file /home/airflow/.local/lib/python3.8/site-packages/airflow/example_dags/example_subdag_operator.py for tasks to queue
[2025-05-07T19:22:33.508+0000] {logging_mixin.py:188} INFO - [2025-05-07T19:22:33.508+0000] {dagbag.py:538} INFO - Filling up the DagBag from /home/airflow/.local/lib/python3.8/site-packages/airflow/example_dags/example_subdag_operator.py
[2025-05-07T19:22:33.538+0000] {processor.py:840} INFO - DAG(s) 'example_subdag_operator.section-1', 'example_subdag_operator.section-2', 'example_subdag_operator' retrieved from /home/airflow/.local/lib/python3.8/site-packages/airflow/example_dags/example_subdag_operator.py
[2025-05-07T19:22:33.651+0000] {logging_mixin.py:188} INFO - [2025-05-07T19:22:33.650+0000] {dag.py:3036} INFO - Sync 3 DAGs
[2025-05-07T19:22:33.673+0000] {logging_mixin.py:188} INFO - [2025-05-07T19:22:33.673+0000] {dag.py:3823} INFO - Setting next_dagrun for example_subdag_operator to 2022-01-01 00:00:00+00:00, run_after=2022-01-01 00:00:00+00:00
[2025-05-07T19:22:33.677+0000] {logging_mixin.py:188} INFO - [2025-05-07T19:22:33.676+0000] {dag.py:3823} INFO - Setting next_dagrun for example_subdag_operator.section-1 to None, run_after=None
[2025-05-07T19:22:33.679+0000] {logging_mixin.py:188} INFO - [2025-05-07T19:22:33.679+0000] {dag.py:3823} INFO - Setting next_dagrun for example_subdag_operator.section-2 to None, run_after=None
[2025-05-07T19:22:33.689+0000] {logging_mixin.py:188} INFO - [2025-05-07T19:22:33.688+0000] {dag.py:3036} INFO - Sync 2 DAGs
[2025-05-07T19:22:33.696+0000] {logging_mixin.py:188} INFO - [2025-05-07T19:22:33.696+0000] {dag.py:3823} INFO - Setting next_dagrun for example_subdag_operator.section-1 to None, run_after=None
[2025-05-07T19:22:33.697+0000] {logging_mixin.py:188} INFO - [2025-05-07T19:22:33.697+0000] {dag.py:3823} INFO - Setting next_dagrun for example_subdag_operator.section-2 to None, run_after=None
[2025-05-07T19:22:33.712+0000] {processor.py:183} INFO - Processing /home/airflow/.local/lib/python3.8/site-packages/airflow/example_dags/example_subdag_operator.py took 0.212 seconds
[2025-05-07T19:23:04.225+0000] {processor.py:161} INFO - Started process (PID=193) to work on /home/airflow/.local/lib/python3.8/site-packages/airflow/example_dags/example_subdag_operator.py
[2025-05-07T19:23:04.227+0000] {processor.py:830} INFO - Processing file /home/airflow/.local/lib/python3.8/site-packages/airflow/example_dags/example_subdag_operator.py for tasks to queue
[2025-05-07T19:23:04.229+0000] {logging_mixin.py:188} INFO - [2025-05-07T19:23:04.229+0000] {dagbag.py:538} INFO - Filling up the DagBag from /home/airflow/.local/lib/python3.8/site-packages/airflow/example_dags/example_subdag_operator.py
[2025-05-07T19:23:04.261+0000] {processor.py:840} INFO - DAG(s) 'example_subdag_operator.section-1', 'example_subdag_operator.section-2', 'example_subdag_operator' retrieved from /home/airflow/.local/lib/python3.8/site-packages/airflow/example_dags/example_subdag_operator.py
[2025-05-07T19:23:04.280+0000] {logging_mixin.py:188} INFO - [2025-05-07T19:23:04.280+0000] {dag.py:3036} INFO - Sync 3 DAGs
[2025-05-07T19:23:04.305+0000] {logging_mixin.py:188} INFO - [2025-05-07T19:23:04.305+0000] {dag.py:3823} INFO - Setting next_dagrun for example_subdag_operator to 2022-01-01 00:00:00+00:00, run_after=2022-01-01 00:00:00+00:00
[2025-05-07T19:23:04.309+0000] {logging_mixin.py:188} INFO - [2025-05-07T19:23:04.309+0000] {dag.py:3823} INFO - Setting next_dagrun for example_subdag_operator.section-1 to None, run_after=None
[2025-05-07T19:23:04.312+0000] {logging_mixin.py:188} INFO - [2025-05-07T19:23:04.312+0000] {dag.py:3823} INFO - Setting next_dagrun for example_subdag_operator.section-2 to None, run_after=None
[2025-05-07T19:23:04.320+0000] {logging_mixin.py:188} INFO - [2025-05-07T19:23:04.320+0000] {dag.py:3036} INFO - Sync 2 DAGs
[2025-05-07T19:23:04.326+0000] {logging_mixin.py:188} INFO - [2025-05-07T19:23:04.326+0000] {dag.py:3823} INFO - Setting next_dagrun for example_subdag_operator.section-1 to None, run_after=None
[2025-05-07T19:23:04.327+0000] {logging_mixin.py:188} INFO - [2025-05-07T19:23:04.327+0000] {dag.py:3823} INFO - Setting next_dagrun for example_subdag_operator.section-2 to None, run_after=None
[2025-05-07T19:23:04.342+0000] {processor.py:183} INFO - Processing /home/airflow/.local/lib/python3.8/site-packages/airflow/example_dags/example_subdag_operator.py took 0.121 seconds
[2025-05-07T19:23:34.648+0000] {processor.py:161} INFO - Started process (PID=253) to work on /home/airflow/.local/lib/python3.8/site-packages/airflow/example_dags/example_subdag_operator.py
[2025-05-07T19:23:34.650+0000] {processor.py:830} INFO - Processing file /home/airflow/.local/lib/python3.8/site-packages/airflow/example_dags/example_subdag_operator.py for tasks to queue
[2025-05-07T19:23:34.652+0000] {logging_mixin.py:188} INFO - [2025-05-07T19:23:34.652+0000] {dagbag.py:538} INFO - Filling up the DagBag from /home/airflow/.local/lib/python3.8/site-packages/airflow/example_dags/example_subdag_operator.py
[2025-05-07T19:23:34.680+0000] {processor.py:840} INFO - DAG(s) 'example_subdag_operator.section-1', 'example_subdag_operator.section-2', 'example_subdag_operator' retrieved from /home/airflow/.local/lib/python3.8/site-packages/airflow/example_dags/example_subdag_operator.py
[2025-05-07T19:23:34.696+0000] {logging_mixin.py:188} INFO - [2025-05-07T19:23:34.696+0000] {dag.py:3036} INFO - Sync 3 DAGs
[2025-05-07T19:23:34.716+0000] {logging_mixin.py:188} INFO - [2025-05-07T19:23:34.716+0000] {dag.py:3823} INFO - Setting next_dagrun for example_subdag_operator to 2022-01-01 00:00:00+00:00, run_after=2022-01-01 00:00:00+00:00
[2025-05-07T19:23:34.720+0000] {logging_mixin.py:188} INFO - [2025-05-07T19:23:34.720+0000] {dag.py:3823} INFO - Setting next_dagrun for example_subdag_operator.section-1 to None, run_after=None
[2025-05-07T19:23:34.722+0000] {logging_mixin.py:188} INFO - [2025-05-07T19:23:34.722+0000] {dag.py:3823} INFO - Setting next_dagrun for example_subdag_operator.section-2 to None, run_after=None
[2025-05-07T19:23:34.730+0000] {logging_mixin.py:188} INFO - [2025-05-07T19:23:34.729+0000] {dag.py:3036} INFO - Sync 2 DAGs
[2025-05-07T19:23:34.736+0000] {logging_mixin.py:188} INFO - [2025-05-07T19:23:34.735+0000] {dag.py:3823} INFO - Setting next_dagrun for example_subdag_operator.section-1 to None, run_after=None
[2025-05-07T19:23:34.737+0000] {logging_mixin.py:188} INFO - [2025-05-07T19:23:34.737+0000] {dag.py:3823} INFO - Setting next_dagrun for example_subdag_operator.section-2 to None, run_after=None
[2025-05-07T19:23:34.756+0000] {processor.py:183} INFO - Processing /home/airflow/.local/lib/python3.8/site-packages/airflow/example_dags/example_subdag_operator.py took 0.111 seconds
[2025-05-07T19:24:05.245+0000] {processor.py:161} INFO - Started process (PID=312) to work on /home/airflow/.local/lib/python3.8/site-packages/airflow/example_dags/example_subdag_operator.py
[2025-05-07T19:24:05.253+0000] {processor.py:830} INFO - Processing file /home/airflow/.local/lib/python3.8/site-packages/airflow/example_dags/example_subdag_operator.py for tasks to queue
[2025-05-07T19:24:05.261+0000] {logging_mixin.py:188} INFO - [2025-05-07T19:24:05.261+0000] {dagbag.py:538} INFO - Filling up the DagBag from /home/airflow/.local/lib/python3.8/site-packages/airflow/example_dags/example_subdag_operator.py
[2025-05-07T19:24:05.291+0000] {processor.py:840} INFO - DAG(s) 'example_subdag_operator.section-1', 'example_subdag_operator.section-2', 'example_subdag_operator' retrieved from /home/airflow/.local/lib/python3.8/site-packages/airflow/example_dags/example_subdag_operator.py
[2025-05-07T19:24:05.315+0000] {logging_mixin.py:188} INFO - [2025-05-07T19:24:05.315+0000] {dag.py:3036} INFO - Sync 3 DAGs
[2025-05-07T19:24:05.348+0000] {logging_mixin.py:188} INFO - [2025-05-07T19:24:05.347+0000] {dag.py:3823} INFO - Setting next_dagrun for example_subdag_operator to 2022-01-01 00:00:00+00:00, run_after=2022-01-01 00:00:00+00:00
[2025-05-07T19:24:05.352+0000] {logging_mixin.py:188} INFO - [2025-05-07T19:24:05.352+0000] {dag.py:3823} INFO - Setting next_dagrun for example_subdag_operator.section-1 to None, run_after=None
[2025-05-07T19:24:05.355+0000] {logging_mixin.py:188} INFO - [2025-05-07T19:24:05.354+0000] {dag.py:3823} INFO - Setting next_dagrun for example_subdag_operator.section-2 to None, run_after=None
[2025-05-07T19:24:05.363+0000] {logging_mixin.py:188} INFO - [2025-05-07T19:24:05.363+0000] {dag.py:3036} INFO - Sync 2 DAGs
[2025-05-07T19:24:05.370+0000] {logging_mixin.py:188} INFO - [2025-05-07T19:24:05.370+0000] {dag.py:3823} INFO - Setting next_dagrun for example_subdag_operator.section-1 to None, run_after=None
[2025-05-07T19:24:05.371+0000] {logging_mixin.py:188} INFO - [2025-05-07T19:24:05.371+0000] {dag.py:3823} INFO - Setting next_dagrun for example_subdag_operator.section-2 to None, run_after=None
[2025-05-07T19:24:05.386+0000] {processor.py:183} INFO - Processing /home/airflow/.local/lib/python3.8/site-packages/airflow/example_dags/example_subdag_operator.py took 0.145 seconds
[2025-05-07T19:24:35.858+0000] {processor.py:161} INFO - Started process (PID=381) to work on /home/airflow/.local/lib/python3.8/site-packages/airflow/example_dags/example_subdag_operator.py
[2025-05-07T19:24:35.860+0000] {processor.py:830} INFO - Processing file /home/airflow/.local/lib/python3.8/site-packages/airflow/example_dags/example_subdag_operator.py for tasks to queue
[2025-05-07T19:24:35.863+0000] {logging_mixin.py:188} INFO - [2025-05-07T19:24:35.863+0000] {dagbag.py:538} INFO - Filling up the DagBag from /home/airflow/.local/lib/python3.8/site-packages/airflow/example_dags/example_subdag_operator.py
[2025-05-07T19:24:35.889+0000] {processor.py:840} INFO - DAG(s) 'example_subdag_operator.section-1', 'example_subdag_operator.section-2', 'example_subdag_operator' retrieved from /home/airflow/.local/lib/python3.8/site-packages/airflow/example_dags/example_subdag_operator.py
[2025-05-07T19:24:35.910+0000] {logging_mixin.py:188} INFO - [2025-05-07T19:24:35.910+0000] {dag.py:3036} INFO - Sync 3 DAGs
[2025-05-07T19:24:35.934+0000] {logging_mixin.py:188} INFO - [2025-05-07T19:24:35.934+0000] {dag.py:3823} INFO - Setting next_dagrun for example_subdag_operator to 2022-01-01 00:00:00+00:00, run_after=2022-01-01 00:00:00+00:00
[2025-05-07T19:24:35.939+0000] {logging_mixin.py:188} INFO - [2025-05-07T19:24:35.939+0000] {dag.py:3823} INFO - Setting next_dagrun for example_subdag_operator.section-1 to None, run_after=None
[2025-05-07T19:24:35.941+0000] {logging_mixin.py:188} INFO - [2025-05-07T19:24:35.941+0000] {dag.py:3823} INFO - Setting next_dagrun for example_subdag_operator.section-2 to None, run_after=None
[2025-05-07T19:24:35.949+0000] {logging_mixin.py:188} INFO - [2025-05-07T19:24:35.949+0000] {dag.py:3036} INFO - Sync 2 DAGs
[2025-05-07T19:24:35.955+0000] {logging_mixin.py:188} INFO - [2025-05-07T19:24:35.954+0000] {dag.py:3823} INFO - Setting next_dagrun for example_subdag_operator.section-1 to None, run_after=None
[2025-05-07T19:24:35.956+0000] {logging_mixin.py:188} INFO - [2025-05-07T19:24:35.956+0000] {dag.py:3823} INFO - Setting next_dagrun for example_subdag_operator.section-2 to None, run_after=None
[2025-05-07T19:24:35.969+0000] {processor.py:183} INFO - Processing /home/airflow/.local/lib/python3.8/site-packages/airflow/example_dags/example_subdag_operator.py took 0.114 seconds
[2025-05-07T19:25:06.438+0000] {processor.py:161} INFO - Started process (PID=438) to work on /home/airflow/.local/lib/python3.8/site-packages/airflow/example_dags/example_subdag_operator.py
[2025-05-07T19:25:06.439+0000] {processor.py:830} INFO - Processing file /home/airflow/.local/lib/python3.8/site-packages/airflow/example_dags/example_subdag_operator.py for tasks to queue
[2025-05-07T19:25:06.442+0000] {logging_mixin.py:188} INFO - [2025-05-07T19:25:06.442+0000] {dagbag.py:538} INFO - Filling up the DagBag from /home/airflow/.local/lib/python3.8/site-packages/airflow/example_dags/example_subdag_operator.py
[2025-05-07T19:25:06.465+0000] {processor.py:840} INFO - DAG(s) 'example_subdag_operator.section-1', 'example_subdag_operator.section-2', 'example_subdag_operator' retrieved from /home/airflow/.local/lib/python3.8/site-packages/airflow/example_dags/example_subdag_operator.py
[2025-05-07T19:25:06.482+0000] {logging_mixin.py:188} INFO - [2025-05-07T19:25:06.482+0000] {dag.py:3036} INFO - Sync 3 DAGs
[2025-05-07T19:25:06.504+0000] {logging_mixin.py:188} INFO - [2025-05-07T19:25:06.503+0000] {dag.py:3823} INFO - Setting next_dagrun for example_subdag_operator to 2022-01-01 00:00:00+00:00, run_after=2022-01-01 00:00:00+00:00
[2025-05-07T19:25:06.510+0000] {logging_mixin.py:188} INFO - [2025-05-07T19:25:06.510+0000] {dag.py:3823} INFO - Setting next_dagrun for example_subdag_operator.section-1 to None, run_after=None
[2025-05-07T19:25:06.516+0000] {logging_mixin.py:188} INFO - [2025-05-07T19:25:06.515+0000] {dag.py:3823} INFO - Setting next_dagrun for example_subdag_operator.section-2 to None, run_after=None
[2025-05-07T19:25:06.526+0000] {logging_mixin.py:188} INFO - [2025-05-07T19:25:06.526+0000] {dag.py:3036} INFO - Sync 2 DAGs
[2025-05-07T19:25:06.533+0000] {logging_mixin.py:188} INFO - [2025-05-07T19:25:06.533+0000] {dag.py:3823} INFO - Setting next_dagrun for example_subdag_operator.section-1 to None, run_after=None
[2025-05-07T19:25:06.534+0000] {logging_mixin.py:188} INFO - [2025-05-07T19:25:06.534+0000] {dag.py:3823} INFO - Setting next_dagrun for example_subdag_operator.section-2 to None, run_after=None
[2025-05-07T19:25:06.548+0000] {processor.py:183} INFO - Processing /home/airflow/.local/lib/python3.8/site-packages/airflow/example_dags/example_subdag_operator.py took 0.113 seconds
[2025-05-07T19:25:37.432+0000] {processor.py:161} INFO - Started process (PID=495) to work on /home/airflow/.local/lib/python3.8/site-packages/airflow/example_dags/example_subdag_operator.py
[2025-05-07T19:25:37.440+0000] {processor.py:830} INFO - Processing file /home/airflow/.local/lib/python3.8/site-packages/airflow/example_dags/example_subdag_operator.py for tasks to queue
[2025-05-07T19:25:37.444+0000] {logging_mixin.py:188} INFO - [2025-05-07T19:25:37.443+0000] {dagbag.py:538} INFO - Filling up the DagBag from /home/airflow/.local/lib/python3.8/site-packages/airflow/example_dags/example_subdag_operator.py
[2025-05-07T19:25:37.468+0000] {processor.py:840} INFO - DAG(s) 'example_subdag_operator.section-1', 'example_subdag_operator.section-2', 'example_subdag_operator' retrieved from /home/airflow/.local/lib/python3.8/site-packages/airflow/example_dags/example_subdag_operator.py
[2025-05-07T19:25:37.483+0000] {logging_mixin.py:188} INFO - [2025-05-07T19:25:37.483+0000] {dag.py:3036} INFO - Sync 3 DAGs
[2025-05-07T19:25:37.502+0000] {logging_mixin.py:188} INFO - [2025-05-07T19:25:37.501+0000] {dag.py:3823} INFO - Setting next_dagrun for example_subdag_operator to 2022-01-01 00:00:00+00:00, run_after=2022-01-01 00:00:00+00:00
[2025-05-07T19:25:37.505+0000] {logging_mixin.py:188} INFO - [2025-05-07T19:25:37.505+0000] {dag.py:3823} INFO - Setting next_dagrun for example_subdag_operator.section-1 to None, run_after=None
[2025-05-07T19:25:37.506+0000] {logging_mixin.py:188} INFO - [2025-05-07T19:25:37.506+0000] {dag.py:3823} INFO - Setting next_dagrun for example_subdag_operator.section-2 to None, run_after=None
[2025-05-07T19:25:37.513+0000] {logging_mixin.py:188} INFO - [2025-05-07T19:25:37.513+0000] {dag.py:3036} INFO - Sync 2 DAGs
[2025-05-07T19:25:37.518+0000] {logging_mixin.py:188} INFO - [2025-05-07T19:25:37.518+0000] {dag.py:3823} INFO - Setting next_dagrun for example_subdag_operator.section-1 to None, run_after=None
[2025-05-07T19:25:37.519+0000] {logging_mixin.py:188} INFO - [2025-05-07T19:25:37.519+0000] {dag.py:3823} INFO - Setting next_dagrun for example_subdag_operator.section-2 to None, run_after=None
[2025-05-07T19:25:37.533+0000] {processor.py:183} INFO - Processing /home/airflow/.local/lib/python3.8/site-packages/airflow/example_dags/example_subdag_operator.py took 0.106 seconds
[2025-05-07T19:26:07.573+0000] {processor.py:161} INFO - Started process (PID=556) to work on /home/airflow/.local/lib/python3.8/site-packages/airflow/example_dags/example_subdag_operator.py
[2025-05-07T19:26:07.575+0000] {processor.py:830} INFO - Processing file /home/airflow/.local/lib/python3.8/site-packages/airflow/example_dags/example_subdag_operator.py for tasks to queue
[2025-05-07T19:26:07.578+0000] {logging_mixin.py:188} INFO - [2025-05-07T19:26:07.578+0000] {dagbag.py:538} INFO - Filling up the DagBag from /home/airflow/.local/lib/python3.8/site-packages/airflow/example_dags/example_subdag_operator.py
[2025-05-07T19:26:07.607+0000] {processor.py:840} INFO - DAG(s) 'example_subdag_operator.section-1', 'example_subdag_operator.section-2', 'example_subdag_operator' retrieved from /home/airflow/.local/lib/python3.8/site-packages/airflow/example_dags/example_subdag_operator.py
[2025-05-07T19:26:07.630+0000] {logging_mixin.py:188} INFO - [2025-05-07T19:26:07.629+0000] {dag.py:3036} INFO - Sync 3 DAGs
[2025-05-07T19:26:07.654+0000] {logging_mixin.py:188} INFO - [2025-05-07T19:26:07.653+0000] {dag.py:3823} INFO - Setting next_dagrun for example_subdag_operator to 2022-01-01 00:00:00+00:00, run_after=2022-01-01 00:00:00+00:00
[2025-05-07T19:26:07.659+0000] {logging_mixin.py:188} INFO - [2025-05-07T19:26:07.659+0000] {dag.py:3823} INFO - Setting next_dagrun for example_subdag_operator.section-1 to None, run_after=None
[2025-05-07T19:26:07.661+0000] {logging_mixin.py:188} INFO - [2025-05-07T19:26:07.661+0000] {dag.py:3823} INFO - Setting next_dagrun for example_subdag_operator.section-2 to None, run_after=None
[2025-05-07T19:26:07.671+0000] {logging_mixin.py:188} INFO - [2025-05-07T19:26:07.670+0000] {dag.py:3036} INFO - Sync 2 DAGs
[2025-05-07T19:26:07.677+0000] {logging_mixin.py:188} INFO - [2025-05-07T19:26:07.676+0000] {dag.py:3823} INFO - Setting next_dagrun for example_subdag_operator.section-1 to None, run_after=None
[2025-05-07T19:26:07.678+0000] {logging_mixin.py:188} INFO - [2025-05-07T19:26:07.678+0000] {dag.py:3823} INFO - Setting next_dagrun for example_subdag_operator.section-2 to None, run_after=None
[2025-05-07T19:26:07.693+0000] {processor.py:183} INFO - Processing /home/airflow/.local/lib/python3.8/site-packages/airflow/example_dags/example_subdag_operator.py took 0.124 seconds
[2025-05-07T19:26:38.209+0000] {processor.py:161} INFO - Started process (PID=619) to work on /home/airflow/.local/lib/python3.8/site-packages/airflow/example_dags/example_subdag_operator.py
[2025-05-07T19:26:38.211+0000] {processor.py:830} INFO - Processing file /home/airflow/.local/lib/python3.8/site-packages/airflow/example_dags/example_subdag_operator.py for tasks to queue
[2025-05-07T19:26:38.214+0000] {logging_mixin.py:188} INFO - [2025-05-07T19:26:38.214+0000] {dagbag.py:538} INFO - Filling up the DagBag from /home/airflow/.local/lib/python3.8/site-packages/airflow/example_dags/example_subdag_operator.py
[2025-05-07T19:26:38.241+0000] {processor.py:840} INFO - DAG(s) 'example_subdag_operator.section-1', 'example_subdag_operator.section-2', 'example_subdag_operator' retrieved from /home/airflow/.local/lib/python3.8/site-packages/airflow/example_dags/example_subdag_operator.py
[2025-05-07T19:26:38.259+0000] {logging_mixin.py:188} INFO - [2025-05-07T19:26:38.259+0000] {dag.py:3036} INFO - Sync 3 DAGs
[2025-05-07T19:26:38.280+0000] {logging_mixin.py:188} INFO - [2025-05-07T19:26:38.280+0000] {dag.py:3823} INFO - Setting next_dagrun for example_subdag_operator to 2022-01-01 00:00:00+00:00, run_after=2022-01-01 00:00:00+00:00
[2025-05-07T19:26:38.284+0000] {logging_mixin.py:188} INFO - [2025-05-07T19:26:38.283+0000] {dag.py:3823} INFO - Setting next_dagrun for example_subdag_operator.section-1 to None, run_after=None
[2025-05-07T19:26:38.285+0000] {logging_mixin.py:188} INFO - [2025-05-07T19:26:38.285+0000] {dag.py:3823} INFO - Setting next_dagrun for example_subdag_operator.section-2 to None, run_after=None
[2025-05-07T19:26:38.292+0000] {logging_mixin.py:188} INFO - [2025-05-07T19:26:38.292+0000] {dag.py:3036} INFO - Sync 2 DAGs
[2025-05-07T19:26:38.297+0000] {logging_mixin.py:188} INFO - [2025-05-07T19:26:38.297+0000] {dag.py:3823} INFO - Setting next_dagrun for example_subdag_operator.section-1 to None, run_after=None
[2025-05-07T19:26:38.298+0000] {logging_mixin.py:188} INFO - [2025-05-07T19:26:38.298+0000] {dag.py:3823} INFO - Setting next_dagrun for example_subdag_operator.section-2 to None, run_after=None
[2025-05-07T19:26:38.311+0000] {processor.py:183} INFO - Processing /home/airflow/.local/lib/python3.8/site-packages/airflow/example_dags/example_subdag_operator.py took 0.106 seconds
[2025-05-07T19:27:08.967+0000] {processor.py:161} INFO - Started process (PID=678) to work on /home/airflow/.local/lib/python3.8/site-packages/airflow/example_dags/example_subdag_operator.py
[2025-05-07T19:27:08.968+0000] {processor.py:830} INFO - Processing file /home/airflow/.local/lib/python3.8/site-packages/airflow/example_dags/example_subdag_operator.py for tasks to queue
[2025-05-07T19:27:08.972+0000] {logging_mixin.py:188} INFO - [2025-05-07T19:27:08.971+0000] {dagbag.py:538} INFO - Filling up the DagBag from /home/airflow/.local/lib/python3.8/site-packages/airflow/example_dags/example_subdag_operator.py
[2025-05-07T19:27:09.003+0000] {processor.py:840} INFO - DAG(s) 'example_subdag_operator.section-1', 'example_subdag_operator.section-2', 'example_subdag_operator' retrieved from /home/airflow/.local/lib/python3.8/site-packages/airflow/example_dags/example_subdag_operator.py
[2025-05-07T19:27:09.018+0000] {logging_mixin.py:188} INFO - [2025-05-07T19:27:09.018+0000] {dag.py:3036} INFO - Sync 3 DAGs
[2025-05-07T19:27:09.038+0000] {logging_mixin.py:188} INFO - [2025-05-07T19:27:09.038+0000] {dag.py:3823} INFO - Setting next_dagrun for example_subdag_operator to 2022-01-01 00:00:00+00:00, run_after=2022-01-01 00:00:00+00:00
[2025-05-07T19:27:09.042+0000] {logging_mixin.py:188} INFO - [2025-05-07T19:27:09.042+0000] {dag.py:3823} INFO - Setting next_dagrun for example_subdag_operator.section-1 to None, run_after=None
[2025-05-07T19:27:09.044+0000] {logging_mixin.py:188} INFO - [2025-05-07T19:27:09.044+0000] {dag.py:3823} INFO - Setting next_dagrun for example_subdag_operator.section-2 to None, run_after=None
[2025-05-07T19:27:09.052+0000] {logging_mixin.py:188} INFO - [2025-05-07T19:27:09.052+0000] {dag.py:3036} INFO - Sync 2 DAGs
[2025-05-07T19:27:09.059+0000] {logging_mixin.py:188} INFO - [2025-05-07T19:27:09.059+0000] {dag.py:3823} INFO - Setting next_dagrun for example_subdag_operator.section-1 to None, run_after=None
[2025-05-07T19:27:09.060+0000] {logging_mixin.py:188} INFO - [2025-05-07T19:27:09.060+0000] {dag.py:3823} INFO - Setting next_dagrun for example_subdag_operator.section-2 to None, run_after=None
[2025-05-07T19:27:09.074+0000] {processor.py:183} INFO - Processing /home/airflow/.local/lib/python3.8/site-packages/airflow/example_dags/example_subdag_operator.py took 0.112 seconds
[2025-05-07T19:27:39.835+0000] {processor.py:161} INFO - Started process (PID=735) to work on /home/airflow/.local/lib/python3.8/site-packages/airflow/example_dags/example_subdag_operator.py
[2025-05-07T19:27:39.837+0000] {processor.py:830} INFO - Processing file /home/airflow/.local/lib/python3.8/site-packages/airflow/example_dags/example_subdag_operator.py for tasks to queue
[2025-05-07T19:27:39.839+0000] {logging_mixin.py:188} INFO - [2025-05-07T19:27:39.839+0000] {dagbag.py:538} INFO - Filling up the DagBag from /home/airflow/.local/lib/python3.8/site-packages/airflow/example_dags/example_subdag_operator.py
[2025-05-07T19:27:39.872+0000] {processor.py:840} INFO - DAG(s) 'example_subdag_operator.section-1', 'example_subdag_operator.section-2', 'example_subdag_operator' retrieved from /home/airflow/.local/lib/python3.8/site-packages/airflow/example_dags/example_subdag_operator.py
[2025-05-07T19:27:39.896+0000] {logging_mixin.py:188} INFO - [2025-05-07T19:27:39.896+0000] {dag.py:3036} INFO - Sync 3 DAGs
[2025-05-07T19:27:39.919+0000] {logging_mixin.py:188} INFO - [2025-05-07T19:27:39.918+0000] {dag.py:3823} INFO - Setting next_dagrun for example_subdag_operator to 2022-01-01 00:00:00+00:00, run_after=2022-01-01 00:00:00+00:00
[2025-05-07T19:27:39.923+0000] {logging_mixin.py:188} INFO - [2025-05-07T19:27:39.923+0000] {dag.py:3823} INFO - Setting next_dagrun for example_subdag_operator.section-1 to None, run_after=None
[2025-05-07T19:27:39.925+0000] {logging_mixin.py:188} INFO - [2025-05-07T19:27:39.925+0000] {dag.py:3823} INFO - Setting next_dagrun for example_subdag_operator.section-2 to None, run_after=None
[2025-05-07T19:27:39.933+0000] {logging_mixin.py:188} INFO - [2025-05-07T19:27:39.933+0000] {dag.py:3036} INFO - Sync 2 DAGs
[2025-05-07T19:27:39.940+0000] {logging_mixin.py:188} INFO - [2025-05-07T19:27:39.940+0000] {dag.py:3823} INFO - Setting next_dagrun for example_subdag_operator.section-1 to None, run_after=None
[2025-05-07T19:27:39.941+0000] {logging_mixin.py:188} INFO - [2025-05-07T19:27:39.941+0000] {dag.py:3823} INFO - Setting next_dagrun for example_subdag_operator.section-2 to None, run_after=None
[2025-05-07T19:27:39.960+0000] {processor.py:183} INFO - Processing /home/airflow/.local/lib/python3.8/site-packages/airflow/example_dags/example_subdag_operator.py took 0.128 seconds
[2025-05-07T19:28:10.485+0000] {processor.py:161} INFO - Started process (PID=792) to work on /home/airflow/.local/lib/python3.8/site-packages/airflow/example_dags/example_subdag_operator.py
[2025-05-07T19:28:10.486+0000] {processor.py:830} INFO - Processing file /home/airflow/.local/lib/python3.8/site-packages/airflow/example_dags/example_subdag_operator.py for tasks to queue
[2025-05-07T19:28:10.488+0000] {logging_mixin.py:188} INFO - [2025-05-07T19:28:10.488+0000] {dagbag.py:538} INFO - Filling up the DagBag from /home/airflow/.local/lib/python3.8/site-packages/airflow/example_dags/example_subdag_operator.py
[2025-05-07T19:28:10.509+0000] {processor.py:840} INFO - DAG(s) 'example_subdag_operator.section-1', 'example_subdag_operator.section-2', 'example_subdag_operator' retrieved from /home/airflow/.local/lib/python3.8/site-packages/airflow/example_dags/example_subdag_operator.py
[2025-05-07T19:28:10.523+0000] {logging_mixin.py:188} INFO - [2025-05-07T19:28:10.523+0000] {dag.py:3036} INFO - Sync 3 DAGs
[2025-05-07T19:28:10.542+0000] {logging_mixin.py:188} INFO - [2025-05-07T19:28:10.542+0000] {dag.py:3823} INFO - Setting next_dagrun for example_subdag_operator to 2022-01-01 00:00:00+00:00, run_after=2022-01-01 00:00:00+00:00
[2025-05-07T19:28:10.545+0000] {logging_mixin.py:188} INFO - [2025-05-07T19:28:10.545+0000] {dag.py:3823} INFO - Setting next_dagrun for example_subdag_operator.section-1 to None, run_after=None
[2025-05-07T19:28:10.547+0000] {logging_mixin.py:188} INFO - [2025-05-07T19:28:10.547+0000] {dag.py:3823} INFO - Setting next_dagrun for example_subdag_operator.section-2 to None, run_after=None
[2025-05-07T19:28:10.553+0000] {logging_mixin.py:188} INFO - [2025-05-07T19:28:10.553+0000] {dag.py:3036} INFO - Sync 2 DAGs
[2025-05-07T19:28:10.558+0000] {logging_mixin.py:188} INFO - [2025-05-07T19:28:10.558+0000] {dag.py:3823} INFO - Setting next_dagrun for example_subdag_operator.section-1 to None, run_after=None
[2025-05-07T19:28:10.559+0000] {logging_mixin.py:188} INFO - [2025-05-07T19:28:10.559+0000] {dag.py:3823} INFO - Setting next_dagrun for example_subdag_operator.section-2 to None, run_after=None
[2025-05-07T19:28:10.571+0000] {processor.py:183} INFO - Processing /home/airflow/.local/lib/python3.8/site-packages/airflow/example_dags/example_subdag_operator.py took 0.089 seconds
[2025-05-07T19:28:40.800+0000] {processor.py:161} INFO - Started process (PID=849) to work on /home/airflow/.local/lib/python3.8/site-packages/airflow/example_dags/example_subdag_operator.py
[2025-05-07T19:28:40.801+0000] {processor.py:830} INFO - Processing file /home/airflow/.local/lib/python3.8/site-packages/airflow/example_dags/example_subdag_operator.py for tasks to queue
[2025-05-07T19:28:40.804+0000] {logging_mixin.py:188} INFO - [2025-05-07T19:28:40.803+0000] {dagbag.py:538} INFO - Filling up the DagBag from /home/airflow/.local/lib/python3.8/site-packages/airflow/example_dags/example_subdag_operator.py
[2025-05-07T19:28:40.841+0000] {processor.py:840} INFO - DAG(s) 'example_subdag_operator.section-1', 'example_subdag_operator.section-2', 'example_subdag_operator' retrieved from /home/airflow/.local/lib/python3.8/site-packages/airflow/example_dags/example_subdag_operator.py
[2025-05-07T19:28:40.875+0000] {logging_mixin.py:188} INFO - [2025-05-07T19:28:40.874+0000] {dag.py:3036} INFO - Sync 3 DAGs
[2025-05-07T19:28:40.901+0000] {logging_mixin.py:188} INFO - [2025-05-07T19:28:40.901+0000] {dag.py:3823} INFO - Setting next_dagrun for example_subdag_operator to 2022-01-01 00:00:00+00:00, run_after=2022-01-01 00:00:00+00:00
[2025-05-07T19:28:40.906+0000] {logging_mixin.py:188} INFO - [2025-05-07T19:28:40.906+0000] {dag.py:3823} INFO - Setting next_dagrun for example_subdag_operator.section-1 to None, run_after=None
[2025-05-07T19:28:40.908+0000] {logging_mixin.py:188} INFO - [2025-05-07T19:28:40.908+0000] {dag.py:3823} INFO - Setting next_dagrun for example_subdag_operator.section-2 to None, run_after=None
[2025-05-07T19:28:40.917+0000] {logging_mixin.py:188} INFO - [2025-05-07T19:28:40.916+0000] {dag.py:3036} INFO - Sync 2 DAGs
[2025-05-07T19:28:40.923+0000] {logging_mixin.py:188} INFO - [2025-05-07T19:28:40.923+0000] {dag.py:3823} INFO - Setting next_dagrun for example_subdag_operator.section-1 to None, run_after=None
[2025-05-07T19:28:40.925+0000] {logging_mixin.py:188} INFO - [2025-05-07T19:28:40.924+0000] {dag.py:3823} INFO - Setting next_dagrun for example_subdag_operator.section-2 to None, run_after=None
[2025-05-07T19:28:40.941+0000] {processor.py:183} INFO - Processing /home/airflow/.local/lib/python3.8/site-packages/airflow/example_dags/example_subdag_operator.py took 0.146 seconds
[2025-05-07T19:29:11.635+0000] {processor.py:161} INFO - Started process (PID=906) to work on /home/airflow/.local/lib/python3.8/site-packages/airflow/example_dags/example_subdag_operator.py
[2025-05-07T19:29:11.637+0000] {processor.py:830} INFO - Processing file /home/airflow/.local/lib/python3.8/site-packages/airflow/example_dags/example_subdag_operator.py for tasks to queue
[2025-05-07T19:29:11.640+0000] {logging_mixin.py:188} INFO - [2025-05-07T19:29:11.640+0000] {dagbag.py:538} INFO - Filling up the DagBag from /home/airflow/.local/lib/python3.8/site-packages/airflow/example_dags/example_subdag_operator.py
[2025-05-07T19:29:11.666+0000] {processor.py:840} INFO - DAG(s) 'example_subdag_operator.section-1', 'example_subdag_operator.section-2', 'example_subdag_operator' retrieved from /home/airflow/.local/lib/python3.8/site-packages/airflow/example_dags/example_subdag_operator.py
[2025-05-07T19:29:11.682+0000] {logging_mixin.py:188} INFO - [2025-05-07T19:29:11.682+0000] {dag.py:3036} INFO - Sync 3 DAGs
[2025-05-07T19:29:11.710+0000] {logging_mixin.py:188} INFO - [2025-05-07T19:29:11.709+0000] {dag.py:3823} INFO - Setting next_dagrun for example_subdag_operator to 2022-01-01 00:00:00+00:00, run_after=2022-01-01 00:00:00+00:00
[2025-05-07T19:29:11.714+0000] {logging_mixin.py:188} INFO - [2025-05-07T19:29:11.714+0000] {dag.py:3823} INFO - Setting next_dagrun for example_subdag_operator.section-1 to None, run_after=None
[2025-05-07T19:29:11.716+0000] {logging_mixin.py:188} INFO - [2025-05-07T19:29:11.715+0000] {dag.py:3823} INFO - Setting next_dagrun for example_subdag_operator.section-2 to None, run_after=None
[2025-05-07T19:29:11.725+0000] {logging_mixin.py:188} INFO - [2025-05-07T19:29:11.724+0000] {dag.py:3036} INFO - Sync 2 DAGs
[2025-05-07T19:29:11.732+0000] {logging_mixin.py:188} INFO - [2025-05-07T19:29:11.732+0000] {dag.py:3823} INFO - Setting next_dagrun for example_subdag_operator.section-1 to None, run_after=None
[2025-05-07T19:29:11.733+0000] {logging_mixin.py:188} INFO - [2025-05-07T19:29:11.733+0000] {dag.py:3823} INFO - Setting next_dagrun for example_subdag_operator.section-2 to None, run_after=None
[2025-05-07T19:29:11.750+0000] {processor.py:183} INFO - Processing /home/airflow/.local/lib/python3.8/site-packages/airflow/example_dags/example_subdag_operator.py took 0.121 seconds
[2025-05-07T19:29:41.857+0000] {processor.py:161} INFO - Started process (PID=963) to work on /home/airflow/.local/lib/python3.8/site-packages/airflow/example_dags/example_subdag_operator.py
[2025-05-07T19:29:41.858+0000] {processor.py:830} INFO - Processing file /home/airflow/.local/lib/python3.8/site-packages/airflow/example_dags/example_subdag_operator.py for tasks to queue
[2025-05-07T19:29:41.861+0000] {logging_mixin.py:188} INFO - [2025-05-07T19:29:41.860+0000] {dagbag.py:538} INFO - Filling up the DagBag from /home/airflow/.local/lib/python3.8/site-packages/airflow/example_dags/example_subdag_operator.py
[2025-05-07T19:29:41.887+0000] {processor.py:840} INFO - DAG(s) 'example_subdag_operator.section-1', 'example_subdag_operator.section-2', 'example_subdag_operator' retrieved from /home/airflow/.local/lib/python3.8/site-packages/airflow/example_dags/example_subdag_operator.py
[2025-05-07T19:29:41.904+0000] {logging_mixin.py:188} INFO - [2025-05-07T19:29:41.904+0000] {dag.py:3036} INFO - Sync 3 DAGs
[2025-05-07T19:29:41.926+0000] {logging_mixin.py:188} INFO - [2025-05-07T19:29:41.926+0000] {dag.py:3823} INFO - Setting next_dagrun for example_subdag_operator to 2022-01-01 00:00:00+00:00, run_after=2022-01-01 00:00:00+00:00
[2025-05-07T19:29:41.930+0000] {logging_mixin.py:188} INFO - [2025-05-07T19:29:41.930+0000] {dag.py:3823} INFO - Setting next_dagrun for example_subdag_operator.section-1 to None, run_after=None
[2025-05-07T19:29:41.934+0000] {logging_mixin.py:188} INFO - [2025-05-07T19:29:41.934+0000] {dag.py:3823} INFO - Setting next_dagrun for example_subdag_operator.section-2 to None, run_after=None
[2025-05-07T19:29:41.942+0000] {logging_mixin.py:188} INFO - [2025-05-07T19:29:41.942+0000] {dag.py:3036} INFO - Sync 2 DAGs
[2025-05-07T19:29:41.947+0000] {logging_mixin.py:188} INFO - [2025-05-07T19:29:41.947+0000] {dag.py:3823} INFO - Setting next_dagrun for example_subdag_operator.section-1 to None, run_after=None
[2025-05-07T19:29:41.948+0000] {logging_mixin.py:188} INFO - [2025-05-07T19:29:41.948+0000] {dag.py:3823} INFO - Setting next_dagrun for example_subdag_operator.section-2 to None, run_after=None
[2025-05-07T19:29:41.960+0000] {processor.py:183} INFO - Processing /home/airflow/.local/lib/python3.8/site-packages/airflow/example_dags/example_subdag_operator.py took 0.107 seconds
[2025-05-07T19:33:16.695+0000] {processor.py:161} INFO - Started process (PID=73) to work on /home/airflow/.local/lib/python3.8/site-packages/airflow/example_dags/example_subdag_operator.py
[2025-05-07T19:33:16.697+0000] {processor.py:830} INFO - Processing file /home/airflow/.local/lib/python3.8/site-packages/airflow/example_dags/example_subdag_operator.py for tasks to queue
[2025-05-07T19:33:16.703+0000] {logging_mixin.py:188} INFO - [2025-05-07T19:33:16.702+0000] {dagbag.py:538} INFO - Filling up the DagBag from /home/airflow/.local/lib/python3.8/site-packages/airflow/example_dags/example_subdag_operator.py
[2025-05-07T19:33:16.742+0000] {processor.py:840} INFO - DAG(s) 'example_subdag_operator.section-1', 'example_subdag_operator.section-2', 'example_subdag_operator' retrieved from /home/airflow/.local/lib/python3.8/site-packages/airflow/example_dags/example_subdag_operator.py
[2025-05-07T19:33:16.749+0000] {logging_mixin.py:188} INFO - [2025-05-07T19:33:16.748+0000] {dag.py:3036} INFO - Sync 3 DAGs
[2025-05-07T19:33:16.786+0000] {logging_mixin.py:188} INFO - [2025-05-07T19:33:16.785+0000] {dag.py:3823} INFO - Setting next_dagrun for example_subdag_operator to 2022-01-01 00:00:00+00:00, run_after=2022-01-01 00:00:00+00:00
[2025-05-07T19:33:16.793+0000] {logging_mixin.py:188} INFO - [2025-05-07T19:33:16.793+0000] {dag.py:3823} INFO - Setting next_dagrun for example_subdag_operator.section-1 to None, run_after=None
[2025-05-07T19:33:16.796+0000] {logging_mixin.py:188} INFO - [2025-05-07T19:33:16.796+0000] {dag.py:3823} INFO - Setting next_dagrun for example_subdag_operator.section-2 to None, run_after=None
[2025-05-07T19:33:16.809+0000] {logging_mixin.py:188} INFO - [2025-05-07T19:33:16.808+0000] {dag.py:3036} INFO - Sync 2 DAGs
[2025-05-07T19:33:16.816+0000] {logging_mixin.py:188} INFO - [2025-05-07T19:33:16.816+0000] {dag.py:3823} INFO - Setting next_dagrun for example_subdag_operator.section-1 to None, run_after=None
[2025-05-07T19:33:16.817+0000] {logging_mixin.py:188} INFO - [2025-05-07T19:33:16.817+0000] {dag.py:3823} INFO - Setting next_dagrun for example_subdag_operator.section-2 to None, run_after=None
[2025-05-07T19:33:16.838+0000] {processor.py:183} INFO - Processing /home/airflow/.local/lib/python3.8/site-packages/airflow/example_dags/example_subdag_operator.py took 0.148 seconds
[2025-05-07T19:33:48.441+0000] {processor.py:161} INFO - Started process (PID=137) to work on /home/airflow/.local/lib/python3.8/site-packages/airflow/example_dags/example_subdag_operator.py
[2025-05-07T19:33:48.442+0000] {processor.py:830} INFO - Processing file /home/airflow/.local/lib/python3.8/site-packages/airflow/example_dags/example_subdag_operator.py for tasks to queue
[2025-05-07T19:33:48.445+0000] {logging_mixin.py:188} INFO - [2025-05-07T19:33:48.445+0000] {dagbag.py:538} INFO - Filling up the DagBag from /home/airflow/.local/lib/python3.8/site-packages/airflow/example_dags/example_subdag_operator.py
[2025-05-07T19:33:48.482+0000] {processor.py:840} INFO - DAG(s) 'example_subdag_operator.section-1', 'example_subdag_operator.section-2', 'example_subdag_operator' retrieved from /home/airflow/.local/lib/python3.8/site-packages/airflow/example_dags/example_subdag_operator.py
[2025-05-07T19:33:48.623+0000] {logging_mixin.py:188} INFO - [2025-05-07T19:33:48.623+0000] {dag.py:3036} INFO - Sync 3 DAGs
[2025-05-07T19:33:48.652+0000] {logging_mixin.py:188} INFO - [2025-05-07T19:33:48.651+0000] {dag.py:3823} INFO - Setting next_dagrun for example_subdag_operator to 2022-01-01 00:00:00+00:00, run_after=2022-01-01 00:00:00+00:00
[2025-05-07T19:33:48.657+0000] {logging_mixin.py:188} INFO - [2025-05-07T19:33:48.656+0000] {dag.py:3823} INFO - Setting next_dagrun for example_subdag_operator.section-1 to None, run_after=None
[2025-05-07T19:33:48.659+0000] {logging_mixin.py:188} INFO - [2025-05-07T19:33:48.659+0000] {dag.py:3823} INFO - Setting next_dagrun for example_subdag_operator.section-2 to None, run_after=None
[2025-05-07T19:33:48.672+0000] {logging_mixin.py:188} INFO - [2025-05-07T19:33:48.672+0000] {dag.py:3036} INFO - Sync 2 DAGs
[2025-05-07T19:33:48.681+0000] {logging_mixin.py:188} INFO - [2025-05-07T19:33:48.681+0000] {dag.py:3823} INFO - Setting next_dagrun for example_subdag_operator.section-1 to None, run_after=None
[2025-05-07T19:33:48.682+0000] {logging_mixin.py:188} INFO - [2025-05-07T19:33:48.682+0000] {dag.py:3823} INFO - Setting next_dagrun for example_subdag_operator.section-2 to None, run_after=None
[2025-05-07T19:33:48.703+0000] {processor.py:183} INFO - Processing /home/airflow/.local/lib/python3.8/site-packages/airflow/example_dags/example_subdag_operator.py took 0.268 seconds
[2025-05-07T19:34:19.398+0000] {processor.py:161} INFO - Started process (PID=194) to work on /home/airflow/.local/lib/python3.8/site-packages/airflow/example_dags/example_subdag_operator.py
[2025-05-07T19:34:19.399+0000] {processor.py:830} INFO - Processing file /home/airflow/.local/lib/python3.8/site-packages/airflow/example_dags/example_subdag_operator.py for tasks to queue
[2025-05-07T19:34:19.401+0000] {logging_mixin.py:188} INFO - [2025-05-07T19:34:19.401+0000] {dagbag.py:538} INFO - Filling up the DagBag from /home/airflow/.local/lib/python3.8/site-packages/airflow/example_dags/example_subdag_operator.py
[2025-05-07T19:34:19.424+0000] {processor.py:840} INFO - DAG(s) 'example_subdag_operator.section-1', 'example_subdag_operator.section-2', 'example_subdag_operator' retrieved from /home/airflow/.local/lib/python3.8/site-packages/airflow/example_dags/example_subdag_operator.py
[2025-05-07T19:34:19.439+0000] {logging_mixin.py:188} INFO - [2025-05-07T19:34:19.438+0000] {dag.py:3036} INFO - Sync 3 DAGs
[2025-05-07T19:34:19.458+0000] {logging_mixin.py:188} INFO - [2025-05-07T19:34:19.458+0000] {dag.py:3823} INFO - Setting next_dagrun for example_subdag_operator to 2022-01-01 00:00:00+00:00, run_after=2022-01-01 00:00:00+00:00
[2025-05-07T19:34:19.462+0000] {logging_mixin.py:188} INFO - [2025-05-07T19:34:19.462+0000] {dag.py:3823} INFO - Setting next_dagrun for example_subdag_operator.section-1 to None, run_after=None
[2025-05-07T19:34:19.463+0000] {logging_mixin.py:188} INFO - [2025-05-07T19:34:19.463+0000] {dag.py:3823} INFO - Setting next_dagrun for example_subdag_operator.section-2 to None, run_after=None
[2025-05-07T19:34:19.470+0000] {logging_mixin.py:188} INFO - [2025-05-07T19:34:19.470+0000] {dag.py:3036} INFO - Sync 2 DAGs
[2025-05-07T19:34:19.475+0000] {logging_mixin.py:188} INFO - [2025-05-07T19:34:19.475+0000] {dag.py:3823} INFO - Setting next_dagrun for example_subdag_operator.section-1 to None, run_after=None
[2025-05-07T19:34:19.476+0000] {logging_mixin.py:188} INFO - [2025-05-07T19:34:19.475+0000] {dag.py:3823} INFO - Setting next_dagrun for example_subdag_operator.section-2 to None, run_after=None
[2025-05-07T19:34:19.487+0000] {processor.py:183} INFO - Processing /home/airflow/.local/lib/python3.8/site-packages/airflow/example_dags/example_subdag_operator.py took 0.091 seconds
[2025-05-07T19:34:50.026+0000] {processor.py:161} INFO - Started process (PID=251) to work on /home/airflow/.local/lib/python3.8/site-packages/airflow/example_dags/example_subdag_operator.py
[2025-05-07T19:34:50.027+0000] {processor.py:830} INFO - Processing file /home/airflow/.local/lib/python3.8/site-packages/airflow/example_dags/example_subdag_operator.py for tasks to queue
[2025-05-07T19:34:50.030+0000] {logging_mixin.py:188} INFO - [2025-05-07T19:34:50.029+0000] {dagbag.py:538} INFO - Filling up the DagBag from /home/airflow/.local/lib/python3.8/site-packages/airflow/example_dags/example_subdag_operator.py
[2025-05-07T19:34:50.054+0000] {processor.py:840} INFO - DAG(s) 'example_subdag_operator.section-1', 'example_subdag_operator.section-2', 'example_subdag_operator' retrieved from /home/airflow/.local/lib/python3.8/site-packages/airflow/example_dags/example_subdag_operator.py
[2025-05-07T19:34:50.072+0000] {logging_mixin.py:188} INFO - [2025-05-07T19:34:50.072+0000] {dag.py:3036} INFO - Sync 3 DAGs
[2025-05-07T19:34:50.106+0000] {logging_mixin.py:188} INFO - [2025-05-07T19:34:50.105+0000] {dag.py:3823} INFO - Setting next_dagrun for example_subdag_operator to 2022-01-01 00:00:00+00:00, run_after=2022-01-01 00:00:00+00:00
[2025-05-07T19:34:50.111+0000] {logging_mixin.py:188} INFO - [2025-05-07T19:34:50.111+0000] {dag.py:3823} INFO - Setting next_dagrun for example_subdag_operator.section-1 to None, run_after=None
[2025-05-07T19:34:50.114+0000] {logging_mixin.py:188} INFO - [2025-05-07T19:34:50.113+0000] {dag.py:3823} INFO - Setting next_dagrun for example_subdag_operator.section-2 to None, run_after=None
[2025-05-07T19:34:50.125+0000] {logging_mixin.py:188} INFO - [2025-05-07T19:34:50.125+0000] {dag.py:3036} INFO - Sync 2 DAGs
[2025-05-07T19:34:50.131+0000] {logging_mixin.py:188} INFO - [2025-05-07T19:34:50.130+0000] {dag.py:3823} INFO - Setting next_dagrun for example_subdag_operator.section-1 to None, run_after=None
[2025-05-07T19:34:50.132+0000] {logging_mixin.py:188} INFO - [2025-05-07T19:34:50.131+0000] {dag.py:3823} INFO - Setting next_dagrun for example_subdag_operator.section-2 to None, run_after=None
[2025-05-07T19:34:50.149+0000] {processor.py:183} INFO - Processing /home/airflow/.local/lib/python3.8/site-packages/airflow/example_dags/example_subdag_operator.py took 0.126 seconds
[2025-05-07T19:35:20.743+0000] {processor.py:161} INFO - Started process (PID=308) to work on /home/airflow/.local/lib/python3.8/site-packages/airflow/example_dags/example_subdag_operator.py
[2025-05-07T19:35:20.745+0000] {processor.py:830} INFO - Processing file /home/airflow/.local/lib/python3.8/site-packages/airflow/example_dags/example_subdag_operator.py for tasks to queue
[2025-05-07T19:35:20.747+0000] {logging_mixin.py:188} INFO - [2025-05-07T19:35:20.747+0000] {dagbag.py:538} INFO - Filling up the DagBag from /home/airflow/.local/lib/python3.8/site-packages/airflow/example_dags/example_subdag_operator.py
[2025-05-07T19:35:20.771+0000] {processor.py:840} INFO - DAG(s) 'example_subdag_operator.section-1', 'example_subdag_operator.section-2', 'example_subdag_operator' retrieved from /home/airflow/.local/lib/python3.8/site-packages/airflow/example_dags/example_subdag_operator.py
[2025-05-07T19:35:20.789+0000] {logging_mixin.py:188} INFO - [2025-05-07T19:35:20.789+0000] {dag.py:3036} INFO - Sync 3 DAGs
[2025-05-07T19:35:20.816+0000] {logging_mixin.py:188} INFO - [2025-05-07T19:35:20.815+0000] {dag.py:3823} INFO - Setting next_dagrun for example_subdag_operator to 2022-01-01 00:00:00+00:00, run_after=2022-01-01 00:00:00+00:00
[2025-05-07T19:35:20.821+0000] {logging_mixin.py:188} INFO - [2025-05-07T19:35:20.821+0000] {dag.py:3823} INFO - Setting next_dagrun for example_subdag_operator.section-1 to None, run_after=None
[2025-05-07T19:35:20.824+0000] {logging_mixin.py:188} INFO - [2025-05-07T19:35:20.824+0000] {dag.py:3823} INFO - Setting next_dagrun for example_subdag_operator.section-2 to None, run_after=None
[2025-05-07T19:35:20.833+0000] {logging_mixin.py:188} INFO - [2025-05-07T19:35:20.833+0000] {dag.py:3036} INFO - Sync 2 DAGs
[2025-05-07T19:35:20.839+0000] {logging_mixin.py:188} INFO - [2025-05-07T19:35:20.839+0000] {dag.py:3823} INFO - Setting next_dagrun for example_subdag_operator.section-1 to None, run_after=None
[2025-05-07T19:35:20.840+0000] {logging_mixin.py:188} INFO - [2025-05-07T19:35:20.840+0000] {dag.py:3823} INFO - Setting next_dagrun for example_subdag_operator.section-2 to None, run_after=None
[2025-05-07T19:35:20.856+0000] {processor.py:183} INFO - Processing /home/airflow/.local/lib/python3.8/site-packages/airflow/example_dags/example_subdag_operator.py took 0.117 seconds
[2025-05-07T19:35:51.131+0000] {processor.py:161} INFO - Started process (PID=365) to work on /home/airflow/.local/lib/python3.8/site-packages/airflow/example_dags/example_subdag_operator.py
[2025-05-07T19:35:51.132+0000] {processor.py:830} INFO - Processing file /home/airflow/.local/lib/python3.8/site-packages/airflow/example_dags/example_subdag_operator.py for tasks to queue
[2025-05-07T19:35:51.134+0000] {logging_mixin.py:188} INFO - [2025-05-07T19:35:51.134+0000] {dagbag.py:538} INFO - Filling up the DagBag from /home/airflow/.local/lib/python3.8/site-packages/airflow/example_dags/example_subdag_operator.py
[2025-05-07T19:35:51.159+0000] {processor.py:840} INFO - DAG(s) 'example_subdag_operator.section-1', 'example_subdag_operator.section-2', 'example_subdag_operator' retrieved from /home/airflow/.local/lib/python3.8/site-packages/airflow/example_dags/example_subdag_operator.py
[2025-05-07T19:35:51.174+0000] {logging_mixin.py:188} INFO - [2025-05-07T19:35:51.174+0000] {dag.py:3036} INFO - Sync 3 DAGs
[2025-05-07T19:35:51.193+0000] {logging_mixin.py:188} INFO - [2025-05-07T19:35:51.193+0000] {dag.py:3823} INFO - Setting next_dagrun for example_subdag_operator to 2022-01-01 00:00:00+00:00, run_after=2022-01-01 00:00:00+00:00
[2025-05-07T19:35:51.196+0000] {logging_mixin.py:188} INFO - [2025-05-07T19:35:51.196+0000] {dag.py:3823} INFO - Setting next_dagrun for example_subdag_operator.section-1 to None, run_after=None
[2025-05-07T19:35:51.198+0000] {logging_mixin.py:188} INFO - [2025-05-07T19:35:51.198+0000] {dag.py:3823} INFO - Setting next_dagrun for example_subdag_operator.section-2 to None, run_after=None
[2025-05-07T19:35:51.205+0000] {logging_mixin.py:188} INFO - [2025-05-07T19:35:51.205+0000] {dag.py:3036} INFO - Sync 2 DAGs
[2025-05-07T19:35:51.210+0000] {logging_mixin.py:188} INFO - [2025-05-07T19:35:51.209+0000] {dag.py:3823} INFO - Setting next_dagrun for example_subdag_operator.section-1 to None, run_after=None
[2025-05-07T19:35:51.210+0000] {logging_mixin.py:188} INFO - [2025-05-07T19:35:51.210+0000] {dag.py:3823} INFO - Setting next_dagrun for example_subdag_operator.section-2 to None, run_after=None
[2025-05-07T19:35:51.222+0000] {processor.py:183} INFO - Processing /home/airflow/.local/lib/python3.8/site-packages/airflow/example_dags/example_subdag_operator.py took 0.094 seconds
[2025-05-07T19:36:21.704+0000] {processor.py:161} INFO - Started process (PID=422) to work on /home/airflow/.local/lib/python3.8/site-packages/airflow/example_dags/example_subdag_operator.py
[2025-05-07T19:36:21.707+0000] {processor.py:830} INFO - Processing file /home/airflow/.local/lib/python3.8/site-packages/airflow/example_dags/example_subdag_operator.py for tasks to queue
[2025-05-07T19:36:21.710+0000] {logging_mixin.py:188} INFO - [2025-05-07T19:36:21.710+0000] {dagbag.py:538} INFO - Filling up the DagBag from /home/airflow/.local/lib/python3.8/site-packages/airflow/example_dags/example_subdag_operator.py
[2025-05-07T19:36:21.734+0000] {processor.py:840} INFO - DAG(s) 'example_subdag_operator.section-1', 'example_subdag_operator.section-2', 'example_subdag_operator' retrieved from /home/airflow/.local/lib/python3.8/site-packages/airflow/example_dags/example_subdag_operator.py
[2025-05-07T19:36:21.750+0000] {logging_mixin.py:188} INFO - [2025-05-07T19:36:21.750+0000] {dag.py:3036} INFO - Sync 3 DAGs
[2025-05-07T19:36:21.769+0000] {logging_mixin.py:188} INFO - [2025-05-07T19:36:21.769+0000] {dag.py:3823} INFO - Setting next_dagrun for example_subdag_operator to 2022-01-01 00:00:00+00:00, run_after=2022-01-01 00:00:00+00:00
[2025-05-07T19:36:21.773+0000] {logging_mixin.py:188} INFO - [2025-05-07T19:36:21.773+0000] {dag.py:3823} INFO - Setting next_dagrun for example_subdag_operator.section-1 to None, run_after=None
[2025-05-07T19:36:21.774+0000] {logging_mixin.py:188} INFO - [2025-05-07T19:36:21.774+0000] {dag.py:3823} INFO - Setting next_dagrun for example_subdag_operator.section-2 to None, run_after=None
[2025-05-07T19:36:21.781+0000] {logging_mixin.py:188} INFO - [2025-05-07T19:36:21.781+0000] {dag.py:3036} INFO - Sync 2 DAGs
[2025-05-07T19:36:21.786+0000] {logging_mixin.py:188} INFO - [2025-05-07T19:36:21.786+0000] {dag.py:3823} INFO - Setting next_dagrun for example_subdag_operator.section-1 to None, run_after=None
[2025-05-07T19:36:21.787+0000] {logging_mixin.py:188} INFO - [2025-05-07T19:36:21.787+0000] {dag.py:3823} INFO - Setting next_dagrun for example_subdag_operator.section-2 to None, run_after=None
[2025-05-07T19:36:21.810+0000] {processor.py:183} INFO - Processing /home/airflow/.local/lib/python3.8/site-packages/airflow/example_dags/example_subdag_operator.py took 0.110 seconds
[2025-05-07T19:36:52.237+0000] {processor.py:161} INFO - Started process (PID=479) to work on /home/airflow/.local/lib/python3.8/site-packages/airflow/example_dags/example_subdag_operator.py
[2025-05-07T19:36:52.238+0000] {processor.py:830} INFO - Processing file /home/airflow/.local/lib/python3.8/site-packages/airflow/example_dags/example_subdag_operator.py for tasks to queue
[2025-05-07T19:36:52.241+0000] {logging_mixin.py:188} INFO - [2025-05-07T19:36:52.240+0000] {dagbag.py:538} INFO - Filling up the DagBag from /home/airflow/.local/lib/python3.8/site-packages/airflow/example_dags/example_subdag_operator.py
[2025-05-07T19:36:52.268+0000] {processor.py:840} INFO - DAG(s) 'example_subdag_operator.section-1', 'example_subdag_operator.section-2', 'example_subdag_operator' retrieved from /home/airflow/.local/lib/python3.8/site-packages/airflow/example_dags/example_subdag_operator.py
[2025-05-07T19:36:52.287+0000] {logging_mixin.py:188} INFO - [2025-05-07T19:36:52.287+0000] {dag.py:3036} INFO - Sync 3 DAGs
[2025-05-07T19:36:52.312+0000] {logging_mixin.py:188} INFO - [2025-05-07T19:36:52.312+0000] {dag.py:3823} INFO - Setting next_dagrun for example_subdag_operator to 2022-01-01 00:00:00+00:00, run_after=2022-01-01 00:00:00+00:00
[2025-05-07T19:36:52.318+0000] {logging_mixin.py:188} INFO - [2025-05-07T19:36:52.317+0000] {dag.py:3823} INFO - Setting next_dagrun for example_subdag_operator.section-1 to None, run_after=None
[2025-05-07T19:36:52.321+0000] {logging_mixin.py:188} INFO - [2025-05-07T19:36:52.320+0000] {dag.py:3823} INFO - Setting next_dagrun for example_subdag_operator.section-2 to None, run_after=None
[2025-05-07T19:36:52.335+0000] {logging_mixin.py:188} INFO - [2025-05-07T19:36:52.334+0000] {dag.py:3036} INFO - Sync 2 DAGs
[2025-05-07T19:36:52.343+0000] {logging_mixin.py:188} INFO - [2025-05-07T19:36:52.343+0000] {dag.py:3823} INFO - Setting next_dagrun for example_subdag_operator.section-1 to None, run_after=None
[2025-05-07T19:36:52.344+0000] {logging_mixin.py:188} INFO - [2025-05-07T19:36:52.344+0000] {dag.py:3823} INFO - Setting next_dagrun for example_subdag_operator.section-2 to None, run_after=None
[2025-05-07T19:36:52.364+0000] {processor.py:183} INFO - Processing /home/airflow/.local/lib/python3.8/site-packages/airflow/example_dags/example_subdag_operator.py took 0.131 seconds
[2025-05-07T19:37:23.245+0000] {processor.py:161} INFO - Started process (PID=536) to work on /home/airflow/.local/lib/python3.8/site-packages/airflow/example_dags/example_subdag_operator.py
[2025-05-07T19:37:23.247+0000] {processor.py:830} INFO - Processing file /home/airflow/.local/lib/python3.8/site-packages/airflow/example_dags/example_subdag_operator.py for tasks to queue
[2025-05-07T19:37:23.251+0000] {logging_mixin.py:188} INFO - [2025-05-07T19:37:23.250+0000] {dagbag.py:538} INFO - Filling up the DagBag from /home/airflow/.local/lib/python3.8/site-packages/airflow/example_dags/example_subdag_operator.py
[2025-05-07T19:37:23.287+0000] {processor.py:840} INFO - DAG(s) 'example_subdag_operator.section-1', 'example_subdag_operator.section-2', 'example_subdag_operator' retrieved from /home/airflow/.local/lib/python3.8/site-packages/airflow/example_dags/example_subdag_operator.py
[2025-05-07T19:37:23.304+0000] {logging_mixin.py:188} INFO - [2025-05-07T19:37:23.304+0000] {dag.py:3036} INFO - Sync 3 DAGs
[2025-05-07T19:37:23.327+0000] {logging_mixin.py:188} INFO - [2025-05-07T19:37:23.327+0000] {dag.py:3823} INFO - Setting next_dagrun for example_subdag_operator to 2022-01-01 00:00:00+00:00, run_after=2022-01-01 00:00:00+00:00
[2025-05-07T19:37:23.331+0000] {logging_mixin.py:188} INFO - [2025-05-07T19:37:23.331+0000] {dag.py:3823} INFO - Setting next_dagrun for example_subdag_operator.section-1 to None, run_after=None
[2025-05-07T19:37:23.334+0000] {logging_mixin.py:188} INFO - [2025-05-07T19:37:23.334+0000] {dag.py:3823} INFO - Setting next_dagrun for example_subdag_operator.section-2 to None, run_after=None
[2025-05-07T19:37:23.342+0000] {logging_mixin.py:188} INFO - [2025-05-07T19:37:23.342+0000] {dag.py:3036} INFO - Sync 2 DAGs
[2025-05-07T19:37:23.347+0000] {logging_mixin.py:188} INFO - [2025-05-07T19:37:23.347+0000] {dag.py:3823} INFO - Setting next_dagrun for example_subdag_operator.section-1 to None, run_after=None
[2025-05-07T19:37:23.348+0000] {logging_mixin.py:188} INFO - [2025-05-07T19:37:23.348+0000] {dag.py:3823} INFO - Setting next_dagrun for example_subdag_operator.section-2 to None, run_after=None
[2025-05-07T19:37:23.362+0000] {processor.py:183} INFO - Processing /home/airflow/.local/lib/python3.8/site-packages/airflow/example_dags/example_subdag_operator.py took 0.124 seconds
[2025-05-07T19:37:53.697+0000] {processor.py:161} INFO - Started process (PID=593) to work on /home/airflow/.local/lib/python3.8/site-packages/airflow/example_dags/example_subdag_operator.py
[2025-05-07T19:37:53.700+0000] {processor.py:830} INFO - Processing file /home/airflow/.local/lib/python3.8/site-packages/airflow/example_dags/example_subdag_operator.py for tasks to queue
[2025-05-07T19:37:53.706+0000] {logging_mixin.py:188} INFO - [2025-05-07T19:37:53.705+0000] {dagbag.py:538} INFO - Filling up the DagBag from /home/airflow/.local/lib/python3.8/site-packages/airflow/example_dags/example_subdag_operator.py
[2025-05-07T19:37:53.742+0000] {processor.py:840} INFO - DAG(s) 'example_subdag_operator.section-1', 'example_subdag_operator.section-2', 'example_subdag_operator' retrieved from /home/airflow/.local/lib/python3.8/site-packages/airflow/example_dags/example_subdag_operator.py
[2025-05-07T19:37:53.758+0000] {logging_mixin.py:188} INFO - [2025-05-07T19:37:53.758+0000] {dag.py:3036} INFO - Sync 3 DAGs
[2025-05-07T19:37:53.780+0000] {logging_mixin.py:188} INFO - [2025-05-07T19:37:53.780+0000] {dag.py:3823} INFO - Setting next_dagrun for example_subdag_operator to 2022-01-01 00:00:00+00:00, run_after=2022-01-01 00:00:00+00:00
[2025-05-07T19:37:53.787+0000] {logging_mixin.py:188} INFO - [2025-05-07T19:37:53.787+0000] {dag.py:3823} INFO - Setting next_dagrun for example_subdag_operator.section-1 to None, run_after=None
[2025-05-07T19:37:53.793+0000] {logging_mixin.py:188} INFO - [2025-05-07T19:37:53.793+0000] {dag.py:3823} INFO - Setting next_dagrun for example_subdag_operator.section-2 to None, run_after=None
[2025-05-07T19:37:53.805+0000] {logging_mixin.py:188} INFO - [2025-05-07T19:37:53.804+0000] {dag.py:3036} INFO - Sync 2 DAGs
[2025-05-07T19:37:53.811+0000] {logging_mixin.py:188} INFO - [2025-05-07T19:37:53.811+0000] {dag.py:3823} INFO - Setting next_dagrun for example_subdag_operator.section-1 to None, run_after=None
[2025-05-07T19:37:53.812+0000] {logging_mixin.py:188} INFO - [2025-05-07T19:37:53.812+0000] {dag.py:3823} INFO - Setting next_dagrun for example_subdag_operator.section-2 to None, run_after=None
[2025-05-07T19:37:53.824+0000] {processor.py:183} INFO - Processing /home/airflow/.local/lib/python3.8/site-packages/airflow/example_dags/example_subdag_operator.py took 0.132 seconds
[2025-05-07T19:38:24.439+0000] {processor.py:161} INFO - Started process (PID=650) to work on /home/airflow/.local/lib/python3.8/site-packages/airflow/example_dags/example_subdag_operator.py
[2025-05-07T19:38:24.442+0000] {processor.py:830} INFO - Processing file /home/airflow/.local/lib/python3.8/site-packages/airflow/example_dags/example_subdag_operator.py for tasks to queue
[2025-05-07T19:38:24.447+0000] {logging_mixin.py:188} INFO - [2025-05-07T19:38:24.446+0000] {dagbag.py:538} INFO - Filling up the DagBag from /home/airflow/.local/lib/python3.8/site-packages/airflow/example_dags/example_subdag_operator.py
[2025-05-07T19:38:24.491+0000] {processor.py:840} INFO - DAG(s) 'example_subdag_operator.section-1', 'example_subdag_operator.section-2', 'example_subdag_operator' retrieved from /home/airflow/.local/lib/python3.8/site-packages/airflow/example_dags/example_subdag_operator.py
[2025-05-07T19:38:24.514+0000] {logging_mixin.py:188} INFO - [2025-05-07T19:38:24.514+0000] {dag.py:3036} INFO - Sync 3 DAGs
[2025-05-07T19:38:24.537+0000] {logging_mixin.py:188} INFO - [2025-05-07T19:38:24.537+0000] {dag.py:3823} INFO - Setting next_dagrun for example_subdag_operator to 2022-01-01 00:00:00+00:00, run_after=2022-01-01 00:00:00+00:00
[2025-05-07T19:38:24.541+0000] {logging_mixin.py:188} INFO - [2025-05-07T19:38:24.541+0000] {dag.py:3823} INFO - Setting next_dagrun for example_subdag_operator.section-1 to None, run_after=None
[2025-05-07T19:38:24.543+0000] {logging_mixin.py:188} INFO - [2025-05-07T19:38:24.543+0000] {dag.py:3823} INFO - Setting next_dagrun for example_subdag_operator.section-2 to None, run_after=None
[2025-05-07T19:38:24.550+0000] {logging_mixin.py:188} INFO - [2025-05-07T19:38:24.550+0000] {dag.py:3036} INFO - Sync 2 DAGs
[2025-05-07T19:38:24.556+0000] {logging_mixin.py:188} INFO - [2025-05-07T19:38:24.556+0000] {dag.py:3823} INFO - Setting next_dagrun for example_subdag_operator.section-1 to None, run_after=None
[2025-05-07T19:38:24.557+0000] {logging_mixin.py:188} INFO - [2025-05-07T19:38:24.557+0000] {dag.py:3823} INFO - Setting next_dagrun for example_subdag_operator.section-2 to None, run_after=None
[2025-05-07T19:38:24.572+0000] {processor.py:183} INFO - Processing /home/airflow/.local/lib/python3.8/site-packages/airflow/example_dags/example_subdag_operator.py took 0.138 seconds
[2025-05-07T19:38:55.097+0000] {processor.py:161} INFO - Started process (PID=707) to work on /home/airflow/.local/lib/python3.8/site-packages/airflow/example_dags/example_subdag_operator.py
[2025-05-07T19:38:55.101+0000] {processor.py:830} INFO - Processing file /home/airflow/.local/lib/python3.8/site-packages/airflow/example_dags/example_subdag_operator.py for tasks to queue
[2025-05-07T19:38:55.108+0000] {logging_mixin.py:188} INFO - [2025-05-07T19:38:55.107+0000] {dagbag.py:538} INFO - Filling up the DagBag from /home/airflow/.local/lib/python3.8/site-packages/airflow/example_dags/example_subdag_operator.py
[2025-05-07T19:38:55.145+0000] {processor.py:840} INFO - DAG(s) 'example_subdag_operator.section-1', 'example_subdag_operator.section-2', 'example_subdag_operator' retrieved from /home/airflow/.local/lib/python3.8/site-packages/airflow/example_dags/example_subdag_operator.py
[2025-05-07T19:38:55.168+0000] {logging_mixin.py:188} INFO - [2025-05-07T19:38:55.168+0000] {dag.py:3036} INFO - Sync 3 DAGs
[2025-05-07T19:38:55.187+0000] {logging_mixin.py:188} INFO - [2025-05-07T19:38:55.187+0000] {dag.py:3823} INFO - Setting next_dagrun for example_subdag_operator to 2022-01-01 00:00:00+00:00, run_after=2022-01-01 00:00:00+00:00
[2025-05-07T19:38:55.191+0000] {logging_mixin.py:188} INFO - [2025-05-07T19:38:55.191+0000] {dag.py:3823} INFO - Setting next_dagrun for example_subdag_operator.section-1 to None, run_after=None
[2025-05-07T19:38:55.193+0000] {logging_mixin.py:188} INFO - [2025-05-07T19:38:55.193+0000] {dag.py:3823} INFO - Setting next_dagrun for example_subdag_operator.section-2 to None, run_after=None
[2025-05-07T19:38:55.200+0000] {logging_mixin.py:188} INFO - [2025-05-07T19:38:55.200+0000] {dag.py:3036} INFO - Sync 2 DAGs
[2025-05-07T19:38:55.205+0000] {logging_mixin.py:188} INFO - [2025-05-07T19:38:55.205+0000] {dag.py:3823} INFO - Setting next_dagrun for example_subdag_operator.section-1 to None, run_after=None
[2025-05-07T19:38:55.206+0000] {logging_mixin.py:188} INFO - [2025-05-07T19:38:55.206+0000] {dag.py:3823} INFO - Setting next_dagrun for example_subdag_operator.section-2 to None, run_after=None
[2025-05-07T19:38:55.221+0000] {processor.py:183} INFO - Processing /home/airflow/.local/lib/python3.8/site-packages/airflow/example_dags/example_subdag_operator.py took 0.130 seconds
[2025-05-07T19:39:25.395+0000] {processor.py:161} INFO - Started process (PID=764) to work on /home/airflow/.local/lib/python3.8/site-packages/airflow/example_dags/example_subdag_operator.py
[2025-05-07T19:39:25.396+0000] {processor.py:830} INFO - Processing file /home/airflow/.local/lib/python3.8/site-packages/airflow/example_dags/example_subdag_operator.py for tasks to queue
[2025-05-07T19:39:25.398+0000] {logging_mixin.py:188} INFO - [2025-05-07T19:39:25.398+0000] {dagbag.py:538} INFO - Filling up the DagBag from /home/airflow/.local/lib/python3.8/site-packages/airflow/example_dags/example_subdag_operator.py
[2025-05-07T19:39:25.425+0000] {processor.py:840} INFO - DAG(s) 'example_subdag_operator.section-1', 'example_subdag_operator.section-2', 'example_subdag_operator' retrieved from /home/airflow/.local/lib/python3.8/site-packages/airflow/example_dags/example_subdag_operator.py
[2025-05-07T19:39:25.442+0000] {logging_mixin.py:188} INFO - [2025-05-07T19:39:25.441+0000] {dag.py:3036} INFO - Sync 3 DAGs
[2025-05-07T19:39:25.463+0000] {logging_mixin.py:188} INFO - [2025-05-07T19:39:25.463+0000] {dag.py:3823} INFO - Setting next_dagrun for example_subdag_operator to 2022-01-01 00:00:00+00:00, run_after=2022-01-01 00:00:00+00:00
[2025-05-07T19:39:25.467+0000] {logging_mixin.py:188} INFO - [2025-05-07T19:39:25.467+0000] {dag.py:3823} INFO - Setting next_dagrun for example_subdag_operator.section-1 to None, run_after=None
[2025-05-07T19:39:25.469+0000] {logging_mixin.py:188} INFO - [2025-05-07T19:39:25.469+0000] {dag.py:3823} INFO - Setting next_dagrun for example_subdag_operator.section-2 to None, run_after=None
[2025-05-07T19:39:25.477+0000] {logging_mixin.py:188} INFO - [2025-05-07T19:39:25.476+0000] {dag.py:3036} INFO - Sync 2 DAGs
[2025-05-07T19:39:25.482+0000] {logging_mixin.py:188} INFO - [2025-05-07T19:39:25.482+0000] {dag.py:3823} INFO - Setting next_dagrun for example_subdag_operator.section-1 to None, run_after=None
[2025-05-07T19:39:25.483+0000] {logging_mixin.py:188} INFO - [2025-05-07T19:39:25.483+0000] {dag.py:3823} INFO - Setting next_dagrun for example_subdag_operator.section-2 to None, run_after=None
[2025-05-07T19:39:25.498+0000] {processor.py:183} INFO - Processing /home/airflow/.local/lib/python3.8/site-packages/airflow/example_dags/example_subdag_operator.py took 0.107 seconds
[2025-05-07T19:39:55.715+0000] {processor.py:161} INFO - Started process (PID=821) to work on /home/airflow/.local/lib/python3.8/site-packages/airflow/example_dags/example_subdag_operator.py
[2025-05-07T19:39:55.716+0000] {processor.py:830} INFO - Processing file /home/airflow/.local/lib/python3.8/site-packages/airflow/example_dags/example_subdag_operator.py for tasks to queue
[2025-05-07T19:39:55.718+0000] {logging_mixin.py:188} INFO - [2025-05-07T19:39:55.717+0000] {dagbag.py:538} INFO - Filling up the DagBag from /home/airflow/.local/lib/python3.8/site-packages/airflow/example_dags/example_subdag_operator.py
[2025-05-07T19:39:55.738+0000] {processor.py:840} INFO - DAG(s) 'example_subdag_operator.section-1', 'example_subdag_operator.section-2', 'example_subdag_operator' retrieved from /home/airflow/.local/lib/python3.8/site-packages/airflow/example_dags/example_subdag_operator.py
[2025-05-07T19:39:55.753+0000] {logging_mixin.py:188} INFO - [2025-05-07T19:39:55.752+0000] {dag.py:3036} INFO - Sync 3 DAGs
[2025-05-07T19:39:55.772+0000] {logging_mixin.py:188} INFO - [2025-05-07T19:39:55.771+0000] {dag.py:3823} INFO - Setting next_dagrun for example_subdag_operator to 2022-01-01 00:00:00+00:00, run_after=2022-01-01 00:00:00+00:00
[2025-05-07T19:39:55.775+0000] {logging_mixin.py:188} INFO - [2025-05-07T19:39:55.775+0000] {dag.py:3823} INFO - Setting next_dagrun for example_subdag_operator.section-1 to None, run_after=None
[2025-05-07T19:39:55.777+0000] {logging_mixin.py:188} INFO - [2025-05-07T19:39:55.776+0000] {dag.py:3823} INFO - Setting next_dagrun for example_subdag_operator.section-2 to None, run_after=None
[2025-05-07T19:39:55.783+0000] {logging_mixin.py:188} INFO - [2025-05-07T19:39:55.783+0000] {dag.py:3036} INFO - Sync 2 DAGs
[2025-05-07T19:39:55.788+0000] {logging_mixin.py:188} INFO - [2025-05-07T19:39:55.788+0000] {dag.py:3823} INFO - Setting next_dagrun for example_subdag_operator.section-1 to None, run_after=None
[2025-05-07T19:39:55.789+0000] {logging_mixin.py:188} INFO - [2025-05-07T19:39:55.789+0000] {dag.py:3823} INFO - Setting next_dagrun for example_subdag_operator.section-2 to None, run_after=None
[2025-05-07T19:39:55.802+0000] {processor.py:183} INFO - Processing /home/airflow/.local/lib/python3.8/site-packages/airflow/example_dags/example_subdag_operator.py took 0.091 seconds
[2025-05-07T19:40:26.103+0000] {processor.py:161} INFO - Started process (PID=878) to work on /home/airflow/.local/lib/python3.8/site-packages/airflow/example_dags/example_subdag_operator.py
[2025-05-07T19:40:26.104+0000] {processor.py:830} INFO - Processing file /home/airflow/.local/lib/python3.8/site-packages/airflow/example_dags/example_subdag_operator.py for tasks to queue
[2025-05-07T19:40:26.107+0000] {logging_mixin.py:188} INFO - [2025-05-07T19:40:26.106+0000] {dagbag.py:538} INFO - Filling up the DagBag from /home/airflow/.local/lib/python3.8/site-packages/airflow/example_dags/example_subdag_operator.py
[2025-05-07T19:40:26.132+0000] {processor.py:840} INFO - DAG(s) 'example_subdag_operator.section-1', 'example_subdag_operator.section-2', 'example_subdag_operator' retrieved from /home/airflow/.local/lib/python3.8/site-packages/airflow/example_dags/example_subdag_operator.py
[2025-05-07T19:40:26.150+0000] {logging_mixin.py:188} INFO - [2025-05-07T19:40:26.149+0000] {dag.py:3036} INFO - Sync 3 DAGs
[2025-05-07T19:40:26.177+0000] {logging_mixin.py:188} INFO - [2025-05-07T19:40:26.176+0000] {dag.py:3823} INFO - Setting next_dagrun for example_subdag_operator to 2022-01-01 00:00:00+00:00, run_after=2022-01-01 00:00:00+00:00
[2025-05-07T19:40:26.181+0000] {logging_mixin.py:188} INFO - [2025-05-07T19:40:26.181+0000] {dag.py:3823} INFO - Setting next_dagrun for example_subdag_operator.section-1 to None, run_after=None
[2025-05-07T19:40:26.183+0000] {logging_mixin.py:188} INFO - [2025-05-07T19:40:26.183+0000] {dag.py:3823} INFO - Setting next_dagrun for example_subdag_operator.section-2 to None, run_after=None
[2025-05-07T19:40:26.192+0000] {logging_mixin.py:188} INFO - [2025-05-07T19:40:26.192+0000] {dag.py:3036} INFO - Sync 2 DAGs
[2025-05-07T19:40:26.199+0000] {logging_mixin.py:188} INFO - [2025-05-07T19:40:26.198+0000] {dag.py:3823} INFO - Setting next_dagrun for example_subdag_operator.section-1 to None, run_after=None
[2025-05-07T19:40:26.200+0000] {logging_mixin.py:188} INFO - [2025-05-07T19:40:26.200+0000] {dag.py:3823} INFO - Setting next_dagrun for example_subdag_operator.section-2 to None, run_after=None
[2025-05-07T19:40:26.215+0000] {processor.py:183} INFO - Processing /home/airflow/.local/lib/python3.8/site-packages/airflow/example_dags/example_subdag_operator.py took 0.116 seconds
[2025-05-07T19:40:57.005+0000] {processor.py:161} INFO - Started process (PID=935) to work on /home/airflow/.local/lib/python3.8/site-packages/airflow/example_dags/example_subdag_operator.py
[2025-05-07T19:40:57.007+0000] {processor.py:830} INFO - Processing file /home/airflow/.local/lib/python3.8/site-packages/airflow/example_dags/example_subdag_operator.py for tasks to queue
[2025-05-07T19:40:57.012+0000] {logging_mixin.py:188} INFO - [2025-05-07T19:40:57.011+0000] {dagbag.py:538} INFO - Filling up the DagBag from /home/airflow/.local/lib/python3.8/site-packages/airflow/example_dags/example_subdag_operator.py
[2025-05-07T19:40:57.036+0000] {processor.py:840} INFO - DAG(s) 'example_subdag_operator.section-1', 'example_subdag_operator.section-2', 'example_subdag_operator' retrieved from /home/airflow/.local/lib/python3.8/site-packages/airflow/example_dags/example_subdag_operator.py
[2025-05-07T19:40:57.052+0000] {logging_mixin.py:188} INFO - [2025-05-07T19:40:57.052+0000] {dag.py:3036} INFO - Sync 3 DAGs
[2025-05-07T19:40:57.074+0000] {logging_mixin.py:188} INFO - [2025-05-07T19:40:57.073+0000] {dag.py:3823} INFO - Setting next_dagrun for example_subdag_operator to 2022-01-01 00:00:00+00:00, run_after=2022-01-01 00:00:00+00:00
[2025-05-07T19:40:57.078+0000] {logging_mixin.py:188} INFO - [2025-05-07T19:40:57.077+0000] {dag.py:3823} INFO - Setting next_dagrun for example_subdag_operator.section-1 to None, run_after=None
[2025-05-07T19:40:57.081+0000] {logging_mixin.py:188} INFO - [2025-05-07T19:40:57.081+0000] {dag.py:3823} INFO - Setting next_dagrun for example_subdag_operator.section-2 to None, run_after=None
[2025-05-07T19:40:57.089+0000] {logging_mixin.py:188} INFO - [2025-05-07T19:40:57.089+0000] {dag.py:3036} INFO - Sync 2 DAGs
[2025-05-07T19:40:57.094+0000] {logging_mixin.py:188} INFO - [2025-05-07T19:40:57.094+0000] {dag.py:3823} INFO - Setting next_dagrun for example_subdag_operator.section-1 to None, run_after=None
[2025-05-07T19:40:57.095+0000] {logging_mixin.py:188} INFO - [2025-05-07T19:40:57.095+0000] {dag.py:3823} INFO - Setting next_dagrun for example_subdag_operator.section-2 to None, run_after=None
[2025-05-07T19:40:57.112+0000] {processor.py:183} INFO - Processing /home/airflow/.local/lib/python3.8/site-packages/airflow/example_dags/example_subdag_operator.py took 0.111 seconds
[2025-05-07T19:41:27.284+0000] {processor.py:161} INFO - Started process (PID=992) to work on /home/airflow/.local/lib/python3.8/site-packages/airflow/example_dags/example_subdag_operator.py
[2025-05-07T19:41:27.286+0000] {processor.py:830} INFO - Processing file /home/airflow/.local/lib/python3.8/site-packages/airflow/example_dags/example_subdag_operator.py for tasks to queue
[2025-05-07T19:41:27.288+0000] {logging_mixin.py:188} INFO - [2025-05-07T19:41:27.288+0000] {dagbag.py:538} INFO - Filling up the DagBag from /home/airflow/.local/lib/python3.8/site-packages/airflow/example_dags/example_subdag_operator.py
[2025-05-07T19:41:27.315+0000] {processor.py:840} INFO - DAG(s) 'example_subdag_operator.section-1', 'example_subdag_operator.section-2', 'example_subdag_operator' retrieved from /home/airflow/.local/lib/python3.8/site-packages/airflow/example_dags/example_subdag_operator.py
[2025-05-07T19:41:27.332+0000] {logging_mixin.py:188} INFO - [2025-05-07T19:41:27.331+0000] {dag.py:3036} INFO - Sync 3 DAGs
[2025-05-07T19:41:27.352+0000] {logging_mixin.py:188} INFO - [2025-05-07T19:41:27.352+0000] {dag.py:3823} INFO - Setting next_dagrun for example_subdag_operator to 2022-01-01 00:00:00+00:00, run_after=2022-01-01 00:00:00+00:00
[2025-05-07T19:41:27.356+0000] {logging_mixin.py:188} INFO - [2025-05-07T19:41:27.356+0000] {dag.py:3823} INFO - Setting next_dagrun for example_subdag_operator.section-1 to None, run_after=None
[2025-05-07T19:41:27.358+0000] {logging_mixin.py:188} INFO - [2025-05-07T19:41:27.358+0000] {dag.py:3823} INFO - Setting next_dagrun for example_subdag_operator.section-2 to None, run_after=None
[2025-05-07T19:41:27.365+0000] {logging_mixin.py:188} INFO - [2025-05-07T19:41:27.365+0000] {dag.py:3036} INFO - Sync 2 DAGs
[2025-05-07T19:41:27.370+0000] {logging_mixin.py:188} INFO - [2025-05-07T19:41:27.370+0000] {dag.py:3823} INFO - Setting next_dagrun for example_subdag_operator.section-1 to None, run_after=None
[2025-05-07T19:41:27.371+0000] {logging_mixin.py:188} INFO - [2025-05-07T19:41:27.371+0000] {dag.py:3823} INFO - Setting next_dagrun for example_subdag_operator.section-2 to None, run_after=None
[2025-05-07T19:41:27.382+0000] {processor.py:183} INFO - Processing /home/airflow/.local/lib/python3.8/site-packages/airflow/example_dags/example_subdag_operator.py took 0.101 seconds
[2025-05-07T19:41:57.813+0000] {processor.py:161} INFO - Started process (PID=1049) to work on /home/airflow/.local/lib/python3.8/site-packages/airflow/example_dags/example_subdag_operator.py
[2025-05-07T19:41:57.814+0000] {processor.py:830} INFO - Processing file /home/airflow/.local/lib/python3.8/site-packages/airflow/example_dags/example_subdag_operator.py for tasks to queue
[2025-05-07T19:41:57.816+0000] {logging_mixin.py:188} INFO - [2025-05-07T19:41:57.816+0000] {dagbag.py:538} INFO - Filling up the DagBag from /home/airflow/.local/lib/python3.8/site-packages/airflow/example_dags/example_subdag_operator.py
[2025-05-07T19:41:57.841+0000] {processor.py:840} INFO - DAG(s) 'example_subdag_operator.section-1', 'example_subdag_operator.section-2', 'example_subdag_operator' retrieved from /home/airflow/.local/lib/python3.8/site-packages/airflow/example_dags/example_subdag_operator.py
[2025-05-07T19:41:57.857+0000] {logging_mixin.py:188} INFO - [2025-05-07T19:41:57.856+0000] {dag.py:3036} INFO - Sync 3 DAGs
[2025-05-07T19:41:57.878+0000] {logging_mixin.py:188} INFO - [2025-05-07T19:41:57.878+0000] {dag.py:3823} INFO - Setting next_dagrun for example_subdag_operator to 2022-01-01 00:00:00+00:00, run_after=2022-01-01 00:00:00+00:00
[2025-05-07T19:41:57.882+0000] {logging_mixin.py:188} INFO - [2025-05-07T19:41:57.882+0000] {dag.py:3823} INFO - Setting next_dagrun for example_subdag_operator.section-1 to None, run_after=None
[2025-05-07T19:41:57.884+0000] {logging_mixin.py:188} INFO - [2025-05-07T19:41:57.884+0000] {dag.py:3823} INFO - Setting next_dagrun for example_subdag_operator.section-2 to None, run_after=None
[2025-05-07T19:41:57.891+0000] {logging_mixin.py:188} INFO - [2025-05-07T19:41:57.891+0000] {dag.py:3036} INFO - Sync 2 DAGs
[2025-05-07T19:41:57.896+0000] {logging_mixin.py:188} INFO - [2025-05-07T19:41:57.896+0000] {dag.py:3823} INFO - Setting next_dagrun for example_subdag_operator.section-1 to None, run_after=None
[2025-05-07T19:41:57.901+0000] {logging_mixin.py:188} INFO - [2025-05-07T19:41:57.901+0000] {dag.py:3823} INFO - Setting next_dagrun for example_subdag_operator.section-2 to None, run_after=None
[2025-05-07T19:41:57.919+0000] {processor.py:183} INFO - Processing /home/airflow/.local/lib/python3.8/site-packages/airflow/example_dags/example_subdag_operator.py took 0.109 seconds
[2025-05-07T19:42:28.665+0000] {processor.py:161} INFO - Started process (PID=1106) to work on /home/airflow/.local/lib/python3.8/site-packages/airflow/example_dags/example_subdag_operator.py
[2025-05-07T19:42:28.669+0000] {processor.py:830} INFO - Processing file /home/airflow/.local/lib/python3.8/site-packages/airflow/example_dags/example_subdag_operator.py for tasks to queue
[2025-05-07T19:42:28.671+0000] {logging_mixin.py:188} INFO - [2025-05-07T19:42:28.671+0000] {dagbag.py:538} INFO - Filling up the DagBag from /home/airflow/.local/lib/python3.8/site-packages/airflow/example_dags/example_subdag_operator.py
[2025-05-07T19:42:28.694+0000] {processor.py:840} INFO - DAG(s) 'example_subdag_operator.section-1', 'example_subdag_operator.section-2', 'example_subdag_operator' retrieved from /home/airflow/.local/lib/python3.8/site-packages/airflow/example_dags/example_subdag_operator.py
[2025-05-07T19:42:28.713+0000] {logging_mixin.py:188} INFO - [2025-05-07T19:42:28.713+0000] {dag.py:3036} INFO - Sync 3 DAGs
[2025-05-07T19:42:28.734+0000] {logging_mixin.py:188} INFO - [2025-05-07T19:42:28.734+0000] {dag.py:3823} INFO - Setting next_dagrun for example_subdag_operator to 2022-01-01 00:00:00+00:00, run_after=2022-01-01 00:00:00+00:00
[2025-05-07T19:42:28.738+0000] {logging_mixin.py:188} INFO - [2025-05-07T19:42:28.738+0000] {dag.py:3823} INFO - Setting next_dagrun for example_subdag_operator.section-1 to None, run_after=None
[2025-05-07T19:42:28.740+0000] {logging_mixin.py:188} INFO - [2025-05-07T19:42:28.740+0000] {dag.py:3823} INFO - Setting next_dagrun for example_subdag_operator.section-2 to None, run_after=None
[2025-05-07T19:42:28.747+0000] {logging_mixin.py:188} INFO - [2025-05-07T19:42:28.746+0000] {dag.py:3036} INFO - Sync 2 DAGs
[2025-05-07T19:42:28.751+0000] {logging_mixin.py:188} INFO - [2025-05-07T19:42:28.751+0000] {dag.py:3823} INFO - Setting next_dagrun for example_subdag_operator.section-1 to None, run_after=None
[2025-05-07T19:42:28.752+0000] {logging_mixin.py:188} INFO - [2025-05-07T19:42:28.752+0000] {dag.py:3823} INFO - Setting next_dagrun for example_subdag_operator.section-2 to None, run_after=None
[2025-05-07T19:42:28.765+0000] {processor.py:183} INFO - Processing /home/airflow/.local/lib/python3.8/site-packages/airflow/example_dags/example_subdag_operator.py took 0.102 seconds
[2025-05-07T19:42:59.316+0000] {processor.py:161} INFO - Started process (PID=1163) to work on /home/airflow/.local/lib/python3.8/site-packages/airflow/example_dags/example_subdag_operator.py
[2025-05-07T19:42:59.317+0000] {processor.py:830} INFO - Processing file /home/airflow/.local/lib/python3.8/site-packages/airflow/example_dags/example_subdag_operator.py for tasks to queue
[2025-05-07T19:42:59.319+0000] {logging_mixin.py:188} INFO - [2025-05-07T19:42:59.319+0000] {dagbag.py:538} INFO - Filling up the DagBag from /home/airflow/.local/lib/python3.8/site-packages/airflow/example_dags/example_subdag_operator.py
[2025-05-07T19:42:59.342+0000] {processor.py:840} INFO - DAG(s) 'example_subdag_operator.section-1', 'example_subdag_operator.section-2', 'example_subdag_operator' retrieved from /home/airflow/.local/lib/python3.8/site-packages/airflow/example_dags/example_subdag_operator.py
[2025-05-07T19:42:59.357+0000] {logging_mixin.py:188} INFO - [2025-05-07T19:42:59.357+0000] {dag.py:3036} INFO - Sync 3 DAGs
[2025-05-07T19:42:59.379+0000] {logging_mixin.py:188} INFO - [2025-05-07T19:42:59.379+0000] {dag.py:3823} INFO - Setting next_dagrun for example_subdag_operator to 2022-01-01 00:00:00+00:00, run_after=2022-01-01 00:00:00+00:00
[2025-05-07T19:42:59.383+0000] {logging_mixin.py:188} INFO - [2025-05-07T19:42:59.383+0000] {dag.py:3823} INFO - Setting next_dagrun for example_subdag_operator.section-1 to None, run_after=None
[2025-05-07T19:42:59.385+0000] {logging_mixin.py:188} INFO - [2025-05-07T19:42:59.385+0000] {dag.py:3823} INFO - Setting next_dagrun for example_subdag_operator.section-2 to None, run_after=None
[2025-05-07T19:42:59.393+0000] {logging_mixin.py:188} INFO - [2025-05-07T19:42:59.392+0000] {dag.py:3036} INFO - Sync 2 DAGs
[2025-05-07T19:42:59.398+0000] {logging_mixin.py:188} INFO - [2025-05-07T19:42:59.398+0000] {dag.py:3823} INFO - Setting next_dagrun for example_subdag_operator.section-1 to None, run_after=None
[2025-05-07T19:42:59.399+0000] {logging_mixin.py:188} INFO - [2025-05-07T19:42:59.398+0000] {dag.py:3823} INFO - Setting next_dagrun for example_subdag_operator.section-2 to None, run_after=None
[2025-05-07T19:42:59.412+0000] {processor.py:183} INFO - Processing /home/airflow/.local/lib/python3.8/site-packages/airflow/example_dags/example_subdag_operator.py took 0.099 seconds
[2025-05-07T19:43:29.537+0000] {processor.py:161} INFO - Started process (PID=1220) to work on /home/airflow/.local/lib/python3.8/site-packages/airflow/example_dags/example_subdag_operator.py
[2025-05-07T19:43:29.538+0000] {processor.py:830} INFO - Processing file /home/airflow/.local/lib/python3.8/site-packages/airflow/example_dags/example_subdag_operator.py for tasks to queue
[2025-05-07T19:43:29.540+0000] {logging_mixin.py:188} INFO - [2025-05-07T19:43:29.540+0000] {dagbag.py:538} INFO - Filling up the DagBag from /home/airflow/.local/lib/python3.8/site-packages/airflow/example_dags/example_subdag_operator.py
[2025-05-07T19:43:29.565+0000] {processor.py:840} INFO - DAG(s) 'example_subdag_operator.section-1', 'example_subdag_operator.section-2', 'example_subdag_operator' retrieved from /home/airflow/.local/lib/python3.8/site-packages/airflow/example_dags/example_subdag_operator.py
[2025-05-07T19:43:29.588+0000] {logging_mixin.py:188} INFO - [2025-05-07T19:43:29.588+0000] {dag.py:3036} INFO - Sync 3 DAGs
[2025-05-07T19:43:29.611+0000] {logging_mixin.py:188} INFO - [2025-05-07T19:43:29.611+0000] {dag.py:3823} INFO - Setting next_dagrun for example_subdag_operator to 2022-01-01 00:00:00+00:00, run_after=2022-01-01 00:00:00+00:00
[2025-05-07T19:43:29.615+0000] {logging_mixin.py:188} INFO - [2025-05-07T19:43:29.615+0000] {dag.py:3823} INFO - Setting next_dagrun for example_subdag_operator.section-1 to None, run_after=None
[2025-05-07T19:43:29.617+0000] {logging_mixin.py:188} INFO - [2025-05-07T19:43:29.617+0000] {dag.py:3823} INFO - Setting next_dagrun for example_subdag_operator.section-2 to None, run_after=None
[2025-05-07T19:43:29.626+0000] {logging_mixin.py:188} INFO - [2025-05-07T19:43:29.626+0000] {dag.py:3036} INFO - Sync 2 DAGs
[2025-05-07T19:43:29.632+0000] {logging_mixin.py:188} INFO - [2025-05-07T19:43:29.632+0000] {dag.py:3823} INFO - Setting next_dagrun for example_subdag_operator.section-1 to None, run_after=None
[2025-05-07T19:43:29.633+0000] {logging_mixin.py:188} INFO - [2025-05-07T19:43:29.633+0000] {dag.py:3823} INFO - Setting next_dagrun for example_subdag_operator.section-2 to None, run_after=None
[2025-05-07T19:43:29.648+0000] {processor.py:183} INFO - Processing /home/airflow/.local/lib/python3.8/site-packages/airflow/example_dags/example_subdag_operator.py took 0.116 seconds
[2025-05-07T19:43:59.929+0000] {processor.py:161} INFO - Started process (PID=1277) to work on /home/airflow/.local/lib/python3.8/site-packages/airflow/example_dags/example_subdag_operator.py
[2025-05-07T19:43:59.935+0000] {processor.py:830} INFO - Processing file /home/airflow/.local/lib/python3.8/site-packages/airflow/example_dags/example_subdag_operator.py for tasks to queue
[2025-05-07T19:43:59.940+0000] {logging_mixin.py:188} INFO - [2025-05-07T19:43:59.939+0000] {dagbag.py:538} INFO - Filling up the DagBag from /home/airflow/.local/lib/python3.8/site-packages/airflow/example_dags/example_subdag_operator.py
[2025-05-07T19:43:59.985+0000] {processor.py:840} INFO - DAG(s) 'example_subdag_operator.section-1', 'example_subdag_operator.section-2', 'example_subdag_operator' retrieved from /home/airflow/.local/lib/python3.8/site-packages/airflow/example_dags/example_subdag_operator.py
[2025-05-07T19:44:00.019+0000] {logging_mixin.py:188} INFO - [2025-05-07T19:44:00.019+0000] {dag.py:3036} INFO - Sync 3 DAGs
[2025-05-07T19:44:00.044+0000] {logging_mixin.py:188} INFO - [2025-05-07T19:44:00.044+0000] {dag.py:3823} INFO - Setting next_dagrun for example_subdag_operator to 2022-01-01 00:00:00+00:00, run_after=2022-01-01 00:00:00+00:00
[2025-05-07T19:44:00.048+0000] {logging_mixin.py:188} INFO - [2025-05-07T19:44:00.048+0000] {dag.py:3823} INFO - Setting next_dagrun for example_subdag_operator.section-1 to None, run_after=None
[2025-05-07T19:44:00.050+0000] {logging_mixin.py:188} INFO - [2025-05-07T19:44:00.050+0000] {dag.py:3823} INFO - Setting next_dagrun for example_subdag_operator.section-2 to None, run_after=None
[2025-05-07T19:44:00.058+0000] {logging_mixin.py:188} INFO - [2025-05-07T19:44:00.058+0000] {dag.py:3036} INFO - Sync 2 DAGs
[2025-05-07T19:44:00.064+0000] {logging_mixin.py:188} INFO - [2025-05-07T19:44:00.064+0000] {dag.py:3823} INFO - Setting next_dagrun for example_subdag_operator.section-1 to None, run_after=None
[2025-05-07T19:44:00.065+0000] {logging_mixin.py:188} INFO - [2025-05-07T19:44:00.065+0000] {dag.py:3823} INFO - Setting next_dagrun for example_subdag_operator.section-2 to None, run_after=None
[2025-05-07T19:44:00.079+0000] {processor.py:183} INFO - Processing /home/airflow/.local/lib/python3.8/site-packages/airflow/example_dags/example_subdag_operator.py took 0.156 seconds
[2025-05-07T19:44:30.297+0000] {processor.py:161} INFO - Started process (PID=1334) to work on /home/airflow/.local/lib/python3.8/site-packages/airflow/example_dags/example_subdag_operator.py
[2025-05-07T19:44:30.298+0000] {processor.py:830} INFO - Processing file /home/airflow/.local/lib/python3.8/site-packages/airflow/example_dags/example_subdag_operator.py for tasks to queue
[2025-05-07T19:44:30.301+0000] {logging_mixin.py:188} INFO - [2025-05-07T19:44:30.300+0000] {dagbag.py:538} INFO - Filling up the DagBag from /home/airflow/.local/lib/python3.8/site-packages/airflow/example_dags/example_subdag_operator.py
[2025-05-07T19:44:30.323+0000] {processor.py:840} INFO - DAG(s) 'example_subdag_operator.section-1', 'example_subdag_operator.section-2', 'example_subdag_operator' retrieved from /home/airflow/.local/lib/python3.8/site-packages/airflow/example_dags/example_subdag_operator.py
[2025-05-07T19:44:30.340+0000] {logging_mixin.py:188} INFO - [2025-05-07T19:44:30.340+0000] {dag.py:3036} INFO - Sync 3 DAGs
[2025-05-07T19:44:30.362+0000] {logging_mixin.py:188} INFO - [2025-05-07T19:44:30.361+0000] {dag.py:3823} INFO - Setting next_dagrun for example_subdag_operator to 2022-01-01 00:00:00+00:00, run_after=2022-01-01 00:00:00+00:00
[2025-05-07T19:44:30.366+0000] {logging_mixin.py:188} INFO - [2025-05-07T19:44:30.366+0000] {dag.py:3823} INFO - Setting next_dagrun for example_subdag_operator.section-1 to None, run_after=None
[2025-05-07T19:44:30.370+0000] {logging_mixin.py:188} INFO - [2025-05-07T19:44:30.370+0000] {dag.py:3823} INFO - Setting next_dagrun for example_subdag_operator.section-2 to None, run_after=None
[2025-05-07T19:44:30.379+0000] {logging_mixin.py:188} INFO - [2025-05-07T19:44:30.379+0000] {dag.py:3036} INFO - Sync 2 DAGs
[2025-05-07T19:44:30.388+0000] {logging_mixin.py:188} INFO - [2025-05-07T19:44:30.388+0000] {dag.py:3823} INFO - Setting next_dagrun for example_subdag_operator.section-1 to None, run_after=None
[2025-05-07T19:44:30.389+0000] {logging_mixin.py:188} INFO - [2025-05-07T19:44:30.389+0000] {dag.py:3823} INFO - Setting next_dagrun for example_subdag_operator.section-2 to None, run_after=None
[2025-05-07T19:44:30.404+0000] {processor.py:183} INFO - Processing /home/airflow/.local/lib/python3.8/site-packages/airflow/example_dags/example_subdag_operator.py took 0.110 seconds
[2025-05-07T19:45:00.912+0000] {processor.py:161} INFO - Started process (PID=1391) to work on /home/airflow/.local/lib/python3.8/site-packages/airflow/example_dags/example_subdag_operator.py
[2025-05-07T19:45:00.914+0000] {processor.py:830} INFO - Processing file /home/airflow/.local/lib/python3.8/site-packages/airflow/example_dags/example_subdag_operator.py for tasks to queue
[2025-05-07T19:45:00.917+0000] {logging_mixin.py:188} INFO - [2025-05-07T19:45:00.916+0000] {dagbag.py:538} INFO - Filling up the DagBag from /home/airflow/.local/lib/python3.8/site-packages/airflow/example_dags/example_subdag_operator.py
[2025-05-07T19:45:00.946+0000] {processor.py:840} INFO - DAG(s) 'example_subdag_operator.section-1', 'example_subdag_operator.section-2', 'example_subdag_operator' retrieved from /home/airflow/.local/lib/python3.8/site-packages/airflow/example_dags/example_subdag_operator.py
[2025-05-07T19:45:00.967+0000] {logging_mixin.py:188} INFO - [2025-05-07T19:45:00.966+0000] {dag.py:3036} INFO - Sync 3 DAGs
[2025-05-07T19:45:00.992+0000] {logging_mixin.py:188} INFO - [2025-05-07T19:45:00.992+0000] {dag.py:3823} INFO - Setting next_dagrun for example_subdag_operator to 2022-01-01 00:00:00+00:00, run_after=2022-01-01 00:00:00+00:00
[2025-05-07T19:45:00.997+0000] {logging_mixin.py:188} INFO - [2025-05-07T19:45:00.997+0000] {dag.py:3823} INFO - Setting next_dagrun for example_subdag_operator.section-1 to None, run_after=None
[2025-05-07T19:45:01.000+0000] {logging_mixin.py:188} INFO - [2025-05-07T19:45:00.999+0000] {dag.py:3823} INFO - Setting next_dagrun for example_subdag_operator.section-2 to None, run_after=None
[2025-05-07T19:45:01.008+0000] {logging_mixin.py:188} INFO - [2025-05-07T19:45:01.007+0000] {dag.py:3036} INFO - Sync 2 DAGs
[2025-05-07T19:45:01.016+0000] {logging_mixin.py:188} INFO - [2025-05-07T19:45:01.016+0000] {dag.py:3823} INFO - Setting next_dagrun for example_subdag_operator.section-1 to None, run_after=None
[2025-05-07T19:45:01.017+0000] {logging_mixin.py:188} INFO - [2025-05-07T19:45:01.017+0000] {dag.py:3823} INFO - Setting next_dagrun for example_subdag_operator.section-2 to None, run_after=None
[2025-05-07T19:45:01.037+0000] {processor.py:183} INFO - Processing /home/airflow/.local/lib/python3.8/site-packages/airflow/example_dags/example_subdag_operator.py took 0.130 seconds
[2025-05-07T19:45:31.442+0000] {processor.py:161} INFO - Started process (PID=1448) to work on /home/airflow/.local/lib/python3.8/site-packages/airflow/example_dags/example_subdag_operator.py
[2025-05-07T19:45:31.444+0000] {processor.py:830} INFO - Processing file /home/airflow/.local/lib/python3.8/site-packages/airflow/example_dags/example_subdag_operator.py for tasks to queue
[2025-05-07T19:45:31.447+0000] {logging_mixin.py:188} INFO - [2025-05-07T19:45:31.447+0000] {dagbag.py:538} INFO - Filling up the DagBag from /home/airflow/.local/lib/python3.8/site-packages/airflow/example_dags/example_subdag_operator.py
[2025-05-07T19:45:31.493+0000] {processor.py:840} INFO - DAG(s) 'example_subdag_operator.section-1', 'example_subdag_operator.section-2', 'example_subdag_operator' retrieved from /home/airflow/.local/lib/python3.8/site-packages/airflow/example_dags/example_subdag_operator.py
[2025-05-07T19:45:31.522+0000] {logging_mixin.py:188} INFO - [2025-05-07T19:45:31.521+0000] {dag.py:3036} INFO - Sync 3 DAGs
[2025-05-07T19:45:31.544+0000] {logging_mixin.py:188} INFO - [2025-05-07T19:45:31.544+0000] {dag.py:3823} INFO - Setting next_dagrun for example_subdag_operator to 2022-01-01 00:00:00+00:00, run_after=2022-01-01 00:00:00+00:00
[2025-05-07T19:45:31.549+0000] {logging_mixin.py:188} INFO - [2025-05-07T19:45:31.549+0000] {dag.py:3823} INFO - Setting next_dagrun for example_subdag_operator.section-1 to None, run_after=None
[2025-05-07T19:45:31.551+0000] {logging_mixin.py:188} INFO - [2025-05-07T19:45:31.551+0000] {dag.py:3823} INFO - Setting next_dagrun for example_subdag_operator.section-2 to None, run_after=None
[2025-05-07T19:45:31.559+0000] {logging_mixin.py:188} INFO - [2025-05-07T19:45:31.559+0000] {dag.py:3036} INFO - Sync 2 DAGs
[2025-05-07T19:45:31.565+0000] {logging_mixin.py:188} INFO - [2025-05-07T19:45:31.565+0000] {dag.py:3823} INFO - Setting next_dagrun for example_subdag_operator.section-1 to None, run_after=None
[2025-05-07T19:45:31.566+0000] {logging_mixin.py:188} INFO - [2025-05-07T19:45:31.566+0000] {dag.py:3823} INFO - Setting next_dagrun for example_subdag_operator.section-2 to None, run_after=None
[2025-05-07T19:45:31.581+0000] {processor.py:183} INFO - Processing /home/airflow/.local/lib/python3.8/site-packages/airflow/example_dags/example_subdag_operator.py took 0.144 seconds
[2025-05-07T19:46:02.124+0000] {processor.py:161} INFO - Started process (PID=1505) to work on /home/airflow/.local/lib/python3.8/site-packages/airflow/example_dags/example_subdag_operator.py
[2025-05-07T19:46:02.126+0000] {processor.py:830} INFO - Processing file /home/airflow/.local/lib/python3.8/site-packages/airflow/example_dags/example_subdag_operator.py for tasks to queue
[2025-05-07T19:46:02.129+0000] {logging_mixin.py:188} INFO - [2025-05-07T19:46:02.128+0000] {dagbag.py:538} INFO - Filling up the DagBag from /home/airflow/.local/lib/python3.8/site-packages/airflow/example_dags/example_subdag_operator.py
[2025-05-07T19:46:02.155+0000] {processor.py:840} INFO - DAG(s) 'example_subdag_operator.section-1', 'example_subdag_operator.section-2', 'example_subdag_operator' retrieved from /home/airflow/.local/lib/python3.8/site-packages/airflow/example_dags/example_subdag_operator.py
[2025-05-07T19:46:02.173+0000] {logging_mixin.py:188} INFO - [2025-05-07T19:46:02.173+0000] {dag.py:3036} INFO - Sync 3 DAGs
[2025-05-07T19:46:02.201+0000] {logging_mixin.py:188} INFO - [2025-05-07T19:46:02.200+0000] {dag.py:3823} INFO - Setting next_dagrun for example_subdag_operator to 2022-01-01 00:00:00+00:00, run_after=2022-01-01 00:00:00+00:00
[2025-05-07T19:46:02.206+0000] {logging_mixin.py:188} INFO - [2025-05-07T19:46:02.206+0000] {dag.py:3823} INFO - Setting next_dagrun for example_subdag_operator.section-1 to None, run_after=None
[2025-05-07T19:46:02.208+0000] {logging_mixin.py:188} INFO - [2025-05-07T19:46:02.208+0000] {dag.py:3823} INFO - Setting next_dagrun for example_subdag_operator.section-2 to None, run_after=None
[2025-05-07T19:46:02.218+0000] {logging_mixin.py:188} INFO - [2025-05-07T19:46:02.218+0000] {dag.py:3036} INFO - Sync 2 DAGs
[2025-05-07T19:46:02.225+0000] {logging_mixin.py:188} INFO - [2025-05-07T19:46:02.224+0000] {dag.py:3823} INFO - Setting next_dagrun for example_subdag_operator.section-1 to None, run_after=None
[2025-05-07T19:46:02.226+0000] {logging_mixin.py:188} INFO - [2025-05-07T19:46:02.225+0000] {dag.py:3823} INFO - Setting next_dagrun for example_subdag_operator.section-2 to None, run_after=None
[2025-05-07T19:46:02.243+0000] {processor.py:183} INFO - Processing /home/airflow/.local/lib/python3.8/site-packages/airflow/example_dags/example_subdag_operator.py took 0.123 seconds
[2025-05-07T19:46:32.507+0000] {processor.py:161} INFO - Started process (PID=1562) to work on /home/airflow/.local/lib/python3.8/site-packages/airflow/example_dags/example_subdag_operator.py
[2025-05-07T19:46:32.509+0000] {processor.py:830} INFO - Processing file /home/airflow/.local/lib/python3.8/site-packages/airflow/example_dags/example_subdag_operator.py for tasks to queue
[2025-05-07T19:46:32.512+0000] {logging_mixin.py:188} INFO - [2025-05-07T19:46:32.511+0000] {dagbag.py:538} INFO - Filling up the DagBag from /home/airflow/.local/lib/python3.8/site-packages/airflow/example_dags/example_subdag_operator.py
[2025-05-07T19:46:32.539+0000] {processor.py:840} INFO - DAG(s) 'example_subdag_operator.section-1', 'example_subdag_operator.section-2', 'example_subdag_operator' retrieved from /home/airflow/.local/lib/python3.8/site-packages/airflow/example_dags/example_subdag_operator.py
[2025-05-07T19:46:32.558+0000] {logging_mixin.py:188} INFO - [2025-05-07T19:46:32.558+0000] {dag.py:3036} INFO - Sync 3 DAGs
[2025-05-07T19:46:32.583+0000] {logging_mixin.py:188} INFO - [2025-05-07T19:46:32.582+0000] {dag.py:3823} INFO - Setting next_dagrun for example_subdag_operator to 2022-01-01 00:00:00+00:00, run_after=2022-01-01 00:00:00+00:00
[2025-05-07T19:46:32.588+0000] {logging_mixin.py:188} INFO - [2025-05-07T19:46:32.588+0000] {dag.py:3823} INFO - Setting next_dagrun for example_subdag_operator.section-1 to None, run_after=None
[2025-05-07T19:46:32.590+0000] {logging_mixin.py:188} INFO - [2025-05-07T19:46:32.590+0000] {dag.py:3823} INFO - Setting next_dagrun for example_subdag_operator.section-2 to None, run_after=None
[2025-05-07T19:46:32.599+0000] {logging_mixin.py:188} INFO - [2025-05-07T19:46:32.598+0000] {dag.py:3036} INFO - Sync 2 DAGs
[2025-05-07T19:46:32.604+0000] {logging_mixin.py:188} INFO - [2025-05-07T19:46:32.604+0000] {dag.py:3823} INFO - Setting next_dagrun for example_subdag_operator.section-1 to None, run_after=None
[2025-05-07T19:46:32.605+0000] {logging_mixin.py:188} INFO - [2025-05-07T19:46:32.605+0000] {dag.py:3823} INFO - Setting next_dagrun for example_subdag_operator.section-2 to None, run_after=None
[2025-05-07T19:46:32.617+0000] {processor.py:183} INFO - Processing /home/airflow/.local/lib/python3.8/site-packages/airflow/example_dags/example_subdag_operator.py took 0.113 seconds
[2025-05-07T19:47:03.287+0000] {processor.py:161} INFO - Started process (PID=1620) to work on /home/airflow/.local/lib/python3.8/site-packages/airflow/example_dags/example_subdag_operator.py
[2025-05-07T19:47:03.289+0000] {processor.py:830} INFO - Processing file /home/airflow/.local/lib/python3.8/site-packages/airflow/example_dags/example_subdag_operator.py for tasks to queue
[2025-05-07T19:47:03.291+0000] {logging_mixin.py:188} INFO - [2025-05-07T19:47:03.291+0000] {dagbag.py:538} INFO - Filling up the DagBag from /home/airflow/.local/lib/python3.8/site-packages/airflow/example_dags/example_subdag_operator.py
[2025-05-07T19:47:03.325+0000] {processor.py:840} INFO - DAG(s) 'example_subdag_operator.section-1', 'example_subdag_operator.section-2', 'example_subdag_operator' retrieved from /home/airflow/.local/lib/python3.8/site-packages/airflow/example_dags/example_subdag_operator.py
[2025-05-07T19:47:03.345+0000] {logging_mixin.py:188} INFO - [2025-05-07T19:47:03.345+0000] {dag.py:3036} INFO - Sync 3 DAGs
[2025-05-07T19:47:03.372+0000] {logging_mixin.py:188} INFO - [2025-05-07T19:47:03.372+0000] {dag.py:3823} INFO - Setting next_dagrun for example_subdag_operator to 2022-01-01 00:00:00+00:00, run_after=2022-01-01 00:00:00+00:00
[2025-05-07T19:47:03.377+0000] {logging_mixin.py:188} INFO - [2025-05-07T19:47:03.377+0000] {dag.py:3823} INFO - Setting next_dagrun for example_subdag_operator.section-1 to None, run_after=None
[2025-05-07T19:47:03.380+0000] {logging_mixin.py:188} INFO - [2025-05-07T19:47:03.379+0000] {dag.py:3823} INFO - Setting next_dagrun for example_subdag_operator.section-2 to None, run_after=None
[2025-05-07T19:47:03.390+0000] {logging_mixin.py:188} INFO - [2025-05-07T19:47:03.390+0000] {dag.py:3036} INFO - Sync 2 DAGs
[2025-05-07T19:47:03.398+0000] {logging_mixin.py:188} INFO - [2025-05-07T19:47:03.397+0000] {dag.py:3823} INFO - Setting next_dagrun for example_subdag_operator.section-1 to None, run_after=None
[2025-05-07T19:47:03.399+0000] {logging_mixin.py:188} INFO - [2025-05-07T19:47:03.398+0000] {dag.py:3823} INFO - Setting next_dagrun for example_subdag_operator.section-2 to None, run_after=None
[2025-05-07T19:47:03.417+0000] {processor.py:183} INFO - Processing /home/airflow/.local/lib/python3.8/site-packages/airflow/example_dags/example_subdag_operator.py took 0.135 seconds
[2025-05-07T19:47:33.717+0000] {processor.py:161} INFO - Started process (PID=1677) to work on /home/airflow/.local/lib/python3.8/site-packages/airflow/example_dags/example_subdag_operator.py
[2025-05-07T19:47:33.719+0000] {processor.py:830} INFO - Processing file /home/airflow/.local/lib/python3.8/site-packages/airflow/example_dags/example_subdag_operator.py for tasks to queue
[2025-05-07T19:47:33.721+0000] {logging_mixin.py:188} INFO - [2025-05-07T19:47:33.721+0000] {dagbag.py:538} INFO - Filling up the DagBag from /home/airflow/.local/lib/python3.8/site-packages/airflow/example_dags/example_subdag_operator.py
[2025-05-07T19:47:33.746+0000] {processor.py:840} INFO - DAG(s) 'example_subdag_operator.section-1', 'example_subdag_operator.section-2', 'example_subdag_operator' retrieved from /home/airflow/.local/lib/python3.8/site-packages/airflow/example_dags/example_subdag_operator.py
[2025-05-07T19:47:33.762+0000] {logging_mixin.py:188} INFO - [2025-05-07T19:47:33.762+0000] {dag.py:3036} INFO - Sync 3 DAGs
[2025-05-07T19:47:33.785+0000] {logging_mixin.py:188} INFO - [2025-05-07T19:47:33.785+0000] {dag.py:3823} INFO - Setting next_dagrun for example_subdag_operator to 2022-01-01 00:00:00+00:00, run_after=2022-01-01 00:00:00+00:00
[2025-05-07T19:47:33.790+0000] {logging_mixin.py:188} INFO - [2025-05-07T19:47:33.790+0000] {dag.py:3823} INFO - Setting next_dagrun for example_subdag_operator.section-1 to None, run_after=None
[2025-05-07T19:47:33.792+0000] {logging_mixin.py:188} INFO - [2025-05-07T19:47:33.792+0000] {dag.py:3823} INFO - Setting next_dagrun for example_subdag_operator.section-2 to None, run_after=None
[2025-05-07T19:47:33.800+0000] {logging_mixin.py:188} INFO - [2025-05-07T19:47:33.799+0000] {dag.py:3036} INFO - Sync 2 DAGs
[2025-05-07T19:47:33.805+0000] {logging_mixin.py:188} INFO - [2025-05-07T19:47:33.805+0000] {dag.py:3823} INFO - Setting next_dagrun for example_subdag_operator.section-1 to None, run_after=None
[2025-05-07T19:47:33.806+0000] {logging_mixin.py:188} INFO - [2025-05-07T19:47:33.806+0000] {dag.py:3823} INFO - Setting next_dagrun for example_subdag_operator.section-2 to None, run_after=None
[2025-05-07T19:47:33.822+0000] {processor.py:183} INFO - Processing /home/airflow/.local/lib/python3.8/site-packages/airflow/example_dags/example_subdag_operator.py took 0.109 seconds
[2025-05-07T19:48:04.245+0000] {processor.py:161} INFO - Started process (PID=1734) to work on /home/airflow/.local/lib/python3.8/site-packages/airflow/example_dags/example_subdag_operator.py
[2025-05-07T19:48:04.247+0000] {processor.py:830} INFO - Processing file /home/airflow/.local/lib/python3.8/site-packages/airflow/example_dags/example_subdag_operator.py for tasks to queue
[2025-05-07T19:48:04.252+0000] {logging_mixin.py:188} INFO - [2025-05-07T19:48:04.252+0000] {dagbag.py:538} INFO - Filling up the DagBag from /home/airflow/.local/lib/python3.8/site-packages/airflow/example_dags/example_subdag_operator.py
[2025-05-07T19:48:04.301+0000] {processor.py:840} INFO - DAG(s) 'example_subdag_operator.section-1', 'example_subdag_operator.section-2', 'example_subdag_operator' retrieved from /home/airflow/.local/lib/python3.8/site-packages/airflow/example_dags/example_subdag_operator.py
[2025-05-07T19:48:04.319+0000] {logging_mixin.py:188} INFO - [2025-05-07T19:48:04.319+0000] {dag.py:3036} INFO - Sync 3 DAGs
[2025-05-07T19:48:04.339+0000] {logging_mixin.py:188} INFO - [2025-05-07T19:48:04.339+0000] {dag.py:3823} INFO - Setting next_dagrun for example_subdag_operator to 2022-01-01 00:00:00+00:00, run_after=2022-01-01 00:00:00+00:00
[2025-05-07T19:48:04.344+0000] {logging_mixin.py:188} INFO - [2025-05-07T19:48:04.343+0000] {dag.py:3823} INFO - Setting next_dagrun for example_subdag_operator.section-1 to None, run_after=None
[2025-05-07T19:48:04.348+0000] {logging_mixin.py:188} INFO - [2025-05-07T19:48:04.348+0000] {dag.py:3823} INFO - Setting next_dagrun for example_subdag_operator.section-2 to None, run_after=None
[2025-05-07T19:48:04.355+0000] {logging_mixin.py:188} INFO - [2025-05-07T19:48:04.355+0000] {dag.py:3036} INFO - Sync 2 DAGs
[2025-05-07T19:48:04.361+0000] {logging_mixin.py:188} INFO - [2025-05-07T19:48:04.360+0000] {dag.py:3823} INFO - Setting next_dagrun for example_subdag_operator.section-1 to None, run_after=None
[2025-05-07T19:48:04.363+0000] {logging_mixin.py:188} INFO - [2025-05-07T19:48:04.362+0000] {dag.py:3823} INFO - Setting next_dagrun for example_subdag_operator.section-2 to None, run_after=None
[2025-05-07T19:48:04.380+0000] {processor.py:183} INFO - Processing /home/airflow/.local/lib/python3.8/site-packages/airflow/example_dags/example_subdag_operator.py took 0.141 seconds
[2025-05-07T19:48:35.017+0000] {processor.py:161} INFO - Started process (PID=1791) to work on /home/airflow/.local/lib/python3.8/site-packages/airflow/example_dags/example_subdag_operator.py
[2025-05-07T19:48:35.018+0000] {processor.py:830} INFO - Processing file /home/airflow/.local/lib/python3.8/site-packages/airflow/example_dags/example_subdag_operator.py for tasks to queue
[2025-05-07T19:48:35.020+0000] {logging_mixin.py:188} INFO - [2025-05-07T19:48:35.020+0000] {dagbag.py:538} INFO - Filling up the DagBag from /home/airflow/.local/lib/python3.8/site-packages/airflow/example_dags/example_subdag_operator.py
[2025-05-07T19:48:35.043+0000] {processor.py:840} INFO - DAG(s) 'example_subdag_operator.section-1', 'example_subdag_operator.section-2', 'example_subdag_operator' retrieved from /home/airflow/.local/lib/python3.8/site-packages/airflow/example_dags/example_subdag_operator.py
[2025-05-07T19:48:35.058+0000] {logging_mixin.py:188} INFO - [2025-05-07T19:48:35.057+0000] {dag.py:3036} INFO - Sync 3 DAGs
[2025-05-07T19:48:35.077+0000] {logging_mixin.py:188} INFO - [2025-05-07T19:48:35.076+0000] {dag.py:3823} INFO - Setting next_dagrun for example_subdag_operator to 2022-01-01 00:00:00+00:00, run_after=2022-01-01 00:00:00+00:00
[2025-05-07T19:48:35.081+0000] {logging_mixin.py:188} INFO - [2025-05-07T19:48:35.080+0000] {dag.py:3823} INFO - Setting next_dagrun for example_subdag_operator.section-1 to None, run_after=None
[2025-05-07T19:48:35.083+0000] {logging_mixin.py:188} INFO - [2025-05-07T19:48:35.082+0000] {dag.py:3823} INFO - Setting next_dagrun for example_subdag_operator.section-2 to None, run_after=None
[2025-05-07T19:48:35.090+0000] {logging_mixin.py:188} INFO - [2025-05-07T19:48:35.090+0000] {dag.py:3036} INFO - Sync 2 DAGs
[2025-05-07T19:48:35.095+0000] {logging_mixin.py:188} INFO - [2025-05-07T19:48:35.095+0000] {dag.py:3823} INFO - Setting next_dagrun for example_subdag_operator.section-1 to None, run_after=None
[2025-05-07T19:48:35.095+0000] {logging_mixin.py:188} INFO - [2025-05-07T19:48:35.095+0000] {dag.py:3823} INFO - Setting next_dagrun for example_subdag_operator.section-2 to None, run_after=None
[2025-05-07T19:48:35.109+0000] {processor.py:183} INFO - Processing /home/airflow/.local/lib/python3.8/site-packages/airflow/example_dags/example_subdag_operator.py took 0.096 seconds
[2025-05-07T19:49:05.498+0000] {processor.py:161} INFO - Started process (PID=1847) to work on /home/airflow/.local/lib/python3.8/site-packages/airflow/example_dags/example_subdag_operator.py
[2025-05-07T19:49:05.499+0000] {processor.py:830} INFO - Processing file /home/airflow/.local/lib/python3.8/site-packages/airflow/example_dags/example_subdag_operator.py for tasks to queue
[2025-05-07T19:49:05.501+0000] {logging_mixin.py:188} INFO - [2025-05-07T19:49:05.501+0000] {dagbag.py:538} INFO - Filling up the DagBag from /home/airflow/.local/lib/python3.8/site-packages/airflow/example_dags/example_subdag_operator.py
[2025-05-07T19:49:05.523+0000] {processor.py:840} INFO - DAG(s) 'example_subdag_operator.section-1', 'example_subdag_operator.section-2', 'example_subdag_operator' retrieved from /home/airflow/.local/lib/python3.8/site-packages/airflow/example_dags/example_subdag_operator.py
[2025-05-07T19:49:05.539+0000] {logging_mixin.py:188} INFO - [2025-05-07T19:49:05.539+0000] {dag.py:3036} INFO - Sync 3 DAGs
[2025-05-07T19:49:05.560+0000] {logging_mixin.py:188} INFO - [2025-05-07T19:49:05.559+0000] {dag.py:3823} INFO - Setting next_dagrun for example_subdag_operator to 2022-01-01 00:00:00+00:00, run_after=2022-01-01 00:00:00+00:00
[2025-05-07T19:49:05.564+0000] {logging_mixin.py:188} INFO - [2025-05-07T19:49:05.563+0000] {dag.py:3823} INFO - Setting next_dagrun for example_subdag_operator.section-1 to None, run_after=None
[2025-05-07T19:49:05.565+0000] {logging_mixin.py:188} INFO - [2025-05-07T19:49:05.565+0000] {dag.py:3823} INFO - Setting next_dagrun for example_subdag_operator.section-2 to None, run_after=None
[2025-05-07T19:49:05.572+0000] {logging_mixin.py:188} INFO - [2025-05-07T19:49:05.572+0000] {dag.py:3036} INFO - Sync 2 DAGs
[2025-05-07T19:49:05.578+0000] {logging_mixin.py:188} INFO - [2025-05-07T19:49:05.577+0000] {dag.py:3823} INFO - Setting next_dagrun for example_subdag_operator.section-1 to None, run_after=None
[2025-05-07T19:49:05.578+0000] {logging_mixin.py:188} INFO - [2025-05-07T19:49:05.578+0000] {dag.py:3823} INFO - Setting next_dagrun for example_subdag_operator.section-2 to None, run_after=None
[2025-05-07T19:49:05.596+0000] {processor.py:183} INFO - Processing /home/airflow/.local/lib/python3.8/site-packages/airflow/example_dags/example_subdag_operator.py took 0.101 seconds
[2025-05-07T19:49:35.995+0000] {processor.py:161} INFO - Started process (PID=1904) to work on /home/airflow/.local/lib/python3.8/site-packages/airflow/example_dags/example_subdag_operator.py
[2025-05-07T19:49:35.998+0000] {processor.py:830} INFO - Processing file /home/airflow/.local/lib/python3.8/site-packages/airflow/example_dags/example_subdag_operator.py for tasks to queue
[2025-05-07T19:49:36.002+0000] {logging_mixin.py:188} INFO - [2025-05-07T19:49:36.002+0000] {dagbag.py:538} INFO - Filling up the DagBag from /home/airflow/.local/lib/python3.8/site-packages/airflow/example_dags/example_subdag_operator.py
[2025-05-07T19:49:36.041+0000] {processor.py:840} INFO - DAG(s) 'example_subdag_operator.section-1', 'example_subdag_operator.section-2', 'example_subdag_operator' retrieved from /home/airflow/.local/lib/python3.8/site-packages/airflow/example_dags/example_subdag_operator.py
[2025-05-07T19:49:36.056+0000] {logging_mixin.py:188} INFO - [2025-05-07T19:49:36.056+0000] {dag.py:3036} INFO - Sync 3 DAGs
[2025-05-07T19:49:36.082+0000] {logging_mixin.py:188} INFO - [2025-05-07T19:49:36.082+0000] {dag.py:3823} INFO - Setting next_dagrun for example_subdag_operator to 2022-01-01 00:00:00+00:00, run_after=2022-01-01 00:00:00+00:00
[2025-05-07T19:49:36.088+0000] {logging_mixin.py:188} INFO - [2025-05-07T19:49:36.088+0000] {dag.py:3823} INFO - Setting next_dagrun for example_subdag_operator.section-1 to None, run_after=None
[2025-05-07T19:49:36.091+0000] {logging_mixin.py:188} INFO - [2025-05-07T19:49:36.091+0000] {dag.py:3823} INFO - Setting next_dagrun for example_subdag_operator.section-2 to None, run_after=None
[2025-05-07T19:49:36.105+0000] {logging_mixin.py:188} INFO - [2025-05-07T19:49:36.104+0000] {dag.py:3036} INFO - Sync 2 DAGs
[2025-05-07T19:49:36.115+0000] {logging_mixin.py:188} INFO - [2025-05-07T19:49:36.115+0000] {dag.py:3823} INFO - Setting next_dagrun for example_subdag_operator.section-1 to None, run_after=None
[2025-05-07T19:49:36.117+0000] {logging_mixin.py:188} INFO - [2025-05-07T19:49:36.117+0000] {dag.py:3823} INFO - Setting next_dagrun for example_subdag_operator.section-2 to None, run_after=None
[2025-05-07T19:49:36.145+0000] {processor.py:183} INFO - Processing /home/airflow/.local/lib/python3.8/site-packages/airflow/example_dags/example_subdag_operator.py took 0.157 seconds
[2025-05-07T19:50:06.722+0000] {processor.py:161} INFO - Started process (PID=1961) to work on /home/airflow/.local/lib/python3.8/site-packages/airflow/example_dags/example_subdag_operator.py
[2025-05-07T19:50:06.723+0000] {processor.py:830} INFO - Processing file /home/airflow/.local/lib/python3.8/site-packages/airflow/example_dags/example_subdag_operator.py for tasks to queue
[2025-05-07T19:50:06.725+0000] {logging_mixin.py:188} INFO - [2025-05-07T19:50:06.725+0000] {dagbag.py:538} INFO - Filling up the DagBag from /home/airflow/.local/lib/python3.8/site-packages/airflow/example_dags/example_subdag_operator.py
[2025-05-07T19:50:06.749+0000] {processor.py:840} INFO - DAG(s) 'example_subdag_operator.section-1', 'example_subdag_operator.section-2', 'example_subdag_operator' retrieved from /home/airflow/.local/lib/python3.8/site-packages/airflow/example_dags/example_subdag_operator.py
[2025-05-07T19:50:06.766+0000] {logging_mixin.py:188} INFO - [2025-05-07T19:50:06.766+0000] {dag.py:3036} INFO - Sync 3 DAGs
[2025-05-07T19:50:06.792+0000] {logging_mixin.py:188} INFO - [2025-05-07T19:50:06.792+0000] {dag.py:3823} INFO - Setting next_dagrun for example_subdag_operator to 2022-01-01 00:00:00+00:00, run_after=2022-01-01 00:00:00+00:00
[2025-05-07T19:50:06.798+0000] {logging_mixin.py:188} INFO - [2025-05-07T19:50:06.797+0000] {dag.py:3823} INFO - Setting next_dagrun for example_subdag_operator.section-1 to None, run_after=None
[2025-05-07T19:50:06.802+0000] {logging_mixin.py:188} INFO - [2025-05-07T19:50:06.801+0000] {dag.py:3823} INFO - Setting next_dagrun for example_subdag_operator.section-2 to None, run_after=None
[2025-05-07T19:50:06.810+0000] {logging_mixin.py:188} INFO - [2025-05-07T19:50:06.810+0000] {dag.py:3036} INFO - Sync 2 DAGs
[2025-05-07T19:50:06.816+0000] {logging_mixin.py:188} INFO - [2025-05-07T19:50:06.816+0000] {dag.py:3823} INFO - Setting next_dagrun for example_subdag_operator.section-1 to None, run_after=None
[2025-05-07T19:50:06.817+0000] {logging_mixin.py:188} INFO - [2025-05-07T19:50:06.817+0000] {dag.py:3823} INFO - Setting next_dagrun for example_subdag_operator.section-2 to None, run_after=None
[2025-05-07T19:50:06.831+0000] {processor.py:183} INFO - Processing /home/airflow/.local/lib/python3.8/site-packages/airflow/example_dags/example_subdag_operator.py took 0.112 seconds
[2025-05-07T19:50:37.370+0000] {processor.py:161} INFO - Started process (PID=2018) to work on /home/airflow/.local/lib/python3.8/site-packages/airflow/example_dags/example_subdag_operator.py
[2025-05-07T19:50:37.372+0000] {processor.py:830} INFO - Processing file /home/airflow/.local/lib/python3.8/site-packages/airflow/example_dags/example_subdag_operator.py for tasks to queue
[2025-05-07T19:50:37.374+0000] {logging_mixin.py:188} INFO - [2025-05-07T19:50:37.373+0000] {dagbag.py:538} INFO - Filling up the DagBag from /home/airflow/.local/lib/python3.8/site-packages/airflow/example_dags/example_subdag_operator.py
[2025-05-07T19:50:37.398+0000] {processor.py:840} INFO - DAG(s) 'example_subdag_operator.section-1', 'example_subdag_operator.section-2', 'example_subdag_operator' retrieved from /home/airflow/.local/lib/python3.8/site-packages/airflow/example_dags/example_subdag_operator.py
[2025-05-07T19:50:37.413+0000] {logging_mixin.py:188} INFO - [2025-05-07T19:50:37.413+0000] {dag.py:3036} INFO - Sync 3 DAGs
[2025-05-07T19:50:37.439+0000] {logging_mixin.py:188} INFO - [2025-05-07T19:50:37.439+0000] {dag.py:3823} INFO - Setting next_dagrun for example_subdag_operator to 2022-01-01 00:00:00+00:00, run_after=2022-01-01 00:00:00+00:00
[2025-05-07T19:50:37.446+0000] {logging_mixin.py:188} INFO - [2025-05-07T19:50:37.446+0000] {dag.py:3823} INFO - Setting next_dagrun for example_subdag_operator.section-1 to None, run_after=None
[2025-05-07T19:50:37.450+0000] {logging_mixin.py:188} INFO - [2025-05-07T19:50:37.449+0000] {dag.py:3823} INFO - Setting next_dagrun for example_subdag_operator.section-2 to None, run_after=None
[2025-05-07T19:50:37.470+0000] {logging_mixin.py:188} INFO - [2025-05-07T19:50:37.469+0000] {dag.py:3036} INFO - Sync 2 DAGs
[2025-05-07T19:50:37.481+0000] {logging_mixin.py:188} INFO - [2025-05-07T19:50:37.480+0000] {dag.py:3823} INFO - Setting next_dagrun for example_subdag_operator.section-1 to None, run_after=None
[2025-05-07T19:50:37.482+0000] {logging_mixin.py:188} INFO - [2025-05-07T19:50:37.482+0000] {dag.py:3823} INFO - Setting next_dagrun for example_subdag_operator.section-2 to None, run_after=None
[2025-05-07T19:50:37.502+0000] {processor.py:183} INFO - Processing /home/airflow/.local/lib/python3.8/site-packages/airflow/example_dags/example_subdag_operator.py took 0.135 seconds
[2025-05-07T19:51:07.924+0000] {processor.py:161} INFO - Started process (PID=2075) to work on /home/airflow/.local/lib/python3.8/site-packages/airflow/example_dags/example_subdag_operator.py
[2025-05-07T19:51:07.925+0000] {processor.py:830} INFO - Processing file /home/airflow/.local/lib/python3.8/site-packages/airflow/example_dags/example_subdag_operator.py for tasks to queue
[2025-05-07T19:51:07.927+0000] {logging_mixin.py:188} INFO - [2025-05-07T19:51:07.927+0000] {dagbag.py:538} INFO - Filling up the DagBag from /home/airflow/.local/lib/python3.8/site-packages/airflow/example_dags/example_subdag_operator.py
[2025-05-07T19:51:07.950+0000] {processor.py:840} INFO - DAG(s) 'example_subdag_operator.section-1', 'example_subdag_operator.section-2', 'example_subdag_operator' retrieved from /home/airflow/.local/lib/python3.8/site-packages/airflow/example_dags/example_subdag_operator.py
[2025-05-07T19:51:07.965+0000] {logging_mixin.py:188} INFO - [2025-05-07T19:51:07.965+0000] {dag.py:3036} INFO - Sync 3 DAGs
[2025-05-07T19:51:07.985+0000] {logging_mixin.py:188} INFO - [2025-05-07T19:51:07.985+0000] {dag.py:3823} INFO - Setting next_dagrun for example_subdag_operator to 2022-01-01 00:00:00+00:00, run_after=2022-01-01 00:00:00+00:00
[2025-05-07T19:51:07.989+0000] {logging_mixin.py:188} INFO - [2025-05-07T19:51:07.988+0000] {dag.py:3823} INFO - Setting next_dagrun for example_subdag_operator.section-1 to None, run_after=None
[2025-05-07T19:51:07.991+0000] {logging_mixin.py:188} INFO - [2025-05-07T19:51:07.990+0000] {dag.py:3823} INFO - Setting next_dagrun for example_subdag_operator.section-2 to None, run_after=None
[2025-05-07T19:51:07.998+0000] {logging_mixin.py:188} INFO - [2025-05-07T19:51:07.997+0000] {dag.py:3036} INFO - Sync 2 DAGs
[2025-05-07T19:51:08.003+0000] {logging_mixin.py:188} INFO - [2025-05-07T19:51:08.003+0000] {dag.py:3823} INFO - Setting next_dagrun for example_subdag_operator.section-1 to None, run_after=None
[2025-05-07T19:51:08.004+0000] {logging_mixin.py:188} INFO - [2025-05-07T19:51:08.004+0000] {dag.py:3823} INFO - Setting next_dagrun for example_subdag_operator.section-2 to None, run_after=None
[2025-05-07T19:51:08.018+0000] {processor.py:183} INFO - Processing /home/airflow/.local/lib/python3.8/site-packages/airflow/example_dags/example_subdag_operator.py took 0.097 seconds
[2025-05-07T19:51:38.489+0000] {processor.py:161} INFO - Started process (PID=2132) to work on /home/airflow/.local/lib/python3.8/site-packages/airflow/example_dags/example_subdag_operator.py
[2025-05-07T19:51:38.491+0000] {processor.py:830} INFO - Processing file /home/airflow/.local/lib/python3.8/site-packages/airflow/example_dags/example_subdag_operator.py for tasks to queue
[2025-05-07T19:51:38.495+0000] {logging_mixin.py:188} INFO - [2025-05-07T19:51:38.494+0000] {dagbag.py:538} INFO - Filling up the DagBag from /home/airflow/.local/lib/python3.8/site-packages/airflow/example_dags/example_subdag_operator.py
[2025-05-07T19:51:38.527+0000] {processor.py:840} INFO - DAG(s) 'example_subdag_operator.section-1', 'example_subdag_operator.section-2', 'example_subdag_operator' retrieved from /home/airflow/.local/lib/python3.8/site-packages/airflow/example_dags/example_subdag_operator.py
[2025-05-07T19:51:38.543+0000] {logging_mixin.py:188} INFO - [2025-05-07T19:51:38.543+0000] {dag.py:3036} INFO - Sync 3 DAGs
[2025-05-07T19:51:38.563+0000] {logging_mixin.py:188} INFO - [2025-05-07T19:51:38.563+0000] {dag.py:3823} INFO - Setting next_dagrun for example_subdag_operator to 2022-01-01 00:00:00+00:00, run_after=2022-01-01 00:00:00+00:00
[2025-05-07T19:51:38.567+0000] {logging_mixin.py:188} INFO - [2025-05-07T19:51:38.567+0000] {dag.py:3823} INFO - Setting next_dagrun for example_subdag_operator.section-1 to None, run_after=None
[2025-05-07T19:51:38.568+0000] {logging_mixin.py:188} INFO - [2025-05-07T19:51:38.568+0000] {dag.py:3823} INFO - Setting next_dagrun for example_subdag_operator.section-2 to None, run_after=None
[2025-05-07T19:51:38.575+0000] {logging_mixin.py:188} INFO - [2025-05-07T19:51:38.575+0000] {dag.py:3036} INFO - Sync 2 DAGs
[2025-05-07T19:51:38.580+0000] {logging_mixin.py:188} INFO - [2025-05-07T19:51:38.580+0000] {dag.py:3823} INFO - Setting next_dagrun for example_subdag_operator.section-1 to None, run_after=None
[2025-05-07T19:51:38.581+0000] {logging_mixin.py:188} INFO - [2025-05-07T19:51:38.581+0000] {dag.py:3823} INFO - Setting next_dagrun for example_subdag_operator.section-2 to None, run_after=None
[2025-05-07T19:51:38.594+0000] {processor.py:183} INFO - Processing /home/airflow/.local/lib/python3.8/site-packages/airflow/example_dags/example_subdag_operator.py took 0.111 seconds
[2025-05-07T19:52:09.439+0000] {processor.py:161} INFO - Started process (PID=2189) to work on /home/airflow/.local/lib/python3.8/site-packages/airflow/example_dags/example_subdag_operator.py
[2025-05-07T19:52:09.441+0000] {processor.py:830} INFO - Processing file /home/airflow/.local/lib/python3.8/site-packages/airflow/example_dags/example_subdag_operator.py for tasks to queue
[2025-05-07T19:52:09.443+0000] {logging_mixin.py:188} INFO - [2025-05-07T19:52:09.442+0000] {dagbag.py:538} INFO - Filling up the DagBag from /home/airflow/.local/lib/python3.8/site-packages/airflow/example_dags/example_subdag_operator.py
[2025-05-07T19:52:09.470+0000] {processor.py:840} INFO - DAG(s) 'example_subdag_operator.section-1', 'example_subdag_operator.section-2', 'example_subdag_operator' retrieved from /home/airflow/.local/lib/python3.8/site-packages/airflow/example_dags/example_subdag_operator.py
[2025-05-07T19:52:09.488+0000] {logging_mixin.py:188} INFO - [2025-05-07T19:52:09.488+0000] {dag.py:3036} INFO - Sync 3 DAGs
[2025-05-07T19:52:09.509+0000] {logging_mixin.py:188} INFO - [2025-05-07T19:52:09.509+0000] {dag.py:3823} INFO - Setting next_dagrun for example_subdag_operator to 2022-01-01 00:00:00+00:00, run_after=2022-01-01 00:00:00+00:00
[2025-05-07T19:52:09.513+0000] {logging_mixin.py:188} INFO - [2025-05-07T19:52:09.513+0000] {dag.py:3823} INFO - Setting next_dagrun for example_subdag_operator.section-1 to None, run_after=None
[2025-05-07T19:52:09.516+0000] {logging_mixin.py:188} INFO - [2025-05-07T19:52:09.516+0000] {dag.py:3823} INFO - Setting next_dagrun for example_subdag_operator.section-2 to None, run_after=None
[2025-05-07T19:52:09.523+0000] {logging_mixin.py:188} INFO - [2025-05-07T19:52:09.523+0000] {dag.py:3036} INFO - Sync 2 DAGs
[2025-05-07T19:52:09.529+0000] {logging_mixin.py:188} INFO - [2025-05-07T19:52:09.529+0000] {dag.py:3823} INFO - Setting next_dagrun for example_subdag_operator.section-1 to None, run_after=None
[2025-05-07T19:52:09.530+0000] {logging_mixin.py:188} INFO - [2025-05-07T19:52:09.530+0000] {dag.py:3823} INFO - Setting next_dagrun for example_subdag_operator.section-2 to None, run_after=None
[2025-05-07T19:52:09.546+0000] {processor.py:183} INFO - Processing /home/airflow/.local/lib/python3.8/site-packages/airflow/example_dags/example_subdag_operator.py took 0.112 seconds
[2025-05-07T19:52:40.235+0000] {processor.py:161} INFO - Started process (PID=2246) to work on /home/airflow/.local/lib/python3.8/site-packages/airflow/example_dags/example_subdag_operator.py
[2025-05-07T19:52:40.237+0000] {processor.py:830} INFO - Processing file /home/airflow/.local/lib/python3.8/site-packages/airflow/example_dags/example_subdag_operator.py for tasks to queue
[2025-05-07T19:52:40.240+0000] {logging_mixin.py:188} INFO - [2025-05-07T19:52:40.240+0000] {dagbag.py:538} INFO - Filling up the DagBag from /home/airflow/.local/lib/python3.8/site-packages/airflow/example_dags/example_subdag_operator.py
[2025-05-07T19:52:40.275+0000] {processor.py:840} INFO - DAG(s) 'example_subdag_operator.section-1', 'example_subdag_operator.section-2', 'example_subdag_operator' retrieved from /home/airflow/.local/lib/python3.8/site-packages/airflow/example_dags/example_subdag_operator.py
[2025-05-07T19:52:40.293+0000] {logging_mixin.py:188} INFO - [2025-05-07T19:52:40.293+0000] {dag.py:3036} INFO - Sync 3 DAGs
[2025-05-07T19:52:40.321+0000] {logging_mixin.py:188} INFO - [2025-05-07T19:52:40.321+0000] {dag.py:3823} INFO - Setting next_dagrun for example_subdag_operator to 2022-01-01 00:00:00+00:00, run_after=2022-01-01 00:00:00+00:00
[2025-05-07T19:52:40.327+0000] {logging_mixin.py:188} INFO - [2025-05-07T19:52:40.327+0000] {dag.py:3823} INFO - Setting next_dagrun for example_subdag_operator.section-1 to None, run_after=None
[2025-05-07T19:52:40.330+0000] {logging_mixin.py:188} INFO - [2025-05-07T19:52:40.330+0000] {dag.py:3823} INFO - Setting next_dagrun for example_subdag_operator.section-2 to None, run_after=None
[2025-05-07T19:52:40.339+0000] {logging_mixin.py:188} INFO - [2025-05-07T19:52:40.338+0000] {dag.py:3036} INFO - Sync 2 DAGs
[2025-05-07T19:52:40.344+0000] {logging_mixin.py:188} INFO - [2025-05-07T19:52:40.344+0000] {dag.py:3823} INFO - Setting next_dagrun for example_subdag_operator.section-1 to None, run_after=None
[2025-05-07T19:52:40.346+0000] {logging_mixin.py:188} INFO - [2025-05-07T19:52:40.346+0000] {dag.py:3823} INFO - Setting next_dagrun for example_subdag_operator.section-2 to None, run_after=None
[2025-05-07T19:52:40.363+0000] {processor.py:183} INFO - Processing /home/airflow/.local/lib/python3.8/site-packages/airflow/example_dags/example_subdag_operator.py took 0.131 seconds
[2025-05-07T19:53:10.549+0000] {processor.py:161} INFO - Started process (PID=2303) to work on /home/airflow/.local/lib/python3.8/site-packages/airflow/example_dags/example_subdag_operator.py
[2025-05-07T19:53:10.550+0000] {processor.py:830} INFO - Processing file /home/airflow/.local/lib/python3.8/site-packages/airflow/example_dags/example_subdag_operator.py for tasks to queue
[2025-05-07T19:53:10.552+0000] {logging_mixin.py:188} INFO - [2025-05-07T19:53:10.552+0000] {dagbag.py:538} INFO - Filling up the DagBag from /home/airflow/.local/lib/python3.8/site-packages/airflow/example_dags/example_subdag_operator.py
[2025-05-07T19:53:10.579+0000] {processor.py:840} INFO - DAG(s) 'example_subdag_operator.section-1', 'example_subdag_operator.section-2', 'example_subdag_operator' retrieved from /home/airflow/.local/lib/python3.8/site-packages/airflow/example_dags/example_subdag_operator.py
[2025-05-07T19:53:10.596+0000] {logging_mixin.py:188} INFO - [2025-05-07T19:53:10.595+0000] {dag.py:3036} INFO - Sync 3 DAGs
[2025-05-07T19:53:10.620+0000] {logging_mixin.py:188} INFO - [2025-05-07T19:53:10.619+0000] {dag.py:3823} INFO - Setting next_dagrun for example_subdag_operator to 2022-01-01 00:00:00+00:00, run_after=2022-01-01 00:00:00+00:00
[2025-05-07T19:53:10.624+0000] {logging_mixin.py:188} INFO - [2025-05-07T19:53:10.624+0000] {dag.py:3823} INFO - Setting next_dagrun for example_subdag_operator.section-1 to None, run_after=None
[2025-05-07T19:53:10.628+0000] {logging_mixin.py:188} INFO - [2025-05-07T19:53:10.627+0000] {dag.py:3823} INFO - Setting next_dagrun for example_subdag_operator.section-2 to None, run_after=None
[2025-05-07T19:53:10.772+0000] {logging_mixin.py:188} INFO - [2025-05-07T19:53:10.772+0000] {dag.py:3036} INFO - Sync 2 DAGs
[2025-05-07T19:53:10.779+0000] {logging_mixin.py:188} INFO - [2025-05-07T19:53:10.778+0000] {dag.py:3823} INFO - Setting next_dagrun for example_subdag_operator.section-1 to None, run_after=None
[2025-05-07T19:53:10.780+0000] {logging_mixin.py:188} INFO - [2025-05-07T19:53:10.779+0000] {dag.py:3823} INFO - Setting next_dagrun for example_subdag_operator.section-2 to None, run_after=None
[2025-05-07T19:53:10.797+0000] {processor.py:183} INFO - Processing /home/airflow/.local/lib/python3.8/site-packages/airflow/example_dags/example_subdag_operator.py took 0.252 seconds
[2025-05-07T19:53:41.032+0000] {processor.py:161} INFO - Started process (PID=2360) to work on /home/airflow/.local/lib/python3.8/site-packages/airflow/example_dags/example_subdag_operator.py
[2025-05-07T19:53:41.036+0000] {processor.py:830} INFO - Processing file /home/airflow/.local/lib/python3.8/site-packages/airflow/example_dags/example_subdag_operator.py for tasks to queue
[2025-05-07T19:53:41.041+0000] {logging_mixin.py:188} INFO - [2025-05-07T19:53:41.041+0000] {dagbag.py:538} INFO - Filling up the DagBag from /home/airflow/.local/lib/python3.8/site-packages/airflow/example_dags/example_subdag_operator.py
[2025-05-07T19:53:41.073+0000] {processor.py:840} INFO - DAG(s) 'example_subdag_operator.section-1', 'example_subdag_operator.section-2', 'example_subdag_operator' retrieved from /home/airflow/.local/lib/python3.8/site-packages/airflow/example_dags/example_subdag_operator.py
[2025-05-07T19:53:41.089+0000] {logging_mixin.py:188} INFO - [2025-05-07T19:53:41.089+0000] {dag.py:3036} INFO - Sync 3 DAGs
[2025-05-07T19:53:41.109+0000] {logging_mixin.py:188} INFO - [2025-05-07T19:53:41.109+0000] {dag.py:3823} INFO - Setting next_dagrun for example_subdag_operator to 2022-01-01 00:00:00+00:00, run_after=2022-01-01 00:00:00+00:00
[2025-05-07T19:53:41.114+0000] {logging_mixin.py:188} INFO - [2025-05-07T19:53:41.114+0000] {dag.py:3823} INFO - Setting next_dagrun for example_subdag_operator.section-1 to None, run_after=None
[2025-05-07T19:53:41.118+0000] {logging_mixin.py:188} INFO - [2025-05-07T19:53:41.118+0000] {dag.py:3823} INFO - Setting next_dagrun for example_subdag_operator.section-2 to None, run_after=None
[2025-05-07T19:53:41.128+0000] {logging_mixin.py:188} INFO - [2025-05-07T19:53:41.128+0000] {dag.py:3036} INFO - Sync 2 DAGs
[2025-05-07T19:53:41.134+0000] {logging_mixin.py:188} INFO - [2025-05-07T19:53:41.133+0000] {dag.py:3823} INFO - Setting next_dagrun for example_subdag_operator.section-1 to None, run_after=None
[2025-05-07T19:53:41.136+0000] {logging_mixin.py:188} INFO - [2025-05-07T19:53:41.136+0000] {dag.py:3823} INFO - Setting next_dagrun for example_subdag_operator.section-2 to None, run_after=None
[2025-05-07T19:53:41.153+0000] {processor.py:183} INFO - Processing /home/airflow/.local/lib/python3.8/site-packages/airflow/example_dags/example_subdag_operator.py took 0.128 seconds
[2025-05-07T19:54:11.861+0000] {processor.py:161} INFO - Started process (PID=2417) to work on /home/airflow/.local/lib/python3.8/site-packages/airflow/example_dags/example_subdag_operator.py
[2025-05-07T19:54:11.864+0000] {processor.py:830} INFO - Processing file /home/airflow/.local/lib/python3.8/site-packages/airflow/example_dags/example_subdag_operator.py for tasks to queue
[2025-05-07T19:54:11.868+0000] {logging_mixin.py:188} INFO - [2025-05-07T19:54:11.868+0000] {dagbag.py:538} INFO - Filling up the DagBag from /home/airflow/.local/lib/python3.8/site-packages/airflow/example_dags/example_subdag_operator.py
[2025-05-07T19:54:11.916+0000] {processor.py:840} INFO - DAG(s) 'example_subdag_operator.section-1', 'example_subdag_operator.section-2', 'example_subdag_operator' retrieved from /home/airflow/.local/lib/python3.8/site-packages/airflow/example_dags/example_subdag_operator.py
[2025-05-07T19:54:11.944+0000] {logging_mixin.py:188} INFO - [2025-05-07T19:54:11.944+0000] {dag.py:3036} INFO - Sync 3 DAGs
[2025-05-07T19:54:11.984+0000] {logging_mixin.py:188} INFO - [2025-05-07T19:54:11.983+0000] {dag.py:3823} INFO - Setting next_dagrun for example_subdag_operator to 2022-01-01 00:00:00+00:00, run_after=2022-01-01 00:00:00+00:00
[2025-05-07T19:54:11.992+0000] {logging_mixin.py:188} INFO - [2025-05-07T19:54:11.991+0000] {dag.py:3823} INFO - Setting next_dagrun for example_subdag_operator.section-1 to None, run_after=None
[2025-05-07T19:54:11.995+0000] {logging_mixin.py:188} INFO - [2025-05-07T19:54:11.995+0000] {dag.py:3823} INFO - Setting next_dagrun for example_subdag_operator.section-2 to None, run_after=None
[2025-05-07T19:54:12.006+0000] {logging_mixin.py:188} INFO - [2025-05-07T19:54:12.005+0000] {dag.py:3036} INFO - Sync 2 DAGs
[2025-05-07T19:54:12.011+0000] {logging_mixin.py:188} INFO - [2025-05-07T19:54:12.011+0000] {dag.py:3823} INFO - Setting next_dagrun for example_subdag_operator.section-1 to None, run_after=None
[2025-05-07T19:54:12.012+0000] {logging_mixin.py:188} INFO - [2025-05-07T19:54:12.011+0000] {dag.py:3823} INFO - Setting next_dagrun for example_subdag_operator.section-2 to None, run_after=None
[2025-05-07T19:54:12.028+0000] {processor.py:183} INFO - Processing /home/airflow/.local/lib/python3.8/site-packages/airflow/example_dags/example_subdag_operator.py took 0.174 seconds
[2025-05-07T19:54:42.470+0000] {processor.py:161} INFO - Started process (PID=2474) to work on /home/airflow/.local/lib/python3.8/site-packages/airflow/example_dags/example_subdag_operator.py
[2025-05-07T19:54:42.472+0000] {processor.py:830} INFO - Processing file /home/airflow/.local/lib/python3.8/site-packages/airflow/example_dags/example_subdag_operator.py for tasks to queue
[2025-05-07T19:54:42.474+0000] {logging_mixin.py:188} INFO - [2025-05-07T19:54:42.474+0000] {dagbag.py:538} INFO - Filling up the DagBag from /home/airflow/.local/lib/python3.8/site-packages/airflow/example_dags/example_subdag_operator.py
[2025-05-07T19:54:42.504+0000] {processor.py:840} INFO - DAG(s) 'example_subdag_operator.section-1', 'example_subdag_operator.section-2', 'example_subdag_operator' retrieved from /home/airflow/.local/lib/python3.8/site-packages/airflow/example_dags/example_subdag_operator.py
[2025-05-07T19:54:42.521+0000] {logging_mixin.py:188} INFO - [2025-05-07T19:54:42.521+0000] {dag.py:3036} INFO - Sync 3 DAGs
[2025-05-07T19:54:42.545+0000] {logging_mixin.py:188} INFO - [2025-05-07T19:54:42.545+0000] {dag.py:3823} INFO - Setting next_dagrun for example_subdag_operator to 2022-01-01 00:00:00+00:00, run_after=2022-01-01 00:00:00+00:00
[2025-05-07T19:54:42.550+0000] {logging_mixin.py:188} INFO - [2025-05-07T19:54:42.549+0000] {dag.py:3823} INFO - Setting next_dagrun for example_subdag_operator.section-1 to None, run_after=None
[2025-05-07T19:54:42.551+0000] {logging_mixin.py:188} INFO - [2025-05-07T19:54:42.551+0000] {dag.py:3823} INFO - Setting next_dagrun for example_subdag_operator.section-2 to None, run_after=None
[2025-05-07T19:54:42.559+0000] {logging_mixin.py:188} INFO - [2025-05-07T19:54:42.559+0000] {dag.py:3036} INFO - Sync 2 DAGs
[2025-05-07T19:54:42.565+0000] {logging_mixin.py:188} INFO - [2025-05-07T19:54:42.564+0000] {dag.py:3823} INFO - Setting next_dagrun for example_subdag_operator.section-1 to None, run_after=None
[2025-05-07T19:54:42.566+0000] {logging_mixin.py:188} INFO - [2025-05-07T19:54:42.565+0000] {dag.py:3823} INFO - Setting next_dagrun for example_subdag_operator.section-2 to None, run_after=None
[2025-05-07T19:54:42.590+0000] {processor.py:183} INFO - Processing /home/airflow/.local/lib/python3.8/site-packages/airflow/example_dags/example_subdag_operator.py took 0.123 seconds
[2025-05-07T19:55:12.862+0000] {processor.py:161} INFO - Started process (PID=2531) to work on /home/airflow/.local/lib/python3.8/site-packages/airflow/example_dags/example_subdag_operator.py
[2025-05-07T19:55:12.864+0000] {processor.py:830} INFO - Processing file /home/airflow/.local/lib/python3.8/site-packages/airflow/example_dags/example_subdag_operator.py for tasks to queue
[2025-05-07T19:55:12.867+0000] {logging_mixin.py:188} INFO - [2025-05-07T19:55:12.867+0000] {dagbag.py:538} INFO - Filling up the DagBag from /home/airflow/.local/lib/python3.8/site-packages/airflow/example_dags/example_subdag_operator.py
[2025-05-07T19:55:12.893+0000] {processor.py:840} INFO - DAG(s) 'example_subdag_operator.section-1', 'example_subdag_operator.section-2', 'example_subdag_operator' retrieved from /home/airflow/.local/lib/python3.8/site-packages/airflow/example_dags/example_subdag_operator.py
[2025-05-07T19:55:12.911+0000] {logging_mixin.py:188} INFO - [2025-05-07T19:55:12.911+0000] {dag.py:3036} INFO - Sync 3 DAGs
[2025-05-07T19:55:12.933+0000] {logging_mixin.py:188} INFO - [2025-05-07T19:55:12.933+0000] {dag.py:3823} INFO - Setting next_dagrun for example_subdag_operator to 2022-01-01 00:00:00+00:00, run_after=2022-01-01 00:00:00+00:00
[2025-05-07T19:55:12.938+0000] {logging_mixin.py:188} INFO - [2025-05-07T19:55:12.937+0000] {dag.py:3823} INFO - Setting next_dagrun for example_subdag_operator.section-1 to None, run_after=None
[2025-05-07T19:55:12.941+0000] {logging_mixin.py:188} INFO - [2025-05-07T19:55:12.941+0000] {dag.py:3823} INFO - Setting next_dagrun for example_subdag_operator.section-2 to None, run_after=None
[2025-05-07T19:55:12.951+0000] {logging_mixin.py:188} INFO - [2025-05-07T19:55:12.951+0000] {dag.py:3036} INFO - Sync 2 DAGs
[2025-05-07T19:55:12.957+0000] {logging_mixin.py:188} INFO - [2025-05-07T19:55:12.957+0000] {dag.py:3823} INFO - Setting next_dagrun for example_subdag_operator.section-1 to None, run_after=None
[2025-05-07T19:55:12.959+0000] {logging_mixin.py:188} INFO - [2025-05-07T19:55:12.958+0000] {dag.py:3823} INFO - Setting next_dagrun for example_subdag_operator.section-2 to None, run_after=None
[2025-05-07T19:55:12.988+0000] {processor.py:183} INFO - Processing /home/airflow/.local/lib/python3.8/site-packages/airflow/example_dags/example_subdag_operator.py took 0.129 seconds
[2025-05-07T19:55:44.587+0000] {processor.py:161} INFO - Started process (PID=2588) to work on /home/airflow/.local/lib/python3.8/site-packages/airflow/example_dags/example_subdag_operator.py
[2025-05-07T19:55:44.590+0000] {processor.py:830} INFO - Processing file /home/airflow/.local/lib/python3.8/site-packages/airflow/example_dags/example_subdag_operator.py for tasks to queue
[2025-05-07T19:55:44.594+0000] {logging_mixin.py:188} INFO - [2025-05-07T19:55:44.593+0000] {dagbag.py:538} INFO - Filling up the DagBag from /home/airflow/.local/lib/python3.8/site-packages/airflow/example_dags/example_subdag_operator.py
[2025-05-07T19:55:44.631+0000] {processor.py:840} INFO - DAG(s) 'example_subdag_operator.section-1', 'example_subdag_operator.section-2', 'example_subdag_operator' retrieved from /home/airflow/.local/lib/python3.8/site-packages/airflow/example_dags/example_subdag_operator.py
[2025-05-07T19:55:44.649+0000] {logging_mixin.py:188} INFO - [2025-05-07T19:55:44.649+0000] {dag.py:3036} INFO - Sync 3 DAGs
[2025-05-07T19:55:44.789+0000] {logging_mixin.py:188} INFO - [2025-05-07T19:55:44.789+0000] {dag.py:3823} INFO - Setting next_dagrun for example_subdag_operator to 2022-01-01 00:00:00+00:00, run_after=2022-01-01 00:00:00+00:00
[2025-05-07T19:55:44.793+0000] {logging_mixin.py:188} INFO - [2025-05-07T19:55:44.793+0000] {dag.py:3823} INFO - Setting next_dagrun for example_subdag_operator.section-1 to None, run_after=None
[2025-05-07T19:55:44.795+0000] {logging_mixin.py:188} INFO - [2025-05-07T19:55:44.795+0000] {dag.py:3823} INFO - Setting next_dagrun for example_subdag_operator.section-2 to None, run_after=None
[2025-05-07T19:55:44.802+0000] {logging_mixin.py:188} INFO - [2025-05-07T19:55:44.801+0000] {dag.py:3036} INFO - Sync 2 DAGs
[2025-05-07T19:55:44.807+0000] {logging_mixin.py:188} INFO - [2025-05-07T19:55:44.807+0000] {dag.py:3823} INFO - Setting next_dagrun for example_subdag_operator.section-1 to None, run_after=None
[2025-05-07T19:55:44.808+0000] {logging_mixin.py:188} INFO - [2025-05-07T19:55:44.808+0000] {dag.py:3823} INFO - Setting next_dagrun for example_subdag_operator.section-2 to None, run_after=None
[2025-05-07T19:55:44.826+0000] {processor.py:183} INFO - Processing /home/airflow/.local/lib/python3.8/site-packages/airflow/example_dags/example_subdag_operator.py took 0.246 seconds
[2025-05-07T19:56:15.171+0000] {processor.py:161} INFO - Started process (PID=2645) to work on /home/airflow/.local/lib/python3.8/site-packages/airflow/example_dags/example_subdag_operator.py
[2025-05-07T19:56:15.174+0000] {processor.py:830} INFO - Processing file /home/airflow/.local/lib/python3.8/site-packages/airflow/example_dags/example_subdag_operator.py for tasks to queue
[2025-05-07T19:56:15.180+0000] {logging_mixin.py:188} INFO - [2025-05-07T19:56:15.179+0000] {dagbag.py:538} INFO - Filling up the DagBag from /home/airflow/.local/lib/python3.8/site-packages/airflow/example_dags/example_subdag_operator.py
[2025-05-07T19:56:15.222+0000] {processor.py:840} INFO - DAG(s) 'example_subdag_operator.section-1', 'example_subdag_operator.section-2', 'example_subdag_operator' retrieved from /home/airflow/.local/lib/python3.8/site-packages/airflow/example_dags/example_subdag_operator.py
[2025-05-07T19:56:15.247+0000] {logging_mixin.py:188} INFO - [2025-05-07T19:56:15.246+0000] {dag.py:3036} INFO - Sync 3 DAGs
[2025-05-07T19:56:15.396+0000] {logging_mixin.py:188} INFO - [2025-05-07T19:56:15.396+0000] {dag.py:3823} INFO - Setting next_dagrun for example_subdag_operator to 2022-01-01 00:00:00+00:00, run_after=2022-01-01 00:00:00+00:00
[2025-05-07T19:56:15.400+0000] {logging_mixin.py:188} INFO - [2025-05-07T19:56:15.400+0000] {dag.py:3823} INFO - Setting next_dagrun for example_subdag_operator.section-1 to None, run_after=None
[2025-05-07T19:56:15.401+0000] {logging_mixin.py:188} INFO - [2025-05-07T19:56:15.401+0000] {dag.py:3823} INFO - Setting next_dagrun for example_subdag_operator.section-2 to None, run_after=None
[2025-05-07T19:56:15.409+0000] {logging_mixin.py:188} INFO - [2025-05-07T19:56:15.408+0000] {dag.py:3036} INFO - Sync 2 DAGs
[2025-05-07T19:56:15.414+0000] {logging_mixin.py:188} INFO - [2025-05-07T19:56:15.414+0000] {dag.py:3823} INFO - Setting next_dagrun for example_subdag_operator.section-1 to None, run_after=None
[2025-05-07T19:56:15.418+0000] {logging_mixin.py:188} INFO - [2025-05-07T19:56:15.418+0000] {dag.py:3823} INFO - Setting next_dagrun for example_subdag_operator.section-2 to None, run_after=None
[2025-05-07T19:56:15.434+0000] {processor.py:183} INFO - Processing /home/airflow/.local/lib/python3.8/site-packages/airflow/example_dags/example_subdag_operator.py took 0.270 seconds
[2025-05-07T19:56:46.062+0000] {processor.py:161} INFO - Started process (PID=2702) to work on /home/airflow/.local/lib/python3.8/site-packages/airflow/example_dags/example_subdag_operator.py
[2025-05-07T19:56:46.067+0000] {processor.py:830} INFO - Processing file /home/airflow/.local/lib/python3.8/site-packages/airflow/example_dags/example_subdag_operator.py for tasks to queue
[2025-05-07T19:56:46.072+0000] {logging_mixin.py:188} INFO - [2025-05-07T19:56:46.071+0000] {dagbag.py:538} INFO - Filling up the DagBag from /home/airflow/.local/lib/python3.8/site-packages/airflow/example_dags/example_subdag_operator.py
[2025-05-07T19:56:46.111+0000] {processor.py:840} INFO - DAG(s) 'example_subdag_operator.section-1', 'example_subdag_operator.section-2', 'example_subdag_operator' retrieved from /home/airflow/.local/lib/python3.8/site-packages/airflow/example_dags/example_subdag_operator.py
[2025-05-07T19:56:46.128+0000] {logging_mixin.py:188} INFO - [2025-05-07T19:56:46.128+0000] {dag.py:3036} INFO - Sync 3 DAGs
[2025-05-07T19:56:46.151+0000] {logging_mixin.py:188} INFO - [2025-05-07T19:56:46.151+0000] {dag.py:3823} INFO - Setting next_dagrun for example_subdag_operator to 2022-01-01 00:00:00+00:00, run_after=2022-01-01 00:00:00+00:00
[2025-05-07T19:56:46.155+0000] {logging_mixin.py:188} INFO - [2025-05-07T19:56:46.155+0000] {dag.py:3823} INFO - Setting next_dagrun for example_subdag_operator.section-1 to None, run_after=None
[2025-05-07T19:56:46.157+0000] {logging_mixin.py:188} INFO - [2025-05-07T19:56:46.157+0000] {dag.py:3823} INFO - Setting next_dagrun for example_subdag_operator.section-2 to None, run_after=None
[2025-05-07T19:56:46.165+0000] {logging_mixin.py:188} INFO - [2025-05-07T19:56:46.165+0000] {dag.py:3036} INFO - Sync 2 DAGs
[2025-05-07T19:56:46.171+0000] {logging_mixin.py:188} INFO - [2025-05-07T19:56:46.171+0000] {dag.py:3823} INFO - Setting next_dagrun for example_subdag_operator.section-1 to None, run_after=None
[2025-05-07T19:56:46.173+0000] {logging_mixin.py:188} INFO - [2025-05-07T19:56:46.173+0000] {dag.py:3823} INFO - Setting next_dagrun for example_subdag_operator.section-2 to None, run_after=None
[2025-05-07T19:56:46.191+0000] {processor.py:183} INFO - Processing /home/airflow/.local/lib/python3.8/site-packages/airflow/example_dags/example_subdag_operator.py took 0.134 seconds
[2025-05-07T19:57:16.938+0000] {processor.py:161} INFO - Started process (PID=2759) to work on /home/airflow/.local/lib/python3.8/site-packages/airflow/example_dags/example_subdag_operator.py
[2025-05-07T19:57:16.940+0000] {processor.py:830} INFO - Processing file /home/airflow/.local/lib/python3.8/site-packages/airflow/example_dags/example_subdag_operator.py for tasks to queue
[2025-05-07T19:57:16.943+0000] {logging_mixin.py:188} INFO - [2025-05-07T19:57:16.942+0000] {dagbag.py:538} INFO - Filling up the DagBag from /home/airflow/.local/lib/python3.8/site-packages/airflow/example_dags/example_subdag_operator.py
[2025-05-07T19:57:16.987+0000] {processor.py:840} INFO - DAG(s) 'example_subdag_operator.section-1', 'example_subdag_operator.section-2', 'example_subdag_operator' retrieved from /home/airflow/.local/lib/python3.8/site-packages/airflow/example_dags/example_subdag_operator.py
[2025-05-07T19:57:17.006+0000] {logging_mixin.py:188} INFO - [2025-05-07T19:57:17.006+0000] {dag.py:3036} INFO - Sync 3 DAGs
[2025-05-07T19:57:17.027+0000] {logging_mixin.py:188} INFO - [2025-05-07T19:57:17.026+0000] {dag.py:3823} INFO - Setting next_dagrun for example_subdag_operator to 2022-01-01 00:00:00+00:00, run_after=2022-01-01 00:00:00+00:00
[2025-05-07T19:57:17.032+0000] {logging_mixin.py:188} INFO - [2025-05-07T19:57:17.032+0000] {dag.py:3823} INFO - Setting next_dagrun for example_subdag_operator.section-1 to None, run_after=None
[2025-05-07T19:57:17.034+0000] {logging_mixin.py:188} INFO - [2025-05-07T19:57:17.034+0000] {dag.py:3823} INFO - Setting next_dagrun for example_subdag_operator.section-2 to None, run_after=None
[2025-05-07T19:57:17.042+0000] {logging_mixin.py:188} INFO - [2025-05-07T19:57:17.042+0000] {dag.py:3036} INFO - Sync 2 DAGs
[2025-05-07T19:57:17.048+0000] {logging_mixin.py:188} INFO - [2025-05-07T19:57:17.048+0000] {dag.py:3823} INFO - Setting next_dagrun for example_subdag_operator.section-1 to None, run_after=None
[2025-05-07T19:57:17.051+0000] {logging_mixin.py:188} INFO - [2025-05-07T19:57:17.051+0000] {dag.py:3823} INFO - Setting next_dagrun for example_subdag_operator.section-2 to None, run_after=None
[2025-05-07T19:57:17.064+0000] {processor.py:183} INFO - Processing /home/airflow/.local/lib/python3.8/site-packages/airflow/example_dags/example_subdag_operator.py took 0.135 seconds
[2025-05-07T19:57:47.674+0000] {processor.py:161} INFO - Started process (PID=2816) to work on /home/airflow/.local/lib/python3.8/site-packages/airflow/example_dags/example_subdag_operator.py
[2025-05-07T19:57:47.676+0000] {processor.py:830} INFO - Processing file /home/airflow/.local/lib/python3.8/site-packages/airflow/example_dags/example_subdag_operator.py for tasks to queue
[2025-05-07T19:57:47.680+0000] {logging_mixin.py:188} INFO - [2025-05-07T19:57:47.679+0000] {dagbag.py:538} INFO - Filling up the DagBag from /home/airflow/.local/lib/python3.8/site-packages/airflow/example_dags/example_subdag_operator.py
[2025-05-07T19:57:47.712+0000] {processor.py:840} INFO - DAG(s) 'example_subdag_operator.section-1', 'example_subdag_operator.section-2', 'example_subdag_operator' retrieved from /home/airflow/.local/lib/python3.8/site-packages/airflow/example_dags/example_subdag_operator.py
[2025-05-07T19:57:47.728+0000] {logging_mixin.py:188} INFO - [2025-05-07T19:57:47.727+0000] {dag.py:3036} INFO - Sync 3 DAGs
[2025-05-07T19:57:47.748+0000] {logging_mixin.py:188} INFO - [2025-05-07T19:57:47.748+0000] {dag.py:3823} INFO - Setting next_dagrun for example_subdag_operator to 2022-01-01 00:00:00+00:00, run_after=2022-01-01 00:00:00+00:00
[2025-05-07T19:57:47.753+0000] {logging_mixin.py:188} INFO - [2025-05-07T19:57:47.753+0000] {dag.py:3823} INFO - Setting next_dagrun for example_subdag_operator.section-1 to None, run_after=None
[2025-05-07T19:57:47.755+0000] {logging_mixin.py:188} INFO - [2025-05-07T19:57:47.755+0000] {dag.py:3823} INFO - Setting next_dagrun for example_subdag_operator.section-2 to None, run_after=None
[2025-05-07T19:57:47.764+0000] {logging_mixin.py:188} INFO - [2025-05-07T19:57:47.764+0000] {dag.py:3036} INFO - Sync 2 DAGs
[2025-05-07T19:57:47.771+0000] {logging_mixin.py:188} INFO - [2025-05-07T19:57:47.771+0000] {dag.py:3823} INFO - Setting next_dagrun for example_subdag_operator.section-1 to None, run_after=None
[2025-05-07T19:57:47.772+0000] {logging_mixin.py:188} INFO - [2025-05-07T19:57:47.772+0000] {dag.py:3823} INFO - Setting next_dagrun for example_subdag_operator.section-2 to None, run_after=None
[2025-05-07T19:57:47.791+0000] {processor.py:183} INFO - Processing /home/airflow/.local/lib/python3.8/site-packages/airflow/example_dags/example_subdag_operator.py took 0.124 seconds
[2025-05-07T19:58:18.581+0000] {processor.py:161} INFO - Started process (PID=2873) to work on /home/airflow/.local/lib/python3.8/site-packages/airflow/example_dags/example_subdag_operator.py
[2025-05-07T19:58:18.582+0000] {processor.py:830} INFO - Processing file /home/airflow/.local/lib/python3.8/site-packages/airflow/example_dags/example_subdag_operator.py for tasks to queue
[2025-05-07T19:58:18.585+0000] {logging_mixin.py:188} INFO - [2025-05-07T19:58:18.584+0000] {dagbag.py:538} INFO - Filling up the DagBag from /home/airflow/.local/lib/python3.8/site-packages/airflow/example_dags/example_subdag_operator.py
[2025-05-07T19:58:18.619+0000] {processor.py:840} INFO - DAG(s) 'example_subdag_operator.section-1', 'example_subdag_operator.section-2', 'example_subdag_operator' retrieved from /home/airflow/.local/lib/python3.8/site-packages/airflow/example_dags/example_subdag_operator.py
[2025-05-07T19:58:18.652+0000] {logging_mixin.py:188} INFO - [2025-05-07T19:58:18.652+0000] {dag.py:3036} INFO - Sync 3 DAGs
[2025-05-07T19:58:18.675+0000] {logging_mixin.py:188} INFO - [2025-05-07T19:58:18.674+0000] {dag.py:3823} INFO - Setting next_dagrun for example_subdag_operator to 2022-01-01 00:00:00+00:00, run_after=2022-01-01 00:00:00+00:00
[2025-05-07T19:58:18.682+0000] {logging_mixin.py:188} INFO - [2025-05-07T19:58:18.682+0000] {dag.py:3823} INFO - Setting next_dagrun for example_subdag_operator.section-1 to None, run_after=None
[2025-05-07T19:58:18.685+0000] {logging_mixin.py:188} INFO - [2025-05-07T19:58:18.684+0000] {dag.py:3823} INFO - Setting next_dagrun for example_subdag_operator.section-2 to None, run_after=None
[2025-05-07T19:58:18.693+0000] {logging_mixin.py:188} INFO - [2025-05-07T19:58:18.693+0000] {dag.py:3036} INFO - Sync 2 DAGs
[2025-05-07T19:58:18.699+0000] {logging_mixin.py:188} INFO - [2025-05-07T19:58:18.698+0000] {dag.py:3823} INFO - Setting next_dagrun for example_subdag_operator.section-1 to None, run_after=None
[2025-05-07T19:58:18.699+0000] {logging_mixin.py:188} INFO - [2025-05-07T19:58:18.699+0000] {dag.py:3823} INFO - Setting next_dagrun for example_subdag_operator.section-2 to None, run_after=None
[2025-05-07T19:58:18.713+0000] {processor.py:183} INFO - Processing /home/airflow/.local/lib/python3.8/site-packages/airflow/example_dags/example_subdag_operator.py took 0.135 seconds
[2025-05-07T19:58:49.088+0000] {processor.py:161} INFO - Started process (PID=2930) to work on /home/airflow/.local/lib/python3.8/site-packages/airflow/example_dags/example_subdag_operator.py
[2025-05-07T19:58:49.090+0000] {processor.py:830} INFO - Processing file /home/airflow/.local/lib/python3.8/site-packages/airflow/example_dags/example_subdag_operator.py for tasks to queue
[2025-05-07T19:58:49.094+0000] {logging_mixin.py:188} INFO - [2025-05-07T19:58:49.093+0000] {dagbag.py:538} INFO - Filling up the DagBag from /home/airflow/.local/lib/python3.8/site-packages/airflow/example_dags/example_subdag_operator.py
[2025-05-07T19:58:49.124+0000] {processor.py:840} INFO - DAG(s) 'example_subdag_operator.section-1', 'example_subdag_operator.section-2', 'example_subdag_operator' retrieved from /home/airflow/.local/lib/python3.8/site-packages/airflow/example_dags/example_subdag_operator.py
[2025-05-07T19:58:49.141+0000] {logging_mixin.py:188} INFO - [2025-05-07T19:58:49.141+0000] {dag.py:3036} INFO - Sync 3 DAGs
[2025-05-07T19:58:49.162+0000] {logging_mixin.py:188} INFO - [2025-05-07T19:58:49.162+0000] {dag.py:3823} INFO - Setting next_dagrun for example_subdag_operator to 2022-01-01 00:00:00+00:00, run_after=2022-01-01 00:00:00+00:00
[2025-05-07T19:58:49.168+0000] {logging_mixin.py:188} INFO - [2025-05-07T19:58:49.168+0000] {dag.py:3823} INFO - Setting next_dagrun for example_subdag_operator.section-1 to None, run_after=None
[2025-05-07T19:58:49.170+0000] {logging_mixin.py:188} INFO - [2025-05-07T19:58:49.170+0000] {dag.py:3823} INFO - Setting next_dagrun for example_subdag_operator.section-2 to None, run_after=None
[2025-05-07T19:58:49.178+0000] {logging_mixin.py:188} INFO - [2025-05-07T19:58:49.178+0000] {dag.py:3036} INFO - Sync 2 DAGs
[2025-05-07T19:58:49.186+0000] {logging_mixin.py:188} INFO - [2025-05-07T19:58:49.186+0000] {dag.py:3823} INFO - Setting next_dagrun for example_subdag_operator.section-1 to None, run_after=None
[2025-05-07T19:58:49.187+0000] {logging_mixin.py:188} INFO - [2025-05-07T19:58:49.187+0000] {dag.py:3823} INFO - Setting next_dagrun for example_subdag_operator.section-2 to None, run_after=None
[2025-05-07T19:58:49.204+0000] {processor.py:183} INFO - Processing /home/airflow/.local/lib/python3.8/site-packages/airflow/example_dags/example_subdag_operator.py took 0.121 seconds
[2025-05-07T19:59:19.336+0000] {processor.py:161} INFO - Started process (PID=2987) to work on /home/airflow/.local/lib/python3.8/site-packages/airflow/example_dags/example_subdag_operator.py
[2025-05-07T19:59:19.338+0000] {processor.py:830} INFO - Processing file /home/airflow/.local/lib/python3.8/site-packages/airflow/example_dags/example_subdag_operator.py for tasks to queue
[2025-05-07T19:59:19.340+0000] {logging_mixin.py:188} INFO - [2025-05-07T19:59:19.339+0000] {dagbag.py:538} INFO - Filling up the DagBag from /home/airflow/.local/lib/python3.8/site-packages/airflow/example_dags/example_subdag_operator.py
[2025-05-07T19:59:19.367+0000] {processor.py:840} INFO - DAG(s) 'example_subdag_operator.section-1', 'example_subdag_operator.section-2', 'example_subdag_operator' retrieved from /home/airflow/.local/lib/python3.8/site-packages/airflow/example_dags/example_subdag_operator.py
[2025-05-07T19:59:19.389+0000] {logging_mixin.py:188} INFO - [2025-05-07T19:59:19.389+0000] {dag.py:3036} INFO - Sync 3 DAGs
[2025-05-07T19:59:19.415+0000] {logging_mixin.py:188} INFO - [2025-05-07T19:59:19.414+0000] {dag.py:3823} INFO - Setting next_dagrun for example_subdag_operator to 2022-01-01 00:00:00+00:00, run_after=2022-01-01 00:00:00+00:00
[2025-05-07T19:59:19.421+0000] {logging_mixin.py:188} INFO - [2025-05-07T19:59:19.421+0000] {dag.py:3823} INFO - Setting next_dagrun for example_subdag_operator.section-1 to None, run_after=None
[2025-05-07T19:59:19.423+0000] {logging_mixin.py:188} INFO - [2025-05-07T19:59:19.423+0000] {dag.py:3823} INFO - Setting next_dagrun for example_subdag_operator.section-2 to None, run_after=None
[2025-05-07T19:59:19.432+0000] {logging_mixin.py:188} INFO - [2025-05-07T19:59:19.432+0000] {dag.py:3036} INFO - Sync 2 DAGs
[2025-05-07T19:59:19.440+0000] {logging_mixin.py:188} INFO - [2025-05-07T19:59:19.439+0000] {dag.py:3823} INFO - Setting next_dagrun for example_subdag_operator.section-1 to None, run_after=None
[2025-05-07T19:59:19.440+0000] {logging_mixin.py:188} INFO - [2025-05-07T19:59:19.440+0000] {dag.py:3823} INFO - Setting next_dagrun for example_subdag_operator.section-2 to None, run_after=None
[2025-05-07T19:59:19.459+0000] {processor.py:183} INFO - Processing /home/airflow/.local/lib/python3.8/site-packages/airflow/example_dags/example_subdag_operator.py took 0.126 seconds
[2025-05-07T19:59:49.661+0000] {processor.py:161} INFO - Started process (PID=3050) to work on /home/airflow/.local/lib/python3.8/site-packages/airflow/example_dags/example_subdag_operator.py
[2025-05-07T19:59:49.666+0000] {processor.py:830} INFO - Processing file /home/airflow/.local/lib/python3.8/site-packages/airflow/example_dags/example_subdag_operator.py for tasks to queue
[2025-05-07T19:59:49.672+0000] {logging_mixin.py:188} INFO - [2025-05-07T19:59:49.672+0000] {dagbag.py:538} INFO - Filling up the DagBag from /home/airflow/.local/lib/python3.8/site-packages/airflow/example_dags/example_subdag_operator.py
[2025-05-07T19:59:49.719+0000] {processor.py:840} INFO - DAG(s) 'example_subdag_operator.section-1', 'example_subdag_operator.section-2', 'example_subdag_operator' retrieved from /home/airflow/.local/lib/python3.8/site-packages/airflow/example_dags/example_subdag_operator.py
[2025-05-07T19:59:49.748+0000] {logging_mixin.py:188} INFO - [2025-05-07T19:59:49.748+0000] {dag.py:3036} INFO - Sync 3 DAGs
[2025-05-07T19:59:49.772+0000] {logging_mixin.py:188} INFO - [2025-05-07T19:59:49.772+0000] {dag.py:3823} INFO - Setting next_dagrun for example_subdag_operator to 2022-01-01 00:00:00+00:00, run_after=2022-01-01 00:00:00+00:00
[2025-05-07T19:59:49.779+0000] {logging_mixin.py:188} INFO - [2025-05-07T19:59:49.778+0000] {dag.py:3823} INFO - Setting next_dagrun for example_subdag_operator.section-1 to None, run_after=None
[2025-05-07T19:59:49.783+0000] {logging_mixin.py:188} INFO - [2025-05-07T19:59:49.783+0000] {dag.py:3823} INFO - Setting next_dagrun for example_subdag_operator.section-2 to None, run_after=None
[2025-05-07T19:59:49.791+0000] {logging_mixin.py:188} INFO - [2025-05-07T19:59:49.791+0000] {dag.py:3036} INFO - Sync 2 DAGs
[2025-05-07T19:59:49.799+0000] {logging_mixin.py:188} INFO - [2025-05-07T19:59:49.799+0000] {dag.py:3823} INFO - Setting next_dagrun for example_subdag_operator.section-1 to None, run_after=None
[2025-05-07T19:59:49.802+0000] {logging_mixin.py:188} INFO - [2025-05-07T19:59:49.802+0000] {dag.py:3823} INFO - Setting next_dagrun for example_subdag_operator.section-2 to None, run_after=None
[2025-05-07T19:59:49.819+0000] {processor.py:183} INFO - Processing /home/airflow/.local/lib/python3.8/site-packages/airflow/example_dags/example_subdag_operator.py took 0.166 seconds
[2025-05-07T20:00:20.071+0000] {processor.py:161} INFO - Started process (PID=3107) to work on /home/airflow/.local/lib/python3.8/site-packages/airflow/example_dags/example_subdag_operator.py
[2025-05-07T20:00:20.076+0000] {processor.py:830} INFO - Processing file /home/airflow/.local/lib/python3.8/site-packages/airflow/example_dags/example_subdag_operator.py for tasks to queue
[2025-05-07T20:00:20.080+0000] {logging_mixin.py:188} INFO - [2025-05-07T20:00:20.080+0000] {dagbag.py:538} INFO - Filling up the DagBag from /home/airflow/.local/lib/python3.8/site-packages/airflow/example_dags/example_subdag_operator.py
[2025-05-07T20:00:20.106+0000] {processor.py:840} INFO - DAG(s) 'example_subdag_operator.section-1', 'example_subdag_operator.section-2', 'example_subdag_operator' retrieved from /home/airflow/.local/lib/python3.8/site-packages/airflow/example_dags/example_subdag_operator.py
[2025-05-07T20:00:20.129+0000] {logging_mixin.py:188} INFO - [2025-05-07T20:00:20.128+0000] {dag.py:3036} INFO - Sync 3 DAGs
[2025-05-07T20:00:20.156+0000] {logging_mixin.py:188} INFO - [2025-05-07T20:00:20.156+0000] {dag.py:3823} INFO - Setting next_dagrun for example_subdag_operator to 2022-01-01 00:00:00+00:00, run_after=2022-01-01 00:00:00+00:00
[2025-05-07T20:00:20.162+0000] {logging_mixin.py:188} INFO - [2025-05-07T20:00:20.162+0000] {dag.py:3823} INFO - Setting next_dagrun for example_subdag_operator.section-1 to None, run_after=None
[2025-05-07T20:00:20.167+0000] {logging_mixin.py:188} INFO - [2025-05-07T20:00:20.166+0000] {dag.py:3823} INFO - Setting next_dagrun for example_subdag_operator.section-2 to None, run_after=None
[2025-05-07T20:00:20.179+0000] {logging_mixin.py:188} INFO - [2025-05-07T20:00:20.178+0000] {dag.py:3036} INFO - Sync 2 DAGs
[2025-05-07T20:00:20.189+0000] {logging_mixin.py:188} INFO - [2025-05-07T20:00:20.188+0000] {dag.py:3823} INFO - Setting next_dagrun for example_subdag_operator.section-1 to None, run_after=None
[2025-05-07T20:00:20.191+0000] {logging_mixin.py:188} INFO - [2025-05-07T20:00:20.191+0000] {dag.py:3823} INFO - Setting next_dagrun for example_subdag_operator.section-2 to None, run_after=None
[2025-05-07T20:00:20.216+0000] {processor.py:183} INFO - Processing /home/airflow/.local/lib/python3.8/site-packages/airflow/example_dags/example_subdag_operator.py took 0.153 seconds
[2025-05-07T20:00:51.090+0000] {processor.py:161} INFO - Started process (PID=3164) to work on /home/airflow/.local/lib/python3.8/site-packages/airflow/example_dags/example_subdag_operator.py
[2025-05-07T20:00:51.094+0000] {processor.py:830} INFO - Processing file /home/airflow/.local/lib/python3.8/site-packages/airflow/example_dags/example_subdag_operator.py for tasks to queue
[2025-05-07T20:00:51.098+0000] {logging_mixin.py:188} INFO - [2025-05-07T20:00:51.097+0000] {dagbag.py:538} INFO - Filling up the DagBag from /home/airflow/.local/lib/python3.8/site-packages/airflow/example_dags/example_subdag_operator.py
[2025-05-07T20:00:51.129+0000] {processor.py:840} INFO - DAG(s) 'example_subdag_operator.section-1', 'example_subdag_operator.section-2', 'example_subdag_operator' retrieved from /home/airflow/.local/lib/python3.8/site-packages/airflow/example_dags/example_subdag_operator.py
[2025-05-07T20:00:51.147+0000] {logging_mixin.py:188} INFO - [2025-05-07T20:00:51.147+0000] {dag.py:3036} INFO - Sync 3 DAGs
[2025-05-07T20:00:51.170+0000] {logging_mixin.py:188} INFO - [2025-05-07T20:00:51.169+0000] {dag.py:3823} INFO - Setting next_dagrun for example_subdag_operator to 2022-01-01 00:00:00+00:00, run_after=2022-01-01 00:00:00+00:00
[2025-05-07T20:00:51.175+0000] {logging_mixin.py:188} INFO - [2025-05-07T20:00:51.175+0000] {dag.py:3823} INFO - Setting next_dagrun for example_subdag_operator.section-1 to None, run_after=None
[2025-05-07T20:00:51.179+0000] {logging_mixin.py:188} INFO - [2025-05-07T20:00:51.178+0000] {dag.py:3823} INFO - Setting next_dagrun for example_subdag_operator.section-2 to None, run_after=None
[2025-05-07T20:00:51.188+0000] {logging_mixin.py:188} INFO - [2025-05-07T20:00:51.188+0000] {dag.py:3036} INFO - Sync 2 DAGs
[2025-05-07T20:00:51.194+0000] {logging_mixin.py:188} INFO - [2025-05-07T20:00:51.194+0000] {dag.py:3823} INFO - Setting next_dagrun for example_subdag_operator.section-1 to None, run_after=None
[2025-05-07T20:00:51.196+0000] {logging_mixin.py:188} INFO - [2025-05-07T20:00:51.196+0000] {dag.py:3823} INFO - Setting next_dagrun for example_subdag_operator.section-2 to None, run_after=None
[2025-05-07T20:00:51.212+0000] {processor.py:183} INFO - Processing /home/airflow/.local/lib/python3.8/site-packages/airflow/example_dags/example_subdag_operator.py took 0.127 seconds
[2025-05-07T20:01:21.834+0000] {processor.py:161} INFO - Started process (PID=3221) to work on /home/airflow/.local/lib/python3.8/site-packages/airflow/example_dags/example_subdag_operator.py
[2025-05-07T20:01:21.836+0000] {processor.py:830} INFO - Processing file /home/airflow/.local/lib/python3.8/site-packages/airflow/example_dags/example_subdag_operator.py for tasks to queue
[2025-05-07T20:01:21.837+0000] {logging_mixin.py:188} INFO - [2025-05-07T20:01:21.837+0000] {dagbag.py:538} INFO - Filling up the DagBag from /home/airflow/.local/lib/python3.8/site-packages/airflow/example_dags/example_subdag_operator.py
[2025-05-07T20:01:21.860+0000] {processor.py:840} INFO - DAG(s) 'example_subdag_operator.section-1', 'example_subdag_operator.section-2', 'example_subdag_operator' retrieved from /home/airflow/.local/lib/python3.8/site-packages/airflow/example_dags/example_subdag_operator.py
[2025-05-07T20:01:21.876+0000] {logging_mixin.py:188} INFO - [2025-05-07T20:01:21.876+0000] {dag.py:3036} INFO - Sync 3 DAGs
[2025-05-07T20:01:21.898+0000] {logging_mixin.py:188} INFO - [2025-05-07T20:01:21.897+0000] {dag.py:3823} INFO - Setting next_dagrun for example_subdag_operator to 2022-01-01 00:00:00+00:00, run_after=2022-01-01 00:00:00+00:00
[2025-05-07T20:01:21.901+0000] {logging_mixin.py:188} INFO - [2025-05-07T20:01:21.901+0000] {dag.py:3823} INFO - Setting next_dagrun for example_subdag_operator.section-1 to None, run_after=None
[2025-05-07T20:01:21.903+0000] {logging_mixin.py:188} INFO - [2025-05-07T20:01:21.903+0000] {dag.py:3823} INFO - Setting next_dagrun for example_subdag_operator.section-2 to None, run_after=None
[2025-05-07T20:01:21.910+0000] {logging_mixin.py:188} INFO - [2025-05-07T20:01:21.910+0000] {dag.py:3036} INFO - Sync 2 DAGs
[2025-05-07T20:01:21.915+0000] {logging_mixin.py:188} INFO - [2025-05-07T20:01:21.915+0000] {dag.py:3823} INFO - Setting next_dagrun for example_subdag_operator.section-1 to None, run_after=None
[2025-05-07T20:01:21.917+0000] {logging_mixin.py:188} INFO - [2025-05-07T20:01:21.917+0000] {dag.py:3823} INFO - Setting next_dagrun for example_subdag_operator.section-2 to None, run_after=None
[2025-05-07T20:01:21.930+0000] {processor.py:183} INFO - Processing /home/airflow/.local/lib/python3.8/site-packages/airflow/example_dags/example_subdag_operator.py took 0.098 seconds
[2025-05-07T20:01:52.681+0000] {processor.py:161} INFO - Started process (PID=3278) to work on /home/airflow/.local/lib/python3.8/site-packages/airflow/example_dags/example_subdag_operator.py
[2025-05-07T20:01:52.682+0000] {processor.py:830} INFO - Processing file /home/airflow/.local/lib/python3.8/site-packages/airflow/example_dags/example_subdag_operator.py for tasks to queue
[2025-05-07T20:01:52.685+0000] {logging_mixin.py:188} INFO - [2025-05-07T20:01:52.684+0000] {dagbag.py:538} INFO - Filling up the DagBag from /home/airflow/.local/lib/python3.8/site-packages/airflow/example_dags/example_subdag_operator.py
[2025-05-07T20:01:52.711+0000] {processor.py:840} INFO - DAG(s) 'example_subdag_operator.section-1', 'example_subdag_operator.section-2', 'example_subdag_operator' retrieved from /home/airflow/.local/lib/python3.8/site-packages/airflow/example_dags/example_subdag_operator.py
[2025-05-07T20:01:52.728+0000] {logging_mixin.py:188} INFO - [2025-05-07T20:01:52.727+0000] {dag.py:3036} INFO - Sync 3 DAGs
[2025-05-07T20:01:52.749+0000] {logging_mixin.py:188} INFO - [2025-05-07T20:01:52.748+0000] {dag.py:3823} INFO - Setting next_dagrun for example_subdag_operator to 2022-01-01 00:00:00+00:00, run_after=2022-01-01 00:00:00+00:00
[2025-05-07T20:01:52.754+0000] {logging_mixin.py:188} INFO - [2025-05-07T20:01:52.753+0000] {dag.py:3823} INFO - Setting next_dagrun for example_subdag_operator.section-1 to None, run_after=None
[2025-05-07T20:01:52.756+0000] {logging_mixin.py:188} INFO - [2025-05-07T20:01:52.756+0000] {dag.py:3823} INFO - Setting next_dagrun for example_subdag_operator.section-2 to None, run_after=None
[2025-05-07T20:01:52.763+0000] {logging_mixin.py:188} INFO - [2025-05-07T20:01:52.763+0000] {dag.py:3036} INFO - Sync 2 DAGs
[2025-05-07T20:01:52.768+0000] {logging_mixin.py:188} INFO - [2025-05-07T20:01:52.768+0000] {dag.py:3823} INFO - Setting next_dagrun for example_subdag_operator.section-1 to None, run_after=None
[2025-05-07T20:01:52.769+0000] {logging_mixin.py:188} INFO - [2025-05-07T20:01:52.769+0000] {dag.py:3823} INFO - Setting next_dagrun for example_subdag_operator.section-2 to None, run_after=None
[2025-05-07T20:01:52.782+0000] {processor.py:183} INFO - Processing /home/airflow/.local/lib/python3.8/site-packages/airflow/example_dags/example_subdag_operator.py took 0.105 seconds
[2025-05-07T20:02:23.095+0000] {processor.py:161} INFO - Started process (PID=3335) to work on /home/airflow/.local/lib/python3.8/site-packages/airflow/example_dags/example_subdag_operator.py
[2025-05-07T20:02:23.097+0000] {processor.py:830} INFO - Processing file /home/airflow/.local/lib/python3.8/site-packages/airflow/example_dags/example_subdag_operator.py for tasks to queue
[2025-05-07T20:02:23.100+0000] {logging_mixin.py:188} INFO - [2025-05-07T20:02:23.100+0000] {dagbag.py:538} INFO - Filling up the DagBag from /home/airflow/.local/lib/python3.8/site-packages/airflow/example_dags/example_subdag_operator.py
[2025-05-07T20:02:23.127+0000] {processor.py:840} INFO - DAG(s) 'example_subdag_operator.section-1', 'example_subdag_operator.section-2', 'example_subdag_operator' retrieved from /home/airflow/.local/lib/python3.8/site-packages/airflow/example_dags/example_subdag_operator.py
[2025-05-07T20:02:23.144+0000] {logging_mixin.py:188} INFO - [2025-05-07T20:02:23.144+0000] {dag.py:3036} INFO - Sync 3 DAGs
[2025-05-07T20:02:23.166+0000] {logging_mixin.py:188} INFO - [2025-05-07T20:02:23.166+0000] {dag.py:3823} INFO - Setting next_dagrun for example_subdag_operator to 2022-01-01 00:00:00+00:00, run_after=2022-01-01 00:00:00+00:00
[2025-05-07T20:02:23.172+0000] {logging_mixin.py:188} INFO - [2025-05-07T20:02:23.172+0000] {dag.py:3823} INFO - Setting next_dagrun for example_subdag_operator.section-1 to None, run_after=None
[2025-05-07T20:02:23.175+0000] {logging_mixin.py:188} INFO - [2025-05-07T20:02:23.175+0000] {dag.py:3823} INFO - Setting next_dagrun for example_subdag_operator.section-2 to None, run_after=None
[2025-05-07T20:02:23.183+0000] {logging_mixin.py:188} INFO - [2025-05-07T20:02:23.183+0000] {dag.py:3036} INFO - Sync 2 DAGs
[2025-05-07T20:02:23.191+0000] {logging_mixin.py:188} INFO - [2025-05-07T20:02:23.191+0000] {dag.py:3823} INFO - Setting next_dagrun for example_subdag_operator.section-1 to None, run_after=None
[2025-05-07T20:02:23.194+0000] {logging_mixin.py:188} INFO - [2025-05-07T20:02:23.194+0000] {dag.py:3823} INFO - Setting next_dagrun for example_subdag_operator.section-2 to None, run_after=None
[2025-05-07T20:02:23.212+0000] {processor.py:183} INFO - Processing /home/airflow/.local/lib/python3.8/site-packages/airflow/example_dags/example_subdag_operator.py took 0.122 seconds
[2025-05-07T20:02:53.641+0000] {processor.py:161} INFO - Started process (PID=3393) to work on /home/airflow/.local/lib/python3.8/site-packages/airflow/example_dags/example_subdag_operator.py
[2025-05-07T20:02:53.643+0000] {processor.py:830} INFO - Processing file /home/airflow/.local/lib/python3.8/site-packages/airflow/example_dags/example_subdag_operator.py for tasks to queue
[2025-05-07T20:02:53.646+0000] {logging_mixin.py:188} INFO - [2025-05-07T20:02:53.645+0000] {dagbag.py:538} INFO - Filling up the DagBag from /home/airflow/.local/lib/python3.8/site-packages/airflow/example_dags/example_subdag_operator.py
[2025-05-07T20:02:53.693+0000] {processor.py:840} INFO - DAG(s) 'example_subdag_operator.section-1', 'example_subdag_operator.section-2', 'example_subdag_operator' retrieved from /home/airflow/.local/lib/python3.8/site-packages/airflow/example_dags/example_subdag_operator.py
[2025-05-07T20:02:53.720+0000] {logging_mixin.py:188} INFO - [2025-05-07T20:02:53.719+0000] {dag.py:3036} INFO - Sync 3 DAGs
[2025-05-07T20:02:53.751+0000] {logging_mixin.py:188} INFO - [2025-05-07T20:02:53.751+0000] {dag.py:3823} INFO - Setting next_dagrun for example_subdag_operator to 2022-01-01 00:00:00+00:00, run_after=2022-01-01 00:00:00+00:00
[2025-05-07T20:02:53.758+0000] {logging_mixin.py:188} INFO - [2025-05-07T20:02:53.757+0000] {dag.py:3823} INFO - Setting next_dagrun for example_subdag_operator.section-1 to None, run_after=None
[2025-05-07T20:02:53.759+0000] {logging_mixin.py:188} INFO - [2025-05-07T20:02:53.759+0000] {dag.py:3823} INFO - Setting next_dagrun for example_subdag_operator.section-2 to None, run_after=None
[2025-05-07T20:02:53.768+0000] {logging_mixin.py:188} INFO - [2025-05-07T20:02:53.767+0000] {dag.py:3036} INFO - Sync 2 DAGs
[2025-05-07T20:02:53.775+0000] {logging_mixin.py:188} INFO - [2025-05-07T20:02:53.775+0000] {dag.py:3823} INFO - Setting next_dagrun for example_subdag_operator.section-1 to None, run_after=None
[2025-05-07T20:02:53.777+0000] {logging_mixin.py:188} INFO - [2025-05-07T20:02:53.777+0000] {dag.py:3823} INFO - Setting next_dagrun for example_subdag_operator.section-2 to None, run_after=None
[2025-05-07T20:02:53.792+0000] {processor.py:183} INFO - Processing /home/airflow/.local/lib/python3.8/site-packages/airflow/example_dags/example_subdag_operator.py took 0.155 seconds
[2025-05-07T20:03:24.687+0000] {processor.py:161} INFO - Started process (PID=3450) to work on /home/airflow/.local/lib/python3.8/site-packages/airflow/example_dags/example_subdag_operator.py
[2025-05-07T20:03:24.688+0000] {processor.py:830} INFO - Processing file /home/airflow/.local/lib/python3.8/site-packages/airflow/example_dags/example_subdag_operator.py for tasks to queue
[2025-05-07T20:03:24.691+0000] {logging_mixin.py:188} INFO - [2025-05-07T20:03:24.690+0000] {dagbag.py:538} INFO - Filling up the DagBag from /home/airflow/.local/lib/python3.8/site-packages/airflow/example_dags/example_subdag_operator.py
[2025-05-07T20:03:24.714+0000] {processor.py:840} INFO - DAG(s) 'example_subdag_operator.section-1', 'example_subdag_operator.section-2', 'example_subdag_operator' retrieved from /home/airflow/.local/lib/python3.8/site-packages/airflow/example_dags/example_subdag_operator.py
[2025-05-07T20:03:24.731+0000] {logging_mixin.py:188} INFO - [2025-05-07T20:03:24.731+0000] {dag.py:3036} INFO - Sync 3 DAGs
[2025-05-07T20:03:24.753+0000] {logging_mixin.py:188} INFO - [2025-05-07T20:03:24.753+0000] {dag.py:3823} INFO - Setting next_dagrun for example_subdag_operator to 2022-01-01 00:00:00+00:00, run_after=2022-01-01 00:00:00+00:00
[2025-05-07T20:03:24.757+0000] {logging_mixin.py:188} INFO - [2025-05-07T20:03:24.757+0000] {dag.py:3823} INFO - Setting next_dagrun for example_subdag_operator.section-1 to None, run_after=None
[2025-05-07T20:03:24.759+0000] {logging_mixin.py:188} INFO - [2025-05-07T20:03:24.759+0000] {dag.py:3823} INFO - Setting next_dagrun for example_subdag_operator.section-2 to None, run_after=None
[2025-05-07T20:03:24.766+0000] {logging_mixin.py:188} INFO - [2025-05-07T20:03:24.766+0000] {dag.py:3036} INFO - Sync 2 DAGs
[2025-05-07T20:03:24.772+0000] {logging_mixin.py:188} INFO - [2025-05-07T20:03:24.772+0000] {dag.py:3823} INFO - Setting next_dagrun for example_subdag_operator.section-1 to None, run_after=None
[2025-05-07T20:03:24.773+0000] {logging_mixin.py:188} INFO - [2025-05-07T20:03:24.773+0000] {dag.py:3823} INFO - Setting next_dagrun for example_subdag_operator.section-2 to None, run_after=None
[2025-05-07T20:03:24.790+0000] {processor.py:183} INFO - Processing /home/airflow/.local/lib/python3.8/site-packages/airflow/example_dags/example_subdag_operator.py took 0.107 seconds
[2025-05-07T20:03:55.053+0000] {processor.py:161} INFO - Started process (PID=3507) to work on /home/airflow/.local/lib/python3.8/site-packages/airflow/example_dags/example_subdag_operator.py
[2025-05-07T20:03:55.054+0000] {processor.py:830} INFO - Processing file /home/airflow/.local/lib/python3.8/site-packages/airflow/example_dags/example_subdag_operator.py for tasks to queue
[2025-05-07T20:03:55.056+0000] {logging_mixin.py:188} INFO - [2025-05-07T20:03:55.056+0000] {dagbag.py:538} INFO - Filling up the DagBag from /home/airflow/.local/lib/python3.8/site-packages/airflow/example_dags/example_subdag_operator.py
[2025-05-07T20:03:55.079+0000] {processor.py:840} INFO - DAG(s) 'example_subdag_operator.section-1', 'example_subdag_operator.section-2', 'example_subdag_operator' retrieved from /home/airflow/.local/lib/python3.8/site-packages/airflow/example_dags/example_subdag_operator.py
[2025-05-07T20:03:55.094+0000] {logging_mixin.py:188} INFO - [2025-05-07T20:03:55.094+0000] {dag.py:3036} INFO - Sync 3 DAGs
[2025-05-07T20:03:55.113+0000] {logging_mixin.py:188} INFO - [2025-05-07T20:03:55.113+0000] {dag.py:3823} INFO - Setting next_dagrun for example_subdag_operator to 2022-01-01 00:00:00+00:00, run_after=2022-01-01 00:00:00+00:00
[2025-05-07T20:03:55.117+0000] {logging_mixin.py:188} INFO - [2025-05-07T20:03:55.117+0000] {dag.py:3823} INFO - Setting next_dagrun for example_subdag_operator.section-1 to None, run_after=None
[2025-05-07T20:03:55.119+0000] {logging_mixin.py:188} INFO - [2025-05-07T20:03:55.118+0000] {dag.py:3823} INFO - Setting next_dagrun for example_subdag_operator.section-2 to None, run_after=None
[2025-05-07T20:03:55.125+0000] {logging_mixin.py:188} INFO - [2025-05-07T20:03:55.125+0000] {dag.py:3036} INFO - Sync 2 DAGs
[2025-05-07T20:03:55.131+0000] {logging_mixin.py:188} INFO - [2025-05-07T20:03:55.130+0000] {dag.py:3823} INFO - Setting next_dagrun for example_subdag_operator.section-1 to None, run_after=None
[2025-05-07T20:03:55.131+0000] {logging_mixin.py:188} INFO - [2025-05-07T20:03:55.131+0000] {dag.py:3823} INFO - Setting next_dagrun for example_subdag_operator.section-2 to None, run_after=None
[2025-05-07T20:03:55.144+0000] {processor.py:183} INFO - Processing /home/airflow/.local/lib/python3.8/site-packages/airflow/example_dags/example_subdag_operator.py took 0.094 seconds
[2025-05-07T20:04:25.803+0000] {processor.py:161} INFO - Started process (PID=3564) to work on /home/airflow/.local/lib/python3.8/site-packages/airflow/example_dags/example_subdag_operator.py
[2025-05-07T20:04:25.806+0000] {processor.py:830} INFO - Processing file /home/airflow/.local/lib/python3.8/site-packages/airflow/example_dags/example_subdag_operator.py for tasks to queue
[2025-05-07T20:04:25.810+0000] {logging_mixin.py:188} INFO - [2025-05-07T20:04:25.810+0000] {dagbag.py:538} INFO - Filling up the DagBag from /home/airflow/.local/lib/python3.8/site-packages/airflow/example_dags/example_subdag_operator.py
[2025-05-07T20:04:25.855+0000] {processor.py:840} INFO - DAG(s) 'example_subdag_operator.section-1', 'example_subdag_operator.section-2', 'example_subdag_operator' retrieved from /home/airflow/.local/lib/python3.8/site-packages/airflow/example_dags/example_subdag_operator.py
[2025-05-07T20:04:25.878+0000] {logging_mixin.py:188} INFO - [2025-05-07T20:04:25.877+0000] {dag.py:3036} INFO - Sync 3 DAGs
[2025-05-07T20:04:25.900+0000] {logging_mixin.py:188} INFO - [2025-05-07T20:04:25.900+0000] {dag.py:3823} INFO - Setting next_dagrun for example_subdag_operator to 2022-01-01 00:00:00+00:00, run_after=2022-01-01 00:00:00+00:00
[2025-05-07T20:04:25.904+0000] {logging_mixin.py:188} INFO - [2025-05-07T20:04:25.904+0000] {dag.py:3823} INFO - Setting next_dagrun for example_subdag_operator.section-1 to None, run_after=None
[2025-05-07T20:04:25.906+0000] {logging_mixin.py:188} INFO - [2025-05-07T20:04:25.906+0000] {dag.py:3823} INFO - Setting next_dagrun for example_subdag_operator.section-2 to None, run_after=None
[2025-05-07T20:04:25.914+0000] {logging_mixin.py:188} INFO - [2025-05-07T20:04:25.914+0000] {dag.py:3036} INFO - Sync 2 DAGs
[2025-05-07T20:04:25.919+0000] {logging_mixin.py:188} INFO - [2025-05-07T20:04:25.919+0000] {dag.py:3823} INFO - Setting next_dagrun for example_subdag_operator.section-1 to None, run_after=None
[2025-05-07T20:04:25.920+0000] {logging_mixin.py:188} INFO - [2025-05-07T20:04:25.920+0000] {dag.py:3823} INFO - Setting next_dagrun for example_subdag_operator.section-2 to None, run_after=None
[2025-05-07T20:04:25.935+0000] {processor.py:183} INFO - Processing /home/airflow/.local/lib/python3.8/site-packages/airflow/example_dags/example_subdag_operator.py took 0.141 seconds
[2025-05-07T20:04:56.107+0000] {processor.py:161} INFO - Started process (PID=3621) to work on /home/airflow/.local/lib/python3.8/site-packages/airflow/example_dags/example_subdag_operator.py
[2025-05-07T20:04:56.109+0000] {processor.py:830} INFO - Processing file /home/airflow/.local/lib/python3.8/site-packages/airflow/example_dags/example_subdag_operator.py for tasks to queue
[2025-05-07T20:04:56.113+0000] {logging_mixin.py:188} INFO - [2025-05-07T20:04:56.113+0000] {dagbag.py:538} INFO - Filling up the DagBag from /home/airflow/.local/lib/python3.8/site-packages/airflow/example_dags/example_subdag_operator.py
[2025-05-07T20:04:56.155+0000] {processor.py:840} INFO - DAG(s) 'example_subdag_operator.section-1', 'example_subdag_operator.section-2', 'example_subdag_operator' retrieved from /home/airflow/.local/lib/python3.8/site-packages/airflow/example_dags/example_subdag_operator.py
[2025-05-07T20:04:56.176+0000] {logging_mixin.py:188} INFO - [2025-05-07T20:04:56.176+0000] {dag.py:3036} INFO - Sync 3 DAGs
[2025-05-07T20:04:56.198+0000] {logging_mixin.py:188} INFO - [2025-05-07T20:04:56.198+0000] {dag.py:3823} INFO - Setting next_dagrun for example_subdag_operator to 2022-01-01 00:00:00+00:00, run_after=2022-01-01 00:00:00+00:00
[2025-05-07T20:04:56.203+0000] {logging_mixin.py:188} INFO - [2025-05-07T20:04:56.203+0000] {dag.py:3823} INFO - Setting next_dagrun for example_subdag_operator.section-1 to None, run_after=None
[2025-05-07T20:04:56.205+0000] {logging_mixin.py:188} INFO - [2025-05-07T20:04:56.205+0000] {dag.py:3823} INFO - Setting next_dagrun for example_subdag_operator.section-2 to None, run_after=None
[2025-05-07T20:04:56.213+0000] {logging_mixin.py:188} INFO - [2025-05-07T20:04:56.213+0000] {dag.py:3036} INFO - Sync 2 DAGs
[2025-05-07T20:04:56.218+0000] {logging_mixin.py:188} INFO - [2025-05-07T20:04:56.218+0000] {dag.py:3823} INFO - Setting next_dagrun for example_subdag_operator.section-1 to None, run_after=None
[2025-05-07T20:04:56.219+0000] {logging_mixin.py:188} INFO - [2025-05-07T20:04:56.219+0000] {dag.py:3823} INFO - Setting next_dagrun for example_subdag_operator.section-2 to None, run_after=None
[2025-05-07T20:04:56.233+0000] {processor.py:183} INFO - Processing /home/airflow/.local/lib/python3.8/site-packages/airflow/example_dags/example_subdag_operator.py took 0.133 seconds
[2025-05-07T20:05:26.695+0000] {processor.py:161} INFO - Started process (PID=3678) to work on /home/airflow/.local/lib/python3.8/site-packages/airflow/example_dags/example_subdag_operator.py
[2025-05-07T20:05:26.699+0000] {processor.py:830} INFO - Processing file /home/airflow/.local/lib/python3.8/site-packages/airflow/example_dags/example_subdag_operator.py for tasks to queue
[2025-05-07T20:05:26.704+0000] {logging_mixin.py:188} INFO - [2025-05-07T20:05:26.703+0000] {dagbag.py:538} INFO - Filling up the DagBag from /home/airflow/.local/lib/python3.8/site-packages/airflow/example_dags/example_subdag_operator.py
[2025-05-07T20:05:26.739+0000] {processor.py:840} INFO - DAG(s) 'example_subdag_operator.section-1', 'example_subdag_operator.section-2', 'example_subdag_operator' retrieved from /home/airflow/.local/lib/python3.8/site-packages/airflow/example_dags/example_subdag_operator.py
[2025-05-07T20:05:26.758+0000] {logging_mixin.py:188} INFO - [2025-05-07T20:05:26.758+0000] {dag.py:3036} INFO - Sync 3 DAGs
[2025-05-07T20:05:26.781+0000] {logging_mixin.py:188} INFO - [2025-05-07T20:05:26.780+0000] {dag.py:3823} INFO - Setting next_dagrun for example_subdag_operator to 2022-01-01 00:00:00+00:00, run_after=2022-01-01 00:00:00+00:00
[2025-05-07T20:05:26.785+0000] {logging_mixin.py:188} INFO - [2025-05-07T20:05:26.785+0000] {dag.py:3823} INFO - Setting next_dagrun for example_subdag_operator.section-1 to None, run_after=None
[2025-05-07T20:05:26.787+0000] {logging_mixin.py:188} INFO - [2025-05-07T20:05:26.787+0000] {dag.py:3823} INFO - Setting next_dagrun for example_subdag_operator.section-2 to None, run_after=None
[2025-05-07T20:05:26.795+0000] {logging_mixin.py:188} INFO - [2025-05-07T20:05:26.795+0000] {dag.py:3036} INFO - Sync 2 DAGs
[2025-05-07T20:05:26.804+0000] {logging_mixin.py:188} INFO - [2025-05-07T20:05:26.803+0000] {dag.py:3823} INFO - Setting next_dagrun for example_subdag_operator.section-1 to None, run_after=None
[2025-05-07T20:05:26.806+0000] {logging_mixin.py:188} INFO - [2025-05-07T20:05:26.806+0000] {dag.py:3823} INFO - Setting next_dagrun for example_subdag_operator.section-2 to None, run_after=None
[2025-05-07T20:05:26.825+0000] {processor.py:183} INFO - Processing /home/airflow/.local/lib/python3.8/site-packages/airflow/example_dags/example_subdag_operator.py took 0.138 seconds
[2025-05-07T20:05:57.640+0000] {processor.py:161} INFO - Started process (PID=3735) to work on /home/airflow/.local/lib/python3.8/site-packages/airflow/example_dags/example_subdag_operator.py
[2025-05-07T20:05:57.641+0000] {processor.py:830} INFO - Processing file /home/airflow/.local/lib/python3.8/site-packages/airflow/example_dags/example_subdag_operator.py for tasks to queue
[2025-05-07T20:05:57.644+0000] {logging_mixin.py:188} INFO - [2025-05-07T20:05:57.644+0000] {dagbag.py:538} INFO - Filling up the DagBag from /home/airflow/.local/lib/python3.8/site-packages/airflow/example_dags/example_subdag_operator.py
[2025-05-07T20:05:57.668+0000] {processor.py:840} INFO - DAG(s) 'example_subdag_operator.section-1', 'example_subdag_operator.section-2', 'example_subdag_operator' retrieved from /home/airflow/.local/lib/python3.8/site-packages/airflow/example_dags/example_subdag_operator.py
[2025-05-07T20:05:57.685+0000] {logging_mixin.py:188} INFO - [2025-05-07T20:05:57.685+0000] {dag.py:3036} INFO - Sync 3 DAGs
[2025-05-07T20:05:57.708+0000] {logging_mixin.py:188} INFO - [2025-05-07T20:05:57.707+0000] {dag.py:3823} INFO - Setting next_dagrun for example_subdag_operator to 2022-01-01 00:00:00+00:00, run_after=2022-01-01 00:00:00+00:00
[2025-05-07T20:05:57.712+0000] {logging_mixin.py:188} INFO - [2025-05-07T20:05:57.711+0000] {dag.py:3823} INFO - Setting next_dagrun for example_subdag_operator.section-1 to None, run_after=None
[2025-05-07T20:05:57.713+0000] {logging_mixin.py:188} INFO - [2025-05-07T20:05:57.713+0000] {dag.py:3823} INFO - Setting next_dagrun for example_subdag_operator.section-2 to None, run_after=None
[2025-05-07T20:05:57.721+0000] {logging_mixin.py:188} INFO - [2025-05-07T20:05:57.720+0000] {dag.py:3036} INFO - Sync 2 DAGs
[2025-05-07T20:05:57.728+0000] {logging_mixin.py:188} INFO - [2025-05-07T20:05:57.727+0000] {dag.py:3823} INFO - Setting next_dagrun for example_subdag_operator.section-1 to None, run_after=None
[2025-05-07T20:05:57.729+0000] {logging_mixin.py:188} INFO - [2025-05-07T20:05:57.728+0000] {dag.py:3823} INFO - Setting next_dagrun for example_subdag_operator.section-2 to None, run_after=None
[2025-05-07T20:05:57.746+0000] {processor.py:183} INFO - Processing /home/airflow/.local/lib/python3.8/site-packages/airflow/example_dags/example_subdag_operator.py took 0.110 seconds
[2025-05-07T20:06:27.958+0000] {processor.py:161} INFO - Started process (PID=3792) to work on /home/airflow/.local/lib/python3.8/site-packages/airflow/example_dags/example_subdag_operator.py
[2025-05-07T20:06:27.959+0000] {processor.py:830} INFO - Processing file /home/airflow/.local/lib/python3.8/site-packages/airflow/example_dags/example_subdag_operator.py for tasks to queue
[2025-05-07T20:06:27.962+0000] {logging_mixin.py:188} INFO - [2025-05-07T20:06:27.962+0000] {dagbag.py:538} INFO - Filling up the DagBag from /home/airflow/.local/lib/python3.8/site-packages/airflow/example_dags/example_subdag_operator.py
[2025-05-07T20:06:27.989+0000] {processor.py:840} INFO - DAG(s) 'example_subdag_operator.section-1', 'example_subdag_operator.section-2', 'example_subdag_operator' retrieved from /home/airflow/.local/lib/python3.8/site-packages/airflow/example_dags/example_subdag_operator.py
[2025-05-07T20:06:28.005+0000] {logging_mixin.py:188} INFO - [2025-05-07T20:06:28.005+0000] {dag.py:3036} INFO - Sync 3 DAGs
[2025-05-07T20:06:28.025+0000] {logging_mixin.py:188} INFO - [2025-05-07T20:06:28.025+0000] {dag.py:3823} INFO - Setting next_dagrun for example_subdag_operator to 2022-01-01 00:00:00+00:00, run_after=2022-01-01 00:00:00+00:00
[2025-05-07T20:06:28.030+0000] {logging_mixin.py:188} INFO - [2025-05-07T20:06:28.030+0000] {dag.py:3823} INFO - Setting next_dagrun for example_subdag_operator.section-1 to None, run_after=None
[2025-05-07T20:06:28.032+0000] {logging_mixin.py:188} INFO - [2025-05-07T20:06:28.032+0000] {dag.py:3823} INFO - Setting next_dagrun for example_subdag_operator.section-2 to None, run_after=None
[2025-05-07T20:06:28.038+0000] {logging_mixin.py:188} INFO - [2025-05-07T20:06:28.038+0000] {dag.py:3036} INFO - Sync 2 DAGs
[2025-05-07T20:06:28.043+0000] {logging_mixin.py:188} INFO - [2025-05-07T20:06:28.043+0000] {dag.py:3823} INFO - Setting next_dagrun for example_subdag_operator.section-1 to None, run_after=None
[2025-05-07T20:06:28.044+0000] {logging_mixin.py:188} INFO - [2025-05-07T20:06:28.044+0000] {dag.py:3823} INFO - Setting next_dagrun for example_subdag_operator.section-2 to None, run_after=None
[2025-05-07T20:06:28.057+0000] {processor.py:183} INFO - Processing /home/airflow/.local/lib/python3.8/site-packages/airflow/example_dags/example_subdag_operator.py took 0.103 seconds
[2025-05-07T20:06:58.501+0000] {processor.py:161} INFO - Started process (PID=3849) to work on /home/airflow/.local/lib/python3.8/site-packages/airflow/example_dags/example_subdag_operator.py
[2025-05-07T20:06:58.503+0000] {processor.py:830} INFO - Processing file /home/airflow/.local/lib/python3.8/site-packages/airflow/example_dags/example_subdag_operator.py for tasks to queue
[2025-05-07T20:06:58.507+0000] {logging_mixin.py:188} INFO - [2025-05-07T20:06:58.506+0000] {dagbag.py:538} INFO - Filling up the DagBag from /home/airflow/.local/lib/python3.8/site-packages/airflow/example_dags/example_subdag_operator.py
[2025-05-07T20:06:58.549+0000] {processor.py:840} INFO - DAG(s) 'example_subdag_operator.section-1', 'example_subdag_operator.section-2', 'example_subdag_operator' retrieved from /home/airflow/.local/lib/python3.8/site-packages/airflow/example_dags/example_subdag_operator.py
[2025-05-07T20:06:58.564+0000] {logging_mixin.py:188} INFO - [2025-05-07T20:06:58.564+0000] {dag.py:3036} INFO - Sync 3 DAGs
[2025-05-07T20:06:58.584+0000] {logging_mixin.py:188} INFO - [2025-05-07T20:06:58.584+0000] {dag.py:3823} INFO - Setting next_dagrun for example_subdag_operator to 2022-01-01 00:00:00+00:00, run_after=2022-01-01 00:00:00+00:00
[2025-05-07T20:06:58.588+0000] {logging_mixin.py:188} INFO - [2025-05-07T20:06:58.588+0000] {dag.py:3823} INFO - Setting next_dagrun for example_subdag_operator.section-1 to None, run_after=None
[2025-05-07T20:06:58.590+0000] {logging_mixin.py:188} INFO - [2025-05-07T20:06:58.590+0000] {dag.py:3823} INFO - Setting next_dagrun for example_subdag_operator.section-2 to None, run_after=None
[2025-05-07T20:06:58.597+0000] {logging_mixin.py:188} INFO - [2025-05-07T20:06:58.596+0000] {dag.py:3036} INFO - Sync 2 DAGs
[2025-05-07T20:06:58.602+0000] {logging_mixin.py:188} INFO - [2025-05-07T20:06:58.601+0000] {dag.py:3823} INFO - Setting next_dagrun for example_subdag_operator.section-1 to None, run_after=None
[2025-05-07T20:06:58.602+0000] {logging_mixin.py:188} INFO - [2025-05-07T20:06:58.602+0000] {dag.py:3823} INFO - Setting next_dagrun for example_subdag_operator.section-2 to None, run_after=None
[2025-05-07T20:06:58.614+0000] {processor.py:183} INFO - Processing /home/airflow/.local/lib/python3.8/site-packages/airflow/example_dags/example_subdag_operator.py took 0.119 seconds
[2025-05-07T20:07:29.471+0000] {processor.py:161} INFO - Started process (PID=3906) to work on /home/airflow/.local/lib/python3.8/site-packages/airflow/example_dags/example_subdag_operator.py
[2025-05-07T20:07:29.475+0000] {processor.py:830} INFO - Processing file /home/airflow/.local/lib/python3.8/site-packages/airflow/example_dags/example_subdag_operator.py for tasks to queue
[2025-05-07T20:07:29.482+0000] {logging_mixin.py:188} INFO - [2025-05-07T20:07:29.482+0000] {dagbag.py:538} INFO - Filling up the DagBag from /home/airflow/.local/lib/python3.8/site-packages/airflow/example_dags/example_subdag_operator.py
[2025-05-07T20:07:29.538+0000] {processor.py:840} INFO - DAG(s) 'example_subdag_operator.section-1', 'example_subdag_operator.section-2', 'example_subdag_operator' retrieved from /home/airflow/.local/lib/python3.8/site-packages/airflow/example_dags/example_subdag_operator.py
[2025-05-07T20:07:29.568+0000] {logging_mixin.py:188} INFO - [2025-05-07T20:07:29.568+0000] {dag.py:3036} INFO - Sync 3 DAGs
[2025-05-07T20:07:29.596+0000] {logging_mixin.py:188} INFO - [2025-05-07T20:07:29.595+0000] {dag.py:3823} INFO - Setting next_dagrun for example_subdag_operator to 2022-01-01 00:00:00+00:00, run_after=2022-01-01 00:00:00+00:00
[2025-05-07T20:07:29.603+0000] {logging_mixin.py:188} INFO - [2025-05-07T20:07:29.602+0000] {dag.py:3823} INFO - Setting next_dagrun for example_subdag_operator.section-1 to None, run_after=None
[2025-05-07T20:07:29.608+0000] {logging_mixin.py:188} INFO - [2025-05-07T20:07:29.607+0000] {dag.py:3823} INFO - Setting next_dagrun for example_subdag_operator.section-2 to None, run_after=None
[2025-05-07T20:07:29.621+0000] {logging_mixin.py:188} INFO - [2025-05-07T20:07:29.621+0000] {dag.py:3036} INFO - Sync 2 DAGs
[2025-05-07T20:07:29.629+0000] {logging_mixin.py:188} INFO - [2025-05-07T20:07:29.629+0000] {dag.py:3823} INFO - Setting next_dagrun for example_subdag_operator.section-1 to None, run_after=None
[2025-05-07T20:07:29.632+0000] {logging_mixin.py:188} INFO - [2025-05-07T20:07:29.631+0000] {dag.py:3823} INFO - Setting next_dagrun for example_subdag_operator.section-2 to None, run_after=None
[2025-05-07T20:07:29.654+0000] {processor.py:183} INFO - Processing /home/airflow/.local/lib/python3.8/site-packages/airflow/example_dags/example_subdag_operator.py took 0.192 seconds
[2025-05-07T20:07:59.957+0000] {processor.py:161} INFO - Started process (PID=3963) to work on /home/airflow/.local/lib/python3.8/site-packages/airflow/example_dags/example_subdag_operator.py
[2025-05-07T20:07:59.959+0000] {processor.py:830} INFO - Processing file /home/airflow/.local/lib/python3.8/site-packages/airflow/example_dags/example_subdag_operator.py for tasks to queue
[2025-05-07T20:07:59.961+0000] {logging_mixin.py:188} INFO - [2025-05-07T20:07:59.961+0000] {dagbag.py:538} INFO - Filling up the DagBag from /home/airflow/.local/lib/python3.8/site-packages/airflow/example_dags/example_subdag_operator.py
[2025-05-07T20:07:59.986+0000] {processor.py:840} INFO - DAG(s) 'example_subdag_operator.section-1', 'example_subdag_operator.section-2', 'example_subdag_operator' retrieved from /home/airflow/.local/lib/python3.8/site-packages/airflow/example_dags/example_subdag_operator.py
[2025-05-07T20:08:00.002+0000] {logging_mixin.py:188} INFO - [2025-05-07T20:08:00.002+0000] {dag.py:3036} INFO - Sync 3 DAGs
[2025-05-07T20:08:00.029+0000] {logging_mixin.py:188} INFO - [2025-05-07T20:08:00.029+0000] {dag.py:3823} INFO - Setting next_dagrun for example_subdag_operator to 2022-01-01 00:00:00+00:00, run_after=2022-01-01 00:00:00+00:00
[2025-05-07T20:08:00.036+0000] {logging_mixin.py:188} INFO - [2025-05-07T20:08:00.036+0000] {dag.py:3823} INFO - Setting next_dagrun for example_subdag_operator.section-1 to None, run_after=None
[2025-05-07T20:08:00.039+0000] {logging_mixin.py:188} INFO - [2025-05-07T20:08:00.039+0000] {dag.py:3823} INFO - Setting next_dagrun for example_subdag_operator.section-2 to None, run_after=None
[2025-05-07T20:08:00.048+0000] {logging_mixin.py:188} INFO - [2025-05-07T20:08:00.048+0000] {dag.py:3036} INFO - Sync 2 DAGs
[2025-05-07T20:08:00.054+0000] {logging_mixin.py:188} INFO - [2025-05-07T20:08:00.054+0000] {dag.py:3823} INFO - Setting next_dagrun for example_subdag_operator.section-1 to None, run_after=None
[2025-05-07T20:08:00.055+0000] {logging_mixin.py:188} INFO - [2025-05-07T20:08:00.055+0000] {dag.py:3823} INFO - Setting next_dagrun for example_subdag_operator.section-2 to None, run_after=None
[2025-05-07T20:08:00.069+0000] {processor.py:183} INFO - Processing /home/airflow/.local/lib/python3.8/site-packages/airflow/example_dags/example_subdag_operator.py took 0.114 seconds
[2025-05-07T20:08:31.002+0000] {processor.py:161} INFO - Started process (PID=4020) to work on /home/airflow/.local/lib/python3.8/site-packages/airflow/example_dags/example_subdag_operator.py
[2025-05-07T20:08:31.004+0000] {processor.py:830} INFO - Processing file /home/airflow/.local/lib/python3.8/site-packages/airflow/example_dags/example_subdag_operator.py for tasks to queue
[2025-05-07T20:08:31.007+0000] {logging_mixin.py:188} INFO - [2025-05-07T20:08:31.006+0000] {dagbag.py:538} INFO - Filling up the DagBag from /home/airflow/.local/lib/python3.8/site-packages/airflow/example_dags/example_subdag_operator.py
[2025-05-07T20:08:31.034+0000] {processor.py:840} INFO - DAG(s) 'example_subdag_operator.section-1', 'example_subdag_operator.section-2', 'example_subdag_operator' retrieved from /home/airflow/.local/lib/python3.8/site-packages/airflow/example_dags/example_subdag_operator.py
[2025-05-07T20:08:31.060+0000] {logging_mixin.py:188} INFO - [2025-05-07T20:08:31.060+0000] {dag.py:3036} INFO - Sync 3 DAGs
[2025-05-07T20:08:31.081+0000] {logging_mixin.py:188} INFO - [2025-05-07T20:08:31.081+0000] {dag.py:3823} INFO - Setting next_dagrun for example_subdag_operator to 2022-01-01 00:00:00+00:00, run_after=2022-01-01 00:00:00+00:00
[2025-05-07T20:08:31.086+0000] {logging_mixin.py:188} INFO - [2025-05-07T20:08:31.086+0000] {dag.py:3823} INFO - Setting next_dagrun for example_subdag_operator.section-1 to None, run_after=None
[2025-05-07T20:08:31.090+0000] {logging_mixin.py:188} INFO - [2025-05-07T20:08:31.090+0000] {dag.py:3823} INFO - Setting next_dagrun for example_subdag_operator.section-2 to None, run_after=None
[2025-05-07T20:08:31.099+0000] {logging_mixin.py:188} INFO - [2025-05-07T20:08:31.099+0000] {dag.py:3036} INFO - Sync 2 DAGs
[2025-05-07T20:08:31.106+0000] {logging_mixin.py:188} INFO - [2025-05-07T20:08:31.105+0000] {dag.py:3823} INFO - Setting next_dagrun for example_subdag_operator.section-1 to None, run_after=None
[2025-05-07T20:08:31.107+0000] {logging_mixin.py:188} INFO - [2025-05-07T20:08:31.106+0000] {dag.py:3823} INFO - Setting next_dagrun for example_subdag_operator.section-2 to None, run_after=None
[2025-05-07T20:08:31.123+0000] {processor.py:183} INFO - Processing /home/airflow/.local/lib/python3.8/site-packages/airflow/example_dags/example_subdag_operator.py took 0.126 seconds
[2025-05-07T20:09:02.153+0000] {processor.py:161} INFO - Started process (PID=4077) to work on /home/airflow/.local/lib/python3.8/site-packages/airflow/example_dags/example_subdag_operator.py
[2025-05-07T20:09:02.155+0000] {processor.py:830} INFO - Processing file /home/airflow/.local/lib/python3.8/site-packages/airflow/example_dags/example_subdag_operator.py for tasks to queue
[2025-05-07T20:09:02.158+0000] {logging_mixin.py:188} INFO - [2025-05-07T20:09:02.157+0000] {dagbag.py:538} INFO - Filling up the DagBag from /home/airflow/.local/lib/python3.8/site-packages/airflow/example_dags/example_subdag_operator.py
[2025-05-07T20:09:02.189+0000] {processor.py:840} INFO - DAG(s) 'example_subdag_operator.section-1', 'example_subdag_operator.section-2', 'example_subdag_operator' retrieved from /home/airflow/.local/lib/python3.8/site-packages/airflow/example_dags/example_subdag_operator.py
[2025-05-07T20:09:02.206+0000] {logging_mixin.py:188} INFO - [2025-05-07T20:09:02.206+0000] {dag.py:3036} INFO - Sync 3 DAGs
[2025-05-07T20:09:02.228+0000] {logging_mixin.py:188} INFO - [2025-05-07T20:09:02.228+0000] {dag.py:3823} INFO - Setting next_dagrun for example_subdag_operator to 2022-01-01 00:00:00+00:00, run_after=2022-01-01 00:00:00+00:00
[2025-05-07T20:09:02.233+0000] {logging_mixin.py:188} INFO - [2025-05-07T20:09:02.232+0000] {dag.py:3823} INFO - Setting next_dagrun for example_subdag_operator.section-1 to None, run_after=None
[2025-05-07T20:09:02.235+0000] {logging_mixin.py:188} INFO - [2025-05-07T20:09:02.234+0000] {dag.py:3823} INFO - Setting next_dagrun for example_subdag_operator.section-2 to None, run_after=None
[2025-05-07T20:09:02.243+0000] {logging_mixin.py:188} INFO - [2025-05-07T20:09:02.243+0000] {dag.py:3036} INFO - Sync 2 DAGs
[2025-05-07T20:09:02.251+0000] {logging_mixin.py:188} INFO - [2025-05-07T20:09:02.251+0000] {dag.py:3823} INFO - Setting next_dagrun for example_subdag_operator.section-1 to None, run_after=None
[2025-05-07T20:09:02.252+0000] {logging_mixin.py:188} INFO - [2025-05-07T20:09:02.252+0000] {dag.py:3823} INFO - Setting next_dagrun for example_subdag_operator.section-2 to None, run_after=None
[2025-05-07T20:09:02.272+0000] {processor.py:183} INFO - Processing /home/airflow/.local/lib/python3.8/site-packages/airflow/example_dags/example_subdag_operator.py took 0.123 seconds
[2025-05-07T20:09:32.493+0000] {processor.py:161} INFO - Started process (PID=4134) to work on /home/airflow/.local/lib/python3.8/site-packages/airflow/example_dags/example_subdag_operator.py
[2025-05-07T20:09:32.495+0000] {processor.py:830} INFO - Processing file /home/airflow/.local/lib/python3.8/site-packages/airflow/example_dags/example_subdag_operator.py for tasks to queue
[2025-05-07T20:09:32.498+0000] {logging_mixin.py:188} INFO - [2025-05-07T20:09:32.498+0000] {dagbag.py:538} INFO - Filling up the DagBag from /home/airflow/.local/lib/python3.8/site-packages/airflow/example_dags/example_subdag_operator.py
[2025-05-07T20:09:32.532+0000] {processor.py:840} INFO - DAG(s) 'example_subdag_operator.section-1', 'example_subdag_operator.section-2', 'example_subdag_operator' retrieved from /home/airflow/.local/lib/python3.8/site-packages/airflow/example_dags/example_subdag_operator.py
[2025-05-07T20:09:32.556+0000] {logging_mixin.py:188} INFO - [2025-05-07T20:09:32.556+0000] {dag.py:3036} INFO - Sync 3 DAGs
[2025-05-07T20:09:32.585+0000] {logging_mixin.py:188} INFO - [2025-05-07T20:09:32.585+0000] {dag.py:3823} INFO - Setting next_dagrun for example_subdag_operator to 2022-01-01 00:00:00+00:00, run_after=2022-01-01 00:00:00+00:00
[2025-05-07T20:09:32.591+0000] {logging_mixin.py:188} INFO - [2025-05-07T20:09:32.591+0000] {dag.py:3823} INFO - Setting next_dagrun for example_subdag_operator.section-1 to None, run_after=None
[2025-05-07T20:09:32.593+0000] {logging_mixin.py:188} INFO - [2025-05-07T20:09:32.593+0000] {dag.py:3823} INFO - Setting next_dagrun for example_subdag_operator.section-2 to None, run_after=None
[2025-05-07T20:09:32.605+0000] {logging_mixin.py:188} INFO - [2025-05-07T20:09:32.605+0000] {dag.py:3036} INFO - Sync 2 DAGs
[2025-05-07T20:09:32.613+0000] {logging_mixin.py:188} INFO - [2025-05-07T20:09:32.613+0000] {dag.py:3823} INFO - Setting next_dagrun for example_subdag_operator.section-1 to None, run_after=None
[2025-05-07T20:09:32.615+0000] {logging_mixin.py:188} INFO - [2025-05-07T20:09:32.614+0000] {dag.py:3823} INFO - Setting next_dagrun for example_subdag_operator.section-2 to None, run_after=None
[2025-05-07T20:09:32.636+0000] {processor.py:183} INFO - Processing /home/airflow/.local/lib/python3.8/site-packages/airflow/example_dags/example_subdag_operator.py took 0.147 seconds
[2025-05-07T20:10:03.371+0000] {processor.py:161} INFO - Started process (PID=4191) to work on /home/airflow/.local/lib/python3.8/site-packages/airflow/example_dags/example_subdag_operator.py
[2025-05-07T20:10:03.373+0000] {processor.py:830} INFO - Processing file /home/airflow/.local/lib/python3.8/site-packages/airflow/example_dags/example_subdag_operator.py for tasks to queue
[2025-05-07T20:10:03.378+0000] {logging_mixin.py:188} INFO - [2025-05-07T20:10:03.377+0000] {dagbag.py:538} INFO - Filling up the DagBag from /home/airflow/.local/lib/python3.8/site-packages/airflow/example_dags/example_subdag_operator.py
[2025-05-07T20:10:03.420+0000] {processor.py:840} INFO - DAG(s) 'example_subdag_operator.section-1', 'example_subdag_operator.section-2', 'example_subdag_operator' retrieved from /home/airflow/.local/lib/python3.8/site-packages/airflow/example_dags/example_subdag_operator.py
[2025-05-07T20:10:03.439+0000] {logging_mixin.py:188} INFO - [2025-05-07T20:10:03.439+0000] {dag.py:3036} INFO - Sync 3 DAGs
[2025-05-07T20:10:03.462+0000] {logging_mixin.py:188} INFO - [2025-05-07T20:10:03.462+0000] {dag.py:3823} INFO - Setting next_dagrun for example_subdag_operator to 2022-01-01 00:00:00+00:00, run_after=2022-01-01 00:00:00+00:00
[2025-05-07T20:10:03.470+0000] {logging_mixin.py:188} INFO - [2025-05-07T20:10:03.470+0000] {dag.py:3823} INFO - Setting next_dagrun for example_subdag_operator.section-1 to None, run_after=None
[2025-05-07T20:10:03.478+0000] {logging_mixin.py:188} INFO - [2025-05-07T20:10:03.477+0000] {dag.py:3823} INFO - Setting next_dagrun for example_subdag_operator.section-2 to None, run_after=None
[2025-05-07T20:10:03.490+0000] {logging_mixin.py:188} INFO - [2025-05-07T20:10:03.490+0000] {dag.py:3036} INFO - Sync 2 DAGs
[2025-05-07T20:10:03.497+0000] {logging_mixin.py:188} INFO - [2025-05-07T20:10:03.497+0000] {dag.py:3823} INFO - Setting next_dagrun for example_subdag_operator.section-1 to None, run_after=None
[2025-05-07T20:10:03.499+0000] {logging_mixin.py:188} INFO - [2025-05-07T20:10:03.499+0000] {dag.py:3823} INFO - Setting next_dagrun for example_subdag_operator.section-2 to None, run_after=None
[2025-05-07T20:10:03.515+0000] {processor.py:183} INFO - Processing /home/airflow/.local/lib/python3.8/site-packages/airflow/example_dags/example_subdag_operator.py took 0.149 seconds
[2025-05-07T20:10:33.716+0000] {processor.py:161} INFO - Started process (PID=4248) to work on /home/airflow/.local/lib/python3.8/site-packages/airflow/example_dags/example_subdag_operator.py
[2025-05-07T20:10:33.719+0000] {processor.py:830} INFO - Processing file /home/airflow/.local/lib/python3.8/site-packages/airflow/example_dags/example_subdag_operator.py for tasks to queue
[2025-05-07T20:10:33.721+0000] {logging_mixin.py:188} INFO - [2025-05-07T20:10:33.721+0000] {dagbag.py:538} INFO - Filling up the DagBag from /home/airflow/.local/lib/python3.8/site-packages/airflow/example_dags/example_subdag_operator.py
[2025-05-07T20:10:33.747+0000] {processor.py:840} INFO - DAG(s) 'example_subdag_operator.section-1', 'example_subdag_operator.section-2', 'example_subdag_operator' retrieved from /home/airflow/.local/lib/python3.8/site-packages/airflow/example_dags/example_subdag_operator.py
[2025-05-07T20:10:33.763+0000] {logging_mixin.py:188} INFO - [2025-05-07T20:10:33.763+0000] {dag.py:3036} INFO - Sync 3 DAGs
[2025-05-07T20:10:33.787+0000] {logging_mixin.py:188} INFO - [2025-05-07T20:10:33.787+0000] {dag.py:3823} INFO - Setting next_dagrun for example_subdag_operator to 2022-01-01 00:00:00+00:00, run_after=2022-01-01 00:00:00+00:00
[2025-05-07T20:10:33.792+0000] {logging_mixin.py:188} INFO - [2025-05-07T20:10:33.792+0000] {dag.py:3823} INFO - Setting next_dagrun for example_subdag_operator.section-1 to None, run_after=None
[2025-05-07T20:10:33.796+0000] {logging_mixin.py:188} INFO - [2025-05-07T20:10:33.796+0000] {dag.py:3823} INFO - Setting next_dagrun for example_subdag_operator.section-2 to None, run_after=None
[2025-05-07T20:10:33.805+0000] {logging_mixin.py:188} INFO - [2025-05-07T20:10:33.805+0000] {dag.py:3036} INFO - Sync 2 DAGs
[2025-05-07T20:10:33.811+0000] {logging_mixin.py:188} INFO - [2025-05-07T20:10:33.811+0000] {dag.py:3823} INFO - Setting next_dagrun for example_subdag_operator.section-1 to None, run_after=None
[2025-05-07T20:10:33.813+0000] {logging_mixin.py:188} INFO - [2025-05-07T20:10:33.813+0000] {dag.py:3823} INFO - Setting next_dagrun for example_subdag_operator.section-2 to None, run_after=None
[2025-05-07T20:10:33.827+0000] {processor.py:183} INFO - Processing /home/airflow/.local/lib/python3.8/site-packages/airflow/example_dags/example_subdag_operator.py took 0.115 seconds
[2025-05-07T20:11:04.256+0000] {processor.py:161} INFO - Started process (PID=4305) to work on /home/airflow/.local/lib/python3.8/site-packages/airflow/example_dags/example_subdag_operator.py
[2025-05-07T20:11:04.260+0000] {processor.py:830} INFO - Processing file /home/airflow/.local/lib/python3.8/site-packages/airflow/example_dags/example_subdag_operator.py for tasks to queue
[2025-05-07T20:11:04.264+0000] {logging_mixin.py:188} INFO - [2025-05-07T20:11:04.264+0000] {dagbag.py:538} INFO - Filling up the DagBag from /home/airflow/.local/lib/python3.8/site-packages/airflow/example_dags/example_subdag_operator.py
[2025-05-07T20:11:04.305+0000] {processor.py:840} INFO - DAG(s) 'example_subdag_operator.section-1', 'example_subdag_operator.section-2', 'example_subdag_operator' retrieved from /home/airflow/.local/lib/python3.8/site-packages/airflow/example_dags/example_subdag_operator.py
[2025-05-07T20:11:04.322+0000] {logging_mixin.py:188} INFO - [2025-05-07T20:11:04.322+0000] {dag.py:3036} INFO - Sync 3 DAGs
[2025-05-07T20:11:04.343+0000] {logging_mixin.py:188} INFO - [2025-05-07T20:11:04.343+0000] {dag.py:3823} INFO - Setting next_dagrun for example_subdag_operator to 2022-01-01 00:00:00+00:00, run_after=2022-01-01 00:00:00+00:00
[2025-05-07T20:11:04.349+0000] {logging_mixin.py:188} INFO - [2025-05-07T20:11:04.349+0000] {dag.py:3823} INFO - Setting next_dagrun for example_subdag_operator.section-1 to None, run_after=None
[2025-05-07T20:11:04.353+0000] {logging_mixin.py:188} INFO - [2025-05-07T20:11:04.353+0000] {dag.py:3823} INFO - Setting next_dagrun for example_subdag_operator.section-2 to None, run_after=None
[2025-05-07T20:11:04.361+0000] {logging_mixin.py:188} INFO - [2025-05-07T20:11:04.360+0000] {dag.py:3036} INFO - Sync 2 DAGs
[2025-05-07T20:11:04.368+0000] {logging_mixin.py:188} INFO - [2025-05-07T20:11:04.368+0000] {dag.py:3823} INFO - Setting next_dagrun for example_subdag_operator.section-1 to None, run_after=None
[2025-05-07T20:11:04.370+0000] {logging_mixin.py:188} INFO - [2025-05-07T20:11:04.370+0000] {dag.py:3823} INFO - Setting next_dagrun for example_subdag_operator.section-2 to None, run_after=None
[2025-05-07T20:11:04.385+0000] {processor.py:183} INFO - Processing /home/airflow/.local/lib/python3.8/site-packages/airflow/example_dags/example_subdag_operator.py took 0.135 seconds
[2025-05-07T20:11:34.551+0000] {processor.py:161} INFO - Started process (PID=4362) to work on /home/airflow/.local/lib/python3.8/site-packages/airflow/example_dags/example_subdag_operator.py
[2025-05-07T20:11:34.554+0000] {processor.py:830} INFO - Processing file /home/airflow/.local/lib/python3.8/site-packages/airflow/example_dags/example_subdag_operator.py for tasks to queue
[2025-05-07T20:11:34.559+0000] {logging_mixin.py:188} INFO - [2025-05-07T20:11:34.559+0000] {dagbag.py:538} INFO - Filling up the DagBag from /home/airflow/.local/lib/python3.8/site-packages/airflow/example_dags/example_subdag_operator.py
[2025-05-07T20:11:34.596+0000] {processor.py:840} INFO - DAG(s) 'example_subdag_operator.section-1', 'example_subdag_operator.section-2', 'example_subdag_operator' retrieved from /home/airflow/.local/lib/python3.8/site-packages/airflow/example_dags/example_subdag_operator.py
[2025-05-07T20:11:34.614+0000] {logging_mixin.py:188} INFO - [2025-05-07T20:11:34.614+0000] {dag.py:3036} INFO - Sync 3 DAGs
[2025-05-07T20:11:34.636+0000] {logging_mixin.py:188} INFO - [2025-05-07T20:11:34.636+0000] {dag.py:3823} INFO - Setting next_dagrun for example_subdag_operator to 2022-01-01 00:00:00+00:00, run_after=2022-01-01 00:00:00+00:00
[2025-05-07T20:11:34.641+0000] {logging_mixin.py:188} INFO - [2025-05-07T20:11:34.641+0000] {dag.py:3823} INFO - Setting next_dagrun for example_subdag_operator.section-1 to None, run_after=None
[2025-05-07T20:11:34.643+0000] {logging_mixin.py:188} INFO - [2025-05-07T20:11:34.643+0000] {dag.py:3823} INFO - Setting next_dagrun for example_subdag_operator.section-2 to None, run_after=None
[2025-05-07T20:11:34.651+0000] {logging_mixin.py:188} INFO - [2025-05-07T20:11:34.651+0000] {dag.py:3036} INFO - Sync 2 DAGs
[2025-05-07T20:11:34.657+0000] {logging_mixin.py:188} INFO - [2025-05-07T20:11:34.657+0000] {dag.py:3823} INFO - Setting next_dagrun for example_subdag_operator.section-1 to None, run_after=None
[2025-05-07T20:11:34.658+0000] {logging_mixin.py:188} INFO - [2025-05-07T20:11:34.658+0000] {dag.py:3823} INFO - Setting next_dagrun for example_subdag_operator.section-2 to None, run_after=None
[2025-05-07T20:11:34.672+0000] {processor.py:183} INFO - Processing /home/airflow/.local/lib/python3.8/site-packages/airflow/example_dags/example_subdag_operator.py took 0.129 seconds
[2025-05-07T20:12:04.813+0000] {processor.py:161} INFO - Started process (PID=4419) to work on /home/airflow/.local/lib/python3.8/site-packages/airflow/example_dags/example_subdag_operator.py
[2025-05-07T20:12:04.815+0000] {processor.py:830} INFO - Processing file /home/airflow/.local/lib/python3.8/site-packages/airflow/example_dags/example_subdag_operator.py for tasks to queue
[2025-05-07T20:12:04.818+0000] {logging_mixin.py:188} INFO - [2025-05-07T20:12:04.818+0000] {dagbag.py:538} INFO - Filling up the DagBag from /home/airflow/.local/lib/python3.8/site-packages/airflow/example_dags/example_subdag_operator.py
[2025-05-07T20:12:04.846+0000] {processor.py:840} INFO - DAG(s) 'example_subdag_operator.section-1', 'example_subdag_operator.section-2', 'example_subdag_operator' retrieved from /home/airflow/.local/lib/python3.8/site-packages/airflow/example_dags/example_subdag_operator.py
[2025-05-07T20:12:04.865+0000] {logging_mixin.py:188} INFO - [2025-05-07T20:12:04.864+0000] {dag.py:3036} INFO - Sync 3 DAGs
[2025-05-07T20:12:04.886+0000] {logging_mixin.py:188} INFO - [2025-05-07T20:12:04.886+0000] {dag.py:3823} INFO - Setting next_dagrun for example_subdag_operator to 2022-01-01 00:00:00+00:00, run_after=2022-01-01 00:00:00+00:00
[2025-05-07T20:12:04.891+0000] {logging_mixin.py:188} INFO - [2025-05-07T20:12:04.891+0000] {dag.py:3823} INFO - Setting next_dagrun for example_subdag_operator.section-1 to None, run_after=None
[2025-05-07T20:12:04.893+0000] {logging_mixin.py:188} INFO - [2025-05-07T20:12:04.893+0000] {dag.py:3823} INFO - Setting next_dagrun for example_subdag_operator.section-2 to None, run_after=None
[2025-05-07T20:12:04.903+0000] {logging_mixin.py:188} INFO - [2025-05-07T20:12:04.903+0000] {dag.py:3036} INFO - Sync 2 DAGs
[2025-05-07T20:12:04.909+0000] {logging_mixin.py:188} INFO - [2025-05-07T20:12:04.908+0000] {dag.py:3823} INFO - Setting next_dagrun for example_subdag_operator.section-1 to None, run_after=None
[2025-05-07T20:12:04.910+0000] {logging_mixin.py:188} INFO - [2025-05-07T20:12:04.909+0000] {dag.py:3823} INFO - Setting next_dagrun for example_subdag_operator.section-2 to None, run_after=None
[2025-05-07T20:12:04.927+0000] {processor.py:183} INFO - Processing /home/airflow/.local/lib/python3.8/site-packages/airflow/example_dags/example_subdag_operator.py took 0.121 seconds
[2025-05-07T20:12:35.145+0000] {processor.py:161} INFO - Started process (PID=4476) to work on /home/airflow/.local/lib/python3.8/site-packages/airflow/example_dags/example_subdag_operator.py
[2025-05-07T20:12:35.148+0000] {processor.py:830} INFO - Processing file /home/airflow/.local/lib/python3.8/site-packages/airflow/example_dags/example_subdag_operator.py for tasks to queue
[2025-05-07T20:12:35.155+0000] {logging_mixin.py:188} INFO - [2025-05-07T20:12:35.154+0000] {dagbag.py:538} INFO - Filling up the DagBag from /home/airflow/.local/lib/python3.8/site-packages/airflow/example_dags/example_subdag_operator.py
[2025-05-07T20:12:35.196+0000] {processor.py:840} INFO - DAG(s) 'example_subdag_operator.section-1', 'example_subdag_operator.section-2', 'example_subdag_operator' retrieved from /home/airflow/.local/lib/python3.8/site-packages/airflow/example_dags/example_subdag_operator.py
[2025-05-07T20:12:35.214+0000] {logging_mixin.py:188} INFO - [2025-05-07T20:12:35.214+0000] {dag.py:3036} INFO - Sync 3 DAGs
[2025-05-07T20:12:35.234+0000] {logging_mixin.py:188} INFO - [2025-05-07T20:12:35.234+0000] {dag.py:3823} INFO - Setting next_dagrun for example_subdag_operator to 2022-01-01 00:00:00+00:00, run_after=2022-01-01 00:00:00+00:00
[2025-05-07T20:12:35.239+0000] {logging_mixin.py:188} INFO - [2025-05-07T20:12:35.238+0000] {dag.py:3823} INFO - Setting next_dagrun for example_subdag_operator.section-1 to None, run_after=None
[2025-05-07T20:12:35.242+0000] {logging_mixin.py:188} INFO - [2025-05-07T20:12:35.242+0000] {dag.py:3823} INFO - Setting next_dagrun for example_subdag_operator.section-2 to None, run_after=None
[2025-05-07T20:12:35.251+0000] {logging_mixin.py:188} INFO - [2025-05-07T20:12:35.251+0000] {dag.py:3036} INFO - Sync 2 DAGs
[2025-05-07T20:12:35.259+0000] {logging_mixin.py:188} INFO - [2025-05-07T20:12:35.259+0000] {dag.py:3823} INFO - Setting next_dagrun for example_subdag_operator.section-1 to None, run_after=None
[2025-05-07T20:12:35.261+0000] {logging_mixin.py:188} INFO - [2025-05-07T20:12:35.261+0000] {dag.py:3823} INFO - Setting next_dagrun for example_subdag_operator.section-2 to None, run_after=None
[2025-05-07T20:12:35.276+0000] {processor.py:183} INFO - Processing /home/airflow/.local/lib/python3.8/site-packages/airflow/example_dags/example_subdag_operator.py took 0.137 seconds
[2025-05-07T20:13:05.954+0000] {processor.py:161} INFO - Started process (PID=4533) to work on /home/airflow/.local/lib/python3.8/site-packages/airflow/example_dags/example_subdag_operator.py
[2025-05-07T20:13:05.958+0000] {processor.py:830} INFO - Processing file /home/airflow/.local/lib/python3.8/site-packages/airflow/example_dags/example_subdag_operator.py for tasks to queue
[2025-05-07T20:13:05.964+0000] {logging_mixin.py:188} INFO - [2025-05-07T20:13:05.964+0000] {dagbag.py:538} INFO - Filling up the DagBag from /home/airflow/.local/lib/python3.8/site-packages/airflow/example_dags/example_subdag_operator.py
[2025-05-07T20:13:05.997+0000] {processor.py:840} INFO - DAG(s) 'example_subdag_operator.section-1', 'example_subdag_operator.section-2', 'example_subdag_operator' retrieved from /home/airflow/.local/lib/python3.8/site-packages/airflow/example_dags/example_subdag_operator.py
[2025-05-07T20:13:06.017+0000] {logging_mixin.py:188} INFO - [2025-05-07T20:13:06.017+0000] {dag.py:3036} INFO - Sync 3 DAGs
[2025-05-07T20:13:06.039+0000] {logging_mixin.py:188} INFO - [2025-05-07T20:13:06.039+0000] {dag.py:3823} INFO - Setting next_dagrun for example_subdag_operator to 2022-01-01 00:00:00+00:00, run_after=2022-01-01 00:00:00+00:00
[2025-05-07T20:13:06.044+0000] {logging_mixin.py:188} INFO - [2025-05-07T20:13:06.043+0000] {dag.py:3823} INFO - Setting next_dagrun for example_subdag_operator.section-1 to None, run_after=None
[2025-05-07T20:13:06.046+0000] {logging_mixin.py:188} INFO - [2025-05-07T20:13:06.046+0000] {dag.py:3823} INFO - Setting next_dagrun for example_subdag_operator.section-2 to None, run_after=None
[2025-05-07T20:13:06.055+0000] {logging_mixin.py:188} INFO - [2025-05-07T20:13:06.054+0000] {dag.py:3036} INFO - Sync 2 DAGs
[2025-05-07T20:13:06.061+0000] {logging_mixin.py:188} INFO - [2025-05-07T20:13:06.060+0000] {dag.py:3823} INFO - Setting next_dagrun for example_subdag_operator.section-1 to None, run_after=None
[2025-05-07T20:13:06.062+0000] {logging_mixin.py:188} INFO - [2025-05-07T20:13:06.062+0000] {dag.py:3823} INFO - Setting next_dagrun for example_subdag_operator.section-2 to None, run_after=None
[2025-05-07T20:13:06.076+0000] {processor.py:183} INFO - Processing /home/airflow/.local/lib/python3.8/site-packages/airflow/example_dags/example_subdag_operator.py took 0.126 seconds
[2025-05-07T20:13:37.041+0000] {processor.py:161} INFO - Started process (PID=4590) to work on /home/airflow/.local/lib/python3.8/site-packages/airflow/example_dags/example_subdag_operator.py
[2025-05-07T20:13:37.044+0000] {processor.py:830} INFO - Processing file /home/airflow/.local/lib/python3.8/site-packages/airflow/example_dags/example_subdag_operator.py for tasks to queue
[2025-05-07T20:13:37.047+0000] {logging_mixin.py:188} INFO - [2025-05-07T20:13:37.047+0000] {dagbag.py:538} INFO - Filling up the DagBag from /home/airflow/.local/lib/python3.8/site-packages/airflow/example_dags/example_subdag_operator.py
[2025-05-07T20:13:37.076+0000] {processor.py:840} INFO - DAG(s) 'example_subdag_operator.section-1', 'example_subdag_operator.section-2', 'example_subdag_operator' retrieved from /home/airflow/.local/lib/python3.8/site-packages/airflow/example_dags/example_subdag_operator.py
[2025-05-07T20:13:37.094+0000] {logging_mixin.py:188} INFO - [2025-05-07T20:13:37.094+0000] {dag.py:3036} INFO - Sync 3 DAGs
[2025-05-07T20:13:37.118+0000] {logging_mixin.py:188} INFO - [2025-05-07T20:13:37.118+0000] {dag.py:3823} INFO - Setting next_dagrun for example_subdag_operator to 2022-01-01 00:00:00+00:00, run_after=2022-01-01 00:00:00+00:00
[2025-05-07T20:13:37.123+0000] {logging_mixin.py:188} INFO - [2025-05-07T20:13:37.123+0000] {dag.py:3823} INFO - Setting next_dagrun for example_subdag_operator.section-1 to None, run_after=None
[2025-05-07T20:13:37.126+0000] {logging_mixin.py:188} INFO - [2025-05-07T20:13:37.126+0000] {dag.py:3823} INFO - Setting next_dagrun for example_subdag_operator.section-2 to None, run_after=None
[2025-05-07T20:13:37.133+0000] {logging_mixin.py:188} INFO - [2025-05-07T20:13:37.133+0000] {dag.py:3036} INFO - Sync 2 DAGs
[2025-05-07T20:13:37.140+0000] {logging_mixin.py:188} INFO - [2025-05-07T20:13:37.140+0000] {dag.py:3823} INFO - Setting next_dagrun for example_subdag_operator.section-1 to None, run_after=None
[2025-05-07T20:13:37.142+0000] {logging_mixin.py:188} INFO - [2025-05-07T20:13:37.142+0000] {dag.py:3823} INFO - Setting next_dagrun for example_subdag_operator.section-2 to None, run_after=None
[2025-05-07T20:13:37.157+0000] {processor.py:183} INFO - Processing /home/airflow/.local/lib/python3.8/site-packages/airflow/example_dags/example_subdag_operator.py took 0.119 seconds
[2025-05-07T20:14:07.644+0000] {processor.py:161} INFO - Started process (PID=4647) to work on /home/airflow/.local/lib/python3.8/site-packages/airflow/example_dags/example_subdag_operator.py
[2025-05-07T20:14:07.646+0000] {processor.py:830} INFO - Processing file /home/airflow/.local/lib/python3.8/site-packages/airflow/example_dags/example_subdag_operator.py for tasks to queue
[2025-05-07T20:14:07.650+0000] {logging_mixin.py:188} INFO - [2025-05-07T20:14:07.649+0000] {dagbag.py:538} INFO - Filling up the DagBag from /home/airflow/.local/lib/python3.8/site-packages/airflow/example_dags/example_subdag_operator.py
[2025-05-07T20:14:07.691+0000] {processor.py:840} INFO - DAG(s) 'example_subdag_operator.section-1', 'example_subdag_operator.section-2', 'example_subdag_operator' retrieved from /home/airflow/.local/lib/python3.8/site-packages/airflow/example_dags/example_subdag_operator.py
[2025-05-07T20:14:07.708+0000] {logging_mixin.py:188} INFO - [2025-05-07T20:14:07.707+0000] {dag.py:3036} INFO - Sync 3 DAGs
[2025-05-07T20:14:07.730+0000] {logging_mixin.py:188} INFO - [2025-05-07T20:14:07.730+0000] {dag.py:3823} INFO - Setting next_dagrun for example_subdag_operator to 2022-01-01 00:00:00+00:00, run_after=2022-01-01 00:00:00+00:00
[2025-05-07T20:14:07.734+0000] {logging_mixin.py:188} INFO - [2025-05-07T20:14:07.734+0000] {dag.py:3823} INFO - Setting next_dagrun for example_subdag_operator.section-1 to None, run_after=None
[2025-05-07T20:14:07.736+0000] {logging_mixin.py:188} INFO - [2025-05-07T20:14:07.736+0000] {dag.py:3823} INFO - Setting next_dagrun for example_subdag_operator.section-2 to None, run_after=None
[2025-05-07T20:14:07.743+0000] {logging_mixin.py:188} INFO - [2025-05-07T20:14:07.743+0000] {dag.py:3036} INFO - Sync 2 DAGs
[2025-05-07T20:14:07.749+0000] {logging_mixin.py:188} INFO - [2025-05-07T20:14:07.749+0000] {dag.py:3823} INFO - Setting next_dagrun for example_subdag_operator.section-1 to None, run_after=None
[2025-05-07T20:14:07.750+0000] {logging_mixin.py:188} INFO - [2025-05-07T20:14:07.750+0000] {dag.py:3823} INFO - Setting next_dagrun for example_subdag_operator.section-2 to None, run_after=None
[2025-05-07T20:14:07.768+0000] {processor.py:183} INFO - Processing /home/airflow/.local/lib/python3.8/site-packages/airflow/example_dags/example_subdag_operator.py took 0.131 seconds
[2025-05-07T20:14:38.345+0000] {processor.py:161} INFO - Started process (PID=4704) to work on /home/airflow/.local/lib/python3.8/site-packages/airflow/example_dags/example_subdag_operator.py
[2025-05-07T20:14:38.349+0000] {processor.py:830} INFO - Processing file /home/airflow/.local/lib/python3.8/site-packages/airflow/example_dags/example_subdag_operator.py for tasks to queue
[2025-05-07T20:14:38.356+0000] {logging_mixin.py:188} INFO - [2025-05-07T20:14:38.355+0000] {dagbag.py:538} INFO - Filling up the DagBag from /home/airflow/.local/lib/python3.8/site-packages/airflow/example_dags/example_subdag_operator.py
[2025-05-07T20:14:38.402+0000] {processor.py:840} INFO - DAG(s) 'example_subdag_operator.section-1', 'example_subdag_operator.section-2', 'example_subdag_operator' retrieved from /home/airflow/.local/lib/python3.8/site-packages/airflow/example_dags/example_subdag_operator.py
[2025-05-07T20:14:38.435+0000] {logging_mixin.py:188} INFO - [2025-05-07T20:14:38.435+0000] {dag.py:3036} INFO - Sync 3 DAGs
[2025-05-07T20:14:38.465+0000] {logging_mixin.py:188} INFO - [2025-05-07T20:14:38.464+0000] {dag.py:3823} INFO - Setting next_dagrun for example_subdag_operator to 2022-01-01 00:00:00+00:00, run_after=2022-01-01 00:00:00+00:00
[2025-05-07T20:14:38.469+0000] {logging_mixin.py:188} INFO - [2025-05-07T20:14:38.469+0000] {dag.py:3823} INFO - Setting next_dagrun for example_subdag_operator.section-1 to None, run_after=None
[2025-05-07T20:14:38.471+0000] {logging_mixin.py:188} INFO - [2025-05-07T20:14:38.471+0000] {dag.py:3823} INFO - Setting next_dagrun for example_subdag_operator.section-2 to None, run_after=None
[2025-05-07T20:14:38.479+0000] {logging_mixin.py:188} INFO - [2025-05-07T20:14:38.479+0000] {dag.py:3036} INFO - Sync 2 DAGs
[2025-05-07T20:14:38.486+0000] {logging_mixin.py:188} INFO - [2025-05-07T20:14:38.486+0000] {dag.py:3823} INFO - Setting next_dagrun for example_subdag_operator.section-1 to None, run_after=None
[2025-05-07T20:14:38.487+0000] {logging_mixin.py:188} INFO - [2025-05-07T20:14:38.487+0000] {dag.py:3823} INFO - Setting next_dagrun for example_subdag_operator.section-2 to None, run_after=None
[2025-05-07T20:14:38.500+0000] {processor.py:183} INFO - Processing /home/airflow/.local/lib/python3.8/site-packages/airflow/example_dags/example_subdag_operator.py took 0.163 seconds
[2025-05-07T20:15:08.776+0000] {processor.py:161} INFO - Started process (PID=4761) to work on /home/airflow/.local/lib/python3.8/site-packages/airflow/example_dags/example_subdag_operator.py
[2025-05-07T20:15:08.780+0000] {processor.py:830} INFO - Processing file /home/airflow/.local/lib/python3.8/site-packages/airflow/example_dags/example_subdag_operator.py for tasks to queue
[2025-05-07T20:15:08.786+0000] {logging_mixin.py:188} INFO - [2025-05-07T20:15:08.785+0000] {dagbag.py:538} INFO - Filling up the DagBag from /home/airflow/.local/lib/python3.8/site-packages/airflow/example_dags/example_subdag_operator.py
[2025-05-07T20:15:08.822+0000] {processor.py:840} INFO - DAG(s) 'example_subdag_operator.section-1', 'example_subdag_operator.section-2', 'example_subdag_operator' retrieved from /home/airflow/.local/lib/python3.8/site-packages/airflow/example_dags/example_subdag_operator.py
[2025-05-07T20:15:08.843+0000] {logging_mixin.py:188} INFO - [2025-05-07T20:15:08.843+0000] {dag.py:3036} INFO - Sync 3 DAGs
[2025-05-07T20:15:08.872+0000] {logging_mixin.py:188} INFO - [2025-05-07T20:15:08.872+0000] {dag.py:3823} INFO - Setting next_dagrun for example_subdag_operator to 2022-01-01 00:00:00+00:00, run_after=2022-01-01 00:00:00+00:00
[2025-05-07T20:15:08.878+0000] {logging_mixin.py:188} INFO - [2025-05-07T20:15:08.877+0000] {dag.py:3823} INFO - Setting next_dagrun for example_subdag_operator.section-1 to None, run_after=None
[2025-05-07T20:15:08.880+0000] {logging_mixin.py:188} INFO - [2025-05-07T20:15:08.880+0000] {dag.py:3823} INFO - Setting next_dagrun for example_subdag_operator.section-2 to None, run_after=None
[2025-05-07T20:15:08.890+0000] {logging_mixin.py:188} INFO - [2025-05-07T20:15:08.889+0000] {dag.py:3036} INFO - Sync 2 DAGs
[2025-05-07T20:15:08.905+0000] {logging_mixin.py:188} INFO - [2025-05-07T20:15:08.904+0000] {dag.py:3823} INFO - Setting next_dagrun for example_subdag_operator.section-1 to None, run_after=None
[2025-05-07T20:15:08.907+0000] {logging_mixin.py:188} INFO - [2025-05-07T20:15:08.907+0000] {dag.py:3823} INFO - Setting next_dagrun for example_subdag_operator.section-2 to None, run_after=None
[2025-05-07T20:15:08.929+0000] {processor.py:183} INFO - Processing /home/airflow/.local/lib/python3.8/site-packages/airflow/example_dags/example_subdag_operator.py took 0.159 seconds
[2025-05-07T20:15:39.622+0000] {processor.py:161} INFO - Started process (PID=4818) to work on /home/airflow/.local/lib/python3.8/site-packages/airflow/example_dags/example_subdag_operator.py
[2025-05-07T20:15:39.624+0000] {processor.py:830} INFO - Processing file /home/airflow/.local/lib/python3.8/site-packages/airflow/example_dags/example_subdag_operator.py for tasks to queue
[2025-05-07T20:15:39.627+0000] {logging_mixin.py:188} INFO - [2025-05-07T20:15:39.626+0000] {dagbag.py:538} INFO - Filling up the DagBag from /home/airflow/.local/lib/python3.8/site-packages/airflow/example_dags/example_subdag_operator.py
[2025-05-07T20:15:39.664+0000] {processor.py:840} INFO - DAG(s) 'example_subdag_operator.section-1', 'example_subdag_operator.section-2', 'example_subdag_operator' retrieved from /home/airflow/.local/lib/python3.8/site-packages/airflow/example_dags/example_subdag_operator.py
[2025-05-07T20:15:39.687+0000] {logging_mixin.py:188} INFO - [2025-05-07T20:15:39.687+0000] {dag.py:3036} INFO - Sync 3 DAGs
[2025-05-07T20:15:39.721+0000] {logging_mixin.py:188} INFO - [2025-05-07T20:15:39.720+0000] {dag.py:3823} INFO - Setting next_dagrun for example_subdag_operator to 2022-01-01 00:00:00+00:00, run_after=2022-01-01 00:00:00+00:00
[2025-05-07T20:15:39.729+0000] {logging_mixin.py:188} INFO - [2025-05-07T20:15:39.729+0000] {dag.py:3823} INFO - Setting next_dagrun for example_subdag_operator.section-1 to None, run_after=None
[2025-05-07T20:15:39.732+0000] {logging_mixin.py:188} INFO - [2025-05-07T20:15:39.732+0000] {dag.py:3823} INFO - Setting next_dagrun for example_subdag_operator.section-2 to None, run_after=None
[2025-05-07T20:15:39.742+0000] {logging_mixin.py:188} INFO - [2025-05-07T20:15:39.742+0000] {dag.py:3036} INFO - Sync 2 DAGs
[2025-05-07T20:15:39.749+0000] {logging_mixin.py:188} INFO - [2025-05-07T20:15:39.748+0000] {dag.py:3823} INFO - Setting next_dagrun for example_subdag_operator.section-1 to None, run_after=None
[2025-05-07T20:15:39.750+0000] {logging_mixin.py:188} INFO - [2025-05-07T20:15:39.749+0000] {dag.py:3823} INFO - Setting next_dagrun for example_subdag_operator.section-2 to None, run_after=None
[2025-05-07T20:15:39.765+0000] {processor.py:183} INFO - Processing /home/airflow/.local/lib/python3.8/site-packages/airflow/example_dags/example_subdag_operator.py took 0.147 seconds
[2025-05-07T20:16:10.045+0000] {processor.py:161} INFO - Started process (PID=4875) to work on /home/airflow/.local/lib/python3.8/site-packages/airflow/example_dags/example_subdag_operator.py
[2025-05-07T20:16:10.048+0000] {processor.py:830} INFO - Processing file /home/airflow/.local/lib/python3.8/site-packages/airflow/example_dags/example_subdag_operator.py for tasks to queue
[2025-05-07T20:16:10.053+0000] {logging_mixin.py:188} INFO - [2025-05-07T20:16:10.052+0000] {dagbag.py:538} INFO - Filling up the DagBag from /home/airflow/.local/lib/python3.8/site-packages/airflow/example_dags/example_subdag_operator.py
[2025-05-07T20:16:10.099+0000] {processor.py:840} INFO - DAG(s) 'example_subdag_operator.section-1', 'example_subdag_operator.section-2', 'example_subdag_operator' retrieved from /home/airflow/.local/lib/python3.8/site-packages/airflow/example_dags/example_subdag_operator.py
[2025-05-07T20:16:10.122+0000] {logging_mixin.py:188} INFO - [2025-05-07T20:16:10.122+0000] {dag.py:3036} INFO - Sync 3 DAGs
[2025-05-07T20:16:10.167+0000] {logging_mixin.py:188} INFO - [2025-05-07T20:16:10.166+0000] {dag.py:3823} INFO - Setting next_dagrun for example_subdag_operator to 2022-01-01 00:00:00+00:00, run_after=2022-01-01 00:00:00+00:00
[2025-05-07T20:16:10.178+0000] {logging_mixin.py:188} INFO - [2025-05-07T20:16:10.177+0000] {dag.py:3823} INFO - Setting next_dagrun for example_subdag_operator.section-1 to None, run_after=None
[2025-05-07T20:16:10.185+0000] {logging_mixin.py:188} INFO - [2025-05-07T20:16:10.184+0000] {dag.py:3823} INFO - Setting next_dagrun for example_subdag_operator.section-2 to None, run_after=None
[2025-05-07T20:16:10.197+0000] {logging_mixin.py:188} INFO - [2025-05-07T20:16:10.196+0000] {dag.py:3036} INFO - Sync 2 DAGs
[2025-05-07T20:16:10.210+0000] {logging_mixin.py:188} INFO - [2025-05-07T20:16:10.210+0000] {dag.py:3823} INFO - Setting next_dagrun for example_subdag_operator.section-1 to None, run_after=None
[2025-05-07T20:16:10.215+0000] {logging_mixin.py:188} INFO - [2025-05-07T20:16:10.214+0000] {dag.py:3823} INFO - Setting next_dagrun for example_subdag_operator.section-2 to None, run_after=None
[2025-05-07T20:16:10.250+0000] {processor.py:183} INFO - Processing /home/airflow/.local/lib/python3.8/site-packages/airflow/example_dags/example_subdag_operator.py took 0.212 seconds
[2025-05-07T20:16:40.383+0000] {processor.py:161} INFO - Started process (PID=4932) to work on /home/airflow/.local/lib/python3.8/site-packages/airflow/example_dags/example_subdag_operator.py
[2025-05-07T20:16:40.385+0000] {processor.py:830} INFO - Processing file /home/airflow/.local/lib/python3.8/site-packages/airflow/example_dags/example_subdag_operator.py for tasks to queue
[2025-05-07T20:16:40.389+0000] {logging_mixin.py:188} INFO - [2025-05-07T20:16:40.388+0000] {dagbag.py:538} INFO - Filling up the DagBag from /home/airflow/.local/lib/python3.8/site-packages/airflow/example_dags/example_subdag_operator.py
[2025-05-07T20:16:40.427+0000] {processor.py:840} INFO - DAG(s) 'example_subdag_operator.section-1', 'example_subdag_operator.section-2', 'example_subdag_operator' retrieved from /home/airflow/.local/lib/python3.8/site-packages/airflow/example_dags/example_subdag_operator.py
[2025-05-07T20:16:40.452+0000] {logging_mixin.py:188} INFO - [2025-05-07T20:16:40.452+0000] {dag.py:3036} INFO - Sync 3 DAGs
[2025-05-07T20:16:40.486+0000] {logging_mixin.py:188} INFO - [2025-05-07T20:16:40.486+0000] {dag.py:3823} INFO - Setting next_dagrun for example_subdag_operator to 2022-01-01 00:00:00+00:00, run_after=2022-01-01 00:00:00+00:00
[2025-05-07T20:16:40.493+0000] {logging_mixin.py:188} INFO - [2025-05-07T20:16:40.493+0000] {dag.py:3823} INFO - Setting next_dagrun for example_subdag_operator.section-1 to None, run_after=None
[2025-05-07T20:16:40.497+0000] {logging_mixin.py:188} INFO - [2025-05-07T20:16:40.497+0000] {dag.py:3823} INFO - Setting next_dagrun for example_subdag_operator.section-2 to None, run_after=None
[2025-05-07T20:16:40.508+0000] {logging_mixin.py:188} INFO - [2025-05-07T20:16:40.508+0000] {dag.py:3036} INFO - Sync 2 DAGs
[2025-05-07T20:16:40.517+0000] {logging_mixin.py:188} INFO - [2025-05-07T20:16:40.517+0000] {dag.py:3823} INFO - Setting next_dagrun for example_subdag_operator.section-1 to None, run_after=None
[2025-05-07T20:16:40.518+0000] {logging_mixin.py:188} INFO - [2025-05-07T20:16:40.518+0000] {dag.py:3823} INFO - Setting next_dagrun for example_subdag_operator.section-2 to None, run_after=None
[2025-05-07T20:16:40.539+0000] {processor.py:183} INFO - Processing /home/airflow/.local/lib/python3.8/site-packages/airflow/example_dags/example_subdag_operator.py took 0.163 seconds
[2025-05-07T20:17:11.401+0000] {processor.py:161} INFO - Started process (PID=4989) to work on /home/airflow/.local/lib/python3.8/site-packages/airflow/example_dags/example_subdag_operator.py
[2025-05-07T20:17:11.404+0000] {processor.py:830} INFO - Processing file /home/airflow/.local/lib/python3.8/site-packages/airflow/example_dags/example_subdag_operator.py for tasks to queue
[2025-05-07T20:17:11.406+0000] {logging_mixin.py:188} INFO - [2025-05-07T20:17:11.406+0000] {dagbag.py:538} INFO - Filling up the DagBag from /home/airflow/.local/lib/python3.8/site-packages/airflow/example_dags/example_subdag_operator.py
[2025-05-07T20:17:11.441+0000] {processor.py:840} INFO - DAG(s) 'example_subdag_operator.section-1', 'example_subdag_operator.section-2', 'example_subdag_operator' retrieved from /home/airflow/.local/lib/python3.8/site-packages/airflow/example_dags/example_subdag_operator.py
[2025-05-07T20:17:11.464+0000] {logging_mixin.py:188} INFO - [2025-05-07T20:17:11.463+0000] {dag.py:3036} INFO - Sync 3 DAGs
[2025-05-07T20:17:11.491+0000] {logging_mixin.py:188} INFO - [2025-05-07T20:17:11.491+0000] {dag.py:3823} INFO - Setting next_dagrun for example_subdag_operator to 2022-01-01 00:00:00+00:00, run_after=2022-01-01 00:00:00+00:00
[2025-05-07T20:17:11.496+0000] {logging_mixin.py:188} INFO - [2025-05-07T20:17:11.496+0000] {dag.py:3823} INFO - Setting next_dagrun for example_subdag_operator.section-1 to None, run_after=None
[2025-05-07T20:17:11.498+0000] {logging_mixin.py:188} INFO - [2025-05-07T20:17:11.498+0000] {dag.py:3823} INFO - Setting next_dagrun for example_subdag_operator.section-2 to None, run_after=None
[2025-05-07T20:17:11.510+0000] {logging_mixin.py:188} INFO - [2025-05-07T20:17:11.509+0000] {dag.py:3036} INFO - Sync 2 DAGs
[2025-05-07T20:17:11.517+0000] {logging_mixin.py:188} INFO - [2025-05-07T20:17:11.517+0000] {dag.py:3823} INFO - Setting next_dagrun for example_subdag_operator.section-1 to None, run_after=None
[2025-05-07T20:17:11.518+0000] {logging_mixin.py:188} INFO - [2025-05-07T20:17:11.518+0000] {dag.py:3823} INFO - Setting next_dagrun for example_subdag_operator.section-2 to None, run_after=None
[2025-05-07T20:17:11.536+0000] {processor.py:183} INFO - Processing /home/airflow/.local/lib/python3.8/site-packages/airflow/example_dags/example_subdag_operator.py took 0.139 seconds
[2025-05-07T20:17:42.050+0000] {processor.py:161} INFO - Started process (PID=5046) to work on /home/airflow/.local/lib/python3.8/site-packages/airflow/example_dags/example_subdag_operator.py
[2025-05-07T20:17:42.052+0000] {processor.py:830} INFO - Processing file /home/airflow/.local/lib/python3.8/site-packages/airflow/example_dags/example_subdag_operator.py for tasks to queue
[2025-05-07T20:17:42.055+0000] {logging_mixin.py:188} INFO - [2025-05-07T20:17:42.054+0000] {dagbag.py:538} INFO - Filling up the DagBag from /home/airflow/.local/lib/python3.8/site-packages/airflow/example_dags/example_subdag_operator.py
[2025-05-07T20:17:42.090+0000] {processor.py:840} INFO - DAG(s) 'example_subdag_operator.section-1', 'example_subdag_operator.section-2', 'example_subdag_operator' retrieved from /home/airflow/.local/lib/python3.8/site-packages/airflow/example_dags/example_subdag_operator.py
[2025-05-07T20:17:42.112+0000] {logging_mixin.py:188} INFO - [2025-05-07T20:17:42.112+0000] {dag.py:3036} INFO - Sync 3 DAGs
[2025-05-07T20:17:42.140+0000] {logging_mixin.py:188} INFO - [2025-05-07T20:17:42.140+0000] {dag.py:3823} INFO - Setting next_dagrun for example_subdag_operator to 2022-01-01 00:00:00+00:00, run_after=2022-01-01 00:00:00+00:00
[2025-05-07T20:17:42.145+0000] {logging_mixin.py:188} INFO - [2025-05-07T20:17:42.145+0000] {dag.py:3823} INFO - Setting next_dagrun for example_subdag_operator.section-1 to None, run_after=None
[2025-05-07T20:17:42.148+0000] {logging_mixin.py:188} INFO - [2025-05-07T20:17:42.148+0000] {dag.py:3823} INFO - Setting next_dagrun for example_subdag_operator.section-2 to None, run_after=None
[2025-05-07T20:17:42.160+0000] {logging_mixin.py:188} INFO - [2025-05-07T20:17:42.160+0000] {dag.py:3036} INFO - Sync 2 DAGs
[2025-05-07T20:17:42.169+0000] {logging_mixin.py:188} INFO - [2025-05-07T20:17:42.169+0000] {dag.py:3823} INFO - Setting next_dagrun for example_subdag_operator.section-1 to None, run_after=None
[2025-05-07T20:17:42.170+0000] {logging_mixin.py:188} INFO - [2025-05-07T20:17:42.170+0000] {dag.py:3823} INFO - Setting next_dagrun for example_subdag_operator.section-2 to None, run_after=None
[2025-05-07T20:17:42.189+0000] {processor.py:183} INFO - Processing /home/airflow/.local/lib/python3.8/site-packages/airflow/example_dags/example_subdag_operator.py took 0.145 seconds
[2025-05-07T20:18:12.474+0000] {processor.py:161} INFO - Started process (PID=5104) to work on /home/airflow/.local/lib/python3.8/site-packages/airflow/example_dags/example_subdag_operator.py
[2025-05-07T20:18:12.480+0000] {processor.py:830} INFO - Processing file /home/airflow/.local/lib/python3.8/site-packages/airflow/example_dags/example_subdag_operator.py for tasks to queue
[2025-05-07T20:18:12.484+0000] {logging_mixin.py:188} INFO - [2025-05-07T20:18:12.484+0000] {dagbag.py:538} INFO - Filling up the DagBag from /home/airflow/.local/lib/python3.8/site-packages/airflow/example_dags/example_subdag_operator.py
[2025-05-07T20:18:12.543+0000] {processor.py:840} INFO - DAG(s) 'example_subdag_operator.section-1', 'example_subdag_operator.section-2', 'example_subdag_operator' retrieved from /home/airflow/.local/lib/python3.8/site-packages/airflow/example_dags/example_subdag_operator.py
[2025-05-07T20:18:12.572+0000] {logging_mixin.py:188} INFO - [2025-05-07T20:18:12.571+0000] {dag.py:3036} INFO - Sync 3 DAGs
[2025-05-07T20:18:12.625+0000] {logging_mixin.py:188} INFO - [2025-05-07T20:18:12.624+0000] {dag.py:3823} INFO - Setting next_dagrun for example_subdag_operator to 2022-01-01 00:00:00+00:00, run_after=2022-01-01 00:00:00+00:00
[2025-05-07T20:18:12.635+0000] {logging_mixin.py:188} INFO - [2025-05-07T20:18:12.635+0000] {dag.py:3823} INFO - Setting next_dagrun for example_subdag_operator.section-1 to None, run_after=None
[2025-05-07T20:18:12.640+0000] {logging_mixin.py:188} INFO - [2025-05-07T20:18:12.640+0000] {dag.py:3823} INFO - Setting next_dagrun for example_subdag_operator.section-2 to None, run_after=None
[2025-05-07T20:18:12.654+0000] {logging_mixin.py:188} INFO - [2025-05-07T20:18:12.653+0000] {dag.py:3036} INFO - Sync 2 DAGs
[2025-05-07T20:18:12.664+0000] {logging_mixin.py:188} INFO - [2025-05-07T20:18:12.664+0000] {dag.py:3823} INFO - Setting next_dagrun for example_subdag_operator.section-1 to None, run_after=None
[2025-05-07T20:18:12.666+0000] {logging_mixin.py:188} INFO - [2025-05-07T20:18:12.666+0000] {dag.py:3823} INFO - Setting next_dagrun for example_subdag_operator.section-2 to None, run_after=None
[2025-05-07T20:18:12.684+0000] {processor.py:183} INFO - Processing /home/airflow/.local/lib/python3.8/site-packages/airflow/example_dags/example_subdag_operator.py took 0.216 seconds
[2025-05-07T20:18:43.359+0000] {processor.py:161} INFO - Started process (PID=5162) to work on /home/airflow/.local/lib/python3.8/site-packages/airflow/example_dags/example_subdag_operator.py
[2025-05-07T20:18:43.361+0000] {processor.py:830} INFO - Processing file /home/airflow/.local/lib/python3.8/site-packages/airflow/example_dags/example_subdag_operator.py for tasks to queue
[2025-05-07T20:18:43.364+0000] {logging_mixin.py:188} INFO - [2025-05-07T20:18:43.364+0000] {dagbag.py:538} INFO - Filling up the DagBag from /home/airflow/.local/lib/python3.8/site-packages/airflow/example_dags/example_subdag_operator.py
[2025-05-07T20:18:43.400+0000] {processor.py:840} INFO - DAG(s) 'example_subdag_operator.section-1', 'example_subdag_operator.section-2', 'example_subdag_operator' retrieved from /home/airflow/.local/lib/python3.8/site-packages/airflow/example_dags/example_subdag_operator.py
[2025-05-07T20:18:43.427+0000] {logging_mixin.py:188} INFO - [2025-05-07T20:18:43.426+0000] {dag.py:3036} INFO - Sync 3 DAGs
[2025-05-07T20:18:43.454+0000] {logging_mixin.py:188} INFO - [2025-05-07T20:18:43.454+0000] {dag.py:3823} INFO - Setting next_dagrun for example_subdag_operator to 2022-01-01 00:00:00+00:00, run_after=2022-01-01 00:00:00+00:00
[2025-05-07T20:18:43.459+0000] {logging_mixin.py:188} INFO - [2025-05-07T20:18:43.459+0000] {dag.py:3823} INFO - Setting next_dagrun for example_subdag_operator.section-1 to None, run_after=None
[2025-05-07T20:18:43.462+0000] {logging_mixin.py:188} INFO - [2025-05-07T20:18:43.461+0000] {dag.py:3823} INFO - Setting next_dagrun for example_subdag_operator.section-2 to None, run_after=None
[2025-05-07T20:18:43.471+0000] {logging_mixin.py:188} INFO - [2025-05-07T20:18:43.471+0000] {dag.py:3036} INFO - Sync 2 DAGs
[2025-05-07T20:18:43.479+0000] {logging_mixin.py:188} INFO - [2025-05-07T20:18:43.479+0000] {dag.py:3823} INFO - Setting next_dagrun for example_subdag_operator.section-1 to None, run_after=None
[2025-05-07T20:18:43.480+0000] {logging_mixin.py:188} INFO - [2025-05-07T20:18:43.480+0000] {dag.py:3823} INFO - Setting next_dagrun for example_subdag_operator.section-2 to None, run_after=None
[2025-05-07T20:18:43.502+0000] {processor.py:183} INFO - Processing /home/airflow/.local/lib/python3.8/site-packages/airflow/example_dags/example_subdag_operator.py took 0.148 seconds
