[2025-05-07T19:05:14.917+0000] {processor.py:161} INFO - Started process (PID=82) to work on /home/airflow/.local/lib/python3.8/site-packages/airflow/example_dags/example_short_circuit_decorator.py
[2025-05-07T19:05:14.919+0000] {processor.py:830} INFO - Processing file /home/airflow/.local/lib/python3.8/site-packages/airflow/example_dags/example_short_circuit_decorator.py for tasks to queue
[2025-05-07T19:05:14.922+0000] {logging_mixin.py:188} INFO - [2025-05-07T19:05:14.921+0000] {dagbag.py:538} INFO - Filling up the DagBag from /home/airflow/.local/lib/python3.8/site-packages/airflow/example_dags/example_short_circuit_decorator.py
[2025-05-07T19:05:14.948+0000] {processor.py:840} INFO - DAG(s) 'example_short_circuit_decorator' retrieved from /home/airflow/.local/lib/python3.8/site-packages/airflow/example_dags/example_short_circuit_decorator.py
[2025-05-07T19:05:14.966+0000] {logging_mixin.py:188} INFO - [2025-05-07T19:05:14.966+0000] {dag.py:3036} INFO - Sync 1 DAGs
[2025-05-07T19:05:15.017+0000] {logging_mixin.py:188} INFO - [2025-05-07T19:05:15.017+0000] {dag.py:3823} INFO - Setting next_dagrun for example_short_circuit_decorator to 2025-05-06 00:00:00+00:00, run_after=2025-05-07 00:00:00+00:00
[2025-05-07T19:05:15.060+0000] {processor.py:183} INFO - Processing /home/airflow/.local/lib/python3.8/site-packages/airflow/example_dags/example_short_circuit_decorator.py took 0.149 seconds
[2025-05-07T19:05:45.922+0000] {processor.py:161} INFO - Started process (PID=137) to work on /home/airflow/.local/lib/python3.8/site-packages/airflow/example_dags/example_short_circuit_decorator.py
[2025-05-07T19:05:45.923+0000] {processor.py:830} INFO - Processing file /home/airflow/.local/lib/python3.8/site-packages/airflow/example_dags/example_short_circuit_decorator.py for tasks to queue
[2025-05-07T19:05:45.926+0000] {logging_mixin.py:188} INFO - [2025-05-07T19:05:45.926+0000] {dagbag.py:538} INFO - Filling up the DagBag from /home/airflow/.local/lib/python3.8/site-packages/airflow/example_dags/example_short_circuit_decorator.py
[2025-05-07T19:05:45.938+0000] {processor.py:840} INFO - DAG(s) 'example_short_circuit_decorator' retrieved from /home/airflow/.local/lib/python3.8/site-packages/airflow/example_dags/example_short_circuit_decorator.py
[2025-05-07T19:05:46.044+0000] {logging_mixin.py:188} INFO - [2025-05-07T19:05:46.044+0000] {dag.py:3036} INFO - Sync 1 DAGs
[2025-05-07T19:05:46.065+0000] {logging_mixin.py:188} INFO - [2025-05-07T19:05:46.065+0000] {dag.py:3823} INFO - Setting next_dagrun for example_short_circuit_decorator to 2025-05-06 00:00:00+00:00, run_after=2025-05-07 00:00:00+00:00
[2025-05-07T19:05:46.088+0000] {processor.py:183} INFO - Processing /home/airflow/.local/lib/python3.8/site-packages/airflow/example_dags/example_short_circuit_decorator.py took 0.170 seconds
[2025-05-07T19:06:16.195+0000] {processor.py:161} INFO - Started process (PID=192) to work on /home/airflow/.local/lib/python3.8/site-packages/airflow/example_dags/example_short_circuit_decorator.py
[2025-05-07T19:06:16.197+0000] {processor.py:830} INFO - Processing file /home/airflow/.local/lib/python3.8/site-packages/airflow/example_dags/example_short_circuit_decorator.py for tasks to queue
[2025-05-07T19:06:16.200+0000] {logging_mixin.py:188} INFO - [2025-05-07T19:06:16.200+0000] {dagbag.py:538} INFO - Filling up the DagBag from /home/airflow/.local/lib/python3.8/site-packages/airflow/example_dags/example_short_circuit_decorator.py
[2025-05-07T19:06:16.211+0000] {processor.py:840} INFO - DAG(s) 'example_short_circuit_decorator' retrieved from /home/airflow/.local/lib/python3.8/site-packages/airflow/example_dags/example_short_circuit_decorator.py
[2025-05-07T19:06:16.236+0000] {logging_mixin.py:188} INFO - [2025-05-07T19:06:16.236+0000] {dag.py:3036} INFO - Sync 1 DAGs
[2025-05-07T19:06:16.257+0000] {logging_mixin.py:188} INFO - [2025-05-07T19:06:16.257+0000] {dag.py:3823} INFO - Setting next_dagrun for example_short_circuit_decorator to 2025-05-06 00:00:00+00:00, run_after=2025-05-07 00:00:00+00:00
[2025-05-07T19:06:16.278+0000] {processor.py:183} INFO - Processing /home/airflow/.local/lib/python3.8/site-packages/airflow/example_dags/example_short_circuit_decorator.py took 0.090 seconds
[2025-05-07T19:06:47.202+0000] {processor.py:161} INFO - Started process (PID=247) to work on /home/airflow/.local/lib/python3.8/site-packages/airflow/example_dags/example_short_circuit_decorator.py
[2025-05-07T19:06:47.204+0000] {processor.py:830} INFO - Processing file /home/airflow/.local/lib/python3.8/site-packages/airflow/example_dags/example_short_circuit_decorator.py for tasks to queue
[2025-05-07T19:06:47.206+0000] {logging_mixin.py:188} INFO - [2025-05-07T19:06:47.206+0000] {dagbag.py:538} INFO - Filling up the DagBag from /home/airflow/.local/lib/python3.8/site-packages/airflow/example_dags/example_short_circuit_decorator.py
[2025-05-07T19:06:47.216+0000] {processor.py:840} INFO - DAG(s) 'example_short_circuit_decorator' retrieved from /home/airflow/.local/lib/python3.8/site-packages/airflow/example_dags/example_short_circuit_decorator.py
[2025-05-07T19:06:47.239+0000] {logging_mixin.py:188} INFO - [2025-05-07T19:06:47.239+0000] {dag.py:3036} INFO - Sync 1 DAGs
[2025-05-07T19:06:47.260+0000] {logging_mixin.py:188} INFO - [2025-05-07T19:06:47.259+0000] {dag.py:3823} INFO - Setting next_dagrun for example_short_circuit_decorator to 2025-05-06 00:00:00+00:00, run_after=2025-05-07 00:00:00+00:00
[2025-05-07T19:06:47.279+0000] {processor.py:183} INFO - Processing /home/airflow/.local/lib/python3.8/site-packages/airflow/example_dags/example_short_circuit_decorator.py took 0.080 seconds
[2025-05-07T19:07:17.832+0000] {processor.py:161} INFO - Started process (PID=302) to work on /home/airflow/.local/lib/python3.8/site-packages/airflow/example_dags/example_short_circuit_decorator.py
[2025-05-07T19:07:17.834+0000] {processor.py:830} INFO - Processing file /home/airflow/.local/lib/python3.8/site-packages/airflow/example_dags/example_short_circuit_decorator.py for tasks to queue
[2025-05-07T19:07:17.837+0000] {logging_mixin.py:188} INFO - [2025-05-07T19:07:17.836+0000] {dagbag.py:538} INFO - Filling up the DagBag from /home/airflow/.local/lib/python3.8/site-packages/airflow/example_dags/example_short_circuit_decorator.py
[2025-05-07T19:07:17.849+0000] {processor.py:840} INFO - DAG(s) 'example_short_circuit_decorator' retrieved from /home/airflow/.local/lib/python3.8/site-packages/airflow/example_dags/example_short_circuit_decorator.py
[2025-05-07T19:07:17.874+0000] {logging_mixin.py:188} INFO - [2025-05-07T19:07:17.873+0000] {dag.py:3036} INFO - Sync 1 DAGs
[2025-05-07T19:07:17.896+0000] {logging_mixin.py:188} INFO - [2025-05-07T19:07:17.896+0000] {dag.py:3823} INFO - Setting next_dagrun for example_short_circuit_decorator to 2025-05-06 00:00:00+00:00, run_after=2025-05-07 00:00:00+00:00
[2025-05-07T19:07:17.922+0000] {processor.py:183} INFO - Processing /home/airflow/.local/lib/python3.8/site-packages/airflow/example_dags/example_short_circuit_decorator.py took 0.094 seconds
[2025-05-07T19:07:48.503+0000] {processor.py:161} INFO - Started process (PID=357) to work on /home/airflow/.local/lib/python3.8/site-packages/airflow/example_dags/example_short_circuit_decorator.py
[2025-05-07T19:07:48.504+0000] {processor.py:830} INFO - Processing file /home/airflow/.local/lib/python3.8/site-packages/airflow/example_dags/example_short_circuit_decorator.py for tasks to queue
[2025-05-07T19:07:48.506+0000] {logging_mixin.py:188} INFO - [2025-05-07T19:07:48.506+0000] {dagbag.py:538} INFO - Filling up the DagBag from /home/airflow/.local/lib/python3.8/site-packages/airflow/example_dags/example_short_circuit_decorator.py
[2025-05-07T19:07:48.518+0000] {processor.py:840} INFO - DAG(s) 'example_short_circuit_decorator' retrieved from /home/airflow/.local/lib/python3.8/site-packages/airflow/example_dags/example_short_circuit_decorator.py
[2025-05-07T19:07:48.544+0000] {logging_mixin.py:188} INFO - [2025-05-07T19:07:48.544+0000] {dag.py:3036} INFO - Sync 1 DAGs
[2025-05-07T19:07:48.568+0000] {logging_mixin.py:188} INFO - [2025-05-07T19:07:48.567+0000] {dag.py:3823} INFO - Setting next_dagrun for example_short_circuit_decorator to 2025-05-06 00:00:00+00:00, run_after=2025-05-07 00:00:00+00:00
[2025-05-07T19:07:48.604+0000] {processor.py:183} INFO - Processing /home/airflow/.local/lib/python3.8/site-packages/airflow/example_dags/example_short_circuit_decorator.py took 0.106 seconds
[2025-05-07T19:08:18.717+0000] {processor.py:161} INFO - Started process (PID=412) to work on /home/airflow/.local/lib/python3.8/site-packages/airflow/example_dags/example_short_circuit_decorator.py
[2025-05-07T19:08:18.718+0000] {processor.py:830} INFO - Processing file /home/airflow/.local/lib/python3.8/site-packages/airflow/example_dags/example_short_circuit_decorator.py for tasks to queue
[2025-05-07T19:08:18.720+0000] {logging_mixin.py:188} INFO - [2025-05-07T19:08:18.719+0000] {dagbag.py:538} INFO - Filling up the DagBag from /home/airflow/.local/lib/python3.8/site-packages/airflow/example_dags/example_short_circuit_decorator.py
[2025-05-07T19:08:18.728+0000] {processor.py:840} INFO - DAG(s) 'example_short_circuit_decorator' retrieved from /home/airflow/.local/lib/python3.8/site-packages/airflow/example_dags/example_short_circuit_decorator.py
[2025-05-07T19:08:18.751+0000] {logging_mixin.py:188} INFO - [2025-05-07T19:08:18.750+0000] {dag.py:3036} INFO - Sync 1 DAGs
[2025-05-07T19:08:18.774+0000] {logging_mixin.py:188} INFO - [2025-05-07T19:08:18.774+0000] {dag.py:3823} INFO - Setting next_dagrun for example_short_circuit_decorator to 2025-05-06 00:00:00+00:00, run_after=2025-05-07 00:00:00+00:00
[2025-05-07T19:08:18.814+0000] {processor.py:183} INFO - Processing /home/airflow/.local/lib/python3.8/site-packages/airflow/example_dags/example_short_circuit_decorator.py took 0.100 seconds
[2025-05-07T19:08:49.170+0000] {processor.py:161} INFO - Started process (PID=467) to work on /home/airflow/.local/lib/python3.8/site-packages/airflow/example_dags/example_short_circuit_decorator.py
[2025-05-07T19:08:49.171+0000] {processor.py:830} INFO - Processing file /home/airflow/.local/lib/python3.8/site-packages/airflow/example_dags/example_short_circuit_decorator.py for tasks to queue
[2025-05-07T19:08:49.173+0000] {logging_mixin.py:188} INFO - [2025-05-07T19:08:49.173+0000] {dagbag.py:538} INFO - Filling up the DagBag from /home/airflow/.local/lib/python3.8/site-packages/airflow/example_dags/example_short_circuit_decorator.py
[2025-05-07T19:08:49.182+0000] {processor.py:840} INFO - DAG(s) 'example_short_circuit_decorator' retrieved from /home/airflow/.local/lib/python3.8/site-packages/airflow/example_dags/example_short_circuit_decorator.py
[2025-05-07T19:08:49.203+0000] {logging_mixin.py:188} INFO - [2025-05-07T19:08:49.203+0000] {dag.py:3036} INFO - Sync 1 DAGs
[2025-05-07T19:08:49.223+0000] {logging_mixin.py:188} INFO - [2025-05-07T19:08:49.223+0000] {dag.py:3823} INFO - Setting next_dagrun for example_short_circuit_decorator to 2025-05-06 00:00:00+00:00, run_after=2025-05-07 00:00:00+00:00
[2025-05-07T19:08:49.241+0000] {processor.py:183} INFO - Processing /home/airflow/.local/lib/python3.8/site-packages/airflow/example_dags/example_short_circuit_decorator.py took 0.074 seconds
[2025-05-07T19:09:19.989+0000] {processor.py:161} INFO - Started process (PID=522) to work on /home/airflow/.local/lib/python3.8/site-packages/airflow/example_dags/example_short_circuit_decorator.py
[2025-05-07T19:09:19.991+0000] {processor.py:830} INFO - Processing file /home/airflow/.local/lib/python3.8/site-packages/airflow/example_dags/example_short_circuit_decorator.py for tasks to queue
[2025-05-07T19:09:19.995+0000] {logging_mixin.py:188} INFO - [2025-05-07T19:09:19.994+0000] {dagbag.py:538} INFO - Filling up the DagBag from /home/airflow/.local/lib/python3.8/site-packages/airflow/example_dags/example_short_circuit_decorator.py
[2025-05-07T19:09:20.006+0000] {processor.py:840} INFO - DAG(s) 'example_short_circuit_decorator' retrieved from /home/airflow/.local/lib/python3.8/site-packages/airflow/example_dags/example_short_circuit_decorator.py
[2025-05-07T19:09:20.029+0000] {logging_mixin.py:188} INFO - [2025-05-07T19:09:20.028+0000] {dag.py:3036} INFO - Sync 1 DAGs
[2025-05-07T19:09:20.054+0000] {logging_mixin.py:188} INFO - [2025-05-07T19:09:20.054+0000] {dag.py:3823} INFO - Setting next_dagrun for example_short_circuit_decorator to 2025-05-06 00:00:00+00:00, run_after=2025-05-07 00:00:00+00:00
[2025-05-07T19:09:20.077+0000] {processor.py:183} INFO - Processing /home/airflow/.local/lib/python3.8/site-packages/airflow/example_dags/example_short_circuit_decorator.py took 0.092 seconds
[2025-05-07T19:09:50.775+0000] {processor.py:161} INFO - Started process (PID=577) to work on /home/airflow/.local/lib/python3.8/site-packages/airflow/example_dags/example_short_circuit_decorator.py
[2025-05-07T19:09:50.776+0000] {processor.py:830} INFO - Processing file /home/airflow/.local/lib/python3.8/site-packages/airflow/example_dags/example_short_circuit_decorator.py for tasks to queue
[2025-05-07T19:09:50.778+0000] {logging_mixin.py:188} INFO - [2025-05-07T19:09:50.778+0000] {dagbag.py:538} INFO - Filling up the DagBag from /home/airflow/.local/lib/python3.8/site-packages/airflow/example_dags/example_short_circuit_decorator.py
[2025-05-07T19:09:50.791+0000] {processor.py:840} INFO - DAG(s) 'example_short_circuit_decorator' retrieved from /home/airflow/.local/lib/python3.8/site-packages/airflow/example_dags/example_short_circuit_decorator.py
[2025-05-07T19:09:50.819+0000] {logging_mixin.py:188} INFO - [2025-05-07T19:09:50.819+0000] {dag.py:3036} INFO - Sync 1 DAGs
[2025-05-07T19:09:50.840+0000] {logging_mixin.py:188} INFO - [2025-05-07T19:09:50.840+0000] {dag.py:3823} INFO - Setting next_dagrun for example_short_circuit_decorator to 2025-05-06 00:00:00+00:00, run_after=2025-05-07 00:00:00+00:00
[2025-05-07T19:09:50.866+0000] {processor.py:183} INFO - Processing /home/airflow/.local/lib/python3.8/site-packages/airflow/example_dags/example_short_circuit_decorator.py took 0.095 seconds
[2025-05-07T19:10:21.037+0000] {processor.py:161} INFO - Started process (PID=634) to work on /home/airflow/.local/lib/python3.8/site-packages/airflow/example_dags/example_short_circuit_decorator.py
[2025-05-07T19:10:21.038+0000] {processor.py:830} INFO - Processing file /home/airflow/.local/lib/python3.8/site-packages/airflow/example_dags/example_short_circuit_decorator.py for tasks to queue
[2025-05-07T19:10:21.041+0000] {logging_mixin.py:188} INFO - [2025-05-07T19:10:21.040+0000] {dagbag.py:538} INFO - Filling up the DagBag from /home/airflow/.local/lib/python3.8/site-packages/airflow/example_dags/example_short_circuit_decorator.py
[2025-05-07T19:10:21.051+0000] {processor.py:840} INFO - DAG(s) 'example_short_circuit_decorator' retrieved from /home/airflow/.local/lib/python3.8/site-packages/airflow/example_dags/example_short_circuit_decorator.py
[2025-05-07T19:10:21.076+0000] {logging_mixin.py:188} INFO - [2025-05-07T19:10:21.076+0000] {dag.py:3036} INFO - Sync 1 DAGs
[2025-05-07T19:10:21.105+0000] {logging_mixin.py:188} INFO - [2025-05-07T19:10:21.105+0000] {dag.py:3823} INFO - Setting next_dagrun for example_short_circuit_decorator to 2025-05-06 00:00:00+00:00, run_after=2025-05-07 00:00:00+00:00
[2025-05-07T19:10:21.134+0000] {processor.py:183} INFO - Processing /home/airflow/.local/lib/python3.8/site-packages/airflow/example_dags/example_short_circuit_decorator.py took 0.101 seconds
[2025-05-07T19:10:51.840+0000] {processor.py:161} INFO - Started process (PID=690) to work on /home/airflow/.local/lib/python3.8/site-packages/airflow/example_dags/example_short_circuit_decorator.py
[2025-05-07T19:10:51.842+0000] {processor.py:830} INFO - Processing file /home/airflow/.local/lib/python3.8/site-packages/airflow/example_dags/example_short_circuit_decorator.py for tasks to queue
[2025-05-07T19:10:51.846+0000] {logging_mixin.py:188} INFO - [2025-05-07T19:10:51.846+0000] {dagbag.py:538} INFO - Filling up the DagBag from /home/airflow/.local/lib/python3.8/site-packages/airflow/example_dags/example_short_circuit_decorator.py
[2025-05-07T19:10:51.868+0000] {processor.py:840} INFO - DAG(s) 'example_short_circuit_decorator' retrieved from /home/airflow/.local/lib/python3.8/site-packages/airflow/example_dags/example_short_circuit_decorator.py
[2025-05-07T19:10:51.907+0000] {logging_mixin.py:188} INFO - [2025-05-07T19:10:51.907+0000] {dag.py:3036} INFO - Sync 1 DAGs
[2025-05-07T19:10:51.932+0000] {logging_mixin.py:188} INFO - [2025-05-07T19:10:51.932+0000] {dag.py:3823} INFO - Setting next_dagrun for example_short_circuit_decorator to 2025-05-06 00:00:00+00:00, run_after=2025-05-07 00:00:00+00:00
[2025-05-07T19:10:51.959+0000] {processor.py:183} INFO - Processing /home/airflow/.local/lib/python3.8/site-packages/airflow/example_dags/example_short_circuit_decorator.py took 0.126 seconds
[2025-05-07T19:11:22.230+0000] {processor.py:161} INFO - Started process (PID=749) to work on /home/airflow/.local/lib/python3.8/site-packages/airflow/example_dags/example_short_circuit_decorator.py
[2025-05-07T19:11:22.233+0000] {processor.py:830} INFO - Processing file /home/airflow/.local/lib/python3.8/site-packages/airflow/example_dags/example_short_circuit_decorator.py for tasks to queue
[2025-05-07T19:11:22.237+0000] {logging_mixin.py:188} INFO - [2025-05-07T19:11:22.237+0000] {dagbag.py:538} INFO - Filling up the DagBag from /home/airflow/.local/lib/python3.8/site-packages/airflow/example_dags/example_short_circuit_decorator.py
[2025-05-07T19:11:22.253+0000] {processor.py:840} INFO - DAG(s) 'example_short_circuit_decorator' retrieved from /home/airflow/.local/lib/python3.8/site-packages/airflow/example_dags/example_short_circuit_decorator.py
[2025-05-07T19:11:22.279+0000] {logging_mixin.py:188} INFO - [2025-05-07T19:11:22.278+0000] {dag.py:3036} INFO - Sync 1 DAGs
[2025-05-07T19:11:22.300+0000] {logging_mixin.py:188} INFO - [2025-05-07T19:11:22.300+0000] {dag.py:3823} INFO - Setting next_dagrun for example_short_circuit_decorator to 2025-05-06 00:00:00+00:00, run_after=2025-05-07 00:00:00+00:00
[2025-05-07T19:11:22.319+0000] {processor.py:183} INFO - Processing /home/airflow/.local/lib/python3.8/site-packages/airflow/example_dags/example_short_circuit_decorator.py took 0.093 seconds
[2025-05-07T19:11:52.604+0000] {processor.py:161} INFO - Started process (PID=810) to work on /home/airflow/.local/lib/python3.8/site-packages/airflow/example_dags/example_short_circuit_decorator.py
[2025-05-07T19:11:52.606+0000] {processor.py:830} INFO - Processing file /home/airflow/.local/lib/python3.8/site-packages/airflow/example_dags/example_short_circuit_decorator.py for tasks to queue
[2025-05-07T19:11:52.608+0000] {logging_mixin.py:188} INFO - [2025-05-07T19:11:52.608+0000] {dagbag.py:538} INFO - Filling up the DagBag from /home/airflow/.local/lib/python3.8/site-packages/airflow/example_dags/example_short_circuit_decorator.py
[2025-05-07T19:11:52.619+0000] {processor.py:840} INFO - DAG(s) 'example_short_circuit_decorator' retrieved from /home/airflow/.local/lib/python3.8/site-packages/airflow/example_dags/example_short_circuit_decorator.py
[2025-05-07T19:11:52.646+0000] {logging_mixin.py:188} INFO - [2025-05-07T19:11:52.646+0000] {dag.py:3036} INFO - Sync 1 DAGs
[2025-05-07T19:11:52.669+0000] {logging_mixin.py:188} INFO - [2025-05-07T19:11:52.669+0000] {dag.py:3823} INFO - Setting next_dagrun for example_short_circuit_decorator to 2025-05-06 00:00:00+00:00, run_after=2025-05-07 00:00:00+00:00
[2025-05-07T19:11:52.694+0000] {processor.py:183} INFO - Processing /home/airflow/.local/lib/python3.8/site-packages/airflow/example_dags/example_short_circuit_decorator.py took 0.094 seconds
[2025-05-07T19:12:23.393+0000] {processor.py:161} INFO - Started process (PID=866) to work on /home/airflow/.local/lib/python3.8/site-packages/airflow/example_dags/example_short_circuit_decorator.py
[2025-05-07T19:12:23.395+0000] {processor.py:830} INFO - Processing file /home/airflow/.local/lib/python3.8/site-packages/airflow/example_dags/example_short_circuit_decorator.py for tasks to queue
[2025-05-07T19:12:23.398+0000] {logging_mixin.py:188} INFO - [2025-05-07T19:12:23.397+0000] {dagbag.py:538} INFO - Filling up the DagBag from /home/airflow/.local/lib/python3.8/site-packages/airflow/example_dags/example_short_circuit_decorator.py
[2025-05-07T19:12:23.408+0000] {processor.py:840} INFO - DAG(s) 'example_short_circuit_decorator' retrieved from /home/airflow/.local/lib/python3.8/site-packages/airflow/example_dags/example_short_circuit_decorator.py
[2025-05-07T19:12:23.429+0000] {logging_mixin.py:188} INFO - [2025-05-07T19:12:23.429+0000] {dag.py:3036} INFO - Sync 1 DAGs
[2025-05-07T19:12:23.450+0000] {logging_mixin.py:188} INFO - [2025-05-07T19:12:23.450+0000] {dag.py:3823} INFO - Setting next_dagrun for example_short_circuit_decorator to 2025-05-06 00:00:00+00:00, run_after=2025-05-07 00:00:00+00:00
[2025-05-07T19:12:23.476+0000] {processor.py:183} INFO - Processing /home/airflow/.local/lib/python3.8/site-packages/airflow/example_dags/example_short_circuit_decorator.py took 0.085 seconds
[2025-05-07T19:12:53.842+0000] {processor.py:161} INFO - Started process (PID=922) to work on /home/airflow/.local/lib/python3.8/site-packages/airflow/example_dags/example_short_circuit_decorator.py
[2025-05-07T19:12:53.843+0000] {processor.py:830} INFO - Processing file /home/airflow/.local/lib/python3.8/site-packages/airflow/example_dags/example_short_circuit_decorator.py for tasks to queue
[2025-05-07T19:12:53.847+0000] {logging_mixin.py:188} INFO - [2025-05-07T19:12:53.846+0000] {dagbag.py:538} INFO - Filling up the DagBag from /home/airflow/.local/lib/python3.8/site-packages/airflow/example_dags/example_short_circuit_decorator.py
[2025-05-07T19:12:53.859+0000] {processor.py:840} INFO - DAG(s) 'example_short_circuit_decorator' retrieved from /home/airflow/.local/lib/python3.8/site-packages/airflow/example_dags/example_short_circuit_decorator.py
[2025-05-07T19:12:53.880+0000] {logging_mixin.py:188} INFO - [2025-05-07T19:12:53.880+0000] {dag.py:3036} INFO - Sync 1 DAGs
[2025-05-07T19:12:53.901+0000] {logging_mixin.py:188} INFO - [2025-05-07T19:12:53.901+0000] {dag.py:3823} INFO - Setting next_dagrun for example_short_circuit_decorator to 2025-05-06 00:00:00+00:00, run_after=2025-05-07 00:00:00+00:00
[2025-05-07T19:12:53.923+0000] {processor.py:183} INFO - Processing /home/airflow/.local/lib/python3.8/site-packages/airflow/example_dags/example_short_circuit_decorator.py took 0.084 seconds
[2025-05-07T19:13:24.821+0000] {processor.py:161} INFO - Started process (PID=978) to work on /home/airflow/.local/lib/python3.8/site-packages/airflow/example_dags/example_short_circuit_decorator.py
[2025-05-07T19:13:24.823+0000] {processor.py:830} INFO - Processing file /home/airflow/.local/lib/python3.8/site-packages/airflow/example_dags/example_short_circuit_decorator.py for tasks to queue
[2025-05-07T19:13:24.826+0000] {logging_mixin.py:188} INFO - [2025-05-07T19:13:24.825+0000] {dagbag.py:538} INFO - Filling up the DagBag from /home/airflow/.local/lib/python3.8/site-packages/airflow/example_dags/example_short_circuit_decorator.py
[2025-05-07T19:13:24.834+0000] {processor.py:840} INFO - DAG(s) 'example_short_circuit_decorator' retrieved from /home/airflow/.local/lib/python3.8/site-packages/airflow/example_dags/example_short_circuit_decorator.py
[2025-05-07T19:13:24.856+0000] {logging_mixin.py:188} INFO - [2025-05-07T19:13:24.856+0000] {dag.py:3036} INFO - Sync 1 DAGs
[2025-05-07T19:13:24.877+0000] {logging_mixin.py:188} INFO - [2025-05-07T19:13:24.877+0000] {dag.py:3823} INFO - Setting next_dagrun for example_short_circuit_decorator to 2025-05-06 00:00:00+00:00, run_after=2025-05-07 00:00:00+00:00
[2025-05-07T19:13:24.897+0000] {processor.py:183} INFO - Processing /home/airflow/.local/lib/python3.8/site-packages/airflow/example_dags/example_short_circuit_decorator.py took 0.079 seconds
[2025-05-07T19:13:54.976+0000] {processor.py:161} INFO - Started process (PID=1034) to work on /home/airflow/.local/lib/python3.8/site-packages/airflow/example_dags/example_short_circuit_decorator.py
[2025-05-07T19:13:54.977+0000] {processor.py:830} INFO - Processing file /home/airflow/.local/lib/python3.8/site-packages/airflow/example_dags/example_short_circuit_decorator.py for tasks to queue
[2025-05-07T19:13:54.979+0000] {logging_mixin.py:188} INFO - [2025-05-07T19:13:54.979+0000] {dagbag.py:538} INFO - Filling up the DagBag from /home/airflow/.local/lib/python3.8/site-packages/airflow/example_dags/example_short_circuit_decorator.py
[2025-05-07T19:13:54.989+0000] {processor.py:840} INFO - DAG(s) 'example_short_circuit_decorator' retrieved from /home/airflow/.local/lib/python3.8/site-packages/airflow/example_dags/example_short_circuit_decorator.py
[2025-05-07T19:13:55.015+0000] {logging_mixin.py:188} INFO - [2025-05-07T19:13:55.015+0000] {dag.py:3036} INFO - Sync 1 DAGs
[2025-05-07T19:13:55.042+0000] {logging_mixin.py:188} INFO - [2025-05-07T19:13:55.041+0000] {dag.py:3823} INFO - Setting next_dagrun for example_short_circuit_decorator to 2025-05-06 00:00:00+00:00, run_after=2025-05-07 00:00:00+00:00
[2025-05-07T19:13:55.068+0000] {processor.py:183} INFO - Processing /home/airflow/.local/lib/python3.8/site-packages/airflow/example_dags/example_short_circuit_decorator.py took 0.096 seconds
[2025-05-07T19:14:25.496+0000] {processor.py:161} INFO - Started process (PID=1090) to work on /home/airflow/.local/lib/python3.8/site-packages/airflow/example_dags/example_short_circuit_decorator.py
[2025-05-07T19:14:25.498+0000] {processor.py:830} INFO - Processing file /home/airflow/.local/lib/python3.8/site-packages/airflow/example_dags/example_short_circuit_decorator.py for tasks to queue
[2025-05-07T19:14:25.501+0000] {logging_mixin.py:188} INFO - [2025-05-07T19:14:25.501+0000] {dagbag.py:538} INFO - Filling up the DagBag from /home/airflow/.local/lib/python3.8/site-packages/airflow/example_dags/example_short_circuit_decorator.py
[2025-05-07T19:14:25.512+0000] {processor.py:840} INFO - DAG(s) 'example_short_circuit_decorator' retrieved from /home/airflow/.local/lib/python3.8/site-packages/airflow/example_dags/example_short_circuit_decorator.py
[2025-05-07T19:14:25.541+0000] {logging_mixin.py:188} INFO - [2025-05-07T19:14:25.540+0000] {dag.py:3036} INFO - Sync 1 DAGs
[2025-05-07T19:14:25.567+0000] {logging_mixin.py:188} INFO - [2025-05-07T19:14:25.567+0000] {dag.py:3823} INFO - Setting next_dagrun for example_short_circuit_decorator to 2025-05-06 00:00:00+00:00, run_after=2025-05-07 00:00:00+00:00
[2025-05-07T19:14:25.600+0000] {processor.py:183} INFO - Processing /home/airflow/.local/lib/python3.8/site-packages/airflow/example_dags/example_short_circuit_decorator.py took 0.107 seconds
[2025-05-07T19:14:55.799+0000] {processor.py:161} INFO - Started process (PID=1146) to work on /home/airflow/.local/lib/python3.8/site-packages/airflow/example_dags/example_short_circuit_decorator.py
[2025-05-07T19:14:55.801+0000] {processor.py:830} INFO - Processing file /home/airflow/.local/lib/python3.8/site-packages/airflow/example_dags/example_short_circuit_decorator.py for tasks to queue
[2025-05-07T19:14:55.803+0000] {logging_mixin.py:188} INFO - [2025-05-07T19:14:55.803+0000] {dagbag.py:538} INFO - Filling up the DagBag from /home/airflow/.local/lib/python3.8/site-packages/airflow/example_dags/example_short_circuit_decorator.py
[2025-05-07T19:14:55.813+0000] {processor.py:840} INFO - DAG(s) 'example_short_circuit_decorator' retrieved from /home/airflow/.local/lib/python3.8/site-packages/airflow/example_dags/example_short_circuit_decorator.py
[2025-05-07T19:14:55.836+0000] {logging_mixin.py:188} INFO - [2025-05-07T19:14:55.836+0000] {dag.py:3036} INFO - Sync 1 DAGs
[2025-05-07T19:14:55.870+0000] {logging_mixin.py:188} INFO - [2025-05-07T19:14:55.870+0000] {dag.py:3823} INFO - Setting next_dagrun for example_short_circuit_decorator to 2025-05-06 00:00:00+00:00, run_after=2025-05-07 00:00:00+00:00
[2025-05-07T19:14:56.039+0000] {processor.py:183} INFO - Processing /home/airflow/.local/lib/python3.8/site-packages/airflow/example_dags/example_short_circuit_decorator.py took 0.243 seconds
[2025-05-07T19:15:26.141+0000] {processor.py:161} INFO - Started process (PID=1202) to work on /home/airflow/.local/lib/python3.8/site-packages/airflow/example_dags/example_short_circuit_decorator.py
[2025-05-07T19:15:26.143+0000] {processor.py:830} INFO - Processing file /home/airflow/.local/lib/python3.8/site-packages/airflow/example_dags/example_short_circuit_decorator.py for tasks to queue
[2025-05-07T19:15:26.149+0000] {logging_mixin.py:188} INFO - [2025-05-07T19:15:26.148+0000] {dagbag.py:538} INFO - Filling up the DagBag from /home/airflow/.local/lib/python3.8/site-packages/airflow/example_dags/example_short_circuit_decorator.py
[2025-05-07T19:15:26.167+0000] {processor.py:840} INFO - DAG(s) 'example_short_circuit_decorator' retrieved from /home/airflow/.local/lib/python3.8/site-packages/airflow/example_dags/example_short_circuit_decorator.py
[2025-05-07T19:15:26.196+0000] {logging_mixin.py:188} INFO - [2025-05-07T19:15:26.196+0000] {dag.py:3036} INFO - Sync 1 DAGs
[2025-05-07T19:15:26.216+0000] {logging_mixin.py:188} INFO - [2025-05-07T19:15:26.216+0000] {dag.py:3823} INFO - Setting next_dagrun for example_short_circuit_decorator to 2025-05-06 00:00:00+00:00, run_after=2025-05-07 00:00:00+00:00
[2025-05-07T19:15:26.236+0000] {processor.py:183} INFO - Processing /home/airflow/.local/lib/python3.8/site-packages/airflow/example_dags/example_short_circuit_decorator.py took 0.103 seconds
[2025-05-07T19:15:56.400+0000] {processor.py:161} INFO - Started process (PID=1258) to work on /home/airflow/.local/lib/python3.8/site-packages/airflow/example_dags/example_short_circuit_decorator.py
[2025-05-07T19:15:56.403+0000] {processor.py:830} INFO - Processing file /home/airflow/.local/lib/python3.8/site-packages/airflow/example_dags/example_short_circuit_decorator.py for tasks to queue
[2025-05-07T19:15:56.406+0000] {logging_mixin.py:188} INFO - [2025-05-07T19:15:56.405+0000] {dagbag.py:538} INFO - Filling up the DagBag from /home/airflow/.local/lib/python3.8/site-packages/airflow/example_dags/example_short_circuit_decorator.py
[2025-05-07T19:15:56.416+0000] {processor.py:840} INFO - DAG(s) 'example_short_circuit_decorator' retrieved from /home/airflow/.local/lib/python3.8/site-packages/airflow/example_dags/example_short_circuit_decorator.py
[2025-05-07T19:15:56.438+0000] {logging_mixin.py:188} INFO - [2025-05-07T19:15:56.438+0000] {dag.py:3036} INFO - Sync 1 DAGs
[2025-05-07T19:15:56.460+0000] {logging_mixin.py:188} INFO - [2025-05-07T19:15:56.460+0000] {dag.py:3823} INFO - Setting next_dagrun for example_short_circuit_decorator to 2025-05-06 00:00:00+00:00, run_after=2025-05-07 00:00:00+00:00
[2025-05-07T19:15:56.481+0000] {processor.py:183} INFO - Processing /home/airflow/.local/lib/python3.8/site-packages/airflow/example_dags/example_short_circuit_decorator.py took 0.084 seconds
[2025-05-07T19:16:26.944+0000] {processor.py:161} INFO - Started process (PID=1314) to work on /home/airflow/.local/lib/python3.8/site-packages/airflow/example_dags/example_short_circuit_decorator.py
[2025-05-07T19:16:26.945+0000] {processor.py:830} INFO - Processing file /home/airflow/.local/lib/python3.8/site-packages/airflow/example_dags/example_short_circuit_decorator.py for tasks to queue
[2025-05-07T19:16:26.948+0000] {logging_mixin.py:188} INFO - [2025-05-07T19:16:26.947+0000] {dagbag.py:538} INFO - Filling up the DagBag from /home/airflow/.local/lib/python3.8/site-packages/airflow/example_dags/example_short_circuit_decorator.py
[2025-05-07T19:16:26.957+0000] {processor.py:840} INFO - DAG(s) 'example_short_circuit_decorator' retrieved from /home/airflow/.local/lib/python3.8/site-packages/airflow/example_dags/example_short_circuit_decorator.py
[2025-05-07T19:16:26.979+0000] {logging_mixin.py:188} INFO - [2025-05-07T19:16:26.979+0000] {dag.py:3036} INFO - Sync 1 DAGs
[2025-05-07T19:16:26.998+0000] {logging_mixin.py:188} INFO - [2025-05-07T19:16:26.998+0000] {dag.py:3823} INFO - Setting next_dagrun for example_short_circuit_decorator to 2025-05-06 00:00:00+00:00, run_after=2025-05-07 00:00:00+00:00
[2025-05-07T19:16:27.020+0000] {processor.py:183} INFO - Processing /home/airflow/.local/lib/python3.8/site-packages/airflow/example_dags/example_short_circuit_decorator.py took 0.079 seconds
[2025-05-07T19:16:57.344+0000] {processor.py:161} INFO - Started process (PID=1370) to work on /home/airflow/.local/lib/python3.8/site-packages/airflow/example_dags/example_short_circuit_decorator.py
[2025-05-07T19:16:57.346+0000] {processor.py:830} INFO - Processing file /home/airflow/.local/lib/python3.8/site-packages/airflow/example_dags/example_short_circuit_decorator.py for tasks to queue
[2025-05-07T19:16:57.349+0000] {logging_mixin.py:188} INFO - [2025-05-07T19:16:57.349+0000] {dagbag.py:538} INFO - Filling up the DagBag from /home/airflow/.local/lib/python3.8/site-packages/airflow/example_dags/example_short_circuit_decorator.py
[2025-05-07T19:16:57.359+0000] {processor.py:840} INFO - DAG(s) 'example_short_circuit_decorator' retrieved from /home/airflow/.local/lib/python3.8/site-packages/airflow/example_dags/example_short_circuit_decorator.py
[2025-05-07T19:16:57.386+0000] {logging_mixin.py:188} INFO - [2025-05-07T19:16:57.385+0000] {dag.py:3036} INFO - Sync 1 DAGs
[2025-05-07T19:16:57.410+0000] {logging_mixin.py:188} INFO - [2025-05-07T19:16:57.410+0000] {dag.py:3823} INFO - Setting next_dagrun for example_short_circuit_decorator to 2025-05-06 00:00:00+00:00, run_after=2025-05-07 00:00:00+00:00
[2025-05-07T19:16:57.432+0000] {processor.py:183} INFO - Processing /home/airflow/.local/lib/python3.8/site-packages/airflow/example_dags/example_short_circuit_decorator.py took 0.091 seconds
[2025-05-07T19:17:28.037+0000] {processor.py:161} INFO - Started process (PID=1426) to work on /home/airflow/.local/lib/python3.8/site-packages/airflow/example_dags/example_short_circuit_decorator.py
[2025-05-07T19:17:28.039+0000] {processor.py:830} INFO - Processing file /home/airflow/.local/lib/python3.8/site-packages/airflow/example_dags/example_short_circuit_decorator.py for tasks to queue
[2025-05-07T19:17:28.041+0000] {logging_mixin.py:188} INFO - [2025-05-07T19:17:28.040+0000] {dagbag.py:538} INFO - Filling up the DagBag from /home/airflow/.local/lib/python3.8/site-packages/airflow/example_dags/example_short_circuit_decorator.py
[2025-05-07T19:17:28.051+0000] {processor.py:840} INFO - DAG(s) 'example_short_circuit_decorator' retrieved from /home/airflow/.local/lib/python3.8/site-packages/airflow/example_dags/example_short_circuit_decorator.py
[2025-05-07T19:17:28.073+0000] {logging_mixin.py:188} INFO - [2025-05-07T19:17:28.073+0000] {dag.py:3036} INFO - Sync 1 DAGs
[2025-05-07T19:17:28.093+0000] {logging_mixin.py:188} INFO - [2025-05-07T19:17:28.093+0000] {dag.py:3823} INFO - Setting next_dagrun for example_short_circuit_decorator to 2025-05-06 00:00:00+00:00, run_after=2025-05-07 00:00:00+00:00
[2025-05-07T19:17:28.116+0000] {processor.py:183} INFO - Processing /home/airflow/.local/lib/python3.8/site-packages/airflow/example_dags/example_short_circuit_decorator.py took 0.082 seconds
[2025-05-07T19:17:58.211+0000] {processor.py:161} INFO - Started process (PID=1482) to work on /home/airflow/.local/lib/python3.8/site-packages/airflow/example_dags/example_short_circuit_decorator.py
[2025-05-07T19:17:58.213+0000] {processor.py:830} INFO - Processing file /home/airflow/.local/lib/python3.8/site-packages/airflow/example_dags/example_short_circuit_decorator.py for tasks to queue
[2025-05-07T19:17:58.216+0000] {logging_mixin.py:188} INFO - [2025-05-07T19:17:58.215+0000] {dagbag.py:538} INFO - Filling up the DagBag from /home/airflow/.local/lib/python3.8/site-packages/airflow/example_dags/example_short_circuit_decorator.py
[2025-05-07T19:17:58.225+0000] {processor.py:840} INFO - DAG(s) 'example_short_circuit_decorator' retrieved from /home/airflow/.local/lib/python3.8/site-packages/airflow/example_dags/example_short_circuit_decorator.py
[2025-05-07T19:17:58.247+0000] {logging_mixin.py:188} INFO - [2025-05-07T19:17:58.247+0000] {dag.py:3036} INFO - Sync 1 DAGs
[2025-05-07T19:17:58.268+0000] {logging_mixin.py:188} INFO - [2025-05-07T19:17:58.268+0000] {dag.py:3823} INFO - Setting next_dagrun for example_short_circuit_decorator to 2025-05-06 00:00:00+00:00, run_after=2025-05-07 00:00:00+00:00
[2025-05-07T19:17:58.287+0000] {processor.py:183} INFO - Processing /home/airflow/.local/lib/python3.8/site-packages/airflow/example_dags/example_short_circuit_decorator.py took 0.078 seconds
[2025-05-07T19:18:28.698+0000] {processor.py:161} INFO - Started process (PID=1538) to work on /home/airflow/.local/lib/python3.8/site-packages/airflow/example_dags/example_short_circuit_decorator.py
[2025-05-07T19:18:28.699+0000] {processor.py:830} INFO - Processing file /home/airflow/.local/lib/python3.8/site-packages/airflow/example_dags/example_short_circuit_decorator.py for tasks to queue
[2025-05-07T19:18:28.702+0000] {logging_mixin.py:188} INFO - [2025-05-07T19:18:28.702+0000] {dagbag.py:538} INFO - Filling up the DagBag from /home/airflow/.local/lib/python3.8/site-packages/airflow/example_dags/example_short_circuit_decorator.py
[2025-05-07T19:18:28.713+0000] {processor.py:840} INFO - DAG(s) 'example_short_circuit_decorator' retrieved from /home/airflow/.local/lib/python3.8/site-packages/airflow/example_dags/example_short_circuit_decorator.py
[2025-05-07T19:18:28.742+0000] {logging_mixin.py:188} INFO - [2025-05-07T19:18:28.742+0000] {dag.py:3036} INFO - Sync 1 DAGs
[2025-05-07T19:18:28.766+0000] {logging_mixin.py:188} INFO - [2025-05-07T19:18:28.766+0000] {dag.py:3823} INFO - Setting next_dagrun for example_short_circuit_decorator to 2025-05-06 00:00:00+00:00, run_after=2025-05-07 00:00:00+00:00
[2025-05-07T19:18:28.786+0000] {processor.py:183} INFO - Processing /home/airflow/.local/lib/python3.8/site-packages/airflow/example_dags/example_short_circuit_decorator.py took 0.092 seconds
[2025-05-07T19:18:58.909+0000] {processor.py:161} INFO - Started process (PID=1594) to work on /home/airflow/.local/lib/python3.8/site-packages/airflow/example_dags/example_short_circuit_decorator.py
[2025-05-07T19:18:58.911+0000] {processor.py:830} INFO - Processing file /home/airflow/.local/lib/python3.8/site-packages/airflow/example_dags/example_short_circuit_decorator.py for tasks to queue
[2025-05-07T19:18:58.913+0000] {logging_mixin.py:188} INFO - [2025-05-07T19:18:58.913+0000] {dagbag.py:538} INFO - Filling up the DagBag from /home/airflow/.local/lib/python3.8/site-packages/airflow/example_dags/example_short_circuit_decorator.py
[2025-05-07T19:18:58.926+0000] {processor.py:840} INFO - DAG(s) 'example_short_circuit_decorator' retrieved from /home/airflow/.local/lib/python3.8/site-packages/airflow/example_dags/example_short_circuit_decorator.py
[2025-05-07T19:18:58.958+0000] {logging_mixin.py:188} INFO - [2025-05-07T19:18:58.958+0000] {dag.py:3036} INFO - Sync 1 DAGs
[2025-05-07T19:18:58.997+0000] {logging_mixin.py:188} INFO - [2025-05-07T19:18:58.996+0000] {dag.py:3823} INFO - Setting next_dagrun for example_short_circuit_decorator to 2025-05-06 00:00:00+00:00, run_after=2025-05-07 00:00:00+00:00
[2025-05-07T19:18:59.037+0000] {processor.py:183} INFO - Processing /home/airflow/.local/lib/python3.8/site-packages/airflow/example_dags/example_short_circuit_decorator.py took 0.133 seconds
[2025-05-07T19:19:29.765+0000] {processor.py:161} INFO - Started process (PID=1650) to work on /home/airflow/.local/lib/python3.8/site-packages/airflow/example_dags/example_short_circuit_decorator.py
[2025-05-07T19:19:29.769+0000] {processor.py:830} INFO - Processing file /home/airflow/.local/lib/python3.8/site-packages/airflow/example_dags/example_short_circuit_decorator.py for tasks to queue
[2025-05-07T19:19:29.773+0000] {logging_mixin.py:188} INFO - [2025-05-07T19:19:29.772+0000] {dagbag.py:538} INFO - Filling up the DagBag from /home/airflow/.local/lib/python3.8/site-packages/airflow/example_dags/example_short_circuit_decorator.py
[2025-05-07T19:19:29.789+0000] {processor.py:840} INFO - DAG(s) 'example_short_circuit_decorator' retrieved from /home/airflow/.local/lib/python3.8/site-packages/airflow/example_dags/example_short_circuit_decorator.py
[2025-05-07T19:19:29.819+0000] {logging_mixin.py:188} INFO - [2025-05-07T19:19:29.818+0000] {dag.py:3036} INFO - Sync 1 DAGs
[2025-05-07T19:19:29.841+0000] {logging_mixin.py:188} INFO - [2025-05-07T19:19:29.841+0000] {dag.py:3823} INFO - Setting next_dagrun for example_short_circuit_decorator to 2025-05-06 00:00:00+00:00, run_after=2025-05-07 00:00:00+00:00
[2025-05-07T19:19:29.863+0000] {processor.py:183} INFO - Processing /home/airflow/.local/lib/python3.8/site-packages/airflow/example_dags/example_short_circuit_decorator.py took 0.103 seconds
[2025-05-07T19:19:59.934+0000] {processor.py:161} INFO - Started process (PID=1706) to work on /home/airflow/.local/lib/python3.8/site-packages/airflow/example_dags/example_short_circuit_decorator.py
[2025-05-07T19:19:59.938+0000] {processor.py:830} INFO - Processing file /home/airflow/.local/lib/python3.8/site-packages/airflow/example_dags/example_short_circuit_decorator.py for tasks to queue
[2025-05-07T19:19:59.946+0000] {logging_mixin.py:188} INFO - [2025-05-07T19:19:59.945+0000] {dagbag.py:538} INFO - Filling up the DagBag from /home/airflow/.local/lib/python3.8/site-packages/airflow/example_dags/example_short_circuit_decorator.py
[2025-05-07T19:19:59.968+0000] {processor.py:840} INFO - DAG(s) 'example_short_circuit_decorator' retrieved from /home/airflow/.local/lib/python3.8/site-packages/airflow/example_dags/example_short_circuit_decorator.py
[2025-05-07T19:20:00.001+0000] {logging_mixin.py:188} INFO - [2025-05-07T19:20:00.000+0000] {dag.py:3036} INFO - Sync 1 DAGs
[2025-05-07T19:20:00.046+0000] {logging_mixin.py:188} INFO - [2025-05-07T19:20:00.045+0000] {dag.py:3823} INFO - Setting next_dagrun for example_short_circuit_decorator to 2025-05-06 00:00:00+00:00, run_after=2025-05-07 00:00:00+00:00
[2025-05-07T19:20:00.097+0000] {processor.py:183} INFO - Processing /home/airflow/.local/lib/python3.8/site-packages/airflow/example_dags/example_short_circuit_decorator.py took 0.171 seconds
[2025-05-07T19:20:30.998+0000] {processor.py:161} INFO - Started process (PID=1763) to work on /home/airflow/.local/lib/python3.8/site-packages/airflow/example_dags/example_short_circuit_decorator.py
[2025-05-07T19:20:30.999+0000] {processor.py:830} INFO - Processing file /home/airflow/.local/lib/python3.8/site-packages/airflow/example_dags/example_short_circuit_decorator.py for tasks to queue
[2025-05-07T19:20:31.001+0000] {logging_mixin.py:188} INFO - [2025-05-07T19:20:31.001+0000] {dagbag.py:538} INFO - Filling up the DagBag from /home/airflow/.local/lib/python3.8/site-packages/airflow/example_dags/example_short_circuit_decorator.py
[2025-05-07T19:20:31.009+0000] {processor.py:840} INFO - DAG(s) 'example_short_circuit_decorator' retrieved from /home/airflow/.local/lib/python3.8/site-packages/airflow/example_dags/example_short_circuit_decorator.py
[2025-05-07T19:20:31.032+0000] {logging_mixin.py:188} INFO - [2025-05-07T19:20:31.032+0000] {dag.py:3036} INFO - Sync 1 DAGs
[2025-05-07T19:20:31.054+0000] {logging_mixin.py:188} INFO - [2025-05-07T19:20:31.053+0000] {dag.py:3823} INFO - Setting next_dagrun for example_short_circuit_decorator to 2025-05-06 00:00:00+00:00, run_after=2025-05-07 00:00:00+00:00
[2025-05-07T19:20:31.077+0000] {processor.py:183} INFO - Processing /home/airflow/.local/lib/python3.8/site-packages/airflow/example_dags/example_short_circuit_decorator.py took 0.082 seconds
[2025-05-07T19:21:01.491+0000] {processor.py:161} INFO - Started process (PID=1820) to work on /home/airflow/.local/lib/python3.8/site-packages/airflow/example_dags/example_short_circuit_decorator.py
[2025-05-07T19:21:01.493+0000] {processor.py:830} INFO - Processing file /home/airflow/.local/lib/python3.8/site-packages/airflow/example_dags/example_short_circuit_decorator.py for tasks to queue
[2025-05-07T19:21:01.495+0000] {logging_mixin.py:188} INFO - [2025-05-07T19:21:01.494+0000] {dagbag.py:538} INFO - Filling up the DagBag from /home/airflow/.local/lib/python3.8/site-packages/airflow/example_dags/example_short_circuit_decorator.py
[2025-05-07T19:21:01.503+0000] {processor.py:840} INFO - DAG(s) 'example_short_circuit_decorator' retrieved from /home/airflow/.local/lib/python3.8/site-packages/airflow/example_dags/example_short_circuit_decorator.py
[2025-05-07T19:21:01.525+0000] {logging_mixin.py:188} INFO - [2025-05-07T19:21:01.525+0000] {dag.py:3036} INFO - Sync 1 DAGs
[2025-05-07T19:21:01.544+0000] {logging_mixin.py:188} INFO - [2025-05-07T19:21:01.544+0000] {dag.py:3823} INFO - Setting next_dagrun for example_short_circuit_decorator to 2025-05-06 00:00:00+00:00, run_after=2025-05-07 00:00:00+00:00
[2025-05-07T19:21:01.566+0000] {processor.py:183} INFO - Processing /home/airflow/.local/lib/python3.8/site-packages/airflow/example_dags/example_short_circuit_decorator.py took 0.078 seconds
[2025-05-07T19:22:03.287+0000] {processor.py:161} INFO - Started process (PID=85) to work on /home/airflow/.local/lib/python3.8/site-packages/airflow/example_dags/example_short_circuit_decorator.py
[2025-05-07T19:22:03.289+0000] {processor.py:830} INFO - Processing file /home/airflow/.local/lib/python3.8/site-packages/airflow/example_dags/example_short_circuit_decorator.py for tasks to queue
[2025-05-07T19:22:03.294+0000] {logging_mixin.py:188} INFO - [2025-05-07T19:22:03.293+0000] {dagbag.py:538} INFO - Filling up the DagBag from /home/airflow/.local/lib/python3.8/site-packages/airflow/example_dags/example_short_circuit_decorator.py
[2025-05-07T19:22:03.313+0000] {processor.py:840} INFO - DAG(s) 'example_short_circuit_decorator' retrieved from /home/airflow/.local/lib/python3.8/site-packages/airflow/example_dags/example_short_circuit_decorator.py
[2025-05-07T19:22:03.336+0000] {logging_mixin.py:188} INFO - [2025-05-07T19:22:03.335+0000] {dag.py:3036} INFO - Sync 1 DAGs
[2025-05-07T19:22:03.373+0000] {logging_mixin.py:188} INFO - [2025-05-07T19:22:03.373+0000] {dag.py:3823} INFO - Setting next_dagrun for example_short_circuit_decorator to 2025-05-06 00:00:00+00:00, run_after=2025-05-07 00:00:00+00:00
[2025-05-07T19:22:03.398+0000] {processor.py:183} INFO - Processing /home/airflow/.local/lib/python3.8/site-packages/airflow/example_dags/example_short_circuit_decorator.py took 0.118 seconds
[2025-05-07T19:22:34.124+0000] {processor.py:161} INFO - Started process (PID=142) to work on /home/airflow/.local/lib/python3.8/site-packages/airflow/example_dags/example_short_circuit_decorator.py
[2025-05-07T19:22:34.126+0000] {processor.py:830} INFO - Processing file /home/airflow/.local/lib/python3.8/site-packages/airflow/example_dags/example_short_circuit_decorator.py for tasks to queue
[2025-05-07T19:22:34.128+0000] {logging_mixin.py:188} INFO - [2025-05-07T19:22:34.127+0000] {dagbag.py:538} INFO - Filling up the DagBag from /home/airflow/.local/lib/python3.8/site-packages/airflow/example_dags/example_short_circuit_decorator.py
[2025-05-07T19:22:34.142+0000] {processor.py:840} INFO - DAG(s) 'example_short_circuit_decorator' retrieved from /home/airflow/.local/lib/python3.8/site-packages/airflow/example_dags/example_short_circuit_decorator.py
[2025-05-07T19:22:34.255+0000] {logging_mixin.py:188} INFO - [2025-05-07T19:22:34.255+0000] {dag.py:3036} INFO - Sync 1 DAGs
[2025-05-07T19:22:34.278+0000] {logging_mixin.py:188} INFO - [2025-05-07T19:22:34.278+0000] {dag.py:3823} INFO - Setting next_dagrun for example_short_circuit_decorator to 2025-05-06 00:00:00+00:00, run_after=2025-05-07 00:00:00+00:00
[2025-05-07T19:22:34.300+0000] {processor.py:183} INFO - Processing /home/airflow/.local/lib/python3.8/site-packages/airflow/example_dags/example_short_circuit_decorator.py took 0.180 seconds
[2025-05-07T19:23:04.642+0000] {processor.py:161} INFO - Started process (PID=199) to work on /home/airflow/.local/lib/python3.8/site-packages/airflow/example_dags/example_short_circuit_decorator.py
[2025-05-07T19:23:04.644+0000] {processor.py:830} INFO - Processing file /home/airflow/.local/lib/python3.8/site-packages/airflow/example_dags/example_short_circuit_decorator.py for tasks to queue
[2025-05-07T19:23:04.646+0000] {logging_mixin.py:188} INFO - [2025-05-07T19:23:04.646+0000] {dagbag.py:538} INFO - Filling up the DagBag from /home/airflow/.local/lib/python3.8/site-packages/airflow/example_dags/example_short_circuit_decorator.py
[2025-05-07T19:23:04.654+0000] {processor.py:840} INFO - DAG(s) 'example_short_circuit_decorator' retrieved from /home/airflow/.local/lib/python3.8/site-packages/airflow/example_dags/example_short_circuit_decorator.py
[2025-05-07T19:23:04.678+0000] {logging_mixin.py:188} INFO - [2025-05-07T19:23:04.677+0000] {dag.py:3036} INFO - Sync 1 DAGs
[2025-05-07T19:23:04.698+0000] {logging_mixin.py:188} INFO - [2025-05-07T19:23:04.698+0000] {dag.py:3823} INFO - Setting next_dagrun for example_short_circuit_decorator to 2025-05-06 00:00:00+00:00, run_after=2025-05-07 00:00:00+00:00
[2025-05-07T19:23:04.722+0000] {processor.py:183} INFO - Processing /home/airflow/.local/lib/python3.8/site-packages/airflow/example_dags/example_short_circuit_decorator.py took 0.082 seconds
[2025-05-07T19:23:35.050+0000] {processor.py:161} INFO - Started process (PID=259) to work on /home/airflow/.local/lib/python3.8/site-packages/airflow/example_dags/example_short_circuit_decorator.py
[2025-05-07T19:23:35.053+0000] {processor.py:830} INFO - Processing file /home/airflow/.local/lib/python3.8/site-packages/airflow/example_dags/example_short_circuit_decorator.py for tasks to queue
[2025-05-07T19:23:35.057+0000] {logging_mixin.py:188} INFO - [2025-05-07T19:23:35.056+0000] {dagbag.py:538} INFO - Filling up the DagBag from /home/airflow/.local/lib/python3.8/site-packages/airflow/example_dags/example_short_circuit_decorator.py
[2025-05-07T19:23:35.070+0000] {processor.py:840} INFO - DAG(s) 'example_short_circuit_decorator' retrieved from /home/airflow/.local/lib/python3.8/site-packages/airflow/example_dags/example_short_circuit_decorator.py
[2025-05-07T19:23:35.111+0000] {logging_mixin.py:188} INFO - [2025-05-07T19:23:35.111+0000] {dag.py:3036} INFO - Sync 1 DAGs
[2025-05-07T19:23:35.155+0000] {logging_mixin.py:188} INFO - [2025-05-07T19:23:35.155+0000] {dag.py:3823} INFO - Setting next_dagrun for example_short_circuit_decorator to 2025-05-06 00:00:00+00:00, run_after=2025-05-07 00:00:00+00:00
[2025-05-07T19:23:35.176+0000] {processor.py:183} INFO - Processing /home/airflow/.local/lib/python3.8/site-packages/airflow/example_dags/example_short_circuit_decorator.py took 0.132 seconds
[2025-05-07T19:24:05.657+0000] {processor.py:161} INFO - Started process (PID=324) to work on /home/airflow/.local/lib/python3.8/site-packages/airflow/example_dags/example_short_circuit_decorator.py
[2025-05-07T19:24:05.658+0000] {processor.py:830} INFO - Processing file /home/airflow/.local/lib/python3.8/site-packages/airflow/example_dags/example_short_circuit_decorator.py for tasks to queue
[2025-05-07T19:24:05.660+0000] {logging_mixin.py:188} INFO - [2025-05-07T19:24:05.660+0000] {dagbag.py:538} INFO - Filling up the DagBag from /home/airflow/.local/lib/python3.8/site-packages/airflow/example_dags/example_short_circuit_decorator.py
[2025-05-07T19:24:05.670+0000] {processor.py:840} INFO - DAG(s) 'example_short_circuit_decorator' retrieved from /home/airflow/.local/lib/python3.8/site-packages/airflow/example_dags/example_short_circuit_decorator.py
[2025-05-07T19:24:05.693+0000] {logging_mixin.py:188} INFO - [2025-05-07T19:24:05.693+0000] {dag.py:3036} INFO - Sync 1 DAGs
[2025-05-07T19:24:05.715+0000] {logging_mixin.py:188} INFO - [2025-05-07T19:24:05.715+0000] {dag.py:3823} INFO - Setting next_dagrun for example_short_circuit_decorator to 2025-05-06 00:00:00+00:00, run_after=2025-05-07 00:00:00+00:00
[2025-05-07T19:24:05.738+0000] {processor.py:183} INFO - Processing /home/airflow/.local/lib/python3.8/site-packages/airflow/example_dags/example_short_circuit_decorator.py took 0.085 seconds
[2025-05-07T19:24:36.371+0000] {processor.py:161} INFO - Started process (PID=387) to work on /home/airflow/.local/lib/python3.8/site-packages/airflow/example_dags/example_short_circuit_decorator.py
[2025-05-07T19:24:36.372+0000] {processor.py:830} INFO - Processing file /home/airflow/.local/lib/python3.8/site-packages/airflow/example_dags/example_short_circuit_decorator.py for tasks to queue
[2025-05-07T19:24:36.374+0000] {logging_mixin.py:188} INFO - [2025-05-07T19:24:36.374+0000] {dagbag.py:538} INFO - Filling up the DagBag from /home/airflow/.local/lib/python3.8/site-packages/airflow/example_dags/example_short_circuit_decorator.py
[2025-05-07T19:24:36.385+0000] {processor.py:840} INFO - DAG(s) 'example_short_circuit_decorator' retrieved from /home/airflow/.local/lib/python3.8/site-packages/airflow/example_dags/example_short_circuit_decorator.py
[2025-05-07T19:24:36.408+0000] {logging_mixin.py:188} INFO - [2025-05-07T19:24:36.408+0000] {dag.py:3036} INFO - Sync 1 DAGs
[2025-05-07T19:24:36.431+0000] {logging_mixin.py:188} INFO - [2025-05-07T19:24:36.431+0000] {dag.py:3823} INFO - Setting next_dagrun for example_short_circuit_decorator to 2025-05-06 00:00:00+00:00, run_after=2025-05-07 00:00:00+00:00
[2025-05-07T19:24:36.449+0000] {processor.py:183} INFO - Processing /home/airflow/.local/lib/python3.8/site-packages/airflow/example_dags/example_short_circuit_decorator.py took 0.081 seconds
[2025-05-07T19:25:06.812+0000] {processor.py:161} INFO - Started process (PID=444) to work on /home/airflow/.local/lib/python3.8/site-packages/airflow/example_dags/example_short_circuit_decorator.py
[2025-05-07T19:25:06.814+0000] {processor.py:830} INFO - Processing file /home/airflow/.local/lib/python3.8/site-packages/airflow/example_dags/example_short_circuit_decorator.py for tasks to queue
[2025-05-07T19:25:06.816+0000] {logging_mixin.py:188} INFO - [2025-05-07T19:25:06.816+0000] {dagbag.py:538} INFO - Filling up the DagBag from /home/airflow/.local/lib/python3.8/site-packages/airflow/example_dags/example_short_circuit_decorator.py
[2025-05-07T19:25:06.826+0000] {processor.py:840} INFO - DAG(s) 'example_short_circuit_decorator' retrieved from /home/airflow/.local/lib/python3.8/site-packages/airflow/example_dags/example_short_circuit_decorator.py
[2025-05-07T19:25:06.852+0000] {logging_mixin.py:188} INFO - [2025-05-07T19:25:06.852+0000] {dag.py:3036} INFO - Sync 1 DAGs
[2025-05-07T19:25:06.879+0000] {logging_mixin.py:188} INFO - [2025-05-07T19:25:06.879+0000] {dag.py:3823} INFO - Setting next_dagrun for example_short_circuit_decorator to 2025-05-06 00:00:00+00:00, run_after=2025-05-07 00:00:00+00:00
[2025-05-07T19:25:06.905+0000] {processor.py:183} INFO - Processing /home/airflow/.local/lib/python3.8/site-packages/airflow/example_dags/example_short_circuit_decorator.py took 0.096 seconds
[2025-05-07T19:25:37.827+0000] {processor.py:161} INFO - Started process (PID=501) to work on /home/airflow/.local/lib/python3.8/site-packages/airflow/example_dags/example_short_circuit_decorator.py
[2025-05-07T19:25:37.831+0000] {processor.py:830} INFO - Processing file /home/airflow/.local/lib/python3.8/site-packages/airflow/example_dags/example_short_circuit_decorator.py for tasks to queue
[2025-05-07T19:25:37.834+0000] {logging_mixin.py:188} INFO - [2025-05-07T19:25:37.833+0000] {dagbag.py:538} INFO - Filling up the DagBag from /home/airflow/.local/lib/python3.8/site-packages/airflow/example_dags/example_short_circuit_decorator.py
[2025-05-07T19:25:37.848+0000] {processor.py:840} INFO - DAG(s) 'example_short_circuit_decorator' retrieved from /home/airflow/.local/lib/python3.8/site-packages/airflow/example_dags/example_short_circuit_decorator.py
[2025-05-07T19:25:37.891+0000] {logging_mixin.py:188} INFO - [2025-05-07T19:25:37.890+0000] {dag.py:3036} INFO - Sync 1 DAGs
[2025-05-07T19:25:37.917+0000] {logging_mixin.py:188} INFO - [2025-05-07T19:25:37.916+0000] {dag.py:3823} INFO - Setting next_dagrun for example_short_circuit_decorator to 2025-05-06 00:00:00+00:00, run_after=2025-05-07 00:00:00+00:00
[2025-05-07T19:25:37.936+0000] {processor.py:183} INFO - Processing /home/airflow/.local/lib/python3.8/site-packages/airflow/example_dags/example_short_circuit_decorator.py took 0.113 seconds
[2025-05-07T19:26:07.974+0000] {processor.py:161} INFO - Started process (PID=562) to work on /home/airflow/.local/lib/python3.8/site-packages/airflow/example_dags/example_short_circuit_decorator.py
[2025-05-07T19:26:07.975+0000] {processor.py:830} INFO - Processing file /home/airflow/.local/lib/python3.8/site-packages/airflow/example_dags/example_short_circuit_decorator.py for tasks to queue
[2025-05-07T19:26:07.978+0000] {logging_mixin.py:188} INFO - [2025-05-07T19:26:07.977+0000] {dagbag.py:538} INFO - Filling up the DagBag from /home/airflow/.local/lib/python3.8/site-packages/airflow/example_dags/example_short_circuit_decorator.py
[2025-05-07T19:26:07.988+0000] {processor.py:840} INFO - DAG(s) 'example_short_circuit_decorator' retrieved from /home/airflow/.local/lib/python3.8/site-packages/airflow/example_dags/example_short_circuit_decorator.py
[2025-05-07T19:26:08.020+0000] {logging_mixin.py:188} INFO - [2025-05-07T19:26:08.020+0000] {dag.py:3036} INFO - Sync 1 DAGs
[2025-05-07T19:26:08.047+0000] {logging_mixin.py:188} INFO - [2025-05-07T19:26:08.047+0000] {dag.py:3823} INFO - Setting next_dagrun for example_short_circuit_decorator to 2025-05-06 00:00:00+00:00, run_after=2025-05-07 00:00:00+00:00
[2025-05-07T19:26:08.069+0000] {processor.py:183} INFO - Processing /home/airflow/.local/lib/python3.8/site-packages/airflow/example_dags/example_short_circuit_decorator.py took 0.099 seconds
[2025-05-07T19:26:38.733+0000] {processor.py:161} INFO - Started process (PID=625) to work on /home/airflow/.local/lib/python3.8/site-packages/airflow/example_dags/example_short_circuit_decorator.py
[2025-05-07T19:26:38.735+0000] {processor.py:830} INFO - Processing file /home/airflow/.local/lib/python3.8/site-packages/airflow/example_dags/example_short_circuit_decorator.py for tasks to queue
[2025-05-07T19:26:38.742+0000] {logging_mixin.py:188} INFO - [2025-05-07T19:26:38.742+0000] {dagbag.py:538} INFO - Filling up the DagBag from /home/airflow/.local/lib/python3.8/site-packages/airflow/example_dags/example_short_circuit_decorator.py
[2025-05-07T19:26:38.760+0000] {processor.py:840} INFO - DAG(s) 'example_short_circuit_decorator' retrieved from /home/airflow/.local/lib/python3.8/site-packages/airflow/example_dags/example_short_circuit_decorator.py
[2025-05-07T19:26:38.799+0000] {logging_mixin.py:188} INFO - [2025-05-07T19:26:38.799+0000] {dag.py:3036} INFO - Sync 1 DAGs
[2025-05-07T19:26:38.833+0000] {logging_mixin.py:188} INFO - [2025-05-07T19:26:38.833+0000] {dag.py:3823} INFO - Setting next_dagrun for example_short_circuit_decorator to 2025-05-06 00:00:00+00:00, run_after=2025-05-07 00:00:00+00:00
[2025-05-07T19:26:38.874+0000] {processor.py:183} INFO - Processing /home/airflow/.local/lib/python3.8/site-packages/airflow/example_dags/example_short_circuit_decorator.py took 0.146 seconds
[2025-05-07T19:27:09.546+0000] {processor.py:161} INFO - Started process (PID=684) to work on /home/airflow/.local/lib/python3.8/site-packages/airflow/example_dags/example_short_circuit_decorator.py
[2025-05-07T19:27:09.548+0000] {processor.py:830} INFO - Processing file /home/airflow/.local/lib/python3.8/site-packages/airflow/example_dags/example_short_circuit_decorator.py for tasks to queue
[2025-05-07T19:27:09.551+0000] {logging_mixin.py:188} INFO - [2025-05-07T19:27:09.550+0000] {dagbag.py:538} INFO - Filling up the DagBag from /home/airflow/.local/lib/python3.8/site-packages/airflow/example_dags/example_short_circuit_decorator.py
[2025-05-07T19:27:09.561+0000] {processor.py:840} INFO - DAG(s) 'example_short_circuit_decorator' retrieved from /home/airflow/.local/lib/python3.8/site-packages/airflow/example_dags/example_short_circuit_decorator.py
[2025-05-07T19:27:09.587+0000] {logging_mixin.py:188} INFO - [2025-05-07T19:27:09.587+0000] {dag.py:3036} INFO - Sync 1 DAGs
[2025-05-07T19:27:09.608+0000] {logging_mixin.py:188} INFO - [2025-05-07T19:27:09.608+0000] {dag.py:3823} INFO - Setting next_dagrun for example_short_circuit_decorator to 2025-05-06 00:00:00+00:00, run_after=2025-05-07 00:00:00+00:00
[2025-05-07T19:27:09.629+0000] {processor.py:183} INFO - Processing /home/airflow/.local/lib/python3.8/site-packages/airflow/example_dags/example_short_circuit_decorator.py took 0.087 seconds
[2025-05-07T19:27:40.233+0000] {processor.py:161} INFO - Started process (PID=741) to work on /home/airflow/.local/lib/python3.8/site-packages/airflow/example_dags/example_short_circuit_decorator.py
[2025-05-07T19:27:40.235+0000] {processor.py:830} INFO - Processing file /home/airflow/.local/lib/python3.8/site-packages/airflow/example_dags/example_short_circuit_decorator.py for tasks to queue
[2025-05-07T19:27:40.237+0000] {logging_mixin.py:188} INFO - [2025-05-07T19:27:40.237+0000] {dagbag.py:538} INFO - Filling up the DagBag from /home/airflow/.local/lib/python3.8/site-packages/airflow/example_dags/example_short_circuit_decorator.py
[2025-05-07T19:27:40.251+0000] {processor.py:840} INFO - DAG(s) 'example_short_circuit_decorator' retrieved from /home/airflow/.local/lib/python3.8/site-packages/airflow/example_dags/example_short_circuit_decorator.py
[2025-05-07T19:27:40.279+0000] {logging_mixin.py:188} INFO - [2025-05-07T19:27:40.279+0000] {dag.py:3036} INFO - Sync 1 DAGs
[2025-05-07T19:27:40.300+0000] {logging_mixin.py:188} INFO - [2025-05-07T19:27:40.300+0000] {dag.py:3823} INFO - Setting next_dagrun for example_short_circuit_decorator to 2025-05-06 00:00:00+00:00, run_after=2025-05-07 00:00:00+00:00
[2025-05-07T19:27:40.324+0000] {processor.py:183} INFO - Processing /home/airflow/.local/lib/python3.8/site-packages/airflow/example_dags/example_short_circuit_decorator.py took 0.095 seconds
[2025-05-07T19:28:10.967+0000] {processor.py:161} INFO - Started process (PID=798) to work on /home/airflow/.local/lib/python3.8/site-packages/airflow/example_dags/example_short_circuit_decorator.py
[2025-05-07T19:28:10.969+0000] {processor.py:830} INFO - Processing file /home/airflow/.local/lib/python3.8/site-packages/airflow/example_dags/example_short_circuit_decorator.py for tasks to queue
[2025-05-07T19:28:10.970+0000] {logging_mixin.py:188} INFO - [2025-05-07T19:28:10.970+0000] {dagbag.py:538} INFO - Filling up the DagBag from /home/airflow/.local/lib/python3.8/site-packages/airflow/example_dags/example_short_circuit_decorator.py
[2025-05-07T19:28:10.979+0000] {processor.py:840} INFO - DAG(s) 'example_short_circuit_decorator' retrieved from /home/airflow/.local/lib/python3.8/site-packages/airflow/example_dags/example_short_circuit_decorator.py
[2025-05-07T19:28:11.006+0000] {logging_mixin.py:188} INFO - [2025-05-07T19:28:11.005+0000] {dag.py:3036} INFO - Sync 1 DAGs
[2025-05-07T19:28:11.033+0000] {logging_mixin.py:188} INFO - [2025-05-07T19:28:11.033+0000] {dag.py:3823} INFO - Setting next_dagrun for example_short_circuit_decorator to 2025-05-06 00:00:00+00:00, run_after=2025-05-07 00:00:00+00:00
[2025-05-07T19:28:11.054+0000] {processor.py:183} INFO - Processing /home/airflow/.local/lib/python3.8/site-packages/airflow/example_dags/example_short_circuit_decorator.py took 0.090 seconds
[2025-05-07T19:28:41.182+0000] {processor.py:161} INFO - Started process (PID=855) to work on /home/airflow/.local/lib/python3.8/site-packages/airflow/example_dags/example_short_circuit_decorator.py
[2025-05-07T19:28:41.189+0000] {processor.py:830} INFO - Processing file /home/airflow/.local/lib/python3.8/site-packages/airflow/example_dags/example_short_circuit_decorator.py for tasks to queue
[2025-05-07T19:28:41.191+0000] {logging_mixin.py:188} INFO - [2025-05-07T19:28:41.191+0000] {dagbag.py:538} INFO - Filling up the DagBag from /home/airflow/.local/lib/python3.8/site-packages/airflow/example_dags/example_short_circuit_decorator.py
[2025-05-07T19:28:41.200+0000] {processor.py:840} INFO - DAG(s) 'example_short_circuit_decorator' retrieved from /home/airflow/.local/lib/python3.8/site-packages/airflow/example_dags/example_short_circuit_decorator.py
[2025-05-07T19:28:41.223+0000] {logging_mixin.py:188} INFO - [2025-05-07T19:28:41.223+0000] {dag.py:3036} INFO - Sync 1 DAGs
[2025-05-07T19:28:41.251+0000] {logging_mixin.py:188} INFO - [2025-05-07T19:28:41.251+0000] {dag.py:3823} INFO - Setting next_dagrun for example_short_circuit_decorator to 2025-05-06 00:00:00+00:00, run_after=2025-05-07 00:00:00+00:00
[2025-05-07T19:28:41.276+0000] {processor.py:183} INFO - Processing /home/airflow/.local/lib/python3.8/site-packages/airflow/example_dags/example_short_circuit_decorator.py took 0.097 seconds
[2025-05-07T19:29:11.974+0000] {processor.py:161} INFO - Started process (PID=912) to work on /home/airflow/.local/lib/python3.8/site-packages/airflow/example_dags/example_short_circuit_decorator.py
[2025-05-07T19:29:11.975+0000] {processor.py:830} INFO - Processing file /home/airflow/.local/lib/python3.8/site-packages/airflow/example_dags/example_short_circuit_decorator.py for tasks to queue
[2025-05-07T19:29:11.978+0000] {logging_mixin.py:188} INFO - [2025-05-07T19:29:11.977+0000] {dagbag.py:538} INFO - Filling up the DagBag from /home/airflow/.local/lib/python3.8/site-packages/airflow/example_dags/example_short_circuit_decorator.py
[2025-05-07T19:29:11.988+0000] {processor.py:840} INFO - DAG(s) 'example_short_circuit_decorator' retrieved from /home/airflow/.local/lib/python3.8/site-packages/airflow/example_dags/example_short_circuit_decorator.py
[2025-05-07T19:29:12.012+0000] {logging_mixin.py:188} INFO - [2025-05-07T19:29:12.012+0000] {dag.py:3036} INFO - Sync 1 DAGs
[2025-05-07T19:29:12.034+0000] {logging_mixin.py:188} INFO - [2025-05-07T19:29:12.034+0000] {dag.py:3823} INFO - Setting next_dagrun for example_short_circuit_decorator to 2025-05-06 00:00:00+00:00, run_after=2025-05-07 00:00:00+00:00
[2025-05-07T19:29:12.054+0000] {processor.py:183} INFO - Processing /home/airflow/.local/lib/python3.8/site-packages/airflow/example_dags/example_short_circuit_decorator.py took 0.083 seconds
[2025-05-07T19:29:42.204+0000] {processor.py:161} INFO - Started process (PID=969) to work on /home/airflow/.local/lib/python3.8/site-packages/airflow/example_dags/example_short_circuit_decorator.py
[2025-05-07T19:29:42.205+0000] {processor.py:830} INFO - Processing file /home/airflow/.local/lib/python3.8/site-packages/airflow/example_dags/example_short_circuit_decorator.py for tasks to queue
[2025-05-07T19:29:42.207+0000] {logging_mixin.py:188} INFO - [2025-05-07T19:29:42.207+0000] {dagbag.py:538} INFO - Filling up the DagBag from /home/airflow/.local/lib/python3.8/site-packages/airflow/example_dags/example_short_circuit_decorator.py
[2025-05-07T19:29:42.216+0000] {processor.py:840} INFO - DAG(s) 'example_short_circuit_decorator' retrieved from /home/airflow/.local/lib/python3.8/site-packages/airflow/example_dags/example_short_circuit_decorator.py
[2025-05-07T19:29:42.238+0000] {logging_mixin.py:188} INFO - [2025-05-07T19:29:42.238+0000] {dag.py:3036} INFO - Sync 1 DAGs
[2025-05-07T19:29:42.258+0000] {logging_mixin.py:188} INFO - [2025-05-07T19:29:42.258+0000] {dag.py:3823} INFO - Setting next_dagrun for example_short_circuit_decorator to 2025-05-06 00:00:00+00:00, run_after=2025-05-07 00:00:00+00:00
[2025-05-07T19:29:42.276+0000] {processor.py:183} INFO - Processing /home/airflow/.local/lib/python3.8/site-packages/airflow/example_dags/example_short_circuit_decorator.py took 0.076 seconds
[2025-05-07T19:33:17.313+0000] {processor.py:161} INFO - Started process (PID=86) to work on /home/airflow/.local/lib/python3.8/site-packages/airflow/example_dags/example_short_circuit_decorator.py
[2025-05-07T19:33:17.315+0000] {processor.py:830} INFO - Processing file /home/airflow/.local/lib/python3.8/site-packages/airflow/example_dags/example_short_circuit_decorator.py for tasks to queue
[2025-05-07T19:33:17.319+0000] {logging_mixin.py:188} INFO - [2025-05-07T19:33:17.318+0000] {dagbag.py:538} INFO - Filling up the DagBag from /home/airflow/.local/lib/python3.8/site-packages/airflow/example_dags/example_short_circuit_decorator.py
[2025-05-07T19:33:17.338+0000] {processor.py:840} INFO - DAG(s) 'example_short_circuit_decorator' retrieved from /home/airflow/.local/lib/python3.8/site-packages/airflow/example_dags/example_short_circuit_decorator.py
[2025-05-07T19:33:17.360+0000] {logging_mixin.py:188} INFO - [2025-05-07T19:33:17.359+0000] {dag.py:3036} INFO - Sync 1 DAGs
[2025-05-07T19:33:17.391+0000] {logging_mixin.py:188} INFO - [2025-05-07T19:33:17.390+0000] {dag.py:3823} INFO - Setting next_dagrun for example_short_circuit_decorator to 2025-05-06 00:00:00+00:00, run_after=2025-05-07 00:00:00+00:00
[2025-05-07T19:33:17.423+0000] {processor.py:183} INFO - Processing /home/airflow/.local/lib/python3.8/site-packages/airflow/example_dags/example_short_circuit_decorator.py took 0.119 seconds
[2025-05-07T19:33:49.161+0000] {processor.py:161} INFO - Started process (PID=143) to work on /home/airflow/.local/lib/python3.8/site-packages/airflow/example_dags/example_short_circuit_decorator.py
[2025-05-07T19:33:49.163+0000] {processor.py:830} INFO - Processing file /home/airflow/.local/lib/python3.8/site-packages/airflow/example_dags/example_short_circuit_decorator.py for tasks to queue
[2025-05-07T19:33:49.168+0000] {logging_mixin.py:188} INFO - [2025-05-07T19:33:49.167+0000] {dagbag.py:538} INFO - Filling up the DagBag from /home/airflow/.local/lib/python3.8/site-packages/airflow/example_dags/example_short_circuit_decorator.py
[2025-05-07T19:33:49.180+0000] {processor.py:840} INFO - DAG(s) 'example_short_circuit_decorator' retrieved from /home/airflow/.local/lib/python3.8/site-packages/airflow/example_dags/example_short_circuit_decorator.py
[2025-05-07T19:33:49.297+0000] {logging_mixin.py:188} INFO - [2025-05-07T19:33:49.297+0000] {dag.py:3036} INFO - Sync 1 DAGs
[2025-05-07T19:33:49.325+0000] {logging_mixin.py:188} INFO - [2025-05-07T19:33:49.325+0000] {dag.py:3823} INFO - Setting next_dagrun for example_short_circuit_decorator to 2025-05-06 00:00:00+00:00, run_after=2025-05-07 00:00:00+00:00
[2025-05-07T19:33:49.359+0000] {processor.py:183} INFO - Processing /home/airflow/.local/lib/python3.8/site-packages/airflow/example_dags/example_short_circuit_decorator.py took 0.202 seconds
[2025-05-07T19:34:19.950+0000] {processor.py:161} INFO - Started process (PID=200) to work on /home/airflow/.local/lib/python3.8/site-packages/airflow/example_dags/example_short_circuit_decorator.py
[2025-05-07T19:34:19.951+0000] {processor.py:830} INFO - Processing file /home/airflow/.local/lib/python3.8/site-packages/airflow/example_dags/example_short_circuit_decorator.py for tasks to queue
[2025-05-07T19:34:19.954+0000] {logging_mixin.py:188} INFO - [2025-05-07T19:34:19.953+0000] {dagbag.py:538} INFO - Filling up the DagBag from /home/airflow/.local/lib/python3.8/site-packages/airflow/example_dags/example_short_circuit_decorator.py
[2025-05-07T19:34:19.965+0000] {processor.py:840} INFO - DAG(s) 'example_short_circuit_decorator' retrieved from /home/airflow/.local/lib/python3.8/site-packages/airflow/example_dags/example_short_circuit_decorator.py
[2025-05-07T19:34:19.987+0000] {logging_mixin.py:188} INFO - [2025-05-07T19:34:19.987+0000] {dag.py:3036} INFO - Sync 1 DAGs
[2025-05-07T19:34:20.006+0000] {logging_mixin.py:188} INFO - [2025-05-07T19:34:20.006+0000] {dag.py:3823} INFO - Setting next_dagrun for example_short_circuit_decorator to 2025-05-06 00:00:00+00:00, run_after=2025-05-07 00:00:00+00:00
[2025-05-07T19:34:20.029+0000] {processor.py:183} INFO - Processing /home/airflow/.local/lib/python3.8/site-packages/airflow/example_dags/example_short_circuit_decorator.py took 0.083 seconds
[2025-05-07T19:34:50.410+0000] {processor.py:161} INFO - Started process (PID=257) to work on /home/airflow/.local/lib/python3.8/site-packages/airflow/example_dags/example_short_circuit_decorator.py
[2025-05-07T19:34:50.412+0000] {processor.py:830} INFO - Processing file /home/airflow/.local/lib/python3.8/site-packages/airflow/example_dags/example_short_circuit_decorator.py for tasks to queue
[2025-05-07T19:34:50.415+0000] {logging_mixin.py:188} INFO - [2025-05-07T19:34:50.414+0000] {dagbag.py:538} INFO - Filling up the DagBag from /home/airflow/.local/lib/python3.8/site-packages/airflow/example_dags/example_short_circuit_decorator.py
[2025-05-07T19:34:50.427+0000] {processor.py:840} INFO - DAG(s) 'example_short_circuit_decorator' retrieved from /home/airflow/.local/lib/python3.8/site-packages/airflow/example_dags/example_short_circuit_decorator.py
[2025-05-07T19:34:50.453+0000] {logging_mixin.py:188} INFO - [2025-05-07T19:34:50.452+0000] {dag.py:3036} INFO - Sync 1 DAGs
[2025-05-07T19:34:50.477+0000] {logging_mixin.py:188} INFO - [2025-05-07T19:34:50.477+0000] {dag.py:3823} INFO - Setting next_dagrun for example_short_circuit_decorator to 2025-05-06 00:00:00+00:00, run_after=2025-05-07 00:00:00+00:00
[2025-05-07T19:34:50.500+0000] {processor.py:183} INFO - Processing /home/airflow/.local/lib/python3.8/site-packages/airflow/example_dags/example_short_circuit_decorator.py took 0.095 seconds
[2025-05-07T19:35:21.449+0000] {processor.py:161} INFO - Started process (PID=314) to work on /home/airflow/.local/lib/python3.8/site-packages/airflow/example_dags/example_short_circuit_decorator.py
[2025-05-07T19:35:21.452+0000] {processor.py:830} INFO - Processing file /home/airflow/.local/lib/python3.8/site-packages/airflow/example_dags/example_short_circuit_decorator.py for tasks to queue
[2025-05-07T19:35:21.456+0000] {logging_mixin.py:188} INFO - [2025-05-07T19:35:21.456+0000] {dagbag.py:538} INFO - Filling up the DagBag from /home/airflow/.local/lib/python3.8/site-packages/airflow/example_dags/example_short_circuit_decorator.py
[2025-05-07T19:35:21.472+0000] {processor.py:840} INFO - DAG(s) 'example_short_circuit_decorator' retrieved from /home/airflow/.local/lib/python3.8/site-packages/airflow/example_dags/example_short_circuit_decorator.py
[2025-05-07T19:35:21.497+0000] {logging_mixin.py:188} INFO - [2025-05-07T19:35:21.496+0000] {dag.py:3036} INFO - Sync 1 DAGs
[2025-05-07T19:35:21.517+0000] {logging_mixin.py:188} INFO - [2025-05-07T19:35:21.517+0000] {dag.py:3823} INFO - Setting next_dagrun for example_short_circuit_decorator to 2025-05-06 00:00:00+00:00, run_after=2025-05-07 00:00:00+00:00
[2025-05-07T19:35:21.539+0000] {processor.py:183} INFO - Processing /home/airflow/.local/lib/python3.8/site-packages/airflow/example_dags/example_short_circuit_decorator.py took 0.095 seconds
[2025-05-07T19:35:51.675+0000] {processor.py:161} INFO - Started process (PID=372) to work on /home/airflow/.local/lib/python3.8/site-packages/airflow/example_dags/example_short_circuit_decorator.py
[2025-05-07T19:35:51.676+0000] {processor.py:830} INFO - Processing file /home/airflow/.local/lib/python3.8/site-packages/airflow/example_dags/example_short_circuit_decorator.py for tasks to queue
[2025-05-07T19:35:51.678+0000] {logging_mixin.py:188} INFO - [2025-05-07T19:35:51.678+0000] {dagbag.py:538} INFO - Filling up the DagBag from /home/airflow/.local/lib/python3.8/site-packages/airflow/example_dags/example_short_circuit_decorator.py
[2025-05-07T19:35:51.687+0000] {processor.py:840} INFO - DAG(s) 'example_short_circuit_decorator' retrieved from /home/airflow/.local/lib/python3.8/site-packages/airflow/example_dags/example_short_circuit_decorator.py
[2025-05-07T19:35:51.709+0000] {logging_mixin.py:188} INFO - [2025-05-07T19:35:51.709+0000] {dag.py:3036} INFO - Sync 1 DAGs
[2025-05-07T19:35:51.728+0000] {logging_mixin.py:188} INFO - [2025-05-07T19:35:51.728+0000] {dag.py:3823} INFO - Setting next_dagrun for example_short_circuit_decorator to 2025-05-06 00:00:00+00:00, run_after=2025-05-07 00:00:00+00:00
[2025-05-07T19:35:51.751+0000] {processor.py:183} INFO - Processing /home/airflow/.local/lib/python3.8/site-packages/airflow/example_dags/example_short_circuit_decorator.py took 0.079 seconds
[2025-05-07T19:36:22.103+0000] {processor.py:161} INFO - Started process (PID=428) to work on /home/airflow/.local/lib/python3.8/site-packages/airflow/example_dags/example_short_circuit_decorator.py
[2025-05-07T19:36:22.104+0000] {processor.py:830} INFO - Processing file /home/airflow/.local/lib/python3.8/site-packages/airflow/example_dags/example_short_circuit_decorator.py for tasks to queue
[2025-05-07T19:36:22.108+0000] {logging_mixin.py:188} INFO - [2025-05-07T19:36:22.107+0000] {dagbag.py:538} INFO - Filling up the DagBag from /home/airflow/.local/lib/python3.8/site-packages/airflow/example_dags/example_short_circuit_decorator.py
[2025-05-07T19:36:22.121+0000] {processor.py:840} INFO - DAG(s) 'example_short_circuit_decorator' retrieved from /home/airflow/.local/lib/python3.8/site-packages/airflow/example_dags/example_short_circuit_decorator.py
[2025-05-07T19:36:22.153+0000] {logging_mixin.py:188} INFO - [2025-05-07T19:36:22.153+0000] {dag.py:3036} INFO - Sync 1 DAGs
[2025-05-07T19:36:22.177+0000] {logging_mixin.py:188} INFO - [2025-05-07T19:36:22.176+0000] {dag.py:3823} INFO - Setting next_dagrun for example_short_circuit_decorator to 2025-05-06 00:00:00+00:00, run_after=2025-05-07 00:00:00+00:00
[2025-05-07T19:36:22.198+0000] {processor.py:183} INFO - Processing /home/airflow/.local/lib/python3.8/site-packages/airflow/example_dags/example_short_circuit_decorator.py took 0.100 seconds
[2025-05-07T19:36:52.637+0000] {processor.py:161} INFO - Started process (PID=485) to work on /home/airflow/.local/lib/python3.8/site-packages/airflow/example_dags/example_short_circuit_decorator.py
[2025-05-07T19:36:52.639+0000] {processor.py:830} INFO - Processing file /home/airflow/.local/lib/python3.8/site-packages/airflow/example_dags/example_short_circuit_decorator.py for tasks to queue
[2025-05-07T19:36:52.641+0000] {logging_mixin.py:188} INFO - [2025-05-07T19:36:52.641+0000] {dagbag.py:538} INFO - Filling up the DagBag from /home/airflow/.local/lib/python3.8/site-packages/airflow/example_dags/example_short_circuit_decorator.py
[2025-05-07T19:36:52.651+0000] {processor.py:840} INFO - DAG(s) 'example_short_circuit_decorator' retrieved from /home/airflow/.local/lib/python3.8/site-packages/airflow/example_dags/example_short_circuit_decorator.py
[2025-05-07T19:36:52.673+0000] {logging_mixin.py:188} INFO - [2025-05-07T19:36:52.673+0000] {dag.py:3036} INFO - Sync 1 DAGs
[2025-05-07T19:36:52.697+0000] {logging_mixin.py:188} INFO - [2025-05-07T19:36:52.697+0000] {dag.py:3823} INFO - Setting next_dagrun for example_short_circuit_decorator to 2025-05-06 00:00:00+00:00, run_after=2025-05-07 00:00:00+00:00
[2025-05-07T19:36:52.723+0000] {processor.py:183} INFO - Processing /home/airflow/.local/lib/python3.8/site-packages/airflow/example_dags/example_short_circuit_decorator.py took 0.089 seconds
[2025-05-07T19:37:23.743+0000] {processor.py:161} INFO - Started process (PID=542) to work on /home/airflow/.local/lib/python3.8/site-packages/airflow/example_dags/example_short_circuit_decorator.py
[2025-05-07T19:37:23.745+0000] {processor.py:830} INFO - Processing file /home/airflow/.local/lib/python3.8/site-packages/airflow/example_dags/example_short_circuit_decorator.py for tasks to queue
[2025-05-07T19:37:23.750+0000] {logging_mixin.py:188} INFO - [2025-05-07T19:37:23.749+0000] {dagbag.py:538} INFO - Filling up the DagBag from /home/airflow/.local/lib/python3.8/site-packages/airflow/example_dags/example_short_circuit_decorator.py
[2025-05-07T19:37:23.769+0000] {processor.py:840} INFO - DAG(s) 'example_short_circuit_decorator' retrieved from /home/airflow/.local/lib/python3.8/site-packages/airflow/example_dags/example_short_circuit_decorator.py
[2025-05-07T19:37:23.817+0000] {logging_mixin.py:188} INFO - [2025-05-07T19:37:23.816+0000] {dag.py:3036} INFO - Sync 1 DAGs
[2025-05-07T19:37:23.856+0000] {logging_mixin.py:188} INFO - [2025-05-07T19:37:23.855+0000] {dag.py:3823} INFO - Setting next_dagrun for example_short_circuit_decorator to 2025-05-06 00:00:00+00:00, run_after=2025-05-07 00:00:00+00:00
[2025-05-07T19:37:23.894+0000] {processor.py:183} INFO - Processing /home/airflow/.local/lib/python3.8/site-packages/airflow/example_dags/example_short_circuit_decorator.py took 0.158 seconds
[2025-05-07T19:37:54.103+0000] {processor.py:161} INFO - Started process (PID=599) to work on /home/airflow/.local/lib/python3.8/site-packages/airflow/example_dags/example_short_circuit_decorator.py
[2025-05-07T19:37:54.105+0000] {processor.py:830} INFO - Processing file /home/airflow/.local/lib/python3.8/site-packages/airflow/example_dags/example_short_circuit_decorator.py for tasks to queue
[2025-05-07T19:37:54.108+0000] {logging_mixin.py:188} INFO - [2025-05-07T19:37:54.108+0000] {dagbag.py:538} INFO - Filling up the DagBag from /home/airflow/.local/lib/python3.8/site-packages/airflow/example_dags/example_short_circuit_decorator.py
[2025-05-07T19:37:54.117+0000] {processor.py:840} INFO - DAG(s) 'example_short_circuit_decorator' retrieved from /home/airflow/.local/lib/python3.8/site-packages/airflow/example_dags/example_short_circuit_decorator.py
[2025-05-07T19:37:54.139+0000] {logging_mixin.py:188} INFO - [2025-05-07T19:37:54.139+0000] {dag.py:3036} INFO - Sync 1 DAGs
[2025-05-07T19:37:54.162+0000] {logging_mixin.py:188} INFO - [2025-05-07T19:37:54.162+0000] {dag.py:3823} INFO - Setting next_dagrun for example_short_circuit_decorator to 2025-05-06 00:00:00+00:00, run_after=2025-05-07 00:00:00+00:00
[2025-05-07T19:37:54.186+0000] {processor.py:183} INFO - Processing /home/airflow/.local/lib/python3.8/site-packages/airflow/example_dags/example_short_circuit_decorator.py took 0.087 seconds
[2025-05-07T19:38:24.840+0000] {processor.py:161} INFO - Started process (PID=656) to work on /home/airflow/.local/lib/python3.8/site-packages/airflow/example_dags/example_short_circuit_decorator.py
[2025-05-07T19:38:24.841+0000] {processor.py:830} INFO - Processing file /home/airflow/.local/lib/python3.8/site-packages/airflow/example_dags/example_short_circuit_decorator.py for tasks to queue
[2025-05-07T19:38:24.845+0000] {logging_mixin.py:188} INFO - [2025-05-07T19:38:24.845+0000] {dagbag.py:538} INFO - Filling up the DagBag from /home/airflow/.local/lib/python3.8/site-packages/airflow/example_dags/example_short_circuit_decorator.py
[2025-05-07T19:38:24.859+0000] {processor.py:840} INFO - DAG(s) 'example_short_circuit_decorator' retrieved from /home/airflow/.local/lib/python3.8/site-packages/airflow/example_dags/example_short_circuit_decorator.py
[2025-05-07T19:38:24.900+0000] {logging_mixin.py:188} INFO - [2025-05-07T19:38:24.899+0000] {dag.py:3036} INFO - Sync 1 DAGs
[2025-05-07T19:38:24.935+0000] {logging_mixin.py:188} INFO - [2025-05-07T19:38:24.935+0000] {dag.py:3823} INFO - Setting next_dagrun for example_short_circuit_decorator to 2025-05-06 00:00:00+00:00, run_after=2025-05-07 00:00:00+00:00
[2025-05-07T19:38:24.982+0000] {processor.py:183} INFO - Processing /home/airflow/.local/lib/python3.8/site-packages/airflow/example_dags/example_short_circuit_decorator.py took 0.146 seconds
[2025-05-07T19:38:55.453+0000] {processor.py:161} INFO - Started process (PID=713) to work on /home/airflow/.local/lib/python3.8/site-packages/airflow/example_dags/example_short_circuit_decorator.py
[2025-05-07T19:38:55.456+0000] {processor.py:830} INFO - Processing file /home/airflow/.local/lib/python3.8/site-packages/airflow/example_dags/example_short_circuit_decorator.py for tasks to queue
[2025-05-07T19:38:55.459+0000] {logging_mixin.py:188} INFO - [2025-05-07T19:38:55.458+0000] {dagbag.py:538} INFO - Filling up the DagBag from /home/airflow/.local/lib/python3.8/site-packages/airflow/example_dags/example_short_circuit_decorator.py
[2025-05-07T19:38:55.470+0000] {processor.py:840} INFO - DAG(s) 'example_short_circuit_decorator' retrieved from /home/airflow/.local/lib/python3.8/site-packages/airflow/example_dags/example_short_circuit_decorator.py
[2025-05-07T19:38:55.499+0000] {logging_mixin.py:188} INFO - [2025-05-07T19:38:55.499+0000] {dag.py:3036} INFO - Sync 1 DAGs
[2025-05-07T19:38:55.524+0000] {logging_mixin.py:188} INFO - [2025-05-07T19:38:55.524+0000] {dag.py:3823} INFO - Setting next_dagrun for example_short_circuit_decorator to 2025-05-06 00:00:00+00:00, run_after=2025-05-07 00:00:00+00:00
[2025-05-07T19:38:55.554+0000] {processor.py:183} INFO - Processing /home/airflow/.local/lib/python3.8/site-packages/airflow/example_dags/example_short_circuit_decorator.py took 0.104 seconds
[2025-05-07T19:39:25.993+0000] {processor.py:161} INFO - Started process (PID=770) to work on /home/airflow/.local/lib/python3.8/site-packages/airflow/example_dags/example_short_circuit_decorator.py
[2025-05-07T19:39:25.995+0000] {processor.py:830} INFO - Processing file /home/airflow/.local/lib/python3.8/site-packages/airflow/example_dags/example_short_circuit_decorator.py for tasks to queue
[2025-05-07T19:39:25.997+0000] {logging_mixin.py:188} INFO - [2025-05-07T19:39:25.997+0000] {dagbag.py:538} INFO - Filling up the DagBag from /home/airflow/.local/lib/python3.8/site-packages/airflow/example_dags/example_short_circuit_decorator.py
[2025-05-07T19:39:26.007+0000] {processor.py:840} INFO - DAG(s) 'example_short_circuit_decorator' retrieved from /home/airflow/.local/lib/python3.8/site-packages/airflow/example_dags/example_short_circuit_decorator.py
[2025-05-07T19:39:26.036+0000] {logging_mixin.py:188} INFO - [2025-05-07T19:39:26.036+0000] {dag.py:3036} INFO - Sync 1 DAGs
[2025-05-07T19:39:26.059+0000] {logging_mixin.py:188} INFO - [2025-05-07T19:39:26.059+0000] {dag.py:3823} INFO - Setting next_dagrun for example_short_circuit_decorator to 2025-05-06 00:00:00+00:00, run_after=2025-05-07 00:00:00+00:00
[2025-05-07T19:39:26.081+0000] {processor.py:183} INFO - Processing /home/airflow/.local/lib/python3.8/site-packages/airflow/example_dags/example_short_circuit_decorator.py took 0.091 seconds
[2025-05-07T19:39:56.314+0000] {processor.py:161} INFO - Started process (PID=827) to work on /home/airflow/.local/lib/python3.8/site-packages/airflow/example_dags/example_short_circuit_decorator.py
[2025-05-07T19:39:56.315+0000] {processor.py:830} INFO - Processing file /home/airflow/.local/lib/python3.8/site-packages/airflow/example_dags/example_short_circuit_decorator.py for tasks to queue
[2025-05-07T19:39:56.317+0000] {logging_mixin.py:188} INFO - [2025-05-07T19:39:56.317+0000] {dagbag.py:538} INFO - Filling up the DagBag from /home/airflow/.local/lib/python3.8/site-packages/airflow/example_dags/example_short_circuit_decorator.py
[2025-05-07T19:39:56.326+0000] {processor.py:840} INFO - DAG(s) 'example_short_circuit_decorator' retrieved from /home/airflow/.local/lib/python3.8/site-packages/airflow/example_dags/example_short_circuit_decorator.py
[2025-05-07T19:39:56.347+0000] {logging_mixin.py:188} INFO - [2025-05-07T19:39:56.347+0000] {dag.py:3036} INFO - Sync 1 DAGs
[2025-05-07T19:39:56.367+0000] {logging_mixin.py:188} INFO - [2025-05-07T19:39:56.367+0000] {dag.py:3823} INFO - Setting next_dagrun for example_short_circuit_decorator to 2025-05-06 00:00:00+00:00, run_after=2025-05-07 00:00:00+00:00
[2025-05-07T19:39:56.390+0000] {processor.py:183} INFO - Processing /home/airflow/.local/lib/python3.8/site-packages/airflow/example_dags/example_short_circuit_decorator.py took 0.078 seconds
[2025-05-07T19:40:26.501+0000] {processor.py:161} INFO - Started process (PID=884) to work on /home/airflow/.local/lib/python3.8/site-packages/airflow/example_dags/example_short_circuit_decorator.py
[2025-05-07T19:40:26.503+0000] {processor.py:830} INFO - Processing file /home/airflow/.local/lib/python3.8/site-packages/airflow/example_dags/example_short_circuit_decorator.py for tasks to queue
[2025-05-07T19:40:26.505+0000] {logging_mixin.py:188} INFO - [2025-05-07T19:40:26.505+0000] {dagbag.py:538} INFO - Filling up the DagBag from /home/airflow/.local/lib/python3.8/site-packages/airflow/example_dags/example_short_circuit_decorator.py
[2025-05-07T19:40:26.516+0000] {processor.py:840} INFO - DAG(s) 'example_short_circuit_decorator' retrieved from /home/airflow/.local/lib/python3.8/site-packages/airflow/example_dags/example_short_circuit_decorator.py
[2025-05-07T19:40:26.541+0000] {logging_mixin.py:188} INFO - [2025-05-07T19:40:26.541+0000] {dag.py:3036} INFO - Sync 1 DAGs
[2025-05-07T19:40:26.566+0000] {logging_mixin.py:188} INFO - [2025-05-07T19:40:26.566+0000] {dag.py:3823} INFO - Setting next_dagrun for example_short_circuit_decorator to 2025-05-06 00:00:00+00:00, run_after=2025-05-07 00:00:00+00:00
[2025-05-07T19:40:26.594+0000] {processor.py:183} INFO - Processing /home/airflow/.local/lib/python3.8/site-packages/airflow/example_dags/example_short_circuit_decorator.py took 0.096 seconds
[2025-05-07T19:40:57.421+0000] {processor.py:161} INFO - Started process (PID=941) to work on /home/airflow/.local/lib/python3.8/site-packages/airflow/example_dags/example_short_circuit_decorator.py
[2025-05-07T19:40:57.427+0000] {processor.py:830} INFO - Processing file /home/airflow/.local/lib/python3.8/site-packages/airflow/example_dags/example_short_circuit_decorator.py for tasks to queue
[2025-05-07T19:40:57.436+0000] {logging_mixin.py:188} INFO - [2025-05-07T19:40:57.435+0000] {dagbag.py:538} INFO - Filling up the DagBag from /home/airflow/.local/lib/python3.8/site-packages/airflow/example_dags/example_short_circuit_decorator.py
[2025-05-07T19:40:57.456+0000] {processor.py:840} INFO - DAG(s) 'example_short_circuit_decorator' retrieved from /home/airflow/.local/lib/python3.8/site-packages/airflow/example_dags/example_short_circuit_decorator.py
[2025-05-07T19:40:57.499+0000] {logging_mixin.py:188} INFO - [2025-05-07T19:40:57.498+0000] {dag.py:3036} INFO - Sync 1 DAGs
[2025-05-07T19:40:57.526+0000] {logging_mixin.py:188} INFO - [2025-05-07T19:40:57.526+0000] {dag.py:3823} INFO - Setting next_dagrun for example_short_circuit_decorator to 2025-05-06 00:00:00+00:00, run_after=2025-05-07 00:00:00+00:00
[2025-05-07T19:40:57.550+0000] {processor.py:183} INFO - Processing /home/airflow/.local/lib/python3.8/site-packages/airflow/example_dags/example_short_circuit_decorator.py took 0.133 seconds
[2025-05-07T19:41:27.959+0000] {processor.py:161} INFO - Started process (PID=998) to work on /home/airflow/.local/lib/python3.8/site-packages/airflow/example_dags/example_short_circuit_decorator.py
[2025-05-07T19:41:27.960+0000] {processor.py:830} INFO - Processing file /home/airflow/.local/lib/python3.8/site-packages/airflow/example_dags/example_short_circuit_decorator.py for tasks to queue
[2025-05-07T19:41:27.962+0000] {logging_mixin.py:188} INFO - [2025-05-07T19:41:27.962+0000] {dagbag.py:538} INFO - Filling up the DagBag from /home/airflow/.local/lib/python3.8/site-packages/airflow/example_dags/example_short_circuit_decorator.py
[2025-05-07T19:41:27.971+0000] {processor.py:840} INFO - DAG(s) 'example_short_circuit_decorator' retrieved from /home/airflow/.local/lib/python3.8/site-packages/airflow/example_dags/example_short_circuit_decorator.py
[2025-05-07T19:41:27.995+0000] {logging_mixin.py:188} INFO - [2025-05-07T19:41:27.995+0000] {dag.py:3036} INFO - Sync 1 DAGs
[2025-05-07T19:41:28.017+0000] {logging_mixin.py:188} INFO - [2025-05-07T19:41:28.016+0000] {dag.py:3823} INFO - Setting next_dagrun for example_short_circuit_decorator to 2025-05-06 00:00:00+00:00, run_after=2025-05-07 00:00:00+00:00
[2025-05-07T19:41:28.039+0000] {processor.py:183} INFO - Processing /home/airflow/.local/lib/python3.8/site-packages/airflow/example_dags/example_short_circuit_decorator.py took 0.084 seconds
[2025-05-07T19:41:58.565+0000] {processor.py:161} INFO - Started process (PID=1056) to work on /home/airflow/.local/lib/python3.8/site-packages/airflow/example_dags/example_short_circuit_decorator.py
[2025-05-07T19:41:58.566+0000] {processor.py:830} INFO - Processing file /home/airflow/.local/lib/python3.8/site-packages/airflow/example_dags/example_short_circuit_decorator.py for tasks to queue
[2025-05-07T19:41:58.568+0000] {logging_mixin.py:188} INFO - [2025-05-07T19:41:58.567+0000] {dagbag.py:538} INFO - Filling up the DagBag from /home/airflow/.local/lib/python3.8/site-packages/airflow/example_dags/example_short_circuit_decorator.py
[2025-05-07T19:41:58.577+0000] {processor.py:840} INFO - DAG(s) 'example_short_circuit_decorator' retrieved from /home/airflow/.local/lib/python3.8/site-packages/airflow/example_dags/example_short_circuit_decorator.py
[2025-05-07T19:41:58.600+0000] {logging_mixin.py:188} INFO - [2025-05-07T19:41:58.600+0000] {dag.py:3036} INFO - Sync 1 DAGs
[2025-05-07T19:41:58.624+0000] {logging_mixin.py:188} INFO - [2025-05-07T19:41:58.624+0000] {dag.py:3823} INFO - Setting next_dagrun for example_short_circuit_decorator to 2025-05-06 00:00:00+00:00, run_after=2025-05-07 00:00:00+00:00
[2025-05-07T19:41:58.645+0000] {processor.py:183} INFO - Processing /home/airflow/.local/lib/python3.8/site-packages/airflow/example_dags/example_short_circuit_decorator.py took 0.083 seconds
[2025-05-07T19:42:29.145+0000] {processor.py:161} INFO - Started process (PID=1112) to work on /home/airflow/.local/lib/python3.8/site-packages/airflow/example_dags/example_short_circuit_decorator.py
[2025-05-07T19:42:29.146+0000] {processor.py:830} INFO - Processing file /home/airflow/.local/lib/python3.8/site-packages/airflow/example_dags/example_short_circuit_decorator.py for tasks to queue
[2025-05-07T19:42:29.148+0000] {logging_mixin.py:188} INFO - [2025-05-07T19:42:29.148+0000] {dagbag.py:538} INFO - Filling up the DagBag from /home/airflow/.local/lib/python3.8/site-packages/airflow/example_dags/example_short_circuit_decorator.py
[2025-05-07T19:42:29.156+0000] {processor.py:840} INFO - DAG(s) 'example_short_circuit_decorator' retrieved from /home/airflow/.local/lib/python3.8/site-packages/airflow/example_dags/example_short_circuit_decorator.py
[2025-05-07T19:42:29.179+0000] {logging_mixin.py:188} INFO - [2025-05-07T19:42:29.178+0000] {dag.py:3036} INFO - Sync 1 DAGs
[2025-05-07T19:42:29.199+0000] {logging_mixin.py:188} INFO - [2025-05-07T19:42:29.199+0000] {dag.py:3823} INFO - Setting next_dagrun for example_short_circuit_decorator to 2025-05-06 00:00:00+00:00, run_after=2025-05-07 00:00:00+00:00
[2025-05-07T19:42:29.220+0000] {processor.py:183} INFO - Processing /home/airflow/.local/lib/python3.8/site-packages/airflow/example_dags/example_short_circuit_decorator.py took 0.079 seconds
[2025-05-07T19:42:59.901+0000] {processor.py:161} INFO - Started process (PID=1169) to work on /home/airflow/.local/lib/python3.8/site-packages/airflow/example_dags/example_short_circuit_decorator.py
[2025-05-07T19:42:59.903+0000] {processor.py:830} INFO - Processing file /home/airflow/.local/lib/python3.8/site-packages/airflow/example_dags/example_short_circuit_decorator.py for tasks to queue
[2025-05-07T19:42:59.905+0000] {logging_mixin.py:188} INFO - [2025-05-07T19:42:59.904+0000] {dagbag.py:538} INFO - Filling up the DagBag from /home/airflow/.local/lib/python3.8/site-packages/airflow/example_dags/example_short_circuit_decorator.py
[2025-05-07T19:42:59.913+0000] {processor.py:840} INFO - DAG(s) 'example_short_circuit_decorator' retrieved from /home/airflow/.local/lib/python3.8/site-packages/airflow/example_dags/example_short_circuit_decorator.py
[2025-05-07T19:42:59.938+0000] {logging_mixin.py:188} INFO - [2025-05-07T19:42:59.937+0000] {dag.py:3036} INFO - Sync 1 DAGs
[2025-05-07T19:42:59.967+0000] {logging_mixin.py:188} INFO - [2025-05-07T19:42:59.967+0000] {dag.py:3823} INFO - Setting next_dagrun for example_short_circuit_decorator to 2025-05-06 00:00:00+00:00, run_after=2025-05-07 00:00:00+00:00
[2025-05-07T19:42:59.994+0000] {processor.py:183} INFO - Processing /home/airflow/.local/lib/python3.8/site-packages/airflow/example_dags/example_short_circuit_decorator.py took 0.096 seconds
[2025-05-07T19:43:31.015+0000] {processor.py:161} INFO - Started process (PID=1226) to work on /home/airflow/.local/lib/python3.8/site-packages/airflow/example_dags/example_short_circuit_decorator.py
[2025-05-07T19:43:31.017+0000] {processor.py:830} INFO - Processing file /home/airflow/.local/lib/python3.8/site-packages/airflow/example_dags/example_short_circuit_decorator.py for tasks to queue
[2025-05-07T19:43:31.019+0000] {logging_mixin.py:188} INFO - [2025-05-07T19:43:31.018+0000] {dagbag.py:538} INFO - Filling up the DagBag from /home/airflow/.local/lib/python3.8/site-packages/airflow/example_dags/example_short_circuit_decorator.py
[2025-05-07T19:43:31.027+0000] {processor.py:840} INFO - DAG(s) 'example_short_circuit_decorator' retrieved from /home/airflow/.local/lib/python3.8/site-packages/airflow/example_dags/example_short_circuit_decorator.py
[2025-05-07T19:43:31.049+0000] {logging_mixin.py:188} INFO - [2025-05-07T19:43:31.048+0000] {dag.py:3036} INFO - Sync 1 DAGs
[2025-05-07T19:43:31.068+0000] {logging_mixin.py:188} INFO - [2025-05-07T19:43:31.068+0000] {dag.py:3823} INFO - Setting next_dagrun for example_short_circuit_decorator to 2025-05-06 00:00:00+00:00, run_after=2025-05-07 00:00:00+00:00
[2025-05-07T19:43:31.087+0000] {processor.py:183} INFO - Processing /home/airflow/.local/lib/python3.8/site-packages/airflow/example_dags/example_short_circuit_decorator.py took 0.075 seconds
[2025-05-07T19:44:01.405+0000] {processor.py:161} INFO - Started process (PID=1283) to work on /home/airflow/.local/lib/python3.8/site-packages/airflow/example_dags/example_short_circuit_decorator.py
[2025-05-07T19:44:01.410+0000] {processor.py:830} INFO - Processing file /home/airflow/.local/lib/python3.8/site-packages/airflow/example_dags/example_short_circuit_decorator.py for tasks to queue
[2025-05-07T19:44:01.414+0000] {logging_mixin.py:188} INFO - [2025-05-07T19:44:01.413+0000] {dagbag.py:538} INFO - Filling up the DagBag from /home/airflow/.local/lib/python3.8/site-packages/airflow/example_dags/example_short_circuit_decorator.py
[2025-05-07T19:44:01.423+0000] {processor.py:840} INFO - DAG(s) 'example_short_circuit_decorator' retrieved from /home/airflow/.local/lib/python3.8/site-packages/airflow/example_dags/example_short_circuit_decorator.py
[2025-05-07T19:44:01.450+0000] {logging_mixin.py:188} INFO - [2025-05-07T19:44:01.449+0000] {dag.py:3036} INFO - Sync 1 DAGs
[2025-05-07T19:44:01.471+0000] {logging_mixin.py:188} INFO - [2025-05-07T19:44:01.471+0000] {dag.py:3823} INFO - Setting next_dagrun for example_short_circuit_decorator to 2025-05-06 00:00:00+00:00, run_after=2025-05-07 00:00:00+00:00
[2025-05-07T19:44:01.494+0000] {processor.py:183} INFO - Processing /home/airflow/.local/lib/python3.8/site-packages/airflow/example_dags/example_short_circuit_decorator.py took 0.092 seconds
[2025-05-07T19:44:31.733+0000] {processor.py:161} INFO - Started process (PID=1340) to work on /home/airflow/.local/lib/python3.8/site-packages/airflow/example_dags/example_short_circuit_decorator.py
[2025-05-07T19:44:31.734+0000] {processor.py:830} INFO - Processing file /home/airflow/.local/lib/python3.8/site-packages/airflow/example_dags/example_short_circuit_decorator.py for tasks to queue
[2025-05-07T19:44:31.736+0000] {logging_mixin.py:188} INFO - [2025-05-07T19:44:31.736+0000] {dagbag.py:538} INFO - Filling up the DagBag from /home/airflow/.local/lib/python3.8/site-packages/airflow/example_dags/example_short_circuit_decorator.py
[2025-05-07T19:44:31.746+0000] {processor.py:840} INFO - DAG(s) 'example_short_circuit_decorator' retrieved from /home/airflow/.local/lib/python3.8/site-packages/airflow/example_dags/example_short_circuit_decorator.py
[2025-05-07T19:44:31.767+0000] {logging_mixin.py:188} INFO - [2025-05-07T19:44:31.767+0000] {dag.py:3036} INFO - Sync 1 DAGs
[2025-05-07T19:44:31.789+0000] {logging_mixin.py:188} INFO - [2025-05-07T19:44:31.789+0000] {dag.py:3823} INFO - Setting next_dagrun for example_short_circuit_decorator to 2025-05-06 00:00:00+00:00, run_after=2025-05-07 00:00:00+00:00
[2025-05-07T19:44:31.811+0000] {processor.py:183} INFO - Processing /home/airflow/.local/lib/python3.8/site-packages/airflow/example_dags/example_short_circuit_decorator.py took 0.081 seconds
[2025-05-07T19:45:02.225+0000] {processor.py:161} INFO - Started process (PID=1397) to work on /home/airflow/.local/lib/python3.8/site-packages/airflow/example_dags/example_short_circuit_decorator.py
[2025-05-07T19:45:02.227+0000] {processor.py:830} INFO - Processing file /home/airflow/.local/lib/python3.8/site-packages/airflow/example_dags/example_short_circuit_decorator.py for tasks to queue
[2025-05-07T19:45:02.229+0000] {logging_mixin.py:188} INFO - [2025-05-07T19:45:02.229+0000] {dagbag.py:538} INFO - Filling up the DagBag from /home/airflow/.local/lib/python3.8/site-packages/airflow/example_dags/example_short_circuit_decorator.py
[2025-05-07T19:45:02.239+0000] {processor.py:840} INFO - DAG(s) 'example_short_circuit_decorator' retrieved from /home/airflow/.local/lib/python3.8/site-packages/airflow/example_dags/example_short_circuit_decorator.py
[2025-05-07T19:45:02.263+0000] {logging_mixin.py:188} INFO - [2025-05-07T19:45:02.263+0000] {dag.py:3036} INFO - Sync 1 DAGs
[2025-05-07T19:45:02.286+0000] {logging_mixin.py:188} INFO - [2025-05-07T19:45:02.286+0000] {dag.py:3823} INFO - Setting next_dagrun for example_short_circuit_decorator to 2025-05-06 00:00:00+00:00, run_after=2025-05-07 00:00:00+00:00
[2025-05-07T19:45:02.308+0000] {processor.py:183} INFO - Processing /home/airflow/.local/lib/python3.8/site-packages/airflow/example_dags/example_short_circuit_decorator.py took 0.086 seconds
[2025-05-07T19:45:32.937+0000] {processor.py:161} INFO - Started process (PID=1454) to work on /home/airflow/.local/lib/python3.8/site-packages/airflow/example_dags/example_short_circuit_decorator.py
[2025-05-07T19:45:32.939+0000] {processor.py:830} INFO - Processing file /home/airflow/.local/lib/python3.8/site-packages/airflow/example_dags/example_short_circuit_decorator.py for tasks to queue
[2025-05-07T19:45:32.942+0000] {logging_mixin.py:188} INFO - [2025-05-07T19:45:32.942+0000] {dagbag.py:538} INFO - Filling up the DagBag from /home/airflow/.local/lib/python3.8/site-packages/airflow/example_dags/example_short_circuit_decorator.py
[2025-05-07T19:45:32.952+0000] {processor.py:840} INFO - DAG(s) 'example_short_circuit_decorator' retrieved from /home/airflow/.local/lib/python3.8/site-packages/airflow/example_dags/example_short_circuit_decorator.py
[2025-05-07T19:45:32.975+0000] {logging_mixin.py:188} INFO - [2025-05-07T19:45:32.975+0000] {dag.py:3036} INFO - Sync 1 DAGs
[2025-05-07T19:45:32.999+0000] {logging_mixin.py:188} INFO - [2025-05-07T19:45:32.999+0000] {dag.py:3823} INFO - Setting next_dagrun for example_short_circuit_decorator to 2025-05-06 00:00:00+00:00, run_after=2025-05-07 00:00:00+00:00
[2025-05-07T19:45:33.022+0000] {processor.py:183} INFO - Processing /home/airflow/.local/lib/python3.8/site-packages/airflow/example_dags/example_short_circuit_decorator.py took 0.089 seconds
[2025-05-07T19:46:03.475+0000] {processor.py:161} INFO - Started process (PID=1511) to work on /home/airflow/.local/lib/python3.8/site-packages/airflow/example_dags/example_short_circuit_decorator.py
[2025-05-07T19:46:03.476+0000] {processor.py:830} INFO - Processing file /home/airflow/.local/lib/python3.8/site-packages/airflow/example_dags/example_short_circuit_decorator.py for tasks to queue
[2025-05-07T19:46:03.478+0000] {logging_mixin.py:188} INFO - [2025-05-07T19:46:03.478+0000] {dagbag.py:538} INFO - Filling up the DagBag from /home/airflow/.local/lib/python3.8/site-packages/airflow/example_dags/example_short_circuit_decorator.py
[2025-05-07T19:46:03.487+0000] {processor.py:840} INFO - DAG(s) 'example_short_circuit_decorator' retrieved from /home/airflow/.local/lib/python3.8/site-packages/airflow/example_dags/example_short_circuit_decorator.py
[2025-05-07T19:46:03.509+0000] {logging_mixin.py:188} INFO - [2025-05-07T19:46:03.509+0000] {dag.py:3036} INFO - Sync 1 DAGs
[2025-05-07T19:46:03.529+0000] {logging_mixin.py:188} INFO - [2025-05-07T19:46:03.529+0000] {dag.py:3823} INFO - Setting next_dagrun for example_short_circuit_decorator to 2025-05-06 00:00:00+00:00, run_after=2025-05-07 00:00:00+00:00
[2025-05-07T19:46:03.551+0000] {processor.py:183} INFO - Processing /home/airflow/.local/lib/python3.8/site-packages/airflow/example_dags/example_short_circuit_decorator.py took 0.081 seconds
[2025-05-07T19:46:33.846+0000] {processor.py:161} INFO - Started process (PID=1568) to work on /home/airflow/.local/lib/python3.8/site-packages/airflow/example_dags/example_short_circuit_decorator.py
[2025-05-07T19:46:33.847+0000] {processor.py:830} INFO - Processing file /home/airflow/.local/lib/python3.8/site-packages/airflow/example_dags/example_short_circuit_decorator.py for tasks to queue
[2025-05-07T19:46:33.849+0000] {logging_mixin.py:188} INFO - [2025-05-07T19:46:33.849+0000] {dagbag.py:538} INFO - Filling up the DagBag from /home/airflow/.local/lib/python3.8/site-packages/airflow/example_dags/example_short_circuit_decorator.py
[2025-05-07T19:46:33.858+0000] {processor.py:840} INFO - DAG(s) 'example_short_circuit_decorator' retrieved from /home/airflow/.local/lib/python3.8/site-packages/airflow/example_dags/example_short_circuit_decorator.py
[2025-05-07T19:46:33.881+0000] {logging_mixin.py:188} INFO - [2025-05-07T19:46:33.881+0000] {dag.py:3036} INFO - Sync 1 DAGs
[2025-05-07T19:46:33.902+0000] {logging_mixin.py:188} INFO - [2025-05-07T19:46:33.901+0000] {dag.py:3823} INFO - Setting next_dagrun for example_short_circuit_decorator to 2025-05-06 00:00:00+00:00, run_after=2025-05-07 00:00:00+00:00
[2025-05-07T19:46:33.921+0000] {processor.py:183} INFO - Processing /home/airflow/.local/lib/python3.8/site-packages/airflow/example_dags/example_short_circuit_decorator.py took 0.079 seconds
[2025-05-07T19:47:04.917+0000] {processor.py:161} INFO - Started process (PID=1626) to work on /home/airflow/.local/lib/python3.8/site-packages/airflow/example_dags/example_short_circuit_decorator.py
[2025-05-07T19:47:04.918+0000] {processor.py:830} INFO - Processing file /home/airflow/.local/lib/python3.8/site-packages/airflow/example_dags/example_short_circuit_decorator.py for tasks to queue
[2025-05-07T19:47:04.920+0000] {logging_mixin.py:188} INFO - [2025-05-07T19:47:04.919+0000] {dagbag.py:538} INFO - Filling up the DagBag from /home/airflow/.local/lib/python3.8/site-packages/airflow/example_dags/example_short_circuit_decorator.py
[2025-05-07T19:47:04.928+0000] {processor.py:840} INFO - DAG(s) 'example_short_circuit_decorator' retrieved from /home/airflow/.local/lib/python3.8/site-packages/airflow/example_dags/example_short_circuit_decorator.py
[2025-05-07T19:47:04.950+0000] {logging_mixin.py:188} INFO - [2025-05-07T19:47:04.950+0000] {dag.py:3036} INFO - Sync 1 DAGs
[2025-05-07T19:47:04.971+0000] {logging_mixin.py:188} INFO - [2025-05-07T19:47:04.971+0000] {dag.py:3823} INFO - Setting next_dagrun for example_short_circuit_decorator to 2025-05-06 00:00:00+00:00, run_after=2025-05-07 00:00:00+00:00
[2025-05-07T19:47:04.993+0000] {processor.py:183} INFO - Processing /home/airflow/.local/lib/python3.8/site-packages/airflow/example_dags/example_short_circuit_decorator.py took 0.079 seconds
[2025-05-07T19:47:35.383+0000] {processor.py:161} INFO - Started process (PID=1683) to work on /home/airflow/.local/lib/python3.8/site-packages/airflow/example_dags/example_short_circuit_decorator.py
[2025-05-07T19:47:35.387+0000] {processor.py:830} INFO - Processing file /home/airflow/.local/lib/python3.8/site-packages/airflow/example_dags/example_short_circuit_decorator.py for tasks to queue
[2025-05-07T19:47:35.393+0000] {logging_mixin.py:188} INFO - [2025-05-07T19:47:35.392+0000] {dagbag.py:538} INFO - Filling up the DagBag from /home/airflow/.local/lib/python3.8/site-packages/airflow/example_dags/example_short_circuit_decorator.py
[2025-05-07T19:47:35.409+0000] {processor.py:840} INFO - DAG(s) 'example_short_circuit_decorator' retrieved from /home/airflow/.local/lib/python3.8/site-packages/airflow/example_dags/example_short_circuit_decorator.py
[2025-05-07T19:47:35.435+0000] {logging_mixin.py:188} INFO - [2025-05-07T19:47:35.435+0000] {dag.py:3036} INFO - Sync 1 DAGs
[2025-05-07T19:47:35.457+0000] {logging_mixin.py:188} INFO - [2025-05-07T19:47:35.456+0000] {dag.py:3823} INFO - Setting next_dagrun for example_short_circuit_decorator to 2025-05-06 00:00:00+00:00, run_after=2025-05-07 00:00:00+00:00
[2025-05-07T19:47:35.480+0000] {processor.py:183} INFO - Processing /home/airflow/.local/lib/python3.8/site-packages/airflow/example_dags/example_short_circuit_decorator.py took 0.103 seconds
[2025-05-07T19:48:05.834+0000] {processor.py:161} INFO - Started process (PID=1740) to work on /home/airflow/.local/lib/python3.8/site-packages/airflow/example_dags/example_short_circuit_decorator.py
[2025-05-07T19:48:05.838+0000] {processor.py:830} INFO - Processing file /home/airflow/.local/lib/python3.8/site-packages/airflow/example_dags/example_short_circuit_decorator.py for tasks to queue
[2025-05-07T19:48:05.843+0000] {logging_mixin.py:188} INFO - [2025-05-07T19:48:05.842+0000] {dagbag.py:538} INFO - Filling up the DagBag from /home/airflow/.local/lib/python3.8/site-packages/airflow/example_dags/example_short_circuit_decorator.py
[2025-05-07T19:48:05.866+0000] {processor.py:840} INFO - DAG(s) 'example_short_circuit_decorator' retrieved from /home/airflow/.local/lib/python3.8/site-packages/airflow/example_dags/example_short_circuit_decorator.py
[2025-05-07T19:48:05.896+0000] {logging_mixin.py:188} INFO - [2025-05-07T19:48:05.896+0000] {dag.py:3036} INFO - Sync 1 DAGs
[2025-05-07T19:48:05.919+0000] {logging_mixin.py:188} INFO - [2025-05-07T19:48:05.918+0000] {dag.py:3823} INFO - Setting next_dagrun for example_short_circuit_decorator to 2025-05-06 00:00:00+00:00, run_after=2025-05-07 00:00:00+00:00
[2025-05-07T19:48:05.938+0000] {processor.py:183} INFO - Processing /home/airflow/.local/lib/python3.8/site-packages/airflow/example_dags/example_short_circuit_decorator.py took 0.110 seconds
[2025-05-07T19:48:36.447+0000] {processor.py:161} INFO - Started process (PID=1797) to work on /home/airflow/.local/lib/python3.8/site-packages/airflow/example_dags/example_short_circuit_decorator.py
[2025-05-07T19:48:36.449+0000] {processor.py:830} INFO - Processing file /home/airflow/.local/lib/python3.8/site-packages/airflow/example_dags/example_short_circuit_decorator.py for tasks to queue
[2025-05-07T19:48:36.450+0000] {logging_mixin.py:188} INFO - [2025-05-07T19:48:36.450+0000] {dagbag.py:538} INFO - Filling up the DagBag from /home/airflow/.local/lib/python3.8/site-packages/airflow/example_dags/example_short_circuit_decorator.py
[2025-05-07T19:48:36.459+0000] {processor.py:840} INFO - DAG(s) 'example_short_circuit_decorator' retrieved from /home/airflow/.local/lib/python3.8/site-packages/airflow/example_dags/example_short_circuit_decorator.py
[2025-05-07T19:48:36.484+0000] {logging_mixin.py:188} INFO - [2025-05-07T19:48:36.484+0000] {dag.py:3036} INFO - Sync 1 DAGs
[2025-05-07T19:48:36.504+0000] {logging_mixin.py:188} INFO - [2025-05-07T19:48:36.504+0000] {dag.py:3823} INFO - Setting next_dagrun for example_short_circuit_decorator to 2025-05-06 00:00:00+00:00, run_after=2025-05-07 00:00:00+00:00
[2025-05-07T19:48:36.522+0000] {processor.py:183} INFO - Processing /home/airflow/.local/lib/python3.8/site-packages/airflow/example_dags/example_short_circuit_decorator.py took 0.078 seconds
[2025-05-07T19:49:06.972+0000] {processor.py:161} INFO - Started process (PID=1853) to work on /home/airflow/.local/lib/python3.8/site-packages/airflow/example_dags/example_short_circuit_decorator.py
[2025-05-07T19:49:06.973+0000] {processor.py:830} INFO - Processing file /home/airflow/.local/lib/python3.8/site-packages/airflow/example_dags/example_short_circuit_decorator.py for tasks to queue
[2025-05-07T19:49:06.975+0000] {logging_mixin.py:188} INFO - [2025-05-07T19:49:06.975+0000] {dagbag.py:538} INFO - Filling up the DagBag from /home/airflow/.local/lib/python3.8/site-packages/airflow/example_dags/example_short_circuit_decorator.py
[2025-05-07T19:49:06.984+0000] {processor.py:840} INFO - DAG(s) 'example_short_circuit_decorator' retrieved from /home/airflow/.local/lib/python3.8/site-packages/airflow/example_dags/example_short_circuit_decorator.py
[2025-05-07T19:49:07.005+0000] {logging_mixin.py:188} INFO - [2025-05-07T19:49:07.005+0000] {dag.py:3036} INFO - Sync 1 DAGs
[2025-05-07T19:49:07.026+0000] {logging_mixin.py:188} INFO - [2025-05-07T19:49:07.025+0000] {dag.py:3823} INFO - Setting next_dagrun for example_short_circuit_decorator to 2025-05-06 00:00:00+00:00, run_after=2025-05-07 00:00:00+00:00
[2025-05-07T19:49:07.256+0000] {processor.py:183} INFO - Processing /home/airflow/.local/lib/python3.8/site-packages/airflow/example_dags/example_short_circuit_decorator.py took 0.288 seconds
[2025-05-07T19:49:37.555+0000] {processor.py:161} INFO - Started process (PID=1910) to work on /home/airflow/.local/lib/python3.8/site-packages/airflow/example_dags/example_short_circuit_decorator.py
[2025-05-07T19:49:37.556+0000] {processor.py:830} INFO - Processing file /home/airflow/.local/lib/python3.8/site-packages/airflow/example_dags/example_short_circuit_decorator.py for tasks to queue
[2025-05-07T19:49:37.558+0000] {logging_mixin.py:188} INFO - [2025-05-07T19:49:37.558+0000] {dagbag.py:538} INFO - Filling up the DagBag from /home/airflow/.local/lib/python3.8/site-packages/airflow/example_dags/example_short_circuit_decorator.py
[2025-05-07T19:49:37.567+0000] {processor.py:840} INFO - DAG(s) 'example_short_circuit_decorator' retrieved from /home/airflow/.local/lib/python3.8/site-packages/airflow/example_dags/example_short_circuit_decorator.py
[2025-05-07T19:49:37.591+0000] {logging_mixin.py:188} INFO - [2025-05-07T19:49:37.591+0000] {dag.py:3036} INFO - Sync 1 DAGs
[2025-05-07T19:49:37.611+0000] {logging_mixin.py:188} INFO - [2025-05-07T19:49:37.611+0000] {dag.py:3823} INFO - Setting next_dagrun for example_short_circuit_decorator to 2025-05-06 00:00:00+00:00, run_after=2025-05-07 00:00:00+00:00
[2025-05-07T19:49:37.633+0000] {processor.py:183} INFO - Processing /home/airflow/.local/lib/python3.8/site-packages/airflow/example_dags/example_short_circuit_decorator.py took 0.081 seconds
[2025-05-07T19:50:08.209+0000] {processor.py:161} INFO - Started process (PID=1967) to work on /home/airflow/.local/lib/python3.8/site-packages/airflow/example_dags/example_short_circuit_decorator.py
[2025-05-07T19:50:08.211+0000] {processor.py:830} INFO - Processing file /home/airflow/.local/lib/python3.8/site-packages/airflow/example_dags/example_short_circuit_decorator.py for tasks to queue
[2025-05-07T19:50:08.214+0000] {logging_mixin.py:188} INFO - [2025-05-07T19:50:08.213+0000] {dagbag.py:538} INFO - Filling up the DagBag from /home/airflow/.local/lib/python3.8/site-packages/airflow/example_dags/example_short_circuit_decorator.py
[2025-05-07T19:50:08.224+0000] {processor.py:840} INFO - DAG(s) 'example_short_circuit_decorator' retrieved from /home/airflow/.local/lib/python3.8/site-packages/airflow/example_dags/example_short_circuit_decorator.py
[2025-05-07T19:50:08.247+0000] {logging_mixin.py:188} INFO - [2025-05-07T19:50:08.247+0000] {dag.py:3036} INFO - Sync 1 DAGs
[2025-05-07T19:50:08.269+0000] {logging_mixin.py:188} INFO - [2025-05-07T19:50:08.269+0000] {dag.py:3823} INFO - Setting next_dagrun for example_short_circuit_decorator to 2025-05-06 00:00:00+00:00, run_after=2025-05-07 00:00:00+00:00
[2025-05-07T19:50:08.292+0000] {processor.py:183} INFO - Processing /home/airflow/.local/lib/python3.8/site-packages/airflow/example_dags/example_short_circuit_decorator.py took 0.087 seconds
[2025-05-07T19:50:38.703+0000] {processor.py:161} INFO - Started process (PID=2024) to work on /home/airflow/.local/lib/python3.8/site-packages/airflow/example_dags/example_short_circuit_decorator.py
[2025-05-07T19:50:38.706+0000] {processor.py:830} INFO - Processing file /home/airflow/.local/lib/python3.8/site-packages/airflow/example_dags/example_short_circuit_decorator.py for tasks to queue
[2025-05-07T19:50:38.709+0000] {logging_mixin.py:188} INFO - [2025-05-07T19:50:38.708+0000] {dagbag.py:538} INFO - Filling up the DagBag from /home/airflow/.local/lib/python3.8/site-packages/airflow/example_dags/example_short_circuit_decorator.py
[2025-05-07T19:50:38.719+0000] {processor.py:840} INFO - DAG(s) 'example_short_circuit_decorator' retrieved from /home/airflow/.local/lib/python3.8/site-packages/airflow/example_dags/example_short_circuit_decorator.py
[2025-05-07T19:50:38.743+0000] {logging_mixin.py:188} INFO - [2025-05-07T19:50:38.743+0000] {dag.py:3036} INFO - Sync 1 DAGs
[2025-05-07T19:50:38.765+0000] {logging_mixin.py:188} INFO - [2025-05-07T19:50:38.764+0000] {dag.py:3823} INFO - Setting next_dagrun for example_short_circuit_decorator to 2025-05-06 00:00:00+00:00, run_after=2025-05-07 00:00:00+00:00
[2025-05-07T19:50:38.785+0000] {processor.py:183} INFO - Processing /home/airflow/.local/lib/python3.8/site-packages/airflow/example_dags/example_short_circuit_decorator.py took 0.086 seconds
[2025-05-07T19:51:09.302+0000] {processor.py:161} INFO - Started process (PID=2081) to work on /home/airflow/.local/lib/python3.8/site-packages/airflow/example_dags/example_short_circuit_decorator.py
[2025-05-07T19:51:09.303+0000] {processor.py:830} INFO - Processing file /home/airflow/.local/lib/python3.8/site-packages/airflow/example_dags/example_short_circuit_decorator.py for tasks to queue
[2025-05-07T19:51:09.305+0000] {logging_mixin.py:188} INFO - [2025-05-07T19:51:09.305+0000] {dagbag.py:538} INFO - Filling up the DagBag from /home/airflow/.local/lib/python3.8/site-packages/airflow/example_dags/example_short_circuit_decorator.py
[2025-05-07T19:51:09.313+0000] {processor.py:840} INFO - DAG(s) 'example_short_circuit_decorator' retrieved from /home/airflow/.local/lib/python3.8/site-packages/airflow/example_dags/example_short_circuit_decorator.py
[2025-05-07T19:51:09.337+0000] {logging_mixin.py:188} INFO - [2025-05-07T19:51:09.336+0000] {dag.py:3036} INFO - Sync 1 DAGs
[2025-05-07T19:51:09.359+0000] {logging_mixin.py:188} INFO - [2025-05-07T19:51:09.359+0000] {dag.py:3823} INFO - Setting next_dagrun for example_short_circuit_decorator to 2025-05-06 00:00:00+00:00, run_after=2025-05-07 00:00:00+00:00
[2025-05-07T19:51:09.381+0000] {processor.py:183} INFO - Processing /home/airflow/.local/lib/python3.8/site-packages/airflow/example_dags/example_short_circuit_decorator.py took 0.082 seconds
[2025-05-07T19:51:39.942+0000] {processor.py:161} INFO - Started process (PID=2138) to work on /home/airflow/.local/lib/python3.8/site-packages/airflow/example_dags/example_short_circuit_decorator.py
[2025-05-07T19:51:39.944+0000] {processor.py:830} INFO - Processing file /home/airflow/.local/lib/python3.8/site-packages/airflow/example_dags/example_short_circuit_decorator.py for tasks to queue
[2025-05-07T19:51:39.947+0000] {logging_mixin.py:188} INFO - [2025-05-07T19:51:39.946+0000] {dagbag.py:538} INFO - Filling up the DagBag from /home/airflow/.local/lib/python3.8/site-packages/airflow/example_dags/example_short_circuit_decorator.py
[2025-05-07T19:51:39.957+0000] {processor.py:840} INFO - DAG(s) 'example_short_circuit_decorator' retrieved from /home/airflow/.local/lib/python3.8/site-packages/airflow/example_dags/example_short_circuit_decorator.py
[2025-05-07T19:51:39.980+0000] {logging_mixin.py:188} INFO - [2025-05-07T19:51:39.979+0000] {dag.py:3036} INFO - Sync 1 DAGs
[2025-05-07T19:51:39.999+0000] {logging_mixin.py:188} INFO - [2025-05-07T19:51:39.999+0000] {dag.py:3823} INFO - Setting next_dagrun for example_short_circuit_decorator to 2025-05-06 00:00:00+00:00, run_after=2025-05-07 00:00:00+00:00
[2025-05-07T19:51:40.020+0000] {processor.py:183} INFO - Processing /home/airflow/.local/lib/python3.8/site-packages/airflow/example_dags/example_short_circuit_decorator.py took 0.084 seconds
[2025-05-07T19:52:11.078+0000] {processor.py:161} INFO - Started process (PID=2195) to work on /home/airflow/.local/lib/python3.8/site-packages/airflow/example_dags/example_short_circuit_decorator.py
[2025-05-07T19:52:11.082+0000] {processor.py:830} INFO - Processing file /home/airflow/.local/lib/python3.8/site-packages/airflow/example_dags/example_short_circuit_decorator.py for tasks to queue
[2025-05-07T19:52:11.088+0000] {logging_mixin.py:188} INFO - [2025-05-07T19:52:11.087+0000] {dagbag.py:538} INFO - Filling up the DagBag from /home/airflow/.local/lib/python3.8/site-packages/airflow/example_dags/example_short_circuit_decorator.py
[2025-05-07T19:52:11.104+0000] {processor.py:840} INFO - DAG(s) 'example_short_circuit_decorator' retrieved from /home/airflow/.local/lib/python3.8/site-packages/airflow/example_dags/example_short_circuit_decorator.py
[2025-05-07T19:52:11.130+0000] {logging_mixin.py:188} INFO - [2025-05-07T19:52:11.130+0000] {dag.py:3036} INFO - Sync 1 DAGs
[2025-05-07T19:52:11.151+0000] {logging_mixin.py:188} INFO - [2025-05-07T19:52:11.151+0000] {dag.py:3823} INFO - Setting next_dagrun for example_short_circuit_decorator to 2025-05-06 00:00:00+00:00, run_after=2025-05-07 00:00:00+00:00
[2025-05-07T19:52:11.174+0000] {processor.py:183} INFO - Processing /home/airflow/.local/lib/python3.8/site-packages/airflow/example_dags/example_short_circuit_decorator.py took 0.103 seconds
[2025-05-07T19:52:41.615+0000] {processor.py:161} INFO - Started process (PID=2252) to work on /home/airflow/.local/lib/python3.8/site-packages/airflow/example_dags/example_short_circuit_decorator.py
[2025-05-07T19:52:41.617+0000] {processor.py:830} INFO - Processing file /home/airflow/.local/lib/python3.8/site-packages/airflow/example_dags/example_short_circuit_decorator.py for tasks to queue
[2025-05-07T19:52:41.624+0000] {logging_mixin.py:188} INFO - [2025-05-07T19:52:41.623+0000] {dagbag.py:538} INFO - Filling up the DagBag from /home/airflow/.local/lib/python3.8/site-packages/airflow/example_dags/example_short_circuit_decorator.py
[2025-05-07T19:52:41.637+0000] {processor.py:840} INFO - DAG(s) 'example_short_circuit_decorator' retrieved from /home/airflow/.local/lib/python3.8/site-packages/airflow/example_dags/example_short_circuit_decorator.py
[2025-05-07T19:52:41.665+0000] {logging_mixin.py:188} INFO - [2025-05-07T19:52:41.664+0000] {dag.py:3036} INFO - Sync 1 DAGs
[2025-05-07T19:52:41.697+0000] {logging_mixin.py:188} INFO - [2025-05-07T19:52:41.696+0000] {dag.py:3823} INFO - Setting next_dagrun for example_short_circuit_decorator to 2025-05-06 00:00:00+00:00, run_after=2025-05-07 00:00:00+00:00
[2025-05-07T19:52:41.718+0000] {processor.py:183} INFO - Processing /home/airflow/.local/lib/python3.8/site-packages/airflow/example_dags/example_short_circuit_decorator.py took 0.109 seconds
[2025-05-07T19:53:12.536+0000] {processor.py:161} INFO - Started process (PID=2309) to work on /home/airflow/.local/lib/python3.8/site-packages/airflow/example_dags/example_short_circuit_decorator.py
[2025-05-07T19:53:12.541+0000] {processor.py:830} INFO - Processing file /home/airflow/.local/lib/python3.8/site-packages/airflow/example_dags/example_short_circuit_decorator.py for tasks to queue
[2025-05-07T19:53:12.546+0000] {logging_mixin.py:188} INFO - [2025-05-07T19:53:12.545+0000] {dagbag.py:538} INFO - Filling up the DagBag from /home/airflow/.local/lib/python3.8/site-packages/airflow/example_dags/example_short_circuit_decorator.py
[2025-05-07T19:53:12.562+0000] {processor.py:840} INFO - DAG(s) 'example_short_circuit_decorator' retrieved from /home/airflow/.local/lib/python3.8/site-packages/airflow/example_dags/example_short_circuit_decorator.py
[2025-05-07T19:53:12.610+0000] {logging_mixin.py:188} INFO - [2025-05-07T19:53:12.610+0000] {dag.py:3036} INFO - Sync 1 DAGs
[2025-05-07T19:53:12.650+0000] {logging_mixin.py:188} INFO - [2025-05-07T19:53:12.650+0000] {dag.py:3823} INFO - Setting next_dagrun for example_short_circuit_decorator to 2025-05-06 00:00:00+00:00, run_after=2025-05-07 00:00:00+00:00
[2025-05-07T19:53:12.811+0000] {processor.py:183} INFO - Processing /home/airflow/.local/lib/python3.8/site-packages/airflow/example_dags/example_short_circuit_decorator.py took 0.281 seconds
[2025-05-07T19:53:43.269+0000] {processor.py:161} INFO - Started process (PID=2366) to work on /home/airflow/.local/lib/python3.8/site-packages/airflow/example_dags/example_short_circuit_decorator.py
[2025-05-07T19:53:43.271+0000] {processor.py:830} INFO - Processing file /home/airflow/.local/lib/python3.8/site-packages/airflow/example_dags/example_short_circuit_decorator.py for tasks to queue
[2025-05-07T19:53:43.275+0000] {logging_mixin.py:188} INFO - [2025-05-07T19:53:43.274+0000] {dagbag.py:538} INFO - Filling up the DagBag from /home/airflow/.local/lib/python3.8/site-packages/airflow/example_dags/example_short_circuit_decorator.py
[2025-05-07T19:53:43.285+0000] {processor.py:840} INFO - DAG(s) 'example_short_circuit_decorator' retrieved from /home/airflow/.local/lib/python3.8/site-packages/airflow/example_dags/example_short_circuit_decorator.py
[2025-05-07T19:53:43.310+0000] {logging_mixin.py:188} INFO - [2025-05-07T19:53:43.310+0000] {dag.py:3036} INFO - Sync 1 DAGs
[2025-05-07T19:53:43.334+0000] {logging_mixin.py:188} INFO - [2025-05-07T19:53:43.334+0000] {dag.py:3823} INFO - Setting next_dagrun for example_short_circuit_decorator to 2025-05-06 00:00:00+00:00, run_after=2025-05-07 00:00:00+00:00
[2025-05-07T19:53:43.355+0000] {processor.py:183} INFO - Processing /home/airflow/.local/lib/python3.8/site-packages/airflow/example_dags/example_short_circuit_decorator.py took 0.090 seconds
[2025-05-07T19:54:14.330+0000] {processor.py:161} INFO - Started process (PID=2423) to work on /home/airflow/.local/lib/python3.8/site-packages/airflow/example_dags/example_short_circuit_decorator.py
[2025-05-07T19:54:14.334+0000] {processor.py:830} INFO - Processing file /home/airflow/.local/lib/python3.8/site-packages/airflow/example_dags/example_short_circuit_decorator.py for tasks to queue
[2025-05-07T19:54:14.338+0000] {logging_mixin.py:188} INFO - [2025-05-07T19:54:14.338+0000] {dagbag.py:538} INFO - Filling up the DagBag from /home/airflow/.local/lib/python3.8/site-packages/airflow/example_dags/example_short_circuit_decorator.py
[2025-05-07T19:54:14.351+0000] {processor.py:840} INFO - DAG(s) 'example_short_circuit_decorator' retrieved from /home/airflow/.local/lib/python3.8/site-packages/airflow/example_dags/example_short_circuit_decorator.py
[2025-05-07T19:54:14.376+0000] {logging_mixin.py:188} INFO - [2025-05-07T19:54:14.376+0000] {dag.py:3036} INFO - Sync 1 DAGs
[2025-05-07T19:54:14.398+0000] {logging_mixin.py:188} INFO - [2025-05-07T19:54:14.397+0000] {dag.py:3823} INFO - Setting next_dagrun for example_short_circuit_decorator to 2025-05-06 00:00:00+00:00, run_after=2025-05-07 00:00:00+00:00
[2025-05-07T19:54:14.418+0000] {processor.py:183} INFO - Processing /home/airflow/.local/lib/python3.8/site-packages/airflow/example_dags/example_short_circuit_decorator.py took 0.095 seconds
[2025-05-07T19:54:44.870+0000] {processor.py:161} INFO - Started process (PID=2480) to work on /home/airflow/.local/lib/python3.8/site-packages/airflow/example_dags/example_short_circuit_decorator.py
[2025-05-07T19:54:44.871+0000] {processor.py:830} INFO - Processing file /home/airflow/.local/lib/python3.8/site-packages/airflow/example_dags/example_short_circuit_decorator.py for tasks to queue
[2025-05-07T19:54:44.875+0000] {logging_mixin.py:188} INFO - [2025-05-07T19:54:44.874+0000] {dagbag.py:538} INFO - Filling up the DagBag from /home/airflow/.local/lib/python3.8/site-packages/airflow/example_dags/example_short_circuit_decorator.py
[2025-05-07T19:54:44.892+0000] {processor.py:840} INFO - DAG(s) 'example_short_circuit_decorator' retrieved from /home/airflow/.local/lib/python3.8/site-packages/airflow/example_dags/example_short_circuit_decorator.py
[2025-05-07T19:54:44.918+0000] {logging_mixin.py:188} INFO - [2025-05-07T19:54:44.918+0000] {dag.py:3036} INFO - Sync 1 DAGs
[2025-05-07T19:54:44.940+0000] {logging_mixin.py:188} INFO - [2025-05-07T19:54:44.940+0000] {dag.py:3823} INFO - Setting next_dagrun for example_short_circuit_decorator to 2025-05-06 00:00:00+00:00, run_after=2025-05-07 00:00:00+00:00
[2025-05-07T19:54:44.963+0000] {processor.py:183} INFO - Processing /home/airflow/.local/lib/python3.8/site-packages/airflow/example_dags/example_short_circuit_decorator.py took 0.101 seconds
[2025-05-07T19:55:15.309+0000] {processor.py:161} INFO - Started process (PID=2537) to work on /home/airflow/.local/lib/python3.8/site-packages/airflow/example_dags/example_short_circuit_decorator.py
[2025-05-07T19:55:15.310+0000] {processor.py:830} INFO - Processing file /home/airflow/.local/lib/python3.8/site-packages/airflow/example_dags/example_short_circuit_decorator.py for tasks to queue
[2025-05-07T19:55:15.313+0000] {logging_mixin.py:188} INFO - [2025-05-07T19:55:15.312+0000] {dagbag.py:538} INFO - Filling up the DagBag from /home/airflow/.local/lib/python3.8/site-packages/airflow/example_dags/example_short_circuit_decorator.py
[2025-05-07T19:55:15.323+0000] {processor.py:840} INFO - DAG(s) 'example_short_circuit_decorator' retrieved from /home/airflow/.local/lib/python3.8/site-packages/airflow/example_dags/example_short_circuit_decorator.py
[2025-05-07T19:55:15.350+0000] {logging_mixin.py:188} INFO - [2025-05-07T19:55:15.350+0000] {dag.py:3036} INFO - Sync 1 DAGs
[2025-05-07T19:55:15.378+0000] {logging_mixin.py:188} INFO - [2025-05-07T19:55:15.377+0000] {dag.py:3823} INFO - Setting next_dagrun for example_short_circuit_decorator to 2025-05-06 00:00:00+00:00, run_after=2025-05-07 00:00:00+00:00
[2025-05-07T19:55:15.405+0000] {processor.py:183} INFO - Processing /home/airflow/.local/lib/python3.8/site-packages/airflow/example_dags/example_short_circuit_decorator.py took 0.102 seconds
[2025-05-07T19:55:46.269+0000] {processor.py:161} INFO - Started process (PID=2594) to work on /home/airflow/.local/lib/python3.8/site-packages/airflow/example_dags/example_short_circuit_decorator.py
[2025-05-07T19:55:46.271+0000] {processor.py:830} INFO - Processing file /home/airflow/.local/lib/python3.8/site-packages/airflow/example_dags/example_short_circuit_decorator.py for tasks to queue
[2025-05-07T19:55:46.277+0000] {logging_mixin.py:188} INFO - [2025-05-07T19:55:46.277+0000] {dagbag.py:538} INFO - Filling up the DagBag from /home/airflow/.local/lib/python3.8/site-packages/airflow/example_dags/example_short_circuit_decorator.py
[2025-05-07T19:55:46.297+0000] {processor.py:840} INFO - DAG(s) 'example_short_circuit_decorator' retrieved from /home/airflow/.local/lib/python3.8/site-packages/airflow/example_dags/example_short_circuit_decorator.py
[2025-05-07T19:55:46.336+0000] {logging_mixin.py:188} INFO - [2025-05-07T19:55:46.336+0000] {dag.py:3036} INFO - Sync 1 DAGs
[2025-05-07T19:55:46.478+0000] {logging_mixin.py:188} INFO - [2025-05-07T19:55:46.477+0000] {dag.py:3823} INFO - Setting next_dagrun for example_short_circuit_decorator to 2025-05-06 00:00:00+00:00, run_after=2025-05-07 00:00:00+00:00
[2025-05-07T19:55:46.499+0000] {processor.py:183} INFO - Processing /home/airflow/.local/lib/python3.8/site-packages/airflow/example_dags/example_short_circuit_decorator.py took 0.235 seconds
[2025-05-07T19:56:16.876+0000] {processor.py:161} INFO - Started process (PID=2651) to work on /home/airflow/.local/lib/python3.8/site-packages/airflow/example_dags/example_short_circuit_decorator.py
[2025-05-07T19:56:16.878+0000] {processor.py:830} INFO - Processing file /home/airflow/.local/lib/python3.8/site-packages/airflow/example_dags/example_short_circuit_decorator.py for tasks to queue
[2025-05-07T19:56:16.880+0000] {logging_mixin.py:188} INFO - [2025-05-07T19:56:16.880+0000] {dagbag.py:538} INFO - Filling up the DagBag from /home/airflow/.local/lib/python3.8/site-packages/airflow/example_dags/example_short_circuit_decorator.py
[2025-05-07T19:56:16.889+0000] {processor.py:840} INFO - DAG(s) 'example_short_circuit_decorator' retrieved from /home/airflow/.local/lib/python3.8/site-packages/airflow/example_dags/example_short_circuit_decorator.py
[2025-05-07T19:56:16.913+0000] {logging_mixin.py:188} INFO - [2025-05-07T19:56:16.913+0000] {dag.py:3036} INFO - Sync 1 DAGs
[2025-05-07T19:56:17.060+0000] {logging_mixin.py:188} INFO - [2025-05-07T19:56:17.059+0000] {dag.py:3823} INFO - Setting next_dagrun for example_short_circuit_decorator to 2025-05-06 00:00:00+00:00, run_after=2025-05-07 00:00:00+00:00
[2025-05-07T19:56:17.081+0000] {processor.py:183} INFO - Processing /home/airflow/.local/lib/python3.8/site-packages/airflow/example_dags/example_short_circuit_decorator.py took 0.211 seconds
[2025-05-07T19:56:47.647+0000] {processor.py:161} INFO - Started process (PID=2708) to work on /home/airflow/.local/lib/python3.8/site-packages/airflow/example_dags/example_short_circuit_decorator.py
[2025-05-07T19:56:47.653+0000] {processor.py:830} INFO - Processing file /home/airflow/.local/lib/python3.8/site-packages/airflow/example_dags/example_short_circuit_decorator.py for tasks to queue
[2025-05-07T19:56:47.658+0000] {logging_mixin.py:188} INFO - [2025-05-07T19:56:47.657+0000] {dagbag.py:538} INFO - Filling up the DagBag from /home/airflow/.local/lib/python3.8/site-packages/airflow/example_dags/example_short_circuit_decorator.py
[2025-05-07T19:56:47.676+0000] {processor.py:840} INFO - DAG(s) 'example_short_circuit_decorator' retrieved from /home/airflow/.local/lib/python3.8/site-packages/airflow/example_dags/example_short_circuit_decorator.py
[2025-05-07T19:56:47.702+0000] {logging_mixin.py:188} INFO - [2025-05-07T19:56:47.702+0000] {dag.py:3036} INFO - Sync 1 DAGs
[2025-05-07T19:56:47.724+0000] {logging_mixin.py:188} INFO - [2025-05-07T19:56:47.724+0000] {dag.py:3823} INFO - Setting next_dagrun for example_short_circuit_decorator to 2025-05-06 00:00:00+00:00, run_after=2025-05-07 00:00:00+00:00
[2025-05-07T19:56:47.747+0000] {processor.py:183} INFO - Processing /home/airflow/.local/lib/python3.8/site-packages/airflow/example_dags/example_short_circuit_decorator.py took 0.106 seconds
[2025-05-07T19:57:18.367+0000] {processor.py:161} INFO - Started process (PID=2765) to work on /home/airflow/.local/lib/python3.8/site-packages/airflow/example_dags/example_short_circuit_decorator.py
[2025-05-07T19:57:18.369+0000] {processor.py:830} INFO - Processing file /home/airflow/.local/lib/python3.8/site-packages/airflow/example_dags/example_short_circuit_decorator.py for tasks to queue
[2025-05-07T19:57:18.372+0000] {logging_mixin.py:188} INFO - [2025-05-07T19:57:18.372+0000] {dagbag.py:538} INFO - Filling up the DagBag from /home/airflow/.local/lib/python3.8/site-packages/airflow/example_dags/example_short_circuit_decorator.py
[2025-05-07T19:57:18.385+0000] {processor.py:840} INFO - DAG(s) 'example_short_circuit_decorator' retrieved from /home/airflow/.local/lib/python3.8/site-packages/airflow/example_dags/example_short_circuit_decorator.py
[2025-05-07T19:57:18.408+0000] {logging_mixin.py:188} INFO - [2025-05-07T19:57:18.408+0000] {dag.py:3036} INFO - Sync 1 DAGs
[2025-05-07T19:57:18.433+0000] {logging_mixin.py:188} INFO - [2025-05-07T19:57:18.433+0000] {dag.py:3823} INFO - Setting next_dagrun for example_short_circuit_decorator to 2025-05-06 00:00:00+00:00, run_after=2025-05-07 00:00:00+00:00
[2025-05-07T19:57:18.456+0000] {processor.py:183} INFO - Processing /home/airflow/.local/lib/python3.8/site-packages/airflow/example_dags/example_short_circuit_decorator.py took 0.096 seconds
[2025-05-07T19:57:49.210+0000] {processor.py:161} INFO - Started process (PID=2822) to work on /home/airflow/.local/lib/python3.8/site-packages/airflow/example_dags/example_short_circuit_decorator.py
[2025-05-07T19:57:49.211+0000] {processor.py:830} INFO - Processing file /home/airflow/.local/lib/python3.8/site-packages/airflow/example_dags/example_short_circuit_decorator.py for tasks to queue
[2025-05-07T19:57:49.214+0000] {logging_mixin.py:188} INFO - [2025-05-07T19:57:49.214+0000] {dagbag.py:538} INFO - Filling up the DagBag from /home/airflow/.local/lib/python3.8/site-packages/airflow/example_dags/example_short_circuit_decorator.py
[2025-05-07T19:57:49.224+0000] {processor.py:840} INFO - DAG(s) 'example_short_circuit_decorator' retrieved from /home/airflow/.local/lib/python3.8/site-packages/airflow/example_dags/example_short_circuit_decorator.py
[2025-05-07T19:57:49.246+0000] {logging_mixin.py:188} INFO - [2025-05-07T19:57:49.246+0000] {dag.py:3036} INFO - Sync 1 DAGs
[2025-05-07T19:57:49.270+0000] {logging_mixin.py:188} INFO - [2025-05-07T19:57:49.269+0000] {dag.py:3823} INFO - Setting next_dagrun for example_short_circuit_decorator to 2025-05-06 00:00:00+00:00, run_after=2025-05-07 00:00:00+00:00
[2025-05-07T19:57:49.310+0000] {processor.py:183} INFO - Processing /home/airflow/.local/lib/python3.8/site-packages/airflow/example_dags/example_short_circuit_decorator.py took 0.104 seconds
[2025-05-07T19:58:20.117+0000] {processor.py:161} INFO - Started process (PID=2885) to work on /home/airflow/.local/lib/python3.8/site-packages/airflow/example_dags/example_short_circuit_decorator.py
[2025-05-07T19:58:20.120+0000] {processor.py:830} INFO - Processing file /home/airflow/.local/lib/python3.8/site-packages/airflow/example_dags/example_short_circuit_decorator.py for tasks to queue
[2025-05-07T19:58:20.125+0000] {logging_mixin.py:188} INFO - [2025-05-07T19:58:20.125+0000] {dagbag.py:538} INFO - Filling up the DagBag from /home/airflow/.local/lib/python3.8/site-packages/airflow/example_dags/example_short_circuit_decorator.py
[2025-05-07T19:58:20.147+0000] {processor.py:840} INFO - DAG(s) 'example_short_circuit_decorator' retrieved from /home/airflow/.local/lib/python3.8/site-packages/airflow/example_dags/example_short_circuit_decorator.py
[2025-05-07T19:58:20.179+0000] {logging_mixin.py:188} INFO - [2025-05-07T19:58:20.178+0000] {dag.py:3036} INFO - Sync 1 DAGs
[2025-05-07T19:58:20.208+0000] {logging_mixin.py:188} INFO - [2025-05-07T19:58:20.208+0000] {dag.py:3823} INFO - Setting next_dagrun for example_short_circuit_decorator to 2025-05-06 00:00:00+00:00, run_after=2025-05-07 00:00:00+00:00
[2025-05-07T19:58:20.345+0000] {processor.py:183} INFO - Processing /home/airflow/.local/lib/python3.8/site-packages/airflow/example_dags/example_short_circuit_decorator.py took 0.231 seconds
[2025-05-07T19:58:50.496+0000] {processor.py:161} INFO - Started process (PID=2942) to work on /home/airflow/.local/lib/python3.8/site-packages/airflow/example_dags/example_short_circuit_decorator.py
[2025-05-07T19:58:50.498+0000] {processor.py:830} INFO - Processing file /home/airflow/.local/lib/python3.8/site-packages/airflow/example_dags/example_short_circuit_decorator.py for tasks to queue
[2025-05-07T19:58:50.500+0000] {logging_mixin.py:188} INFO - [2025-05-07T19:58:50.500+0000] {dagbag.py:538} INFO - Filling up the DagBag from /home/airflow/.local/lib/python3.8/site-packages/airflow/example_dags/example_short_circuit_decorator.py
[2025-05-07T19:58:50.510+0000] {processor.py:840} INFO - DAG(s) 'example_short_circuit_decorator' retrieved from /home/airflow/.local/lib/python3.8/site-packages/airflow/example_dags/example_short_circuit_decorator.py
[2025-05-07T19:58:50.533+0000] {logging_mixin.py:188} INFO - [2025-05-07T19:58:50.532+0000] {dag.py:3036} INFO - Sync 1 DAGs
[2025-05-07T19:58:50.554+0000] {logging_mixin.py:188} INFO - [2025-05-07T19:58:50.554+0000] {dag.py:3823} INFO - Setting next_dagrun for example_short_circuit_decorator to 2025-05-06 00:00:00+00:00, run_after=2025-05-07 00:00:00+00:00
[2025-05-07T19:58:50.575+0000] {processor.py:183} INFO - Processing /home/airflow/.local/lib/python3.8/site-packages/airflow/example_dags/example_short_circuit_decorator.py took 0.082 seconds
[2025-05-07T19:59:20.700+0000] {processor.py:161} INFO - Started process (PID=2999) to work on /home/airflow/.local/lib/python3.8/site-packages/airflow/example_dags/example_short_circuit_decorator.py
[2025-05-07T19:59:20.702+0000] {processor.py:830} INFO - Processing file /home/airflow/.local/lib/python3.8/site-packages/airflow/example_dags/example_short_circuit_decorator.py for tasks to queue
[2025-05-07T19:59:20.705+0000] {logging_mixin.py:188} INFO - [2025-05-07T19:59:20.704+0000] {dagbag.py:538} INFO - Filling up the DagBag from /home/airflow/.local/lib/python3.8/site-packages/airflow/example_dags/example_short_circuit_decorator.py
[2025-05-07T19:59:20.716+0000] {processor.py:840} INFO - DAG(s) 'example_short_circuit_decorator' retrieved from /home/airflow/.local/lib/python3.8/site-packages/airflow/example_dags/example_short_circuit_decorator.py
[2025-05-07T19:59:20.738+0000] {logging_mixin.py:188} INFO - [2025-05-07T19:59:20.737+0000] {dag.py:3036} INFO - Sync 1 DAGs
[2025-05-07T19:59:20.757+0000] {logging_mixin.py:188} INFO - [2025-05-07T19:59:20.757+0000] {dag.py:3823} INFO - Setting next_dagrun for example_short_circuit_decorator to 2025-05-06 00:00:00+00:00, run_after=2025-05-07 00:00:00+00:00
[2025-05-07T19:59:20.776+0000] {processor.py:183} INFO - Processing /home/airflow/.local/lib/python3.8/site-packages/airflow/example_dags/example_short_circuit_decorator.py took 0.081 seconds
[2025-05-07T19:59:51.268+0000] {processor.py:161} INFO - Started process (PID=3056) to work on /home/airflow/.local/lib/python3.8/site-packages/airflow/example_dags/example_short_circuit_decorator.py
[2025-05-07T19:59:51.270+0000] {processor.py:830} INFO - Processing file /home/airflow/.local/lib/python3.8/site-packages/airflow/example_dags/example_short_circuit_decorator.py for tasks to queue
[2025-05-07T19:59:51.272+0000] {logging_mixin.py:188} INFO - [2025-05-07T19:59:51.272+0000] {dagbag.py:538} INFO - Filling up the DagBag from /home/airflow/.local/lib/python3.8/site-packages/airflow/example_dags/example_short_circuit_decorator.py
[2025-05-07T19:59:51.284+0000] {processor.py:840} INFO - DAG(s) 'example_short_circuit_decorator' retrieved from /home/airflow/.local/lib/python3.8/site-packages/airflow/example_dags/example_short_circuit_decorator.py
[2025-05-07T19:59:51.310+0000] {logging_mixin.py:188} INFO - [2025-05-07T19:59:51.309+0000] {dag.py:3036} INFO - Sync 1 DAGs
[2025-05-07T19:59:51.333+0000] {logging_mixin.py:188} INFO - [2025-05-07T19:59:51.332+0000] {dag.py:3823} INFO - Setting next_dagrun for example_short_circuit_decorator to 2025-05-06 00:00:00+00:00, run_after=2025-05-07 00:00:00+00:00
[2025-05-07T19:59:51.355+0000] {processor.py:183} INFO - Processing /home/airflow/.local/lib/python3.8/site-packages/airflow/example_dags/example_short_circuit_decorator.py took 0.092 seconds
[2025-05-07T20:00:21.828+0000] {processor.py:161} INFO - Started process (PID=3113) to work on /home/airflow/.local/lib/python3.8/site-packages/airflow/example_dags/example_short_circuit_decorator.py
[2025-05-07T20:00:21.832+0000] {processor.py:830} INFO - Processing file /home/airflow/.local/lib/python3.8/site-packages/airflow/example_dags/example_short_circuit_decorator.py for tasks to queue
[2025-05-07T20:00:21.837+0000] {logging_mixin.py:188} INFO - [2025-05-07T20:00:21.836+0000] {dagbag.py:538} INFO - Filling up the DagBag from /home/airflow/.local/lib/python3.8/site-packages/airflow/example_dags/example_short_circuit_decorator.py
[2025-05-07T20:00:21.850+0000] {processor.py:840} INFO - DAG(s) 'example_short_circuit_decorator' retrieved from /home/airflow/.local/lib/python3.8/site-packages/airflow/example_dags/example_short_circuit_decorator.py
[2025-05-07T20:00:21.875+0000] {logging_mixin.py:188} INFO - [2025-05-07T20:00:21.875+0000] {dag.py:3036} INFO - Sync 1 DAGs
[2025-05-07T20:00:21.897+0000] {logging_mixin.py:188} INFO - [2025-05-07T20:00:21.897+0000] {dag.py:3823} INFO - Setting next_dagrun for example_short_circuit_decorator to 2025-05-06 00:00:00+00:00, run_after=2025-05-07 00:00:00+00:00
[2025-05-07T20:00:21.919+0000] {processor.py:183} INFO - Processing /home/airflow/.local/lib/python3.8/site-packages/airflow/example_dags/example_short_circuit_decorator.py took 0.097 seconds
[2025-05-07T20:00:52.497+0000] {processor.py:161} INFO - Started process (PID=3170) to work on /home/airflow/.local/lib/python3.8/site-packages/airflow/example_dags/example_short_circuit_decorator.py
[2025-05-07T20:00:52.501+0000] {processor.py:830} INFO - Processing file /home/airflow/.local/lib/python3.8/site-packages/airflow/example_dags/example_short_circuit_decorator.py for tasks to queue
[2025-05-07T20:00:52.506+0000] {logging_mixin.py:188} INFO - [2025-05-07T20:00:52.506+0000] {dagbag.py:538} INFO - Filling up the DagBag from /home/airflow/.local/lib/python3.8/site-packages/airflow/example_dags/example_short_circuit_decorator.py
[2025-05-07T20:00:52.521+0000] {processor.py:840} INFO - DAG(s) 'example_short_circuit_decorator' retrieved from /home/airflow/.local/lib/python3.8/site-packages/airflow/example_dags/example_short_circuit_decorator.py
[2025-05-07T20:00:52.545+0000] {logging_mixin.py:188} INFO - [2025-05-07T20:00:52.545+0000] {dag.py:3036} INFO - Sync 1 DAGs
[2025-05-07T20:00:52.567+0000] {logging_mixin.py:188} INFO - [2025-05-07T20:00:52.566+0000] {dag.py:3823} INFO - Setting next_dagrun for example_short_circuit_decorator to 2025-05-06 00:00:00+00:00, run_after=2025-05-07 00:00:00+00:00
[2025-05-07T20:00:52.591+0000] {processor.py:183} INFO - Processing /home/airflow/.local/lib/python3.8/site-packages/airflow/example_dags/example_short_circuit_decorator.py took 0.098 seconds
[2025-05-07T20:01:23.165+0000] {processor.py:161} INFO - Started process (PID=3227) to work on /home/airflow/.local/lib/python3.8/site-packages/airflow/example_dags/example_short_circuit_decorator.py
[2025-05-07T20:01:23.167+0000] {processor.py:830} INFO - Processing file /home/airflow/.local/lib/python3.8/site-packages/airflow/example_dags/example_short_circuit_decorator.py for tasks to queue
[2025-05-07T20:01:23.168+0000] {logging_mixin.py:188} INFO - [2025-05-07T20:01:23.168+0000] {dagbag.py:538} INFO - Filling up the DagBag from /home/airflow/.local/lib/python3.8/site-packages/airflow/example_dags/example_short_circuit_decorator.py
[2025-05-07T20:01:23.178+0000] {processor.py:840} INFO - DAG(s) 'example_short_circuit_decorator' retrieved from /home/airflow/.local/lib/python3.8/site-packages/airflow/example_dags/example_short_circuit_decorator.py
[2025-05-07T20:01:23.201+0000] {logging_mixin.py:188} INFO - [2025-05-07T20:01:23.200+0000] {dag.py:3036} INFO - Sync 1 DAGs
[2025-05-07T20:01:23.222+0000] {logging_mixin.py:188} INFO - [2025-05-07T20:01:23.222+0000] {dag.py:3823} INFO - Setting next_dagrun for example_short_circuit_decorator to 2025-05-06 00:00:00+00:00, run_after=2025-05-07 00:00:00+00:00
[2025-05-07T20:01:23.241+0000] {processor.py:183} INFO - Processing /home/airflow/.local/lib/python3.8/site-packages/airflow/example_dags/example_short_circuit_decorator.py took 0.079 seconds
[2025-05-07T20:01:53.528+0000] {processor.py:161} INFO - Started process (PID=3284) to work on /home/airflow/.local/lib/python3.8/site-packages/airflow/example_dags/example_short_circuit_decorator.py
[2025-05-07T20:01:53.530+0000] {processor.py:830} INFO - Processing file /home/airflow/.local/lib/python3.8/site-packages/airflow/example_dags/example_short_circuit_decorator.py for tasks to queue
[2025-05-07T20:01:53.533+0000] {logging_mixin.py:188} INFO - [2025-05-07T20:01:53.533+0000] {dagbag.py:538} INFO - Filling up the DagBag from /home/airflow/.local/lib/python3.8/site-packages/airflow/example_dags/example_short_circuit_decorator.py
[2025-05-07T20:01:53.545+0000] {processor.py:840} INFO - DAG(s) 'example_short_circuit_decorator' retrieved from /home/airflow/.local/lib/python3.8/site-packages/airflow/example_dags/example_short_circuit_decorator.py
[2025-05-07T20:01:53.573+0000] {logging_mixin.py:188} INFO - [2025-05-07T20:01:53.572+0000] {dag.py:3036} INFO - Sync 1 DAGs
[2025-05-07T20:01:53.600+0000] {logging_mixin.py:188} INFO - [2025-05-07T20:01:53.600+0000] {dag.py:3823} INFO - Setting next_dagrun for example_short_circuit_decorator to 2025-05-06 00:00:00+00:00, run_after=2025-05-07 00:00:00+00:00
[2025-05-07T20:01:53.627+0000] {processor.py:183} INFO - Processing /home/airflow/.local/lib/python3.8/site-packages/airflow/example_dags/example_short_circuit_decorator.py took 0.102 seconds
[2025-05-07T20:02:23.932+0000] {processor.py:161} INFO - Started process (PID=3341) to work on /home/airflow/.local/lib/python3.8/site-packages/airflow/example_dags/example_short_circuit_decorator.py
[2025-05-07T20:02:23.935+0000] {processor.py:830} INFO - Processing file /home/airflow/.local/lib/python3.8/site-packages/airflow/example_dags/example_short_circuit_decorator.py for tasks to queue
[2025-05-07T20:02:23.942+0000] {logging_mixin.py:188} INFO - [2025-05-07T20:02:23.941+0000] {dagbag.py:538} INFO - Filling up the DagBag from /home/airflow/.local/lib/python3.8/site-packages/airflow/example_dags/example_short_circuit_decorator.py
[2025-05-07T20:02:23.956+0000] {processor.py:840} INFO - DAG(s) 'example_short_circuit_decorator' retrieved from /home/airflow/.local/lib/python3.8/site-packages/airflow/example_dags/example_short_circuit_decorator.py
[2025-05-07T20:02:23.980+0000] {logging_mixin.py:188} INFO - [2025-05-07T20:02:23.980+0000] {dag.py:3036} INFO - Sync 1 DAGs
[2025-05-07T20:02:24.005+0000] {logging_mixin.py:188} INFO - [2025-05-07T20:02:24.005+0000] {dag.py:3823} INFO - Setting next_dagrun for example_short_circuit_decorator to 2025-05-06 00:00:00+00:00, run_after=2025-05-07 00:00:00+00:00
[2025-05-07T20:02:24.025+0000] {processor.py:183} INFO - Processing /home/airflow/.local/lib/python3.8/site-packages/airflow/example_dags/example_short_circuit_decorator.py took 0.100 seconds
[2025-05-07T20:02:54.116+0000] {processor.py:161} INFO - Started process (PID=3399) to work on /home/airflow/.local/lib/python3.8/site-packages/airflow/example_dags/example_short_circuit_decorator.py
[2025-05-07T20:02:54.117+0000] {processor.py:830} INFO - Processing file /home/airflow/.local/lib/python3.8/site-packages/airflow/example_dags/example_short_circuit_decorator.py for tasks to queue
[2025-05-07T20:02:54.120+0000] {logging_mixin.py:188} INFO - [2025-05-07T20:02:54.119+0000] {dagbag.py:538} INFO - Filling up the DagBag from /home/airflow/.local/lib/python3.8/site-packages/airflow/example_dags/example_short_circuit_decorator.py
[2025-05-07T20:02:54.129+0000] {processor.py:840} INFO - DAG(s) 'example_short_circuit_decorator' retrieved from /home/airflow/.local/lib/python3.8/site-packages/airflow/example_dags/example_short_circuit_decorator.py
[2025-05-07T20:02:54.152+0000] {logging_mixin.py:188} INFO - [2025-05-07T20:02:54.152+0000] {dag.py:3036} INFO - Sync 1 DAGs
[2025-05-07T20:02:54.175+0000] {logging_mixin.py:188} INFO - [2025-05-07T20:02:54.175+0000] {dag.py:3823} INFO - Setting next_dagrun for example_short_circuit_decorator to 2025-05-06 00:00:00+00:00, run_after=2025-05-07 00:00:00+00:00
[2025-05-07T20:02:54.195+0000] {processor.py:183} INFO - Processing /home/airflow/.local/lib/python3.8/site-packages/airflow/example_dags/example_short_circuit_decorator.py took 0.083 seconds
[2025-05-07T20:03:25.207+0000] {processor.py:161} INFO - Started process (PID=3456) to work on /home/airflow/.local/lib/python3.8/site-packages/airflow/example_dags/example_short_circuit_decorator.py
[2025-05-07T20:03:25.208+0000] {processor.py:830} INFO - Processing file /home/airflow/.local/lib/python3.8/site-packages/airflow/example_dags/example_short_circuit_decorator.py for tasks to queue
[2025-05-07T20:03:25.211+0000] {logging_mixin.py:188} INFO - [2025-05-07T20:03:25.210+0000] {dagbag.py:538} INFO - Filling up the DagBag from /home/airflow/.local/lib/python3.8/site-packages/airflow/example_dags/example_short_circuit_decorator.py
[2025-05-07T20:03:25.220+0000] {processor.py:840} INFO - DAG(s) 'example_short_circuit_decorator' retrieved from /home/airflow/.local/lib/python3.8/site-packages/airflow/example_dags/example_short_circuit_decorator.py
[2025-05-07T20:03:25.248+0000] {logging_mixin.py:188} INFO - [2025-05-07T20:03:25.247+0000] {dag.py:3036} INFO - Sync 1 DAGs
[2025-05-07T20:03:25.272+0000] {logging_mixin.py:188} INFO - [2025-05-07T20:03:25.272+0000] {dag.py:3823} INFO - Setting next_dagrun for example_short_circuit_decorator to 2025-05-06 00:00:00+00:00, run_after=2025-05-07 00:00:00+00:00
[2025-05-07T20:03:25.295+0000] {processor.py:183} INFO - Processing /home/airflow/.local/lib/python3.8/site-packages/airflow/example_dags/example_short_circuit_decorator.py took 0.091 seconds
[2025-05-07T20:03:55.438+0000] {processor.py:161} INFO - Started process (PID=3513) to work on /home/airflow/.local/lib/python3.8/site-packages/airflow/example_dags/example_short_circuit_decorator.py
[2025-05-07T20:03:55.440+0000] {processor.py:830} INFO - Processing file /home/airflow/.local/lib/python3.8/site-packages/airflow/example_dags/example_short_circuit_decorator.py for tasks to queue
[2025-05-07T20:03:55.442+0000] {logging_mixin.py:188} INFO - [2025-05-07T20:03:55.442+0000] {dagbag.py:538} INFO - Filling up the DagBag from /home/airflow/.local/lib/python3.8/site-packages/airflow/example_dags/example_short_circuit_decorator.py
[2025-05-07T20:03:55.451+0000] {processor.py:840} INFO - DAG(s) 'example_short_circuit_decorator' retrieved from /home/airflow/.local/lib/python3.8/site-packages/airflow/example_dags/example_short_circuit_decorator.py
[2025-05-07T20:03:55.474+0000] {logging_mixin.py:188} INFO - [2025-05-07T20:03:55.474+0000] {dag.py:3036} INFO - Sync 1 DAGs
[2025-05-07T20:03:55.494+0000] {logging_mixin.py:188} INFO - [2025-05-07T20:03:55.494+0000] {dag.py:3823} INFO - Setting next_dagrun for example_short_circuit_decorator to 2025-05-06 00:00:00+00:00, run_after=2025-05-07 00:00:00+00:00
[2025-05-07T20:03:55.516+0000] {processor.py:183} INFO - Processing /home/airflow/.local/lib/python3.8/site-packages/airflow/example_dags/example_short_circuit_decorator.py took 0.081 seconds
[2025-05-07T20:04:26.352+0000] {processor.py:161} INFO - Started process (PID=3570) to work on /home/airflow/.local/lib/python3.8/site-packages/airflow/example_dags/example_short_circuit_decorator.py
[2025-05-07T20:04:26.353+0000] {processor.py:830} INFO - Processing file /home/airflow/.local/lib/python3.8/site-packages/airflow/example_dags/example_short_circuit_decorator.py for tasks to queue
[2025-05-07T20:04:26.355+0000] {logging_mixin.py:188} INFO - [2025-05-07T20:04:26.355+0000] {dagbag.py:538} INFO - Filling up the DagBag from /home/airflow/.local/lib/python3.8/site-packages/airflow/example_dags/example_short_circuit_decorator.py
[2025-05-07T20:04:26.367+0000] {processor.py:840} INFO - DAG(s) 'example_short_circuit_decorator' retrieved from /home/airflow/.local/lib/python3.8/site-packages/airflow/example_dags/example_short_circuit_decorator.py
[2025-05-07T20:04:26.407+0000] {logging_mixin.py:188} INFO - [2025-05-07T20:04:26.406+0000] {dag.py:3036} INFO - Sync 1 DAGs
[2025-05-07T20:04:26.441+0000] {logging_mixin.py:188} INFO - [2025-05-07T20:04:26.440+0000] {dag.py:3823} INFO - Setting next_dagrun for example_short_circuit_decorator to 2025-05-06 00:00:00+00:00, run_after=2025-05-07 00:00:00+00:00
[2025-05-07T20:04:26.475+0000] {processor.py:183} INFO - Processing /home/airflow/.local/lib/python3.8/site-packages/airflow/example_dags/example_short_circuit_decorator.py took 0.126 seconds
[2025-05-07T20:04:56.706+0000] {processor.py:161} INFO - Started process (PID=3627) to work on /home/airflow/.local/lib/python3.8/site-packages/airflow/example_dags/example_short_circuit_decorator.py
[2025-05-07T20:04:56.708+0000] {processor.py:830} INFO - Processing file /home/airflow/.local/lib/python3.8/site-packages/airflow/example_dags/example_short_circuit_decorator.py for tasks to queue
[2025-05-07T20:04:56.711+0000] {logging_mixin.py:188} INFO - [2025-05-07T20:04:56.710+0000] {dagbag.py:538} INFO - Filling up the DagBag from /home/airflow/.local/lib/python3.8/site-packages/airflow/example_dags/example_short_circuit_decorator.py
[2025-05-07T20:04:56.722+0000] {processor.py:840} INFO - DAG(s) 'example_short_circuit_decorator' retrieved from /home/airflow/.local/lib/python3.8/site-packages/airflow/example_dags/example_short_circuit_decorator.py
[2025-05-07T20:04:56.749+0000] {logging_mixin.py:188} INFO - [2025-05-07T20:04:56.749+0000] {dag.py:3036} INFO - Sync 1 DAGs
[2025-05-07T20:04:56.772+0000] {logging_mixin.py:188} INFO - [2025-05-07T20:04:56.772+0000] {dag.py:3823} INFO - Setting next_dagrun for example_short_circuit_decorator to 2025-05-06 00:00:00+00:00, run_after=2025-05-07 00:00:00+00:00
[2025-05-07T20:04:56.794+0000] {processor.py:183} INFO - Processing /home/airflow/.local/lib/python3.8/site-packages/airflow/example_dags/example_short_circuit_decorator.py took 0.091 seconds
[2025-05-07T20:05:27.617+0000] {processor.py:161} INFO - Started process (PID=3684) to work on /home/airflow/.local/lib/python3.8/site-packages/airflow/example_dags/example_short_circuit_decorator.py
[2025-05-07T20:05:27.618+0000] {processor.py:830} INFO - Processing file /home/airflow/.local/lib/python3.8/site-packages/airflow/example_dags/example_short_circuit_decorator.py for tasks to queue
[2025-05-07T20:05:27.621+0000] {logging_mixin.py:188} INFO - [2025-05-07T20:05:27.621+0000] {dagbag.py:538} INFO - Filling up the DagBag from /home/airflow/.local/lib/python3.8/site-packages/airflow/example_dags/example_short_circuit_decorator.py
[2025-05-07T20:05:27.638+0000] {processor.py:840} INFO - DAG(s) 'example_short_circuit_decorator' retrieved from /home/airflow/.local/lib/python3.8/site-packages/airflow/example_dags/example_short_circuit_decorator.py
[2025-05-07T20:05:27.671+0000] {logging_mixin.py:188} INFO - [2025-05-07T20:05:27.670+0000] {dag.py:3036} INFO - Sync 1 DAGs
[2025-05-07T20:05:27.693+0000] {logging_mixin.py:188} INFO - [2025-05-07T20:05:27.692+0000] {dag.py:3823} INFO - Setting next_dagrun for example_short_circuit_decorator to 2025-05-06 00:00:00+00:00, run_after=2025-05-07 00:00:00+00:00
[2025-05-07T20:05:27.714+0000] {processor.py:183} INFO - Processing /home/airflow/.local/lib/python3.8/site-packages/airflow/example_dags/example_short_circuit_decorator.py took 0.101 seconds
[2025-05-07T20:05:58.070+0000] {processor.py:161} INFO - Started process (PID=3741) to work on /home/airflow/.local/lib/python3.8/site-packages/airflow/example_dags/example_short_circuit_decorator.py
[2025-05-07T20:05:58.071+0000] {processor.py:830} INFO - Processing file /home/airflow/.local/lib/python3.8/site-packages/airflow/example_dags/example_short_circuit_decorator.py for tasks to queue
[2025-05-07T20:05:58.074+0000] {logging_mixin.py:188} INFO - [2025-05-07T20:05:58.073+0000] {dagbag.py:538} INFO - Filling up the DagBag from /home/airflow/.local/lib/python3.8/site-packages/airflow/example_dags/example_short_circuit_decorator.py
[2025-05-07T20:05:58.084+0000] {processor.py:840} INFO - DAG(s) 'example_short_circuit_decorator' retrieved from /home/airflow/.local/lib/python3.8/site-packages/airflow/example_dags/example_short_circuit_decorator.py
[2025-05-07T20:05:58.106+0000] {logging_mixin.py:188} INFO - [2025-05-07T20:05:58.106+0000] {dag.py:3036} INFO - Sync 1 DAGs
[2025-05-07T20:05:58.132+0000] {logging_mixin.py:188} INFO - [2025-05-07T20:05:58.132+0000] {dag.py:3823} INFO - Setting next_dagrun for example_short_circuit_decorator to 2025-05-06 00:00:00+00:00, run_after=2025-05-07 00:00:00+00:00
[2025-05-07T20:05:58.166+0000] {processor.py:183} INFO - Processing /home/airflow/.local/lib/python3.8/site-packages/airflow/example_dags/example_short_circuit_decorator.py took 0.100 seconds
[2025-05-07T20:06:28.476+0000] {processor.py:161} INFO - Started process (PID=3798) to work on /home/airflow/.local/lib/python3.8/site-packages/airflow/example_dags/example_short_circuit_decorator.py
[2025-05-07T20:06:28.478+0000] {processor.py:830} INFO - Processing file /home/airflow/.local/lib/python3.8/site-packages/airflow/example_dags/example_short_circuit_decorator.py for tasks to queue
[2025-05-07T20:06:28.480+0000] {logging_mixin.py:188} INFO - [2025-05-07T20:06:28.480+0000] {dagbag.py:538} INFO - Filling up the DagBag from /home/airflow/.local/lib/python3.8/site-packages/airflow/example_dags/example_short_circuit_decorator.py
[2025-05-07T20:06:28.492+0000] {processor.py:840} INFO - DAG(s) 'example_short_circuit_decorator' retrieved from /home/airflow/.local/lib/python3.8/site-packages/airflow/example_dags/example_short_circuit_decorator.py
[2025-05-07T20:06:28.514+0000] {logging_mixin.py:188} INFO - [2025-05-07T20:06:28.513+0000] {dag.py:3036} INFO - Sync 1 DAGs
[2025-05-07T20:06:28.534+0000] {logging_mixin.py:188} INFO - [2025-05-07T20:06:28.533+0000] {dag.py:3823} INFO - Setting next_dagrun for example_short_circuit_decorator to 2025-05-06 00:00:00+00:00, run_after=2025-05-07 00:00:00+00:00
[2025-05-07T20:06:28.554+0000] {processor.py:183} INFO - Processing /home/airflow/.local/lib/python3.8/site-packages/airflow/example_dags/example_short_circuit_decorator.py took 0.081 seconds
[2025-05-07T20:06:58.879+0000] {processor.py:161} INFO - Started process (PID=3855) to work on /home/airflow/.local/lib/python3.8/site-packages/airflow/example_dags/example_short_circuit_decorator.py
[2025-05-07T20:06:58.880+0000] {processor.py:830} INFO - Processing file /home/airflow/.local/lib/python3.8/site-packages/airflow/example_dags/example_short_circuit_decorator.py for tasks to queue
[2025-05-07T20:06:58.882+0000] {logging_mixin.py:188} INFO - [2025-05-07T20:06:58.882+0000] {dagbag.py:538} INFO - Filling up the DagBag from /home/airflow/.local/lib/python3.8/site-packages/airflow/example_dags/example_short_circuit_decorator.py
[2025-05-07T20:06:58.892+0000] {processor.py:840} INFO - DAG(s) 'example_short_circuit_decorator' retrieved from /home/airflow/.local/lib/python3.8/site-packages/airflow/example_dags/example_short_circuit_decorator.py
[2025-05-07T20:06:58.916+0000] {logging_mixin.py:188} INFO - [2025-05-07T20:06:58.915+0000] {dag.py:3036} INFO - Sync 1 DAGs
[2025-05-07T20:06:58.937+0000] {logging_mixin.py:188} INFO - [2025-05-07T20:06:58.937+0000] {dag.py:3823} INFO - Setting next_dagrun for example_short_circuit_decorator to 2025-05-06 00:00:00+00:00, run_after=2025-05-07 00:00:00+00:00
[2025-05-07T20:06:58.957+0000] {processor.py:183} INFO - Processing /home/airflow/.local/lib/python3.8/site-packages/airflow/example_dags/example_short_circuit_decorator.py took 0.082 seconds
[2025-05-07T20:07:30.475+0000] {processor.py:161} INFO - Started process (PID=3912) to work on /home/airflow/.local/lib/python3.8/site-packages/airflow/example_dags/example_short_circuit_decorator.py
[2025-05-07T20:07:30.477+0000] {processor.py:830} INFO - Processing file /home/airflow/.local/lib/python3.8/site-packages/airflow/example_dags/example_short_circuit_decorator.py for tasks to queue
[2025-05-07T20:07:30.482+0000] {logging_mixin.py:188} INFO - [2025-05-07T20:07:30.481+0000] {dagbag.py:538} INFO - Filling up the DagBag from /home/airflow/.local/lib/python3.8/site-packages/airflow/example_dags/example_short_circuit_decorator.py
[2025-05-07T20:07:30.499+0000] {processor.py:840} INFO - DAG(s) 'example_short_circuit_decorator' retrieved from /home/airflow/.local/lib/python3.8/site-packages/airflow/example_dags/example_short_circuit_decorator.py
[2025-05-07T20:07:30.537+0000] {logging_mixin.py:188} INFO - [2025-05-07T20:07:30.537+0000] {dag.py:3036} INFO - Sync 1 DAGs
[2025-05-07T20:07:30.564+0000] {logging_mixin.py:188} INFO - [2025-05-07T20:07:30.564+0000] {dag.py:3823} INFO - Setting next_dagrun for example_short_circuit_decorator to 2025-05-06 00:00:00+00:00, run_after=2025-05-07 00:00:00+00:00
[2025-05-07T20:07:30.590+0000] {processor.py:183} INFO - Processing /home/airflow/.local/lib/python3.8/site-packages/airflow/example_dags/example_short_circuit_decorator.py took 0.120 seconds
[2025-05-07T20:08:00.667+0000] {processor.py:161} INFO - Started process (PID=3969) to work on /home/airflow/.local/lib/python3.8/site-packages/airflow/example_dags/example_short_circuit_decorator.py
[2025-05-07T20:08:00.668+0000] {processor.py:830} INFO - Processing file /home/airflow/.local/lib/python3.8/site-packages/airflow/example_dags/example_short_circuit_decorator.py for tasks to queue
[2025-05-07T20:08:00.670+0000] {logging_mixin.py:188} INFO - [2025-05-07T20:08:00.670+0000] {dagbag.py:538} INFO - Filling up the DagBag from /home/airflow/.local/lib/python3.8/site-packages/airflow/example_dags/example_short_circuit_decorator.py
[2025-05-07T20:08:00.680+0000] {processor.py:840} INFO - DAG(s) 'example_short_circuit_decorator' retrieved from /home/airflow/.local/lib/python3.8/site-packages/airflow/example_dags/example_short_circuit_decorator.py
[2025-05-07T20:08:00.705+0000] {logging_mixin.py:188} INFO - [2025-05-07T20:08:00.705+0000] {dag.py:3036} INFO - Sync 1 DAGs
[2025-05-07T20:08:00.726+0000] {logging_mixin.py:188} INFO - [2025-05-07T20:08:00.726+0000] {dag.py:3823} INFO - Setting next_dagrun for example_short_circuit_decorator to 2025-05-06 00:00:00+00:00, run_after=2025-05-07 00:00:00+00:00
[2025-05-07T20:08:00.746+0000] {processor.py:183} INFO - Processing /home/airflow/.local/lib/python3.8/site-packages/airflow/example_dags/example_short_circuit_decorator.py took 0.082 seconds
[2025-05-07T20:08:31.692+0000] {processor.py:161} INFO - Started process (PID=4026) to work on /home/airflow/.local/lib/python3.8/site-packages/airflow/example_dags/example_short_circuit_decorator.py
[2025-05-07T20:08:31.694+0000] {processor.py:830} INFO - Processing file /home/airflow/.local/lib/python3.8/site-packages/airflow/example_dags/example_short_circuit_decorator.py for tasks to queue
[2025-05-07T20:08:31.696+0000] {logging_mixin.py:188} INFO - [2025-05-07T20:08:31.696+0000] {dagbag.py:538} INFO - Filling up the DagBag from /home/airflow/.local/lib/python3.8/site-packages/airflow/example_dags/example_short_circuit_decorator.py
[2025-05-07T20:08:31.706+0000] {processor.py:840} INFO - DAG(s) 'example_short_circuit_decorator' retrieved from /home/airflow/.local/lib/python3.8/site-packages/airflow/example_dags/example_short_circuit_decorator.py
[2025-05-07T20:08:31.729+0000] {logging_mixin.py:188} INFO - [2025-05-07T20:08:31.729+0000] {dag.py:3036} INFO - Sync 1 DAGs
[2025-05-07T20:08:31.751+0000] {logging_mixin.py:188} INFO - [2025-05-07T20:08:31.751+0000] {dag.py:3823} INFO - Setting next_dagrun for example_short_circuit_decorator to 2025-05-06 00:00:00+00:00, run_after=2025-05-07 00:00:00+00:00
[2025-05-07T20:08:31.773+0000] {processor.py:183} INFO - Processing /home/airflow/.local/lib/python3.8/site-packages/airflow/example_dags/example_short_circuit_decorator.py took 0.084 seconds
[2025-05-07T20:09:02.554+0000] {processor.py:161} INFO - Started process (PID=4083) to work on /home/airflow/.local/lib/python3.8/site-packages/airflow/example_dags/example_short_circuit_decorator.py
[2025-05-07T20:09:02.556+0000] {processor.py:830} INFO - Processing file /home/airflow/.local/lib/python3.8/site-packages/airflow/example_dags/example_short_circuit_decorator.py for tasks to queue
[2025-05-07T20:09:02.560+0000] {logging_mixin.py:188} INFO - [2025-05-07T20:09:02.559+0000] {dagbag.py:538} INFO - Filling up the DagBag from /home/airflow/.local/lib/python3.8/site-packages/airflow/example_dags/example_short_circuit_decorator.py
[2025-05-07T20:09:02.572+0000] {processor.py:840} INFO - DAG(s) 'example_short_circuit_decorator' retrieved from /home/airflow/.local/lib/python3.8/site-packages/airflow/example_dags/example_short_circuit_decorator.py
[2025-05-07T20:09:02.604+0000] {logging_mixin.py:188} INFO - [2025-05-07T20:09:02.604+0000] {dag.py:3036} INFO - Sync 1 DAGs
[2025-05-07T20:09:02.633+0000] {logging_mixin.py:188} INFO - [2025-05-07T20:09:02.632+0000] {dag.py:3823} INFO - Setting next_dagrun for example_short_circuit_decorator to 2025-05-06 00:00:00+00:00, run_after=2025-05-07 00:00:00+00:00
[2025-05-07T20:09:02.659+0000] {processor.py:183} INFO - Processing /home/airflow/.local/lib/python3.8/site-packages/airflow/example_dags/example_short_circuit_decorator.py took 0.111 seconds
[2025-05-07T20:09:32.873+0000] {processor.py:161} INFO - Started process (PID=4140) to work on /home/airflow/.local/lib/python3.8/site-packages/airflow/example_dags/example_short_circuit_decorator.py
[2025-05-07T20:09:32.874+0000] {processor.py:830} INFO - Processing file /home/airflow/.local/lib/python3.8/site-packages/airflow/example_dags/example_short_circuit_decorator.py for tasks to queue
[2025-05-07T20:09:32.877+0000] {logging_mixin.py:188} INFO - [2025-05-07T20:09:32.876+0000] {dagbag.py:538} INFO - Filling up the DagBag from /home/airflow/.local/lib/python3.8/site-packages/airflow/example_dags/example_short_circuit_decorator.py
[2025-05-07T20:09:32.887+0000] {processor.py:840} INFO - DAG(s) 'example_short_circuit_decorator' retrieved from /home/airflow/.local/lib/python3.8/site-packages/airflow/example_dags/example_short_circuit_decorator.py
[2025-05-07T20:09:32.914+0000] {logging_mixin.py:188} INFO - [2025-05-07T20:09:32.913+0000] {dag.py:3036} INFO - Sync 1 DAGs
[2025-05-07T20:09:32.959+0000] {logging_mixin.py:188} INFO - [2025-05-07T20:09:32.959+0000] {dag.py:3823} INFO - Setting next_dagrun for example_short_circuit_decorator to 2025-05-06 00:00:00+00:00, run_after=2025-05-07 00:00:00+00:00
[2025-05-07T20:09:32.987+0000] {processor.py:183} INFO - Processing /home/airflow/.local/lib/python3.8/site-packages/airflow/example_dags/example_short_circuit_decorator.py took 0.117 seconds
[2025-05-07T20:10:03.800+0000] {processor.py:161} INFO - Started process (PID=4197) to work on /home/airflow/.local/lib/python3.8/site-packages/airflow/example_dags/example_short_circuit_decorator.py
[2025-05-07T20:10:03.802+0000] {processor.py:830} INFO - Processing file /home/airflow/.local/lib/python3.8/site-packages/airflow/example_dags/example_short_circuit_decorator.py for tasks to queue
[2025-05-07T20:10:03.805+0000] {logging_mixin.py:188} INFO - [2025-05-07T20:10:03.805+0000] {dagbag.py:538} INFO - Filling up the DagBag from /home/airflow/.local/lib/python3.8/site-packages/airflow/example_dags/example_short_circuit_decorator.py
[2025-05-07T20:10:03.815+0000] {processor.py:840} INFO - DAG(s) 'example_short_circuit_decorator' retrieved from /home/airflow/.local/lib/python3.8/site-packages/airflow/example_dags/example_short_circuit_decorator.py
[2025-05-07T20:10:03.841+0000] {logging_mixin.py:188} INFO - [2025-05-07T20:10:03.841+0000] {dag.py:3036} INFO - Sync 1 DAGs
[2025-05-07T20:10:03.865+0000] {logging_mixin.py:188} INFO - [2025-05-07T20:10:03.865+0000] {dag.py:3823} INFO - Setting next_dagrun for example_short_circuit_decorator to 2025-05-06 00:00:00+00:00, run_after=2025-05-07 00:00:00+00:00
[2025-05-07T20:10:03.887+0000] {processor.py:183} INFO - Processing /home/airflow/.local/lib/python3.8/site-packages/airflow/example_dags/example_short_circuit_decorator.py took 0.090 seconds
[2025-05-07T20:10:34.300+0000] {processor.py:161} INFO - Started process (PID=4254) to work on /home/airflow/.local/lib/python3.8/site-packages/airflow/example_dags/example_short_circuit_decorator.py
[2025-05-07T20:10:34.304+0000] {processor.py:830} INFO - Processing file /home/airflow/.local/lib/python3.8/site-packages/airflow/example_dags/example_short_circuit_decorator.py for tasks to queue
[2025-05-07T20:10:34.307+0000] {logging_mixin.py:188} INFO - [2025-05-07T20:10:34.307+0000] {dagbag.py:538} INFO - Filling up the DagBag from /home/airflow/.local/lib/python3.8/site-packages/airflow/example_dags/example_short_circuit_decorator.py
[2025-05-07T20:10:34.325+0000] {processor.py:840} INFO - DAG(s) 'example_short_circuit_decorator' retrieved from /home/airflow/.local/lib/python3.8/site-packages/airflow/example_dags/example_short_circuit_decorator.py
[2025-05-07T20:10:34.354+0000] {logging_mixin.py:188} INFO - [2025-05-07T20:10:34.354+0000] {dag.py:3036} INFO - Sync 1 DAGs
[2025-05-07T20:10:34.377+0000] {logging_mixin.py:188} INFO - [2025-05-07T20:10:34.377+0000] {dag.py:3823} INFO - Setting next_dagrun for example_short_circuit_decorator to 2025-05-06 00:00:00+00:00, run_after=2025-05-07 00:00:00+00:00
[2025-05-07T20:10:34.401+0000] {processor.py:183} INFO - Processing /home/airflow/.local/lib/python3.8/site-packages/airflow/example_dags/example_short_circuit_decorator.py took 0.109 seconds
[2025-05-07T20:11:04.869+0000] {processor.py:161} INFO - Started process (PID=4311) to work on /home/airflow/.local/lib/python3.8/site-packages/airflow/example_dags/example_short_circuit_decorator.py
[2025-05-07T20:11:04.872+0000] {processor.py:830} INFO - Processing file /home/airflow/.local/lib/python3.8/site-packages/airflow/example_dags/example_short_circuit_decorator.py for tasks to queue
[2025-05-07T20:11:04.879+0000] {logging_mixin.py:188} INFO - [2025-05-07T20:11:04.878+0000] {dagbag.py:538} INFO - Filling up the DagBag from /home/airflow/.local/lib/python3.8/site-packages/airflow/example_dags/example_short_circuit_decorator.py
[2025-05-07T20:11:04.897+0000] {processor.py:840} INFO - DAG(s) 'example_short_circuit_decorator' retrieved from /home/airflow/.local/lib/python3.8/site-packages/airflow/example_dags/example_short_circuit_decorator.py
[2025-05-07T20:11:04.926+0000] {logging_mixin.py:188} INFO - [2025-05-07T20:11:04.926+0000] {dag.py:3036} INFO - Sync 1 DAGs
[2025-05-07T20:11:04.951+0000] {logging_mixin.py:188} INFO - [2025-05-07T20:11:04.950+0000] {dag.py:3823} INFO - Setting next_dagrun for example_short_circuit_decorator to 2025-05-06 00:00:00+00:00, run_after=2025-05-07 00:00:00+00:00
[2025-05-07T20:11:04.972+0000] {processor.py:183} INFO - Processing /home/airflow/.local/lib/python3.8/site-packages/airflow/example_dags/example_short_circuit_decorator.py took 0.109 seconds
[2025-05-07T20:11:35.926+0000] {processor.py:161} INFO - Started process (PID=4368) to work on /home/airflow/.local/lib/python3.8/site-packages/airflow/example_dags/example_short_circuit_decorator.py
[2025-05-07T20:11:35.929+0000] {processor.py:830} INFO - Processing file /home/airflow/.local/lib/python3.8/site-packages/airflow/example_dags/example_short_circuit_decorator.py for tasks to queue
[2025-05-07T20:11:35.934+0000] {logging_mixin.py:188} INFO - [2025-05-07T20:11:35.933+0000] {dagbag.py:538} INFO - Filling up the DagBag from /home/airflow/.local/lib/python3.8/site-packages/airflow/example_dags/example_short_circuit_decorator.py
[2025-05-07T20:11:35.950+0000] {processor.py:840} INFO - DAG(s) 'example_short_circuit_decorator' retrieved from /home/airflow/.local/lib/python3.8/site-packages/airflow/example_dags/example_short_circuit_decorator.py
[2025-05-07T20:11:35.980+0000] {logging_mixin.py:188} INFO - [2025-05-07T20:11:35.980+0000] {dag.py:3036} INFO - Sync 1 DAGs
[2025-05-07T20:11:36.004+0000] {logging_mixin.py:188} INFO - [2025-05-07T20:11:36.004+0000] {dag.py:3823} INFO - Setting next_dagrun for example_short_circuit_decorator to 2025-05-06 00:00:00+00:00, run_after=2025-05-07 00:00:00+00:00
[2025-05-07T20:11:36.027+0000] {processor.py:183} INFO - Processing /home/airflow/.local/lib/python3.8/site-packages/airflow/example_dags/example_short_circuit_decorator.py took 0.108 seconds
[2025-05-07T20:12:06.179+0000] {processor.py:161} INFO - Started process (PID=4425) to work on /home/airflow/.local/lib/python3.8/site-packages/airflow/example_dags/example_short_circuit_decorator.py
[2025-05-07T20:12:06.182+0000] {processor.py:830} INFO - Processing file /home/airflow/.local/lib/python3.8/site-packages/airflow/example_dags/example_short_circuit_decorator.py for tasks to queue
[2025-05-07T20:12:06.186+0000] {logging_mixin.py:188} INFO - [2025-05-07T20:12:06.185+0000] {dagbag.py:538} INFO - Filling up the DagBag from /home/airflow/.local/lib/python3.8/site-packages/airflow/example_dags/example_short_circuit_decorator.py
[2025-05-07T20:12:06.203+0000] {processor.py:840} INFO - DAG(s) 'example_short_circuit_decorator' retrieved from /home/airflow/.local/lib/python3.8/site-packages/airflow/example_dags/example_short_circuit_decorator.py
[2025-05-07T20:12:06.233+0000] {logging_mixin.py:188} INFO - [2025-05-07T20:12:06.233+0000] {dag.py:3036} INFO - Sync 1 DAGs
[2025-05-07T20:12:06.257+0000] {logging_mixin.py:188} INFO - [2025-05-07T20:12:06.257+0000] {dag.py:3823} INFO - Setting next_dagrun for example_short_circuit_decorator to 2025-05-06 00:00:00+00:00, run_after=2025-05-07 00:00:00+00:00
[2025-05-07T20:12:06.279+0000] {processor.py:183} INFO - Processing /home/airflow/.local/lib/python3.8/site-packages/airflow/example_dags/example_short_circuit_decorator.py took 0.107 seconds
[2025-05-07T20:12:36.948+0000] {processor.py:161} INFO - Started process (PID=4482) to work on /home/airflow/.local/lib/python3.8/site-packages/airflow/example_dags/example_short_circuit_decorator.py
[2025-05-07T20:12:36.951+0000] {processor.py:830} INFO - Processing file /home/airflow/.local/lib/python3.8/site-packages/airflow/example_dags/example_short_circuit_decorator.py for tasks to queue
[2025-05-07T20:12:36.955+0000] {logging_mixin.py:188} INFO - [2025-05-07T20:12:36.954+0000] {dagbag.py:538} INFO - Filling up the DagBag from /home/airflow/.local/lib/python3.8/site-packages/airflow/example_dags/example_short_circuit_decorator.py
[2025-05-07T20:12:36.970+0000] {processor.py:840} INFO - DAG(s) 'example_short_circuit_decorator' retrieved from /home/airflow/.local/lib/python3.8/site-packages/airflow/example_dags/example_short_circuit_decorator.py
[2025-05-07T20:12:36.993+0000] {logging_mixin.py:188} INFO - [2025-05-07T20:12:36.993+0000] {dag.py:3036} INFO - Sync 1 DAGs
[2025-05-07T20:12:37.016+0000] {logging_mixin.py:188} INFO - [2025-05-07T20:12:37.016+0000] {dag.py:3823} INFO - Setting next_dagrun for example_short_circuit_decorator to 2025-05-06 00:00:00+00:00, run_after=2025-05-07 00:00:00+00:00
[2025-05-07T20:12:37.038+0000] {processor.py:183} INFO - Processing /home/airflow/.local/lib/python3.8/site-packages/airflow/example_dags/example_short_circuit_decorator.py took 0.096 seconds
[2025-05-07T20:13:07.482+0000] {processor.py:161} INFO - Started process (PID=4539) to work on /home/airflow/.local/lib/python3.8/site-packages/airflow/example_dags/example_short_circuit_decorator.py
[2025-05-07T20:13:07.485+0000] {processor.py:830} INFO - Processing file /home/airflow/.local/lib/python3.8/site-packages/airflow/example_dags/example_short_circuit_decorator.py for tasks to queue
[2025-05-07T20:13:07.488+0000] {logging_mixin.py:188} INFO - [2025-05-07T20:13:07.488+0000] {dagbag.py:538} INFO - Filling up the DagBag from /home/airflow/.local/lib/python3.8/site-packages/airflow/example_dags/example_short_circuit_decorator.py
[2025-05-07T20:13:07.509+0000] {processor.py:840} INFO - DAG(s) 'example_short_circuit_decorator' retrieved from /home/airflow/.local/lib/python3.8/site-packages/airflow/example_dags/example_short_circuit_decorator.py
[2025-05-07T20:13:07.541+0000] {logging_mixin.py:188} INFO - [2025-05-07T20:13:07.541+0000] {dag.py:3036} INFO - Sync 1 DAGs
[2025-05-07T20:13:07.562+0000] {logging_mixin.py:188} INFO - [2025-05-07T20:13:07.562+0000] {dag.py:3823} INFO - Setting next_dagrun for example_short_circuit_decorator to 2025-05-06 00:00:00+00:00, run_after=2025-05-07 00:00:00+00:00
[2025-05-07T20:13:07.583+0000] {processor.py:183} INFO - Processing /home/airflow/.local/lib/python3.8/site-packages/airflow/example_dags/example_short_circuit_decorator.py took 0.107 seconds
[2025-05-07T20:13:38.469+0000] {processor.py:161} INFO - Started process (PID=4596) to work on /home/airflow/.local/lib/python3.8/site-packages/airflow/example_dags/example_short_circuit_decorator.py
[2025-05-07T20:13:38.473+0000] {processor.py:830} INFO - Processing file /home/airflow/.local/lib/python3.8/site-packages/airflow/example_dags/example_short_circuit_decorator.py for tasks to queue
[2025-05-07T20:13:38.476+0000] {logging_mixin.py:188} INFO - [2025-05-07T20:13:38.476+0000] {dagbag.py:538} INFO - Filling up the DagBag from /home/airflow/.local/lib/python3.8/site-packages/airflow/example_dags/example_short_circuit_decorator.py
[2025-05-07T20:13:38.488+0000] {processor.py:840} INFO - DAG(s) 'example_short_circuit_decorator' retrieved from /home/airflow/.local/lib/python3.8/site-packages/airflow/example_dags/example_short_circuit_decorator.py
[2025-05-07T20:13:38.511+0000] {logging_mixin.py:188} INFO - [2025-05-07T20:13:38.511+0000] {dag.py:3036} INFO - Sync 1 DAGs
[2025-05-07T20:13:38.532+0000] {logging_mixin.py:188} INFO - [2025-05-07T20:13:38.532+0000] {dag.py:3823} INFO - Setting next_dagrun for example_short_circuit_decorator to 2025-05-06 00:00:00+00:00, run_after=2025-05-07 00:00:00+00:00
[2025-05-07T20:13:38.551+0000] {processor.py:183} INFO - Processing /home/airflow/.local/lib/python3.8/site-packages/airflow/example_dags/example_short_circuit_decorator.py took 0.089 seconds
[2025-05-07T20:14:09.140+0000] {processor.py:161} INFO - Started process (PID=4653) to work on /home/airflow/.local/lib/python3.8/site-packages/airflow/example_dags/example_short_circuit_decorator.py
[2025-05-07T20:14:09.141+0000] {processor.py:830} INFO - Processing file /home/airflow/.local/lib/python3.8/site-packages/airflow/example_dags/example_short_circuit_decorator.py for tasks to queue
[2025-05-07T20:14:09.145+0000] {logging_mixin.py:188} INFO - [2025-05-07T20:14:09.144+0000] {dagbag.py:538} INFO - Filling up the DagBag from /home/airflow/.local/lib/python3.8/site-packages/airflow/example_dags/example_short_circuit_decorator.py
[2025-05-07T20:14:09.157+0000] {processor.py:840} INFO - DAG(s) 'example_short_circuit_decorator' retrieved from /home/airflow/.local/lib/python3.8/site-packages/airflow/example_dags/example_short_circuit_decorator.py
[2025-05-07T20:14:09.186+0000] {logging_mixin.py:188} INFO - [2025-05-07T20:14:09.186+0000] {dag.py:3036} INFO - Sync 1 DAGs
[2025-05-07T20:14:09.209+0000] {logging_mixin.py:188} INFO - [2025-05-07T20:14:09.209+0000] {dag.py:3823} INFO - Setting next_dagrun for example_short_circuit_decorator to 2025-05-06 00:00:00+00:00, run_after=2025-05-07 00:00:00+00:00
[2025-05-07T20:14:09.231+0000] {processor.py:183} INFO - Processing /home/airflow/.local/lib/python3.8/site-packages/airflow/example_dags/example_short_circuit_decorator.py took 0.095 seconds
[2025-05-07T20:14:39.838+0000] {processor.py:161} INFO - Started process (PID=4710) to work on /home/airflow/.local/lib/python3.8/site-packages/airflow/example_dags/example_short_circuit_decorator.py
[2025-05-07T20:14:39.842+0000] {processor.py:830} INFO - Processing file /home/airflow/.local/lib/python3.8/site-packages/airflow/example_dags/example_short_circuit_decorator.py for tasks to queue
[2025-05-07T20:14:39.846+0000] {logging_mixin.py:188} INFO - [2025-05-07T20:14:39.846+0000] {dagbag.py:538} INFO - Filling up the DagBag from /home/airflow/.local/lib/python3.8/site-packages/airflow/example_dags/example_short_circuit_decorator.py
[2025-05-07T20:14:39.862+0000] {processor.py:840} INFO - DAG(s) 'example_short_circuit_decorator' retrieved from /home/airflow/.local/lib/python3.8/site-packages/airflow/example_dags/example_short_circuit_decorator.py
[2025-05-07T20:14:39.888+0000] {logging_mixin.py:188} INFO - [2025-05-07T20:14:39.888+0000] {dag.py:3036} INFO - Sync 1 DAGs
[2025-05-07T20:14:39.911+0000] {logging_mixin.py:188} INFO - [2025-05-07T20:14:39.911+0000] {dag.py:3823} INFO - Setting next_dagrun for example_short_circuit_decorator to 2025-05-06 00:00:00+00:00, run_after=2025-05-07 00:00:00+00:00
[2025-05-07T20:14:39.936+0000] {processor.py:183} INFO - Processing /home/airflow/.local/lib/python3.8/site-packages/airflow/example_dags/example_short_circuit_decorator.py took 0.104 seconds
[2025-05-07T20:15:10.359+0000] {processor.py:161} INFO - Started process (PID=4767) to work on /home/airflow/.local/lib/python3.8/site-packages/airflow/example_dags/example_short_circuit_decorator.py
[2025-05-07T20:15:10.363+0000] {processor.py:830} INFO - Processing file /home/airflow/.local/lib/python3.8/site-packages/airflow/example_dags/example_short_circuit_decorator.py for tasks to queue
[2025-05-07T20:15:10.368+0000] {logging_mixin.py:188} INFO - [2025-05-07T20:15:10.367+0000] {dagbag.py:538} INFO - Filling up the DagBag from /home/airflow/.local/lib/python3.8/site-packages/airflow/example_dags/example_short_circuit_decorator.py
[2025-05-07T20:15:10.388+0000] {processor.py:840} INFO - DAG(s) 'example_short_circuit_decorator' retrieved from /home/airflow/.local/lib/python3.8/site-packages/airflow/example_dags/example_short_circuit_decorator.py
[2025-05-07T20:15:10.443+0000] {logging_mixin.py:188} INFO - [2025-05-07T20:15:10.442+0000] {dag.py:3036} INFO - Sync 1 DAGs
[2025-05-07T20:15:10.471+0000] {logging_mixin.py:188} INFO - [2025-05-07T20:15:10.471+0000] {dag.py:3823} INFO - Setting next_dagrun for example_short_circuit_decorator to 2025-05-06 00:00:00+00:00, run_after=2025-05-07 00:00:00+00:00
[2025-05-07T20:15:10.501+0000] {processor.py:183} INFO - Processing /home/airflow/.local/lib/python3.8/site-packages/airflow/example_dags/example_short_circuit_decorator.py took 0.148 seconds
[2025-05-07T20:15:41.366+0000] {processor.py:161} INFO - Started process (PID=4824) to work on /home/airflow/.local/lib/python3.8/site-packages/airflow/example_dags/example_short_circuit_decorator.py
[2025-05-07T20:15:41.368+0000] {processor.py:830} INFO - Processing file /home/airflow/.local/lib/python3.8/site-packages/airflow/example_dags/example_short_circuit_decorator.py for tasks to queue
[2025-05-07T20:15:41.371+0000] {logging_mixin.py:188} INFO - [2025-05-07T20:15:41.371+0000] {dagbag.py:538} INFO - Filling up the DagBag from /home/airflow/.local/lib/python3.8/site-packages/airflow/example_dags/example_short_circuit_decorator.py
[2025-05-07T20:15:41.393+0000] {processor.py:840} INFO - DAG(s) 'example_short_circuit_decorator' retrieved from /home/airflow/.local/lib/python3.8/site-packages/airflow/example_dags/example_short_circuit_decorator.py
[2025-05-07T20:15:41.435+0000] {logging_mixin.py:188} INFO - [2025-05-07T20:15:41.435+0000] {dag.py:3036} INFO - Sync 1 DAGs
[2025-05-07T20:15:41.465+0000] {logging_mixin.py:188} INFO - [2025-05-07T20:15:41.465+0000] {dag.py:3823} INFO - Setting next_dagrun for example_short_circuit_decorator to 2025-05-06 00:00:00+00:00, run_after=2025-05-07 00:00:00+00:00
[2025-05-07T20:15:41.496+0000] {processor.py:183} INFO - Processing /home/airflow/.local/lib/python3.8/site-packages/airflow/example_dags/example_short_circuit_decorator.py took 0.134 seconds
[2025-05-07T20:16:11.670+0000] {processor.py:161} INFO - Started process (PID=4881) to work on /home/airflow/.local/lib/python3.8/site-packages/airflow/example_dags/example_short_circuit_decorator.py
[2025-05-07T20:16:11.672+0000] {processor.py:830} INFO - Processing file /home/airflow/.local/lib/python3.8/site-packages/airflow/example_dags/example_short_circuit_decorator.py for tasks to queue
[2025-05-07T20:16:11.679+0000] {logging_mixin.py:188} INFO - [2025-05-07T20:16:11.678+0000] {dagbag.py:538} INFO - Filling up the DagBag from /home/airflow/.local/lib/python3.8/site-packages/airflow/example_dags/example_short_circuit_decorator.py
[2025-05-07T20:16:11.694+0000] {processor.py:840} INFO - DAG(s) 'example_short_circuit_decorator' retrieved from /home/airflow/.local/lib/python3.8/site-packages/airflow/example_dags/example_short_circuit_decorator.py
[2025-05-07T20:16:11.731+0000] {logging_mixin.py:188} INFO - [2025-05-07T20:16:11.730+0000] {dag.py:3036} INFO - Sync 1 DAGs
[2025-05-07T20:16:11.760+0000] {logging_mixin.py:188} INFO - [2025-05-07T20:16:11.759+0000] {dag.py:3823} INFO - Setting next_dagrun for example_short_circuit_decorator to 2025-05-06 00:00:00+00:00, run_after=2025-05-07 00:00:00+00:00
[2025-05-07T20:16:11.791+0000] {processor.py:183} INFO - Processing /home/airflow/.local/lib/python3.8/site-packages/airflow/example_dags/example_short_circuit_decorator.py took 0.128 seconds
[2025-05-07T20:16:41.984+0000] {processor.py:161} INFO - Started process (PID=4938) to work on /home/airflow/.local/lib/python3.8/site-packages/airflow/example_dags/example_short_circuit_decorator.py
[2025-05-07T20:16:41.987+0000] {processor.py:830} INFO - Processing file /home/airflow/.local/lib/python3.8/site-packages/airflow/example_dags/example_short_circuit_decorator.py for tasks to queue
[2025-05-07T20:16:41.994+0000] {logging_mixin.py:188} INFO - [2025-05-07T20:16:41.993+0000] {dagbag.py:538} INFO - Filling up the DagBag from /home/airflow/.local/lib/python3.8/site-packages/airflow/example_dags/example_short_circuit_decorator.py
[2025-05-07T20:16:42.021+0000] {processor.py:840} INFO - DAG(s) 'example_short_circuit_decorator' retrieved from /home/airflow/.local/lib/python3.8/site-packages/airflow/example_dags/example_short_circuit_decorator.py
[2025-05-07T20:16:42.067+0000] {logging_mixin.py:188} INFO - [2025-05-07T20:16:42.067+0000] {dag.py:3036} INFO - Sync 1 DAGs
[2025-05-07T20:16:42.096+0000] {logging_mixin.py:188} INFO - [2025-05-07T20:16:42.096+0000] {dag.py:3823} INFO - Setting next_dagrun for example_short_circuit_decorator to 2025-05-06 00:00:00+00:00, run_after=2025-05-07 00:00:00+00:00
[2025-05-07T20:16:42.129+0000] {processor.py:183} INFO - Processing /home/airflow/.local/lib/python3.8/site-packages/airflow/example_dags/example_short_circuit_decorator.py took 0.152 seconds
[2025-05-07T20:17:12.860+0000] {processor.py:161} INFO - Started process (PID=4995) to work on /home/airflow/.local/lib/python3.8/site-packages/airflow/example_dags/example_short_circuit_decorator.py
[2025-05-07T20:17:12.862+0000] {processor.py:830} INFO - Processing file /home/airflow/.local/lib/python3.8/site-packages/airflow/example_dags/example_short_circuit_decorator.py for tasks to queue
[2025-05-07T20:17:12.865+0000] {logging_mixin.py:188} INFO - [2025-05-07T20:17:12.865+0000] {dagbag.py:538} INFO - Filling up the DagBag from /home/airflow/.local/lib/python3.8/site-packages/airflow/example_dags/example_short_circuit_decorator.py
[2025-05-07T20:17:12.878+0000] {processor.py:840} INFO - DAG(s) 'example_short_circuit_decorator' retrieved from /home/airflow/.local/lib/python3.8/site-packages/airflow/example_dags/example_short_circuit_decorator.py
[2025-05-07T20:17:12.909+0000] {logging_mixin.py:188} INFO - [2025-05-07T20:17:12.908+0000] {dag.py:3036} INFO - Sync 1 DAGs
[2025-05-07T20:17:12.938+0000] {logging_mixin.py:188} INFO - [2025-05-07T20:17:12.937+0000] {dag.py:3823} INFO - Setting next_dagrun for example_short_circuit_decorator to 2025-05-06 00:00:00+00:00, run_after=2025-05-07 00:00:00+00:00
[2025-05-07T20:17:12.968+0000] {processor.py:183} INFO - Processing /home/airflow/.local/lib/python3.8/site-packages/airflow/example_dags/example_short_circuit_decorator.py took 0.113 seconds
[2025-05-07T20:17:43.505+0000] {processor.py:161} INFO - Started process (PID=5052) to work on /home/airflow/.local/lib/python3.8/site-packages/airflow/example_dags/example_short_circuit_decorator.py
[2025-05-07T20:17:43.507+0000] {processor.py:830} INFO - Processing file /home/airflow/.local/lib/python3.8/site-packages/airflow/example_dags/example_short_circuit_decorator.py for tasks to queue
[2025-05-07T20:17:43.510+0000] {logging_mixin.py:188} INFO - [2025-05-07T20:17:43.510+0000] {dagbag.py:538} INFO - Filling up the DagBag from /home/airflow/.local/lib/python3.8/site-packages/airflow/example_dags/example_short_circuit_decorator.py
[2025-05-07T20:17:43.524+0000] {processor.py:840} INFO - DAG(s) 'example_short_circuit_decorator' retrieved from /home/airflow/.local/lib/python3.8/site-packages/airflow/example_dags/example_short_circuit_decorator.py
[2025-05-07T20:17:43.556+0000] {logging_mixin.py:188} INFO - [2025-05-07T20:17:43.556+0000] {dag.py:3036} INFO - Sync 1 DAGs
[2025-05-07T20:17:43.584+0000] {logging_mixin.py:188} INFO - [2025-05-07T20:17:43.584+0000] {dag.py:3823} INFO - Setting next_dagrun for example_short_circuit_decorator to 2025-05-06 00:00:00+00:00, run_after=2025-05-07 00:00:00+00:00
[2025-05-07T20:17:43.611+0000] {processor.py:183} INFO - Processing /home/airflow/.local/lib/python3.8/site-packages/airflow/example_dags/example_short_circuit_decorator.py took 0.111 seconds
[2025-05-07T20:18:13.983+0000] {processor.py:161} INFO - Started process (PID=5110) to work on /home/airflow/.local/lib/python3.8/site-packages/airflow/example_dags/example_short_circuit_decorator.py
[2025-05-07T20:18:13.986+0000] {processor.py:830} INFO - Processing file /home/airflow/.local/lib/python3.8/site-packages/airflow/example_dags/example_short_circuit_decorator.py for tasks to queue
[2025-05-07T20:18:13.993+0000] {logging_mixin.py:188} INFO - [2025-05-07T20:18:13.992+0000] {dagbag.py:538} INFO - Filling up the DagBag from /home/airflow/.local/lib/python3.8/site-packages/airflow/example_dags/example_short_circuit_decorator.py
[2025-05-07T20:18:14.015+0000] {processor.py:840} INFO - DAG(s) 'example_short_circuit_decorator' retrieved from /home/airflow/.local/lib/python3.8/site-packages/airflow/example_dags/example_short_circuit_decorator.py
[2025-05-07T20:18:14.071+0000] {logging_mixin.py:188} INFO - [2025-05-07T20:18:14.071+0000] {dag.py:3036} INFO - Sync 1 DAGs
[2025-05-07T20:18:14.098+0000] {logging_mixin.py:188} INFO - [2025-05-07T20:18:14.098+0000] {dag.py:3823} INFO - Setting next_dagrun for example_short_circuit_decorator to 2025-05-06 00:00:00+00:00, run_after=2025-05-07 00:00:00+00:00
[2025-05-07T20:18:14.125+0000] {processor.py:183} INFO - Processing /home/airflow/.local/lib/python3.8/site-packages/airflow/example_dags/example_short_circuit_decorator.py took 0.151 seconds
[2025-05-07T20:18:44.815+0000] {processor.py:161} INFO - Started process (PID=5167) to work on /home/airflow/.local/lib/python3.8/site-packages/airflow/example_dags/example_short_circuit_decorator.py
[2025-05-07T20:18:44.817+0000] {processor.py:830} INFO - Processing file /home/airflow/.local/lib/python3.8/site-packages/airflow/example_dags/example_short_circuit_decorator.py for tasks to queue
[2025-05-07T20:18:44.821+0000] {logging_mixin.py:188} INFO - [2025-05-07T20:18:44.820+0000] {dagbag.py:538} INFO - Filling up the DagBag from /home/airflow/.local/lib/python3.8/site-packages/airflow/example_dags/example_short_circuit_decorator.py
[2025-05-07T20:18:44.834+0000] {processor.py:840} INFO - DAG(s) 'example_short_circuit_decorator' retrieved from /home/airflow/.local/lib/python3.8/site-packages/airflow/example_dags/example_short_circuit_decorator.py
[2025-05-07T20:18:44.867+0000] {logging_mixin.py:188} INFO - [2025-05-07T20:18:44.867+0000] {dag.py:3036} INFO - Sync 1 DAGs
[2025-05-07T20:18:44.896+0000] {logging_mixin.py:188} INFO - [2025-05-07T20:18:44.895+0000] {dag.py:3823} INFO - Setting next_dagrun for example_short_circuit_decorator to 2025-05-06 00:00:00+00:00, run_after=2025-05-07 00:00:00+00:00
[2025-05-07T20:18:44.922+0000] {processor.py:183} INFO - Processing /home/airflow/.local/lib/python3.8/site-packages/airflow/example_dags/example_short_circuit_decorator.py took 0.111 seconds
