[2025-05-07T19:05:13.419+0000] {processor.py:161} INFO - Started process (PID=58) to work on /home/airflow/.local/lib/python3.8/site-packages/airflow/example_dags/example_dynamic_task_mapping.py
[2025-05-07T19:05:13.421+0000] {processor.py:830} INFO - Processing file /home/airflow/.local/lib/python3.8/site-packages/airflow/example_dags/example_dynamic_task_mapping.py for tasks to queue
[2025-05-07T19:05:13.423+0000] {logging_mixin.py:188} INFO - [2025-05-07T19:05:13.423+0000] {dagbag.py:538} INFO - Filling up the DagBag from /home/airflow/.local/lib/python3.8/site-packages/airflow/example_dags/example_dynamic_task_mapping.py
[2025-05-07T19:05:13.447+0000] {processor.py:840} INFO - DAG(s) 'example_dynamic_task_mapping' retrieved from /home/airflow/.local/lib/python3.8/site-packages/airflow/example_dags/example_dynamic_task_mapping.py
[2025-05-07T19:05:13.483+0000] {logging_mixin.py:188} INFO - [2025-05-07T19:05:13.483+0000] {dag.py:3036} INFO - Sync 1 DAGs
[2025-05-07T19:05:13.511+0000] {logging_mixin.py:188} INFO - [2025-05-07T19:05:13.510+0000] {dag.py:3823} INFO - Setting next_dagrun for example_dynamic_task_mapping to 2022-03-04 00:00:00+00:00, run_after=2022-03-05 00:00:00+00:00
[2025-05-07T19:05:13.542+0000] {processor.py:183} INFO - Processing /home/airflow/.local/lib/python3.8/site-packages/airflow/example_dags/example_dynamic_task_mapping.py took 0.126 seconds
[2025-05-07T19:05:43.614+0000] {processor.py:161} INFO - Started process (PID=113) to work on /home/airflow/.local/lib/python3.8/site-packages/airflow/example_dags/example_dynamic_task_mapping.py
[2025-05-07T19:05:43.616+0000] {processor.py:830} INFO - Processing file /home/airflow/.local/lib/python3.8/site-packages/airflow/example_dags/example_dynamic_task_mapping.py for tasks to queue
[2025-05-07T19:05:43.619+0000] {logging_mixin.py:188} INFO - [2025-05-07T19:05:43.618+0000] {dagbag.py:538} INFO - Filling up the DagBag from /home/airflow/.local/lib/python3.8/site-packages/airflow/example_dags/example_dynamic_task_mapping.py
[2025-05-07T19:05:43.631+0000] {processor.py:840} INFO - DAG(s) 'example_dynamic_task_mapping' retrieved from /home/airflow/.local/lib/python3.8/site-packages/airflow/example_dags/example_dynamic_task_mapping.py
[2025-05-07T19:05:43.816+0000] {logging_mixin.py:188} INFO - [2025-05-07T19:05:43.816+0000] {dag.py:3036} INFO - Sync 1 DAGs
[2025-05-07T19:05:43.837+0000] {logging_mixin.py:188} INFO - [2025-05-07T19:05:43.837+0000] {dag.py:3823} INFO - Setting next_dagrun for example_dynamic_task_mapping to 2022-03-04 00:00:00+00:00, run_after=2022-03-05 00:00:00+00:00
[2025-05-07T19:05:43.858+0000] {processor.py:183} INFO - Processing /home/airflow/.local/lib/python3.8/site-packages/airflow/example_dags/example_dynamic_task_mapping.py took 0.250 seconds
[2025-05-07T19:06:14.158+0000] {processor.py:161} INFO - Started process (PID=168) to work on /home/airflow/.local/lib/python3.8/site-packages/airflow/example_dags/example_dynamic_task_mapping.py
[2025-05-07T19:06:14.160+0000] {processor.py:830} INFO - Processing file /home/airflow/.local/lib/python3.8/site-packages/airflow/example_dags/example_dynamic_task_mapping.py for tasks to queue
[2025-05-07T19:06:14.162+0000] {logging_mixin.py:188} INFO - [2025-05-07T19:06:14.162+0000] {dagbag.py:538} INFO - Filling up the DagBag from /home/airflow/.local/lib/python3.8/site-packages/airflow/example_dags/example_dynamic_task_mapping.py
[2025-05-07T19:06:14.171+0000] {processor.py:840} INFO - DAG(s) 'example_dynamic_task_mapping' retrieved from /home/airflow/.local/lib/python3.8/site-packages/airflow/example_dags/example_dynamic_task_mapping.py
[2025-05-07T19:06:14.206+0000] {logging_mixin.py:188} INFO - [2025-05-07T19:06:14.205+0000] {dag.py:3036} INFO - Sync 1 DAGs
[2025-05-07T19:06:14.232+0000] {logging_mixin.py:188} INFO - [2025-05-07T19:06:14.231+0000] {dag.py:3823} INFO - Setting next_dagrun for example_dynamic_task_mapping to 2022-03-04 00:00:00+00:00, run_after=2022-03-05 00:00:00+00:00
[2025-05-07T19:06:14.257+0000] {processor.py:183} INFO - Processing /home/airflow/.local/lib/python3.8/site-packages/airflow/example_dags/example_dynamic_task_mapping.py took 0.103 seconds
[2025-05-07T19:06:44.761+0000] {processor.py:161} INFO - Started process (PID=229) to work on /home/airflow/.local/lib/python3.8/site-packages/airflow/example_dags/example_dynamic_task_mapping.py
[2025-05-07T19:06:44.764+0000] {processor.py:830} INFO - Processing file /home/airflow/.local/lib/python3.8/site-packages/airflow/example_dags/example_dynamic_task_mapping.py for tasks to queue
[2025-05-07T19:06:44.769+0000] {logging_mixin.py:188} INFO - [2025-05-07T19:06:44.769+0000] {dagbag.py:538} INFO - Filling up the DagBag from /home/airflow/.local/lib/python3.8/site-packages/airflow/example_dags/example_dynamic_task_mapping.py
[2025-05-07T19:06:44.777+0000] {processor.py:840} INFO - DAG(s) 'example_dynamic_task_mapping' retrieved from /home/airflow/.local/lib/python3.8/site-packages/airflow/example_dags/example_dynamic_task_mapping.py
[2025-05-07T19:06:44.801+0000] {logging_mixin.py:188} INFO - [2025-05-07T19:06:44.801+0000] {dag.py:3036} INFO - Sync 1 DAGs
[2025-05-07T19:06:44.828+0000] {logging_mixin.py:188} INFO - [2025-05-07T19:06:44.828+0000] {dag.py:3823} INFO - Setting next_dagrun for example_dynamic_task_mapping to 2022-03-04 00:00:00+00:00, run_after=2022-03-05 00:00:00+00:00
[2025-05-07T19:06:44.855+0000] {processor.py:183} INFO - Processing /home/airflow/.local/lib/python3.8/site-packages/airflow/example_dags/example_dynamic_task_mapping.py took 0.098 seconds
[2025-05-07T19:07:15.270+0000] {processor.py:161} INFO - Started process (PID=284) to work on /home/airflow/.local/lib/python3.8/site-packages/airflow/example_dags/example_dynamic_task_mapping.py
[2025-05-07T19:07:15.273+0000] {processor.py:830} INFO - Processing file /home/airflow/.local/lib/python3.8/site-packages/airflow/example_dags/example_dynamic_task_mapping.py for tasks to queue
[2025-05-07T19:07:15.275+0000] {logging_mixin.py:188} INFO - [2025-05-07T19:07:15.275+0000] {dagbag.py:538} INFO - Filling up the DagBag from /home/airflow/.local/lib/python3.8/site-packages/airflow/example_dags/example_dynamic_task_mapping.py
[2025-05-07T19:07:15.282+0000] {processor.py:840} INFO - DAG(s) 'example_dynamic_task_mapping' retrieved from /home/airflow/.local/lib/python3.8/site-packages/airflow/example_dags/example_dynamic_task_mapping.py
[2025-05-07T19:07:15.303+0000] {logging_mixin.py:188} INFO - [2025-05-07T19:07:15.303+0000] {dag.py:3036} INFO - Sync 1 DAGs
[2025-05-07T19:07:15.325+0000] {logging_mixin.py:188} INFO - [2025-05-07T19:07:15.325+0000] {dag.py:3823} INFO - Setting next_dagrun for example_dynamic_task_mapping to 2022-03-04 00:00:00+00:00, run_after=2022-03-05 00:00:00+00:00
[2025-05-07T19:07:15.351+0000] {processor.py:183} INFO - Processing /home/airflow/.local/lib/python3.8/site-packages/airflow/example_dags/example_dynamic_task_mapping.py took 0.085 seconds
[2025-05-07T19:07:45.709+0000] {processor.py:161} INFO - Started process (PID=339) to work on /home/airflow/.local/lib/python3.8/site-packages/airflow/example_dags/example_dynamic_task_mapping.py
[2025-05-07T19:07:45.712+0000] {processor.py:830} INFO - Processing file /home/airflow/.local/lib/python3.8/site-packages/airflow/example_dags/example_dynamic_task_mapping.py for tasks to queue
[2025-05-07T19:07:45.718+0000] {logging_mixin.py:188} INFO - [2025-05-07T19:07:45.717+0000] {dagbag.py:538} INFO - Filling up the DagBag from /home/airflow/.local/lib/python3.8/site-packages/airflow/example_dags/example_dynamic_task_mapping.py
[2025-05-07T19:07:45.730+0000] {processor.py:840} INFO - DAG(s) 'example_dynamic_task_mapping' retrieved from /home/airflow/.local/lib/python3.8/site-packages/airflow/example_dags/example_dynamic_task_mapping.py
[2025-05-07T19:07:45.757+0000] {logging_mixin.py:188} INFO - [2025-05-07T19:07:45.757+0000] {dag.py:3036} INFO - Sync 1 DAGs
[2025-05-07T19:07:45.782+0000] {logging_mixin.py:188} INFO - [2025-05-07T19:07:45.782+0000] {dag.py:3823} INFO - Setting next_dagrun for example_dynamic_task_mapping to 2022-03-04 00:00:00+00:00, run_after=2022-03-05 00:00:00+00:00
[2025-05-07T19:07:45.817+0000] {processor.py:183} INFO - Processing /home/airflow/.local/lib/python3.8/site-packages/airflow/example_dags/example_dynamic_task_mapping.py took 0.115 seconds
[2025-05-07T19:08:16.033+0000] {processor.py:161} INFO - Started process (PID=394) to work on /home/airflow/.local/lib/python3.8/site-packages/airflow/example_dags/example_dynamic_task_mapping.py
[2025-05-07T19:08:16.038+0000] {processor.py:830} INFO - Processing file /home/airflow/.local/lib/python3.8/site-packages/airflow/example_dags/example_dynamic_task_mapping.py for tasks to queue
[2025-05-07T19:08:16.044+0000] {logging_mixin.py:188} INFO - [2025-05-07T19:08:16.044+0000] {dagbag.py:538} INFO - Filling up the DagBag from /home/airflow/.local/lib/python3.8/site-packages/airflow/example_dags/example_dynamic_task_mapping.py
[2025-05-07T19:08:16.059+0000] {processor.py:840} INFO - DAG(s) 'example_dynamic_task_mapping' retrieved from /home/airflow/.local/lib/python3.8/site-packages/airflow/example_dags/example_dynamic_task_mapping.py
[2025-05-07T19:08:16.083+0000] {logging_mixin.py:188} INFO - [2025-05-07T19:08:16.083+0000] {dag.py:3036} INFO - Sync 1 DAGs
[2025-05-07T19:08:16.106+0000] {logging_mixin.py:188} INFO - [2025-05-07T19:08:16.106+0000] {dag.py:3823} INFO - Setting next_dagrun for example_dynamic_task_mapping to 2022-03-04 00:00:00+00:00, run_after=2022-03-05 00:00:00+00:00
[2025-05-07T19:08:16.139+0000] {processor.py:183} INFO - Processing /home/airflow/.local/lib/python3.8/site-packages/airflow/example_dags/example_dynamic_task_mapping.py took 0.112 seconds
[2025-05-07T19:08:46.632+0000] {processor.py:161} INFO - Started process (PID=449) to work on /home/airflow/.local/lib/python3.8/site-packages/airflow/example_dags/example_dynamic_task_mapping.py
[2025-05-07T19:08:46.638+0000] {processor.py:830} INFO - Processing file /home/airflow/.local/lib/python3.8/site-packages/airflow/example_dags/example_dynamic_task_mapping.py for tasks to queue
[2025-05-07T19:08:46.643+0000] {logging_mixin.py:188} INFO - [2025-05-07T19:08:46.643+0000] {dagbag.py:538} INFO - Filling up the DagBag from /home/airflow/.local/lib/python3.8/site-packages/airflow/example_dags/example_dynamic_task_mapping.py
[2025-05-07T19:08:46.655+0000] {processor.py:840} INFO - DAG(s) 'example_dynamic_task_mapping' retrieved from /home/airflow/.local/lib/python3.8/site-packages/airflow/example_dags/example_dynamic_task_mapping.py
[2025-05-07T19:08:46.681+0000] {logging_mixin.py:188} INFO - [2025-05-07T19:08:46.681+0000] {dag.py:3036} INFO - Sync 1 DAGs
[2025-05-07T19:08:46.702+0000] {logging_mixin.py:188} INFO - [2025-05-07T19:08:46.702+0000] {dag.py:3823} INFO - Setting next_dagrun for example_dynamic_task_mapping to 2022-03-04 00:00:00+00:00, run_after=2022-03-05 00:00:00+00:00
[2025-05-07T19:08:46.728+0000] {processor.py:183} INFO - Processing /home/airflow/.local/lib/python3.8/site-packages/airflow/example_dags/example_dynamic_task_mapping.py took 0.102 seconds
[2025-05-07T19:09:16.979+0000] {processor.py:161} INFO - Started process (PID=504) to work on /home/airflow/.local/lib/python3.8/site-packages/airflow/example_dags/example_dynamic_task_mapping.py
[2025-05-07T19:09:16.980+0000] {processor.py:830} INFO - Processing file /home/airflow/.local/lib/python3.8/site-packages/airflow/example_dags/example_dynamic_task_mapping.py for tasks to queue
[2025-05-07T19:09:16.983+0000] {logging_mixin.py:188} INFO - [2025-05-07T19:09:16.982+0000] {dagbag.py:538} INFO - Filling up the DagBag from /home/airflow/.local/lib/python3.8/site-packages/airflow/example_dags/example_dynamic_task_mapping.py
[2025-05-07T19:09:16.990+0000] {processor.py:840} INFO - DAG(s) 'example_dynamic_task_mapping' retrieved from /home/airflow/.local/lib/python3.8/site-packages/airflow/example_dags/example_dynamic_task_mapping.py
[2025-05-07T19:09:17.011+0000] {logging_mixin.py:188} INFO - [2025-05-07T19:09:17.011+0000] {dag.py:3036} INFO - Sync 1 DAGs
[2025-05-07T19:09:17.032+0000] {logging_mixin.py:188} INFO - [2025-05-07T19:09:17.032+0000] {dag.py:3823} INFO - Setting next_dagrun for example_dynamic_task_mapping to 2022-03-04 00:00:00+00:00, run_after=2022-03-05 00:00:00+00:00
[2025-05-07T19:09:17.093+0000] {processor.py:183} INFO - Processing /home/airflow/.local/lib/python3.8/site-packages/airflow/example_dags/example_dynamic_task_mapping.py took 0.118 seconds
[2025-05-07T19:09:47.222+0000] {processor.py:161} INFO - Started process (PID=559) to work on /home/airflow/.local/lib/python3.8/site-packages/airflow/example_dags/example_dynamic_task_mapping.py
[2025-05-07T19:09:47.224+0000] {processor.py:830} INFO - Processing file /home/airflow/.local/lib/python3.8/site-packages/airflow/example_dags/example_dynamic_task_mapping.py for tasks to queue
[2025-05-07T19:09:47.227+0000] {logging_mixin.py:188} INFO - [2025-05-07T19:09:47.227+0000] {dagbag.py:538} INFO - Filling up the DagBag from /home/airflow/.local/lib/python3.8/site-packages/airflow/example_dags/example_dynamic_task_mapping.py
[2025-05-07T19:09:47.238+0000] {processor.py:840} INFO - DAG(s) 'example_dynamic_task_mapping' retrieved from /home/airflow/.local/lib/python3.8/site-packages/airflow/example_dags/example_dynamic_task_mapping.py
[2025-05-07T19:09:47.261+0000] {logging_mixin.py:188} INFO - [2025-05-07T19:09:47.261+0000] {dag.py:3036} INFO - Sync 1 DAGs
[2025-05-07T19:09:47.284+0000] {logging_mixin.py:188} INFO - [2025-05-07T19:09:47.283+0000] {dag.py:3823} INFO - Setting next_dagrun for example_dynamic_task_mapping to 2022-03-04 00:00:00+00:00, run_after=2022-03-05 00:00:00+00:00
[2025-05-07T19:09:47.307+0000] {processor.py:183} INFO - Processing /home/airflow/.local/lib/python3.8/site-packages/airflow/example_dags/example_dynamic_task_mapping.py took 0.091 seconds
[2025-05-07T19:10:17.406+0000] {processor.py:161} INFO - Started process (PID=616) to work on /home/airflow/.local/lib/python3.8/site-packages/airflow/example_dags/example_dynamic_task_mapping.py
[2025-05-07T19:10:17.408+0000] {processor.py:830} INFO - Processing file /home/airflow/.local/lib/python3.8/site-packages/airflow/example_dags/example_dynamic_task_mapping.py for tasks to queue
[2025-05-07T19:10:17.411+0000] {logging_mixin.py:188} INFO - [2025-05-07T19:10:17.411+0000] {dagbag.py:538} INFO - Filling up the DagBag from /home/airflow/.local/lib/python3.8/site-packages/airflow/example_dags/example_dynamic_task_mapping.py
[2025-05-07T19:10:17.418+0000] {processor.py:840} INFO - DAG(s) 'example_dynamic_task_mapping' retrieved from /home/airflow/.local/lib/python3.8/site-packages/airflow/example_dags/example_dynamic_task_mapping.py
[2025-05-07T19:10:17.444+0000] {logging_mixin.py:188} INFO - [2025-05-07T19:10:17.444+0000] {dag.py:3036} INFO - Sync 1 DAGs
[2025-05-07T19:10:17.467+0000] {logging_mixin.py:188} INFO - [2025-05-07T19:10:17.467+0000] {dag.py:3823} INFO - Setting next_dagrun for example_dynamic_task_mapping to 2022-03-04 00:00:00+00:00, run_after=2022-03-05 00:00:00+00:00
[2025-05-07T19:10:17.490+0000] {processor.py:183} INFO - Processing /home/airflow/.local/lib/python3.8/site-packages/airflow/example_dags/example_dynamic_task_mapping.py took 0.089 seconds
[2025-05-07T19:10:47.972+0000] {processor.py:161} INFO - Started process (PID=672) to work on /home/airflow/.local/lib/python3.8/site-packages/airflow/example_dags/example_dynamic_task_mapping.py
[2025-05-07T19:10:47.975+0000] {processor.py:830} INFO - Processing file /home/airflow/.local/lib/python3.8/site-packages/airflow/example_dags/example_dynamic_task_mapping.py for tasks to queue
[2025-05-07T19:10:47.980+0000] {logging_mixin.py:188} INFO - [2025-05-07T19:10:47.979+0000] {dagbag.py:538} INFO - Filling up the DagBag from /home/airflow/.local/lib/python3.8/site-packages/airflow/example_dags/example_dynamic_task_mapping.py
[2025-05-07T19:10:47.994+0000] {processor.py:840} INFO - DAG(s) 'example_dynamic_task_mapping' retrieved from /home/airflow/.local/lib/python3.8/site-packages/airflow/example_dags/example_dynamic_task_mapping.py
[2025-05-07T19:10:48.030+0000] {logging_mixin.py:188} INFO - [2025-05-07T19:10:48.030+0000] {dag.py:3036} INFO - Sync 1 DAGs
[2025-05-07T19:10:48.051+0000] {logging_mixin.py:188} INFO - [2025-05-07T19:10:48.051+0000] {dag.py:3823} INFO - Setting next_dagrun for example_dynamic_task_mapping to 2022-03-04 00:00:00+00:00, run_after=2022-03-05 00:00:00+00:00
[2025-05-07T19:10:48.076+0000] {processor.py:183} INFO - Processing /home/airflow/.local/lib/python3.8/site-packages/airflow/example_dags/example_dynamic_task_mapping.py took 0.110 seconds
[2025-05-07T19:11:18.425+0000] {processor.py:161} INFO - Started process (PID=730) to work on /home/airflow/.local/lib/python3.8/site-packages/airflow/example_dags/example_dynamic_task_mapping.py
[2025-05-07T19:11:18.427+0000] {processor.py:830} INFO - Processing file /home/airflow/.local/lib/python3.8/site-packages/airflow/example_dags/example_dynamic_task_mapping.py for tasks to queue
[2025-05-07T19:11:18.429+0000] {logging_mixin.py:188} INFO - [2025-05-07T19:11:18.429+0000] {dagbag.py:538} INFO - Filling up the DagBag from /home/airflow/.local/lib/python3.8/site-packages/airflow/example_dags/example_dynamic_task_mapping.py
[2025-05-07T19:11:18.436+0000] {processor.py:840} INFO - DAG(s) 'example_dynamic_task_mapping' retrieved from /home/airflow/.local/lib/python3.8/site-packages/airflow/example_dags/example_dynamic_task_mapping.py
[2025-05-07T19:11:18.457+0000] {logging_mixin.py:188} INFO - [2025-05-07T19:11:18.456+0000] {dag.py:3036} INFO - Sync 1 DAGs
[2025-05-07T19:11:18.478+0000] {logging_mixin.py:188} INFO - [2025-05-07T19:11:18.478+0000] {dag.py:3823} INFO - Setting next_dagrun for example_dynamic_task_mapping to 2022-03-04 00:00:00+00:00, run_after=2022-03-05 00:00:00+00:00
[2025-05-07T19:11:18.502+0000] {processor.py:183} INFO - Processing /home/airflow/.local/lib/python3.8/site-packages/airflow/example_dags/example_dynamic_task_mapping.py took 0.080 seconds
[2025-05-07T19:11:49.174+0000] {processor.py:161} INFO - Started process (PID=792) to work on /home/airflow/.local/lib/python3.8/site-packages/airflow/example_dags/example_dynamic_task_mapping.py
[2025-05-07T19:11:49.176+0000] {processor.py:830} INFO - Processing file /home/airflow/.local/lib/python3.8/site-packages/airflow/example_dags/example_dynamic_task_mapping.py for tasks to queue
[2025-05-07T19:11:49.181+0000] {logging_mixin.py:188} INFO - [2025-05-07T19:11:49.180+0000] {dagbag.py:538} INFO - Filling up the DagBag from /home/airflow/.local/lib/python3.8/site-packages/airflow/example_dags/example_dynamic_task_mapping.py
[2025-05-07T19:11:49.196+0000] {processor.py:840} INFO - DAG(s) 'example_dynamic_task_mapping' retrieved from /home/airflow/.local/lib/python3.8/site-packages/airflow/example_dags/example_dynamic_task_mapping.py
[2025-05-07T19:11:49.219+0000] {logging_mixin.py:188} INFO - [2025-05-07T19:11:49.219+0000] {dag.py:3036} INFO - Sync 1 DAGs
[2025-05-07T19:11:49.243+0000] {logging_mixin.py:188} INFO - [2025-05-07T19:11:49.243+0000] {dag.py:3823} INFO - Setting next_dagrun for example_dynamic_task_mapping to 2022-03-04 00:00:00+00:00, run_after=2022-03-05 00:00:00+00:00
[2025-05-07T19:11:49.265+0000] {processor.py:183} INFO - Processing /home/airflow/.local/lib/python3.8/site-packages/airflow/example_dags/example_dynamic_task_mapping.py took 0.096 seconds
[2025-05-07T19:12:19.542+0000] {processor.py:161} INFO - Started process (PID=848) to work on /home/airflow/.local/lib/python3.8/site-packages/airflow/example_dags/example_dynamic_task_mapping.py
[2025-05-07T19:12:19.544+0000] {processor.py:830} INFO - Processing file /home/airflow/.local/lib/python3.8/site-packages/airflow/example_dags/example_dynamic_task_mapping.py for tasks to queue
[2025-05-07T19:12:19.546+0000] {logging_mixin.py:188} INFO - [2025-05-07T19:12:19.546+0000] {dagbag.py:538} INFO - Filling up the DagBag from /home/airflow/.local/lib/python3.8/site-packages/airflow/example_dags/example_dynamic_task_mapping.py
[2025-05-07T19:12:19.554+0000] {processor.py:840} INFO - DAG(s) 'example_dynamic_task_mapping' retrieved from /home/airflow/.local/lib/python3.8/site-packages/airflow/example_dags/example_dynamic_task_mapping.py
[2025-05-07T19:12:19.578+0000] {logging_mixin.py:188} INFO - [2025-05-07T19:12:19.577+0000] {dag.py:3036} INFO - Sync 1 DAGs
[2025-05-07T19:12:19.601+0000] {logging_mixin.py:188} INFO - [2025-05-07T19:12:19.601+0000] {dag.py:3823} INFO - Setting next_dagrun for example_dynamic_task_mapping to 2022-03-04 00:00:00+00:00, run_after=2022-03-05 00:00:00+00:00
[2025-05-07T19:12:19.623+0000] {processor.py:183} INFO - Processing /home/airflow/.local/lib/python3.8/site-packages/airflow/example_dags/example_dynamic_task_mapping.py took 0.084 seconds
[2025-05-07T19:12:50.104+0000] {processor.py:161} INFO - Started process (PID=904) to work on /home/airflow/.local/lib/python3.8/site-packages/airflow/example_dags/example_dynamic_task_mapping.py
[2025-05-07T19:12:50.106+0000] {processor.py:830} INFO - Processing file /home/airflow/.local/lib/python3.8/site-packages/airflow/example_dags/example_dynamic_task_mapping.py for tasks to queue
[2025-05-07T19:12:50.109+0000] {logging_mixin.py:188} INFO - [2025-05-07T19:12:50.109+0000] {dagbag.py:538} INFO - Filling up the DagBag from /home/airflow/.local/lib/python3.8/site-packages/airflow/example_dags/example_dynamic_task_mapping.py
[2025-05-07T19:12:50.119+0000] {processor.py:840} INFO - DAG(s) 'example_dynamic_task_mapping' retrieved from /home/airflow/.local/lib/python3.8/site-packages/airflow/example_dags/example_dynamic_task_mapping.py
[2025-05-07T19:12:50.147+0000] {logging_mixin.py:188} INFO - [2025-05-07T19:12:50.146+0000] {dag.py:3036} INFO - Sync 1 DAGs
[2025-05-07T19:12:50.172+0000] {logging_mixin.py:188} INFO - [2025-05-07T19:12:50.171+0000] {dag.py:3823} INFO - Setting next_dagrun for example_dynamic_task_mapping to 2022-03-04 00:00:00+00:00, run_after=2022-03-05 00:00:00+00:00
[2025-05-07T19:12:50.196+0000] {processor.py:183} INFO - Processing /home/airflow/.local/lib/python3.8/site-packages/airflow/example_dags/example_dynamic_task_mapping.py took 0.096 seconds
[2025-05-07T19:13:20.529+0000] {processor.py:161} INFO - Started process (PID=960) to work on /home/airflow/.local/lib/python3.8/site-packages/airflow/example_dags/example_dynamic_task_mapping.py
[2025-05-07T19:13:20.531+0000] {processor.py:830} INFO - Processing file /home/airflow/.local/lib/python3.8/site-packages/airflow/example_dags/example_dynamic_task_mapping.py for tasks to queue
[2025-05-07T19:13:20.534+0000] {logging_mixin.py:188} INFO - [2025-05-07T19:13:20.533+0000] {dagbag.py:538} INFO - Filling up the DagBag from /home/airflow/.local/lib/python3.8/site-packages/airflow/example_dags/example_dynamic_task_mapping.py
[2025-05-07T19:13:20.541+0000] {processor.py:840} INFO - DAG(s) 'example_dynamic_task_mapping' retrieved from /home/airflow/.local/lib/python3.8/site-packages/airflow/example_dags/example_dynamic_task_mapping.py
[2025-05-07T19:13:20.562+0000] {logging_mixin.py:188} INFO - [2025-05-07T19:13:20.562+0000] {dag.py:3036} INFO - Sync 1 DAGs
[2025-05-07T19:13:20.583+0000] {logging_mixin.py:188} INFO - [2025-05-07T19:13:20.583+0000] {dag.py:3823} INFO - Setting next_dagrun for example_dynamic_task_mapping to 2022-03-04 00:00:00+00:00, run_after=2022-03-05 00:00:00+00:00
[2025-05-07T19:13:20.603+0000] {processor.py:183} INFO - Processing /home/airflow/.local/lib/python3.8/site-packages/airflow/example_dags/example_dynamic_task_mapping.py took 0.081 seconds
[2025-05-07T19:13:50.924+0000] {processor.py:161} INFO - Started process (PID=1016) to work on /home/airflow/.local/lib/python3.8/site-packages/airflow/example_dags/example_dynamic_task_mapping.py
[2025-05-07T19:13:50.925+0000] {processor.py:830} INFO - Processing file /home/airflow/.local/lib/python3.8/site-packages/airflow/example_dags/example_dynamic_task_mapping.py for tasks to queue
[2025-05-07T19:13:50.928+0000] {logging_mixin.py:188} INFO - [2025-05-07T19:13:50.928+0000] {dagbag.py:538} INFO - Filling up the DagBag from /home/airflow/.local/lib/python3.8/site-packages/airflow/example_dags/example_dynamic_task_mapping.py
[2025-05-07T19:13:50.936+0000] {processor.py:840} INFO - DAG(s) 'example_dynamic_task_mapping' retrieved from /home/airflow/.local/lib/python3.8/site-packages/airflow/example_dags/example_dynamic_task_mapping.py
[2025-05-07T19:13:50.957+0000] {logging_mixin.py:188} INFO - [2025-05-07T19:13:50.957+0000] {dag.py:3036} INFO - Sync 1 DAGs
[2025-05-07T19:13:50.980+0000] {logging_mixin.py:188} INFO - [2025-05-07T19:13:50.979+0000] {dag.py:3823} INFO - Setting next_dagrun for example_dynamic_task_mapping to 2022-03-04 00:00:00+00:00, run_after=2022-03-05 00:00:00+00:00
[2025-05-07T19:13:51.005+0000] {processor.py:183} INFO - Processing /home/airflow/.local/lib/python3.8/site-packages/airflow/example_dags/example_dynamic_task_mapping.py took 0.086 seconds
[2025-05-07T19:14:21.214+0000] {processor.py:161} INFO - Started process (PID=1072) to work on /home/airflow/.local/lib/python3.8/site-packages/airflow/example_dags/example_dynamic_task_mapping.py
[2025-05-07T19:14:21.217+0000] {processor.py:830} INFO - Processing file /home/airflow/.local/lib/python3.8/site-packages/airflow/example_dags/example_dynamic_task_mapping.py for tasks to queue
[2025-05-07T19:14:21.221+0000] {logging_mixin.py:188} INFO - [2025-05-07T19:14:21.221+0000] {dagbag.py:538} INFO - Filling up the DagBag from /home/airflow/.local/lib/python3.8/site-packages/airflow/example_dags/example_dynamic_task_mapping.py
[2025-05-07T19:14:21.231+0000] {processor.py:840} INFO - DAG(s) 'example_dynamic_task_mapping' retrieved from /home/airflow/.local/lib/python3.8/site-packages/airflow/example_dags/example_dynamic_task_mapping.py
[2025-05-07T19:14:21.255+0000] {logging_mixin.py:188} INFO - [2025-05-07T19:14:21.255+0000] {dag.py:3036} INFO - Sync 1 DAGs
[2025-05-07T19:14:21.289+0000] {logging_mixin.py:188} INFO - [2025-05-07T19:14:21.288+0000] {dag.py:3823} INFO - Setting next_dagrun for example_dynamic_task_mapping to 2022-03-04 00:00:00+00:00, run_after=2022-03-05 00:00:00+00:00
[2025-05-07T19:14:21.314+0000] {processor.py:183} INFO - Processing /home/airflow/.local/lib/python3.8/site-packages/airflow/example_dags/example_dynamic_task_mapping.py took 0.105 seconds
[2025-05-07T19:14:51.433+0000] {processor.py:161} INFO - Started process (PID=1128) to work on /home/airflow/.local/lib/python3.8/site-packages/airflow/example_dags/example_dynamic_task_mapping.py
[2025-05-07T19:14:51.436+0000] {processor.py:830} INFO - Processing file /home/airflow/.local/lib/python3.8/site-packages/airflow/example_dags/example_dynamic_task_mapping.py for tasks to queue
[2025-05-07T19:14:51.441+0000] {logging_mixin.py:188} INFO - [2025-05-07T19:14:51.440+0000] {dagbag.py:538} INFO - Filling up the DagBag from /home/airflow/.local/lib/python3.8/site-packages/airflow/example_dags/example_dynamic_task_mapping.py
[2025-05-07T19:14:51.454+0000] {processor.py:840} INFO - DAG(s) 'example_dynamic_task_mapping' retrieved from /home/airflow/.local/lib/python3.8/site-packages/airflow/example_dags/example_dynamic_task_mapping.py
[2025-05-07T19:14:51.476+0000] {logging_mixin.py:188} INFO - [2025-05-07T19:14:51.476+0000] {dag.py:3036} INFO - Sync 1 DAGs
[2025-05-07T19:14:51.498+0000] {logging_mixin.py:188} INFO - [2025-05-07T19:14:51.497+0000] {dag.py:3823} INFO - Setting next_dagrun for example_dynamic_task_mapping to 2022-03-04 00:00:00+00:00, run_after=2022-03-05 00:00:00+00:00
[2025-05-07T19:14:51.522+0000] {processor.py:183} INFO - Processing /home/airflow/.local/lib/python3.8/site-packages/airflow/example_dags/example_dynamic_task_mapping.py took 0.095 seconds
[2025-05-07T19:15:22.177+0000] {processor.py:161} INFO - Started process (PID=1184) to work on /home/airflow/.local/lib/python3.8/site-packages/airflow/example_dags/example_dynamic_task_mapping.py
[2025-05-07T19:15:22.179+0000] {processor.py:830} INFO - Processing file /home/airflow/.local/lib/python3.8/site-packages/airflow/example_dags/example_dynamic_task_mapping.py for tasks to queue
[2025-05-07T19:15:22.182+0000] {logging_mixin.py:188} INFO - [2025-05-07T19:15:22.181+0000] {dagbag.py:538} INFO - Filling up the DagBag from /home/airflow/.local/lib/python3.8/site-packages/airflow/example_dags/example_dynamic_task_mapping.py
[2025-05-07T19:15:22.189+0000] {processor.py:840} INFO - DAG(s) 'example_dynamic_task_mapping' retrieved from /home/airflow/.local/lib/python3.8/site-packages/airflow/example_dags/example_dynamic_task_mapping.py
[2025-05-07T19:15:22.211+0000] {logging_mixin.py:188} INFO - [2025-05-07T19:15:22.211+0000] {dag.py:3036} INFO - Sync 1 DAGs
[2025-05-07T19:15:22.234+0000] {logging_mixin.py:188} INFO - [2025-05-07T19:15:22.233+0000] {dag.py:3823} INFO - Setting next_dagrun for example_dynamic_task_mapping to 2022-03-04 00:00:00+00:00, run_after=2022-03-05 00:00:00+00:00
[2025-05-07T19:15:22.253+0000] {processor.py:183} INFO - Processing /home/airflow/.local/lib/python3.8/site-packages/airflow/example_dags/example_dynamic_task_mapping.py took 0.080 seconds
[2025-05-07T19:15:52.464+0000] {processor.py:161} INFO - Started process (PID=1240) to work on /home/airflow/.local/lib/python3.8/site-packages/airflow/example_dags/example_dynamic_task_mapping.py
[2025-05-07T19:15:52.465+0000] {processor.py:830} INFO - Processing file /home/airflow/.local/lib/python3.8/site-packages/airflow/example_dags/example_dynamic_task_mapping.py for tasks to queue
[2025-05-07T19:15:52.468+0000] {logging_mixin.py:188} INFO - [2025-05-07T19:15:52.467+0000] {dagbag.py:538} INFO - Filling up the DagBag from /home/airflow/.local/lib/python3.8/site-packages/airflow/example_dags/example_dynamic_task_mapping.py
[2025-05-07T19:15:52.474+0000] {processor.py:840} INFO - DAG(s) 'example_dynamic_task_mapping' retrieved from /home/airflow/.local/lib/python3.8/site-packages/airflow/example_dags/example_dynamic_task_mapping.py
[2025-05-07T19:15:52.494+0000] {logging_mixin.py:188} INFO - [2025-05-07T19:15:52.493+0000] {dag.py:3036} INFO - Sync 1 DAGs
[2025-05-07T19:15:52.514+0000] {logging_mixin.py:188} INFO - [2025-05-07T19:15:52.513+0000] {dag.py:3823} INFO - Setting next_dagrun for example_dynamic_task_mapping to 2022-03-04 00:00:00+00:00, run_after=2022-03-05 00:00:00+00:00
[2025-05-07T19:15:52.536+0000] {processor.py:183} INFO - Processing /home/airflow/.local/lib/python3.8/site-packages/airflow/example_dags/example_dynamic_task_mapping.py took 0.077 seconds
[2025-05-07T19:16:22.589+0000] {processor.py:161} INFO - Started process (PID=1296) to work on /home/airflow/.local/lib/python3.8/site-packages/airflow/example_dags/example_dynamic_task_mapping.py
[2025-05-07T19:16:22.591+0000] {processor.py:830} INFO - Processing file /home/airflow/.local/lib/python3.8/site-packages/airflow/example_dags/example_dynamic_task_mapping.py for tasks to queue
[2025-05-07T19:16:22.593+0000] {logging_mixin.py:188} INFO - [2025-05-07T19:16:22.592+0000] {dagbag.py:538} INFO - Filling up the DagBag from /home/airflow/.local/lib/python3.8/site-packages/airflow/example_dags/example_dynamic_task_mapping.py
[2025-05-07T19:16:22.600+0000] {processor.py:840} INFO - DAG(s) 'example_dynamic_task_mapping' retrieved from /home/airflow/.local/lib/python3.8/site-packages/airflow/example_dags/example_dynamic_task_mapping.py
[2025-05-07T19:16:22.624+0000] {logging_mixin.py:188} INFO - [2025-05-07T19:16:22.623+0000] {dag.py:3036} INFO - Sync 1 DAGs
[2025-05-07T19:16:22.644+0000] {logging_mixin.py:188} INFO - [2025-05-07T19:16:22.644+0000] {dag.py:3823} INFO - Setting next_dagrun for example_dynamic_task_mapping to 2022-03-04 00:00:00+00:00, run_after=2022-03-05 00:00:00+00:00
[2025-05-07T19:16:22.666+0000] {processor.py:183} INFO - Processing /home/airflow/.local/lib/python3.8/site-packages/airflow/example_dags/example_dynamic_task_mapping.py took 0.080 seconds
[2025-05-07T19:16:53.051+0000] {processor.py:161} INFO - Started process (PID=1352) to work on /home/airflow/.local/lib/python3.8/site-packages/airflow/example_dags/example_dynamic_task_mapping.py
[2025-05-07T19:16:53.053+0000] {processor.py:830} INFO - Processing file /home/airflow/.local/lib/python3.8/site-packages/airflow/example_dags/example_dynamic_task_mapping.py for tasks to queue
[2025-05-07T19:16:53.056+0000] {logging_mixin.py:188} INFO - [2025-05-07T19:16:53.056+0000] {dagbag.py:538} INFO - Filling up the DagBag from /home/airflow/.local/lib/python3.8/site-packages/airflow/example_dags/example_dynamic_task_mapping.py
[2025-05-07T19:16:53.063+0000] {processor.py:840} INFO - DAG(s) 'example_dynamic_task_mapping' retrieved from /home/airflow/.local/lib/python3.8/site-packages/airflow/example_dags/example_dynamic_task_mapping.py
[2025-05-07T19:16:53.083+0000] {logging_mixin.py:188} INFO - [2025-05-07T19:16:53.082+0000] {dag.py:3036} INFO - Sync 1 DAGs
[2025-05-07T19:16:53.103+0000] {logging_mixin.py:188} INFO - [2025-05-07T19:16:53.102+0000] {dag.py:3823} INFO - Setting next_dagrun for example_dynamic_task_mapping to 2022-03-04 00:00:00+00:00, run_after=2022-03-05 00:00:00+00:00
[2025-05-07T19:16:53.125+0000] {processor.py:183} INFO - Processing /home/airflow/.local/lib/python3.8/site-packages/airflow/example_dags/example_dynamic_task_mapping.py took 0.079 seconds
[2025-05-07T19:17:23.730+0000] {processor.py:161} INFO - Started process (PID=1408) to work on /home/airflow/.local/lib/python3.8/site-packages/airflow/example_dags/example_dynamic_task_mapping.py
[2025-05-07T19:17:23.733+0000] {processor.py:830} INFO - Processing file /home/airflow/.local/lib/python3.8/site-packages/airflow/example_dags/example_dynamic_task_mapping.py for tasks to queue
[2025-05-07T19:17:23.736+0000] {logging_mixin.py:188} INFO - [2025-05-07T19:17:23.736+0000] {dagbag.py:538} INFO - Filling up the DagBag from /home/airflow/.local/lib/python3.8/site-packages/airflow/example_dags/example_dynamic_task_mapping.py
[2025-05-07T19:17:23.745+0000] {processor.py:840} INFO - DAG(s) 'example_dynamic_task_mapping' retrieved from /home/airflow/.local/lib/python3.8/site-packages/airflow/example_dags/example_dynamic_task_mapping.py
[2025-05-07T19:17:23.765+0000] {logging_mixin.py:188} INFO - [2025-05-07T19:17:23.764+0000] {dag.py:3036} INFO - Sync 1 DAGs
[2025-05-07T19:17:23.785+0000] {logging_mixin.py:188} INFO - [2025-05-07T19:17:23.784+0000] {dag.py:3823} INFO - Setting next_dagrun for example_dynamic_task_mapping to 2022-03-04 00:00:00+00:00, run_after=2022-03-05 00:00:00+00:00
[2025-05-07T19:17:23.807+0000] {processor.py:183} INFO - Processing /home/airflow/.local/lib/python3.8/site-packages/airflow/example_dags/example_dynamic_task_mapping.py took 0.084 seconds
[2025-05-07T19:17:53.945+0000] {processor.py:161} INFO - Started process (PID=1464) to work on /home/airflow/.local/lib/python3.8/site-packages/airflow/example_dags/example_dynamic_task_mapping.py
[2025-05-07T19:17:53.946+0000] {processor.py:830} INFO - Processing file /home/airflow/.local/lib/python3.8/site-packages/airflow/example_dags/example_dynamic_task_mapping.py for tasks to queue
[2025-05-07T19:17:53.948+0000] {logging_mixin.py:188} INFO - [2025-05-07T19:17:53.948+0000] {dagbag.py:538} INFO - Filling up the DagBag from /home/airflow/.local/lib/python3.8/site-packages/airflow/example_dags/example_dynamic_task_mapping.py
[2025-05-07T19:17:53.954+0000] {processor.py:840} INFO - DAG(s) 'example_dynamic_task_mapping' retrieved from /home/airflow/.local/lib/python3.8/site-packages/airflow/example_dags/example_dynamic_task_mapping.py
[2025-05-07T19:17:53.985+0000] {logging_mixin.py:188} INFO - [2025-05-07T19:17:53.985+0000] {dag.py:3036} INFO - Sync 1 DAGs
[2025-05-07T19:17:54.009+0000] {logging_mixin.py:188} INFO - [2025-05-07T19:17:54.009+0000] {dag.py:3823} INFO - Setting next_dagrun for example_dynamic_task_mapping to 2022-03-04 00:00:00+00:00, run_after=2022-03-05 00:00:00+00:00
[2025-05-07T19:17:54.033+0000] {processor.py:183} INFO - Processing /home/airflow/.local/lib/python3.8/site-packages/airflow/example_dags/example_dynamic_task_mapping.py took 0.092 seconds
[2025-05-07T19:18:24.512+0000] {processor.py:161} INFO - Started process (PID=1520) to work on /home/airflow/.local/lib/python3.8/site-packages/airflow/example_dags/example_dynamic_task_mapping.py
[2025-05-07T19:18:24.515+0000] {processor.py:830} INFO - Processing file /home/airflow/.local/lib/python3.8/site-packages/airflow/example_dags/example_dynamic_task_mapping.py for tasks to queue
[2025-05-07T19:18:24.518+0000] {logging_mixin.py:188} INFO - [2025-05-07T19:18:24.517+0000] {dagbag.py:538} INFO - Filling up the DagBag from /home/airflow/.local/lib/python3.8/site-packages/airflow/example_dags/example_dynamic_task_mapping.py
[2025-05-07T19:18:24.526+0000] {processor.py:840} INFO - DAG(s) 'example_dynamic_task_mapping' retrieved from /home/airflow/.local/lib/python3.8/site-packages/airflow/example_dags/example_dynamic_task_mapping.py
[2025-05-07T19:18:24.551+0000] {logging_mixin.py:188} INFO - [2025-05-07T19:18:24.551+0000] {dag.py:3036} INFO - Sync 1 DAGs
[2025-05-07T19:18:24.575+0000] {logging_mixin.py:188} INFO - [2025-05-07T19:18:24.575+0000] {dag.py:3823} INFO - Setting next_dagrun for example_dynamic_task_mapping to 2022-03-04 00:00:00+00:00, run_after=2022-03-05 00:00:00+00:00
[2025-05-07T19:18:24.604+0000] {processor.py:183} INFO - Processing /home/airflow/.local/lib/python3.8/site-packages/airflow/example_dags/example_dynamic_task_mapping.py took 0.096 seconds
[2025-05-07T19:18:54.756+0000] {processor.py:161} INFO - Started process (PID=1576) to work on /home/airflow/.local/lib/python3.8/site-packages/airflow/example_dags/example_dynamic_task_mapping.py
[2025-05-07T19:18:54.759+0000] {processor.py:830} INFO - Processing file /home/airflow/.local/lib/python3.8/site-packages/airflow/example_dags/example_dynamic_task_mapping.py for tasks to queue
[2025-05-07T19:18:54.762+0000] {logging_mixin.py:188} INFO - [2025-05-07T19:18:54.762+0000] {dagbag.py:538} INFO - Filling up the DagBag from /home/airflow/.local/lib/python3.8/site-packages/airflow/example_dags/example_dynamic_task_mapping.py
[2025-05-07T19:18:54.768+0000] {processor.py:840} INFO - DAG(s) 'example_dynamic_task_mapping' retrieved from /home/airflow/.local/lib/python3.8/site-packages/airflow/example_dags/example_dynamic_task_mapping.py
[2025-05-07T19:18:54.791+0000] {logging_mixin.py:188} INFO - [2025-05-07T19:18:54.790+0000] {dag.py:3036} INFO - Sync 1 DAGs
[2025-05-07T19:18:54.813+0000] {logging_mixin.py:188} INFO - [2025-05-07T19:18:54.813+0000] {dag.py:3823} INFO - Setting next_dagrun for example_dynamic_task_mapping to 2022-03-04 00:00:00+00:00, run_after=2022-03-05 00:00:00+00:00
[2025-05-07T19:18:54.836+0000] {processor.py:183} INFO - Processing /home/airflow/.local/lib/python3.8/site-packages/airflow/example_dags/example_dynamic_task_mapping.py took 0.082 seconds
[2025-05-07T19:19:25.186+0000] {processor.py:161} INFO - Started process (PID=1632) to work on /home/airflow/.local/lib/python3.8/site-packages/airflow/example_dags/example_dynamic_task_mapping.py
[2025-05-07T19:19:25.187+0000] {processor.py:830} INFO - Processing file /home/airflow/.local/lib/python3.8/site-packages/airflow/example_dags/example_dynamic_task_mapping.py for tasks to queue
[2025-05-07T19:19:25.190+0000] {logging_mixin.py:188} INFO - [2025-05-07T19:19:25.189+0000] {dagbag.py:538} INFO - Filling up the DagBag from /home/airflow/.local/lib/python3.8/site-packages/airflow/example_dags/example_dynamic_task_mapping.py
[2025-05-07T19:19:25.195+0000] {processor.py:840} INFO - DAG(s) 'example_dynamic_task_mapping' retrieved from /home/airflow/.local/lib/python3.8/site-packages/airflow/example_dags/example_dynamic_task_mapping.py
[2025-05-07T19:19:25.215+0000] {logging_mixin.py:188} INFO - [2025-05-07T19:19:25.214+0000] {dag.py:3036} INFO - Sync 1 DAGs
[2025-05-07T19:19:25.235+0000] {logging_mixin.py:188} INFO - [2025-05-07T19:19:25.234+0000] {dag.py:3823} INFO - Setting next_dagrun for example_dynamic_task_mapping to 2022-03-04 00:00:00+00:00, run_after=2022-03-05 00:00:00+00:00
[2025-05-07T19:19:25.256+0000] {processor.py:183} INFO - Processing /home/airflow/.local/lib/python3.8/site-packages/airflow/example_dags/example_dynamic_task_mapping.py took 0.073 seconds
[2025-05-07T19:19:55.578+0000] {processor.py:161} INFO - Started process (PID=1688) to work on /home/airflow/.local/lib/python3.8/site-packages/airflow/example_dags/example_dynamic_task_mapping.py
[2025-05-07T19:19:55.579+0000] {processor.py:830} INFO - Processing file /home/airflow/.local/lib/python3.8/site-packages/airflow/example_dags/example_dynamic_task_mapping.py for tasks to queue
[2025-05-07T19:19:55.582+0000] {logging_mixin.py:188} INFO - [2025-05-07T19:19:55.582+0000] {dagbag.py:538} INFO - Filling up the DagBag from /home/airflow/.local/lib/python3.8/site-packages/airflow/example_dags/example_dynamic_task_mapping.py
[2025-05-07T19:19:55.589+0000] {processor.py:840} INFO - DAG(s) 'example_dynamic_task_mapping' retrieved from /home/airflow/.local/lib/python3.8/site-packages/airflow/example_dags/example_dynamic_task_mapping.py
[2025-05-07T19:19:55.609+0000] {logging_mixin.py:188} INFO - [2025-05-07T19:19:55.609+0000] {dag.py:3036} INFO - Sync 1 DAGs
[2025-05-07T19:19:55.631+0000] {logging_mixin.py:188} INFO - [2025-05-07T19:19:55.631+0000] {dag.py:3823} INFO - Setting next_dagrun for example_dynamic_task_mapping to 2022-03-04 00:00:00+00:00, run_after=2022-03-05 00:00:00+00:00
[2025-05-07T19:19:55.649+0000] {processor.py:183} INFO - Processing /home/airflow/.local/lib/python3.8/site-packages/airflow/example_dags/example_dynamic_task_mapping.py took 0.075 seconds
[2025-05-07T19:20:25.897+0000] {processor.py:161} INFO - Started process (PID=1745) to work on /home/airflow/.local/lib/python3.8/site-packages/airflow/example_dags/example_dynamic_task_mapping.py
[2025-05-07T19:20:25.899+0000] {processor.py:830} INFO - Processing file /home/airflow/.local/lib/python3.8/site-packages/airflow/example_dags/example_dynamic_task_mapping.py for tasks to queue
[2025-05-07T19:20:25.902+0000] {logging_mixin.py:188} INFO - [2025-05-07T19:20:25.902+0000] {dagbag.py:538} INFO - Filling up the DagBag from /home/airflow/.local/lib/python3.8/site-packages/airflow/example_dags/example_dynamic_task_mapping.py
[2025-05-07T19:20:25.909+0000] {processor.py:840} INFO - DAG(s) 'example_dynamic_task_mapping' retrieved from /home/airflow/.local/lib/python3.8/site-packages/airflow/example_dags/example_dynamic_task_mapping.py
[2025-05-07T19:20:25.928+0000] {logging_mixin.py:188} INFO - [2025-05-07T19:20:25.927+0000] {dag.py:3036} INFO - Sync 1 DAGs
[2025-05-07T19:20:25.948+0000] {logging_mixin.py:188} INFO - [2025-05-07T19:20:25.947+0000] {dag.py:3823} INFO - Setting next_dagrun for example_dynamic_task_mapping to 2022-03-04 00:00:00+00:00, run_after=2022-03-05 00:00:00+00:00
[2025-05-07T19:20:25.966+0000] {processor.py:183} INFO - Processing /home/airflow/.local/lib/python3.8/site-packages/airflow/example_dags/example_dynamic_task_mapping.py took 0.072 seconds
[2025-05-07T19:20:56.540+0000] {processor.py:161} INFO - Started process (PID=1802) to work on /home/airflow/.local/lib/python3.8/site-packages/airflow/example_dags/example_dynamic_task_mapping.py
[2025-05-07T19:20:56.542+0000] {processor.py:830} INFO - Processing file /home/airflow/.local/lib/python3.8/site-packages/airflow/example_dags/example_dynamic_task_mapping.py for tasks to queue
[2025-05-07T19:20:56.544+0000] {logging_mixin.py:188} INFO - [2025-05-07T19:20:56.544+0000] {dagbag.py:538} INFO - Filling up the DagBag from /home/airflow/.local/lib/python3.8/site-packages/airflow/example_dags/example_dynamic_task_mapping.py
[2025-05-07T19:20:56.552+0000] {processor.py:840} INFO - DAG(s) 'example_dynamic_task_mapping' retrieved from /home/airflow/.local/lib/python3.8/site-packages/airflow/example_dags/example_dynamic_task_mapping.py
[2025-05-07T19:20:56.576+0000] {logging_mixin.py:188} INFO - [2025-05-07T19:20:56.576+0000] {dag.py:3036} INFO - Sync 1 DAGs
[2025-05-07T19:20:56.599+0000] {logging_mixin.py:188} INFO - [2025-05-07T19:20:56.599+0000] {dag.py:3823} INFO - Setting next_dagrun for example_dynamic_task_mapping to 2022-03-04 00:00:00+00:00, run_after=2022-03-05 00:00:00+00:00
[2025-05-07T19:20:56.621+0000] {processor.py:183} INFO - Processing /home/airflow/.local/lib/python3.8/site-packages/airflow/example_dags/example_dynamic_task_mapping.py took 0.084 seconds
[2025-05-07T19:22:01.801+0000] {processor.py:161} INFO - Started process (PID=67) to work on /home/airflow/.local/lib/python3.8/site-packages/airflow/example_dags/example_dynamic_task_mapping.py
[2025-05-07T19:22:01.803+0000] {processor.py:830} INFO - Processing file /home/airflow/.local/lib/python3.8/site-packages/airflow/example_dags/example_dynamic_task_mapping.py for tasks to queue
[2025-05-07T19:22:01.805+0000] {logging_mixin.py:188} INFO - [2025-05-07T19:22:01.805+0000] {dagbag.py:538} INFO - Filling up the DagBag from /home/airflow/.local/lib/python3.8/site-packages/airflow/example_dags/example_dynamic_task_mapping.py
[2025-05-07T19:22:01.818+0000] {processor.py:840} INFO - DAG(s) 'example_dynamic_task_mapping' retrieved from /home/airflow/.local/lib/python3.8/site-packages/airflow/example_dags/example_dynamic_task_mapping.py
[2025-05-07T19:22:01.832+0000] {logging_mixin.py:188} INFO - [2025-05-07T19:22:01.832+0000] {dag.py:3036} INFO - Sync 1 DAGs
[2025-05-07T19:22:01.859+0000] {logging_mixin.py:188} INFO - [2025-05-07T19:22:01.858+0000] {dag.py:3823} INFO - Setting next_dagrun for example_dynamic_task_mapping to 2022-03-04 00:00:00+00:00, run_after=2022-03-05 00:00:00+00:00
[2025-05-07T19:22:01.886+0000] {processor.py:183} INFO - Processing /home/airflow/.local/lib/python3.8/site-packages/airflow/example_dags/example_dynamic_task_mapping.py took 0.088 seconds
[2025-05-07T19:22:31.985+0000] {processor.py:161} INFO - Started process (PID=124) to work on /home/airflow/.local/lib/python3.8/site-packages/airflow/example_dags/example_dynamic_task_mapping.py
[2025-05-07T19:22:31.986+0000] {processor.py:830} INFO - Processing file /home/airflow/.local/lib/python3.8/site-packages/airflow/example_dags/example_dynamic_task_mapping.py for tasks to queue
[2025-05-07T19:22:31.989+0000] {logging_mixin.py:188} INFO - [2025-05-07T19:22:31.989+0000] {dagbag.py:538} INFO - Filling up the DagBag from /home/airflow/.local/lib/python3.8/site-packages/airflow/example_dags/example_dynamic_task_mapping.py
[2025-05-07T19:22:32.003+0000] {processor.py:840} INFO - DAG(s) 'example_dynamic_task_mapping' retrieved from /home/airflow/.local/lib/python3.8/site-packages/airflow/example_dags/example_dynamic_task_mapping.py
[2025-05-07T19:22:32.121+0000] {logging_mixin.py:188} INFO - [2025-05-07T19:22:32.121+0000] {dag.py:3036} INFO - Sync 1 DAGs
[2025-05-07T19:22:32.143+0000] {logging_mixin.py:188} INFO - [2025-05-07T19:22:32.143+0000] {dag.py:3823} INFO - Setting next_dagrun for example_dynamic_task_mapping to 2022-03-04 00:00:00+00:00, run_after=2022-03-05 00:00:00+00:00
[2025-05-07T19:22:32.291+0000] {processor.py:183} INFO - Processing /home/airflow/.local/lib/python3.8/site-packages/airflow/example_dags/example_dynamic_task_mapping.py took 0.311 seconds
[2025-05-07T19:23:03.082+0000] {processor.py:161} INFO - Started process (PID=181) to work on /home/airflow/.local/lib/python3.8/site-packages/airflow/example_dags/example_dynamic_task_mapping.py
[2025-05-07T19:23:03.085+0000] {processor.py:830} INFO - Processing file /home/airflow/.local/lib/python3.8/site-packages/airflow/example_dags/example_dynamic_task_mapping.py for tasks to queue
[2025-05-07T19:23:03.090+0000] {logging_mixin.py:188} INFO - [2025-05-07T19:23:03.089+0000] {dagbag.py:538} INFO - Filling up the DagBag from /home/airflow/.local/lib/python3.8/site-packages/airflow/example_dags/example_dynamic_task_mapping.py
[2025-05-07T19:23:03.104+0000] {processor.py:840} INFO - DAG(s) 'example_dynamic_task_mapping' retrieved from /home/airflow/.local/lib/python3.8/site-packages/airflow/example_dags/example_dynamic_task_mapping.py
[2025-05-07T19:23:03.140+0000] {logging_mixin.py:188} INFO - [2025-05-07T19:23:03.140+0000] {dag.py:3036} INFO - Sync 1 DAGs
[2025-05-07T19:23:03.165+0000] {logging_mixin.py:188} INFO - [2025-05-07T19:23:03.165+0000] {dag.py:3823} INFO - Setting next_dagrun for example_dynamic_task_mapping to 2022-03-04 00:00:00+00:00, run_after=2022-03-05 00:00:00+00:00
[2025-05-07T19:23:03.192+0000] {processor.py:183} INFO - Processing /home/airflow/.local/lib/python3.8/site-packages/airflow/example_dags/example_dynamic_task_mapping.py took 0.118 seconds
[2025-05-07T19:23:33.342+0000] {processor.py:161} INFO - Started process (PID=241) to work on /home/airflow/.local/lib/python3.8/site-packages/airflow/example_dags/example_dynamic_task_mapping.py
[2025-05-07T19:23:33.345+0000] {processor.py:830} INFO - Processing file /home/airflow/.local/lib/python3.8/site-packages/airflow/example_dags/example_dynamic_task_mapping.py for tasks to queue
[2025-05-07T19:23:33.348+0000] {logging_mixin.py:188} INFO - [2025-05-07T19:23:33.347+0000] {dagbag.py:538} INFO - Filling up the DagBag from /home/airflow/.local/lib/python3.8/site-packages/airflow/example_dags/example_dynamic_task_mapping.py
[2025-05-07T19:23:33.357+0000] {processor.py:840} INFO - DAG(s) 'example_dynamic_task_mapping' retrieved from /home/airflow/.local/lib/python3.8/site-packages/airflow/example_dags/example_dynamic_task_mapping.py
[2025-05-07T19:23:33.384+0000] {logging_mixin.py:188} INFO - [2025-05-07T19:23:33.384+0000] {dag.py:3036} INFO - Sync 1 DAGs
[2025-05-07T19:23:33.409+0000] {logging_mixin.py:188} INFO - [2025-05-07T19:23:33.408+0000] {dag.py:3823} INFO - Setting next_dagrun for example_dynamic_task_mapping to 2022-03-04 00:00:00+00:00, run_after=2022-03-05 00:00:00+00:00
[2025-05-07T19:23:33.435+0000] {processor.py:183} INFO - Processing /home/airflow/.local/lib/python3.8/site-packages/airflow/example_dags/example_dynamic_task_mapping.py took 0.098 seconds
[2025-05-07T19:24:04.000+0000] {processor.py:161} INFO - Started process (PID=300) to work on /home/airflow/.local/lib/python3.8/site-packages/airflow/example_dags/example_dynamic_task_mapping.py
[2025-05-07T19:24:04.002+0000] {processor.py:830} INFO - Processing file /home/airflow/.local/lib/python3.8/site-packages/airflow/example_dags/example_dynamic_task_mapping.py for tasks to queue
[2025-05-07T19:24:04.005+0000] {logging_mixin.py:188} INFO - [2025-05-07T19:24:04.005+0000] {dagbag.py:538} INFO - Filling up the DagBag from /home/airflow/.local/lib/python3.8/site-packages/airflow/example_dags/example_dynamic_task_mapping.py
[2025-05-07T19:24:04.012+0000] {processor.py:840} INFO - DAG(s) 'example_dynamic_task_mapping' retrieved from /home/airflow/.local/lib/python3.8/site-packages/airflow/example_dags/example_dynamic_task_mapping.py
[2025-05-07T19:24:04.034+0000] {logging_mixin.py:188} INFO - [2025-05-07T19:24:04.033+0000] {dag.py:3036} INFO - Sync 1 DAGs
[2025-05-07T19:24:04.058+0000] {logging_mixin.py:188} INFO - [2025-05-07T19:24:04.058+0000] {dag.py:3823} INFO - Setting next_dagrun for example_dynamic_task_mapping to 2022-03-04 00:00:00+00:00, run_after=2022-03-05 00:00:00+00:00
[2025-05-07T19:24:04.083+0000] {processor.py:183} INFO - Processing /home/airflow/.local/lib/python3.8/site-packages/airflow/example_dags/example_dynamic_task_mapping.py took 0.088 seconds
[2025-05-07T19:24:34.392+0000] {processor.py:161} INFO - Started process (PID=361) to work on /home/airflow/.local/lib/python3.8/site-packages/airflow/example_dags/example_dynamic_task_mapping.py
[2025-05-07T19:24:34.394+0000] {processor.py:830} INFO - Processing file /home/airflow/.local/lib/python3.8/site-packages/airflow/example_dags/example_dynamic_task_mapping.py for tasks to queue
[2025-05-07T19:24:34.395+0000] {logging_mixin.py:188} INFO - [2025-05-07T19:24:34.395+0000] {dagbag.py:538} INFO - Filling up the DagBag from /home/airflow/.local/lib/python3.8/site-packages/airflow/example_dags/example_dynamic_task_mapping.py
[2025-05-07T19:24:34.401+0000] {processor.py:840} INFO - DAG(s) 'example_dynamic_task_mapping' retrieved from /home/airflow/.local/lib/python3.8/site-packages/airflow/example_dags/example_dynamic_task_mapping.py
[2025-05-07T19:24:34.420+0000] {logging_mixin.py:188} INFO - [2025-05-07T19:24:34.420+0000] {dag.py:3036} INFO - Sync 1 DAGs
[2025-05-07T19:24:34.441+0000] {logging_mixin.py:188} INFO - [2025-05-07T19:24:34.441+0000] {dag.py:3823} INFO - Setting next_dagrun for example_dynamic_task_mapping to 2022-03-04 00:00:00+00:00, run_after=2022-03-05 00:00:00+00:00
[2025-05-07T19:24:34.464+0000] {processor.py:183} INFO - Processing /home/airflow/.local/lib/python3.8/site-packages/airflow/example_dags/example_dynamic_task_mapping.py took 0.075 seconds
[2025-05-07T19:25:04.594+0000] {processor.py:161} INFO - Started process (PID=420) to work on /home/airflow/.local/lib/python3.8/site-packages/airflow/example_dags/example_dynamic_task_mapping.py
[2025-05-07T19:25:04.597+0000] {processor.py:830} INFO - Processing file /home/airflow/.local/lib/python3.8/site-packages/airflow/example_dags/example_dynamic_task_mapping.py for tasks to queue
[2025-05-07T19:25:04.603+0000] {logging_mixin.py:188} INFO - [2025-05-07T19:25:04.603+0000] {dagbag.py:538} INFO - Filling up the DagBag from /home/airflow/.local/lib/python3.8/site-packages/airflow/example_dags/example_dynamic_task_mapping.py
[2025-05-07T19:25:04.618+0000] {processor.py:840} INFO - DAG(s) 'example_dynamic_task_mapping' retrieved from /home/airflow/.local/lib/python3.8/site-packages/airflow/example_dags/example_dynamic_task_mapping.py
[2025-05-07T19:25:04.651+0000] {logging_mixin.py:188} INFO - [2025-05-07T19:25:04.650+0000] {dag.py:3036} INFO - Sync 1 DAGs
[2025-05-07T19:25:04.679+0000] {logging_mixin.py:188} INFO - [2025-05-07T19:25:04.679+0000] {dag.py:3823} INFO - Setting next_dagrun for example_dynamic_task_mapping to 2022-03-04 00:00:00+00:00, run_after=2022-03-05 00:00:00+00:00
[2025-05-07T19:25:04.704+0000] {processor.py:183} INFO - Processing /home/airflow/.local/lib/python3.8/site-packages/airflow/example_dags/example_dynamic_task_mapping.py took 0.116 seconds
[2025-05-07T19:25:35.043+0000] {processor.py:161} INFO - Started process (PID=477) to work on /home/airflow/.local/lib/python3.8/site-packages/airflow/example_dags/example_dynamic_task_mapping.py
[2025-05-07T19:25:35.047+0000] {processor.py:830} INFO - Processing file /home/airflow/.local/lib/python3.8/site-packages/airflow/example_dags/example_dynamic_task_mapping.py for tasks to queue
[2025-05-07T19:25:35.053+0000] {logging_mixin.py:188} INFO - [2025-05-07T19:25:35.052+0000] {dagbag.py:538} INFO - Filling up the DagBag from /home/airflow/.local/lib/python3.8/site-packages/airflow/example_dags/example_dynamic_task_mapping.py
[2025-05-07T19:25:35.066+0000] {processor.py:840} INFO - DAG(s) 'example_dynamic_task_mapping' retrieved from /home/airflow/.local/lib/python3.8/site-packages/airflow/example_dags/example_dynamic_task_mapping.py
[2025-05-07T19:25:35.092+0000] {logging_mixin.py:188} INFO - [2025-05-07T19:25:35.092+0000] {dag.py:3036} INFO - Sync 1 DAGs
[2025-05-07T19:25:35.113+0000] {logging_mixin.py:188} INFO - [2025-05-07T19:25:35.113+0000] {dag.py:3823} INFO - Setting next_dagrun for example_dynamic_task_mapping to 2022-03-04 00:00:00+00:00, run_after=2022-03-05 00:00:00+00:00
[2025-05-07T19:25:35.133+0000] {processor.py:183} INFO - Processing /home/airflow/.local/lib/python3.8/site-packages/airflow/example_dags/example_dynamic_task_mapping.py took 0.095 seconds
[2025-05-07T19:26:05.308+0000] {processor.py:161} INFO - Started process (PID=538) to work on /home/airflow/.local/lib/python3.8/site-packages/airflow/example_dags/example_dynamic_task_mapping.py
[2025-05-07T19:26:05.310+0000] {processor.py:830} INFO - Processing file /home/airflow/.local/lib/python3.8/site-packages/airflow/example_dags/example_dynamic_task_mapping.py for tasks to queue
[2025-05-07T19:26:05.314+0000] {logging_mixin.py:188} INFO - [2025-05-07T19:26:05.313+0000] {dagbag.py:538} INFO - Filling up the DagBag from /home/airflow/.local/lib/python3.8/site-packages/airflow/example_dags/example_dynamic_task_mapping.py
[2025-05-07T19:26:05.325+0000] {processor.py:840} INFO - DAG(s) 'example_dynamic_task_mapping' retrieved from /home/airflow/.local/lib/python3.8/site-packages/airflow/example_dags/example_dynamic_task_mapping.py
[2025-05-07T19:26:05.349+0000] {logging_mixin.py:188} INFO - [2025-05-07T19:26:05.349+0000] {dag.py:3036} INFO - Sync 1 DAGs
[2025-05-07T19:26:05.383+0000] {logging_mixin.py:188} INFO - [2025-05-07T19:26:05.383+0000] {dag.py:3823} INFO - Setting next_dagrun for example_dynamic_task_mapping to 2022-03-04 00:00:00+00:00, run_after=2022-03-05 00:00:00+00:00
[2025-05-07T19:26:05.412+0000] {processor.py:183} INFO - Processing /home/airflow/.local/lib/python3.8/site-packages/airflow/example_dags/example_dynamic_task_mapping.py took 0.109 seconds
[2025-05-07T19:26:35.617+0000] {processor.py:161} INFO - Started process (PID=605) to work on /home/airflow/.local/lib/python3.8/site-packages/airflow/example_dags/example_dynamic_task_mapping.py
[2025-05-07T19:26:35.619+0000] {processor.py:830} INFO - Processing file /home/airflow/.local/lib/python3.8/site-packages/airflow/example_dags/example_dynamic_task_mapping.py for tasks to queue
[2025-05-07T19:26:35.621+0000] {logging_mixin.py:188} INFO - [2025-05-07T19:26:35.621+0000] {dagbag.py:538} INFO - Filling up the DagBag from /home/airflow/.local/lib/python3.8/site-packages/airflow/example_dags/example_dynamic_task_mapping.py
[2025-05-07T19:26:35.628+0000] {processor.py:840} INFO - DAG(s) 'example_dynamic_task_mapping' retrieved from /home/airflow/.local/lib/python3.8/site-packages/airflow/example_dags/example_dynamic_task_mapping.py
[2025-05-07T19:26:35.648+0000] {logging_mixin.py:188} INFO - [2025-05-07T19:26:35.648+0000] {dag.py:3036} INFO - Sync 1 DAGs
[2025-05-07T19:26:35.670+0000] {logging_mixin.py:188} INFO - [2025-05-07T19:26:35.670+0000] {dag.py:3823} INFO - Setting next_dagrun for example_dynamic_task_mapping to 2022-03-04 00:00:00+00:00, run_after=2022-03-05 00:00:00+00:00
[2025-05-07T19:26:35.692+0000] {processor.py:183} INFO - Processing /home/airflow/.local/lib/python3.8/site-packages/airflow/example_dags/example_dynamic_task_mapping.py took 0.078 seconds
[2025-05-07T19:27:06.217+0000] {processor.py:161} INFO - Started process (PID=666) to work on /home/airflow/.local/lib/python3.8/site-packages/airflow/example_dags/example_dynamic_task_mapping.py
[2025-05-07T19:27:06.219+0000] {processor.py:830} INFO - Processing file /home/airflow/.local/lib/python3.8/site-packages/airflow/example_dags/example_dynamic_task_mapping.py for tasks to queue
[2025-05-07T19:27:06.222+0000] {logging_mixin.py:188} INFO - [2025-05-07T19:27:06.221+0000] {dagbag.py:538} INFO - Filling up the DagBag from /home/airflow/.local/lib/python3.8/site-packages/airflow/example_dags/example_dynamic_task_mapping.py
[2025-05-07T19:27:06.231+0000] {processor.py:840} INFO - DAG(s) 'example_dynamic_task_mapping' retrieved from /home/airflow/.local/lib/python3.8/site-packages/airflow/example_dags/example_dynamic_task_mapping.py
[2025-05-07T19:27:06.259+0000] {logging_mixin.py:188} INFO - [2025-05-07T19:27:06.259+0000] {dag.py:3036} INFO - Sync 1 DAGs
[2025-05-07T19:27:06.289+0000] {logging_mixin.py:188} INFO - [2025-05-07T19:27:06.289+0000] {dag.py:3823} INFO - Setting next_dagrun for example_dynamic_task_mapping to 2022-03-04 00:00:00+00:00, run_after=2022-03-05 00:00:00+00:00
[2025-05-07T19:27:06.313+0000] {processor.py:183} INFO - Processing /home/airflow/.local/lib/python3.8/site-packages/airflow/example_dags/example_dynamic_task_mapping.py took 0.101 seconds
[2025-05-07T19:27:36.818+0000] {processor.py:161} INFO - Started process (PID=723) to work on /home/airflow/.local/lib/python3.8/site-packages/airflow/example_dags/example_dynamic_task_mapping.py
[2025-05-07T19:27:36.822+0000] {processor.py:830} INFO - Processing file /home/airflow/.local/lib/python3.8/site-packages/airflow/example_dags/example_dynamic_task_mapping.py for tasks to queue
[2025-05-07T19:27:36.825+0000] {logging_mixin.py:188} INFO - [2025-05-07T19:27:36.825+0000] {dagbag.py:538} INFO - Filling up the DagBag from /home/airflow/.local/lib/python3.8/site-packages/airflow/example_dags/example_dynamic_task_mapping.py
[2025-05-07T19:27:36.835+0000] {processor.py:840} INFO - DAG(s) 'example_dynamic_task_mapping' retrieved from /home/airflow/.local/lib/python3.8/site-packages/airflow/example_dags/example_dynamic_task_mapping.py
[2025-05-07T19:27:36.866+0000] {logging_mixin.py:188} INFO - [2025-05-07T19:27:36.866+0000] {dag.py:3036} INFO - Sync 1 DAGs
[2025-05-07T19:27:36.890+0000] {logging_mixin.py:188} INFO - [2025-05-07T19:27:36.890+0000] {dag.py:3823} INFO - Setting next_dagrun for example_dynamic_task_mapping to 2022-03-04 00:00:00+00:00, run_after=2022-03-05 00:00:00+00:00
[2025-05-07T19:27:36.929+0000] {processor.py:183} INFO - Processing /home/airflow/.local/lib/python3.8/site-packages/airflow/example_dags/example_dynamic_task_mapping.py took 0.118 seconds
[2025-05-07T19:28:07.413+0000] {processor.py:161} INFO - Started process (PID=780) to work on /home/airflow/.local/lib/python3.8/site-packages/airflow/example_dags/example_dynamic_task_mapping.py
[2025-05-07T19:28:07.416+0000] {processor.py:830} INFO - Processing file /home/airflow/.local/lib/python3.8/site-packages/airflow/example_dags/example_dynamic_task_mapping.py for tasks to queue
[2025-05-07T19:28:07.421+0000] {logging_mixin.py:188} INFO - [2025-05-07T19:28:07.420+0000] {dagbag.py:538} INFO - Filling up the DagBag from /home/airflow/.local/lib/python3.8/site-packages/airflow/example_dags/example_dynamic_task_mapping.py
[2025-05-07T19:28:07.436+0000] {processor.py:840} INFO - DAG(s) 'example_dynamic_task_mapping' retrieved from /home/airflow/.local/lib/python3.8/site-packages/airflow/example_dags/example_dynamic_task_mapping.py
[2025-05-07T19:28:07.475+0000] {logging_mixin.py:188} INFO - [2025-05-07T19:28:07.474+0000] {dag.py:3036} INFO - Sync 1 DAGs
[2025-05-07T19:28:07.533+0000] {logging_mixin.py:188} INFO - [2025-05-07T19:28:07.532+0000] {dag.py:3823} INFO - Setting next_dagrun for example_dynamic_task_mapping to 2022-03-04 00:00:00+00:00, run_after=2022-03-05 00:00:00+00:00
[2025-05-07T19:28:07.562+0000] {processor.py:183} INFO - Processing /home/airflow/.local/lib/python3.8/site-packages/airflow/example_dags/example_dynamic_task_mapping.py took 0.157 seconds
[2025-05-07T19:28:38.009+0000] {processor.py:161} INFO - Started process (PID=837) to work on /home/airflow/.local/lib/python3.8/site-packages/airflow/example_dags/example_dynamic_task_mapping.py
[2025-05-07T19:28:38.011+0000] {processor.py:830} INFO - Processing file /home/airflow/.local/lib/python3.8/site-packages/airflow/example_dags/example_dynamic_task_mapping.py for tasks to queue
[2025-05-07T19:28:38.014+0000] {logging_mixin.py:188} INFO - [2025-05-07T19:28:38.014+0000] {dagbag.py:538} INFO - Filling up the DagBag from /home/airflow/.local/lib/python3.8/site-packages/airflow/example_dags/example_dynamic_task_mapping.py
[2025-05-07T19:28:38.025+0000] {processor.py:840} INFO - DAG(s) 'example_dynamic_task_mapping' retrieved from /home/airflow/.local/lib/python3.8/site-packages/airflow/example_dags/example_dynamic_task_mapping.py
[2025-05-07T19:28:38.049+0000] {logging_mixin.py:188} INFO - [2025-05-07T19:28:38.048+0000] {dag.py:3036} INFO - Sync 1 DAGs
[2025-05-07T19:28:38.071+0000] {logging_mixin.py:188} INFO - [2025-05-07T19:28:38.070+0000] {dag.py:3823} INFO - Setting next_dagrun for example_dynamic_task_mapping to 2022-03-04 00:00:00+00:00, run_after=2022-03-05 00:00:00+00:00
[2025-05-07T19:28:38.092+0000] {processor.py:183} INFO - Processing /home/airflow/.local/lib/python3.8/site-packages/airflow/example_dags/example_dynamic_task_mapping.py took 0.087 seconds
[2025-05-07T19:29:08.693+0000] {processor.py:161} INFO - Started process (PID=894) to work on /home/airflow/.local/lib/python3.8/site-packages/airflow/example_dags/example_dynamic_task_mapping.py
[2025-05-07T19:29:08.696+0000] {processor.py:830} INFO - Processing file /home/airflow/.local/lib/python3.8/site-packages/airflow/example_dags/example_dynamic_task_mapping.py for tasks to queue
[2025-05-07T19:29:08.700+0000] {logging_mixin.py:188} INFO - [2025-05-07T19:29:08.700+0000] {dagbag.py:538} INFO - Filling up the DagBag from /home/airflow/.local/lib/python3.8/site-packages/airflow/example_dags/example_dynamic_task_mapping.py
[2025-05-07T19:29:08.714+0000] {processor.py:840} INFO - DAG(s) 'example_dynamic_task_mapping' retrieved from /home/airflow/.local/lib/python3.8/site-packages/airflow/example_dags/example_dynamic_task_mapping.py
[2025-05-07T19:29:08.742+0000] {logging_mixin.py:188} INFO - [2025-05-07T19:29:08.742+0000] {dag.py:3036} INFO - Sync 1 DAGs
[2025-05-07T19:29:08.773+0000] {logging_mixin.py:188} INFO - [2025-05-07T19:29:08.773+0000] {dag.py:3823} INFO - Setting next_dagrun for example_dynamic_task_mapping to 2022-03-04 00:00:00+00:00, run_after=2022-03-05 00:00:00+00:00
[2025-05-07T19:29:08.796+0000] {processor.py:183} INFO - Processing /home/airflow/.local/lib/python3.8/site-packages/airflow/example_dags/example_dynamic_task_mapping.py took 0.109 seconds
[2025-05-07T19:29:39.259+0000] {processor.py:161} INFO - Started process (PID=951) to work on /home/airflow/.local/lib/python3.8/site-packages/airflow/example_dags/example_dynamic_task_mapping.py
[2025-05-07T19:29:39.263+0000] {processor.py:830} INFO - Processing file /home/airflow/.local/lib/python3.8/site-packages/airflow/example_dags/example_dynamic_task_mapping.py for tasks to queue
[2025-05-07T19:29:39.265+0000] {logging_mixin.py:188} INFO - [2025-05-07T19:29:39.265+0000] {dagbag.py:538} INFO - Filling up the DagBag from /home/airflow/.local/lib/python3.8/site-packages/airflow/example_dags/example_dynamic_task_mapping.py
[2025-05-07T19:29:39.272+0000] {processor.py:840} INFO - DAG(s) 'example_dynamic_task_mapping' retrieved from /home/airflow/.local/lib/python3.8/site-packages/airflow/example_dags/example_dynamic_task_mapping.py
[2025-05-07T19:29:39.292+0000] {logging_mixin.py:188} INFO - [2025-05-07T19:29:39.292+0000] {dag.py:3036} INFO - Sync 1 DAGs
[2025-05-07T19:29:39.313+0000] {logging_mixin.py:188} INFO - [2025-05-07T19:29:39.313+0000] {dag.py:3823} INFO - Setting next_dagrun for example_dynamic_task_mapping to 2022-03-04 00:00:00+00:00, run_after=2022-03-05 00:00:00+00:00
[2025-05-07T19:29:39.338+0000] {processor.py:183} INFO - Processing /home/airflow/.local/lib/python3.8/site-packages/airflow/example_dags/example_dynamic_task_mapping.py took 0.082 seconds
[2025-05-07T19:33:15.801+0000] {processor.py:161} INFO - Started process (PID=61) to work on /home/airflow/.local/lib/python3.8/site-packages/airflow/example_dags/example_dynamic_task_mapping.py
[2025-05-07T19:33:15.803+0000] {processor.py:830} INFO - Processing file /home/airflow/.local/lib/python3.8/site-packages/airflow/example_dags/example_dynamic_task_mapping.py for tasks to queue
[2025-05-07T19:33:15.806+0000] {logging_mixin.py:188} INFO - [2025-05-07T19:33:15.806+0000] {dagbag.py:538} INFO - Filling up the DagBag from /home/airflow/.local/lib/python3.8/site-packages/airflow/example_dags/example_dynamic_task_mapping.py
[2025-05-07T19:33:15.816+0000] {processor.py:840} INFO - DAG(s) 'example_dynamic_task_mapping' retrieved from /home/airflow/.local/lib/python3.8/site-packages/airflow/example_dags/example_dynamic_task_mapping.py
[2025-05-07T19:33:15.830+0000] {logging_mixin.py:188} INFO - [2025-05-07T19:33:15.829+0000] {dag.py:3036} INFO - Sync 1 DAGs
[2025-05-07T19:33:15.855+0000] {logging_mixin.py:188} INFO - [2025-05-07T19:33:15.855+0000] {dag.py:3823} INFO - Setting next_dagrun for example_dynamic_task_mapping to 2022-03-04 00:00:00+00:00, run_after=2022-03-05 00:00:00+00:00
[2025-05-07T19:33:15.878+0000] {processor.py:183} INFO - Processing /home/airflow/.local/lib/python3.8/site-packages/airflow/example_dags/example_dynamic_task_mapping.py took 0.081 seconds
[2025-05-07T19:33:46.717+0000] {processor.py:161} INFO - Started process (PID=119) to work on /home/airflow/.local/lib/python3.8/site-packages/airflow/example_dags/example_dynamic_task_mapping.py
[2025-05-07T19:33:46.719+0000] {processor.py:830} INFO - Processing file /home/airflow/.local/lib/python3.8/site-packages/airflow/example_dags/example_dynamic_task_mapping.py for tasks to queue
[2025-05-07T19:33:46.723+0000] {logging_mixin.py:188} INFO - [2025-05-07T19:33:46.722+0000] {dagbag.py:538} INFO - Filling up the DagBag from /home/airflow/.local/lib/python3.8/site-packages/airflow/example_dags/example_dynamic_task_mapping.py
[2025-05-07T19:33:46.734+0000] {processor.py:840} INFO - DAG(s) 'example_dynamic_task_mapping' retrieved from /home/airflow/.local/lib/python3.8/site-packages/airflow/example_dags/example_dynamic_task_mapping.py
[2025-05-07T19:33:46.839+0000] {logging_mixin.py:188} INFO - [2025-05-07T19:33:46.839+0000] {dag.py:3036} INFO - Sync 1 DAGs
[2025-05-07T19:33:46.867+0000] {logging_mixin.py:188} INFO - [2025-05-07T19:33:46.867+0000] {dag.py:3823} INFO - Setting next_dagrun for example_dynamic_task_mapping to 2022-03-04 00:00:00+00:00, run_after=2022-03-05 00:00:00+00:00
[2025-05-07T19:33:46.894+0000] {processor.py:183} INFO - Processing /home/airflow/.local/lib/python3.8/site-packages/airflow/example_dags/example_dynamic_task_mapping.py took 0.183 seconds
[2025-05-07T19:34:17.276+0000] {processor.py:161} INFO - Started process (PID=182) to work on /home/airflow/.local/lib/python3.8/site-packages/airflow/example_dags/example_dynamic_task_mapping.py
[2025-05-07T19:34:17.278+0000] {processor.py:830} INFO - Processing file /home/airflow/.local/lib/python3.8/site-packages/airflow/example_dags/example_dynamic_task_mapping.py for tasks to queue
[2025-05-07T19:34:17.280+0000] {logging_mixin.py:188} INFO - [2025-05-07T19:34:17.279+0000] {dagbag.py:538} INFO - Filling up the DagBag from /home/airflow/.local/lib/python3.8/site-packages/airflow/example_dags/example_dynamic_task_mapping.py
[2025-05-07T19:34:17.286+0000] {processor.py:840} INFO - DAG(s) 'example_dynamic_task_mapping' retrieved from /home/airflow/.local/lib/python3.8/site-packages/airflow/example_dags/example_dynamic_task_mapping.py
[2025-05-07T19:34:17.305+0000] {logging_mixin.py:188} INFO - [2025-05-07T19:34:17.305+0000] {dag.py:3036} INFO - Sync 1 DAGs
[2025-05-07T19:34:17.326+0000] {logging_mixin.py:188} INFO - [2025-05-07T19:34:17.326+0000] {dag.py:3823} INFO - Setting next_dagrun for example_dynamic_task_mapping to 2022-03-04 00:00:00+00:00, run_after=2022-03-05 00:00:00+00:00
[2025-05-07T19:34:17.348+0000] {processor.py:183} INFO - Processing /home/airflow/.local/lib/python3.8/site-packages/airflow/example_dags/example_dynamic_task_mapping.py took 0.074 seconds
[2025-05-07T19:34:47.596+0000] {processor.py:161} INFO - Started process (PID=239) to work on /home/airflow/.local/lib/python3.8/site-packages/airflow/example_dags/example_dynamic_task_mapping.py
[2025-05-07T19:34:47.599+0000] {processor.py:830} INFO - Processing file /home/airflow/.local/lib/python3.8/site-packages/airflow/example_dags/example_dynamic_task_mapping.py for tasks to queue
[2025-05-07T19:34:47.602+0000] {logging_mixin.py:188} INFO - [2025-05-07T19:34:47.602+0000] {dagbag.py:538} INFO - Filling up the DagBag from /home/airflow/.local/lib/python3.8/site-packages/airflow/example_dags/example_dynamic_task_mapping.py
[2025-05-07T19:34:47.610+0000] {processor.py:840} INFO - DAG(s) 'example_dynamic_task_mapping' retrieved from /home/airflow/.local/lib/python3.8/site-packages/airflow/example_dags/example_dynamic_task_mapping.py
[2025-05-07T19:34:47.632+0000] {logging_mixin.py:188} INFO - [2025-05-07T19:34:47.632+0000] {dag.py:3036} INFO - Sync 1 DAGs
[2025-05-07T19:34:47.658+0000] {logging_mixin.py:188} INFO - [2025-05-07T19:34:47.658+0000] {dag.py:3823} INFO - Setting next_dagrun for example_dynamic_task_mapping to 2022-03-04 00:00:00+00:00, run_after=2022-03-05 00:00:00+00:00
[2025-05-07T19:34:47.684+0000] {processor.py:183} INFO - Processing /home/airflow/.local/lib/python3.8/site-packages/airflow/example_dags/example_dynamic_task_mapping.py took 0.094 seconds
[2025-05-07T19:35:17.781+0000] {processor.py:161} INFO - Started process (PID=296) to work on /home/airflow/.local/lib/python3.8/site-packages/airflow/example_dags/example_dynamic_task_mapping.py
[2025-05-07T19:35:17.786+0000] {processor.py:830} INFO - Processing file /home/airflow/.local/lib/python3.8/site-packages/airflow/example_dags/example_dynamic_task_mapping.py for tasks to queue
[2025-05-07T19:35:17.792+0000] {logging_mixin.py:188} INFO - [2025-05-07T19:35:17.791+0000] {dagbag.py:538} INFO - Filling up the DagBag from /home/airflow/.local/lib/python3.8/site-packages/airflow/example_dags/example_dynamic_task_mapping.py
[2025-05-07T19:35:17.809+0000] {processor.py:840} INFO - DAG(s) 'example_dynamic_task_mapping' retrieved from /home/airflow/.local/lib/python3.8/site-packages/airflow/example_dags/example_dynamic_task_mapping.py
[2025-05-07T19:35:17.837+0000] {logging_mixin.py:188} INFO - [2025-05-07T19:35:17.836+0000] {dag.py:3036} INFO - Sync 1 DAGs
[2025-05-07T19:35:17.863+0000] {logging_mixin.py:188} INFO - [2025-05-07T19:35:17.863+0000] {dag.py:3823} INFO - Setting next_dagrun for example_dynamic_task_mapping to 2022-03-04 00:00:00+00:00, run_after=2022-03-05 00:00:00+00:00
[2025-05-07T19:35:17.890+0000] {processor.py:183} INFO - Processing /home/airflow/.local/lib/python3.8/site-packages/airflow/example_dags/example_dynamic_task_mapping.py took 0.115 seconds
[2025-05-07T19:35:48.231+0000] {processor.py:161} INFO - Started process (PID=353) to work on /home/airflow/.local/lib/python3.8/site-packages/airflow/example_dags/example_dynamic_task_mapping.py
[2025-05-07T19:35:48.232+0000] {processor.py:830} INFO - Processing file /home/airflow/.local/lib/python3.8/site-packages/airflow/example_dags/example_dynamic_task_mapping.py for tasks to queue
[2025-05-07T19:35:48.235+0000] {logging_mixin.py:188} INFO - [2025-05-07T19:35:48.234+0000] {dagbag.py:538} INFO - Filling up the DagBag from /home/airflow/.local/lib/python3.8/site-packages/airflow/example_dags/example_dynamic_task_mapping.py
[2025-05-07T19:35:48.241+0000] {processor.py:840} INFO - DAG(s) 'example_dynamic_task_mapping' retrieved from /home/airflow/.local/lib/python3.8/site-packages/airflow/example_dags/example_dynamic_task_mapping.py
[2025-05-07T19:35:48.260+0000] {logging_mixin.py:188} INFO - [2025-05-07T19:35:48.259+0000] {dag.py:3036} INFO - Sync 1 DAGs
[2025-05-07T19:35:48.280+0000] {logging_mixin.py:188} INFO - [2025-05-07T19:35:48.280+0000] {dag.py:3823} INFO - Setting next_dagrun for example_dynamic_task_mapping to 2022-03-04 00:00:00+00:00, run_after=2022-03-05 00:00:00+00:00
[2025-05-07T19:35:48.302+0000] {processor.py:183} INFO - Processing /home/airflow/.local/lib/python3.8/site-packages/airflow/example_dags/example_dynamic_task_mapping.py took 0.074 seconds
[2025-05-07T19:36:18.856+0000] {processor.py:161} INFO - Started process (PID=410) to work on /home/airflow/.local/lib/python3.8/site-packages/airflow/example_dags/example_dynamic_task_mapping.py
[2025-05-07T19:36:18.859+0000] {processor.py:830} INFO - Processing file /home/airflow/.local/lib/python3.8/site-packages/airflow/example_dags/example_dynamic_task_mapping.py for tasks to queue
[2025-05-07T19:36:18.866+0000] {logging_mixin.py:188} INFO - [2025-05-07T19:36:18.866+0000] {dagbag.py:538} INFO - Filling up the DagBag from /home/airflow/.local/lib/python3.8/site-packages/airflow/example_dags/example_dynamic_task_mapping.py
[2025-05-07T19:36:18.883+0000] {processor.py:840} INFO - DAG(s) 'example_dynamic_task_mapping' retrieved from /home/airflow/.local/lib/python3.8/site-packages/airflow/example_dags/example_dynamic_task_mapping.py
[2025-05-07T19:36:18.912+0000] {logging_mixin.py:188} INFO - [2025-05-07T19:36:18.912+0000] {dag.py:3036} INFO - Sync 1 DAGs
[2025-05-07T19:36:18.932+0000] {logging_mixin.py:188} INFO - [2025-05-07T19:36:18.932+0000] {dag.py:3823} INFO - Setting next_dagrun for example_dynamic_task_mapping to 2022-03-04 00:00:00+00:00, run_after=2022-03-05 00:00:00+00:00
[2025-05-07T19:36:18.953+0000] {processor.py:183} INFO - Processing /home/airflow/.local/lib/python3.8/site-packages/airflow/example_dags/example_dynamic_task_mapping.py took 0.109 seconds
[2025-05-07T19:36:49.324+0000] {processor.py:161} INFO - Started process (PID=467) to work on /home/airflow/.local/lib/python3.8/site-packages/airflow/example_dags/example_dynamic_task_mapping.py
[2025-05-07T19:36:49.326+0000] {processor.py:830} INFO - Processing file /home/airflow/.local/lib/python3.8/site-packages/airflow/example_dags/example_dynamic_task_mapping.py for tasks to queue
[2025-05-07T19:36:49.330+0000] {logging_mixin.py:188} INFO - [2025-05-07T19:36:49.330+0000] {dagbag.py:538} INFO - Filling up the DagBag from /home/airflow/.local/lib/python3.8/site-packages/airflow/example_dags/example_dynamic_task_mapping.py
[2025-05-07T19:36:49.341+0000] {processor.py:840} INFO - DAG(s) 'example_dynamic_task_mapping' retrieved from /home/airflow/.local/lib/python3.8/site-packages/airflow/example_dags/example_dynamic_task_mapping.py
[2025-05-07T19:36:49.368+0000] {logging_mixin.py:188} INFO - [2025-05-07T19:36:49.368+0000] {dag.py:3036} INFO - Sync 1 DAGs
[2025-05-07T19:36:49.390+0000] {logging_mixin.py:188} INFO - [2025-05-07T19:36:49.390+0000] {dag.py:3823} INFO - Setting next_dagrun for example_dynamic_task_mapping to 2022-03-04 00:00:00+00:00, run_after=2022-03-05 00:00:00+00:00
[2025-05-07T19:36:49.413+0000] {processor.py:183} INFO - Processing /home/airflow/.local/lib/python3.8/site-packages/airflow/example_dags/example_dynamic_task_mapping.py took 0.095 seconds
[2025-05-07T19:37:20.140+0000] {processor.py:161} INFO - Started process (PID=524) to work on /home/airflow/.local/lib/python3.8/site-packages/airflow/example_dags/example_dynamic_task_mapping.py
[2025-05-07T19:37:20.143+0000] {processor.py:830} INFO - Processing file /home/airflow/.local/lib/python3.8/site-packages/airflow/example_dags/example_dynamic_task_mapping.py for tasks to queue
[2025-05-07T19:37:20.148+0000] {logging_mixin.py:188} INFO - [2025-05-07T19:37:20.148+0000] {dagbag.py:538} INFO - Filling up the DagBag from /home/airflow/.local/lib/python3.8/site-packages/airflow/example_dags/example_dynamic_task_mapping.py
[2025-05-07T19:37:20.162+0000] {processor.py:840} INFO - DAG(s) 'example_dynamic_task_mapping' retrieved from /home/airflow/.local/lib/python3.8/site-packages/airflow/example_dags/example_dynamic_task_mapping.py
[2025-05-07T19:37:20.203+0000] {logging_mixin.py:188} INFO - [2025-05-07T19:37:20.203+0000] {dag.py:3036} INFO - Sync 1 DAGs
[2025-05-07T19:37:20.237+0000] {logging_mixin.py:188} INFO - [2025-05-07T19:37:20.237+0000] {dag.py:3823} INFO - Setting next_dagrun for example_dynamic_task_mapping to 2022-03-04 00:00:00+00:00, run_after=2022-03-05 00:00:00+00:00
[2025-05-07T19:37:20.262+0000] {processor.py:183} INFO - Processing /home/airflow/.local/lib/python3.8/site-packages/airflow/example_dags/example_dynamic_task_mapping.py took 0.128 seconds
[2025-05-07T19:37:50.700+0000] {processor.py:161} INFO - Started process (PID=581) to work on /home/airflow/.local/lib/python3.8/site-packages/airflow/example_dags/example_dynamic_task_mapping.py
[2025-05-07T19:37:50.702+0000] {processor.py:830} INFO - Processing file /home/airflow/.local/lib/python3.8/site-packages/airflow/example_dags/example_dynamic_task_mapping.py for tasks to queue
[2025-05-07T19:37:50.705+0000] {logging_mixin.py:188} INFO - [2025-05-07T19:37:50.705+0000] {dagbag.py:538} INFO - Filling up the DagBag from /home/airflow/.local/lib/python3.8/site-packages/airflow/example_dags/example_dynamic_task_mapping.py
[2025-05-07T19:37:50.713+0000] {processor.py:840} INFO - DAG(s) 'example_dynamic_task_mapping' retrieved from /home/airflow/.local/lib/python3.8/site-packages/airflow/example_dags/example_dynamic_task_mapping.py
[2025-05-07T19:37:50.734+0000] {logging_mixin.py:188} INFO - [2025-05-07T19:37:50.733+0000] {dag.py:3036} INFO - Sync 1 DAGs
[2025-05-07T19:37:50.755+0000] {logging_mixin.py:188} INFO - [2025-05-07T19:37:50.755+0000] {dag.py:3823} INFO - Setting next_dagrun for example_dynamic_task_mapping to 2022-03-04 00:00:00+00:00, run_after=2022-03-05 00:00:00+00:00
[2025-05-07T19:37:50.779+0000] {processor.py:183} INFO - Processing /home/airflow/.local/lib/python3.8/site-packages/airflow/example_dags/example_dynamic_task_mapping.py took 0.083 seconds
[2025-05-07T19:38:21.510+0000] {processor.py:161} INFO - Started process (PID=638) to work on /home/airflow/.local/lib/python3.8/site-packages/airflow/example_dags/example_dynamic_task_mapping.py
[2025-05-07T19:38:21.512+0000] {processor.py:830} INFO - Processing file /home/airflow/.local/lib/python3.8/site-packages/airflow/example_dags/example_dynamic_task_mapping.py for tasks to queue
[2025-05-07T19:38:21.516+0000] {logging_mixin.py:188} INFO - [2025-05-07T19:38:21.516+0000] {dagbag.py:538} INFO - Filling up the DagBag from /home/airflow/.local/lib/python3.8/site-packages/airflow/example_dags/example_dynamic_task_mapping.py
[2025-05-07T19:38:21.531+0000] {processor.py:840} INFO - DAG(s) 'example_dynamic_task_mapping' retrieved from /home/airflow/.local/lib/python3.8/site-packages/airflow/example_dags/example_dynamic_task_mapping.py
[2025-05-07T19:38:21.569+0000] {logging_mixin.py:188} INFO - [2025-05-07T19:38:21.568+0000] {dag.py:3036} INFO - Sync 1 DAGs
[2025-05-07T19:38:21.591+0000] {logging_mixin.py:188} INFO - [2025-05-07T19:38:21.591+0000] {dag.py:3823} INFO - Setting next_dagrun for example_dynamic_task_mapping to 2022-03-04 00:00:00+00:00, run_after=2022-03-05 00:00:00+00:00
[2025-05-07T19:38:21.615+0000] {processor.py:183} INFO - Processing /home/airflow/.local/lib/python3.8/site-packages/airflow/example_dags/example_dynamic_task_mapping.py took 0.113 seconds
[2025-05-07T19:38:51.829+0000] {processor.py:161} INFO - Started process (PID=695) to work on /home/airflow/.local/lib/python3.8/site-packages/airflow/example_dags/example_dynamic_task_mapping.py
[2025-05-07T19:38:51.831+0000] {processor.py:830} INFO - Processing file /home/airflow/.local/lib/python3.8/site-packages/airflow/example_dags/example_dynamic_task_mapping.py for tasks to queue
[2025-05-07T19:38:51.834+0000] {logging_mixin.py:188} INFO - [2025-05-07T19:38:51.833+0000] {dagbag.py:538} INFO - Filling up the DagBag from /home/airflow/.local/lib/python3.8/site-packages/airflow/example_dags/example_dynamic_task_mapping.py
[2025-05-07T19:38:51.843+0000] {processor.py:840} INFO - DAG(s) 'example_dynamic_task_mapping' retrieved from /home/airflow/.local/lib/python3.8/site-packages/airflow/example_dags/example_dynamic_task_mapping.py
[2025-05-07T19:38:51.872+0000] {logging_mixin.py:188} INFO - [2025-05-07T19:38:51.872+0000] {dag.py:3036} INFO - Sync 1 DAGs
[2025-05-07T19:38:51.896+0000] {logging_mixin.py:188} INFO - [2025-05-07T19:38:51.895+0000] {dag.py:3823} INFO - Setting next_dagrun for example_dynamic_task_mapping to 2022-03-04 00:00:00+00:00, run_after=2022-03-05 00:00:00+00:00
[2025-05-07T19:38:51.918+0000] {processor.py:183} INFO - Processing /home/airflow/.local/lib/python3.8/site-packages/airflow/example_dags/example_dynamic_task_mapping.py took 0.094 seconds
[2025-05-07T19:39:22.249+0000] {processor.py:161} INFO - Started process (PID=752) to work on /home/airflow/.local/lib/python3.8/site-packages/airflow/example_dags/example_dynamic_task_mapping.py
[2025-05-07T19:39:22.252+0000] {processor.py:830} INFO - Processing file /home/airflow/.local/lib/python3.8/site-packages/airflow/example_dags/example_dynamic_task_mapping.py for tasks to queue
[2025-05-07T19:39:22.256+0000] {logging_mixin.py:188} INFO - [2025-05-07T19:39:22.256+0000] {dagbag.py:538} INFO - Filling up the DagBag from /home/airflow/.local/lib/python3.8/site-packages/airflow/example_dags/example_dynamic_task_mapping.py
[2025-05-07T19:39:22.268+0000] {processor.py:840} INFO - DAG(s) 'example_dynamic_task_mapping' retrieved from /home/airflow/.local/lib/python3.8/site-packages/airflow/example_dags/example_dynamic_task_mapping.py
[2025-05-07T19:39:22.297+0000] {logging_mixin.py:188} INFO - [2025-05-07T19:39:22.297+0000] {dag.py:3036} INFO - Sync 1 DAGs
[2025-05-07T19:39:22.330+0000] {logging_mixin.py:188} INFO - [2025-05-07T19:39:22.330+0000] {dag.py:3823} INFO - Setting next_dagrun for example_dynamic_task_mapping to 2022-03-04 00:00:00+00:00, run_after=2022-03-05 00:00:00+00:00
[2025-05-07T19:39:22.355+0000] {processor.py:183} INFO - Processing /home/airflow/.local/lib/python3.8/site-packages/airflow/example_dags/example_dynamic_task_mapping.py took 0.112 seconds
[2025-05-07T19:39:52.568+0000] {processor.py:161} INFO - Started process (PID=809) to work on /home/airflow/.local/lib/python3.8/site-packages/airflow/example_dags/example_dynamic_task_mapping.py
[2025-05-07T19:39:52.572+0000] {processor.py:830} INFO - Processing file /home/airflow/.local/lib/python3.8/site-packages/airflow/example_dags/example_dynamic_task_mapping.py for tasks to queue
[2025-05-07T19:39:52.576+0000] {logging_mixin.py:188} INFO - [2025-05-07T19:39:52.575+0000] {dagbag.py:538} INFO - Filling up the DagBag from /home/airflow/.local/lib/python3.8/site-packages/airflow/example_dags/example_dynamic_task_mapping.py
[2025-05-07T19:39:52.587+0000] {processor.py:840} INFO - DAG(s) 'example_dynamic_task_mapping' retrieved from /home/airflow/.local/lib/python3.8/site-packages/airflow/example_dags/example_dynamic_task_mapping.py
[2025-05-07T19:39:52.633+0000] {logging_mixin.py:188} INFO - [2025-05-07T19:39:52.633+0000] {dag.py:3036} INFO - Sync 1 DAGs
[2025-05-07T19:39:52.661+0000] {logging_mixin.py:188} INFO - [2025-05-07T19:39:52.661+0000] {dag.py:3823} INFO - Setting next_dagrun for example_dynamic_task_mapping to 2022-03-04 00:00:00+00:00, run_after=2022-03-05 00:00:00+00:00
[2025-05-07T19:39:52.682+0000] {processor.py:183} INFO - Processing /home/airflow/.local/lib/python3.8/site-packages/airflow/example_dags/example_dynamic_task_mapping.py took 0.121 seconds
[2025-05-07T19:40:23.144+0000] {processor.py:161} INFO - Started process (PID=866) to work on /home/airflow/.local/lib/python3.8/site-packages/airflow/example_dags/example_dynamic_task_mapping.py
[2025-05-07T19:40:23.146+0000] {processor.py:830} INFO - Processing file /home/airflow/.local/lib/python3.8/site-packages/airflow/example_dags/example_dynamic_task_mapping.py for tasks to queue
[2025-05-07T19:40:23.150+0000] {logging_mixin.py:188} INFO - [2025-05-07T19:40:23.150+0000] {dagbag.py:538} INFO - Filling up the DagBag from /home/airflow/.local/lib/python3.8/site-packages/airflow/example_dags/example_dynamic_task_mapping.py
[2025-05-07T19:40:23.157+0000] {processor.py:840} INFO - DAG(s) 'example_dynamic_task_mapping' retrieved from /home/airflow/.local/lib/python3.8/site-packages/airflow/example_dags/example_dynamic_task_mapping.py
[2025-05-07T19:40:23.180+0000] {logging_mixin.py:188} INFO - [2025-05-07T19:40:23.179+0000] {dag.py:3036} INFO - Sync 1 DAGs
[2025-05-07T19:40:23.206+0000] {logging_mixin.py:188} INFO - [2025-05-07T19:40:23.205+0000] {dag.py:3823} INFO - Setting next_dagrun for example_dynamic_task_mapping to 2022-03-04 00:00:00+00:00, run_after=2022-03-05 00:00:00+00:00
[2025-05-07T19:40:23.239+0000] {processor.py:183} INFO - Processing /home/airflow/.local/lib/python3.8/site-packages/airflow/example_dags/example_dynamic_task_mapping.py took 0.098 seconds
[2025-05-07T19:40:53.840+0000] {processor.py:161} INFO - Started process (PID=923) to work on /home/airflow/.local/lib/python3.8/site-packages/airflow/example_dags/example_dynamic_task_mapping.py
[2025-05-07T19:40:53.841+0000] {processor.py:830} INFO - Processing file /home/airflow/.local/lib/python3.8/site-packages/airflow/example_dags/example_dynamic_task_mapping.py for tasks to queue
[2025-05-07T19:40:53.844+0000] {logging_mixin.py:188} INFO - [2025-05-07T19:40:53.843+0000] {dagbag.py:538} INFO - Filling up the DagBag from /home/airflow/.local/lib/python3.8/site-packages/airflow/example_dags/example_dynamic_task_mapping.py
[2025-05-07T19:40:53.851+0000] {processor.py:840} INFO - DAG(s) 'example_dynamic_task_mapping' retrieved from /home/airflow/.local/lib/python3.8/site-packages/airflow/example_dags/example_dynamic_task_mapping.py
[2025-05-07T19:40:53.876+0000] {logging_mixin.py:188} INFO - [2025-05-07T19:40:53.876+0000] {dag.py:3036} INFO - Sync 1 DAGs
[2025-05-07T19:40:53.903+0000] {logging_mixin.py:188} INFO - [2025-05-07T19:40:53.902+0000] {dag.py:3823} INFO - Setting next_dagrun for example_dynamic_task_mapping to 2022-03-04 00:00:00+00:00, run_after=2022-03-05 00:00:00+00:00
[2025-05-07T19:40:53.927+0000] {processor.py:183} INFO - Processing /home/airflow/.local/lib/python3.8/site-packages/airflow/example_dags/example_dynamic_task_mapping.py took 0.091 seconds
[2025-05-07T19:41:24.342+0000] {processor.py:161} INFO - Started process (PID=980) to work on /home/airflow/.local/lib/python3.8/site-packages/airflow/example_dags/example_dynamic_task_mapping.py
[2025-05-07T19:41:24.343+0000] {processor.py:830} INFO - Processing file /home/airflow/.local/lib/python3.8/site-packages/airflow/example_dags/example_dynamic_task_mapping.py for tasks to queue
[2025-05-07T19:41:24.345+0000] {logging_mixin.py:188} INFO - [2025-05-07T19:41:24.344+0000] {dagbag.py:538} INFO - Filling up the DagBag from /home/airflow/.local/lib/python3.8/site-packages/airflow/example_dags/example_dynamic_task_mapping.py
[2025-05-07T19:41:24.351+0000] {processor.py:840} INFO - DAG(s) 'example_dynamic_task_mapping' retrieved from /home/airflow/.local/lib/python3.8/site-packages/airflow/example_dags/example_dynamic_task_mapping.py
[2025-05-07T19:41:24.373+0000] {logging_mixin.py:188} INFO - [2025-05-07T19:41:24.373+0000] {dag.py:3036} INFO - Sync 1 DAGs
[2025-05-07T19:41:24.396+0000] {logging_mixin.py:188} INFO - [2025-05-07T19:41:24.396+0000] {dag.py:3823} INFO - Setting next_dagrun for example_dynamic_task_mapping to 2022-03-04 00:00:00+00:00, run_after=2022-03-05 00:00:00+00:00
[2025-05-07T19:41:24.419+0000] {processor.py:183} INFO - Processing /home/airflow/.local/lib/python3.8/site-packages/airflow/example_dags/example_dynamic_task_mapping.py took 0.080 seconds
[2025-05-07T19:41:54.836+0000] {processor.py:161} INFO - Started process (PID=1037) to work on /home/airflow/.local/lib/python3.8/site-packages/airflow/example_dags/example_dynamic_task_mapping.py
[2025-05-07T19:41:54.838+0000] {processor.py:830} INFO - Processing file /home/airflow/.local/lib/python3.8/site-packages/airflow/example_dags/example_dynamic_task_mapping.py for tasks to queue
[2025-05-07T19:41:54.842+0000] {logging_mixin.py:188} INFO - [2025-05-07T19:41:54.841+0000] {dagbag.py:538} INFO - Filling up the DagBag from /home/airflow/.local/lib/python3.8/site-packages/airflow/example_dags/example_dynamic_task_mapping.py
[2025-05-07T19:41:54.850+0000] {processor.py:840} INFO - DAG(s) 'example_dynamic_task_mapping' retrieved from /home/airflow/.local/lib/python3.8/site-packages/airflow/example_dags/example_dynamic_task_mapping.py
[2025-05-07T19:41:54.877+0000] {logging_mixin.py:188} INFO - [2025-05-07T19:41:54.877+0000] {dag.py:3036} INFO - Sync 1 DAGs
[2025-05-07T19:41:54.916+0000] {logging_mixin.py:188} INFO - [2025-05-07T19:41:54.916+0000] {dag.py:3823} INFO - Setting next_dagrun for example_dynamic_task_mapping to 2022-03-04 00:00:00+00:00, run_after=2022-03-05 00:00:00+00:00
[2025-05-07T19:41:54.958+0000] {processor.py:183} INFO - Processing /home/airflow/.local/lib/python3.8/site-packages/airflow/example_dags/example_dynamic_task_mapping.py took 0.126 seconds
[2025-05-07T19:42:25.716+0000] {processor.py:161} INFO - Started process (PID=1094) to work on /home/airflow/.local/lib/python3.8/site-packages/airflow/example_dags/example_dynamic_task_mapping.py
[2025-05-07T19:42:25.718+0000] {processor.py:830} INFO - Processing file /home/airflow/.local/lib/python3.8/site-packages/airflow/example_dags/example_dynamic_task_mapping.py for tasks to queue
[2025-05-07T19:42:25.722+0000] {logging_mixin.py:188} INFO - [2025-05-07T19:42:25.722+0000] {dagbag.py:538} INFO - Filling up the DagBag from /home/airflow/.local/lib/python3.8/site-packages/airflow/example_dags/example_dynamic_task_mapping.py
[2025-05-07T19:42:25.730+0000] {processor.py:840} INFO - DAG(s) 'example_dynamic_task_mapping' retrieved from /home/airflow/.local/lib/python3.8/site-packages/airflow/example_dags/example_dynamic_task_mapping.py
[2025-05-07T19:42:25.752+0000] {logging_mixin.py:188} INFO - [2025-05-07T19:42:25.752+0000] {dag.py:3036} INFO - Sync 1 DAGs
[2025-05-07T19:42:25.775+0000] {logging_mixin.py:188} INFO - [2025-05-07T19:42:25.774+0000] {dag.py:3823} INFO - Setting next_dagrun for example_dynamic_task_mapping to 2022-03-04 00:00:00+00:00, run_after=2022-03-05 00:00:00+00:00
[2025-05-07T19:42:25.798+0000] {processor.py:183} INFO - Processing /home/airflow/.local/lib/python3.8/site-packages/airflow/example_dags/example_dynamic_task_mapping.py took 0.086 seconds
[2025-05-07T19:42:56.187+0000] {processor.py:161} INFO - Started process (PID=1151) to work on /home/airflow/.local/lib/python3.8/site-packages/airflow/example_dags/example_dynamic_task_mapping.py
[2025-05-07T19:42:56.189+0000] {processor.py:830} INFO - Processing file /home/airflow/.local/lib/python3.8/site-packages/airflow/example_dags/example_dynamic_task_mapping.py for tasks to queue
[2025-05-07T19:42:56.192+0000] {logging_mixin.py:188} INFO - [2025-05-07T19:42:56.192+0000] {dagbag.py:538} INFO - Filling up the DagBag from /home/airflow/.local/lib/python3.8/site-packages/airflow/example_dags/example_dynamic_task_mapping.py
[2025-05-07T19:42:56.203+0000] {processor.py:840} INFO - DAG(s) 'example_dynamic_task_mapping' retrieved from /home/airflow/.local/lib/python3.8/site-packages/airflow/example_dags/example_dynamic_task_mapping.py
[2025-05-07T19:42:56.232+0000] {logging_mixin.py:188} INFO - [2025-05-07T19:42:56.232+0000] {dag.py:3036} INFO - Sync 1 DAGs
[2025-05-07T19:42:56.253+0000] {logging_mixin.py:188} INFO - [2025-05-07T19:42:56.253+0000] {dag.py:3823} INFO - Setting next_dagrun for example_dynamic_task_mapping to 2022-03-04 00:00:00+00:00, run_after=2022-03-05 00:00:00+00:00
[2025-05-07T19:42:56.276+0000] {processor.py:183} INFO - Processing /home/airflow/.local/lib/python3.8/site-packages/airflow/example_dags/example_dynamic_task_mapping.py took 0.094 seconds
[2025-05-07T19:43:26.779+0000] {processor.py:161} INFO - Started process (PID=1208) to work on /home/airflow/.local/lib/python3.8/site-packages/airflow/example_dags/example_dynamic_task_mapping.py
[2025-05-07T19:43:26.780+0000] {processor.py:830} INFO - Processing file /home/airflow/.local/lib/python3.8/site-packages/airflow/example_dags/example_dynamic_task_mapping.py for tasks to queue
[2025-05-07T19:43:26.783+0000] {logging_mixin.py:188} INFO - [2025-05-07T19:43:26.783+0000] {dagbag.py:538} INFO - Filling up the DagBag from /home/airflow/.local/lib/python3.8/site-packages/airflow/example_dags/example_dynamic_task_mapping.py
[2025-05-07T19:43:26.792+0000] {processor.py:840} INFO - DAG(s) 'example_dynamic_task_mapping' retrieved from /home/airflow/.local/lib/python3.8/site-packages/airflow/example_dags/example_dynamic_task_mapping.py
[2025-05-07T19:43:26.813+0000] {logging_mixin.py:188} INFO - [2025-05-07T19:43:26.812+0000] {dag.py:3036} INFO - Sync 1 DAGs
[2025-05-07T19:43:26.833+0000] {logging_mixin.py:188} INFO - [2025-05-07T19:43:26.833+0000] {dag.py:3823} INFO - Setting next_dagrun for example_dynamic_task_mapping to 2022-03-04 00:00:00+00:00, run_after=2022-03-05 00:00:00+00:00
[2025-05-07T19:43:26.856+0000] {processor.py:183} INFO - Processing /home/airflow/.local/lib/python3.8/site-packages/airflow/example_dags/example_dynamic_task_mapping.py took 0.083 seconds
[2025-05-07T19:43:57.671+0000] {processor.py:161} INFO - Started process (PID=1265) to work on /home/airflow/.local/lib/python3.8/site-packages/airflow/example_dags/example_dynamic_task_mapping.py
[2025-05-07T19:43:57.675+0000] {processor.py:830} INFO - Processing file /home/airflow/.local/lib/python3.8/site-packages/airflow/example_dags/example_dynamic_task_mapping.py for tasks to queue
[2025-05-07T19:43:57.681+0000] {logging_mixin.py:188} INFO - [2025-05-07T19:43:57.680+0000] {dagbag.py:538} INFO - Filling up the DagBag from /home/airflow/.local/lib/python3.8/site-packages/airflow/example_dags/example_dynamic_task_mapping.py
[2025-05-07T19:43:57.694+0000] {processor.py:840} INFO - DAG(s) 'example_dynamic_task_mapping' retrieved from /home/airflow/.local/lib/python3.8/site-packages/airflow/example_dags/example_dynamic_task_mapping.py
[2025-05-07T19:43:57.734+0000] {logging_mixin.py:188} INFO - [2025-05-07T19:43:57.734+0000] {dag.py:3036} INFO - Sync 1 DAGs
[2025-05-07T19:43:57.772+0000] {logging_mixin.py:188} INFO - [2025-05-07T19:43:57.771+0000] {dag.py:3823} INFO - Setting next_dagrun for example_dynamic_task_mapping to 2022-03-04 00:00:00+00:00, run_after=2022-03-05 00:00:00+00:00
[2025-05-07T19:43:57.799+0000] {processor.py:183} INFO - Processing /home/airflow/.local/lib/python3.8/site-packages/airflow/example_dags/example_dynamic_task_mapping.py took 0.134 seconds
[2025-05-07T19:44:28.176+0000] {processor.py:161} INFO - Started process (PID=1322) to work on /home/airflow/.local/lib/python3.8/site-packages/airflow/example_dags/example_dynamic_task_mapping.py
[2025-05-07T19:44:28.178+0000] {processor.py:830} INFO - Processing file /home/airflow/.local/lib/python3.8/site-packages/airflow/example_dags/example_dynamic_task_mapping.py for tasks to queue
[2025-05-07T19:44:28.181+0000] {logging_mixin.py:188} INFO - [2025-05-07T19:44:28.180+0000] {dagbag.py:538} INFO - Filling up the DagBag from /home/airflow/.local/lib/python3.8/site-packages/airflow/example_dags/example_dynamic_task_mapping.py
[2025-05-07T19:44:28.190+0000] {processor.py:840} INFO - DAG(s) 'example_dynamic_task_mapping' retrieved from /home/airflow/.local/lib/python3.8/site-packages/airflow/example_dags/example_dynamic_task_mapping.py
[2025-05-07T19:44:28.221+0000] {logging_mixin.py:188} INFO - [2025-05-07T19:44:28.221+0000] {dag.py:3036} INFO - Sync 1 DAGs
[2025-05-07T19:44:28.247+0000] {logging_mixin.py:188} INFO - [2025-05-07T19:44:28.246+0000] {dag.py:3823} INFO - Setting next_dagrun for example_dynamic_task_mapping to 2022-03-04 00:00:00+00:00, run_after=2022-03-05 00:00:00+00:00
[2025-05-07T19:44:28.266+0000] {processor.py:183} INFO - Processing /home/airflow/.local/lib/python3.8/site-packages/airflow/example_dags/example_dynamic_task_mapping.py took 0.098 seconds
[2025-05-07T19:44:58.821+0000] {processor.py:161} INFO - Started process (PID=1379) to work on /home/airflow/.local/lib/python3.8/site-packages/airflow/example_dags/example_dynamic_task_mapping.py
[2025-05-07T19:44:58.824+0000] {processor.py:830} INFO - Processing file /home/airflow/.local/lib/python3.8/site-packages/airflow/example_dags/example_dynamic_task_mapping.py for tasks to queue
[2025-05-07T19:44:58.829+0000] {logging_mixin.py:188} INFO - [2025-05-07T19:44:58.828+0000] {dagbag.py:538} INFO - Filling up the DagBag from /home/airflow/.local/lib/python3.8/site-packages/airflow/example_dags/example_dynamic_task_mapping.py
[2025-05-07T19:44:58.840+0000] {processor.py:840} INFO - DAG(s) 'example_dynamic_task_mapping' retrieved from /home/airflow/.local/lib/python3.8/site-packages/airflow/example_dags/example_dynamic_task_mapping.py
[2025-05-07T19:44:58.867+0000] {logging_mixin.py:188} INFO - [2025-05-07T19:44:58.866+0000] {dag.py:3036} INFO - Sync 1 DAGs
[2025-05-07T19:44:58.889+0000] {logging_mixin.py:188} INFO - [2025-05-07T19:44:58.889+0000] {dag.py:3823} INFO - Setting next_dagrun for example_dynamic_task_mapping to 2022-03-04 00:00:00+00:00, run_after=2022-03-05 00:00:00+00:00
[2025-05-07T19:44:58.915+0000] {processor.py:183} INFO - Processing /home/airflow/.local/lib/python3.8/site-packages/airflow/example_dags/example_dynamic_task_mapping.py took 0.101 seconds
[2025-05-07T19:45:29.370+0000] {processor.py:161} INFO - Started process (PID=1436) to work on /home/airflow/.local/lib/python3.8/site-packages/airflow/example_dags/example_dynamic_task_mapping.py
[2025-05-07T19:45:29.372+0000] {processor.py:830} INFO - Processing file /home/airflow/.local/lib/python3.8/site-packages/airflow/example_dags/example_dynamic_task_mapping.py for tasks to queue
[2025-05-07T19:45:29.375+0000] {logging_mixin.py:188} INFO - [2025-05-07T19:45:29.374+0000] {dagbag.py:538} INFO - Filling up the DagBag from /home/airflow/.local/lib/python3.8/site-packages/airflow/example_dags/example_dynamic_task_mapping.py
[2025-05-07T19:45:29.382+0000] {processor.py:840} INFO - DAG(s) 'example_dynamic_task_mapping' retrieved from /home/airflow/.local/lib/python3.8/site-packages/airflow/example_dags/example_dynamic_task_mapping.py
[2025-05-07T19:45:29.406+0000] {logging_mixin.py:188} INFO - [2025-05-07T19:45:29.406+0000] {dag.py:3036} INFO - Sync 1 DAGs
[2025-05-07T19:45:29.430+0000] {logging_mixin.py:188} INFO - [2025-05-07T19:45:29.430+0000] {dag.py:3823} INFO - Setting next_dagrun for example_dynamic_task_mapping to 2022-03-04 00:00:00+00:00, run_after=2022-03-05 00:00:00+00:00
[2025-05-07T19:45:29.457+0000] {processor.py:183} INFO - Processing /home/airflow/.local/lib/python3.8/site-packages/airflow/example_dags/example_dynamic_task_mapping.py took 0.091 seconds
[2025-05-07T19:46:00.080+0000] {processor.py:161} INFO - Started process (PID=1493) to work on /home/airflow/.local/lib/python3.8/site-packages/airflow/example_dags/example_dynamic_task_mapping.py
[2025-05-07T19:46:00.082+0000] {processor.py:830} INFO - Processing file /home/airflow/.local/lib/python3.8/site-packages/airflow/example_dags/example_dynamic_task_mapping.py for tasks to queue
[2025-05-07T19:46:00.085+0000] {logging_mixin.py:188} INFO - [2025-05-07T19:46:00.084+0000] {dagbag.py:538} INFO - Filling up the DagBag from /home/airflow/.local/lib/python3.8/site-packages/airflow/example_dags/example_dynamic_task_mapping.py
[2025-05-07T19:46:00.093+0000] {processor.py:840} INFO - DAG(s) 'example_dynamic_task_mapping' retrieved from /home/airflow/.local/lib/python3.8/site-packages/airflow/example_dags/example_dynamic_task_mapping.py
[2025-05-07T19:46:00.115+0000] {logging_mixin.py:188} INFO - [2025-05-07T19:46:00.115+0000] {dag.py:3036} INFO - Sync 1 DAGs
[2025-05-07T19:46:00.139+0000] {logging_mixin.py:188} INFO - [2025-05-07T19:46:00.139+0000] {dag.py:3823} INFO - Setting next_dagrun for example_dynamic_task_mapping to 2022-03-04 00:00:00+00:00, run_after=2022-03-05 00:00:00+00:00
[2025-05-07T19:46:00.167+0000] {processor.py:183} INFO - Processing /home/airflow/.local/lib/python3.8/site-packages/airflow/example_dags/example_dynamic_task_mapping.py took 0.091 seconds
[2025-05-07T19:46:30.555+0000] {processor.py:161} INFO - Started process (PID=1550) to work on /home/airflow/.local/lib/python3.8/site-packages/airflow/example_dags/example_dynamic_task_mapping.py
[2025-05-07T19:46:30.558+0000] {processor.py:830} INFO - Processing file /home/airflow/.local/lib/python3.8/site-packages/airflow/example_dags/example_dynamic_task_mapping.py for tasks to queue
[2025-05-07T19:46:30.561+0000] {logging_mixin.py:188} INFO - [2025-05-07T19:46:30.561+0000] {dagbag.py:538} INFO - Filling up the DagBag from /home/airflow/.local/lib/python3.8/site-packages/airflow/example_dags/example_dynamic_task_mapping.py
[2025-05-07T19:46:30.568+0000] {processor.py:840} INFO - DAG(s) 'example_dynamic_task_mapping' retrieved from /home/airflow/.local/lib/python3.8/site-packages/airflow/example_dags/example_dynamic_task_mapping.py
[2025-05-07T19:46:30.587+0000] {logging_mixin.py:188} INFO - [2025-05-07T19:46:30.587+0000] {dag.py:3036} INFO - Sync 1 DAGs
[2025-05-07T19:46:30.607+0000] {logging_mixin.py:188} INFO - [2025-05-07T19:46:30.607+0000] {dag.py:3823} INFO - Setting next_dagrun for example_dynamic_task_mapping to 2022-03-04 00:00:00+00:00, run_after=2022-03-05 00:00:00+00:00
[2025-05-07T19:46:30.632+0000] {processor.py:183} INFO - Processing /home/airflow/.local/lib/python3.8/site-packages/airflow/example_dags/example_dynamic_task_mapping.py took 0.081 seconds
[2025-05-07T19:47:01.271+0000] {processor.py:161} INFO - Started process (PID=1608) to work on /home/airflow/.local/lib/python3.8/site-packages/airflow/example_dags/example_dynamic_task_mapping.py
[2025-05-07T19:47:01.275+0000] {processor.py:830} INFO - Processing file /home/airflow/.local/lib/python3.8/site-packages/airflow/example_dags/example_dynamic_task_mapping.py for tasks to queue
[2025-05-07T19:47:01.280+0000] {logging_mixin.py:188} INFO - [2025-05-07T19:47:01.279+0000] {dagbag.py:538} INFO - Filling up the DagBag from /home/airflow/.local/lib/python3.8/site-packages/airflow/example_dags/example_dynamic_task_mapping.py
[2025-05-07T19:47:01.296+0000] {processor.py:840} INFO - DAG(s) 'example_dynamic_task_mapping' retrieved from /home/airflow/.local/lib/python3.8/site-packages/airflow/example_dags/example_dynamic_task_mapping.py
[2025-05-07T19:47:01.335+0000] {logging_mixin.py:188} INFO - [2025-05-07T19:47:01.334+0000] {dag.py:3036} INFO - Sync 1 DAGs
[2025-05-07T19:47:01.361+0000] {logging_mixin.py:188} INFO - [2025-05-07T19:47:01.361+0000] {dag.py:3823} INFO - Setting next_dagrun for example_dynamic_task_mapping to 2022-03-04 00:00:00+00:00, run_after=2022-03-05 00:00:00+00:00
[2025-05-07T19:47:01.395+0000] {processor.py:183} INFO - Processing /home/airflow/.local/lib/python3.8/site-packages/airflow/example_dags/example_dynamic_task_mapping.py took 0.130 seconds
[2025-05-07T19:47:31.689+0000] {processor.py:161} INFO - Started process (PID=1665) to work on /home/airflow/.local/lib/python3.8/site-packages/airflow/example_dags/example_dynamic_task_mapping.py
[2025-05-07T19:47:31.691+0000] {processor.py:830} INFO - Processing file /home/airflow/.local/lib/python3.8/site-packages/airflow/example_dags/example_dynamic_task_mapping.py for tasks to queue
[2025-05-07T19:47:31.694+0000] {logging_mixin.py:188} INFO - [2025-05-07T19:47:31.694+0000] {dagbag.py:538} INFO - Filling up the DagBag from /home/airflow/.local/lib/python3.8/site-packages/airflow/example_dags/example_dynamic_task_mapping.py
[2025-05-07T19:47:31.702+0000] {processor.py:840} INFO - DAG(s) 'example_dynamic_task_mapping' retrieved from /home/airflow/.local/lib/python3.8/site-packages/airflow/example_dags/example_dynamic_task_mapping.py
[2025-05-07T19:47:31.727+0000] {logging_mixin.py:188} INFO - [2025-05-07T19:47:31.726+0000] {dag.py:3036} INFO - Sync 1 DAGs
[2025-05-07T19:47:31.758+0000] {logging_mixin.py:188} INFO - [2025-05-07T19:47:31.758+0000] {dag.py:3823} INFO - Setting next_dagrun for example_dynamic_task_mapping to 2022-03-04 00:00:00+00:00, run_after=2022-03-05 00:00:00+00:00
[2025-05-07T19:47:31.784+0000] {processor.py:183} INFO - Processing /home/airflow/.local/lib/python3.8/site-packages/airflow/example_dags/example_dynamic_task_mapping.py took 0.101 seconds
[2025-05-07T19:48:02.238+0000] {processor.py:161} INFO - Started process (PID=1722) to work on /home/airflow/.local/lib/python3.8/site-packages/airflow/example_dags/example_dynamic_task_mapping.py
[2025-05-07T19:48:02.241+0000] {processor.py:830} INFO - Processing file /home/airflow/.local/lib/python3.8/site-packages/airflow/example_dags/example_dynamic_task_mapping.py for tasks to queue
[2025-05-07T19:48:02.245+0000] {logging_mixin.py:188} INFO - [2025-05-07T19:48:02.245+0000] {dagbag.py:538} INFO - Filling up the DagBag from /home/airflow/.local/lib/python3.8/site-packages/airflow/example_dags/example_dynamic_task_mapping.py
[2025-05-07T19:48:02.256+0000] {processor.py:840} INFO - DAG(s) 'example_dynamic_task_mapping' retrieved from /home/airflow/.local/lib/python3.8/site-packages/airflow/example_dags/example_dynamic_task_mapping.py
[2025-05-07T19:48:02.285+0000] {logging_mixin.py:188} INFO - [2025-05-07T19:48:02.284+0000] {dag.py:3036} INFO - Sync 1 DAGs
[2025-05-07T19:48:02.312+0000] {logging_mixin.py:188} INFO - [2025-05-07T19:48:02.312+0000] {dag.py:3823} INFO - Setting next_dagrun for example_dynamic_task_mapping to 2022-03-04 00:00:00+00:00, run_after=2022-03-05 00:00:00+00:00
[2025-05-07T19:48:02.340+0000] {processor.py:183} INFO - Processing /home/airflow/.local/lib/python3.8/site-packages/airflow/example_dags/example_dynamic_task_mapping.py took 0.109 seconds
[2025-05-07T19:48:33.015+0000] {processor.py:161} INFO - Started process (PID=1779) to work on /home/airflow/.local/lib/python3.8/site-packages/airflow/example_dags/example_dynamic_task_mapping.py
[2025-05-07T19:48:33.017+0000] {processor.py:830} INFO - Processing file /home/airflow/.local/lib/python3.8/site-packages/airflow/example_dags/example_dynamic_task_mapping.py for tasks to queue
[2025-05-07T19:48:33.021+0000] {logging_mixin.py:188} INFO - [2025-05-07T19:48:33.020+0000] {dagbag.py:538} INFO - Filling up the DagBag from /home/airflow/.local/lib/python3.8/site-packages/airflow/example_dags/example_dynamic_task_mapping.py
[2025-05-07T19:48:33.034+0000] {processor.py:840} INFO - DAG(s) 'example_dynamic_task_mapping' retrieved from /home/airflow/.local/lib/python3.8/site-packages/airflow/example_dags/example_dynamic_task_mapping.py
[2025-05-07T19:48:33.062+0000] {logging_mixin.py:188} INFO - [2025-05-07T19:48:33.062+0000] {dag.py:3036} INFO - Sync 1 DAGs
[2025-05-07T19:48:33.082+0000] {logging_mixin.py:188} INFO - [2025-05-07T19:48:33.082+0000] {dag.py:3823} INFO - Setting next_dagrun for example_dynamic_task_mapping to 2022-03-04 00:00:00+00:00, run_after=2022-03-05 00:00:00+00:00
[2025-05-07T19:48:33.102+0000] {processor.py:183} INFO - Processing /home/airflow/.local/lib/python3.8/site-packages/airflow/example_dags/example_dynamic_task_mapping.py took 0.095 seconds
[2025-05-07T19:49:03.247+0000] {processor.py:161} INFO - Started process (PID=1835) to work on /home/airflow/.local/lib/python3.8/site-packages/airflow/example_dags/example_dynamic_task_mapping.py
[2025-05-07T19:49:03.248+0000] {processor.py:830} INFO - Processing file /home/airflow/.local/lib/python3.8/site-packages/airflow/example_dags/example_dynamic_task_mapping.py for tasks to queue
[2025-05-07T19:49:03.250+0000] {logging_mixin.py:188} INFO - [2025-05-07T19:49:03.250+0000] {dagbag.py:538} INFO - Filling up the DagBag from /home/airflow/.local/lib/python3.8/site-packages/airflow/example_dags/example_dynamic_task_mapping.py
[2025-05-07T19:49:03.257+0000] {processor.py:840} INFO - DAG(s) 'example_dynamic_task_mapping' retrieved from /home/airflow/.local/lib/python3.8/site-packages/airflow/example_dags/example_dynamic_task_mapping.py
[2025-05-07T19:49:03.277+0000] {logging_mixin.py:188} INFO - [2025-05-07T19:49:03.277+0000] {dag.py:3036} INFO - Sync 1 DAGs
[2025-05-07T19:49:03.299+0000] {logging_mixin.py:188} INFO - [2025-05-07T19:49:03.298+0000] {dag.py:3823} INFO - Setting next_dagrun for example_dynamic_task_mapping to 2022-03-04 00:00:00+00:00, run_after=2022-03-05 00:00:00+00:00
[2025-05-07T19:49:03.320+0000] {processor.py:183} INFO - Processing /home/airflow/.local/lib/python3.8/site-packages/airflow/example_dags/example_dynamic_task_mapping.py took 0.076 seconds
[2025-05-07T19:49:33.875+0000] {processor.py:161} INFO - Started process (PID=1892) to work on /home/airflow/.local/lib/python3.8/site-packages/airflow/example_dags/example_dynamic_task_mapping.py
[2025-05-07T19:49:33.877+0000] {processor.py:830} INFO - Processing file /home/airflow/.local/lib/python3.8/site-packages/airflow/example_dags/example_dynamic_task_mapping.py for tasks to queue
[2025-05-07T19:49:33.890+0000] {logging_mixin.py:188} INFO - [2025-05-07T19:49:33.886+0000] {dagbag.py:538} INFO - Filling up the DagBag from /home/airflow/.local/lib/python3.8/site-packages/airflow/example_dags/example_dynamic_task_mapping.py
[2025-05-07T19:49:33.898+0000] {processor.py:840} INFO - DAG(s) 'example_dynamic_task_mapping' retrieved from /home/airflow/.local/lib/python3.8/site-packages/airflow/example_dags/example_dynamic_task_mapping.py
[2025-05-07T19:49:33.920+0000] {logging_mixin.py:188} INFO - [2025-05-07T19:49:33.919+0000] {dag.py:3036} INFO - Sync 1 DAGs
[2025-05-07T19:49:33.947+0000] {logging_mixin.py:188} INFO - [2025-05-07T19:49:33.947+0000] {dag.py:3823} INFO - Setting next_dagrun for example_dynamic_task_mapping to 2022-03-04 00:00:00+00:00, run_after=2022-03-05 00:00:00+00:00
[2025-05-07T19:49:33.989+0000] {processor.py:183} INFO - Processing /home/airflow/.local/lib/python3.8/site-packages/airflow/example_dags/example_dynamic_task_mapping.py took 0.119 seconds
[2025-05-07T19:50:04.678+0000] {processor.py:161} INFO - Started process (PID=1949) to work on /home/airflow/.local/lib/python3.8/site-packages/airflow/example_dags/example_dynamic_task_mapping.py
[2025-05-07T19:50:04.683+0000] {processor.py:830} INFO - Processing file /home/airflow/.local/lib/python3.8/site-packages/airflow/example_dags/example_dynamic_task_mapping.py for tasks to queue
[2025-05-07T19:50:04.686+0000] {logging_mixin.py:188} INFO - [2025-05-07T19:50:04.686+0000] {dagbag.py:538} INFO - Filling up the DagBag from /home/airflow/.local/lib/python3.8/site-packages/airflow/example_dags/example_dynamic_task_mapping.py
[2025-05-07T19:50:04.695+0000] {processor.py:840} INFO - DAG(s) 'example_dynamic_task_mapping' retrieved from /home/airflow/.local/lib/python3.8/site-packages/airflow/example_dags/example_dynamic_task_mapping.py
[2025-05-07T19:50:04.720+0000] {logging_mixin.py:188} INFO - [2025-05-07T19:50:04.720+0000] {dag.py:3036} INFO - Sync 1 DAGs
[2025-05-07T19:50:04.743+0000] {logging_mixin.py:188} INFO - [2025-05-07T19:50:04.742+0000] {dag.py:3823} INFO - Setting next_dagrun for example_dynamic_task_mapping to 2022-03-04 00:00:00+00:00, run_after=2022-03-05 00:00:00+00:00
[2025-05-07T19:50:04.766+0000] {processor.py:183} INFO - Processing /home/airflow/.local/lib/python3.8/site-packages/airflow/example_dags/example_dynamic_task_mapping.py took 0.094 seconds
[2025-05-07T19:50:35.364+0000] {processor.py:161} INFO - Started process (PID=2006) to work on /home/airflow/.local/lib/python3.8/site-packages/airflow/example_dags/example_dynamic_task_mapping.py
[2025-05-07T19:50:35.366+0000] {processor.py:830} INFO - Processing file /home/airflow/.local/lib/python3.8/site-packages/airflow/example_dags/example_dynamic_task_mapping.py for tasks to queue
[2025-05-07T19:50:35.370+0000] {logging_mixin.py:188} INFO - [2025-05-07T19:50:35.370+0000] {dagbag.py:538} INFO - Filling up the DagBag from /home/airflow/.local/lib/python3.8/site-packages/airflow/example_dags/example_dynamic_task_mapping.py
[2025-05-07T19:50:35.381+0000] {processor.py:840} INFO - DAG(s) 'example_dynamic_task_mapping' retrieved from /home/airflow/.local/lib/python3.8/site-packages/airflow/example_dags/example_dynamic_task_mapping.py
[2025-05-07T19:50:35.410+0000] {logging_mixin.py:188} INFO - [2025-05-07T19:50:35.410+0000] {dag.py:3036} INFO - Sync 1 DAGs
[2025-05-07T19:50:35.438+0000] {logging_mixin.py:188} INFO - [2025-05-07T19:50:35.438+0000] {dag.py:3823} INFO - Setting next_dagrun for example_dynamic_task_mapping to 2022-03-04 00:00:00+00:00, run_after=2022-03-05 00:00:00+00:00
[2025-05-07T19:50:35.460+0000] {processor.py:183} INFO - Processing /home/airflow/.local/lib/python3.8/site-packages/airflow/example_dags/example_dynamic_task_mapping.py took 0.100 seconds
[2025-05-07T19:51:05.884+0000] {processor.py:161} INFO - Started process (PID=2063) to work on /home/airflow/.local/lib/python3.8/site-packages/airflow/example_dags/example_dynamic_task_mapping.py
[2025-05-07T19:51:05.885+0000] {processor.py:830} INFO - Processing file /home/airflow/.local/lib/python3.8/site-packages/airflow/example_dags/example_dynamic_task_mapping.py for tasks to queue
[2025-05-07T19:51:05.887+0000] {logging_mixin.py:188} INFO - [2025-05-07T19:51:05.887+0000] {dagbag.py:538} INFO - Filling up the DagBag from /home/airflow/.local/lib/python3.8/site-packages/airflow/example_dags/example_dynamic_task_mapping.py
[2025-05-07T19:51:05.894+0000] {processor.py:840} INFO - DAG(s) 'example_dynamic_task_mapping' retrieved from /home/airflow/.local/lib/python3.8/site-packages/airflow/example_dags/example_dynamic_task_mapping.py
[2025-05-07T19:51:05.915+0000] {logging_mixin.py:188} INFO - [2025-05-07T19:51:05.915+0000] {dag.py:3036} INFO - Sync 1 DAGs
[2025-05-07T19:51:05.935+0000] {logging_mixin.py:188} INFO - [2025-05-07T19:51:05.935+0000] {dag.py:3823} INFO - Setting next_dagrun for example_dynamic_task_mapping to 2022-03-04 00:00:00+00:00, run_after=2022-03-05 00:00:00+00:00
[2025-05-07T19:51:05.956+0000] {processor.py:183} INFO - Processing /home/airflow/.local/lib/python3.8/site-packages/airflow/example_dags/example_dynamic_task_mapping.py took 0.075 seconds
[2025-05-07T19:51:36.300+0000] {processor.py:161} INFO - Started process (PID=2120) to work on /home/airflow/.local/lib/python3.8/site-packages/airflow/example_dags/example_dynamic_task_mapping.py
[2025-05-07T19:51:36.301+0000] {processor.py:830} INFO - Processing file /home/airflow/.local/lib/python3.8/site-packages/airflow/example_dags/example_dynamic_task_mapping.py for tasks to queue
[2025-05-07T19:51:36.303+0000] {logging_mixin.py:188} INFO - [2025-05-07T19:51:36.303+0000] {dagbag.py:538} INFO - Filling up the DagBag from /home/airflow/.local/lib/python3.8/site-packages/airflow/example_dags/example_dynamic_task_mapping.py
[2025-05-07T19:51:36.310+0000] {processor.py:840} INFO - DAG(s) 'example_dynamic_task_mapping' retrieved from /home/airflow/.local/lib/python3.8/site-packages/airflow/example_dags/example_dynamic_task_mapping.py
[2025-05-07T19:51:36.329+0000] {logging_mixin.py:188} INFO - [2025-05-07T19:51:36.329+0000] {dag.py:3036} INFO - Sync 1 DAGs
[2025-05-07T19:51:36.351+0000] {logging_mixin.py:188} INFO - [2025-05-07T19:51:36.351+0000] {dag.py:3823} INFO - Setting next_dagrun for example_dynamic_task_mapping to 2022-03-04 00:00:00+00:00, run_after=2022-03-05 00:00:00+00:00
[2025-05-07T19:51:36.374+0000] {processor.py:183} INFO - Processing /home/airflow/.local/lib/python3.8/site-packages/airflow/example_dags/example_dynamic_task_mapping.py took 0.077 seconds
[2025-05-07T19:52:06.535+0000] {processor.py:161} INFO - Started process (PID=2177) to work on /home/airflow/.local/lib/python3.8/site-packages/airflow/example_dags/example_dynamic_task_mapping.py
[2025-05-07T19:52:06.536+0000] {processor.py:830} INFO - Processing file /home/airflow/.local/lib/python3.8/site-packages/airflow/example_dags/example_dynamic_task_mapping.py for tasks to queue
[2025-05-07T19:52:06.539+0000] {logging_mixin.py:188} INFO - [2025-05-07T19:52:06.538+0000] {dagbag.py:538} INFO - Filling up the DagBag from /home/airflow/.local/lib/python3.8/site-packages/airflow/example_dags/example_dynamic_task_mapping.py
[2025-05-07T19:52:06.546+0000] {processor.py:840} INFO - DAG(s) 'example_dynamic_task_mapping' retrieved from /home/airflow/.local/lib/python3.8/site-packages/airflow/example_dags/example_dynamic_task_mapping.py
[2025-05-07T19:52:06.571+0000] {logging_mixin.py:188} INFO - [2025-05-07T19:52:06.571+0000] {dag.py:3036} INFO - Sync 1 DAGs
[2025-05-07T19:52:06.602+0000] {logging_mixin.py:188} INFO - [2025-05-07T19:52:06.602+0000] {dag.py:3823} INFO - Setting next_dagrun for example_dynamic_task_mapping to 2022-03-04 00:00:00+00:00, run_after=2022-03-05 00:00:00+00:00
[2025-05-07T19:52:06.624+0000] {processor.py:183} INFO - Processing /home/airflow/.local/lib/python3.8/site-packages/airflow/example_dags/example_dynamic_task_mapping.py took 0.093 seconds
[2025-05-07T19:52:36.765+0000] {processor.py:161} INFO - Started process (PID=2234) to work on /home/airflow/.local/lib/python3.8/site-packages/airflow/example_dags/example_dynamic_task_mapping.py
[2025-05-07T19:52:36.767+0000] {processor.py:830} INFO - Processing file /home/airflow/.local/lib/python3.8/site-packages/airflow/example_dags/example_dynamic_task_mapping.py for tasks to queue
[2025-05-07T19:52:36.769+0000] {logging_mixin.py:188} INFO - [2025-05-07T19:52:36.769+0000] {dagbag.py:538} INFO - Filling up the DagBag from /home/airflow/.local/lib/python3.8/site-packages/airflow/example_dags/example_dynamic_task_mapping.py
[2025-05-07T19:52:36.775+0000] {processor.py:840} INFO - DAG(s) 'example_dynamic_task_mapping' retrieved from /home/airflow/.local/lib/python3.8/site-packages/airflow/example_dags/example_dynamic_task_mapping.py
[2025-05-07T19:52:36.795+0000] {logging_mixin.py:188} INFO - [2025-05-07T19:52:36.795+0000] {dag.py:3036} INFO - Sync 1 DAGs
[2025-05-07T19:52:36.817+0000] {logging_mixin.py:188} INFO - [2025-05-07T19:52:36.817+0000] {dag.py:3823} INFO - Setting next_dagrun for example_dynamic_task_mapping to 2022-03-04 00:00:00+00:00, run_after=2022-03-05 00:00:00+00:00
[2025-05-07T19:52:36.840+0000] {processor.py:183} INFO - Processing /home/airflow/.local/lib/python3.8/site-packages/airflow/example_dags/example_dynamic_task_mapping.py took 0.078 seconds
[2025-05-07T19:53:07.053+0000] {processor.py:161} INFO - Started process (PID=2291) to work on /home/airflow/.local/lib/python3.8/site-packages/airflow/example_dags/example_dynamic_task_mapping.py
[2025-05-07T19:53:07.055+0000] {processor.py:830} INFO - Processing file /home/airflow/.local/lib/python3.8/site-packages/airflow/example_dags/example_dynamic_task_mapping.py for tasks to queue
[2025-05-07T19:53:07.057+0000] {logging_mixin.py:188} INFO - [2025-05-07T19:53:07.057+0000] {dagbag.py:538} INFO - Filling up the DagBag from /home/airflow/.local/lib/python3.8/site-packages/airflow/example_dags/example_dynamic_task_mapping.py
[2025-05-07T19:53:07.064+0000] {processor.py:840} INFO - DAG(s) 'example_dynamic_task_mapping' retrieved from /home/airflow/.local/lib/python3.8/site-packages/airflow/example_dags/example_dynamic_task_mapping.py
[2025-05-07T19:53:07.091+0000] {logging_mixin.py:188} INFO - [2025-05-07T19:53:07.090+0000] {dag.py:3036} INFO - Sync 1 DAGs
[2025-05-07T19:53:07.120+0000] {logging_mixin.py:188} INFO - [2025-05-07T19:53:07.120+0000] {dag.py:3823} INFO - Setting next_dagrun for example_dynamic_task_mapping to 2022-03-04 00:00:00+00:00, run_after=2022-03-05 00:00:00+00:00
[2025-05-07T19:53:07.164+0000] {processor.py:183} INFO - Processing /home/airflow/.local/lib/python3.8/site-packages/airflow/example_dags/example_dynamic_task_mapping.py took 0.114 seconds
[2025-05-07T19:53:37.519+0000] {processor.py:161} INFO - Started process (PID=2348) to work on /home/airflow/.local/lib/python3.8/site-packages/airflow/example_dags/example_dynamic_task_mapping.py
[2025-05-07T19:53:37.522+0000] {processor.py:830} INFO - Processing file /home/airflow/.local/lib/python3.8/site-packages/airflow/example_dags/example_dynamic_task_mapping.py for tasks to queue
[2025-05-07T19:53:37.527+0000] {logging_mixin.py:188} INFO - [2025-05-07T19:53:37.526+0000] {dagbag.py:538} INFO - Filling up the DagBag from /home/airflow/.local/lib/python3.8/site-packages/airflow/example_dags/example_dynamic_task_mapping.py
[2025-05-07T19:53:37.539+0000] {processor.py:840} INFO - DAG(s) 'example_dynamic_task_mapping' retrieved from /home/airflow/.local/lib/python3.8/site-packages/airflow/example_dags/example_dynamic_task_mapping.py
[2025-05-07T19:53:37.577+0000] {logging_mixin.py:188} INFO - [2025-05-07T19:53:37.577+0000] {dag.py:3036} INFO - Sync 1 DAGs
[2025-05-07T19:53:37.613+0000] {logging_mixin.py:188} INFO - [2025-05-07T19:53:37.613+0000] {dag.py:3823} INFO - Setting next_dagrun for example_dynamic_task_mapping to 2022-03-04 00:00:00+00:00, run_after=2022-03-05 00:00:00+00:00
[2025-05-07T19:53:37.645+0000] {processor.py:183} INFO - Processing /home/airflow/.local/lib/python3.8/site-packages/airflow/example_dags/example_dynamic_task_mapping.py took 0.132 seconds
[2025-05-07T19:54:08.312+0000] {processor.py:161} INFO - Started process (PID=2405) to work on /home/airflow/.local/lib/python3.8/site-packages/airflow/example_dags/example_dynamic_task_mapping.py
[2025-05-07T19:54:08.315+0000] {processor.py:830} INFO - Processing file /home/airflow/.local/lib/python3.8/site-packages/airflow/example_dags/example_dynamic_task_mapping.py for tasks to queue
[2025-05-07T19:54:08.319+0000] {logging_mixin.py:188} INFO - [2025-05-07T19:54:08.319+0000] {dagbag.py:538} INFO - Filling up the DagBag from /home/airflow/.local/lib/python3.8/site-packages/airflow/example_dags/example_dynamic_task_mapping.py
[2025-05-07T19:54:08.328+0000] {processor.py:840} INFO - DAG(s) 'example_dynamic_task_mapping' retrieved from /home/airflow/.local/lib/python3.8/site-packages/airflow/example_dags/example_dynamic_task_mapping.py
[2025-05-07T19:54:08.353+0000] {logging_mixin.py:188} INFO - [2025-05-07T19:54:08.352+0000] {dag.py:3036} INFO - Sync 1 DAGs
[2025-05-07T19:54:08.386+0000] {logging_mixin.py:188} INFO - [2025-05-07T19:54:08.385+0000] {dag.py:3823} INFO - Setting next_dagrun for example_dynamic_task_mapping to 2022-03-04 00:00:00+00:00, run_after=2022-03-05 00:00:00+00:00
[2025-05-07T19:54:08.530+0000] {processor.py:183} INFO - Processing /home/airflow/.local/lib/python3.8/site-packages/airflow/example_dags/example_dynamic_task_mapping.py took 0.221 seconds
[2025-05-07T19:54:39.072+0000] {processor.py:161} INFO - Started process (PID=2462) to work on /home/airflow/.local/lib/python3.8/site-packages/airflow/example_dags/example_dynamic_task_mapping.py
[2025-05-07T19:54:39.074+0000] {processor.py:830} INFO - Processing file /home/airflow/.local/lib/python3.8/site-packages/airflow/example_dags/example_dynamic_task_mapping.py for tasks to queue
[2025-05-07T19:54:39.076+0000] {logging_mixin.py:188} INFO - [2025-05-07T19:54:39.076+0000] {dagbag.py:538} INFO - Filling up the DagBag from /home/airflow/.local/lib/python3.8/site-packages/airflow/example_dags/example_dynamic_task_mapping.py
[2025-05-07T19:54:39.086+0000] {processor.py:840} INFO - DAG(s) 'example_dynamic_task_mapping' retrieved from /home/airflow/.local/lib/python3.8/site-packages/airflow/example_dags/example_dynamic_task_mapping.py
[2025-05-07T19:54:39.111+0000] {logging_mixin.py:188} INFO - [2025-05-07T19:54:39.111+0000] {dag.py:3036} INFO - Sync 1 DAGs
[2025-05-07T19:54:39.134+0000] {logging_mixin.py:188} INFO - [2025-05-07T19:54:39.134+0000] {dag.py:3823} INFO - Setting next_dagrun for example_dynamic_task_mapping to 2022-03-04 00:00:00+00:00, run_after=2022-03-05 00:00:00+00:00
[2025-05-07T19:54:39.154+0000] {processor.py:183} INFO - Processing /home/airflow/.local/lib/python3.8/site-packages/airflow/example_dags/example_dynamic_task_mapping.py took 0.086 seconds
[2025-05-07T19:55:09.889+0000] {processor.py:161} INFO - Started process (PID=2519) to work on /home/airflow/.local/lib/python3.8/site-packages/airflow/example_dags/example_dynamic_task_mapping.py
[2025-05-07T19:55:09.894+0000] {processor.py:830} INFO - Processing file /home/airflow/.local/lib/python3.8/site-packages/airflow/example_dags/example_dynamic_task_mapping.py for tasks to queue
[2025-05-07T19:55:09.898+0000] {logging_mixin.py:188} INFO - [2025-05-07T19:55:09.898+0000] {dagbag.py:538} INFO - Filling up the DagBag from /home/airflow/.local/lib/python3.8/site-packages/airflow/example_dags/example_dynamic_task_mapping.py
[2025-05-07T19:55:09.907+0000] {processor.py:840} INFO - DAG(s) 'example_dynamic_task_mapping' retrieved from /home/airflow/.local/lib/python3.8/site-packages/airflow/example_dags/example_dynamic_task_mapping.py
[2025-05-07T19:55:09.933+0000] {logging_mixin.py:188} INFO - [2025-05-07T19:55:09.933+0000] {dag.py:3036} INFO - Sync 1 DAGs
[2025-05-07T19:55:10.095+0000] {logging_mixin.py:188} INFO - [2025-05-07T19:55:10.095+0000] {dag.py:3823} INFO - Setting next_dagrun for example_dynamic_task_mapping to 2022-03-04 00:00:00+00:00, run_after=2022-03-05 00:00:00+00:00
[2025-05-07T19:55:10.119+0000] {processor.py:183} INFO - Processing /home/airflow/.local/lib/python3.8/site-packages/airflow/example_dags/example_dynamic_task_mapping.py took 0.234 seconds
[2025-05-07T19:55:40.196+0000] {processor.py:161} INFO - Started process (PID=2575) to work on /home/airflow/.local/lib/python3.8/site-packages/airflow/example_dags/example_dynamic_task_mapping.py
[2025-05-07T19:55:40.198+0000] {processor.py:830} INFO - Processing file /home/airflow/.local/lib/python3.8/site-packages/airflow/example_dags/example_dynamic_task_mapping.py for tasks to queue
[2025-05-07T19:55:40.200+0000] {logging_mixin.py:188} INFO - [2025-05-07T19:55:40.200+0000] {dagbag.py:538} INFO - Filling up the DagBag from /home/airflow/.local/lib/python3.8/site-packages/airflow/example_dags/example_dynamic_task_mapping.py
[2025-05-07T19:55:40.208+0000] {processor.py:840} INFO - DAG(s) 'example_dynamic_task_mapping' retrieved from /home/airflow/.local/lib/python3.8/site-packages/airflow/example_dags/example_dynamic_task_mapping.py
[2025-05-07T19:55:40.228+0000] {logging_mixin.py:188} INFO - [2025-05-07T19:55:40.228+0000] {dag.py:3036} INFO - Sync 1 DAGs
[2025-05-07T19:55:40.362+0000] {logging_mixin.py:188} INFO - [2025-05-07T19:55:40.362+0000] {dag.py:3823} INFO - Setting next_dagrun for example_dynamic_task_mapping to 2022-03-04 00:00:00+00:00, run_after=2022-03-05 00:00:00+00:00
[2025-05-07T19:55:40.382+0000] {processor.py:183} INFO - Processing /home/airflow/.local/lib/python3.8/site-packages/airflow/example_dags/example_dynamic_task_mapping.py took 0.189 seconds
[2025-05-07T19:56:11.342+0000] {processor.py:161} INFO - Started process (PID=2633) to work on /home/airflow/.local/lib/python3.8/site-packages/airflow/example_dags/example_dynamic_task_mapping.py
[2025-05-07T19:56:11.345+0000] {processor.py:830} INFO - Processing file /home/airflow/.local/lib/python3.8/site-packages/airflow/example_dags/example_dynamic_task_mapping.py for tasks to queue
[2025-05-07T19:56:11.349+0000] {logging_mixin.py:188} INFO - [2025-05-07T19:56:11.349+0000] {dagbag.py:538} INFO - Filling up the DagBag from /home/airflow/.local/lib/python3.8/site-packages/airflow/example_dags/example_dynamic_task_mapping.py
[2025-05-07T19:56:11.356+0000] {processor.py:840} INFO - DAG(s) 'example_dynamic_task_mapping' retrieved from /home/airflow/.local/lib/python3.8/site-packages/airflow/example_dags/example_dynamic_task_mapping.py
[2025-05-07T19:56:11.376+0000] {logging_mixin.py:188} INFO - [2025-05-07T19:56:11.376+0000] {dag.py:3036} INFO - Sync 1 DAGs
[2025-05-07T19:56:11.398+0000] {logging_mixin.py:188} INFO - [2025-05-07T19:56:11.397+0000] {dag.py:3823} INFO - Setting next_dagrun for example_dynamic_task_mapping to 2022-03-04 00:00:00+00:00, run_after=2022-03-05 00:00:00+00:00
[2025-05-07T19:56:11.448+0000] {processor.py:183} INFO - Processing /home/airflow/.local/lib/python3.8/site-packages/airflow/example_dags/example_dynamic_task_mapping.py took 0.108 seconds
[2025-05-07T19:56:41.573+0000] {processor.py:161} INFO - Started process (PID=2689) to work on /home/airflow/.local/lib/python3.8/site-packages/airflow/example_dags/example_dynamic_task_mapping.py
[2025-05-07T19:56:41.576+0000] {processor.py:830} INFO - Processing file /home/airflow/.local/lib/python3.8/site-packages/airflow/example_dags/example_dynamic_task_mapping.py for tasks to queue
[2025-05-07T19:56:41.580+0000] {logging_mixin.py:188} INFO - [2025-05-07T19:56:41.579+0000] {dagbag.py:538} INFO - Filling up the DagBag from /home/airflow/.local/lib/python3.8/site-packages/airflow/example_dags/example_dynamic_task_mapping.py
[2025-05-07T19:56:41.591+0000] {processor.py:840} INFO - DAG(s) 'example_dynamic_task_mapping' retrieved from /home/airflow/.local/lib/python3.8/site-packages/airflow/example_dags/example_dynamic_task_mapping.py
[2025-05-07T19:56:41.623+0000] {logging_mixin.py:188} INFO - [2025-05-07T19:56:41.622+0000] {dag.py:3036} INFO - Sync 1 DAGs
[2025-05-07T19:56:41.655+0000] {logging_mixin.py:188} INFO - [2025-05-07T19:56:41.654+0000] {dag.py:3823} INFO - Setting next_dagrun for example_dynamic_task_mapping to 2022-03-04 00:00:00+00:00, run_after=2022-03-05 00:00:00+00:00
[2025-05-07T19:56:41.676+0000] {processor.py:183} INFO - Processing /home/airflow/.local/lib/python3.8/site-packages/airflow/example_dags/example_dynamic_task_mapping.py took 0.110 seconds
[2025-05-07T19:57:11.946+0000] {processor.py:161} INFO - Started process (PID=2746) to work on /home/airflow/.local/lib/python3.8/site-packages/airflow/example_dags/example_dynamic_task_mapping.py
[2025-05-07T19:57:11.949+0000] {processor.py:830} INFO - Processing file /home/airflow/.local/lib/python3.8/site-packages/airflow/example_dags/example_dynamic_task_mapping.py for tasks to queue
[2025-05-07T19:57:11.955+0000] {logging_mixin.py:188} INFO - [2025-05-07T19:57:11.955+0000] {dagbag.py:538} INFO - Filling up the DagBag from /home/airflow/.local/lib/python3.8/site-packages/airflow/example_dags/example_dynamic_task_mapping.py
[2025-05-07T19:57:11.971+0000] {processor.py:840} INFO - DAG(s) 'example_dynamic_task_mapping' retrieved from /home/airflow/.local/lib/python3.8/site-packages/airflow/example_dags/example_dynamic_task_mapping.py
[2025-05-07T19:57:12.010+0000] {logging_mixin.py:188} INFO - [2025-05-07T19:57:12.010+0000] {dag.py:3036} INFO - Sync 1 DAGs
[2025-05-07T19:57:12.043+0000] {logging_mixin.py:188} INFO - [2025-05-07T19:57:12.043+0000] {dag.py:3823} INFO - Setting next_dagrun for example_dynamic_task_mapping to 2022-03-04 00:00:00+00:00, run_after=2022-03-05 00:00:00+00:00
[2025-05-07T19:57:12.080+0000] {processor.py:183} INFO - Processing /home/airflow/.local/lib/python3.8/site-packages/airflow/example_dags/example_dynamic_task_mapping.py took 0.139 seconds
[2025-05-07T19:57:42.773+0000] {processor.py:161} INFO - Started process (PID=2804) to work on /home/airflow/.local/lib/python3.8/site-packages/airflow/example_dags/example_dynamic_task_mapping.py
[2025-05-07T19:57:42.775+0000] {processor.py:830} INFO - Processing file /home/airflow/.local/lib/python3.8/site-packages/airflow/example_dags/example_dynamic_task_mapping.py for tasks to queue
[2025-05-07T19:57:42.777+0000] {logging_mixin.py:188} INFO - [2025-05-07T19:57:42.777+0000] {dagbag.py:538} INFO - Filling up the DagBag from /home/airflow/.local/lib/python3.8/site-packages/airflow/example_dags/example_dynamic_task_mapping.py
[2025-05-07T19:57:42.786+0000] {processor.py:840} INFO - DAG(s) 'example_dynamic_task_mapping' retrieved from /home/airflow/.local/lib/python3.8/site-packages/airflow/example_dags/example_dynamic_task_mapping.py
[2025-05-07T19:57:42.811+0000] {logging_mixin.py:188} INFO - [2025-05-07T19:57:42.811+0000] {dag.py:3036} INFO - Sync 1 DAGs
[2025-05-07T19:57:42.834+0000] {logging_mixin.py:188} INFO - [2025-05-07T19:57:42.833+0000] {dag.py:3823} INFO - Setting next_dagrun for example_dynamic_task_mapping to 2022-03-04 00:00:00+00:00, run_after=2022-03-05 00:00:00+00:00
[2025-05-07T19:57:42.855+0000] {processor.py:183} INFO - Processing /home/airflow/.local/lib/python3.8/site-packages/airflow/example_dags/example_dynamic_task_mapping.py took 0.085 seconds
[2025-05-07T19:58:13.667+0000] {processor.py:161} INFO - Started process (PID=2861) to work on /home/airflow/.local/lib/python3.8/site-packages/airflow/example_dags/example_dynamic_task_mapping.py
[2025-05-07T19:58:13.669+0000] {processor.py:830} INFO - Processing file /home/airflow/.local/lib/python3.8/site-packages/airflow/example_dags/example_dynamic_task_mapping.py for tasks to queue
[2025-05-07T19:58:13.672+0000] {logging_mixin.py:188} INFO - [2025-05-07T19:58:13.672+0000] {dagbag.py:538} INFO - Filling up the DagBag from /home/airflow/.local/lib/python3.8/site-packages/airflow/example_dags/example_dynamic_task_mapping.py
[2025-05-07T19:58:13.682+0000] {processor.py:840} INFO - DAG(s) 'example_dynamic_task_mapping' retrieved from /home/airflow/.local/lib/python3.8/site-packages/airflow/example_dags/example_dynamic_task_mapping.py
[2025-05-07T19:58:13.710+0000] {logging_mixin.py:188} INFO - [2025-05-07T19:58:13.709+0000] {dag.py:3036} INFO - Sync 1 DAGs
[2025-05-07T19:58:13.741+0000] {logging_mixin.py:188} INFO - [2025-05-07T19:58:13.740+0000] {dag.py:3823} INFO - Setting next_dagrun for example_dynamic_task_mapping to 2022-03-04 00:00:00+00:00, run_after=2022-03-05 00:00:00+00:00
[2025-05-07T19:58:13.767+0000] {processor.py:183} INFO - Processing /home/airflow/.local/lib/python3.8/site-packages/airflow/example_dags/example_dynamic_task_mapping.py took 0.104 seconds
[2025-05-07T19:58:43.939+0000] {processor.py:161} INFO - Started process (PID=2918) to work on /home/airflow/.local/lib/python3.8/site-packages/airflow/example_dags/example_dynamic_task_mapping.py
[2025-05-07T19:58:43.941+0000] {processor.py:830} INFO - Processing file /home/airflow/.local/lib/python3.8/site-packages/airflow/example_dags/example_dynamic_task_mapping.py for tasks to queue
[2025-05-07T19:58:43.943+0000] {logging_mixin.py:188} INFO - [2025-05-07T19:58:43.942+0000] {dagbag.py:538} INFO - Filling up the DagBag from /home/airflow/.local/lib/python3.8/site-packages/airflow/example_dags/example_dynamic_task_mapping.py
[2025-05-07T19:58:43.949+0000] {processor.py:840} INFO - DAG(s) 'example_dynamic_task_mapping' retrieved from /home/airflow/.local/lib/python3.8/site-packages/airflow/example_dags/example_dynamic_task_mapping.py
[2025-05-07T19:58:43.968+0000] {logging_mixin.py:188} INFO - [2025-05-07T19:58:43.967+0000] {dag.py:3036} INFO - Sync 1 DAGs
[2025-05-07T19:58:43.988+0000] {logging_mixin.py:188} INFO - [2025-05-07T19:58:43.987+0000] {dag.py:3823} INFO - Setting next_dagrun for example_dynamic_task_mapping to 2022-03-04 00:00:00+00:00, run_after=2022-03-05 00:00:00+00:00
[2025-05-07T19:58:44.011+0000] {processor.py:183} INFO - Processing /home/airflow/.local/lib/python3.8/site-packages/airflow/example_dags/example_dynamic_task_mapping.py took 0.075 seconds
[2025-05-07T19:59:14.339+0000] {processor.py:161} INFO - Started process (PID=2975) to work on /home/airflow/.local/lib/python3.8/site-packages/airflow/example_dags/example_dynamic_task_mapping.py
[2025-05-07T19:59:14.345+0000] {processor.py:830} INFO - Processing file /home/airflow/.local/lib/python3.8/site-packages/airflow/example_dags/example_dynamic_task_mapping.py for tasks to queue
[2025-05-07T19:59:14.350+0000] {logging_mixin.py:188} INFO - [2025-05-07T19:59:14.349+0000] {dagbag.py:538} INFO - Filling up the DagBag from /home/airflow/.local/lib/python3.8/site-packages/airflow/example_dags/example_dynamic_task_mapping.py
[2025-05-07T19:59:14.363+0000] {processor.py:840} INFO - DAG(s) 'example_dynamic_task_mapping' retrieved from /home/airflow/.local/lib/python3.8/site-packages/airflow/example_dags/example_dynamic_task_mapping.py
[2025-05-07T19:59:14.405+0000] {logging_mixin.py:188} INFO - [2025-05-07T19:59:14.404+0000] {dag.py:3036} INFO - Sync 1 DAGs
[2025-05-07T19:59:14.437+0000] {logging_mixin.py:188} INFO - [2025-05-07T19:59:14.437+0000] {dag.py:3823} INFO - Setting next_dagrun for example_dynamic_task_mapping to 2022-03-04 00:00:00+00:00, run_after=2022-03-05 00:00:00+00:00
[2025-05-07T19:59:14.461+0000] {processor.py:183} INFO - Processing /home/airflow/.local/lib/python3.8/site-packages/airflow/example_dags/example_dynamic_task_mapping.py took 0.127 seconds
[2025-05-07T19:59:44.726+0000] {processor.py:161} INFO - Started process (PID=3032) to work on /home/airflow/.local/lib/python3.8/site-packages/airflow/example_dags/example_dynamic_task_mapping.py
[2025-05-07T19:59:44.728+0000] {processor.py:830} INFO - Processing file /home/airflow/.local/lib/python3.8/site-packages/airflow/example_dags/example_dynamic_task_mapping.py for tasks to queue
[2025-05-07T19:59:44.733+0000] {logging_mixin.py:188} INFO - [2025-05-07T19:59:44.732+0000] {dagbag.py:538} INFO - Filling up the DagBag from /home/airflow/.local/lib/python3.8/site-packages/airflow/example_dags/example_dynamic_task_mapping.py
[2025-05-07T19:59:44.745+0000] {processor.py:840} INFO - DAG(s) 'example_dynamic_task_mapping' retrieved from /home/airflow/.local/lib/python3.8/site-packages/airflow/example_dags/example_dynamic_task_mapping.py
[2025-05-07T19:59:44.775+0000] {logging_mixin.py:188} INFO - [2025-05-07T19:59:44.775+0000] {dag.py:3036} INFO - Sync 1 DAGs
[2025-05-07T19:59:44.803+0000] {logging_mixin.py:188} INFO - [2025-05-07T19:59:44.803+0000] {dag.py:3823} INFO - Setting next_dagrun for example_dynamic_task_mapping to 2022-03-04 00:00:00+00:00, run_after=2022-03-05 00:00:00+00:00
[2025-05-07T19:59:44.826+0000] {processor.py:183} INFO - Processing /home/airflow/.local/lib/python3.8/site-packages/airflow/example_dags/example_dynamic_task_mapping.py took 0.108 seconds
[2025-05-07T20:00:15.177+0000] {processor.py:161} INFO - Started process (PID=3089) to work on /home/airflow/.local/lib/python3.8/site-packages/airflow/example_dags/example_dynamic_task_mapping.py
[2025-05-07T20:00:15.178+0000] {processor.py:830} INFO - Processing file /home/airflow/.local/lib/python3.8/site-packages/airflow/example_dags/example_dynamic_task_mapping.py for tasks to queue
[2025-05-07T20:00:15.181+0000] {logging_mixin.py:188} INFO - [2025-05-07T20:00:15.181+0000] {dagbag.py:538} INFO - Filling up the DagBag from /home/airflow/.local/lib/python3.8/site-packages/airflow/example_dags/example_dynamic_task_mapping.py
[2025-05-07T20:00:15.190+0000] {processor.py:840} INFO - DAG(s) 'example_dynamic_task_mapping' retrieved from /home/airflow/.local/lib/python3.8/site-packages/airflow/example_dags/example_dynamic_task_mapping.py
[2025-05-07T20:00:15.217+0000] {logging_mixin.py:188} INFO - [2025-05-07T20:00:15.216+0000] {dag.py:3036} INFO - Sync 1 DAGs
[2025-05-07T20:00:15.240+0000] {logging_mixin.py:188} INFO - [2025-05-07T20:00:15.240+0000] {dag.py:3823} INFO - Setting next_dagrun for example_dynamic_task_mapping to 2022-03-04 00:00:00+00:00, run_after=2022-03-05 00:00:00+00:00
[2025-05-07T20:00:15.264+0000] {processor.py:183} INFO - Processing /home/airflow/.local/lib/python3.8/site-packages/airflow/example_dags/example_dynamic_task_mapping.py took 0.091 seconds
[2025-05-07T20:00:46.069+0000] {processor.py:161} INFO - Started process (PID=3146) to work on /home/airflow/.local/lib/python3.8/site-packages/airflow/example_dags/example_dynamic_task_mapping.py
[2025-05-07T20:00:46.073+0000] {processor.py:830} INFO - Processing file /home/airflow/.local/lib/python3.8/site-packages/airflow/example_dags/example_dynamic_task_mapping.py for tasks to queue
[2025-05-07T20:00:46.078+0000] {logging_mixin.py:188} INFO - [2025-05-07T20:00:46.077+0000] {dagbag.py:538} INFO - Filling up the DagBag from /home/airflow/.local/lib/python3.8/site-packages/airflow/example_dags/example_dynamic_task_mapping.py
[2025-05-07T20:00:46.091+0000] {processor.py:840} INFO - DAG(s) 'example_dynamic_task_mapping' retrieved from /home/airflow/.local/lib/python3.8/site-packages/airflow/example_dags/example_dynamic_task_mapping.py
[2025-05-07T20:00:46.126+0000] {logging_mixin.py:188} INFO - [2025-05-07T20:00:46.126+0000] {dag.py:3036} INFO - Sync 1 DAGs
[2025-05-07T20:00:46.158+0000] {logging_mixin.py:188} INFO - [2025-05-07T20:00:46.158+0000] {dag.py:3823} INFO - Setting next_dagrun for example_dynamic_task_mapping to 2022-03-04 00:00:00+00:00, run_after=2022-03-05 00:00:00+00:00
[2025-05-07T20:00:46.184+0000] {processor.py:183} INFO - Processing /home/airflow/.local/lib/python3.8/site-packages/airflow/example_dags/example_dynamic_task_mapping.py took 0.119 seconds
[2025-05-07T20:01:16.973+0000] {processor.py:161} INFO - Started process (PID=3203) to work on /home/airflow/.local/lib/python3.8/site-packages/airflow/example_dags/example_dynamic_task_mapping.py
[2025-05-07T20:01:16.977+0000] {processor.py:830} INFO - Processing file /home/airflow/.local/lib/python3.8/site-packages/airflow/example_dags/example_dynamic_task_mapping.py for tasks to queue
[2025-05-07T20:01:16.983+0000] {logging_mixin.py:188} INFO - [2025-05-07T20:01:16.982+0000] {dagbag.py:538} INFO - Filling up the DagBag from /home/airflow/.local/lib/python3.8/site-packages/airflow/example_dags/example_dynamic_task_mapping.py
[2025-05-07T20:01:16.995+0000] {processor.py:840} INFO - DAG(s) 'example_dynamic_task_mapping' retrieved from /home/airflow/.local/lib/python3.8/site-packages/airflow/example_dags/example_dynamic_task_mapping.py
[2025-05-07T20:01:17.034+0000] {logging_mixin.py:188} INFO - [2025-05-07T20:01:17.034+0000] {dag.py:3036} INFO - Sync 1 DAGs
[2025-05-07T20:01:17.074+0000] {logging_mixin.py:188} INFO - [2025-05-07T20:01:17.074+0000] {dag.py:3823} INFO - Setting next_dagrun for example_dynamic_task_mapping to 2022-03-04 00:00:00+00:00, run_after=2022-03-05 00:00:00+00:00
[2025-05-07T20:01:17.104+0000] {processor.py:183} INFO - Processing /home/airflow/.local/lib/python3.8/site-packages/airflow/example_dags/example_dynamic_task_mapping.py took 0.138 seconds
[2025-05-07T20:01:47.671+0000] {processor.py:161} INFO - Started process (PID=3260) to work on /home/airflow/.local/lib/python3.8/site-packages/airflow/example_dags/example_dynamic_task_mapping.py
[2025-05-07T20:01:47.673+0000] {processor.py:830} INFO - Processing file /home/airflow/.local/lib/python3.8/site-packages/airflow/example_dags/example_dynamic_task_mapping.py for tasks to queue
[2025-05-07T20:01:47.675+0000] {logging_mixin.py:188} INFO - [2025-05-07T20:01:47.674+0000] {dagbag.py:538} INFO - Filling up the DagBag from /home/airflow/.local/lib/python3.8/site-packages/airflow/example_dags/example_dynamic_task_mapping.py
[2025-05-07T20:01:47.682+0000] {processor.py:840} INFO - DAG(s) 'example_dynamic_task_mapping' retrieved from /home/airflow/.local/lib/python3.8/site-packages/airflow/example_dags/example_dynamic_task_mapping.py
[2025-05-07T20:01:47.722+0000] {logging_mixin.py:188} INFO - [2025-05-07T20:01:47.721+0000] {dag.py:3036} INFO - Sync 1 DAGs
[2025-05-07T20:01:47.747+0000] {logging_mixin.py:188} INFO - [2025-05-07T20:01:47.747+0000] {dag.py:3823} INFO - Setting next_dagrun for example_dynamic_task_mapping to 2022-03-04 00:00:00+00:00, run_after=2022-03-05 00:00:00+00:00
[2025-05-07T20:01:47.783+0000] {processor.py:183} INFO - Processing /home/airflow/.local/lib/python3.8/site-packages/airflow/example_dags/example_dynamic_task_mapping.py took 0.116 seconds
[2025-05-07T20:02:18.143+0000] {processor.py:161} INFO - Started process (PID=3317) to work on /home/airflow/.local/lib/python3.8/site-packages/airflow/example_dags/example_dynamic_task_mapping.py
[2025-05-07T20:02:18.145+0000] {processor.py:830} INFO - Processing file /home/airflow/.local/lib/python3.8/site-packages/airflow/example_dags/example_dynamic_task_mapping.py for tasks to queue
[2025-05-07T20:02:18.148+0000] {logging_mixin.py:188} INFO - [2025-05-07T20:02:18.148+0000] {dagbag.py:538} INFO - Filling up the DagBag from /home/airflow/.local/lib/python3.8/site-packages/airflow/example_dags/example_dynamic_task_mapping.py
[2025-05-07T20:02:18.157+0000] {processor.py:840} INFO - DAG(s) 'example_dynamic_task_mapping' retrieved from /home/airflow/.local/lib/python3.8/site-packages/airflow/example_dags/example_dynamic_task_mapping.py
[2025-05-07T20:02:18.177+0000] {logging_mixin.py:188} INFO - [2025-05-07T20:02:18.177+0000] {dag.py:3036} INFO - Sync 1 DAGs
[2025-05-07T20:02:18.200+0000] {logging_mixin.py:188} INFO - [2025-05-07T20:02:18.199+0000] {dag.py:3823} INFO - Setting next_dagrun for example_dynamic_task_mapping to 2022-03-04 00:00:00+00:00, run_after=2022-03-05 00:00:00+00:00
[2025-05-07T20:02:18.222+0000] {processor.py:183} INFO - Processing /home/airflow/.local/lib/python3.8/site-packages/airflow/example_dags/example_dynamic_task_mapping.py took 0.084 seconds
[2025-05-07T20:02:48.730+0000] {processor.py:161} INFO - Started process (PID=3374) to work on /home/airflow/.local/lib/python3.8/site-packages/airflow/example_dags/example_dynamic_task_mapping.py
[2025-05-07T20:02:48.733+0000] {processor.py:830} INFO - Processing file /home/airflow/.local/lib/python3.8/site-packages/airflow/example_dags/example_dynamic_task_mapping.py for tasks to queue
[2025-05-07T20:02:48.736+0000] {logging_mixin.py:188} INFO - [2025-05-07T20:02:48.735+0000] {dagbag.py:538} INFO - Filling up the DagBag from /home/airflow/.local/lib/python3.8/site-packages/airflow/example_dags/example_dynamic_task_mapping.py
[2025-05-07T20:02:48.749+0000] {processor.py:840} INFO - DAG(s) 'example_dynamic_task_mapping' retrieved from /home/airflow/.local/lib/python3.8/site-packages/airflow/example_dags/example_dynamic_task_mapping.py
[2025-05-07T20:02:48.775+0000] {logging_mixin.py:188} INFO - [2025-05-07T20:02:48.775+0000] {dag.py:3036} INFO - Sync 1 DAGs
[2025-05-07T20:02:48.800+0000] {logging_mixin.py:188} INFO - [2025-05-07T20:02:48.800+0000] {dag.py:3823} INFO - Setting next_dagrun for example_dynamic_task_mapping to 2022-03-04 00:00:00+00:00, run_after=2022-03-05 00:00:00+00:00
[2025-05-07T20:02:48.833+0000] {processor.py:183} INFO - Processing /home/airflow/.local/lib/python3.8/site-packages/airflow/example_dags/example_dynamic_task_mapping.py took 0.111 seconds
[2025-05-07T20:03:19.736+0000] {processor.py:161} INFO - Started process (PID=3432) to work on /home/airflow/.local/lib/python3.8/site-packages/airflow/example_dags/example_dynamic_task_mapping.py
[2025-05-07T20:03:19.738+0000] {processor.py:830} INFO - Processing file /home/airflow/.local/lib/python3.8/site-packages/airflow/example_dags/example_dynamic_task_mapping.py for tasks to queue
[2025-05-07T20:03:19.740+0000] {logging_mixin.py:188} INFO - [2025-05-07T20:03:19.740+0000] {dagbag.py:538} INFO - Filling up the DagBag from /home/airflow/.local/lib/python3.8/site-packages/airflow/example_dags/example_dynamic_task_mapping.py
[2025-05-07T20:03:19.748+0000] {processor.py:840} INFO - DAG(s) 'example_dynamic_task_mapping' retrieved from /home/airflow/.local/lib/python3.8/site-packages/airflow/example_dags/example_dynamic_task_mapping.py
[2025-05-07T20:03:19.774+0000] {logging_mixin.py:188} INFO - [2025-05-07T20:03:19.774+0000] {dag.py:3036} INFO - Sync 1 DAGs
[2025-05-07T20:03:19.799+0000] {logging_mixin.py:188} INFO - [2025-05-07T20:03:19.799+0000] {dag.py:3823} INFO - Setting next_dagrun for example_dynamic_task_mapping to 2022-03-04 00:00:00+00:00, run_after=2022-03-05 00:00:00+00:00
[2025-05-07T20:03:19.825+0000] {processor.py:183} INFO - Processing /home/airflow/.local/lib/python3.8/site-packages/airflow/example_dags/example_dynamic_task_mapping.py took 0.094 seconds
[2025-05-07T20:03:50.404+0000] {processor.py:161} INFO - Started process (PID=3495) to work on /home/airflow/.local/lib/python3.8/site-packages/airflow/example_dags/example_dynamic_task_mapping.py
[2025-05-07T20:03:50.406+0000] {processor.py:830} INFO - Processing file /home/airflow/.local/lib/python3.8/site-packages/airflow/example_dags/example_dynamic_task_mapping.py for tasks to queue
[2025-05-07T20:03:50.408+0000] {logging_mixin.py:188} INFO - [2025-05-07T20:03:50.408+0000] {dagbag.py:538} INFO - Filling up the DagBag from /home/airflow/.local/lib/python3.8/site-packages/airflow/example_dags/example_dynamic_task_mapping.py
[2025-05-07T20:03:50.416+0000] {processor.py:840} INFO - DAG(s) 'example_dynamic_task_mapping' retrieved from /home/airflow/.local/lib/python3.8/site-packages/airflow/example_dags/example_dynamic_task_mapping.py
[2025-05-07T20:03:50.439+0000] {logging_mixin.py:188} INFO - [2025-05-07T20:03:50.438+0000] {dag.py:3036} INFO - Sync 1 DAGs
[2025-05-07T20:03:50.461+0000] {logging_mixin.py:188} INFO - [2025-05-07T20:03:50.461+0000] {dag.py:3823} INFO - Setting next_dagrun for example_dynamic_task_mapping to 2022-03-04 00:00:00+00:00, run_after=2022-03-05 00:00:00+00:00
[2025-05-07T20:03:50.484+0000] {processor.py:183} INFO - Processing /home/airflow/.local/lib/python3.8/site-packages/airflow/example_dags/example_dynamic_task_mapping.py took 0.082 seconds
[2025-05-07T20:04:21.066+0000] {processor.py:161} INFO - Started process (PID=3552) to work on /home/airflow/.local/lib/python3.8/site-packages/airflow/example_dags/example_dynamic_task_mapping.py
[2025-05-07T20:04:21.067+0000] {processor.py:830} INFO - Processing file /home/airflow/.local/lib/python3.8/site-packages/airflow/example_dags/example_dynamic_task_mapping.py for tasks to queue
[2025-05-07T20:04:21.068+0000] {logging_mixin.py:188} INFO - [2025-05-07T20:04:21.068+0000] {dagbag.py:538} INFO - Filling up the DagBag from /home/airflow/.local/lib/python3.8/site-packages/airflow/example_dags/example_dynamic_task_mapping.py
[2025-05-07T20:04:21.075+0000] {processor.py:840} INFO - DAG(s) 'example_dynamic_task_mapping' retrieved from /home/airflow/.local/lib/python3.8/site-packages/airflow/example_dags/example_dynamic_task_mapping.py
[2025-05-07T20:04:21.094+0000] {logging_mixin.py:188} INFO - [2025-05-07T20:04:21.093+0000] {dag.py:3036} INFO - Sync 1 DAGs
[2025-05-07T20:04:21.114+0000] {logging_mixin.py:188} INFO - [2025-05-07T20:04:21.114+0000] {dag.py:3823} INFO - Setting next_dagrun for example_dynamic_task_mapping to 2022-03-04 00:00:00+00:00, run_after=2022-03-05 00:00:00+00:00
[2025-05-07T20:04:21.138+0000] {processor.py:183} INFO - Processing /home/airflow/.local/lib/python3.8/site-packages/airflow/example_dags/example_dynamic_task_mapping.py took 0.075 seconds
[2025-05-07T20:04:51.278+0000] {processor.py:161} INFO - Started process (PID=3609) to work on /home/airflow/.local/lib/python3.8/site-packages/airflow/example_dags/example_dynamic_task_mapping.py
[2025-05-07T20:04:51.280+0000] {processor.py:830} INFO - Processing file /home/airflow/.local/lib/python3.8/site-packages/airflow/example_dags/example_dynamic_task_mapping.py for tasks to queue
[2025-05-07T20:04:51.282+0000] {logging_mixin.py:188} INFO - [2025-05-07T20:04:51.282+0000] {dagbag.py:538} INFO - Filling up the DagBag from /home/airflow/.local/lib/python3.8/site-packages/airflow/example_dags/example_dynamic_task_mapping.py
[2025-05-07T20:04:51.289+0000] {processor.py:840} INFO - DAG(s) 'example_dynamic_task_mapping' retrieved from /home/airflow/.local/lib/python3.8/site-packages/airflow/example_dags/example_dynamic_task_mapping.py
[2025-05-07T20:04:51.313+0000] {logging_mixin.py:188} INFO - [2025-05-07T20:04:51.313+0000] {dag.py:3036} INFO - Sync 1 DAGs
[2025-05-07T20:04:51.338+0000] {logging_mixin.py:188} INFO - [2025-05-07T20:04:51.338+0000] {dag.py:3823} INFO - Setting next_dagrun for example_dynamic_task_mapping to 2022-03-04 00:00:00+00:00, run_after=2022-03-05 00:00:00+00:00
[2025-05-07T20:04:51.361+0000] {processor.py:183} INFO - Processing /home/airflow/.local/lib/python3.8/site-packages/airflow/example_dags/example_dynamic_task_mapping.py took 0.086 seconds
[2025-05-07T20:05:21.492+0000] {processor.py:161} INFO - Started process (PID=3666) to work on /home/airflow/.local/lib/python3.8/site-packages/airflow/example_dags/example_dynamic_task_mapping.py
[2025-05-07T20:05:21.493+0000] {processor.py:830} INFO - Processing file /home/airflow/.local/lib/python3.8/site-packages/airflow/example_dags/example_dynamic_task_mapping.py for tasks to queue
[2025-05-07T20:05:21.495+0000] {logging_mixin.py:188} INFO - [2025-05-07T20:05:21.495+0000] {dagbag.py:538} INFO - Filling up the DagBag from /home/airflow/.local/lib/python3.8/site-packages/airflow/example_dags/example_dynamic_task_mapping.py
[2025-05-07T20:05:21.501+0000] {processor.py:840} INFO - DAG(s) 'example_dynamic_task_mapping' retrieved from /home/airflow/.local/lib/python3.8/site-packages/airflow/example_dags/example_dynamic_task_mapping.py
[2025-05-07T20:05:21.521+0000] {logging_mixin.py:188} INFO - [2025-05-07T20:05:21.521+0000] {dag.py:3036} INFO - Sync 1 DAGs
[2025-05-07T20:05:21.544+0000] {logging_mixin.py:188} INFO - [2025-05-07T20:05:21.543+0000] {dag.py:3823} INFO - Setting next_dagrun for example_dynamic_task_mapping to 2022-03-04 00:00:00+00:00, run_after=2022-03-05 00:00:00+00:00
[2025-05-07T20:05:21.571+0000] {processor.py:183} INFO - Processing /home/airflow/.local/lib/python3.8/site-packages/airflow/example_dags/example_dynamic_task_mapping.py took 0.083 seconds
[2025-05-07T20:05:51.843+0000] {processor.py:161} INFO - Started process (PID=3723) to work on /home/airflow/.local/lib/python3.8/site-packages/airflow/example_dags/example_dynamic_task_mapping.py
[2025-05-07T20:05:51.845+0000] {processor.py:830} INFO - Processing file /home/airflow/.local/lib/python3.8/site-packages/airflow/example_dags/example_dynamic_task_mapping.py for tasks to queue
[2025-05-07T20:05:51.848+0000] {logging_mixin.py:188} INFO - [2025-05-07T20:05:51.847+0000] {dagbag.py:538} INFO - Filling up the DagBag from /home/airflow/.local/lib/python3.8/site-packages/airflow/example_dags/example_dynamic_task_mapping.py
[2025-05-07T20:05:51.856+0000] {processor.py:840} INFO - DAG(s) 'example_dynamic_task_mapping' retrieved from /home/airflow/.local/lib/python3.8/site-packages/airflow/example_dags/example_dynamic_task_mapping.py
[2025-05-07T20:05:51.874+0000] {logging_mixin.py:188} INFO - [2025-05-07T20:05:51.874+0000] {dag.py:3036} INFO - Sync 1 DAGs
[2025-05-07T20:05:51.895+0000] {logging_mixin.py:188} INFO - [2025-05-07T20:05:51.895+0000] {dag.py:3823} INFO - Setting next_dagrun for example_dynamic_task_mapping to 2022-03-04 00:00:00+00:00, run_after=2022-03-05 00:00:00+00:00
[2025-05-07T20:05:51.917+0000] {processor.py:183} INFO - Processing /home/airflow/.local/lib/python3.8/site-packages/airflow/example_dags/example_dynamic_task_mapping.py took 0.077 seconds
[2025-05-07T20:06:22.488+0000] {processor.py:161} INFO - Started process (PID=3780) to work on /home/airflow/.local/lib/python3.8/site-packages/airflow/example_dags/example_dynamic_task_mapping.py
[2025-05-07T20:06:22.489+0000] {processor.py:830} INFO - Processing file /home/airflow/.local/lib/python3.8/site-packages/airflow/example_dags/example_dynamic_task_mapping.py for tasks to queue
[2025-05-07T20:06:22.493+0000] {logging_mixin.py:188} INFO - [2025-05-07T20:06:22.492+0000] {dagbag.py:538} INFO - Filling up the DagBag from /home/airflow/.local/lib/python3.8/site-packages/airflow/example_dags/example_dynamic_task_mapping.py
[2025-05-07T20:06:22.500+0000] {processor.py:840} INFO - DAG(s) 'example_dynamic_task_mapping' retrieved from /home/airflow/.local/lib/python3.8/site-packages/airflow/example_dags/example_dynamic_task_mapping.py
[2025-05-07T20:06:22.524+0000] {logging_mixin.py:188} INFO - [2025-05-07T20:06:22.524+0000] {dag.py:3036} INFO - Sync 1 DAGs
[2025-05-07T20:06:22.548+0000] {logging_mixin.py:188} INFO - [2025-05-07T20:06:22.547+0000] {dag.py:3823} INFO - Setting next_dagrun for example_dynamic_task_mapping to 2022-03-04 00:00:00+00:00, run_after=2022-03-05 00:00:00+00:00
[2025-05-07T20:06:22.567+0000] {processor.py:183} INFO - Processing /home/airflow/.local/lib/python3.8/site-packages/airflow/example_dags/example_dynamic_task_mapping.py took 0.083 seconds
[2025-05-07T20:06:52.750+0000] {processor.py:161} INFO - Started process (PID=3837) to work on /home/airflow/.local/lib/python3.8/site-packages/airflow/example_dags/example_dynamic_task_mapping.py
[2025-05-07T20:06:52.751+0000] {processor.py:830} INFO - Processing file /home/airflow/.local/lib/python3.8/site-packages/airflow/example_dags/example_dynamic_task_mapping.py for tasks to queue
[2025-05-07T20:06:52.753+0000] {logging_mixin.py:188} INFO - [2025-05-07T20:06:52.753+0000] {dagbag.py:538} INFO - Filling up the DagBag from /home/airflow/.local/lib/python3.8/site-packages/airflow/example_dags/example_dynamic_task_mapping.py
[2025-05-07T20:06:52.761+0000] {processor.py:840} INFO - DAG(s) 'example_dynamic_task_mapping' retrieved from /home/airflow/.local/lib/python3.8/site-packages/airflow/example_dags/example_dynamic_task_mapping.py
[2025-05-07T20:06:52.783+0000] {logging_mixin.py:188} INFO - [2025-05-07T20:06:52.782+0000] {dag.py:3036} INFO - Sync 1 DAGs
[2025-05-07T20:06:52.806+0000] {logging_mixin.py:188} INFO - [2025-05-07T20:06:52.805+0000] {dag.py:3823} INFO - Setting next_dagrun for example_dynamic_task_mapping to 2022-03-04 00:00:00+00:00, run_after=2022-03-05 00:00:00+00:00
[2025-05-07T20:06:52.828+0000] {processor.py:183} INFO - Processing /home/airflow/.local/lib/python3.8/site-packages/airflow/example_dags/example_dynamic_task_mapping.py took 0.081 seconds
[2025-05-07T20:07:23.554+0000] {processor.py:161} INFO - Started process (PID=3894) to work on /home/airflow/.local/lib/python3.8/site-packages/airflow/example_dags/example_dynamic_task_mapping.py
[2025-05-07T20:07:23.557+0000] {processor.py:830} INFO - Processing file /home/airflow/.local/lib/python3.8/site-packages/airflow/example_dags/example_dynamic_task_mapping.py for tasks to queue
[2025-05-07T20:07:23.563+0000] {logging_mixin.py:188} INFO - [2025-05-07T20:07:23.562+0000] {dagbag.py:538} INFO - Filling up the DagBag from /home/airflow/.local/lib/python3.8/site-packages/airflow/example_dags/example_dynamic_task_mapping.py
[2025-05-07T20:07:23.575+0000] {processor.py:840} INFO - DAG(s) 'example_dynamic_task_mapping' retrieved from /home/airflow/.local/lib/python3.8/site-packages/airflow/example_dags/example_dynamic_task_mapping.py
[2025-05-07T20:07:23.610+0000] {logging_mixin.py:188} INFO - [2025-05-07T20:07:23.610+0000] {dag.py:3036} INFO - Sync 1 DAGs
[2025-05-07T20:07:23.649+0000] {logging_mixin.py:188} INFO - [2025-05-07T20:07:23.649+0000] {dag.py:3823} INFO - Setting next_dagrun for example_dynamic_task_mapping to 2022-03-04 00:00:00+00:00, run_after=2022-03-05 00:00:00+00:00
[2025-05-07T20:07:23.678+0000] {processor.py:183} INFO - Processing /home/airflow/.local/lib/python3.8/site-packages/airflow/example_dags/example_dynamic_task_mapping.py took 0.132 seconds
[2025-05-07T20:07:53.978+0000] {processor.py:161} INFO - Started process (PID=3951) to work on /home/airflow/.local/lib/python3.8/site-packages/airflow/example_dags/example_dynamic_task_mapping.py
[2025-05-07T20:07:53.981+0000] {processor.py:830} INFO - Processing file /home/airflow/.local/lib/python3.8/site-packages/airflow/example_dags/example_dynamic_task_mapping.py for tasks to queue
[2025-05-07T20:07:53.986+0000] {logging_mixin.py:188} INFO - [2025-05-07T20:07:53.984+0000] {dagbag.py:538} INFO - Filling up the DagBag from /home/airflow/.local/lib/python3.8/site-packages/airflow/example_dags/example_dynamic_task_mapping.py
[2025-05-07T20:07:54.002+0000] {processor.py:840} INFO - DAG(s) 'example_dynamic_task_mapping' retrieved from /home/airflow/.local/lib/python3.8/site-packages/airflow/example_dags/example_dynamic_task_mapping.py
[2025-05-07T20:07:54.039+0000] {logging_mixin.py:188} INFO - [2025-05-07T20:07:54.038+0000] {dag.py:3036} INFO - Sync 1 DAGs
[2025-05-07T20:07:54.063+0000] {logging_mixin.py:188} INFO - [2025-05-07T20:07:54.062+0000] {dag.py:3823} INFO - Setting next_dagrun for example_dynamic_task_mapping to 2022-03-04 00:00:00+00:00, run_after=2022-03-05 00:00:00+00:00
[2025-05-07T20:07:54.091+0000] {processor.py:183} INFO - Processing /home/airflow/.local/lib/python3.8/site-packages/airflow/example_dags/example_dynamic_task_mapping.py took 0.119 seconds
[2025-05-07T20:08:24.834+0000] {processor.py:161} INFO - Started process (PID=4008) to work on /home/airflow/.local/lib/python3.8/site-packages/airflow/example_dags/example_dynamic_task_mapping.py
[2025-05-07T20:08:24.838+0000] {processor.py:830} INFO - Processing file /home/airflow/.local/lib/python3.8/site-packages/airflow/example_dags/example_dynamic_task_mapping.py for tasks to queue
[2025-05-07T20:08:24.843+0000] {logging_mixin.py:188} INFO - [2025-05-07T20:08:24.843+0000] {dagbag.py:538} INFO - Filling up the DagBag from /home/airflow/.local/lib/python3.8/site-packages/airflow/example_dags/example_dynamic_task_mapping.py
[2025-05-07T20:08:24.855+0000] {processor.py:840} INFO - DAG(s) 'example_dynamic_task_mapping' retrieved from /home/airflow/.local/lib/python3.8/site-packages/airflow/example_dags/example_dynamic_task_mapping.py
[2025-05-07T20:08:24.896+0000] {logging_mixin.py:188} INFO - [2025-05-07T20:08:24.896+0000] {dag.py:3036} INFO - Sync 1 DAGs
[2025-05-07T20:08:24.924+0000] {logging_mixin.py:188} INFO - [2025-05-07T20:08:24.924+0000] {dag.py:3823} INFO - Setting next_dagrun for example_dynamic_task_mapping to 2022-03-04 00:00:00+00:00, run_after=2022-03-05 00:00:00+00:00
[2025-05-07T20:08:24.950+0000] {processor.py:183} INFO - Processing /home/airflow/.local/lib/python3.8/site-packages/airflow/example_dags/example_dynamic_task_mapping.py took 0.122 seconds
[2025-05-07T20:08:55.179+0000] {processor.py:161} INFO - Started process (PID=4065) to work on /home/airflow/.local/lib/python3.8/site-packages/airflow/example_dags/example_dynamic_task_mapping.py
[2025-05-07T20:08:55.180+0000] {processor.py:830} INFO - Processing file /home/airflow/.local/lib/python3.8/site-packages/airflow/example_dags/example_dynamic_task_mapping.py for tasks to queue
[2025-05-07T20:08:55.183+0000] {logging_mixin.py:188} INFO - [2025-05-07T20:08:55.183+0000] {dagbag.py:538} INFO - Filling up the DagBag from /home/airflow/.local/lib/python3.8/site-packages/airflow/example_dags/example_dynamic_task_mapping.py
[2025-05-07T20:08:55.196+0000] {processor.py:840} INFO - DAG(s) 'example_dynamic_task_mapping' retrieved from /home/airflow/.local/lib/python3.8/site-packages/airflow/example_dags/example_dynamic_task_mapping.py
[2025-05-07T20:08:55.232+0000] {logging_mixin.py:188} INFO - [2025-05-07T20:08:55.231+0000] {dag.py:3036} INFO - Sync 1 DAGs
[2025-05-07T20:08:55.258+0000] {logging_mixin.py:188} INFO - [2025-05-07T20:08:55.258+0000] {dag.py:3823} INFO - Setting next_dagrun for example_dynamic_task_mapping to 2022-03-04 00:00:00+00:00, run_after=2022-03-05 00:00:00+00:00
[2025-05-07T20:08:55.286+0000] {processor.py:183} INFO - Processing /home/airflow/.local/lib/python3.8/site-packages/airflow/example_dags/example_dynamic_task_mapping.py took 0.112 seconds
[2025-05-07T20:09:25.539+0000] {processor.py:161} INFO - Started process (PID=4122) to work on /home/airflow/.local/lib/python3.8/site-packages/airflow/example_dags/example_dynamic_task_mapping.py
[2025-05-07T20:09:25.541+0000] {processor.py:830} INFO - Processing file /home/airflow/.local/lib/python3.8/site-packages/airflow/example_dags/example_dynamic_task_mapping.py for tasks to queue
[2025-05-07T20:09:25.545+0000] {logging_mixin.py:188} INFO - [2025-05-07T20:09:25.544+0000] {dagbag.py:538} INFO - Filling up the DagBag from /home/airflow/.local/lib/python3.8/site-packages/airflow/example_dags/example_dynamic_task_mapping.py
[2025-05-07T20:09:25.556+0000] {processor.py:840} INFO - DAG(s) 'example_dynamic_task_mapping' retrieved from /home/airflow/.local/lib/python3.8/site-packages/airflow/example_dags/example_dynamic_task_mapping.py
[2025-05-07T20:09:25.588+0000] {logging_mixin.py:188} INFO - [2025-05-07T20:09:25.588+0000] {dag.py:3036} INFO - Sync 1 DAGs
[2025-05-07T20:09:25.612+0000] {logging_mixin.py:188} INFO - [2025-05-07T20:09:25.611+0000] {dag.py:3823} INFO - Setting next_dagrun for example_dynamic_task_mapping to 2022-03-04 00:00:00+00:00, run_after=2022-03-05 00:00:00+00:00
[2025-05-07T20:09:25.635+0000] {processor.py:183} INFO - Processing /home/airflow/.local/lib/python3.8/site-packages/airflow/example_dags/example_dynamic_task_mapping.py took 0.101 seconds
[2025-05-07T20:09:56.339+0000] {processor.py:161} INFO - Started process (PID=4179) to work on /home/airflow/.local/lib/python3.8/site-packages/airflow/example_dags/example_dynamic_task_mapping.py
[2025-05-07T20:09:56.342+0000] {processor.py:830} INFO - Processing file /home/airflow/.local/lib/python3.8/site-packages/airflow/example_dags/example_dynamic_task_mapping.py for tasks to queue
[2025-05-07T20:09:56.348+0000] {logging_mixin.py:188} INFO - [2025-05-07T20:09:56.347+0000] {dagbag.py:538} INFO - Filling up the DagBag from /home/airflow/.local/lib/python3.8/site-packages/airflow/example_dags/example_dynamic_task_mapping.py
[2025-05-07T20:09:56.363+0000] {processor.py:840} INFO - DAG(s) 'example_dynamic_task_mapping' retrieved from /home/airflow/.local/lib/python3.8/site-packages/airflow/example_dags/example_dynamic_task_mapping.py
[2025-05-07T20:09:56.399+0000] {logging_mixin.py:188} INFO - [2025-05-07T20:09:56.399+0000] {dag.py:3036} INFO - Sync 1 DAGs
[2025-05-07T20:09:56.441+0000] {logging_mixin.py:188} INFO - [2025-05-07T20:09:56.440+0000] {dag.py:3823} INFO - Setting next_dagrun for example_dynamic_task_mapping to 2022-03-04 00:00:00+00:00, run_after=2022-03-05 00:00:00+00:00
[2025-05-07T20:09:56.473+0000] {processor.py:183} INFO - Processing /home/airflow/.local/lib/python3.8/site-packages/airflow/example_dags/example_dynamic_task_mapping.py took 0.139 seconds
[2025-05-07T20:10:26.909+0000] {processor.py:161} INFO - Started process (PID=4236) to work on /home/airflow/.local/lib/python3.8/site-packages/airflow/example_dags/example_dynamic_task_mapping.py
[2025-05-07T20:10:26.911+0000] {processor.py:830} INFO - Processing file /home/airflow/.local/lib/python3.8/site-packages/airflow/example_dags/example_dynamic_task_mapping.py for tasks to queue
[2025-05-07T20:10:26.915+0000] {logging_mixin.py:188} INFO - [2025-05-07T20:10:26.915+0000] {dagbag.py:538} INFO - Filling up the DagBag from /home/airflow/.local/lib/python3.8/site-packages/airflow/example_dags/example_dynamic_task_mapping.py
[2025-05-07T20:10:26.925+0000] {processor.py:840} INFO - DAG(s) 'example_dynamic_task_mapping' retrieved from /home/airflow/.local/lib/python3.8/site-packages/airflow/example_dags/example_dynamic_task_mapping.py
[2025-05-07T20:10:26.946+0000] {logging_mixin.py:188} INFO - [2025-05-07T20:10:26.945+0000] {dag.py:3036} INFO - Sync 1 DAGs
[2025-05-07T20:10:26.967+0000] {logging_mixin.py:188} INFO - [2025-05-07T20:10:26.967+0000] {dag.py:3823} INFO - Setting next_dagrun for example_dynamic_task_mapping to 2022-03-04 00:00:00+00:00, run_after=2022-03-05 00:00:00+00:00
[2025-05-07T20:10:26.989+0000] {processor.py:183} INFO - Processing /home/airflow/.local/lib/python3.8/site-packages/airflow/example_dags/example_dynamic_task_mapping.py took 0.085 seconds
[2025-05-07T20:10:57.591+0000] {processor.py:161} INFO - Started process (PID=4293) to work on /home/airflow/.local/lib/python3.8/site-packages/airflow/example_dags/example_dynamic_task_mapping.py
[2025-05-07T20:10:57.593+0000] {processor.py:830} INFO - Processing file /home/airflow/.local/lib/python3.8/site-packages/airflow/example_dags/example_dynamic_task_mapping.py for tasks to queue
[2025-05-07T20:10:57.596+0000] {logging_mixin.py:188} INFO - [2025-05-07T20:10:57.596+0000] {dagbag.py:538} INFO - Filling up the DagBag from /home/airflow/.local/lib/python3.8/site-packages/airflow/example_dags/example_dynamic_task_mapping.py
[2025-05-07T20:10:57.607+0000] {processor.py:840} INFO - DAG(s) 'example_dynamic_task_mapping' retrieved from /home/airflow/.local/lib/python3.8/site-packages/airflow/example_dags/example_dynamic_task_mapping.py
[2025-05-07T20:10:57.633+0000] {logging_mixin.py:188} INFO - [2025-05-07T20:10:57.632+0000] {dag.py:3036} INFO - Sync 1 DAGs
[2025-05-07T20:10:57.655+0000] {logging_mixin.py:188} INFO - [2025-05-07T20:10:57.654+0000] {dag.py:3823} INFO - Setting next_dagrun for example_dynamic_task_mapping to 2022-03-04 00:00:00+00:00, run_after=2022-03-05 00:00:00+00:00
[2025-05-07T20:10:57.679+0000] {processor.py:183} INFO - Processing /home/airflow/.local/lib/python3.8/site-packages/airflow/example_dags/example_dynamic_task_mapping.py took 0.092 seconds
[2025-05-07T20:11:28.335+0000] {processor.py:161} INFO - Started process (PID=4350) to work on /home/airflow/.local/lib/python3.8/site-packages/airflow/example_dags/example_dynamic_task_mapping.py
[2025-05-07T20:11:28.337+0000] {processor.py:830} INFO - Processing file /home/airflow/.local/lib/python3.8/site-packages/airflow/example_dags/example_dynamic_task_mapping.py for tasks to queue
[2025-05-07T20:11:28.342+0000] {logging_mixin.py:188} INFO - [2025-05-07T20:11:28.341+0000] {dagbag.py:538} INFO - Filling up the DagBag from /home/airflow/.local/lib/python3.8/site-packages/airflow/example_dags/example_dynamic_task_mapping.py
[2025-05-07T20:11:28.350+0000] {processor.py:840} INFO - DAG(s) 'example_dynamic_task_mapping' retrieved from /home/airflow/.local/lib/python3.8/site-packages/airflow/example_dags/example_dynamic_task_mapping.py
[2025-05-07T20:11:28.380+0000] {logging_mixin.py:188} INFO - [2025-05-07T20:11:28.380+0000] {dag.py:3036} INFO - Sync 1 DAGs
[2025-05-07T20:11:28.403+0000] {logging_mixin.py:188} INFO - [2025-05-07T20:11:28.403+0000] {dag.py:3823} INFO - Setting next_dagrun for example_dynamic_task_mapping to 2022-03-04 00:00:00+00:00, run_after=2022-03-05 00:00:00+00:00
[2025-05-07T20:11:28.428+0000] {processor.py:183} INFO - Processing /home/airflow/.local/lib/python3.8/site-packages/airflow/example_dags/example_dynamic_task_mapping.py took 0.097 seconds
[2025-05-07T20:11:58.762+0000] {processor.py:161} INFO - Started process (PID=4407) to work on /home/airflow/.local/lib/python3.8/site-packages/airflow/example_dags/example_dynamic_task_mapping.py
[2025-05-07T20:11:58.770+0000] {processor.py:830} INFO - Processing file /home/airflow/.local/lib/python3.8/site-packages/airflow/example_dags/example_dynamic_task_mapping.py for tasks to queue
[2025-05-07T20:11:58.773+0000] {logging_mixin.py:188} INFO - [2025-05-07T20:11:58.772+0000] {dagbag.py:538} INFO - Filling up the DagBag from /home/airflow/.local/lib/python3.8/site-packages/airflow/example_dags/example_dynamic_task_mapping.py
[2025-05-07T20:11:58.780+0000] {processor.py:840} INFO - DAG(s) 'example_dynamic_task_mapping' retrieved from /home/airflow/.local/lib/python3.8/site-packages/airflow/example_dags/example_dynamic_task_mapping.py
[2025-05-07T20:11:58.805+0000] {logging_mixin.py:188} INFO - [2025-05-07T20:11:58.805+0000] {dag.py:3036} INFO - Sync 1 DAGs
[2025-05-07T20:11:58.829+0000] {logging_mixin.py:188} INFO - [2025-05-07T20:11:58.829+0000] {dag.py:3823} INFO - Setting next_dagrun for example_dynamic_task_mapping to 2022-03-04 00:00:00+00:00, run_after=2022-03-05 00:00:00+00:00
[2025-05-07T20:11:59.074+0000] {processor.py:183} INFO - Processing /home/airflow/.local/lib/python3.8/site-packages/airflow/example_dags/example_dynamic_task_mapping.py took 0.345 seconds
[2025-05-07T20:12:29.501+0000] {processor.py:161} INFO - Started process (PID=4464) to work on /home/airflow/.local/lib/python3.8/site-packages/airflow/example_dags/example_dynamic_task_mapping.py
[2025-05-07T20:12:29.504+0000] {processor.py:830} INFO - Processing file /home/airflow/.local/lib/python3.8/site-packages/airflow/example_dags/example_dynamic_task_mapping.py for tasks to queue
[2025-05-07T20:12:29.507+0000] {logging_mixin.py:188} INFO - [2025-05-07T20:12:29.507+0000] {dagbag.py:538} INFO - Filling up the DagBag from /home/airflow/.local/lib/python3.8/site-packages/airflow/example_dags/example_dynamic_task_mapping.py
[2025-05-07T20:12:29.517+0000] {processor.py:840} INFO - DAG(s) 'example_dynamic_task_mapping' retrieved from /home/airflow/.local/lib/python3.8/site-packages/airflow/example_dags/example_dynamic_task_mapping.py
[2025-05-07T20:12:29.544+0000] {logging_mixin.py:188} INFO - [2025-05-07T20:12:29.544+0000] {dag.py:3036} INFO - Sync 1 DAGs
[2025-05-07T20:12:29.575+0000] {logging_mixin.py:188} INFO - [2025-05-07T20:12:29.574+0000] {dag.py:3823} INFO - Setting next_dagrun for example_dynamic_task_mapping to 2022-03-04 00:00:00+00:00, run_after=2022-03-05 00:00:00+00:00
[2025-05-07T20:12:29.599+0000] {processor.py:183} INFO - Processing /home/airflow/.local/lib/python3.8/site-packages/airflow/example_dags/example_dynamic_task_mapping.py took 0.102 seconds
[2025-05-07T20:13:00.146+0000] {processor.py:161} INFO - Started process (PID=4521) to work on /home/airflow/.local/lib/python3.8/site-packages/airflow/example_dags/example_dynamic_task_mapping.py
[2025-05-07T20:13:00.149+0000] {processor.py:830} INFO - Processing file /home/airflow/.local/lib/python3.8/site-packages/airflow/example_dags/example_dynamic_task_mapping.py for tasks to queue
[2025-05-07T20:13:00.153+0000] {logging_mixin.py:188} INFO - [2025-05-07T20:13:00.152+0000] {dagbag.py:538} INFO - Filling up the DagBag from /home/airflow/.local/lib/python3.8/site-packages/airflow/example_dags/example_dynamic_task_mapping.py
[2025-05-07T20:13:00.166+0000] {processor.py:840} INFO - DAG(s) 'example_dynamic_task_mapping' retrieved from /home/airflow/.local/lib/python3.8/site-packages/airflow/example_dags/example_dynamic_task_mapping.py
[2025-05-07T20:13:00.221+0000] {logging_mixin.py:188} INFO - [2025-05-07T20:13:00.220+0000] {dag.py:3036} INFO - Sync 1 DAGs
[2025-05-07T20:13:00.250+0000] {logging_mixin.py:188} INFO - [2025-05-07T20:13:00.250+0000] {dag.py:3823} INFO - Setting next_dagrun for example_dynamic_task_mapping to 2022-03-04 00:00:00+00:00, run_after=2022-03-05 00:00:00+00:00
[2025-05-07T20:13:00.276+0000] {processor.py:183} INFO - Processing /home/airflow/.local/lib/python3.8/site-packages/airflow/example_dags/example_dynamic_task_mapping.py took 0.137 seconds
[2025-05-07T20:13:31.057+0000] {processor.py:161} INFO - Started process (PID=4578) to work on /home/airflow/.local/lib/python3.8/site-packages/airflow/example_dags/example_dynamic_task_mapping.py
[2025-05-07T20:13:31.060+0000] {processor.py:830} INFO - Processing file /home/airflow/.local/lib/python3.8/site-packages/airflow/example_dags/example_dynamic_task_mapping.py for tasks to queue
[2025-05-07T20:13:31.064+0000] {logging_mixin.py:188} INFO - [2025-05-07T20:13:31.063+0000] {dagbag.py:538} INFO - Filling up the DagBag from /home/airflow/.local/lib/python3.8/site-packages/airflow/example_dags/example_dynamic_task_mapping.py
[2025-05-07T20:13:31.078+0000] {processor.py:840} INFO - DAG(s) 'example_dynamic_task_mapping' retrieved from /home/airflow/.local/lib/python3.8/site-packages/airflow/example_dags/example_dynamic_task_mapping.py
[2025-05-07T20:13:31.105+0000] {logging_mixin.py:188} INFO - [2025-05-07T20:13:31.105+0000] {dag.py:3036} INFO - Sync 1 DAGs
[2025-05-07T20:13:31.129+0000] {logging_mixin.py:188} INFO - [2025-05-07T20:13:31.129+0000] {dag.py:3823} INFO - Setting next_dagrun for example_dynamic_task_mapping to 2022-03-04 00:00:00+00:00, run_after=2022-03-05 00:00:00+00:00
[2025-05-07T20:13:31.152+0000] {processor.py:183} INFO - Processing /home/airflow/.local/lib/python3.8/site-packages/airflow/example_dags/example_dynamic_task_mapping.py took 0.103 seconds
[2025-05-07T20:14:01.496+0000] {processor.py:161} INFO - Started process (PID=4635) to work on /home/airflow/.local/lib/python3.8/site-packages/airflow/example_dags/example_dynamic_task_mapping.py
[2025-05-07T20:14:01.498+0000] {processor.py:830} INFO - Processing file /home/airflow/.local/lib/python3.8/site-packages/airflow/example_dags/example_dynamic_task_mapping.py for tasks to queue
[2025-05-07T20:14:01.500+0000] {logging_mixin.py:188} INFO - [2025-05-07T20:14:01.500+0000] {dagbag.py:538} INFO - Filling up the DagBag from /home/airflow/.local/lib/python3.8/site-packages/airflow/example_dags/example_dynamic_task_mapping.py
[2025-05-07T20:14:01.508+0000] {processor.py:840} INFO - DAG(s) 'example_dynamic_task_mapping' retrieved from /home/airflow/.local/lib/python3.8/site-packages/airflow/example_dags/example_dynamic_task_mapping.py
[2025-05-07T20:14:01.541+0000] {logging_mixin.py:188} INFO - [2025-05-07T20:14:01.541+0000] {dag.py:3036} INFO - Sync 1 DAGs
[2025-05-07T20:14:01.570+0000] {logging_mixin.py:188} INFO - [2025-05-07T20:14:01.570+0000] {dag.py:3823} INFO - Setting next_dagrun for example_dynamic_task_mapping to 2022-03-04 00:00:00+00:00, run_after=2022-03-05 00:00:00+00:00
[2025-05-07T20:14:01.597+0000] {processor.py:183} INFO - Processing /home/airflow/.local/lib/python3.8/site-packages/airflow/example_dags/example_dynamic_task_mapping.py took 0.105 seconds
[2025-05-07T20:14:32.048+0000] {processor.py:161} INFO - Started process (PID=4692) to work on /home/airflow/.local/lib/python3.8/site-packages/airflow/example_dags/example_dynamic_task_mapping.py
[2025-05-07T20:14:32.052+0000] {processor.py:830} INFO - Processing file /home/airflow/.local/lib/python3.8/site-packages/airflow/example_dags/example_dynamic_task_mapping.py for tasks to queue
[2025-05-07T20:14:32.058+0000] {logging_mixin.py:188} INFO - [2025-05-07T20:14:32.057+0000] {dagbag.py:538} INFO - Filling up the DagBag from /home/airflow/.local/lib/python3.8/site-packages/airflow/example_dags/example_dynamic_task_mapping.py
[2025-05-07T20:14:32.079+0000] {processor.py:840} INFO - DAG(s) 'example_dynamic_task_mapping' retrieved from /home/airflow/.local/lib/python3.8/site-packages/airflow/example_dags/example_dynamic_task_mapping.py
[2025-05-07T20:14:32.124+0000] {logging_mixin.py:188} INFO - [2025-05-07T20:14:32.124+0000] {dag.py:3036} INFO - Sync 1 DAGs
[2025-05-07T20:14:32.180+0000] {logging_mixin.py:188} INFO - [2025-05-07T20:14:32.180+0000] {dag.py:3823} INFO - Setting next_dagrun for example_dynamic_task_mapping to 2022-03-04 00:00:00+00:00, run_after=2022-03-05 00:00:00+00:00
[2025-05-07T20:14:32.205+0000] {processor.py:183} INFO - Processing /home/airflow/.local/lib/python3.8/site-packages/airflow/example_dags/example_dynamic_task_mapping.py took 0.170 seconds
[2025-05-07T20:15:02.783+0000] {processor.py:161} INFO - Started process (PID=4749) to work on /home/airflow/.local/lib/python3.8/site-packages/airflow/example_dags/example_dynamic_task_mapping.py
[2025-05-07T20:15:02.785+0000] {processor.py:830} INFO - Processing file /home/airflow/.local/lib/python3.8/site-packages/airflow/example_dags/example_dynamic_task_mapping.py for tasks to queue
[2025-05-07T20:15:02.789+0000] {logging_mixin.py:188} INFO - [2025-05-07T20:15:02.789+0000] {dagbag.py:538} INFO - Filling up the DagBag from /home/airflow/.local/lib/python3.8/site-packages/airflow/example_dags/example_dynamic_task_mapping.py
[2025-05-07T20:15:02.800+0000] {processor.py:840} INFO - DAG(s) 'example_dynamic_task_mapping' retrieved from /home/airflow/.local/lib/python3.8/site-packages/airflow/example_dags/example_dynamic_task_mapping.py
[2025-05-07T20:15:02.829+0000] {logging_mixin.py:188} INFO - [2025-05-07T20:15:02.829+0000] {dag.py:3036} INFO - Sync 1 DAGs
[2025-05-07T20:15:02.859+0000] {logging_mixin.py:188} INFO - [2025-05-07T20:15:02.859+0000] {dag.py:3823} INFO - Setting next_dagrun for example_dynamic_task_mapping to 2022-03-04 00:00:00+00:00, run_after=2022-03-05 00:00:00+00:00
[2025-05-07T20:15:02.894+0000] {processor.py:183} INFO - Processing /home/airflow/.local/lib/python3.8/site-packages/airflow/example_dags/example_dynamic_task_mapping.py took 0.115 seconds
[2025-05-07T20:15:33.448+0000] {processor.py:161} INFO - Started process (PID=4806) to work on /home/airflow/.local/lib/python3.8/site-packages/airflow/example_dags/example_dynamic_task_mapping.py
[2025-05-07T20:15:33.451+0000] {processor.py:830} INFO - Processing file /home/airflow/.local/lib/python3.8/site-packages/airflow/example_dags/example_dynamic_task_mapping.py for tasks to queue
[2025-05-07T20:15:33.458+0000] {logging_mixin.py:188} INFO - [2025-05-07T20:15:33.457+0000] {dagbag.py:538} INFO - Filling up the DagBag from /home/airflow/.local/lib/python3.8/site-packages/airflow/example_dags/example_dynamic_task_mapping.py
[2025-05-07T20:15:33.473+0000] {processor.py:840} INFO - DAG(s) 'example_dynamic_task_mapping' retrieved from /home/airflow/.local/lib/python3.8/site-packages/airflow/example_dags/example_dynamic_task_mapping.py
[2025-05-07T20:15:33.521+0000] {logging_mixin.py:188} INFO - [2025-05-07T20:15:33.521+0000] {dag.py:3036} INFO - Sync 1 DAGs
[2025-05-07T20:15:33.556+0000] {logging_mixin.py:188} INFO - [2025-05-07T20:15:33.556+0000] {dag.py:3823} INFO - Setting next_dagrun for example_dynamic_task_mapping to 2022-03-04 00:00:00+00:00, run_after=2022-03-05 00:00:00+00:00
[2025-05-07T20:15:33.637+0000] {processor.py:183} INFO - Processing /home/airflow/.local/lib/python3.8/site-packages/airflow/example_dags/example_dynamic_task_mapping.py took 0.196 seconds
[2025-05-07T20:16:04.111+0000] {processor.py:161} INFO - Started process (PID=4863) to work on /home/airflow/.local/lib/python3.8/site-packages/airflow/example_dags/example_dynamic_task_mapping.py
[2025-05-07T20:16:04.114+0000] {processor.py:830} INFO - Processing file /home/airflow/.local/lib/python3.8/site-packages/airflow/example_dags/example_dynamic_task_mapping.py for tasks to queue
[2025-05-07T20:16:04.120+0000] {logging_mixin.py:188} INFO - [2025-05-07T20:16:04.119+0000] {dagbag.py:538} INFO - Filling up the DagBag from /home/airflow/.local/lib/python3.8/site-packages/airflow/example_dags/example_dynamic_task_mapping.py
[2025-05-07T20:16:04.137+0000] {processor.py:840} INFO - DAG(s) 'example_dynamic_task_mapping' retrieved from /home/airflow/.local/lib/python3.8/site-packages/airflow/example_dags/example_dynamic_task_mapping.py
[2025-05-07T20:16:04.186+0000] {logging_mixin.py:188} INFO - [2025-05-07T20:16:04.186+0000] {dag.py:3036} INFO - Sync 1 DAGs
[2025-05-07T20:16:04.231+0000] {logging_mixin.py:188} INFO - [2025-05-07T20:16:04.230+0000] {dag.py:3823} INFO - Setting next_dagrun for example_dynamic_task_mapping to 2022-03-04 00:00:00+00:00, run_after=2022-03-05 00:00:00+00:00
[2025-05-07T20:16:04.278+0000] {processor.py:183} INFO - Processing /home/airflow/.local/lib/python3.8/site-packages/airflow/example_dags/example_dynamic_task_mapping.py took 0.174 seconds
[2025-05-07T20:16:34.655+0000] {processor.py:161} INFO - Started process (PID=4920) to work on /home/airflow/.local/lib/python3.8/site-packages/airflow/example_dags/example_dynamic_task_mapping.py
[2025-05-07T20:16:34.657+0000] {processor.py:830} INFO - Processing file /home/airflow/.local/lib/python3.8/site-packages/airflow/example_dags/example_dynamic_task_mapping.py for tasks to queue
[2025-05-07T20:16:34.660+0000] {logging_mixin.py:188} INFO - [2025-05-07T20:16:34.660+0000] {dagbag.py:538} INFO - Filling up the DagBag from /home/airflow/.local/lib/python3.8/site-packages/airflow/example_dags/example_dynamic_task_mapping.py
[2025-05-07T20:16:34.673+0000] {processor.py:840} INFO - DAG(s) 'example_dynamic_task_mapping' retrieved from /home/airflow/.local/lib/python3.8/site-packages/airflow/example_dags/example_dynamic_task_mapping.py
[2025-05-07T20:16:34.711+0000] {logging_mixin.py:188} INFO - [2025-05-07T20:16:34.711+0000] {dag.py:3036} INFO - Sync 1 DAGs
[2025-05-07T20:16:34.740+0000] {logging_mixin.py:188} INFO - [2025-05-07T20:16:34.740+0000] {dag.py:3823} INFO - Setting next_dagrun for example_dynamic_task_mapping to 2022-03-04 00:00:00+00:00, run_after=2022-03-05 00:00:00+00:00
[2025-05-07T20:16:34.770+0000] {processor.py:183} INFO - Processing /home/airflow/.local/lib/python3.8/site-packages/airflow/example_dags/example_dynamic_task_mapping.py took 0.120 seconds
[2025-05-07T20:17:05.479+0000] {processor.py:161} INFO - Started process (PID=4977) to work on /home/airflow/.local/lib/python3.8/site-packages/airflow/example_dags/example_dynamic_task_mapping.py
[2025-05-07T20:17:05.481+0000] {processor.py:830} INFO - Processing file /home/airflow/.local/lib/python3.8/site-packages/airflow/example_dags/example_dynamic_task_mapping.py for tasks to queue
[2025-05-07T20:17:05.484+0000] {logging_mixin.py:188} INFO - [2025-05-07T20:17:05.484+0000] {dagbag.py:538} INFO - Filling up the DagBag from /home/airflow/.local/lib/python3.8/site-packages/airflow/example_dags/example_dynamic_task_mapping.py
[2025-05-07T20:17:05.495+0000] {processor.py:840} INFO - DAG(s) 'example_dynamic_task_mapping' retrieved from /home/airflow/.local/lib/python3.8/site-packages/airflow/example_dags/example_dynamic_task_mapping.py
[2025-05-07T20:17:05.525+0000] {logging_mixin.py:188} INFO - [2025-05-07T20:17:05.525+0000] {dag.py:3036} INFO - Sync 1 DAGs
[2025-05-07T20:17:05.554+0000] {logging_mixin.py:188} INFO - [2025-05-07T20:17:05.554+0000] {dag.py:3823} INFO - Setting next_dagrun for example_dynamic_task_mapping to 2022-03-04 00:00:00+00:00, run_after=2022-03-05 00:00:00+00:00
[2025-05-07T20:17:05.583+0000] {processor.py:183} INFO - Processing /home/airflow/.local/lib/python3.8/site-packages/airflow/example_dags/example_dynamic_task_mapping.py took 0.109 seconds
[2025-05-07T20:17:36.052+0000] {processor.py:161} INFO - Started process (PID=5034) to work on /home/airflow/.local/lib/python3.8/site-packages/airflow/example_dags/example_dynamic_task_mapping.py
[2025-05-07T20:17:36.054+0000] {processor.py:830} INFO - Processing file /home/airflow/.local/lib/python3.8/site-packages/airflow/example_dags/example_dynamic_task_mapping.py for tasks to queue
[2025-05-07T20:17:36.058+0000] {logging_mixin.py:188} INFO - [2025-05-07T20:17:36.057+0000] {dagbag.py:538} INFO - Filling up the DagBag from /home/airflow/.local/lib/python3.8/site-packages/airflow/example_dags/example_dynamic_task_mapping.py
[2025-05-07T20:17:36.068+0000] {processor.py:840} INFO - DAG(s) 'example_dynamic_task_mapping' retrieved from /home/airflow/.local/lib/python3.8/site-packages/airflow/example_dags/example_dynamic_task_mapping.py
[2025-05-07T20:17:36.100+0000] {logging_mixin.py:188} INFO - [2025-05-07T20:17:36.100+0000] {dag.py:3036} INFO - Sync 1 DAGs
[2025-05-07T20:17:36.129+0000] {logging_mixin.py:188} INFO - [2025-05-07T20:17:36.129+0000] {dag.py:3823} INFO - Setting next_dagrun for example_dynamic_task_mapping to 2022-03-04 00:00:00+00:00, run_after=2022-03-05 00:00:00+00:00
[2025-05-07T20:17:36.158+0000] {processor.py:183} INFO - Processing /home/airflow/.local/lib/python3.8/site-packages/airflow/example_dags/example_dynamic_task_mapping.py took 0.112 seconds
[2025-05-07T20:18:06.841+0000] {processor.py:161} INFO - Started process (PID=5092) to work on /home/airflow/.local/lib/python3.8/site-packages/airflow/example_dags/example_dynamic_task_mapping.py
[2025-05-07T20:18:06.844+0000] {processor.py:830} INFO - Processing file /home/airflow/.local/lib/python3.8/site-packages/airflow/example_dags/example_dynamic_task_mapping.py for tasks to queue
[2025-05-07T20:18:06.850+0000] {logging_mixin.py:188} INFO - [2025-05-07T20:18:06.850+0000] {dagbag.py:538} INFO - Filling up the DagBag from /home/airflow/.local/lib/python3.8/site-packages/airflow/example_dags/example_dynamic_task_mapping.py
[2025-05-07T20:18:06.866+0000] {processor.py:840} INFO - DAG(s) 'example_dynamic_task_mapping' retrieved from /home/airflow/.local/lib/python3.8/site-packages/airflow/example_dags/example_dynamic_task_mapping.py
[2025-05-07T20:18:06.917+0000] {logging_mixin.py:188} INFO - [2025-05-07T20:18:06.917+0000] {dag.py:3036} INFO - Sync 1 DAGs
[2025-05-07T20:18:06.975+0000] {logging_mixin.py:188} INFO - [2025-05-07T20:18:06.974+0000] {dag.py:3823} INFO - Setting next_dagrun for example_dynamic_task_mapping to 2022-03-04 00:00:00+00:00, run_after=2022-03-05 00:00:00+00:00
[2025-05-07T20:18:07.025+0000] {processor.py:183} INFO - Processing /home/airflow/.local/lib/python3.8/site-packages/airflow/example_dags/example_dynamic_task_mapping.py took 0.191 seconds
[2025-05-07T20:18:37.235+0000] {processor.py:161} INFO - Started process (PID=5149) to work on /home/airflow/.local/lib/python3.8/site-packages/airflow/example_dags/example_dynamic_task_mapping.py
[2025-05-07T20:18:37.237+0000] {processor.py:830} INFO - Processing file /home/airflow/.local/lib/python3.8/site-packages/airflow/example_dags/example_dynamic_task_mapping.py for tasks to queue
[2025-05-07T20:18:37.241+0000] {logging_mixin.py:188} INFO - [2025-05-07T20:18:37.240+0000] {dagbag.py:538} INFO - Filling up the DagBag from /home/airflow/.local/lib/python3.8/site-packages/airflow/example_dags/example_dynamic_task_mapping.py
[2025-05-07T20:18:37.251+0000] {processor.py:840} INFO - DAG(s) 'example_dynamic_task_mapping' retrieved from /home/airflow/.local/lib/python3.8/site-packages/airflow/example_dags/example_dynamic_task_mapping.py
[2025-05-07T20:18:37.281+0000] {logging_mixin.py:188} INFO - [2025-05-07T20:18:37.280+0000] {dag.py:3036} INFO - Sync 1 DAGs
[2025-05-07T20:18:37.310+0000] {logging_mixin.py:188} INFO - [2025-05-07T20:18:37.310+0000] {dag.py:3823} INFO - Setting next_dagrun for example_dynamic_task_mapping to 2022-03-04 00:00:00+00:00, run_after=2022-03-05 00:00:00+00:00
[2025-05-07T20:18:37.437+0000] {processor.py:183} INFO - Processing /home/airflow/.local/lib/python3.8/site-packages/airflow/example_dags/example_dynamic_task_mapping.py took 0.207 seconds
[2025-05-07T20:19:07.591+0000] {processor.py:161} INFO - Started process (PID=5206) to work on /home/airflow/.local/lib/python3.8/site-packages/airflow/example_dags/example_dynamic_task_mapping.py
[2025-05-07T20:19:07.594+0000] {processor.py:830} INFO - Processing file /home/airflow/.local/lib/python3.8/site-packages/airflow/example_dags/example_dynamic_task_mapping.py for tasks to queue
[2025-05-07T20:19:07.599+0000] {logging_mixin.py:188} INFO - [2025-05-07T20:19:07.598+0000] {dagbag.py:538} INFO - Filling up the DagBag from /home/airflow/.local/lib/python3.8/site-packages/airflow/example_dags/example_dynamic_task_mapping.py
[2025-05-07T20:19:07.611+0000] {processor.py:840} INFO - DAG(s) 'example_dynamic_task_mapping' retrieved from /home/airflow/.local/lib/python3.8/site-packages/airflow/example_dags/example_dynamic_task_mapping.py
[2025-05-07T20:19:07.649+0000] {logging_mixin.py:188} INFO - [2025-05-07T20:19:07.649+0000] {dag.py:3036} INFO - Sync 1 DAGs
[2025-05-07T20:19:07.693+0000] {logging_mixin.py:188} INFO - [2025-05-07T20:19:07.693+0000] {dag.py:3823} INFO - Setting next_dagrun for example_dynamic_task_mapping to 2022-03-04 00:00:00+00:00, run_after=2022-03-05 00:00:00+00:00
[2025-05-07T20:19:07.734+0000] {processor.py:183} INFO - Processing /home/airflow/.local/lib/python3.8/site-packages/airflow/example_dags/example_dynamic_task_mapping.py took 0.154 seconds
