[2025-05-07T19:05:15.196+0000] {processor.py:161} INFO - Started process (PID=85) to work on /home/airflow/.local/lib/python3.8/site-packages/airflow/example_dags/example_datasets.py
[2025-05-07T19:05:15.199+0000] {processor.py:830} INFO - Processing file /home/airflow/.local/lib/python3.8/site-packages/airflow/example_dags/example_datasets.py for tasks to queue
[2025-05-07T19:05:15.202+0000] {logging_mixin.py:188} INFO - [2025-05-07T19:05:15.202+0000] {dagbag.py:538} INFO - Filling up the DagBag from /home/airflow/.local/lib/python3.8/site-packages/airflow/example_dags/example_datasets.py
[2025-05-07T19:05:15.220+0000] {processor.py:840} INFO - DAG(s) 'dataset_consumes_1_and_2', 'dataset_consumes_1_never_scheduled', 'dataset_produces_2', 'dataset_consumes_unknown_never_scheduled', 'dataset_consumes_1', 'dataset_produces_1' retrieved from /home/airflow/.local/lib/python3.8/site-packages/airflow/example_dags/example_datasets.py
[2025-05-07T19:05:15.246+0000] {logging_mixin.py:188} INFO - [2025-05-07T19:05:15.245+0000] {dag.py:3036} INFO - Sync 6 DAGs
[2025-05-07T19:05:15.290+0000] {logging_mixin.py:188} INFO - [2025-05-07T19:05:15.290+0000] {dag.py:3823} INFO - Setting next_dagrun for dataset_consumes_1 to None, run_after=None
[2025-05-07T19:05:15.297+0000] {logging_mixin.py:188} INFO - [2025-05-07T19:05:15.297+0000] {dag.py:3823} INFO - Setting next_dagrun for dataset_consumes_1_and_2 to None, run_after=None
[2025-05-07T19:05:15.300+0000] {logging_mixin.py:188} INFO - [2025-05-07T19:05:15.300+0000] {dag.py:3823} INFO - Setting next_dagrun for dataset_consumes_1_never_scheduled to None, run_after=None
[2025-05-07T19:05:15.302+0000] {logging_mixin.py:188} INFO - [2025-05-07T19:05:15.302+0000] {dag.py:3823} INFO - Setting next_dagrun for dataset_consumes_unknown_never_scheduled to None, run_after=None
[2025-05-07T19:05:15.306+0000] {logging_mixin.py:188} INFO - [2025-05-07T19:05:15.306+0000] {dag.py:3823} INFO - Setting next_dagrun for dataset_produces_1 to 2025-05-06 00:00:00+00:00, run_after=2025-05-07 00:00:00+00:00
[2025-05-07T19:05:15.309+0000] {logging_mixin.py:188} INFO - [2025-05-07T19:05:15.309+0000] {dag.py:3823} INFO - Setting next_dagrun for dataset_produces_2 to None, run_after=None
[2025-05-07T19:05:15.383+0000] {processor.py:183} INFO - Processing /home/airflow/.local/lib/python3.8/site-packages/airflow/example_dags/example_datasets.py took 0.194 seconds
[2025-05-07T19:05:46.317+0000] {processor.py:161} INFO - Started process (PID=140) to work on /home/airflow/.local/lib/python3.8/site-packages/airflow/example_dags/example_datasets.py
[2025-05-07T19:05:46.318+0000] {processor.py:830} INFO - Processing file /home/airflow/.local/lib/python3.8/site-packages/airflow/example_dags/example_datasets.py for tasks to queue
[2025-05-07T19:05:46.320+0000] {logging_mixin.py:188} INFO - [2025-05-07T19:05:46.320+0000] {dagbag.py:538} INFO - Filling up the DagBag from /home/airflow/.local/lib/python3.8/site-packages/airflow/example_dags/example_datasets.py
[2025-05-07T19:05:46.329+0000] {processor.py:840} INFO - DAG(s) 'dataset_consumes_1_and_2', 'dataset_consumes_unknown_never_scheduled', 'dataset_produces_2', 'dataset_consumes_1_never_scheduled', 'dataset_consumes_1', 'dataset_produces_1' retrieved from /home/airflow/.local/lib/python3.8/site-packages/airflow/example_dags/example_datasets.py
[2025-05-07T19:05:46.486+0000] {logging_mixin.py:188} INFO - [2025-05-07T19:05:46.486+0000] {dag.py:3036} INFO - Sync 6 DAGs
[2025-05-07T19:05:46.510+0000] {logging_mixin.py:188} INFO - [2025-05-07T19:05:46.510+0000] {dag.py:3823} INFO - Setting next_dagrun for dataset_consumes_1 to None, run_after=None
[2025-05-07T19:05:46.514+0000] {logging_mixin.py:188} INFO - [2025-05-07T19:05:46.514+0000] {dag.py:3823} INFO - Setting next_dagrun for dataset_consumes_1_and_2 to None, run_after=None
[2025-05-07T19:05:46.515+0000] {logging_mixin.py:188} INFO - [2025-05-07T19:05:46.515+0000] {dag.py:3823} INFO - Setting next_dagrun for dataset_consumes_1_never_scheduled to None, run_after=None
[2025-05-07T19:05:46.517+0000] {logging_mixin.py:188} INFO - [2025-05-07T19:05:46.517+0000] {dag.py:3823} INFO - Setting next_dagrun for dataset_consumes_unknown_never_scheduled to None, run_after=None
[2025-05-07T19:05:46.521+0000] {logging_mixin.py:188} INFO - [2025-05-07T19:05:46.520+0000] {dag.py:3823} INFO - Setting next_dagrun for dataset_produces_1 to 2025-05-06 00:00:00+00:00, run_after=2025-05-07 00:00:00+00:00
[2025-05-07T19:05:46.522+0000] {logging_mixin.py:188} INFO - [2025-05-07T19:05:46.522+0000] {dag.py:3823} INFO - Setting next_dagrun for dataset_produces_2 to None, run_after=None
[2025-05-07T19:05:46.556+0000] {processor.py:183} INFO - Processing /home/airflow/.local/lib/python3.8/site-packages/airflow/example_dags/example_datasets.py took 0.243 seconds
[2025-05-07T19:06:16.600+0000] {processor.py:161} INFO - Started process (PID=195) to work on /home/airflow/.local/lib/python3.8/site-packages/airflow/example_dags/example_datasets.py
[2025-05-07T19:06:16.603+0000] {processor.py:830} INFO - Processing file /home/airflow/.local/lib/python3.8/site-packages/airflow/example_dags/example_datasets.py for tasks to queue
[2025-05-07T19:06:16.605+0000] {logging_mixin.py:188} INFO - [2025-05-07T19:06:16.605+0000] {dagbag.py:538} INFO - Filling up the DagBag from /home/airflow/.local/lib/python3.8/site-packages/airflow/example_dags/example_datasets.py
[2025-05-07T19:06:16.617+0000] {processor.py:840} INFO - DAG(s) 'dataset_consumes_1', 'dataset_produces_1', 'dataset_consumes_1_never_scheduled', 'dataset_produces_2', 'dataset_consumes_1_and_2', 'dataset_consumes_unknown_never_scheduled' retrieved from /home/airflow/.local/lib/python3.8/site-packages/airflow/example_dags/example_datasets.py
[2025-05-07T19:06:16.649+0000] {logging_mixin.py:188} INFO - [2025-05-07T19:06:16.649+0000] {dag.py:3036} INFO - Sync 6 DAGs
[2025-05-07T19:06:16.670+0000] {logging_mixin.py:188} INFO - [2025-05-07T19:06:16.670+0000] {dag.py:3823} INFO - Setting next_dagrun for dataset_consumes_1 to None, run_after=None
[2025-05-07T19:06:16.674+0000] {logging_mixin.py:188} INFO - [2025-05-07T19:06:16.674+0000] {dag.py:3823} INFO - Setting next_dagrun for dataset_consumes_1_and_2 to None, run_after=None
[2025-05-07T19:06:16.676+0000] {logging_mixin.py:188} INFO - [2025-05-07T19:06:16.676+0000] {dag.py:3823} INFO - Setting next_dagrun for dataset_consumes_1_never_scheduled to None, run_after=None
[2025-05-07T19:06:16.679+0000] {logging_mixin.py:188} INFO - [2025-05-07T19:06:16.678+0000] {dag.py:3823} INFO - Setting next_dagrun for dataset_consumes_unknown_never_scheduled to None, run_after=None
[2025-05-07T19:06:16.682+0000] {logging_mixin.py:188} INFO - [2025-05-07T19:06:16.682+0000] {dag.py:3823} INFO - Setting next_dagrun for dataset_produces_1 to 2025-05-06 00:00:00+00:00, run_after=2025-05-07 00:00:00+00:00
[2025-05-07T19:06:16.684+0000] {logging_mixin.py:188} INFO - [2025-05-07T19:06:16.684+0000] {dag.py:3823} INFO - Setting next_dagrun for dataset_produces_2 to None, run_after=None
[2025-05-07T19:06:16.715+0000] {processor.py:183} INFO - Processing /home/airflow/.local/lib/python3.8/site-packages/airflow/example_dags/example_datasets.py took 0.119 seconds
[2025-05-07T19:06:47.531+0000] {processor.py:161} INFO - Started process (PID=250) to work on /home/airflow/.local/lib/python3.8/site-packages/airflow/example_dags/example_datasets.py
[2025-05-07T19:06:47.533+0000] {processor.py:830} INFO - Processing file /home/airflow/.local/lib/python3.8/site-packages/airflow/example_dags/example_datasets.py for tasks to queue
[2025-05-07T19:06:47.537+0000] {logging_mixin.py:188} INFO - [2025-05-07T19:06:47.536+0000] {dagbag.py:538} INFO - Filling up the DagBag from /home/airflow/.local/lib/python3.8/site-packages/airflow/example_dags/example_datasets.py
[2025-05-07T19:06:47.558+0000] {processor.py:840} INFO - DAG(s) 'dataset_produces_1', 'dataset_consumes_1_and_2', 'dataset_consumes_1_never_scheduled', 'dataset_consumes_unknown_never_scheduled', 'dataset_consumes_1', 'dataset_produces_2' retrieved from /home/airflow/.local/lib/python3.8/site-packages/airflow/example_dags/example_datasets.py
[2025-05-07T19:06:47.613+0000] {logging_mixin.py:188} INFO - [2025-05-07T19:06:47.613+0000] {dag.py:3036} INFO - Sync 6 DAGs
[2025-05-07T19:06:47.637+0000] {logging_mixin.py:188} INFO - [2025-05-07T19:06:47.637+0000] {dag.py:3823} INFO - Setting next_dagrun for dataset_consumes_1 to None, run_after=None
[2025-05-07T19:06:47.642+0000] {logging_mixin.py:188} INFO - [2025-05-07T19:06:47.641+0000] {dag.py:3823} INFO - Setting next_dagrun for dataset_consumes_1_and_2 to None, run_after=None
[2025-05-07T19:06:47.643+0000] {logging_mixin.py:188} INFO - [2025-05-07T19:06:47.643+0000] {dag.py:3823} INFO - Setting next_dagrun for dataset_consumes_1_never_scheduled to None, run_after=None
[2025-05-07T19:06:47.645+0000] {logging_mixin.py:188} INFO - [2025-05-07T19:06:47.645+0000] {dag.py:3823} INFO - Setting next_dagrun for dataset_consumes_unknown_never_scheduled to None, run_after=None
[2025-05-07T19:06:47.648+0000] {logging_mixin.py:188} INFO - [2025-05-07T19:06:47.648+0000] {dag.py:3823} INFO - Setting next_dagrun for dataset_produces_1 to 2025-05-06 00:00:00+00:00, run_after=2025-05-07 00:00:00+00:00
[2025-05-07T19:06:47.649+0000] {logging_mixin.py:188} INFO - [2025-05-07T19:06:47.649+0000] {dag.py:3823} INFO - Setting next_dagrun for dataset_produces_2 to None, run_after=None
[2025-05-07T19:06:47.681+0000] {processor.py:183} INFO - Processing /home/airflow/.local/lib/python3.8/site-packages/airflow/example_dags/example_datasets.py took 0.159 seconds
[2025-05-07T19:07:18.116+0000] {processor.py:161} INFO - Started process (PID=305) to work on /home/airflow/.local/lib/python3.8/site-packages/airflow/example_dags/example_datasets.py
[2025-05-07T19:07:18.117+0000] {processor.py:830} INFO - Processing file /home/airflow/.local/lib/python3.8/site-packages/airflow/example_dags/example_datasets.py for tasks to queue
[2025-05-07T19:07:18.120+0000] {logging_mixin.py:188} INFO - [2025-05-07T19:07:18.119+0000] {dagbag.py:538} INFO - Filling up the DagBag from /home/airflow/.local/lib/python3.8/site-packages/airflow/example_dags/example_datasets.py
[2025-05-07T19:07:18.132+0000] {processor.py:840} INFO - DAG(s) 'dataset_produces_2', 'dataset_consumes_unknown_never_scheduled', 'dataset_consumes_1_never_scheduled', 'dataset_consumes_1', 'dataset_consumes_1_and_2', 'dataset_produces_1' retrieved from /home/airflow/.local/lib/python3.8/site-packages/airflow/example_dags/example_datasets.py
[2025-05-07T19:07:18.183+0000] {logging_mixin.py:188} INFO - [2025-05-07T19:07:18.183+0000] {dag.py:3036} INFO - Sync 6 DAGs
[2025-05-07T19:07:18.216+0000] {logging_mixin.py:188} INFO - [2025-05-07T19:07:18.215+0000] {dag.py:3823} INFO - Setting next_dagrun for dataset_consumes_1 to None, run_after=None
[2025-05-07T19:07:18.225+0000] {logging_mixin.py:188} INFO - [2025-05-07T19:07:18.224+0000] {dag.py:3823} INFO - Setting next_dagrun for dataset_consumes_1_and_2 to None, run_after=None
[2025-05-07T19:07:18.229+0000] {logging_mixin.py:188} INFO - [2025-05-07T19:07:18.229+0000] {dag.py:3823} INFO - Setting next_dagrun for dataset_consumes_1_never_scheduled to None, run_after=None
[2025-05-07T19:07:18.234+0000] {logging_mixin.py:188} INFO - [2025-05-07T19:07:18.233+0000] {dag.py:3823} INFO - Setting next_dagrun for dataset_consumes_unknown_never_scheduled to None, run_after=None
[2025-05-07T19:07:18.240+0000] {logging_mixin.py:188} INFO - [2025-05-07T19:07:18.240+0000] {dag.py:3823} INFO - Setting next_dagrun for dataset_produces_1 to 2025-05-06 00:00:00+00:00, run_after=2025-05-07 00:00:00+00:00
[2025-05-07T19:07:18.244+0000] {logging_mixin.py:188} INFO - [2025-05-07T19:07:18.244+0000] {dag.py:3823} INFO - Setting next_dagrun for dataset_produces_2 to None, run_after=None
[2025-05-07T19:07:18.294+0000] {processor.py:183} INFO - Processing /home/airflow/.local/lib/python3.8/site-packages/airflow/example_dags/example_datasets.py took 0.182 seconds
[2025-05-07T19:07:48.810+0000] {processor.py:161} INFO - Started process (PID=360) to work on /home/airflow/.local/lib/python3.8/site-packages/airflow/example_dags/example_datasets.py
[2025-05-07T19:07:48.811+0000] {processor.py:830} INFO - Processing file /home/airflow/.local/lib/python3.8/site-packages/airflow/example_dags/example_datasets.py for tasks to queue
[2025-05-07T19:07:48.814+0000] {logging_mixin.py:188} INFO - [2025-05-07T19:07:48.813+0000] {dagbag.py:538} INFO - Filling up the DagBag from /home/airflow/.local/lib/python3.8/site-packages/airflow/example_dags/example_datasets.py
[2025-05-07T19:07:48.824+0000] {processor.py:840} INFO - DAG(s) 'dataset_consumes_1', 'dataset_consumes_1_and_2', 'dataset_produces_1', 'dataset_consumes_unknown_never_scheduled', 'dataset_consumes_1_never_scheduled', 'dataset_produces_2' retrieved from /home/airflow/.local/lib/python3.8/site-packages/airflow/example_dags/example_datasets.py
[2025-05-07T19:07:48.861+0000] {logging_mixin.py:188} INFO - [2025-05-07T19:07:48.861+0000] {dag.py:3036} INFO - Sync 6 DAGs
[2025-05-07T19:07:48.884+0000] {logging_mixin.py:188} INFO - [2025-05-07T19:07:48.884+0000] {dag.py:3823} INFO - Setting next_dagrun for dataset_consumes_1 to None, run_after=None
[2025-05-07T19:07:48.888+0000] {logging_mixin.py:188} INFO - [2025-05-07T19:07:48.888+0000] {dag.py:3823} INFO - Setting next_dagrun for dataset_consumes_1_and_2 to None, run_after=None
[2025-05-07T19:07:48.890+0000] {logging_mixin.py:188} INFO - [2025-05-07T19:07:48.890+0000] {dag.py:3823} INFO - Setting next_dagrun for dataset_consumes_1_never_scheduled to None, run_after=None
[2025-05-07T19:07:48.893+0000] {logging_mixin.py:188} INFO - [2025-05-07T19:07:48.893+0000] {dag.py:3823} INFO - Setting next_dagrun for dataset_consumes_unknown_never_scheduled to None, run_after=None
[2025-05-07T19:07:48.896+0000] {logging_mixin.py:188} INFO - [2025-05-07T19:07:48.896+0000] {dag.py:3823} INFO - Setting next_dagrun for dataset_produces_1 to 2025-05-06 00:00:00+00:00, run_after=2025-05-07 00:00:00+00:00
[2025-05-07T19:07:48.898+0000] {logging_mixin.py:188} INFO - [2025-05-07T19:07:48.898+0000] {dag.py:3823} INFO - Setting next_dagrun for dataset_produces_2 to None, run_after=None
[2025-05-07T19:07:48.935+0000] {processor.py:183} INFO - Processing /home/airflow/.local/lib/python3.8/site-packages/airflow/example_dags/example_datasets.py took 0.128 seconds
[2025-05-07T19:08:19.152+0000] {processor.py:161} INFO - Started process (PID=415) to work on /home/airflow/.local/lib/python3.8/site-packages/airflow/example_dags/example_datasets.py
[2025-05-07T19:08:19.153+0000] {processor.py:830} INFO - Processing file /home/airflow/.local/lib/python3.8/site-packages/airflow/example_dags/example_datasets.py for tasks to queue
[2025-05-07T19:08:19.156+0000] {logging_mixin.py:188} INFO - [2025-05-07T19:08:19.155+0000] {dagbag.py:538} INFO - Filling up the DagBag from /home/airflow/.local/lib/python3.8/site-packages/airflow/example_dags/example_datasets.py
[2025-05-07T19:08:19.167+0000] {processor.py:840} INFO - DAG(s) 'dataset_consumes_1', 'dataset_consumes_1_and_2', 'dataset_produces_1', 'dataset_consumes_unknown_never_scheduled', 'dataset_produces_2', 'dataset_consumes_1_never_scheduled' retrieved from /home/airflow/.local/lib/python3.8/site-packages/airflow/example_dags/example_datasets.py
[2025-05-07T19:08:19.211+0000] {logging_mixin.py:188} INFO - [2025-05-07T19:08:19.211+0000] {dag.py:3036} INFO - Sync 6 DAGs
[2025-05-07T19:08:19.234+0000] {logging_mixin.py:188} INFO - [2025-05-07T19:08:19.234+0000] {dag.py:3823} INFO - Setting next_dagrun for dataset_consumes_1 to None, run_after=None
[2025-05-07T19:08:19.239+0000] {logging_mixin.py:188} INFO - [2025-05-07T19:08:19.239+0000] {dag.py:3823} INFO - Setting next_dagrun for dataset_consumes_1_and_2 to None, run_after=None
[2025-05-07T19:08:19.241+0000] {logging_mixin.py:188} INFO - [2025-05-07T19:08:19.241+0000] {dag.py:3823} INFO - Setting next_dagrun for dataset_consumes_1_never_scheduled to None, run_after=None
[2025-05-07T19:08:19.243+0000] {logging_mixin.py:188} INFO - [2025-05-07T19:08:19.243+0000] {dag.py:3823} INFO - Setting next_dagrun for dataset_consumes_unknown_never_scheduled to None, run_after=None
[2025-05-07T19:08:19.247+0000] {logging_mixin.py:188} INFO - [2025-05-07T19:08:19.246+0000] {dag.py:3823} INFO - Setting next_dagrun for dataset_produces_1 to 2025-05-06 00:00:00+00:00, run_after=2025-05-07 00:00:00+00:00
[2025-05-07T19:08:19.248+0000] {logging_mixin.py:188} INFO - [2025-05-07T19:08:19.248+0000] {dag.py:3823} INFO - Setting next_dagrun for dataset_produces_2 to None, run_after=None
[2025-05-07T19:08:19.284+0000] {processor.py:183} INFO - Processing /home/airflow/.local/lib/python3.8/site-packages/airflow/example_dags/example_datasets.py took 0.136 seconds
[2025-05-07T19:08:49.506+0000] {processor.py:161} INFO - Started process (PID=470) to work on /home/airflow/.local/lib/python3.8/site-packages/airflow/example_dags/example_datasets.py
[2025-05-07T19:08:49.508+0000] {processor.py:830} INFO - Processing file /home/airflow/.local/lib/python3.8/site-packages/airflow/example_dags/example_datasets.py for tasks to queue
[2025-05-07T19:08:49.511+0000] {logging_mixin.py:188} INFO - [2025-05-07T19:08:49.511+0000] {dagbag.py:538} INFO - Filling up the DagBag from /home/airflow/.local/lib/python3.8/site-packages/airflow/example_dags/example_datasets.py
[2025-05-07T19:08:49.521+0000] {processor.py:840} INFO - DAG(s) 'dataset_produces_2', 'dataset_consumes_1_and_2', 'dataset_produces_1', 'dataset_consumes_unknown_never_scheduled', 'dataset_consumes_1_never_scheduled', 'dataset_consumes_1' retrieved from /home/airflow/.local/lib/python3.8/site-packages/airflow/example_dags/example_datasets.py
[2025-05-07T19:08:49.566+0000] {logging_mixin.py:188} INFO - [2025-05-07T19:08:49.566+0000] {dag.py:3036} INFO - Sync 6 DAGs
[2025-05-07T19:08:49.590+0000] {logging_mixin.py:188} INFO - [2025-05-07T19:08:49.590+0000] {dag.py:3823} INFO - Setting next_dagrun for dataset_consumes_1 to None, run_after=None
[2025-05-07T19:08:49.595+0000] {logging_mixin.py:188} INFO - [2025-05-07T19:08:49.595+0000] {dag.py:3823} INFO - Setting next_dagrun for dataset_consumes_1_and_2 to None, run_after=None
[2025-05-07T19:08:49.597+0000] {logging_mixin.py:188} INFO - [2025-05-07T19:08:49.597+0000] {dag.py:3823} INFO - Setting next_dagrun for dataset_consumes_1_never_scheduled to None, run_after=None
[2025-05-07T19:08:49.599+0000] {logging_mixin.py:188} INFO - [2025-05-07T19:08:49.599+0000] {dag.py:3823} INFO - Setting next_dagrun for dataset_consumes_unknown_never_scheduled to None, run_after=None
[2025-05-07T19:08:49.603+0000] {logging_mixin.py:188} INFO - [2025-05-07T19:08:49.602+0000] {dag.py:3823} INFO - Setting next_dagrun for dataset_produces_1 to 2025-05-06 00:00:00+00:00, run_after=2025-05-07 00:00:00+00:00
[2025-05-07T19:08:49.605+0000] {logging_mixin.py:188} INFO - [2025-05-07T19:08:49.604+0000] {dag.py:3823} INFO - Setting next_dagrun for dataset_produces_2 to None, run_after=None
[2025-05-07T19:08:49.642+0000] {processor.py:183} INFO - Processing /home/airflow/.local/lib/python3.8/site-packages/airflow/example_dags/example_datasets.py took 0.141 seconds
[2025-05-07T19:09:20.259+0000] {processor.py:161} INFO - Started process (PID=525) to work on /home/airflow/.local/lib/python3.8/site-packages/airflow/example_dags/example_datasets.py
[2025-05-07T19:09:20.261+0000] {processor.py:830} INFO - Processing file /home/airflow/.local/lib/python3.8/site-packages/airflow/example_dags/example_datasets.py for tasks to queue
[2025-05-07T19:09:20.264+0000] {logging_mixin.py:188} INFO - [2025-05-07T19:09:20.263+0000] {dagbag.py:538} INFO - Filling up the DagBag from /home/airflow/.local/lib/python3.8/site-packages/airflow/example_dags/example_datasets.py
[2025-05-07T19:09:20.274+0000] {processor.py:840} INFO - DAG(s) 'dataset_consumes_1_and_2', 'dataset_consumes_unknown_never_scheduled', 'dataset_produces_1', 'dataset_consumes_1', 'dataset_produces_2', 'dataset_consumes_1_never_scheduled' retrieved from /home/airflow/.local/lib/python3.8/site-packages/airflow/example_dags/example_datasets.py
[2025-05-07T19:09:20.311+0000] {logging_mixin.py:188} INFO - [2025-05-07T19:09:20.311+0000] {dag.py:3036} INFO - Sync 6 DAGs
[2025-05-07T19:09:20.337+0000] {logging_mixin.py:188} INFO - [2025-05-07T19:09:20.336+0000] {dag.py:3823} INFO - Setting next_dagrun for dataset_consumes_1 to None, run_after=None
[2025-05-07T19:09:20.346+0000] {logging_mixin.py:188} INFO - [2025-05-07T19:09:20.345+0000] {dag.py:3823} INFO - Setting next_dagrun for dataset_consumes_1_and_2 to None, run_after=None
[2025-05-07T19:09:20.349+0000] {logging_mixin.py:188} INFO - [2025-05-07T19:09:20.349+0000] {dag.py:3823} INFO - Setting next_dagrun for dataset_consumes_1_never_scheduled to None, run_after=None
[2025-05-07T19:09:20.352+0000] {logging_mixin.py:188} INFO - [2025-05-07T19:09:20.352+0000] {dag.py:3823} INFO - Setting next_dagrun for dataset_consumes_unknown_never_scheduled to None, run_after=None
[2025-05-07T19:09:20.357+0000] {logging_mixin.py:188} INFO - [2025-05-07T19:09:20.357+0000] {dag.py:3823} INFO - Setting next_dagrun for dataset_produces_1 to 2025-05-06 00:00:00+00:00, run_after=2025-05-07 00:00:00+00:00
[2025-05-07T19:09:20.359+0000] {logging_mixin.py:188} INFO - [2025-05-07T19:09:20.359+0000] {dag.py:3823} INFO - Setting next_dagrun for dataset_produces_2 to None, run_after=None
[2025-05-07T19:09:20.399+0000] {processor.py:183} INFO - Processing /home/airflow/.local/lib/python3.8/site-packages/airflow/example_dags/example_datasets.py took 0.145 seconds
[2025-05-07T19:09:51.158+0000] {processor.py:161} INFO - Started process (PID=580) to work on /home/airflow/.local/lib/python3.8/site-packages/airflow/example_dags/example_datasets.py
[2025-05-07T19:09:51.161+0000] {processor.py:830} INFO - Processing file /home/airflow/.local/lib/python3.8/site-packages/airflow/example_dags/example_datasets.py for tasks to queue
[2025-05-07T19:09:51.167+0000] {logging_mixin.py:188} INFO - [2025-05-07T19:09:51.167+0000] {dagbag.py:538} INFO - Filling up the DagBag from /home/airflow/.local/lib/python3.8/site-packages/airflow/example_dags/example_datasets.py
[2025-05-07T19:09:51.200+0000] {processor.py:840} INFO - DAG(s) 'dataset_produces_1', 'dataset_consumes_1', 'dataset_consumes_1_and_2', 'dataset_consumes_1_never_scheduled', 'dataset_produces_2', 'dataset_consumes_unknown_never_scheduled' retrieved from /home/airflow/.local/lib/python3.8/site-packages/airflow/example_dags/example_datasets.py
[2025-05-07T19:09:51.273+0000] {logging_mixin.py:188} INFO - [2025-05-07T19:09:51.272+0000] {dag.py:3036} INFO - Sync 6 DAGs
[2025-05-07T19:09:51.300+0000] {logging_mixin.py:188} INFO - [2025-05-07T19:09:51.300+0000] {dag.py:3823} INFO - Setting next_dagrun for dataset_consumes_1 to None, run_after=None
[2025-05-07T19:09:51.305+0000] {logging_mixin.py:188} INFO - [2025-05-07T19:09:51.305+0000] {dag.py:3823} INFO - Setting next_dagrun for dataset_consumes_1_and_2 to None, run_after=None
[2025-05-07T19:09:51.308+0000] {logging_mixin.py:188} INFO - [2025-05-07T19:09:51.308+0000] {dag.py:3823} INFO - Setting next_dagrun for dataset_consumes_1_never_scheduled to None, run_after=None
[2025-05-07T19:09:51.311+0000] {logging_mixin.py:188} INFO - [2025-05-07T19:09:51.311+0000] {dag.py:3823} INFO - Setting next_dagrun for dataset_consumes_unknown_never_scheduled to None, run_after=None
[2025-05-07T19:09:51.317+0000] {logging_mixin.py:188} INFO - [2025-05-07T19:09:51.316+0000] {dag.py:3823} INFO - Setting next_dagrun for dataset_produces_1 to 2025-05-06 00:00:00+00:00, run_after=2025-05-07 00:00:00+00:00
[2025-05-07T19:09:51.320+0000] {logging_mixin.py:188} INFO - [2025-05-07T19:09:51.319+0000] {dag.py:3823} INFO - Setting next_dagrun for dataset_produces_2 to None, run_after=None
[2025-05-07T19:09:51.357+0000] {processor.py:183} INFO - Processing /home/airflow/.local/lib/python3.8/site-packages/airflow/example_dags/example_datasets.py took 0.202 seconds
[2025-05-07T19:10:22.367+0000] {processor.py:161} INFO - Started process (PID=637) to work on /home/airflow/.local/lib/python3.8/site-packages/airflow/example_dags/example_datasets.py
[2025-05-07T19:10:22.370+0000] {processor.py:830} INFO - Processing file /home/airflow/.local/lib/python3.8/site-packages/airflow/example_dags/example_datasets.py for tasks to queue
[2025-05-07T19:10:22.372+0000] {logging_mixin.py:188} INFO - [2025-05-07T19:10:22.372+0000] {dagbag.py:538} INFO - Filling up the DagBag from /home/airflow/.local/lib/python3.8/site-packages/airflow/example_dags/example_datasets.py
[2025-05-07T19:10:22.384+0000] {processor.py:840} INFO - DAG(s) 'dataset_consumes_1', 'dataset_produces_2', 'dataset_produces_1', 'dataset_consumes_1_and_2', 'dataset_consumes_unknown_never_scheduled', 'dataset_consumes_1_never_scheduled' retrieved from /home/airflow/.local/lib/python3.8/site-packages/airflow/example_dags/example_datasets.py
[2025-05-07T19:10:22.429+0000] {logging_mixin.py:188} INFO - [2025-05-07T19:10:22.429+0000] {dag.py:3036} INFO - Sync 6 DAGs
[2025-05-07T19:10:22.455+0000] {logging_mixin.py:188} INFO - [2025-05-07T19:10:22.455+0000] {dag.py:3823} INFO - Setting next_dagrun for dataset_consumes_1 to None, run_after=None
[2025-05-07T19:10:22.461+0000] {logging_mixin.py:188} INFO - [2025-05-07T19:10:22.461+0000] {dag.py:3823} INFO - Setting next_dagrun for dataset_consumes_1_and_2 to None, run_after=None
[2025-05-07T19:10:22.464+0000] {logging_mixin.py:188} INFO - [2025-05-07T19:10:22.464+0000] {dag.py:3823} INFO - Setting next_dagrun for dataset_consumes_1_never_scheduled to None, run_after=None
[2025-05-07T19:10:22.468+0000] {logging_mixin.py:188} INFO - [2025-05-07T19:10:22.468+0000] {dag.py:3823} INFO - Setting next_dagrun for dataset_consumes_unknown_never_scheduled to None, run_after=None
[2025-05-07T19:10:22.474+0000] {logging_mixin.py:188} INFO - [2025-05-07T19:10:22.474+0000] {dag.py:3823} INFO - Setting next_dagrun for dataset_produces_1 to 2025-05-06 00:00:00+00:00, run_after=2025-05-07 00:00:00+00:00
[2025-05-07T19:10:22.477+0000] {logging_mixin.py:188} INFO - [2025-05-07T19:10:22.477+0000] {dag.py:3823} INFO - Setting next_dagrun for dataset_produces_2 to None, run_after=None
[2025-05-07T19:10:22.529+0000] {processor.py:183} INFO - Processing /home/airflow/.local/lib/python3.8/site-packages/airflow/example_dags/example_datasets.py took 0.165 seconds
[2025-05-07T19:10:53.062+0000] {processor.py:161} INFO - Started process (PID=693) to work on /home/airflow/.local/lib/python3.8/site-packages/airflow/example_dags/example_datasets.py
[2025-05-07T19:10:53.066+0000] {processor.py:830} INFO - Processing file /home/airflow/.local/lib/python3.8/site-packages/airflow/example_dags/example_datasets.py for tasks to queue
[2025-05-07T19:10:53.073+0000] {logging_mixin.py:188} INFO - [2025-05-07T19:10:53.072+0000] {dagbag.py:538} INFO - Filling up the DagBag from /home/airflow/.local/lib/python3.8/site-packages/airflow/example_dags/example_datasets.py
[2025-05-07T19:10:53.093+0000] {processor.py:840} INFO - DAG(s) 'dataset_consumes_1', 'dataset_consumes_1_never_scheduled', 'dataset_produces_2', 'dataset_consumes_1_and_2', 'dataset_produces_1', 'dataset_consumes_unknown_never_scheduled' retrieved from /home/airflow/.local/lib/python3.8/site-packages/airflow/example_dags/example_datasets.py
[2025-05-07T19:10:53.133+0000] {logging_mixin.py:188} INFO - [2025-05-07T19:10:53.133+0000] {dag.py:3036} INFO - Sync 6 DAGs
[2025-05-07T19:10:53.154+0000] {logging_mixin.py:188} INFO - [2025-05-07T19:10:53.154+0000] {dag.py:3823} INFO - Setting next_dagrun for dataset_consumes_1 to None, run_after=None
[2025-05-07T19:10:53.158+0000] {logging_mixin.py:188} INFO - [2025-05-07T19:10:53.158+0000] {dag.py:3823} INFO - Setting next_dagrun for dataset_consumes_1_and_2 to None, run_after=None
[2025-05-07T19:10:53.160+0000] {logging_mixin.py:188} INFO - [2025-05-07T19:10:53.160+0000] {dag.py:3823} INFO - Setting next_dagrun for dataset_consumes_1_never_scheduled to None, run_after=None
[2025-05-07T19:10:53.162+0000] {logging_mixin.py:188} INFO - [2025-05-07T19:10:53.162+0000] {dag.py:3823} INFO - Setting next_dagrun for dataset_consumes_unknown_never_scheduled to None, run_after=None
[2025-05-07T19:10:53.165+0000] {logging_mixin.py:188} INFO - [2025-05-07T19:10:53.165+0000] {dag.py:3823} INFO - Setting next_dagrun for dataset_produces_1 to 2025-05-06 00:00:00+00:00, run_after=2025-05-07 00:00:00+00:00
[2025-05-07T19:10:53.168+0000] {logging_mixin.py:188} INFO - [2025-05-07T19:10:53.167+0000] {dag.py:3823} INFO - Setting next_dagrun for dataset_produces_2 to None, run_after=None
[2025-05-07T19:10:53.198+0000] {processor.py:183} INFO - Processing /home/airflow/.local/lib/python3.8/site-packages/airflow/example_dags/example_datasets.py took 0.140 seconds
[2025-05-07T19:11:23.828+0000] {processor.py:161} INFO - Started process (PID=753) to work on /home/airflow/.local/lib/python3.8/site-packages/airflow/example_dags/example_datasets.py
[2025-05-07T19:11:23.833+0000] {processor.py:830} INFO - Processing file /home/airflow/.local/lib/python3.8/site-packages/airflow/example_dags/example_datasets.py for tasks to queue
[2025-05-07T19:11:23.835+0000] {logging_mixin.py:188} INFO - [2025-05-07T19:11:23.835+0000] {dagbag.py:538} INFO - Filling up the DagBag from /home/airflow/.local/lib/python3.8/site-packages/airflow/example_dags/example_datasets.py
[2025-05-07T19:11:23.959+0000] {processor.py:840} INFO - DAG(s) 'dataset_consumes_1_never_scheduled', 'dataset_produces_1', 'dataset_consumes_unknown_never_scheduled', 'dataset_consumes_1_and_2', 'dataset_produces_2', 'dataset_consumes_1' retrieved from /home/airflow/.local/lib/python3.8/site-packages/airflow/example_dags/example_datasets.py
[2025-05-07T19:11:24.202+0000] {logging_mixin.py:188} INFO - [2025-05-07T19:11:24.202+0000] {dag.py:3036} INFO - Sync 6 DAGs
[2025-05-07T19:11:24.225+0000] {logging_mixin.py:188} INFO - [2025-05-07T19:11:24.225+0000] {dag.py:3823} INFO - Setting next_dagrun for dataset_consumes_1 to None, run_after=None
[2025-05-07T19:11:24.230+0000] {logging_mixin.py:188} INFO - [2025-05-07T19:11:24.229+0000] {dag.py:3823} INFO - Setting next_dagrun for dataset_consumes_1_and_2 to None, run_after=None
[2025-05-07T19:11:24.238+0000] {logging_mixin.py:188} INFO - [2025-05-07T19:11:24.238+0000] {dag.py:3823} INFO - Setting next_dagrun for dataset_consumes_1_never_scheduled to None, run_after=None
[2025-05-07T19:11:24.249+0000] {logging_mixin.py:188} INFO - [2025-05-07T19:11:24.246+0000] {dag.py:3823} INFO - Setting next_dagrun for dataset_consumes_unknown_never_scheduled to None, run_after=None
[2025-05-07T19:11:24.259+0000] {logging_mixin.py:188} INFO - [2025-05-07T19:11:24.259+0000] {dag.py:3823} INFO - Setting next_dagrun for dataset_produces_1 to 2025-05-06 00:00:00+00:00, run_after=2025-05-07 00:00:00+00:00
[2025-05-07T19:11:24.261+0000] {logging_mixin.py:188} INFO - [2025-05-07T19:11:24.261+0000] {dag.py:3823} INFO - Setting next_dagrun for dataset_produces_2 to None, run_after=None
[2025-05-07T19:11:24.305+0000] {processor.py:183} INFO - Processing /home/airflow/.local/lib/python3.8/site-packages/airflow/example_dags/example_datasets.py took 0.479 seconds
[2025-05-07T19:11:54.887+0000] {processor.py:161} INFO - Started process (PID=813) to work on /home/airflow/.local/lib/python3.8/site-packages/airflow/example_dags/example_datasets.py
[2025-05-07T19:11:54.891+0000] {processor.py:830} INFO - Processing file /home/airflow/.local/lib/python3.8/site-packages/airflow/example_dags/example_datasets.py for tasks to queue
[2025-05-07T19:11:54.895+0000] {logging_mixin.py:188} INFO - [2025-05-07T19:11:54.895+0000] {dagbag.py:538} INFO - Filling up the DagBag from /home/airflow/.local/lib/python3.8/site-packages/airflow/example_dags/example_datasets.py
[2025-05-07T19:11:54.913+0000] {processor.py:840} INFO - DAG(s) 'dataset_consumes_1_never_scheduled', 'dataset_consumes_unknown_never_scheduled', 'dataset_consumes_1', 'dataset_produces_2', 'dataset_produces_1', 'dataset_consumes_1_and_2' retrieved from /home/airflow/.local/lib/python3.8/site-packages/airflow/example_dags/example_datasets.py
[2025-05-07T19:11:54.951+0000] {logging_mixin.py:188} INFO - [2025-05-07T19:11:54.950+0000] {dag.py:3036} INFO - Sync 6 DAGs
[2025-05-07T19:11:54.974+0000] {logging_mixin.py:188} INFO - [2025-05-07T19:11:54.974+0000] {dag.py:3823} INFO - Setting next_dagrun for dataset_consumes_1 to None, run_after=None
[2025-05-07T19:11:54.979+0000] {logging_mixin.py:188} INFO - [2025-05-07T19:11:54.979+0000] {dag.py:3823} INFO - Setting next_dagrun for dataset_consumes_1_and_2 to None, run_after=None
[2025-05-07T19:11:54.981+0000] {logging_mixin.py:188} INFO - [2025-05-07T19:11:54.980+0000] {dag.py:3823} INFO - Setting next_dagrun for dataset_consumes_1_never_scheduled to None, run_after=None
[2025-05-07T19:11:54.983+0000] {logging_mixin.py:188} INFO - [2025-05-07T19:11:54.983+0000] {dag.py:3823} INFO - Setting next_dagrun for dataset_consumes_unknown_never_scheduled to None, run_after=None
[2025-05-07T19:11:54.987+0000] {logging_mixin.py:188} INFO - [2025-05-07T19:11:54.986+0000] {dag.py:3823} INFO - Setting next_dagrun for dataset_produces_1 to 2025-05-06 00:00:00+00:00, run_after=2025-05-07 00:00:00+00:00
[2025-05-07T19:11:54.989+0000] {logging_mixin.py:188} INFO - [2025-05-07T19:11:54.988+0000] {dag.py:3823} INFO - Setting next_dagrun for dataset_produces_2 to None, run_after=None
[2025-05-07T19:11:55.025+0000] {processor.py:183} INFO - Processing /home/airflow/.local/lib/python3.8/site-packages/airflow/example_dags/example_datasets.py took 0.145 seconds
[2025-05-07T19:12:25.617+0000] {processor.py:161} INFO - Started process (PID=869) to work on /home/airflow/.local/lib/python3.8/site-packages/airflow/example_dags/example_datasets.py
[2025-05-07T19:12:25.620+0000] {processor.py:830} INFO - Processing file /home/airflow/.local/lib/python3.8/site-packages/airflow/example_dags/example_datasets.py for tasks to queue
[2025-05-07T19:12:25.624+0000] {logging_mixin.py:188} INFO - [2025-05-07T19:12:25.623+0000] {dagbag.py:538} INFO - Filling up the DagBag from /home/airflow/.local/lib/python3.8/site-packages/airflow/example_dags/example_datasets.py
[2025-05-07T19:12:25.642+0000] {processor.py:840} INFO - DAG(s) 'dataset_consumes_unknown_never_scheduled', 'dataset_consumes_1', 'dataset_consumes_1_never_scheduled', 'dataset_produces_1', 'dataset_consumes_1_and_2', 'dataset_produces_2' retrieved from /home/airflow/.local/lib/python3.8/site-packages/airflow/example_dags/example_datasets.py
[2025-05-07T19:12:25.680+0000] {logging_mixin.py:188} INFO - [2025-05-07T19:12:25.680+0000] {dag.py:3036} INFO - Sync 6 DAGs
[2025-05-07T19:12:25.702+0000] {logging_mixin.py:188} INFO - [2025-05-07T19:12:25.701+0000] {dag.py:3823} INFO - Setting next_dagrun for dataset_consumes_1 to None, run_after=None
[2025-05-07T19:12:25.706+0000] {logging_mixin.py:188} INFO - [2025-05-07T19:12:25.705+0000] {dag.py:3823} INFO - Setting next_dagrun for dataset_consumes_1_and_2 to None, run_after=None
[2025-05-07T19:12:25.708+0000] {logging_mixin.py:188} INFO - [2025-05-07T19:12:25.707+0000] {dag.py:3823} INFO - Setting next_dagrun for dataset_consumes_1_never_scheduled to None, run_after=None
[2025-05-07T19:12:25.709+0000] {logging_mixin.py:188} INFO - [2025-05-07T19:12:25.709+0000] {dag.py:3823} INFO - Setting next_dagrun for dataset_consumes_unknown_never_scheduled to None, run_after=None
[2025-05-07T19:12:25.713+0000] {logging_mixin.py:188} INFO - [2025-05-07T19:12:25.713+0000] {dag.py:3823} INFO - Setting next_dagrun for dataset_produces_1 to 2025-05-06 00:00:00+00:00, run_after=2025-05-07 00:00:00+00:00
[2025-05-07T19:12:25.715+0000] {logging_mixin.py:188} INFO - [2025-05-07T19:12:25.715+0000] {dag.py:3823} INFO - Setting next_dagrun for dataset_produces_2 to None, run_after=None
[2025-05-07T19:12:25.750+0000] {processor.py:183} INFO - Processing /home/airflow/.local/lib/python3.8/site-packages/airflow/example_dags/example_datasets.py took 0.138 seconds
[2025-05-07T19:12:56.032+0000] {processor.py:161} INFO - Started process (PID=925) to work on /home/airflow/.local/lib/python3.8/site-packages/airflow/example_dags/example_datasets.py
[2025-05-07T19:12:56.033+0000] {processor.py:830} INFO - Processing file /home/airflow/.local/lib/python3.8/site-packages/airflow/example_dags/example_datasets.py for tasks to queue
[2025-05-07T19:12:56.036+0000] {logging_mixin.py:188} INFO - [2025-05-07T19:12:56.035+0000] {dagbag.py:538} INFO - Filling up the DagBag from /home/airflow/.local/lib/python3.8/site-packages/airflow/example_dags/example_datasets.py
[2025-05-07T19:12:56.045+0000] {processor.py:840} INFO - DAG(s) 'dataset_consumes_unknown_never_scheduled', 'dataset_consumes_1_and_2', 'dataset_produces_1', 'dataset_produces_2', 'dataset_consumes_1_never_scheduled', 'dataset_consumes_1' retrieved from /home/airflow/.local/lib/python3.8/site-packages/airflow/example_dags/example_datasets.py
[2025-05-07T19:12:56.080+0000] {logging_mixin.py:188} INFO - [2025-05-07T19:12:56.080+0000] {dag.py:3036} INFO - Sync 6 DAGs
[2025-05-07T19:12:56.102+0000] {logging_mixin.py:188} INFO - [2025-05-07T19:12:56.101+0000] {dag.py:3823} INFO - Setting next_dagrun for dataset_consumes_1 to None, run_after=None
[2025-05-07T19:12:56.107+0000] {logging_mixin.py:188} INFO - [2025-05-07T19:12:56.107+0000] {dag.py:3823} INFO - Setting next_dagrun for dataset_consumes_1_and_2 to None, run_after=None
[2025-05-07T19:12:56.109+0000] {logging_mixin.py:188} INFO - [2025-05-07T19:12:56.109+0000] {dag.py:3823} INFO - Setting next_dagrun for dataset_consumes_1_never_scheduled to None, run_after=None
[2025-05-07T19:12:56.111+0000] {logging_mixin.py:188} INFO - [2025-05-07T19:12:56.110+0000] {dag.py:3823} INFO - Setting next_dagrun for dataset_consumes_unknown_never_scheduled to None, run_after=None
[2025-05-07T19:12:56.116+0000] {logging_mixin.py:188} INFO - [2025-05-07T19:12:56.116+0000] {dag.py:3823} INFO - Setting next_dagrun for dataset_produces_1 to 2025-05-06 00:00:00+00:00, run_after=2025-05-07 00:00:00+00:00
[2025-05-07T19:12:56.119+0000] {logging_mixin.py:188} INFO - [2025-05-07T19:12:56.119+0000] {dag.py:3823} INFO - Setting next_dagrun for dataset_produces_2 to None, run_after=None
[2025-05-07T19:12:56.149+0000] {processor.py:183} INFO - Processing /home/airflow/.local/lib/python3.8/site-packages/airflow/example_dags/example_datasets.py took 0.121 seconds
[2025-05-07T19:13:27.077+0000] {processor.py:161} INFO - Started process (PID=982) to work on /home/airflow/.local/lib/python3.8/site-packages/airflow/example_dags/example_datasets.py
[2025-05-07T19:13:27.080+0000] {processor.py:830} INFO - Processing file /home/airflow/.local/lib/python3.8/site-packages/airflow/example_dags/example_datasets.py for tasks to queue
[2025-05-07T19:13:27.084+0000] {logging_mixin.py:188} INFO - [2025-05-07T19:13:27.084+0000] {dagbag.py:538} INFO - Filling up the DagBag from /home/airflow/.local/lib/python3.8/site-packages/airflow/example_dags/example_datasets.py
[2025-05-07T19:13:27.104+0000] {processor.py:840} INFO - DAG(s) 'dataset_consumes_1_and_2', 'dataset_produces_2', 'dataset_consumes_1_never_scheduled', 'dataset_consumes_1', 'dataset_consumes_unknown_never_scheduled', 'dataset_produces_1' retrieved from /home/airflow/.local/lib/python3.8/site-packages/airflow/example_dags/example_datasets.py
[2025-05-07T19:13:27.159+0000] {logging_mixin.py:188} INFO - [2025-05-07T19:13:27.159+0000] {dag.py:3036} INFO - Sync 6 DAGs
[2025-05-07T19:13:27.182+0000] {logging_mixin.py:188} INFO - [2025-05-07T19:13:27.182+0000] {dag.py:3823} INFO - Setting next_dagrun for dataset_consumes_1 to None, run_after=None
[2025-05-07T19:13:27.187+0000] {logging_mixin.py:188} INFO - [2025-05-07T19:13:27.187+0000] {dag.py:3823} INFO - Setting next_dagrun for dataset_consumes_1_and_2 to None, run_after=None
[2025-05-07T19:13:27.189+0000] {logging_mixin.py:188} INFO - [2025-05-07T19:13:27.189+0000] {dag.py:3823} INFO - Setting next_dagrun for dataset_consumes_1_never_scheduled to None, run_after=None
[2025-05-07T19:13:27.190+0000] {logging_mixin.py:188} INFO - [2025-05-07T19:13:27.190+0000] {dag.py:3823} INFO - Setting next_dagrun for dataset_consumes_unknown_never_scheduled to None, run_after=None
[2025-05-07T19:13:27.194+0000] {logging_mixin.py:188} INFO - [2025-05-07T19:13:27.194+0000] {dag.py:3823} INFO - Setting next_dagrun for dataset_produces_1 to 2025-05-06 00:00:00+00:00, run_after=2025-05-07 00:00:00+00:00
[2025-05-07T19:13:27.196+0000] {logging_mixin.py:188} INFO - [2025-05-07T19:13:27.195+0000] {dag.py:3823} INFO - Setting next_dagrun for dataset_produces_2 to None, run_after=None
[2025-05-07T19:13:27.228+0000] {processor.py:183} INFO - Processing /home/airflow/.local/lib/python3.8/site-packages/airflow/example_dags/example_datasets.py took 0.155 seconds
[2025-05-07T19:13:57.305+0000] {processor.py:161} INFO - Started process (PID=1038) to work on /home/airflow/.local/lib/python3.8/site-packages/airflow/example_dags/example_datasets.py
[2025-05-07T19:13:57.306+0000] {processor.py:830} INFO - Processing file /home/airflow/.local/lib/python3.8/site-packages/airflow/example_dags/example_datasets.py for tasks to queue
[2025-05-07T19:13:57.309+0000] {logging_mixin.py:188} INFO - [2025-05-07T19:13:57.308+0000] {dagbag.py:538} INFO - Filling up the DagBag from /home/airflow/.local/lib/python3.8/site-packages/airflow/example_dags/example_datasets.py
[2025-05-07T19:13:57.319+0000] {processor.py:840} INFO - DAG(s) 'dataset_consumes_unknown_never_scheduled', 'dataset_consumes_1', 'dataset_consumes_1_and_2', 'dataset_produces_2', 'dataset_produces_1', 'dataset_consumes_1_never_scheduled' retrieved from /home/airflow/.local/lib/python3.8/site-packages/airflow/example_dags/example_datasets.py
[2025-05-07T19:13:57.358+0000] {logging_mixin.py:188} INFO - [2025-05-07T19:13:57.358+0000] {dag.py:3036} INFO - Sync 6 DAGs
[2025-05-07T19:13:57.386+0000] {logging_mixin.py:188} INFO - [2025-05-07T19:13:57.386+0000] {dag.py:3823} INFO - Setting next_dagrun for dataset_consumes_1 to None, run_after=None
[2025-05-07T19:13:57.391+0000] {logging_mixin.py:188} INFO - [2025-05-07T19:13:57.390+0000] {dag.py:3823} INFO - Setting next_dagrun for dataset_consumes_1_and_2 to None, run_after=None
[2025-05-07T19:13:57.393+0000] {logging_mixin.py:188} INFO - [2025-05-07T19:13:57.393+0000] {dag.py:3823} INFO - Setting next_dagrun for dataset_consumes_1_never_scheduled to None, run_after=None
[2025-05-07T19:13:57.395+0000] {logging_mixin.py:188} INFO - [2025-05-07T19:13:57.395+0000] {dag.py:3823} INFO - Setting next_dagrun for dataset_consumes_unknown_never_scheduled to None, run_after=None
[2025-05-07T19:13:57.399+0000] {logging_mixin.py:188} INFO - [2025-05-07T19:13:57.399+0000] {dag.py:3823} INFO - Setting next_dagrun for dataset_produces_1 to 2025-05-06 00:00:00+00:00, run_after=2025-05-07 00:00:00+00:00
[2025-05-07T19:13:57.402+0000] {logging_mixin.py:188} INFO - [2025-05-07T19:13:57.401+0000] {dag.py:3823} INFO - Setting next_dagrun for dataset_produces_2 to None, run_after=None
[2025-05-07T19:13:57.455+0000] {processor.py:183} INFO - Processing /home/airflow/.local/lib/python3.8/site-packages/airflow/example_dags/example_datasets.py took 0.154 seconds
[2025-05-07T19:14:27.750+0000] {processor.py:161} INFO - Started process (PID=1094) to work on /home/airflow/.local/lib/python3.8/site-packages/airflow/example_dags/example_datasets.py
[2025-05-07T19:14:27.751+0000] {processor.py:830} INFO - Processing file /home/airflow/.local/lib/python3.8/site-packages/airflow/example_dags/example_datasets.py for tasks to queue
[2025-05-07T19:14:27.753+0000] {logging_mixin.py:188} INFO - [2025-05-07T19:14:27.753+0000] {dagbag.py:538} INFO - Filling up the DagBag from /home/airflow/.local/lib/python3.8/site-packages/airflow/example_dags/example_datasets.py
[2025-05-07T19:14:27.763+0000] {processor.py:840} INFO - DAG(s) 'dataset_consumes_1_never_scheduled', 'dataset_consumes_1_and_2', 'dataset_produces_1', 'dataset_produces_2', 'dataset_consumes_1', 'dataset_consumes_unknown_never_scheduled' retrieved from /home/airflow/.local/lib/python3.8/site-packages/airflow/example_dags/example_datasets.py
[2025-05-07T19:14:27.797+0000] {logging_mixin.py:188} INFO - [2025-05-07T19:14:27.797+0000] {dag.py:3036} INFO - Sync 6 DAGs
[2025-05-07T19:14:27.819+0000] {logging_mixin.py:188} INFO - [2025-05-07T19:14:27.819+0000] {dag.py:3823} INFO - Setting next_dagrun for dataset_consumes_1 to None, run_after=None
[2025-05-07T19:14:27.823+0000] {logging_mixin.py:188} INFO - [2025-05-07T19:14:27.823+0000] {dag.py:3823} INFO - Setting next_dagrun for dataset_consumes_1_and_2 to None, run_after=None
[2025-05-07T19:14:27.825+0000] {logging_mixin.py:188} INFO - [2025-05-07T19:14:27.825+0000] {dag.py:3823} INFO - Setting next_dagrun for dataset_consumes_1_never_scheduled to None, run_after=None
[2025-05-07T19:14:27.827+0000] {logging_mixin.py:188} INFO - [2025-05-07T19:14:27.827+0000] {dag.py:3823} INFO - Setting next_dagrun for dataset_consumes_unknown_never_scheduled to None, run_after=None
[2025-05-07T19:14:27.830+0000] {logging_mixin.py:188} INFO - [2025-05-07T19:14:27.830+0000] {dag.py:3823} INFO - Setting next_dagrun for dataset_produces_1 to 2025-05-06 00:00:00+00:00, run_after=2025-05-07 00:00:00+00:00
[2025-05-07T19:14:27.832+0000] {logging_mixin.py:188} INFO - [2025-05-07T19:14:27.832+0000] {dag.py:3823} INFO - Setting next_dagrun for dataset_produces_2 to None, run_after=None
[2025-05-07T19:14:27.868+0000] {processor.py:183} INFO - Processing /home/airflow/.local/lib/python3.8/site-packages/airflow/example_dags/example_datasets.py took 0.121 seconds
[2025-05-07T19:14:58.139+0000] {processor.py:161} INFO - Started process (PID=1150) to work on /home/airflow/.local/lib/python3.8/site-packages/airflow/example_dags/example_datasets.py
[2025-05-07T19:14:58.141+0000] {processor.py:830} INFO - Processing file /home/airflow/.local/lib/python3.8/site-packages/airflow/example_dags/example_datasets.py for tasks to queue
[2025-05-07T19:14:58.143+0000] {logging_mixin.py:188} INFO - [2025-05-07T19:14:58.142+0000] {dagbag.py:538} INFO - Filling up the DagBag from /home/airflow/.local/lib/python3.8/site-packages/airflow/example_dags/example_datasets.py
[2025-05-07T19:14:58.152+0000] {processor.py:840} INFO - DAG(s) 'dataset_produces_1', 'dataset_consumes_1_never_scheduled', 'dataset_produces_2', 'dataset_consumes_1', 'dataset_consumes_1_and_2', 'dataset_consumes_unknown_never_scheduled' retrieved from /home/airflow/.local/lib/python3.8/site-packages/airflow/example_dags/example_datasets.py
[2025-05-07T19:14:58.188+0000] {logging_mixin.py:188} INFO - [2025-05-07T19:14:58.187+0000] {dag.py:3036} INFO - Sync 6 DAGs
[2025-05-07T19:14:58.215+0000] {logging_mixin.py:188} INFO - [2025-05-07T19:14:58.215+0000] {dag.py:3823} INFO - Setting next_dagrun for dataset_consumes_1 to None, run_after=None
[2025-05-07T19:14:58.220+0000] {logging_mixin.py:188} INFO - [2025-05-07T19:14:58.219+0000] {dag.py:3823} INFO - Setting next_dagrun for dataset_consumes_1_and_2 to None, run_after=None
[2025-05-07T19:14:58.221+0000] {logging_mixin.py:188} INFO - [2025-05-07T19:14:58.221+0000] {dag.py:3823} INFO - Setting next_dagrun for dataset_consumes_1_never_scheduled to None, run_after=None
[2025-05-07T19:14:58.223+0000] {logging_mixin.py:188} INFO - [2025-05-07T19:14:58.223+0000] {dag.py:3823} INFO - Setting next_dagrun for dataset_consumes_unknown_never_scheduled to None, run_after=None
[2025-05-07T19:14:58.226+0000] {logging_mixin.py:188} INFO - [2025-05-07T19:14:58.226+0000] {dag.py:3823} INFO - Setting next_dagrun for dataset_produces_1 to 2025-05-06 00:00:00+00:00, run_after=2025-05-07 00:00:00+00:00
[2025-05-07T19:14:58.228+0000] {logging_mixin.py:188} INFO - [2025-05-07T19:14:58.228+0000] {dag.py:3823} INFO - Setting next_dagrun for dataset_produces_2 to None, run_after=None
[2025-05-07T19:14:58.259+0000] {processor.py:183} INFO - Processing /home/airflow/.local/lib/python3.8/site-packages/airflow/example_dags/example_datasets.py took 0.123 seconds
[2025-05-07T19:15:28.624+0000] {processor.py:161} INFO - Started process (PID=1206) to work on /home/airflow/.local/lib/python3.8/site-packages/airflow/example_dags/example_datasets.py
[2025-05-07T19:15:28.626+0000] {processor.py:830} INFO - Processing file /home/airflow/.local/lib/python3.8/site-packages/airflow/example_dags/example_datasets.py for tasks to queue
[2025-05-07T19:15:28.630+0000] {logging_mixin.py:188} INFO - [2025-05-07T19:15:28.629+0000] {dagbag.py:538} INFO - Filling up the DagBag from /home/airflow/.local/lib/python3.8/site-packages/airflow/example_dags/example_datasets.py
[2025-05-07T19:15:28.641+0000] {processor.py:840} INFO - DAG(s) 'dataset_consumes_1', 'dataset_consumes_1_never_scheduled', 'dataset_produces_1', 'dataset_consumes_unknown_never_scheduled', 'dataset_consumes_1_and_2', 'dataset_produces_2' retrieved from /home/airflow/.local/lib/python3.8/site-packages/airflow/example_dags/example_datasets.py
[2025-05-07T19:15:28.672+0000] {logging_mixin.py:188} INFO - [2025-05-07T19:15:28.672+0000] {dag.py:3036} INFO - Sync 6 DAGs
[2025-05-07T19:15:28.692+0000] {logging_mixin.py:188} INFO - [2025-05-07T19:15:28.692+0000] {dag.py:3823} INFO - Setting next_dagrun for dataset_consumes_1 to None, run_after=None
[2025-05-07T19:15:28.695+0000] {logging_mixin.py:188} INFO - [2025-05-07T19:15:28.695+0000] {dag.py:3823} INFO - Setting next_dagrun for dataset_consumes_1_and_2 to None, run_after=None
[2025-05-07T19:15:28.698+0000] {logging_mixin.py:188} INFO - [2025-05-07T19:15:28.697+0000] {dag.py:3823} INFO - Setting next_dagrun for dataset_consumes_1_never_scheduled to None, run_after=None
[2025-05-07T19:15:28.699+0000] {logging_mixin.py:188} INFO - [2025-05-07T19:15:28.699+0000] {dag.py:3823} INFO - Setting next_dagrun for dataset_consumes_unknown_never_scheduled to None, run_after=None
[2025-05-07T19:15:28.702+0000] {logging_mixin.py:188} INFO - [2025-05-07T19:15:28.702+0000] {dag.py:3823} INFO - Setting next_dagrun for dataset_produces_1 to 2025-05-06 00:00:00+00:00, run_after=2025-05-07 00:00:00+00:00
[2025-05-07T19:15:28.706+0000] {logging_mixin.py:188} INFO - [2025-05-07T19:15:28.706+0000] {dag.py:3823} INFO - Setting next_dagrun for dataset_produces_2 to None, run_after=None
[2025-05-07T19:15:28.753+0000] {processor.py:183} INFO - Processing /home/airflow/.local/lib/python3.8/site-packages/airflow/example_dags/example_datasets.py took 0.136 seconds
[2025-05-07T19:15:59.650+0000] {processor.py:161} INFO - Started process (PID=1262) to work on /home/airflow/.local/lib/python3.8/site-packages/airflow/example_dags/example_datasets.py
[2025-05-07T19:15:59.651+0000] {processor.py:830} INFO - Processing file /home/airflow/.local/lib/python3.8/site-packages/airflow/example_dags/example_datasets.py for tasks to queue
[2025-05-07T19:15:59.653+0000] {logging_mixin.py:188} INFO - [2025-05-07T19:15:59.653+0000] {dagbag.py:538} INFO - Filling up the DagBag from /home/airflow/.local/lib/python3.8/site-packages/airflow/example_dags/example_datasets.py
[2025-05-07T19:15:59.662+0000] {processor.py:840} INFO - DAG(s) 'dataset_produces_1', 'dataset_consumes_1_never_scheduled', 'dataset_consumes_1_and_2', 'dataset_consumes_1', 'dataset_consumes_unknown_never_scheduled', 'dataset_produces_2' retrieved from /home/airflow/.local/lib/python3.8/site-packages/airflow/example_dags/example_datasets.py
[2025-05-07T19:15:59.698+0000] {logging_mixin.py:188} INFO - [2025-05-07T19:15:59.698+0000] {dag.py:3036} INFO - Sync 6 DAGs
[2025-05-07T19:15:59.719+0000] {logging_mixin.py:188} INFO - [2025-05-07T19:15:59.719+0000] {dag.py:3823} INFO - Setting next_dagrun for dataset_consumes_1 to None, run_after=None
[2025-05-07T19:15:59.723+0000] {logging_mixin.py:188} INFO - [2025-05-07T19:15:59.723+0000] {dag.py:3823} INFO - Setting next_dagrun for dataset_consumes_1_and_2 to None, run_after=None
[2025-05-07T19:15:59.725+0000] {logging_mixin.py:188} INFO - [2025-05-07T19:15:59.725+0000] {dag.py:3823} INFO - Setting next_dagrun for dataset_consumes_1_never_scheduled to None, run_after=None
[2025-05-07T19:15:59.727+0000] {logging_mixin.py:188} INFO - [2025-05-07T19:15:59.727+0000] {dag.py:3823} INFO - Setting next_dagrun for dataset_consumes_unknown_never_scheduled to None, run_after=None
[2025-05-07T19:15:59.732+0000] {logging_mixin.py:188} INFO - [2025-05-07T19:15:59.732+0000] {dag.py:3823} INFO - Setting next_dagrun for dataset_produces_1 to 2025-05-06 00:00:00+00:00, run_after=2025-05-07 00:00:00+00:00
[2025-05-07T19:15:59.738+0000] {logging_mixin.py:188} INFO - [2025-05-07T19:15:59.738+0000] {dag.py:3823} INFO - Setting next_dagrun for dataset_produces_2 to None, run_after=None
[2025-05-07T19:15:59.770+0000] {processor.py:183} INFO - Processing /home/airflow/.local/lib/python3.8/site-packages/airflow/example_dags/example_datasets.py took 0.124 seconds
[2025-05-07T19:16:30.147+0000] {processor.py:161} INFO - Started process (PID=1318) to work on /home/airflow/.local/lib/python3.8/site-packages/airflow/example_dags/example_datasets.py
[2025-05-07T19:16:30.148+0000] {processor.py:830} INFO - Processing file /home/airflow/.local/lib/python3.8/site-packages/airflow/example_dags/example_datasets.py for tasks to queue
[2025-05-07T19:16:30.151+0000] {logging_mixin.py:188} INFO - [2025-05-07T19:16:30.150+0000] {dagbag.py:538} INFO - Filling up the DagBag from /home/airflow/.local/lib/python3.8/site-packages/airflow/example_dags/example_datasets.py
[2025-05-07T19:16:30.161+0000] {processor.py:840} INFO - DAG(s) 'dataset_produces_1', 'dataset_consumes_1', 'dataset_consumes_1_and_2', 'dataset_consumes_unknown_never_scheduled', 'dataset_consumes_1_never_scheduled', 'dataset_produces_2' retrieved from /home/airflow/.local/lib/python3.8/site-packages/airflow/example_dags/example_datasets.py
[2025-05-07T19:16:30.194+0000] {logging_mixin.py:188} INFO - [2025-05-07T19:16:30.194+0000] {dag.py:3036} INFO - Sync 6 DAGs
[2025-05-07T19:16:30.215+0000] {logging_mixin.py:188} INFO - [2025-05-07T19:16:30.215+0000] {dag.py:3823} INFO - Setting next_dagrun for dataset_consumes_1 to None, run_after=None
[2025-05-07T19:16:30.219+0000] {logging_mixin.py:188} INFO - [2025-05-07T19:16:30.219+0000] {dag.py:3823} INFO - Setting next_dagrun for dataset_consumes_1_and_2 to None, run_after=None
[2025-05-07T19:16:30.221+0000] {logging_mixin.py:188} INFO - [2025-05-07T19:16:30.221+0000] {dag.py:3823} INFO - Setting next_dagrun for dataset_consumes_1_never_scheduled to None, run_after=None
[2025-05-07T19:16:30.223+0000] {logging_mixin.py:188} INFO - [2025-05-07T19:16:30.223+0000] {dag.py:3823} INFO - Setting next_dagrun for dataset_consumes_unknown_never_scheduled to None, run_after=None
[2025-05-07T19:16:30.226+0000] {logging_mixin.py:188} INFO - [2025-05-07T19:16:30.226+0000] {dag.py:3823} INFO - Setting next_dagrun for dataset_produces_1 to 2025-05-06 00:00:00+00:00, run_after=2025-05-07 00:00:00+00:00
[2025-05-07T19:16:30.228+0000] {logging_mixin.py:188} INFO - [2025-05-07T19:16:30.228+0000] {dag.py:3823} INFO - Setting next_dagrun for dataset_produces_2 to None, run_after=None
[2025-05-07T19:16:30.260+0000] {processor.py:183} INFO - Processing /home/airflow/.local/lib/python3.8/site-packages/airflow/example_dags/example_datasets.py took 0.118 seconds
[2025-05-07T19:17:00.631+0000] {processor.py:161} INFO - Started process (PID=1374) to work on /home/airflow/.local/lib/python3.8/site-packages/airflow/example_dags/example_datasets.py
[2025-05-07T19:17:00.632+0000] {processor.py:830} INFO - Processing file /home/airflow/.local/lib/python3.8/site-packages/airflow/example_dags/example_datasets.py for tasks to queue
[2025-05-07T19:17:00.635+0000] {logging_mixin.py:188} INFO - [2025-05-07T19:17:00.635+0000] {dagbag.py:538} INFO - Filling up the DagBag from /home/airflow/.local/lib/python3.8/site-packages/airflow/example_dags/example_datasets.py
[2025-05-07T19:17:00.647+0000] {processor.py:840} INFO - DAG(s) 'dataset_consumes_1', 'dataset_consumes_1_never_scheduled', 'dataset_consumes_1_and_2', 'dataset_produces_2', 'dataset_produces_1', 'dataset_consumes_unknown_never_scheduled' retrieved from /home/airflow/.local/lib/python3.8/site-packages/airflow/example_dags/example_datasets.py
[2025-05-07T19:17:00.692+0000] {logging_mixin.py:188} INFO - [2025-05-07T19:17:00.691+0000] {dag.py:3036} INFO - Sync 6 DAGs
[2025-05-07T19:17:00.717+0000] {logging_mixin.py:188} INFO - [2025-05-07T19:17:00.717+0000] {dag.py:3823} INFO - Setting next_dagrun for dataset_consumes_1 to None, run_after=None
[2025-05-07T19:17:00.722+0000] {logging_mixin.py:188} INFO - [2025-05-07T19:17:00.722+0000] {dag.py:3823} INFO - Setting next_dagrun for dataset_consumes_1_and_2 to None, run_after=None
[2025-05-07T19:17:00.724+0000] {logging_mixin.py:188} INFO - [2025-05-07T19:17:00.724+0000] {dag.py:3823} INFO - Setting next_dagrun for dataset_consumes_1_never_scheduled to None, run_after=None
[2025-05-07T19:17:00.726+0000] {logging_mixin.py:188} INFO - [2025-05-07T19:17:00.726+0000] {dag.py:3823} INFO - Setting next_dagrun for dataset_consumes_unknown_never_scheduled to None, run_after=None
[2025-05-07T19:17:00.729+0000] {logging_mixin.py:188} INFO - [2025-05-07T19:17:00.729+0000] {dag.py:3823} INFO - Setting next_dagrun for dataset_produces_1 to 2025-05-06 00:00:00+00:00, run_after=2025-05-07 00:00:00+00:00
[2025-05-07T19:17:00.731+0000] {logging_mixin.py:188} INFO - [2025-05-07T19:17:00.731+0000] {dag.py:3823} INFO - Setting next_dagrun for dataset_produces_2 to None, run_after=None
[2025-05-07T19:17:00.775+0000] {processor.py:183} INFO - Processing /home/airflow/.local/lib/python3.8/site-packages/airflow/example_dags/example_datasets.py took 0.148 seconds
[2025-05-07T19:17:31.357+0000] {processor.py:161} INFO - Started process (PID=1430) to work on /home/airflow/.local/lib/python3.8/site-packages/airflow/example_dags/example_datasets.py
[2025-05-07T19:17:31.362+0000] {processor.py:830} INFO - Processing file /home/airflow/.local/lib/python3.8/site-packages/airflow/example_dags/example_datasets.py for tasks to queue
[2025-05-07T19:17:31.367+0000] {logging_mixin.py:188} INFO - [2025-05-07T19:17:31.366+0000] {dagbag.py:538} INFO - Filling up the DagBag from /home/airflow/.local/lib/python3.8/site-packages/airflow/example_dags/example_datasets.py
[2025-05-07T19:17:31.389+0000] {processor.py:840} INFO - DAG(s) 'dataset_consumes_1', 'dataset_produces_2', 'dataset_consumes_unknown_never_scheduled', 'dataset_consumes_1_never_scheduled', 'dataset_produces_1', 'dataset_consumes_1_and_2' retrieved from /home/airflow/.local/lib/python3.8/site-packages/airflow/example_dags/example_datasets.py
[2025-05-07T19:17:31.445+0000] {logging_mixin.py:188} INFO - [2025-05-07T19:17:31.445+0000] {dag.py:3036} INFO - Sync 6 DAGs
[2025-05-07T19:17:31.467+0000] {logging_mixin.py:188} INFO - [2025-05-07T19:17:31.466+0000] {dag.py:3823} INFO - Setting next_dagrun for dataset_consumes_1 to None, run_after=None
[2025-05-07T19:17:31.470+0000] {logging_mixin.py:188} INFO - [2025-05-07T19:17:31.470+0000] {dag.py:3823} INFO - Setting next_dagrun for dataset_consumes_1_and_2 to None, run_after=None
[2025-05-07T19:17:31.472+0000] {logging_mixin.py:188} INFO - [2025-05-07T19:17:31.472+0000] {dag.py:3823} INFO - Setting next_dagrun for dataset_consumes_1_never_scheduled to None, run_after=None
[2025-05-07T19:17:31.473+0000] {logging_mixin.py:188} INFO - [2025-05-07T19:17:31.473+0000] {dag.py:3823} INFO - Setting next_dagrun for dataset_consumes_unknown_never_scheduled to None, run_after=None
[2025-05-07T19:17:31.476+0000] {logging_mixin.py:188} INFO - [2025-05-07T19:17:31.476+0000] {dag.py:3823} INFO - Setting next_dagrun for dataset_produces_1 to 2025-05-06 00:00:00+00:00, run_after=2025-05-07 00:00:00+00:00
[2025-05-07T19:17:31.478+0000] {logging_mixin.py:188} INFO - [2025-05-07T19:17:31.478+0000] {dag.py:3823} INFO - Setting next_dagrun for dataset_produces_2 to None, run_after=None
[2025-05-07T19:17:31.513+0000] {processor.py:183} INFO - Processing /home/airflow/.local/lib/python3.8/site-packages/airflow/example_dags/example_datasets.py took 0.161 seconds
[2025-05-07T19:18:02.406+0000] {processor.py:161} INFO - Started process (PID=1486) to work on /home/airflow/.local/lib/python3.8/site-packages/airflow/example_dags/example_datasets.py
[2025-05-07T19:18:02.407+0000] {processor.py:830} INFO - Processing file /home/airflow/.local/lib/python3.8/site-packages/airflow/example_dags/example_datasets.py for tasks to queue
[2025-05-07T19:18:02.409+0000] {logging_mixin.py:188} INFO - [2025-05-07T19:18:02.409+0000] {dagbag.py:538} INFO - Filling up the DagBag from /home/airflow/.local/lib/python3.8/site-packages/airflow/example_dags/example_datasets.py
[2025-05-07T19:18:02.418+0000] {processor.py:840} INFO - DAG(s) 'dataset_consumes_1_never_scheduled', 'dataset_produces_2', 'dataset_consumes_1', 'dataset_consumes_unknown_never_scheduled', 'dataset_consumes_1_and_2', 'dataset_produces_1' retrieved from /home/airflow/.local/lib/python3.8/site-packages/airflow/example_dags/example_datasets.py
[2025-05-07T19:18:02.454+0000] {logging_mixin.py:188} INFO - [2025-05-07T19:18:02.453+0000] {dag.py:3036} INFO - Sync 6 DAGs
[2025-05-07T19:18:02.475+0000] {logging_mixin.py:188} INFO - [2025-05-07T19:18:02.475+0000] {dag.py:3823} INFO - Setting next_dagrun for dataset_consumes_1 to None, run_after=None
[2025-05-07T19:18:02.479+0000] {logging_mixin.py:188} INFO - [2025-05-07T19:18:02.479+0000] {dag.py:3823} INFO - Setting next_dagrun for dataset_consumes_1_and_2 to None, run_after=None
[2025-05-07T19:18:02.481+0000] {logging_mixin.py:188} INFO - [2025-05-07T19:18:02.481+0000] {dag.py:3823} INFO - Setting next_dagrun for dataset_consumes_1_never_scheduled to None, run_after=None
[2025-05-07T19:18:02.483+0000] {logging_mixin.py:188} INFO - [2025-05-07T19:18:02.483+0000] {dag.py:3823} INFO - Setting next_dagrun for dataset_consumes_unknown_never_scheduled to None, run_after=None
[2025-05-07T19:18:02.486+0000] {logging_mixin.py:188} INFO - [2025-05-07T19:18:02.486+0000] {dag.py:3823} INFO - Setting next_dagrun for dataset_produces_1 to 2025-05-06 00:00:00+00:00, run_after=2025-05-07 00:00:00+00:00
[2025-05-07T19:18:02.488+0000] {logging_mixin.py:188} INFO - [2025-05-07T19:18:02.488+0000] {dag.py:3823} INFO - Setting next_dagrun for dataset_produces_2 to None, run_after=None
[2025-05-07T19:18:02.520+0000] {processor.py:183} INFO - Processing /home/airflow/.local/lib/python3.8/site-packages/airflow/example_dags/example_datasets.py took 0.118 seconds
[2025-05-07T19:18:32.914+0000] {processor.py:161} INFO - Started process (PID=1542) to work on /home/airflow/.local/lib/python3.8/site-packages/airflow/example_dags/example_datasets.py
[2025-05-07T19:18:32.915+0000] {processor.py:830} INFO - Processing file /home/airflow/.local/lib/python3.8/site-packages/airflow/example_dags/example_datasets.py for tasks to queue
[2025-05-07T19:18:32.917+0000] {logging_mixin.py:188} INFO - [2025-05-07T19:18:32.916+0000] {dagbag.py:538} INFO - Filling up the DagBag from /home/airflow/.local/lib/python3.8/site-packages/airflow/example_dags/example_datasets.py
[2025-05-07T19:18:32.925+0000] {processor.py:840} INFO - DAG(s) 'dataset_consumes_1_never_scheduled', 'dataset_consumes_unknown_never_scheduled', 'dataset_produces_2', 'dataset_consumes_1_and_2', 'dataset_consumes_1', 'dataset_produces_1' retrieved from /home/airflow/.local/lib/python3.8/site-packages/airflow/example_dags/example_datasets.py
[2025-05-07T19:18:32.957+0000] {logging_mixin.py:188} INFO - [2025-05-07T19:18:32.957+0000] {dag.py:3036} INFO - Sync 6 DAGs
[2025-05-07T19:18:32.979+0000] {logging_mixin.py:188} INFO - [2025-05-07T19:18:32.978+0000] {dag.py:3823} INFO - Setting next_dagrun for dataset_consumes_1 to None, run_after=None
[2025-05-07T19:18:32.982+0000] {logging_mixin.py:188} INFO - [2025-05-07T19:18:32.982+0000] {dag.py:3823} INFO - Setting next_dagrun for dataset_consumes_1_and_2 to None, run_after=None
[2025-05-07T19:18:32.984+0000] {logging_mixin.py:188} INFO - [2025-05-07T19:18:32.984+0000] {dag.py:3823} INFO - Setting next_dagrun for dataset_consumes_1_never_scheduled to None, run_after=None
[2025-05-07T19:18:32.987+0000] {logging_mixin.py:188} INFO - [2025-05-07T19:18:32.987+0000] {dag.py:3823} INFO - Setting next_dagrun for dataset_consumes_unknown_never_scheduled to None, run_after=None
[2025-05-07T19:18:32.990+0000] {logging_mixin.py:188} INFO - [2025-05-07T19:18:32.990+0000] {dag.py:3823} INFO - Setting next_dagrun for dataset_produces_1 to 2025-05-06 00:00:00+00:00, run_after=2025-05-07 00:00:00+00:00
[2025-05-07T19:18:32.992+0000] {logging_mixin.py:188} INFO - [2025-05-07T19:18:32.992+0000] {dag.py:3823} INFO - Setting next_dagrun for dataset_produces_2 to None, run_after=None
[2025-05-07T19:18:33.027+0000] {processor.py:183} INFO - Processing /home/airflow/.local/lib/python3.8/site-packages/airflow/example_dags/example_datasets.py took 0.116 seconds
[2025-05-07T19:19:03.260+0000] {processor.py:161} INFO - Started process (PID=1598) to work on /home/airflow/.local/lib/python3.8/site-packages/airflow/example_dags/example_datasets.py
[2025-05-07T19:19:03.261+0000] {processor.py:830} INFO - Processing file /home/airflow/.local/lib/python3.8/site-packages/airflow/example_dags/example_datasets.py for tasks to queue
[2025-05-07T19:19:03.263+0000] {logging_mixin.py:188} INFO - [2025-05-07T19:19:03.263+0000] {dagbag.py:538} INFO - Filling up the DagBag from /home/airflow/.local/lib/python3.8/site-packages/airflow/example_dags/example_datasets.py
[2025-05-07T19:19:03.271+0000] {processor.py:840} INFO - DAG(s) 'dataset_consumes_1', 'dataset_produces_1', 'dataset_consumes_1_never_scheduled', 'dataset_consumes_1_and_2', 'dataset_produces_2', 'dataset_consumes_unknown_never_scheduled' retrieved from /home/airflow/.local/lib/python3.8/site-packages/airflow/example_dags/example_datasets.py
[2025-05-07T19:19:03.304+0000] {logging_mixin.py:188} INFO - [2025-05-07T19:19:03.304+0000] {dag.py:3036} INFO - Sync 6 DAGs
[2025-05-07T19:19:03.325+0000] {logging_mixin.py:188} INFO - [2025-05-07T19:19:03.324+0000] {dag.py:3823} INFO - Setting next_dagrun for dataset_consumes_1 to None, run_after=None
[2025-05-07T19:19:03.328+0000] {logging_mixin.py:188} INFO - [2025-05-07T19:19:03.328+0000] {dag.py:3823} INFO - Setting next_dagrun for dataset_consumes_1_and_2 to None, run_after=None
[2025-05-07T19:19:03.330+0000] {logging_mixin.py:188} INFO - [2025-05-07T19:19:03.330+0000] {dag.py:3823} INFO - Setting next_dagrun for dataset_consumes_1_never_scheduled to None, run_after=None
[2025-05-07T19:19:03.331+0000] {logging_mixin.py:188} INFO - [2025-05-07T19:19:03.331+0000] {dag.py:3823} INFO - Setting next_dagrun for dataset_consumes_unknown_never_scheduled to None, run_after=None
[2025-05-07T19:19:03.334+0000] {logging_mixin.py:188} INFO - [2025-05-07T19:19:03.334+0000] {dag.py:3823} INFO - Setting next_dagrun for dataset_produces_1 to 2025-05-06 00:00:00+00:00, run_after=2025-05-07 00:00:00+00:00
[2025-05-07T19:19:03.336+0000] {logging_mixin.py:188} INFO - [2025-05-07T19:19:03.336+0000] {dag.py:3823} INFO - Setting next_dagrun for dataset_produces_2 to None, run_after=None
[2025-05-07T19:19:03.372+0000] {processor.py:183} INFO - Processing /home/airflow/.local/lib/python3.8/site-packages/airflow/example_dags/example_datasets.py took 0.115 seconds
[2025-05-07T19:19:34.075+0000] {processor.py:161} INFO - Started process (PID=1654) to work on /home/airflow/.local/lib/python3.8/site-packages/airflow/example_dags/example_datasets.py
[2025-05-07T19:19:34.078+0000] {processor.py:830} INFO - Processing file /home/airflow/.local/lib/python3.8/site-packages/airflow/example_dags/example_datasets.py for tasks to queue
[2025-05-07T19:19:34.080+0000] {logging_mixin.py:188} INFO - [2025-05-07T19:19:34.080+0000] {dagbag.py:538} INFO - Filling up the DagBag from /home/airflow/.local/lib/python3.8/site-packages/airflow/example_dags/example_datasets.py
[2025-05-07T19:19:34.089+0000] {processor.py:840} INFO - DAG(s) 'dataset_consumes_1_and_2', 'dataset_produces_2', 'dataset_consumes_unknown_never_scheduled', 'dataset_consumes_1_never_scheduled', 'dataset_produces_1', 'dataset_consumes_1' retrieved from /home/airflow/.local/lib/python3.8/site-packages/airflow/example_dags/example_datasets.py
[2025-05-07T19:19:34.136+0000] {logging_mixin.py:188} INFO - [2025-05-07T19:19:34.136+0000] {dag.py:3036} INFO - Sync 6 DAGs
[2025-05-07T19:19:34.165+0000] {logging_mixin.py:188} INFO - [2025-05-07T19:19:34.161+0000] {dag.py:3823} INFO - Setting next_dagrun for dataset_consumes_1 to None, run_after=None
[2025-05-07T19:19:34.172+0000] {logging_mixin.py:188} INFO - [2025-05-07T19:19:34.172+0000] {dag.py:3823} INFO - Setting next_dagrun for dataset_consumes_1_and_2 to None, run_after=None
[2025-05-07T19:19:34.174+0000] {logging_mixin.py:188} INFO - [2025-05-07T19:19:34.174+0000] {dag.py:3823} INFO - Setting next_dagrun for dataset_consumes_1_never_scheduled to None, run_after=None
[2025-05-07T19:19:34.177+0000] {logging_mixin.py:188} INFO - [2025-05-07T19:19:34.177+0000] {dag.py:3823} INFO - Setting next_dagrun for dataset_consumes_unknown_never_scheduled to None, run_after=None
[2025-05-07T19:19:34.189+0000] {logging_mixin.py:188} INFO - [2025-05-07T19:19:34.188+0000] {dag.py:3823} INFO - Setting next_dagrun for dataset_produces_1 to 2025-05-06 00:00:00+00:00, run_after=2025-05-07 00:00:00+00:00
[2025-05-07T19:19:34.191+0000] {logging_mixin.py:188} INFO - [2025-05-07T19:19:34.190+0000] {dag.py:3823} INFO - Setting next_dagrun for dataset_produces_2 to None, run_after=None
[2025-05-07T19:19:34.236+0000] {processor.py:183} INFO - Processing /home/airflow/.local/lib/python3.8/site-packages/airflow/example_dags/example_datasets.py took 0.164 seconds
[2025-05-07T19:20:05.040+0000] {processor.py:161} INFO - Started process (PID=1710) to work on /home/airflow/.local/lib/python3.8/site-packages/airflow/example_dags/example_datasets.py
[2025-05-07T19:20:05.041+0000] {processor.py:830} INFO - Processing file /home/airflow/.local/lib/python3.8/site-packages/airflow/example_dags/example_datasets.py for tasks to queue
[2025-05-07T19:20:05.046+0000] {logging_mixin.py:188} INFO - [2025-05-07T19:20:05.045+0000] {dagbag.py:538} INFO - Filling up the DagBag from /home/airflow/.local/lib/python3.8/site-packages/airflow/example_dags/example_datasets.py
[2025-05-07T19:20:05.057+0000] {processor.py:840} INFO - DAG(s) 'dataset_consumes_1', 'dataset_consumes_unknown_never_scheduled', 'dataset_produces_2', 'dataset_produces_1', 'dataset_consumes_1_never_scheduled', 'dataset_consumes_1_and_2' retrieved from /home/airflow/.local/lib/python3.8/site-packages/airflow/example_dags/example_datasets.py
[2025-05-07T19:20:05.102+0000] {logging_mixin.py:188} INFO - [2025-05-07T19:20:05.102+0000] {dag.py:3036} INFO - Sync 6 DAGs
[2025-05-07T19:20:05.124+0000] {logging_mixin.py:188} INFO - [2025-05-07T19:20:05.124+0000] {dag.py:3823} INFO - Setting next_dagrun for dataset_consumes_1 to None, run_after=None
[2025-05-07T19:20:05.128+0000] {logging_mixin.py:188} INFO - [2025-05-07T19:20:05.128+0000] {dag.py:3823} INFO - Setting next_dagrun for dataset_consumes_1_and_2 to None, run_after=None
[2025-05-07T19:20:05.130+0000] {logging_mixin.py:188} INFO - [2025-05-07T19:20:05.130+0000] {dag.py:3823} INFO - Setting next_dagrun for dataset_consumes_1_never_scheduled to None, run_after=None
[2025-05-07T19:20:05.132+0000] {logging_mixin.py:188} INFO - [2025-05-07T19:20:05.132+0000] {dag.py:3823} INFO - Setting next_dagrun for dataset_consumes_unknown_never_scheduled to None, run_after=None
[2025-05-07T19:20:05.138+0000] {logging_mixin.py:188} INFO - [2025-05-07T19:20:05.138+0000] {dag.py:3823} INFO - Setting next_dagrun for dataset_produces_1 to 2025-05-06 00:00:00+00:00, run_after=2025-05-07 00:00:00+00:00
[2025-05-07T19:20:05.140+0000] {logging_mixin.py:188} INFO - [2025-05-07T19:20:05.139+0000] {dag.py:3823} INFO - Setting next_dagrun for dataset_produces_2 to None, run_after=None
[2025-05-07T19:20:05.171+0000] {processor.py:183} INFO - Processing /home/airflow/.local/lib/python3.8/site-packages/airflow/example_dags/example_datasets.py took 0.135 seconds
[2025-05-07T19:20:35.367+0000] {processor.py:161} INFO - Started process (PID=1767) to work on /home/airflow/.local/lib/python3.8/site-packages/airflow/example_dags/example_datasets.py
[2025-05-07T19:20:35.369+0000] {processor.py:830} INFO - Processing file /home/airflow/.local/lib/python3.8/site-packages/airflow/example_dags/example_datasets.py for tasks to queue
[2025-05-07T19:20:35.373+0000] {logging_mixin.py:188} INFO - [2025-05-07T19:20:35.373+0000] {dagbag.py:538} INFO - Filling up the DagBag from /home/airflow/.local/lib/python3.8/site-packages/airflow/example_dags/example_datasets.py
[2025-05-07T19:20:35.391+0000] {processor.py:840} INFO - DAG(s) 'dataset_produces_1', 'dataset_consumes_1_and_2', 'dataset_consumes_unknown_never_scheduled', 'dataset_consumes_1', 'dataset_consumes_1_never_scheduled', 'dataset_produces_2' retrieved from /home/airflow/.local/lib/python3.8/site-packages/airflow/example_dags/example_datasets.py
[2025-05-07T19:20:35.441+0000] {logging_mixin.py:188} INFO - [2025-05-07T19:20:35.441+0000] {dag.py:3036} INFO - Sync 6 DAGs
[2025-05-07T19:20:35.463+0000] {logging_mixin.py:188} INFO - [2025-05-07T19:20:35.463+0000] {dag.py:3823} INFO - Setting next_dagrun for dataset_consumes_1 to None, run_after=None
[2025-05-07T19:20:35.467+0000] {logging_mixin.py:188} INFO - [2025-05-07T19:20:35.466+0000] {dag.py:3823} INFO - Setting next_dagrun for dataset_consumes_1_and_2 to None, run_after=None
[2025-05-07T19:20:35.469+0000] {logging_mixin.py:188} INFO - [2025-05-07T19:20:35.469+0000] {dag.py:3823} INFO - Setting next_dagrun for dataset_consumes_1_never_scheduled to None, run_after=None
[2025-05-07T19:20:35.471+0000] {logging_mixin.py:188} INFO - [2025-05-07T19:20:35.471+0000] {dag.py:3823} INFO - Setting next_dagrun for dataset_consumes_unknown_never_scheduled to None, run_after=None
[2025-05-07T19:20:35.474+0000] {logging_mixin.py:188} INFO - [2025-05-07T19:20:35.474+0000] {dag.py:3823} INFO - Setting next_dagrun for dataset_produces_1 to 2025-05-06 00:00:00+00:00, run_after=2025-05-07 00:00:00+00:00
[2025-05-07T19:20:35.476+0000] {logging_mixin.py:188} INFO - [2025-05-07T19:20:35.476+0000] {dag.py:3823} INFO - Setting next_dagrun for dataset_produces_2 to None, run_after=None
[2025-05-07T19:20:35.512+0000] {processor.py:183} INFO - Processing /home/airflow/.local/lib/python3.8/site-packages/airflow/example_dags/example_datasets.py took 0.152 seconds
[2025-05-07T19:22:03.564+0000] {processor.py:161} INFO - Started process (PID=88) to work on /home/airflow/.local/lib/python3.8/site-packages/airflow/example_dags/example_datasets.py
[2025-05-07T19:22:03.565+0000] {processor.py:830} INFO - Processing file /home/airflow/.local/lib/python3.8/site-packages/airflow/example_dags/example_datasets.py for tasks to queue
[2025-05-07T19:22:03.567+0000] {logging_mixin.py:188} INFO - [2025-05-07T19:22:03.567+0000] {dagbag.py:538} INFO - Filling up the DagBag from /home/airflow/.local/lib/python3.8/site-packages/airflow/example_dags/example_datasets.py
[2025-05-07T19:22:03.579+0000] {processor.py:840} INFO - DAG(s) 'dataset_produces_2', 'dataset_consumes_1_never_scheduled', 'dataset_consumes_unknown_never_scheduled', 'dataset_produces_1', 'dataset_consumes_1', 'dataset_consumes_1_and_2' retrieved from /home/airflow/.local/lib/python3.8/site-packages/airflow/example_dags/example_datasets.py
[2025-05-07T19:22:03.599+0000] {logging_mixin.py:188} INFO - [2025-05-07T19:22:03.599+0000] {dag.py:3036} INFO - Sync 6 DAGs
[2025-05-07T19:22:03.629+0000] {logging_mixin.py:188} INFO - [2025-05-07T19:22:03.628+0000] {dag.py:3823} INFO - Setting next_dagrun for dataset_consumes_1 to None, run_after=None
[2025-05-07T19:22:03.633+0000] {logging_mixin.py:188} INFO - [2025-05-07T19:22:03.633+0000] {dag.py:3823} INFO - Setting next_dagrun for dataset_consumes_1_and_2 to None, run_after=None
[2025-05-07T19:22:03.635+0000] {logging_mixin.py:188} INFO - [2025-05-07T19:22:03.635+0000] {dag.py:3823} INFO - Setting next_dagrun for dataset_consumes_1_never_scheduled to None, run_after=None
[2025-05-07T19:22:03.637+0000] {logging_mixin.py:188} INFO - [2025-05-07T19:22:03.637+0000] {dag.py:3823} INFO - Setting next_dagrun for dataset_consumes_unknown_never_scheduled to None, run_after=None
[2025-05-07T19:22:03.641+0000] {logging_mixin.py:188} INFO - [2025-05-07T19:22:03.641+0000] {dag.py:3823} INFO - Setting next_dagrun for dataset_produces_1 to 2025-05-06 00:00:00+00:00, run_after=2025-05-07 00:00:00+00:00
[2025-05-07T19:22:03.643+0000] {logging_mixin.py:188} INFO - [2025-05-07T19:22:03.643+0000] {dag.py:3823} INFO - Setting next_dagrun for dataset_produces_2 to None, run_after=None
[2025-05-07T19:22:03.682+0000] {processor.py:183} INFO - Processing /home/airflow/.local/lib/python3.8/site-packages/airflow/example_dags/example_datasets.py took 0.122 seconds
[2025-05-07T19:22:34.361+0000] {processor.py:161} INFO - Started process (PID=145) to work on /home/airflow/.local/lib/python3.8/site-packages/airflow/example_dags/example_datasets.py
[2025-05-07T19:22:34.362+0000] {processor.py:830} INFO - Processing file /home/airflow/.local/lib/python3.8/site-packages/airflow/example_dags/example_datasets.py for tasks to queue
[2025-05-07T19:22:34.365+0000] {logging_mixin.py:188} INFO - [2025-05-07T19:22:34.364+0000] {dagbag.py:538} INFO - Filling up the DagBag from /home/airflow/.local/lib/python3.8/site-packages/airflow/example_dags/example_datasets.py
[2025-05-07T19:22:34.374+0000] {processor.py:840} INFO - DAG(s) 'dataset_consumes_1_never_scheduled', 'dataset_consumes_1', 'dataset_consumes_1_and_2', 'dataset_produces_1', 'dataset_produces_2', 'dataset_consumes_unknown_never_scheduled' retrieved from /home/airflow/.local/lib/python3.8/site-packages/airflow/example_dags/example_datasets.py
[2025-05-07T19:22:34.536+0000] {logging_mixin.py:188} INFO - [2025-05-07T19:22:34.535+0000] {dag.py:3036} INFO - Sync 6 DAGs
[2025-05-07T19:22:34.562+0000] {logging_mixin.py:188} INFO - [2025-05-07T19:22:34.562+0000] {dag.py:3823} INFO - Setting next_dagrun for dataset_consumes_1 to None, run_after=None
[2025-05-07T19:22:34.566+0000] {logging_mixin.py:188} INFO - [2025-05-07T19:22:34.566+0000] {dag.py:3823} INFO - Setting next_dagrun for dataset_consumes_1_and_2 to None, run_after=None
[2025-05-07T19:22:34.568+0000] {logging_mixin.py:188} INFO - [2025-05-07T19:22:34.568+0000] {dag.py:3823} INFO - Setting next_dagrun for dataset_consumes_1_never_scheduled to None, run_after=None
[2025-05-07T19:22:34.570+0000] {logging_mixin.py:188} INFO - [2025-05-07T19:22:34.569+0000] {dag.py:3823} INFO - Setting next_dagrun for dataset_consumes_unknown_never_scheduled to None, run_after=None
[2025-05-07T19:22:34.572+0000] {logging_mixin.py:188} INFO - [2025-05-07T19:22:34.572+0000] {dag.py:3823} INFO - Setting next_dagrun for dataset_produces_1 to 2025-05-06 00:00:00+00:00, run_after=2025-05-07 00:00:00+00:00
[2025-05-07T19:22:34.574+0000] {logging_mixin.py:188} INFO - [2025-05-07T19:22:34.574+0000] {dag.py:3823} INFO - Setting next_dagrun for dataset_produces_2 to None, run_after=None
[2025-05-07T19:22:34.610+0000] {processor.py:183} INFO - Processing /home/airflow/.local/lib/python3.8/site-packages/airflow/example_dags/example_datasets.py took 0.252 seconds
[2025-05-07T19:23:04.769+0000] {processor.py:161} INFO - Started process (PID=202) to work on /home/airflow/.local/lib/python3.8/site-packages/airflow/example_dags/example_datasets.py
[2025-05-07T19:23:04.770+0000] {processor.py:830} INFO - Processing file /home/airflow/.local/lib/python3.8/site-packages/airflow/example_dags/example_datasets.py for tasks to queue
[2025-05-07T19:23:04.772+0000] {logging_mixin.py:188} INFO - [2025-05-07T19:23:04.772+0000] {dagbag.py:538} INFO - Filling up the DagBag from /home/airflow/.local/lib/python3.8/site-packages/airflow/example_dags/example_datasets.py
[2025-05-07T19:23:04.781+0000] {processor.py:840} INFO - DAG(s) 'dataset_consumes_1_never_scheduled', 'dataset_produces_1', 'dataset_consumes_1', 'dataset_consumes_1_and_2', 'dataset_produces_2', 'dataset_consumes_unknown_never_scheduled' retrieved from /home/airflow/.local/lib/python3.8/site-packages/airflow/example_dags/example_datasets.py
[2025-05-07T19:23:04.817+0000] {logging_mixin.py:188} INFO - [2025-05-07T19:23:04.817+0000] {dag.py:3036} INFO - Sync 6 DAGs
[2025-05-07T19:23:04.839+0000] {logging_mixin.py:188} INFO - [2025-05-07T19:23:04.839+0000] {dag.py:3823} INFO - Setting next_dagrun for dataset_consumes_1 to None, run_after=None
[2025-05-07T19:23:04.843+0000] {logging_mixin.py:188} INFO - [2025-05-07T19:23:04.843+0000] {dag.py:3823} INFO - Setting next_dagrun for dataset_consumes_1_and_2 to None, run_after=None
[2025-05-07T19:23:04.845+0000] {logging_mixin.py:188} INFO - [2025-05-07T19:23:04.845+0000] {dag.py:3823} INFO - Setting next_dagrun for dataset_consumes_1_never_scheduled to None, run_after=None
[2025-05-07T19:23:04.847+0000] {logging_mixin.py:188} INFO - [2025-05-07T19:23:04.846+0000] {dag.py:3823} INFO - Setting next_dagrun for dataset_consumes_unknown_never_scheduled to None, run_after=None
[2025-05-07T19:23:04.850+0000] {logging_mixin.py:188} INFO - [2025-05-07T19:23:04.850+0000] {dag.py:3823} INFO - Setting next_dagrun for dataset_produces_1 to 2025-05-06 00:00:00+00:00, run_after=2025-05-07 00:00:00+00:00
[2025-05-07T19:23:04.852+0000] {logging_mixin.py:188} INFO - [2025-05-07T19:23:04.852+0000] {dag.py:3823} INFO - Setting next_dagrun for dataset_produces_2 to None, run_after=None
[2025-05-07T19:23:04.888+0000] {processor.py:183} INFO - Processing /home/airflow/.local/lib/python3.8/site-packages/airflow/example_dags/example_datasets.py took 0.123 seconds
[2025-05-07T19:23:35.378+0000] {processor.py:161} INFO - Started process (PID=268) to work on /home/airflow/.local/lib/python3.8/site-packages/airflow/example_dags/example_datasets.py
[2025-05-07T19:23:35.380+0000] {processor.py:830} INFO - Processing file /home/airflow/.local/lib/python3.8/site-packages/airflow/example_dags/example_datasets.py for tasks to queue
[2025-05-07T19:23:35.383+0000] {logging_mixin.py:188} INFO - [2025-05-07T19:23:35.383+0000] {dagbag.py:538} INFO - Filling up the DagBag from /home/airflow/.local/lib/python3.8/site-packages/airflow/example_dags/example_datasets.py
[2025-05-07T19:23:35.396+0000] {processor.py:840} INFO - DAG(s) 'dataset_produces_2', 'dataset_consumes_unknown_never_scheduled', 'dataset_consumes_1_and_2', 'dataset_consumes_1', 'dataset_consumes_1_never_scheduled', 'dataset_produces_1' retrieved from /home/airflow/.local/lib/python3.8/site-packages/airflow/example_dags/example_datasets.py
[2025-05-07T19:23:35.435+0000] {logging_mixin.py:188} INFO - [2025-05-07T19:23:35.435+0000] {dag.py:3036} INFO - Sync 6 DAGs
[2025-05-07T19:23:35.458+0000] {logging_mixin.py:188} INFO - [2025-05-07T19:23:35.458+0000] {dag.py:3823} INFO - Setting next_dagrun for dataset_consumes_1 to None, run_after=None
[2025-05-07T19:23:35.463+0000] {logging_mixin.py:188} INFO - [2025-05-07T19:23:35.463+0000] {dag.py:3823} INFO - Setting next_dagrun for dataset_consumes_1_and_2 to None, run_after=None
[2025-05-07T19:23:35.465+0000] {logging_mixin.py:188} INFO - [2025-05-07T19:23:35.465+0000] {dag.py:3823} INFO - Setting next_dagrun for dataset_consumes_1_never_scheduled to None, run_after=None
[2025-05-07T19:23:35.468+0000] {logging_mixin.py:188} INFO - [2025-05-07T19:23:35.468+0000] {dag.py:3823} INFO - Setting next_dagrun for dataset_consumes_unknown_never_scheduled to None, run_after=None
[2025-05-07T19:23:35.471+0000] {logging_mixin.py:188} INFO - [2025-05-07T19:23:35.471+0000] {dag.py:3823} INFO - Setting next_dagrun for dataset_produces_1 to 2025-05-06 00:00:00+00:00, run_after=2025-05-07 00:00:00+00:00
[2025-05-07T19:23:35.475+0000] {logging_mixin.py:188} INFO - [2025-05-07T19:23:35.475+0000] {dag.py:3823} INFO - Setting next_dagrun for dataset_produces_2 to None, run_after=None
[2025-05-07T19:23:35.546+0000] {processor.py:183} INFO - Processing /home/airflow/.local/lib/python3.8/site-packages/airflow/example_dags/example_datasets.py took 0.174 seconds
[2025-05-07T19:24:05.919+0000] {processor.py:161} INFO - Started process (PID=328) to work on /home/airflow/.local/lib/python3.8/site-packages/airflow/example_dags/example_datasets.py
[2025-05-07T19:24:05.921+0000] {processor.py:830} INFO - Processing file /home/airflow/.local/lib/python3.8/site-packages/airflow/example_dags/example_datasets.py for tasks to queue
[2025-05-07T19:24:05.924+0000] {logging_mixin.py:188} INFO - [2025-05-07T19:24:05.923+0000] {dagbag.py:538} INFO - Filling up the DagBag from /home/airflow/.local/lib/python3.8/site-packages/airflow/example_dags/example_datasets.py
[2025-05-07T19:24:05.935+0000] {processor.py:840} INFO - DAG(s) 'dataset_produces_2', 'dataset_produces_1', 'dataset_consumes_1_never_scheduled', 'dataset_consumes_unknown_never_scheduled', 'dataset_consumes_1', 'dataset_consumes_1_and_2' retrieved from /home/airflow/.local/lib/python3.8/site-packages/airflow/example_dags/example_datasets.py
[2025-05-07T19:24:05.973+0000] {logging_mixin.py:188} INFO - [2025-05-07T19:24:05.973+0000] {dag.py:3036} INFO - Sync 6 DAGs
[2025-05-07T19:24:06.003+0000] {logging_mixin.py:188} INFO - [2025-05-07T19:24:06.003+0000] {dag.py:3823} INFO - Setting next_dagrun for dataset_consumes_1 to None, run_after=None
[2025-05-07T19:24:06.007+0000] {logging_mixin.py:188} INFO - [2025-05-07T19:24:06.007+0000] {dag.py:3823} INFO - Setting next_dagrun for dataset_consumes_1_and_2 to None, run_after=None
[2025-05-07T19:24:06.010+0000] {logging_mixin.py:188} INFO - [2025-05-07T19:24:06.010+0000] {dag.py:3823} INFO - Setting next_dagrun for dataset_consumes_1_never_scheduled to None, run_after=None
[2025-05-07T19:24:06.015+0000] {logging_mixin.py:188} INFO - [2025-05-07T19:24:06.015+0000] {dag.py:3823} INFO - Setting next_dagrun for dataset_consumes_unknown_never_scheduled to None, run_after=None
[2025-05-07T19:24:06.019+0000] {logging_mixin.py:188} INFO - [2025-05-07T19:24:06.019+0000] {dag.py:3823} INFO - Setting next_dagrun for dataset_produces_1 to 2025-05-06 00:00:00+00:00, run_after=2025-05-07 00:00:00+00:00
[2025-05-07T19:24:06.022+0000] {logging_mixin.py:188} INFO - [2025-05-07T19:24:06.021+0000] {dag.py:3823} INFO - Setting next_dagrun for dataset_produces_2 to None, run_after=None
[2025-05-07T19:24:06.093+0000] {processor.py:183} INFO - Processing /home/airflow/.local/lib/python3.8/site-packages/airflow/example_dags/example_datasets.py took 0.178 seconds
[2025-05-07T19:24:36.715+0000] {processor.py:161} INFO - Started process (PID=390) to work on /home/airflow/.local/lib/python3.8/site-packages/airflow/example_dags/example_datasets.py
[2025-05-07T19:24:36.718+0000] {processor.py:830} INFO - Processing file /home/airflow/.local/lib/python3.8/site-packages/airflow/example_dags/example_datasets.py for tasks to queue
[2025-05-07T19:24:36.724+0000] {logging_mixin.py:188} INFO - [2025-05-07T19:24:36.724+0000] {dagbag.py:538} INFO - Filling up the DagBag from /home/airflow/.local/lib/python3.8/site-packages/airflow/example_dags/example_datasets.py
[2025-05-07T19:24:36.749+0000] {processor.py:840} INFO - DAG(s) 'dataset_produces_1', 'dataset_consumes_1_never_scheduled', 'dataset_consumes_unknown_never_scheduled', 'dataset_consumes_1', 'dataset_consumes_1_and_2', 'dataset_produces_2' retrieved from /home/airflow/.local/lib/python3.8/site-packages/airflow/example_dags/example_datasets.py
[2025-05-07T19:24:36.791+0000] {logging_mixin.py:188} INFO - [2025-05-07T19:24:36.791+0000] {dag.py:3036} INFO - Sync 6 DAGs
[2025-05-07T19:24:36.813+0000] {logging_mixin.py:188} INFO - [2025-05-07T19:24:36.812+0000] {dag.py:3823} INFO - Setting next_dagrun for dataset_consumes_1 to None, run_after=None
[2025-05-07T19:24:36.817+0000] {logging_mixin.py:188} INFO - [2025-05-07T19:24:36.817+0000] {dag.py:3823} INFO - Setting next_dagrun for dataset_consumes_1_and_2 to None, run_after=None
[2025-05-07T19:24:36.819+0000] {logging_mixin.py:188} INFO - [2025-05-07T19:24:36.819+0000] {dag.py:3823} INFO - Setting next_dagrun for dataset_consumes_1_never_scheduled to None, run_after=None
[2025-05-07T19:24:36.821+0000] {logging_mixin.py:188} INFO - [2025-05-07T19:24:36.821+0000] {dag.py:3823} INFO - Setting next_dagrun for dataset_consumes_unknown_never_scheduled to None, run_after=None
[2025-05-07T19:24:36.825+0000] {logging_mixin.py:188} INFO - [2025-05-07T19:24:36.824+0000] {dag.py:3823} INFO - Setting next_dagrun for dataset_produces_1 to 2025-05-06 00:00:00+00:00, run_after=2025-05-07 00:00:00+00:00
[2025-05-07T19:24:36.826+0000] {logging_mixin.py:188} INFO - [2025-05-07T19:24:36.826+0000] {dag.py:3823} INFO - Setting next_dagrun for dataset_produces_2 to None, run_after=None
[2025-05-07T19:24:36.862+0000] {processor.py:183} INFO - Processing /home/airflow/.local/lib/python3.8/site-packages/airflow/example_dags/example_datasets.py took 0.155 seconds
[2025-05-07T19:25:07.144+0000] {processor.py:161} INFO - Started process (PID=447) to work on /home/airflow/.local/lib/python3.8/site-packages/airflow/example_dags/example_datasets.py
[2025-05-07T19:25:07.147+0000] {processor.py:830} INFO - Processing file /home/airflow/.local/lib/python3.8/site-packages/airflow/example_dags/example_datasets.py for tasks to queue
[2025-05-07T19:25:07.154+0000] {logging_mixin.py:188} INFO - [2025-05-07T19:25:07.153+0000] {dagbag.py:538} INFO - Filling up the DagBag from /home/airflow/.local/lib/python3.8/site-packages/airflow/example_dags/example_datasets.py
[2025-05-07T19:25:07.176+0000] {processor.py:840} INFO - DAG(s) 'dataset_consumes_unknown_never_scheduled', 'dataset_consumes_1_never_scheduled', 'dataset_produces_1', 'dataset_consumes_1_and_2', 'dataset_consumes_1', 'dataset_produces_2' retrieved from /home/airflow/.local/lib/python3.8/site-packages/airflow/example_dags/example_datasets.py
[2025-05-07T19:25:07.221+0000] {logging_mixin.py:188} INFO - [2025-05-07T19:25:07.221+0000] {dag.py:3036} INFO - Sync 6 DAGs
[2025-05-07T19:25:07.243+0000] {logging_mixin.py:188} INFO - [2025-05-07T19:25:07.243+0000] {dag.py:3823} INFO - Setting next_dagrun for dataset_consumes_1 to None, run_after=None
[2025-05-07T19:25:07.247+0000] {logging_mixin.py:188} INFO - [2025-05-07T19:25:07.247+0000] {dag.py:3823} INFO - Setting next_dagrun for dataset_consumes_1_and_2 to None, run_after=None
[2025-05-07T19:25:07.249+0000] {logging_mixin.py:188} INFO - [2025-05-07T19:25:07.249+0000] {dag.py:3823} INFO - Setting next_dagrun for dataset_consumes_1_never_scheduled to None, run_after=None
[2025-05-07T19:25:07.257+0000] {logging_mixin.py:188} INFO - [2025-05-07T19:25:07.257+0000] {dag.py:3823} INFO - Setting next_dagrun for dataset_consumes_unknown_never_scheduled to None, run_after=None
[2025-05-07T19:25:07.261+0000] {logging_mixin.py:188} INFO - [2025-05-07T19:25:07.260+0000] {dag.py:3823} INFO - Setting next_dagrun for dataset_produces_1 to 2025-05-06 00:00:00+00:00, run_after=2025-05-07 00:00:00+00:00
[2025-05-07T19:25:07.264+0000] {logging_mixin.py:188} INFO - [2025-05-07T19:25:07.264+0000] {dag.py:3823} INFO - Setting next_dagrun for dataset_produces_2 to None, run_after=None
[2025-05-07T19:25:07.308+0000] {processor.py:183} INFO - Processing /home/airflow/.local/lib/python3.8/site-packages/airflow/example_dags/example_datasets.py took 0.169 seconds
[2025-05-07T19:25:38.021+0000] {processor.py:161} INFO - Started process (PID=504) to work on /home/airflow/.local/lib/python3.8/site-packages/airflow/example_dags/example_datasets.py
[2025-05-07T19:25:38.025+0000] {processor.py:830} INFO - Processing file /home/airflow/.local/lib/python3.8/site-packages/airflow/example_dags/example_datasets.py for tasks to queue
[2025-05-07T19:25:38.029+0000] {logging_mixin.py:188} INFO - [2025-05-07T19:25:38.028+0000] {dagbag.py:538} INFO - Filling up the DagBag from /home/airflow/.local/lib/python3.8/site-packages/airflow/example_dags/example_datasets.py
[2025-05-07T19:25:38.042+0000] {processor.py:840} INFO - DAG(s) 'dataset_consumes_1_never_scheduled', 'dataset_produces_2', 'dataset_consumes_unknown_never_scheduled', 'dataset_consumes_1_and_2', 'dataset_produces_1', 'dataset_consumes_1' retrieved from /home/airflow/.local/lib/python3.8/site-packages/airflow/example_dags/example_datasets.py
[2025-05-07T19:25:38.078+0000] {logging_mixin.py:188} INFO - [2025-05-07T19:25:38.078+0000] {dag.py:3036} INFO - Sync 6 DAGs
[2025-05-07T19:25:38.104+0000] {logging_mixin.py:188} INFO - [2025-05-07T19:25:38.104+0000] {dag.py:3823} INFO - Setting next_dagrun for dataset_consumes_1 to None, run_after=None
[2025-05-07T19:25:38.108+0000] {logging_mixin.py:188} INFO - [2025-05-07T19:25:38.108+0000] {dag.py:3823} INFO - Setting next_dagrun for dataset_consumes_1_and_2 to None, run_after=None
[2025-05-07T19:25:38.109+0000] {logging_mixin.py:188} INFO - [2025-05-07T19:25:38.109+0000] {dag.py:3823} INFO - Setting next_dagrun for dataset_consumes_1_never_scheduled to None, run_after=None
[2025-05-07T19:25:38.111+0000] {logging_mixin.py:188} INFO - [2025-05-07T19:25:38.111+0000] {dag.py:3823} INFO - Setting next_dagrun for dataset_consumes_unknown_never_scheduled to None, run_after=None
[2025-05-07T19:25:38.114+0000] {logging_mixin.py:188} INFO - [2025-05-07T19:25:38.114+0000] {dag.py:3823} INFO - Setting next_dagrun for dataset_produces_1 to 2025-05-06 00:00:00+00:00, run_after=2025-05-07 00:00:00+00:00
[2025-05-07T19:25:38.115+0000] {logging_mixin.py:188} INFO - [2025-05-07T19:25:38.115+0000] {dag.py:3823} INFO - Setting next_dagrun for dataset_produces_2 to None, run_after=None
[2025-05-07T19:25:38.147+0000] {processor.py:183} INFO - Processing /home/airflow/.local/lib/python3.8/site-packages/airflow/example_dags/example_datasets.py took 0.128 seconds
[2025-05-07T19:26:08.246+0000] {processor.py:161} INFO - Started process (PID=565) to work on /home/airflow/.local/lib/python3.8/site-packages/airflow/example_dags/example_datasets.py
[2025-05-07T19:26:08.248+0000] {processor.py:830} INFO - Processing file /home/airflow/.local/lib/python3.8/site-packages/airflow/example_dags/example_datasets.py for tasks to queue
[2025-05-07T19:26:08.250+0000] {logging_mixin.py:188} INFO - [2025-05-07T19:26:08.250+0000] {dagbag.py:538} INFO - Filling up the DagBag from /home/airflow/.local/lib/python3.8/site-packages/airflow/example_dags/example_datasets.py
[2025-05-07T19:26:08.260+0000] {processor.py:840} INFO - DAG(s) 'dataset_consumes_1_and_2', 'dataset_produces_1', 'dataset_consumes_unknown_never_scheduled', 'dataset_consumes_1', 'dataset_consumes_1_never_scheduled', 'dataset_produces_2' retrieved from /home/airflow/.local/lib/python3.8/site-packages/airflow/example_dags/example_datasets.py
[2025-05-07T19:26:08.303+0000] {logging_mixin.py:188} INFO - [2025-05-07T19:26:08.303+0000] {dag.py:3036} INFO - Sync 6 DAGs
[2025-05-07T19:26:08.329+0000] {logging_mixin.py:188} INFO - [2025-05-07T19:26:08.329+0000] {dag.py:3823} INFO - Setting next_dagrun for dataset_consumes_1 to None, run_after=None
[2025-05-07T19:26:08.334+0000] {logging_mixin.py:188} INFO - [2025-05-07T19:26:08.333+0000] {dag.py:3823} INFO - Setting next_dagrun for dataset_consumes_1_and_2 to None, run_after=None
[2025-05-07T19:26:08.337+0000] {logging_mixin.py:188} INFO - [2025-05-07T19:26:08.337+0000] {dag.py:3823} INFO - Setting next_dagrun for dataset_consumes_1_never_scheduled to None, run_after=None
[2025-05-07T19:26:08.339+0000] {logging_mixin.py:188} INFO - [2025-05-07T19:26:08.339+0000] {dag.py:3823} INFO - Setting next_dagrun for dataset_consumes_unknown_never_scheduled to None, run_after=None
[2025-05-07T19:26:08.344+0000] {logging_mixin.py:188} INFO - [2025-05-07T19:26:08.344+0000] {dag.py:3823} INFO - Setting next_dagrun for dataset_produces_1 to 2025-05-06 00:00:00+00:00, run_after=2025-05-07 00:00:00+00:00
[2025-05-07T19:26:08.346+0000] {logging_mixin.py:188} INFO - [2025-05-07T19:26:08.346+0000] {dag.py:3823} INFO - Setting next_dagrun for dataset_produces_2 to None, run_after=None
[2025-05-07T19:26:08.382+0000] {processor.py:183} INFO - Processing /home/airflow/.local/lib/python3.8/site-packages/airflow/example_dags/example_datasets.py took 0.140 seconds
[2025-05-07T19:26:39.460+0000] {processor.py:161} INFO - Started process (PID=629) to work on /home/airflow/.local/lib/python3.8/site-packages/airflow/example_dags/example_datasets.py
[2025-05-07T19:26:39.462+0000] {processor.py:830} INFO - Processing file /home/airflow/.local/lib/python3.8/site-packages/airflow/example_dags/example_datasets.py for tasks to queue
[2025-05-07T19:26:39.464+0000] {logging_mixin.py:188} INFO - [2025-05-07T19:26:39.464+0000] {dagbag.py:538} INFO - Filling up the DagBag from /home/airflow/.local/lib/python3.8/site-packages/airflow/example_dags/example_datasets.py
[2025-05-07T19:26:39.475+0000] {processor.py:840} INFO - DAG(s) 'dataset_produces_1', 'dataset_produces_2', 'dataset_consumes_1_never_scheduled', 'dataset_consumes_1', 'dataset_consumes_unknown_never_scheduled', 'dataset_consumes_1_and_2' retrieved from /home/airflow/.local/lib/python3.8/site-packages/airflow/example_dags/example_datasets.py
[2025-05-07T19:26:39.526+0000] {logging_mixin.py:188} INFO - [2025-05-07T19:26:39.525+0000] {dag.py:3036} INFO - Sync 6 DAGs
[2025-05-07T19:26:39.562+0000] {logging_mixin.py:188} INFO - [2025-05-07T19:26:39.562+0000] {dag.py:3823} INFO - Setting next_dagrun for dataset_consumes_1 to None, run_after=None
[2025-05-07T19:26:39.567+0000] {logging_mixin.py:188} INFO - [2025-05-07T19:26:39.567+0000] {dag.py:3823} INFO - Setting next_dagrun for dataset_consumes_1_and_2 to None, run_after=None
[2025-05-07T19:26:39.570+0000] {logging_mixin.py:188} INFO - [2025-05-07T19:26:39.570+0000] {dag.py:3823} INFO - Setting next_dagrun for dataset_consumes_1_never_scheduled to None, run_after=None
[2025-05-07T19:26:39.572+0000] {logging_mixin.py:188} INFO - [2025-05-07T19:26:39.572+0000] {dag.py:3823} INFO - Setting next_dagrun for dataset_consumes_unknown_never_scheduled to None, run_after=None
[2025-05-07T19:26:39.575+0000] {logging_mixin.py:188} INFO - [2025-05-07T19:26:39.575+0000] {dag.py:3823} INFO - Setting next_dagrun for dataset_produces_1 to 2025-05-06 00:00:00+00:00, run_after=2025-05-07 00:00:00+00:00
[2025-05-07T19:26:39.577+0000] {logging_mixin.py:188} INFO - [2025-05-07T19:26:39.577+0000] {dag.py:3823} INFO - Setting next_dagrun for dataset_produces_2 to None, run_after=None
[2025-05-07T19:26:39.616+0000] {processor.py:183} INFO - Processing /home/airflow/.local/lib/python3.8/site-packages/airflow/example_dags/example_datasets.py took 0.159 seconds
[2025-05-07T19:27:09.816+0000] {processor.py:161} INFO - Started process (PID=687) to work on /home/airflow/.local/lib/python3.8/site-packages/airflow/example_dags/example_datasets.py
[2025-05-07T19:27:09.817+0000] {processor.py:830} INFO - Processing file /home/airflow/.local/lib/python3.8/site-packages/airflow/example_dags/example_datasets.py for tasks to queue
[2025-05-07T19:27:09.820+0000] {logging_mixin.py:188} INFO - [2025-05-07T19:27:09.820+0000] {dagbag.py:538} INFO - Filling up the DagBag from /home/airflow/.local/lib/python3.8/site-packages/airflow/example_dags/example_datasets.py
[2025-05-07T19:27:09.832+0000] {processor.py:840} INFO - DAG(s) 'dataset_consumes_1_and_2', 'dataset_consumes_unknown_never_scheduled', 'dataset_produces_2', 'dataset_consumes_1', 'dataset_produces_1', 'dataset_consumes_1_never_scheduled' retrieved from /home/airflow/.local/lib/python3.8/site-packages/airflow/example_dags/example_datasets.py
[2025-05-07T19:27:09.880+0000] {logging_mixin.py:188} INFO - [2025-05-07T19:27:09.879+0000] {dag.py:3036} INFO - Sync 6 DAGs
[2025-05-07T19:27:09.907+0000] {logging_mixin.py:188} INFO - [2025-05-07T19:27:09.907+0000] {dag.py:3823} INFO - Setting next_dagrun for dataset_consumes_1 to None, run_after=None
[2025-05-07T19:27:09.911+0000] {logging_mixin.py:188} INFO - [2025-05-07T19:27:09.911+0000] {dag.py:3823} INFO - Setting next_dagrun for dataset_consumes_1_and_2 to None, run_after=None
[2025-05-07T19:27:09.915+0000] {logging_mixin.py:188} INFO - [2025-05-07T19:27:09.915+0000] {dag.py:3823} INFO - Setting next_dagrun for dataset_consumes_1_never_scheduled to None, run_after=None
[2025-05-07T19:27:09.917+0000] {logging_mixin.py:188} INFO - [2025-05-07T19:27:09.917+0000] {dag.py:3823} INFO - Setting next_dagrun for dataset_consumes_unknown_never_scheduled to None, run_after=None
[2025-05-07T19:27:09.923+0000] {logging_mixin.py:188} INFO - [2025-05-07T19:27:09.922+0000] {dag.py:3823} INFO - Setting next_dagrun for dataset_produces_1 to 2025-05-06 00:00:00+00:00, run_after=2025-05-07 00:00:00+00:00
[2025-05-07T19:27:09.925+0000] {logging_mixin.py:188} INFO - [2025-05-07T19:27:09.925+0000] {dag.py:3823} INFO - Setting next_dagrun for dataset_produces_2 to None, run_after=None
[2025-05-07T19:27:09.963+0000] {processor.py:183} INFO - Processing /home/airflow/.local/lib/python3.8/site-packages/airflow/example_dags/example_datasets.py took 0.152 seconds
[2025-05-07T19:27:40.410+0000] {processor.py:161} INFO - Started process (PID=744) to work on /home/airflow/.local/lib/python3.8/site-packages/airflow/example_dags/example_datasets.py
[2025-05-07T19:27:40.412+0000] {processor.py:830} INFO - Processing file /home/airflow/.local/lib/python3.8/site-packages/airflow/example_dags/example_datasets.py for tasks to queue
[2025-05-07T19:27:40.416+0000] {logging_mixin.py:188} INFO - [2025-05-07T19:27:40.415+0000] {dagbag.py:538} INFO - Filling up the DagBag from /home/airflow/.local/lib/python3.8/site-packages/airflow/example_dags/example_datasets.py
[2025-05-07T19:27:40.430+0000] {processor.py:840} INFO - DAG(s) 'dataset_consumes_unknown_never_scheduled', 'dataset_produces_1', 'dataset_consumes_1_never_scheduled', 'dataset_produces_2', 'dataset_consumes_1', 'dataset_consumes_1_and_2' retrieved from /home/airflow/.local/lib/python3.8/site-packages/airflow/example_dags/example_datasets.py
[2025-05-07T19:27:40.474+0000] {logging_mixin.py:188} INFO - [2025-05-07T19:27:40.473+0000] {dag.py:3036} INFO - Sync 6 DAGs
[2025-05-07T19:27:40.498+0000] {logging_mixin.py:188} INFO - [2025-05-07T19:27:40.498+0000] {dag.py:3823} INFO - Setting next_dagrun for dataset_consumes_1 to None, run_after=None
[2025-05-07T19:27:40.502+0000] {logging_mixin.py:188} INFO - [2025-05-07T19:27:40.502+0000] {dag.py:3823} INFO - Setting next_dagrun for dataset_consumes_1_and_2 to None, run_after=None
[2025-05-07T19:27:40.504+0000] {logging_mixin.py:188} INFO - [2025-05-07T19:27:40.504+0000] {dag.py:3823} INFO - Setting next_dagrun for dataset_consumes_1_never_scheduled to None, run_after=None
[2025-05-07T19:27:40.505+0000] {logging_mixin.py:188} INFO - [2025-05-07T19:27:40.505+0000] {dag.py:3823} INFO - Setting next_dagrun for dataset_consumes_unknown_never_scheduled to None, run_after=None
[2025-05-07T19:27:40.508+0000] {logging_mixin.py:188} INFO - [2025-05-07T19:27:40.508+0000] {dag.py:3823} INFO - Setting next_dagrun for dataset_produces_1 to 2025-05-06 00:00:00+00:00, run_after=2025-05-07 00:00:00+00:00
[2025-05-07T19:27:40.510+0000] {logging_mixin.py:188} INFO - [2025-05-07T19:27:40.510+0000] {dag.py:3823} INFO - Setting next_dagrun for dataset_produces_2 to None, run_after=None
[2025-05-07T19:27:40.543+0000] {processor.py:183} INFO - Processing /home/airflow/.local/lib/python3.8/site-packages/airflow/example_dags/example_datasets.py took 0.138 seconds
[2025-05-07T19:28:11.217+0000] {processor.py:161} INFO - Started process (PID=801) to work on /home/airflow/.local/lib/python3.8/site-packages/airflow/example_dags/example_datasets.py
[2025-05-07T19:28:11.218+0000] {processor.py:830} INFO - Processing file /home/airflow/.local/lib/python3.8/site-packages/airflow/example_dags/example_datasets.py for tasks to queue
[2025-05-07T19:28:11.220+0000] {logging_mixin.py:188} INFO - [2025-05-07T19:28:11.220+0000] {dagbag.py:538} INFO - Filling up the DagBag from /home/airflow/.local/lib/python3.8/site-packages/airflow/example_dags/example_datasets.py
[2025-05-07T19:28:11.230+0000] {processor.py:840} INFO - DAG(s) 'dataset_consumes_1_and_2', 'dataset_consumes_unknown_never_scheduled', 'dataset_consumes_1', 'dataset_produces_1', 'dataset_produces_2', 'dataset_consumes_1_never_scheduled' retrieved from /home/airflow/.local/lib/python3.8/site-packages/airflow/example_dags/example_datasets.py
[2025-05-07T19:28:11.273+0000] {logging_mixin.py:188} INFO - [2025-05-07T19:28:11.272+0000] {dag.py:3036} INFO - Sync 6 DAGs
[2025-05-07T19:28:11.299+0000] {logging_mixin.py:188} INFO - [2025-05-07T19:28:11.299+0000] {dag.py:3823} INFO - Setting next_dagrun for dataset_consumes_1 to None, run_after=None
[2025-05-07T19:28:11.303+0000] {logging_mixin.py:188} INFO - [2025-05-07T19:28:11.303+0000] {dag.py:3823} INFO - Setting next_dagrun for dataset_consumes_1_and_2 to None, run_after=None
[2025-05-07T19:28:11.305+0000] {logging_mixin.py:188} INFO - [2025-05-07T19:28:11.305+0000] {dag.py:3823} INFO - Setting next_dagrun for dataset_consumes_1_never_scheduled to None, run_after=None
[2025-05-07T19:28:11.307+0000] {logging_mixin.py:188} INFO - [2025-05-07T19:28:11.307+0000] {dag.py:3823} INFO - Setting next_dagrun for dataset_consumes_unknown_never_scheduled to None, run_after=None
[2025-05-07T19:28:11.311+0000] {logging_mixin.py:188} INFO - [2025-05-07T19:28:11.310+0000] {dag.py:3823} INFO - Setting next_dagrun for dataset_produces_1 to 2025-05-06 00:00:00+00:00, run_after=2025-05-07 00:00:00+00:00
[2025-05-07T19:28:11.313+0000] {logging_mixin.py:188} INFO - [2025-05-07T19:28:11.313+0000] {dag.py:3823} INFO - Setting next_dagrun for dataset_produces_2 to None, run_after=None
[2025-05-07T19:28:11.344+0000] {processor.py:183} INFO - Processing /home/airflow/.local/lib/python3.8/site-packages/airflow/example_dags/example_datasets.py took 0.130 seconds
[2025-05-07T19:28:41.437+0000] {processor.py:161} INFO - Started process (PID=858) to work on /home/airflow/.local/lib/python3.8/site-packages/airflow/example_dags/example_datasets.py
[2025-05-07T19:28:41.439+0000] {processor.py:830} INFO - Processing file /home/airflow/.local/lib/python3.8/site-packages/airflow/example_dags/example_datasets.py for tasks to queue
[2025-05-07T19:28:41.441+0000] {logging_mixin.py:188} INFO - [2025-05-07T19:28:41.441+0000] {dagbag.py:538} INFO - Filling up the DagBag from /home/airflow/.local/lib/python3.8/site-packages/airflow/example_dags/example_datasets.py
[2025-05-07T19:28:41.453+0000] {processor.py:840} INFO - DAG(s) 'dataset_consumes_1', 'dataset_consumes_1_never_scheduled', 'dataset_consumes_1_and_2', 'dataset_consumes_unknown_never_scheduled', 'dataset_produces_1', 'dataset_produces_2' retrieved from /home/airflow/.local/lib/python3.8/site-packages/airflow/example_dags/example_datasets.py
[2025-05-07T19:28:41.495+0000] {logging_mixin.py:188} INFO - [2025-05-07T19:28:41.495+0000] {dag.py:3036} INFO - Sync 6 DAGs
[2025-05-07T19:28:41.519+0000] {logging_mixin.py:188} INFO - [2025-05-07T19:28:41.519+0000] {dag.py:3823} INFO - Setting next_dagrun for dataset_consumes_1 to None, run_after=None
[2025-05-07T19:28:41.524+0000] {logging_mixin.py:188} INFO - [2025-05-07T19:28:41.523+0000] {dag.py:3823} INFO - Setting next_dagrun for dataset_consumes_1_and_2 to None, run_after=None
[2025-05-07T19:28:41.526+0000] {logging_mixin.py:188} INFO - [2025-05-07T19:28:41.525+0000] {dag.py:3823} INFO - Setting next_dagrun for dataset_consumes_1_never_scheduled to None, run_after=None
[2025-05-07T19:28:41.528+0000] {logging_mixin.py:188} INFO - [2025-05-07T19:28:41.527+0000] {dag.py:3823} INFO - Setting next_dagrun for dataset_consumes_unknown_never_scheduled to None, run_after=None
[2025-05-07T19:28:41.531+0000] {logging_mixin.py:188} INFO - [2025-05-07T19:28:41.531+0000] {dag.py:3823} INFO - Setting next_dagrun for dataset_produces_1 to 2025-05-06 00:00:00+00:00, run_after=2025-05-07 00:00:00+00:00
[2025-05-07T19:28:41.532+0000] {logging_mixin.py:188} INFO - [2025-05-07T19:28:41.532+0000] {dag.py:3823} INFO - Setting next_dagrun for dataset_produces_2 to None, run_after=None
[2025-05-07T19:28:41.571+0000] {processor.py:183} INFO - Processing /home/airflow/.local/lib/python3.8/site-packages/airflow/example_dags/example_datasets.py took 0.138 seconds
[2025-05-07T19:29:12.120+0000] {processor.py:161} INFO - Started process (PID=915) to work on /home/airflow/.local/lib/python3.8/site-packages/airflow/example_dags/example_datasets.py
[2025-05-07T19:29:12.122+0000] {processor.py:830} INFO - Processing file /home/airflow/.local/lib/python3.8/site-packages/airflow/example_dags/example_datasets.py for tasks to queue
[2025-05-07T19:29:12.124+0000] {logging_mixin.py:188} INFO - [2025-05-07T19:29:12.124+0000] {dagbag.py:538} INFO - Filling up the DagBag from /home/airflow/.local/lib/python3.8/site-packages/airflow/example_dags/example_datasets.py
[2025-05-07T19:29:12.134+0000] {processor.py:840} INFO - DAG(s) 'dataset_consumes_1_never_scheduled', 'dataset_consumes_1', 'dataset_consumes_unknown_never_scheduled', 'dataset_produces_2', 'dataset_consumes_1_and_2', 'dataset_produces_1' retrieved from /home/airflow/.local/lib/python3.8/site-packages/airflow/example_dags/example_datasets.py
[2025-05-07T19:29:12.169+0000] {logging_mixin.py:188} INFO - [2025-05-07T19:29:12.169+0000] {dag.py:3036} INFO - Sync 6 DAGs
[2025-05-07T19:29:12.194+0000] {logging_mixin.py:188} INFO - [2025-05-07T19:29:12.194+0000] {dag.py:3823} INFO - Setting next_dagrun for dataset_consumes_1 to None, run_after=None
[2025-05-07T19:29:12.198+0000] {logging_mixin.py:188} INFO - [2025-05-07T19:29:12.198+0000] {dag.py:3823} INFO - Setting next_dagrun for dataset_consumes_1_and_2 to None, run_after=None
[2025-05-07T19:29:12.200+0000] {logging_mixin.py:188} INFO - [2025-05-07T19:29:12.200+0000] {dag.py:3823} INFO - Setting next_dagrun for dataset_consumes_1_never_scheduled to None, run_after=None
[2025-05-07T19:29:12.201+0000] {logging_mixin.py:188} INFO - [2025-05-07T19:29:12.201+0000] {dag.py:3823} INFO - Setting next_dagrun for dataset_consumes_unknown_never_scheduled to None, run_after=None
[2025-05-07T19:29:12.205+0000] {logging_mixin.py:188} INFO - [2025-05-07T19:29:12.204+0000] {dag.py:3823} INFO - Setting next_dagrun for dataset_produces_1 to 2025-05-06 00:00:00+00:00, run_after=2025-05-07 00:00:00+00:00
[2025-05-07T19:29:12.206+0000] {logging_mixin.py:188} INFO - [2025-05-07T19:29:12.206+0000] {dag.py:3823} INFO - Setting next_dagrun for dataset_produces_2 to None, run_after=None
[2025-05-07T19:29:12.239+0000] {processor.py:183} INFO - Processing /home/airflow/.local/lib/python3.8/site-packages/airflow/example_dags/example_datasets.py took 0.122 seconds
[2025-05-07T19:29:42.340+0000] {processor.py:161} INFO - Started process (PID=972) to work on /home/airflow/.local/lib/python3.8/site-packages/airflow/example_dags/example_datasets.py
[2025-05-07T19:29:42.341+0000] {processor.py:830} INFO - Processing file /home/airflow/.local/lib/python3.8/site-packages/airflow/example_dags/example_datasets.py for tasks to queue
[2025-05-07T19:29:42.343+0000] {logging_mixin.py:188} INFO - [2025-05-07T19:29:42.343+0000] {dagbag.py:538} INFO - Filling up the DagBag from /home/airflow/.local/lib/python3.8/site-packages/airflow/example_dags/example_datasets.py
[2025-05-07T19:29:42.352+0000] {processor.py:840} INFO - DAG(s) 'dataset_consumes_unknown_never_scheduled', 'dataset_consumes_1_and_2', 'dataset_produces_1', 'dataset_consumes_1', 'dataset_consumes_1_never_scheduled', 'dataset_produces_2' retrieved from /home/airflow/.local/lib/python3.8/site-packages/airflow/example_dags/example_datasets.py
[2025-05-07T19:29:42.385+0000] {logging_mixin.py:188} INFO - [2025-05-07T19:29:42.385+0000] {dag.py:3036} INFO - Sync 6 DAGs
[2025-05-07T19:29:42.405+0000] {logging_mixin.py:188} INFO - [2025-05-07T19:29:42.405+0000] {dag.py:3823} INFO - Setting next_dagrun for dataset_consumes_1 to None, run_after=None
[2025-05-07T19:29:42.409+0000] {logging_mixin.py:188} INFO - [2025-05-07T19:29:42.409+0000] {dag.py:3823} INFO - Setting next_dagrun for dataset_consumes_1_and_2 to None, run_after=None
[2025-05-07T19:29:42.411+0000] {logging_mixin.py:188} INFO - [2025-05-07T19:29:42.411+0000] {dag.py:3823} INFO - Setting next_dagrun for dataset_consumes_1_never_scheduled to None, run_after=None
[2025-05-07T19:29:42.412+0000] {logging_mixin.py:188} INFO - [2025-05-07T19:29:42.412+0000] {dag.py:3823} INFO - Setting next_dagrun for dataset_consumes_unknown_never_scheduled to None, run_after=None
[2025-05-07T19:29:42.415+0000] {logging_mixin.py:188} INFO - [2025-05-07T19:29:42.415+0000] {dag.py:3823} INFO - Setting next_dagrun for dataset_produces_1 to 2025-05-06 00:00:00+00:00, run_after=2025-05-07 00:00:00+00:00
[2025-05-07T19:29:42.417+0000] {logging_mixin.py:188} INFO - [2025-05-07T19:29:42.417+0000] {dag.py:3823} INFO - Setting next_dagrun for dataset_produces_2 to None, run_after=None
[2025-05-07T19:29:42.448+0000] {processor.py:183} INFO - Processing /home/airflow/.local/lib/python3.8/site-packages/airflow/example_dags/example_datasets.py took 0.111 seconds
[2025-05-07T19:33:17.468+0000] {processor.py:161} INFO - Started process (PID=89) to work on /home/airflow/.local/lib/python3.8/site-packages/airflow/example_dags/example_datasets.py
[2025-05-07T19:33:17.470+0000] {processor.py:830} INFO - Processing file /home/airflow/.local/lib/python3.8/site-packages/airflow/example_dags/example_datasets.py for tasks to queue
[2025-05-07T19:33:17.472+0000] {logging_mixin.py:188} INFO - [2025-05-07T19:33:17.472+0000] {dagbag.py:538} INFO - Filling up the DagBag from /home/airflow/.local/lib/python3.8/site-packages/airflow/example_dags/example_datasets.py
[2025-05-07T19:33:17.483+0000] {processor.py:840} INFO - DAG(s) 'dataset_produces_1', 'dataset_consumes_1_and_2', 'dataset_consumes_unknown_never_scheduled', 'dataset_consumes_1', 'dataset_consumes_1_never_scheduled', 'dataset_produces_2' retrieved from /home/airflow/.local/lib/python3.8/site-packages/airflow/example_dags/example_datasets.py
[2025-05-07T19:33:17.500+0000] {logging_mixin.py:188} INFO - [2025-05-07T19:33:17.500+0000] {dag.py:3036} INFO - Sync 6 DAGs
[2025-05-07T19:33:17.526+0000] {logging_mixin.py:188} INFO - [2025-05-07T19:33:17.525+0000] {dag.py:3823} INFO - Setting next_dagrun for dataset_consumes_1 to None, run_after=None
[2025-05-07T19:33:17.530+0000] {logging_mixin.py:188} INFO - [2025-05-07T19:33:17.530+0000] {dag.py:3823} INFO - Setting next_dagrun for dataset_consumes_1_and_2 to None, run_after=None
[2025-05-07T19:33:17.532+0000] {logging_mixin.py:188} INFO - [2025-05-07T19:33:17.532+0000] {dag.py:3823} INFO - Setting next_dagrun for dataset_consumes_1_never_scheduled to None, run_after=None
[2025-05-07T19:33:17.534+0000] {logging_mixin.py:188} INFO - [2025-05-07T19:33:17.534+0000] {dag.py:3823} INFO - Setting next_dagrun for dataset_consumes_unknown_never_scheduled to None, run_after=None
[2025-05-07T19:33:17.538+0000] {logging_mixin.py:188} INFO - [2025-05-07T19:33:17.538+0000] {dag.py:3823} INFO - Setting next_dagrun for dataset_produces_1 to 2025-05-06 00:00:00+00:00, run_after=2025-05-07 00:00:00+00:00
[2025-05-07T19:33:17.540+0000] {logging_mixin.py:188} INFO - [2025-05-07T19:33:17.540+0000] {dag.py:3823} INFO - Setting next_dagrun for dataset_produces_2 to None, run_after=None
[2025-05-07T19:33:17.573+0000] {processor.py:183} INFO - Processing /home/airflow/.local/lib/python3.8/site-packages/airflow/example_dags/example_datasets.py took 0.109 seconds
[2025-05-07T19:33:49.589+0000] {processor.py:161} INFO - Started process (PID=146) to work on /home/airflow/.local/lib/python3.8/site-packages/airflow/example_dags/example_datasets.py
[2025-05-07T19:33:49.591+0000] {processor.py:830} INFO - Processing file /home/airflow/.local/lib/python3.8/site-packages/airflow/example_dags/example_datasets.py for tasks to queue
[2025-05-07T19:33:49.594+0000] {logging_mixin.py:188} INFO - [2025-05-07T19:33:49.594+0000] {dagbag.py:538} INFO - Filling up the DagBag from /home/airflow/.local/lib/python3.8/site-packages/airflow/example_dags/example_datasets.py
[2025-05-07T19:33:49.605+0000] {processor.py:840} INFO - DAG(s) 'dataset_consumes_1_and_2', 'dataset_produces_1', 'dataset_consumes_1_never_scheduled', 'dataset_consumes_1', 'dataset_consumes_unknown_never_scheduled', 'dataset_produces_2' retrieved from /home/airflow/.local/lib/python3.8/site-packages/airflow/example_dags/example_datasets.py
[2025-05-07T19:33:49.784+0000] {logging_mixin.py:188} INFO - [2025-05-07T19:33:49.784+0000] {dag.py:3036} INFO - Sync 6 DAGs
[2025-05-07T19:33:49.813+0000] {logging_mixin.py:188} INFO - [2025-05-07T19:33:49.813+0000] {dag.py:3823} INFO - Setting next_dagrun for dataset_consumes_1 to None, run_after=None
[2025-05-07T19:33:49.818+0000] {logging_mixin.py:188} INFO - [2025-05-07T19:33:49.818+0000] {dag.py:3823} INFO - Setting next_dagrun for dataset_consumes_1_and_2 to None, run_after=None
[2025-05-07T19:33:49.820+0000] {logging_mixin.py:188} INFO - [2025-05-07T19:33:49.820+0000] {dag.py:3823} INFO - Setting next_dagrun for dataset_consumes_1_never_scheduled to None, run_after=None
[2025-05-07T19:33:49.822+0000] {logging_mixin.py:188} INFO - [2025-05-07T19:33:49.822+0000] {dag.py:3823} INFO - Setting next_dagrun for dataset_consumes_unknown_never_scheduled to None, run_after=None
[2025-05-07T19:33:49.826+0000] {logging_mixin.py:188} INFO - [2025-05-07T19:33:49.826+0000] {dag.py:3823} INFO - Setting next_dagrun for dataset_produces_1 to 2025-05-06 00:00:00+00:00, run_after=2025-05-07 00:00:00+00:00
[2025-05-07T19:33:49.829+0000] {logging_mixin.py:188} INFO - [2025-05-07T19:33:49.828+0000] {dag.py:3823} INFO - Setting next_dagrun for dataset_produces_2 to None, run_after=None
[2025-05-07T19:33:49.873+0000] {processor.py:183} INFO - Processing /home/airflow/.local/lib/python3.8/site-packages/airflow/example_dags/example_datasets.py took 0.288 seconds
[2025-05-07T19:34:20.218+0000] {processor.py:161} INFO - Started process (PID=203) to work on /home/airflow/.local/lib/python3.8/site-packages/airflow/example_dags/example_datasets.py
[2025-05-07T19:34:20.220+0000] {processor.py:830} INFO - Processing file /home/airflow/.local/lib/python3.8/site-packages/airflow/example_dags/example_datasets.py for tasks to queue
[2025-05-07T19:34:20.222+0000] {logging_mixin.py:188} INFO - [2025-05-07T19:34:20.221+0000] {dagbag.py:538} INFO - Filling up the DagBag from /home/airflow/.local/lib/python3.8/site-packages/airflow/example_dags/example_datasets.py
[2025-05-07T19:34:20.231+0000] {processor.py:840} INFO - DAG(s) 'dataset_consumes_1', 'dataset_produces_2', 'dataset_produces_1', 'dataset_consumes_1_never_scheduled', 'dataset_consumes_unknown_never_scheduled', 'dataset_consumes_1_and_2' retrieved from /home/airflow/.local/lib/python3.8/site-packages/airflow/example_dags/example_datasets.py
[2025-05-07T19:34:20.270+0000] {logging_mixin.py:188} INFO - [2025-05-07T19:34:20.270+0000] {dag.py:3036} INFO - Sync 6 DAGs
[2025-05-07T19:34:20.291+0000] {logging_mixin.py:188} INFO - [2025-05-07T19:34:20.291+0000] {dag.py:3823} INFO - Setting next_dagrun for dataset_consumes_1 to None, run_after=None
[2025-05-07T19:34:20.295+0000] {logging_mixin.py:188} INFO - [2025-05-07T19:34:20.295+0000] {dag.py:3823} INFO - Setting next_dagrun for dataset_consumes_1_and_2 to None, run_after=None
[2025-05-07T19:34:20.297+0000] {logging_mixin.py:188} INFO - [2025-05-07T19:34:20.297+0000] {dag.py:3823} INFO - Setting next_dagrun for dataset_consumes_1_never_scheduled to None, run_after=None
[2025-05-07T19:34:20.299+0000] {logging_mixin.py:188} INFO - [2025-05-07T19:34:20.299+0000] {dag.py:3823} INFO - Setting next_dagrun for dataset_consumes_unknown_never_scheduled to None, run_after=None
[2025-05-07T19:34:20.303+0000] {logging_mixin.py:188} INFO - [2025-05-07T19:34:20.302+0000] {dag.py:3823} INFO - Setting next_dagrun for dataset_produces_1 to 2025-05-06 00:00:00+00:00, run_after=2025-05-07 00:00:00+00:00
[2025-05-07T19:34:20.305+0000] {logging_mixin.py:188} INFO - [2025-05-07T19:34:20.304+0000] {dag.py:3823} INFO - Setting next_dagrun for dataset_produces_2 to None, run_after=None
[2025-05-07T19:34:20.339+0000] {processor.py:183} INFO - Processing /home/airflow/.local/lib/python3.8/site-packages/airflow/example_dags/example_datasets.py took 0.124 seconds
[2025-05-07T19:34:50.563+0000] {processor.py:161} INFO - Started process (PID=260) to work on /home/airflow/.local/lib/python3.8/site-packages/airflow/example_dags/example_datasets.py
[2025-05-07T19:34:50.565+0000] {processor.py:830} INFO - Processing file /home/airflow/.local/lib/python3.8/site-packages/airflow/example_dags/example_datasets.py for tasks to queue
[2025-05-07T19:34:50.567+0000] {logging_mixin.py:188} INFO - [2025-05-07T19:34:50.567+0000] {dagbag.py:538} INFO - Filling up the DagBag from /home/airflow/.local/lib/python3.8/site-packages/airflow/example_dags/example_datasets.py
[2025-05-07T19:34:50.577+0000] {processor.py:840} INFO - DAG(s) 'dataset_produces_1', 'dataset_consumes_unknown_never_scheduled', 'dataset_consumes_1_and_2', 'dataset_produces_2', 'dataset_consumes_1', 'dataset_consumes_1_never_scheduled' retrieved from /home/airflow/.local/lib/python3.8/site-packages/airflow/example_dags/example_datasets.py
[2025-05-07T19:34:50.611+0000] {logging_mixin.py:188} INFO - [2025-05-07T19:34:50.611+0000] {dag.py:3036} INFO - Sync 6 DAGs
[2025-05-07T19:34:50.634+0000] {logging_mixin.py:188} INFO - [2025-05-07T19:34:50.634+0000] {dag.py:3823} INFO - Setting next_dagrun for dataset_consumes_1 to None, run_after=None
[2025-05-07T19:34:50.638+0000] {logging_mixin.py:188} INFO - [2025-05-07T19:34:50.638+0000] {dag.py:3823} INFO - Setting next_dagrun for dataset_consumes_1_and_2 to None, run_after=None
[2025-05-07T19:34:50.640+0000] {logging_mixin.py:188} INFO - [2025-05-07T19:34:50.640+0000] {dag.py:3823} INFO - Setting next_dagrun for dataset_consumes_1_never_scheduled to None, run_after=None
[2025-05-07T19:34:50.642+0000] {logging_mixin.py:188} INFO - [2025-05-07T19:34:50.641+0000] {dag.py:3823} INFO - Setting next_dagrun for dataset_consumes_unknown_never_scheduled to None, run_after=None
[2025-05-07T19:34:50.645+0000] {logging_mixin.py:188} INFO - [2025-05-07T19:34:50.645+0000] {dag.py:3823} INFO - Setting next_dagrun for dataset_produces_1 to 2025-05-06 00:00:00+00:00, run_after=2025-05-07 00:00:00+00:00
[2025-05-07T19:34:50.646+0000] {logging_mixin.py:188} INFO - [2025-05-07T19:34:50.646+0000] {dag.py:3823} INFO - Setting next_dagrun for dataset_produces_2 to None, run_after=None
[2025-05-07T19:34:50.679+0000] {processor.py:183} INFO - Processing /home/airflow/.local/lib/python3.8/site-packages/airflow/example_dags/example_datasets.py took 0.119 seconds
[2025-05-07T19:35:21.817+0000] {processor.py:161} INFO - Started process (PID=317) to work on /home/airflow/.local/lib/python3.8/site-packages/airflow/example_dags/example_datasets.py
[2025-05-07T19:35:21.819+0000] {processor.py:830} INFO - Processing file /home/airflow/.local/lib/python3.8/site-packages/airflow/example_dags/example_datasets.py for tasks to queue
[2025-05-07T19:35:21.823+0000] {logging_mixin.py:188} INFO - [2025-05-07T19:35:21.822+0000] {dagbag.py:538} INFO - Filling up the DagBag from /home/airflow/.local/lib/python3.8/site-packages/airflow/example_dags/example_datasets.py
[2025-05-07T19:35:21.833+0000] {processor.py:840} INFO - DAG(s) 'dataset_produces_1', 'dataset_consumes_1_never_scheduled', 'dataset_consumes_1_and_2', 'dataset_consumes_unknown_never_scheduled', 'dataset_consumes_1', 'dataset_produces_2' retrieved from /home/airflow/.local/lib/python3.8/site-packages/airflow/example_dags/example_datasets.py
[2025-05-07T19:35:21.867+0000] {logging_mixin.py:188} INFO - [2025-05-07T19:35:21.867+0000] {dag.py:3036} INFO - Sync 6 DAGs
[2025-05-07T19:35:21.888+0000] {logging_mixin.py:188} INFO - [2025-05-07T19:35:21.888+0000] {dag.py:3823} INFO - Setting next_dagrun for dataset_consumes_1 to None, run_after=None
[2025-05-07T19:35:21.893+0000] {logging_mixin.py:188} INFO - [2025-05-07T19:35:21.893+0000] {dag.py:3823} INFO - Setting next_dagrun for dataset_consumes_1_and_2 to None, run_after=None
[2025-05-07T19:35:21.899+0000] {logging_mixin.py:188} INFO - [2025-05-07T19:35:21.898+0000] {dag.py:3823} INFO - Setting next_dagrun for dataset_consumes_1_never_scheduled to None, run_after=None
[2025-05-07T19:35:21.901+0000] {logging_mixin.py:188} INFO - [2025-05-07T19:35:21.901+0000] {dag.py:3823} INFO - Setting next_dagrun for dataset_consumes_unknown_never_scheduled to None, run_after=None
[2025-05-07T19:35:21.905+0000] {logging_mixin.py:188} INFO - [2025-05-07T19:35:21.905+0000] {dag.py:3823} INFO - Setting next_dagrun for dataset_produces_1 to 2025-05-06 00:00:00+00:00, run_after=2025-05-07 00:00:00+00:00
[2025-05-07T19:35:21.907+0000] {logging_mixin.py:188} INFO - [2025-05-07T19:35:21.907+0000] {dag.py:3823} INFO - Setting next_dagrun for dataset_produces_2 to None, run_after=None
[2025-05-07T19:35:21.946+0000] {processor.py:183} INFO - Processing /home/airflow/.local/lib/python3.8/site-packages/airflow/example_dags/example_datasets.py took 0.134 seconds
[2025-05-07T19:35:52.717+0000] {processor.py:161} INFO - Started process (PID=374) to work on /home/airflow/.local/lib/python3.8/site-packages/airflow/example_dags/example_datasets.py
[2025-05-07T19:35:52.719+0000] {processor.py:830} INFO - Processing file /home/airflow/.local/lib/python3.8/site-packages/airflow/example_dags/example_datasets.py for tasks to queue
[2025-05-07T19:35:52.720+0000] {logging_mixin.py:188} INFO - [2025-05-07T19:35:52.720+0000] {dagbag.py:538} INFO - Filling up the DagBag from /home/airflow/.local/lib/python3.8/site-packages/airflow/example_dags/example_datasets.py
[2025-05-07T19:35:52.729+0000] {processor.py:840} INFO - DAG(s) 'dataset_produces_2', 'dataset_consumes_1_never_scheduled', 'dataset_consumes_unknown_never_scheduled', 'dataset_consumes_1_and_2', 'dataset_produces_1', 'dataset_consumes_1' retrieved from /home/airflow/.local/lib/python3.8/site-packages/airflow/example_dags/example_datasets.py
[2025-05-07T19:35:52.764+0000] {logging_mixin.py:188} INFO - [2025-05-07T19:35:52.763+0000] {dag.py:3036} INFO - Sync 6 DAGs
[2025-05-07T19:35:52.784+0000] {logging_mixin.py:188} INFO - [2025-05-07T19:35:52.783+0000] {dag.py:3823} INFO - Setting next_dagrun for dataset_consumes_1 to None, run_after=None
[2025-05-07T19:35:52.787+0000] {logging_mixin.py:188} INFO - [2025-05-07T19:35:52.787+0000] {dag.py:3823} INFO - Setting next_dagrun for dataset_consumes_1_and_2 to None, run_after=None
[2025-05-07T19:35:52.789+0000] {logging_mixin.py:188} INFO - [2025-05-07T19:35:52.789+0000] {dag.py:3823} INFO - Setting next_dagrun for dataset_consumes_1_never_scheduled to None, run_after=None
[2025-05-07T19:35:52.791+0000] {logging_mixin.py:188} INFO - [2025-05-07T19:35:52.791+0000] {dag.py:3823} INFO - Setting next_dagrun for dataset_consumes_unknown_never_scheduled to None, run_after=None
[2025-05-07T19:35:52.799+0000] {logging_mixin.py:188} INFO - [2025-05-07T19:35:52.799+0000] {dag.py:3823} INFO - Setting next_dagrun for dataset_produces_1 to 2025-05-06 00:00:00+00:00, run_after=2025-05-07 00:00:00+00:00
[2025-05-07T19:35:52.810+0000] {logging_mixin.py:188} INFO - [2025-05-07T19:35:52.810+0000] {dag.py:3823} INFO - Setting next_dagrun for dataset_produces_2 to None, run_after=None
[2025-05-07T19:35:52.842+0000] {processor.py:183} INFO - Processing /home/airflow/.local/lib/python3.8/site-packages/airflow/example_dags/example_datasets.py took 0.128 seconds
[2025-05-07T19:36:23.263+0000] {processor.py:161} INFO - Started process (PID=431) to work on /home/airflow/.local/lib/python3.8/site-packages/airflow/example_dags/example_datasets.py
[2025-05-07T19:36:23.264+0000] {processor.py:830} INFO - Processing file /home/airflow/.local/lib/python3.8/site-packages/airflow/example_dags/example_datasets.py for tasks to queue
[2025-05-07T19:36:23.266+0000] {logging_mixin.py:188} INFO - [2025-05-07T19:36:23.266+0000] {dagbag.py:538} INFO - Filling up the DagBag from /home/airflow/.local/lib/python3.8/site-packages/airflow/example_dags/example_datasets.py
[2025-05-07T19:36:23.275+0000] {processor.py:840} INFO - DAG(s) 'dataset_produces_2', 'dataset_consumes_1', 'dataset_consumes_1_and_2', 'dataset_produces_1', 'dataset_consumes_unknown_never_scheduled', 'dataset_consumes_1_never_scheduled' retrieved from /home/airflow/.local/lib/python3.8/site-packages/airflow/example_dags/example_datasets.py
[2025-05-07T19:36:23.308+0000] {logging_mixin.py:188} INFO - [2025-05-07T19:36:23.308+0000] {dag.py:3036} INFO - Sync 6 DAGs
[2025-05-07T19:36:23.330+0000] {logging_mixin.py:188} INFO - [2025-05-07T19:36:23.330+0000] {dag.py:3823} INFO - Setting next_dagrun for dataset_consumes_1 to None, run_after=None
[2025-05-07T19:36:23.334+0000] {logging_mixin.py:188} INFO - [2025-05-07T19:36:23.334+0000] {dag.py:3823} INFO - Setting next_dagrun for dataset_consumes_1_and_2 to None, run_after=None
[2025-05-07T19:36:23.336+0000] {logging_mixin.py:188} INFO - [2025-05-07T19:36:23.336+0000] {dag.py:3823} INFO - Setting next_dagrun for dataset_consumes_1_never_scheduled to None, run_after=None
[2025-05-07T19:36:23.338+0000] {logging_mixin.py:188} INFO - [2025-05-07T19:36:23.338+0000] {dag.py:3823} INFO - Setting next_dagrun for dataset_consumes_unknown_never_scheduled to None, run_after=None
[2025-05-07T19:36:23.341+0000] {logging_mixin.py:188} INFO - [2025-05-07T19:36:23.341+0000] {dag.py:3823} INFO - Setting next_dagrun for dataset_produces_1 to 2025-05-06 00:00:00+00:00, run_after=2025-05-07 00:00:00+00:00
[2025-05-07T19:36:23.343+0000] {logging_mixin.py:188} INFO - [2025-05-07T19:36:23.343+0000] {dag.py:3823} INFO - Setting next_dagrun for dataset_produces_2 to None, run_after=None
[2025-05-07T19:36:23.373+0000] {processor.py:183} INFO - Processing /home/airflow/.local/lib/python3.8/site-packages/airflow/example_dags/example_datasets.py took 0.114 seconds
[2025-05-07T19:36:53.723+0000] {processor.py:161} INFO - Started process (PID=488) to work on /home/airflow/.local/lib/python3.8/site-packages/airflow/example_dags/example_datasets.py
[2025-05-07T19:36:53.725+0000] {processor.py:830} INFO - Processing file /home/airflow/.local/lib/python3.8/site-packages/airflow/example_dags/example_datasets.py for tasks to queue
[2025-05-07T19:36:53.730+0000] {logging_mixin.py:188} INFO - [2025-05-07T19:36:53.730+0000] {dagbag.py:538} INFO - Filling up the DagBag from /home/airflow/.local/lib/python3.8/site-packages/airflow/example_dags/example_datasets.py
[2025-05-07T19:36:53.748+0000] {processor.py:840} INFO - DAG(s) 'dataset_consumes_1', 'dataset_consumes_unknown_never_scheduled', 'dataset_produces_1', 'dataset_consumes_1_and_2', 'dataset_produces_2', 'dataset_consumes_1_never_scheduled' retrieved from /home/airflow/.local/lib/python3.8/site-packages/airflow/example_dags/example_datasets.py
[2025-05-07T19:36:53.787+0000] {logging_mixin.py:188} INFO - [2025-05-07T19:36:53.786+0000] {dag.py:3036} INFO - Sync 6 DAGs
[2025-05-07T19:36:53.810+0000] {logging_mixin.py:188} INFO - [2025-05-07T19:36:53.810+0000] {dag.py:3823} INFO - Setting next_dagrun for dataset_consumes_1 to None, run_after=None
[2025-05-07T19:36:53.815+0000] {logging_mixin.py:188} INFO - [2025-05-07T19:36:53.814+0000] {dag.py:3823} INFO - Setting next_dagrun for dataset_consumes_1_and_2 to None, run_after=None
[2025-05-07T19:36:53.817+0000] {logging_mixin.py:188} INFO - [2025-05-07T19:36:53.817+0000] {dag.py:3823} INFO - Setting next_dagrun for dataset_consumes_1_never_scheduled to None, run_after=None
[2025-05-07T19:36:53.820+0000] {logging_mixin.py:188} INFO - [2025-05-07T19:36:53.820+0000] {dag.py:3823} INFO - Setting next_dagrun for dataset_consumes_unknown_never_scheduled to None, run_after=None
[2025-05-07T19:36:53.824+0000] {logging_mixin.py:188} INFO - [2025-05-07T19:36:53.824+0000] {dag.py:3823} INFO - Setting next_dagrun for dataset_produces_1 to 2025-05-06 00:00:00+00:00, run_after=2025-05-07 00:00:00+00:00
[2025-05-07T19:36:53.828+0000] {logging_mixin.py:188} INFO - [2025-05-07T19:36:53.828+0000] {dag.py:3823} INFO - Setting next_dagrun for dataset_produces_2 to None, run_after=None
[2025-05-07T19:36:53.864+0000] {processor.py:183} INFO - Processing /home/airflow/.local/lib/python3.8/site-packages/airflow/example_dags/example_datasets.py took 0.149 seconds
[2025-05-07T19:37:24.179+0000] {processor.py:161} INFO - Started process (PID=545) to work on /home/airflow/.local/lib/python3.8/site-packages/airflow/example_dags/example_datasets.py
[2025-05-07T19:37:24.181+0000] {processor.py:830} INFO - Processing file /home/airflow/.local/lib/python3.8/site-packages/airflow/example_dags/example_datasets.py for tasks to queue
[2025-05-07T19:37:24.183+0000] {logging_mixin.py:188} INFO - [2025-05-07T19:37:24.183+0000] {dagbag.py:538} INFO - Filling up the DagBag from /home/airflow/.local/lib/python3.8/site-packages/airflow/example_dags/example_datasets.py
[2025-05-07T19:37:24.192+0000] {processor.py:840} INFO - DAG(s) 'dataset_consumes_unknown_never_scheduled', 'dataset_produces_1', 'dataset_consumes_1', 'dataset_produces_2', 'dataset_consumes_1_never_scheduled', 'dataset_consumes_1_and_2' retrieved from /home/airflow/.local/lib/python3.8/site-packages/airflow/example_dags/example_datasets.py
[2025-05-07T19:37:24.227+0000] {logging_mixin.py:188} INFO - [2025-05-07T19:37:24.227+0000] {dag.py:3036} INFO - Sync 6 DAGs
[2025-05-07T19:37:24.250+0000] {logging_mixin.py:188} INFO - [2025-05-07T19:37:24.250+0000] {dag.py:3823} INFO - Setting next_dagrun for dataset_consumes_1 to None, run_after=None
[2025-05-07T19:37:24.254+0000] {logging_mixin.py:188} INFO - [2025-05-07T19:37:24.254+0000] {dag.py:3823} INFO - Setting next_dagrun for dataset_consumes_1_and_2 to None, run_after=None
[2025-05-07T19:37:24.256+0000] {logging_mixin.py:188} INFO - [2025-05-07T19:37:24.255+0000] {dag.py:3823} INFO - Setting next_dagrun for dataset_consumes_1_never_scheduled to None, run_after=None
[2025-05-07T19:37:24.257+0000] {logging_mixin.py:188} INFO - [2025-05-07T19:37:24.257+0000] {dag.py:3823} INFO - Setting next_dagrun for dataset_consumes_unknown_never_scheduled to None, run_after=None
[2025-05-07T19:37:24.260+0000] {logging_mixin.py:188} INFO - [2025-05-07T19:37:24.260+0000] {dag.py:3823} INFO - Setting next_dagrun for dataset_produces_1 to 2025-05-06 00:00:00+00:00, run_after=2025-05-07 00:00:00+00:00
[2025-05-07T19:37:24.262+0000] {logging_mixin.py:188} INFO - [2025-05-07T19:37:24.261+0000] {dag.py:3823} INFO - Setting next_dagrun for dataset_produces_2 to None, run_after=None
[2025-05-07T19:37:24.296+0000] {processor.py:183} INFO - Processing /home/airflow/.local/lib/python3.8/site-packages/airflow/example_dags/example_datasets.py took 0.120 seconds
[2025-05-07T19:37:54.381+0000] {processor.py:161} INFO - Started process (PID=602) to work on /home/airflow/.local/lib/python3.8/site-packages/airflow/example_dags/example_datasets.py
[2025-05-07T19:37:54.383+0000] {processor.py:830} INFO - Processing file /home/airflow/.local/lib/python3.8/site-packages/airflow/example_dags/example_datasets.py for tasks to queue
[2025-05-07T19:37:54.385+0000] {logging_mixin.py:188} INFO - [2025-05-07T19:37:54.385+0000] {dagbag.py:538} INFO - Filling up the DagBag from /home/airflow/.local/lib/python3.8/site-packages/airflow/example_dags/example_datasets.py
[2025-05-07T19:37:54.394+0000] {processor.py:840} INFO - DAG(s) 'dataset_produces_2', 'dataset_consumes_1', 'dataset_consumes_unknown_never_scheduled', 'dataset_consumes_1_and_2', 'dataset_consumes_1_never_scheduled', 'dataset_produces_1' retrieved from /home/airflow/.local/lib/python3.8/site-packages/airflow/example_dags/example_datasets.py
[2025-05-07T19:37:54.427+0000] {logging_mixin.py:188} INFO - [2025-05-07T19:37:54.427+0000] {dag.py:3036} INFO - Sync 6 DAGs
[2025-05-07T19:37:54.449+0000] {logging_mixin.py:188} INFO - [2025-05-07T19:37:54.449+0000] {dag.py:3823} INFO - Setting next_dagrun for dataset_consumes_1 to None, run_after=None
[2025-05-07T19:37:54.453+0000] {logging_mixin.py:188} INFO - [2025-05-07T19:37:54.453+0000] {dag.py:3823} INFO - Setting next_dagrun for dataset_consumes_1_and_2 to None, run_after=None
[2025-05-07T19:37:54.455+0000] {logging_mixin.py:188} INFO - [2025-05-07T19:37:54.455+0000] {dag.py:3823} INFO - Setting next_dagrun for dataset_consumes_1_never_scheduled to None, run_after=None
[2025-05-07T19:37:54.457+0000] {logging_mixin.py:188} INFO - [2025-05-07T19:37:54.457+0000] {dag.py:3823} INFO - Setting next_dagrun for dataset_consumes_unknown_never_scheduled to None, run_after=None
[2025-05-07T19:37:54.460+0000] {logging_mixin.py:188} INFO - [2025-05-07T19:37:54.460+0000] {dag.py:3823} INFO - Setting next_dagrun for dataset_produces_1 to 2025-05-06 00:00:00+00:00, run_after=2025-05-07 00:00:00+00:00
[2025-05-07T19:37:54.462+0000] {logging_mixin.py:188} INFO - [2025-05-07T19:37:54.462+0000] {dag.py:3823} INFO - Setting next_dagrun for dataset_produces_2 to None, run_after=None
[2025-05-07T19:37:54.496+0000] {processor.py:183} INFO - Processing /home/airflow/.local/lib/python3.8/site-packages/airflow/example_dags/example_datasets.py took 0.118 seconds
[2025-05-07T19:38:25.080+0000] {processor.py:161} INFO - Started process (PID=659) to work on /home/airflow/.local/lib/python3.8/site-packages/airflow/example_dags/example_datasets.py
[2025-05-07T19:38:25.082+0000] {processor.py:830} INFO - Processing file /home/airflow/.local/lib/python3.8/site-packages/airflow/example_dags/example_datasets.py for tasks to queue
[2025-05-07T19:38:25.084+0000] {logging_mixin.py:188} INFO - [2025-05-07T19:38:25.084+0000] {dagbag.py:538} INFO - Filling up the DagBag from /home/airflow/.local/lib/python3.8/site-packages/airflow/example_dags/example_datasets.py
[2025-05-07T19:38:25.093+0000] {processor.py:840} INFO - DAG(s) 'dataset_consumes_1_and_2', 'dataset_consumes_1_never_scheduled', 'dataset_consumes_1', 'dataset_produces_1', 'dataset_produces_2', 'dataset_consumes_unknown_never_scheduled' retrieved from /home/airflow/.local/lib/python3.8/site-packages/airflow/example_dags/example_datasets.py
[2025-05-07T19:38:25.130+0000] {logging_mixin.py:188} INFO - [2025-05-07T19:38:25.130+0000] {dag.py:3036} INFO - Sync 6 DAGs
[2025-05-07T19:38:25.161+0000] {logging_mixin.py:188} INFO - [2025-05-07T19:38:25.160+0000] {dag.py:3823} INFO - Setting next_dagrun for dataset_consumes_1 to None, run_after=None
[2025-05-07T19:38:25.169+0000] {logging_mixin.py:188} INFO - [2025-05-07T19:38:25.168+0000] {dag.py:3823} INFO - Setting next_dagrun for dataset_consumes_1_and_2 to None, run_after=None
[2025-05-07T19:38:25.172+0000] {logging_mixin.py:188} INFO - [2025-05-07T19:38:25.172+0000] {dag.py:3823} INFO - Setting next_dagrun for dataset_consumes_1_never_scheduled to None, run_after=None
[2025-05-07T19:38:25.174+0000] {logging_mixin.py:188} INFO - [2025-05-07T19:38:25.174+0000] {dag.py:3823} INFO - Setting next_dagrun for dataset_consumes_unknown_never_scheduled to None, run_after=None
[2025-05-07T19:38:25.179+0000] {logging_mixin.py:188} INFO - [2025-05-07T19:38:25.179+0000] {dag.py:3823} INFO - Setting next_dagrun for dataset_produces_1 to 2025-05-06 00:00:00+00:00, run_after=2025-05-07 00:00:00+00:00
[2025-05-07T19:38:25.183+0000] {logging_mixin.py:188} INFO - [2025-05-07T19:38:25.182+0000] {dag.py:3823} INFO - Setting next_dagrun for dataset_produces_2 to None, run_after=None
[2025-05-07T19:38:25.226+0000] {processor.py:183} INFO - Processing /home/airflow/.local/lib/python3.8/site-packages/airflow/example_dags/example_datasets.py took 0.149 seconds
[2025-05-07T19:38:55.632+0000] {processor.py:161} INFO - Started process (PID=716) to work on /home/airflow/.local/lib/python3.8/site-packages/airflow/example_dags/example_datasets.py
[2025-05-07T19:38:55.634+0000] {processor.py:830} INFO - Processing file /home/airflow/.local/lib/python3.8/site-packages/airflow/example_dags/example_datasets.py for tasks to queue
[2025-05-07T19:38:55.637+0000] {logging_mixin.py:188} INFO - [2025-05-07T19:38:55.636+0000] {dagbag.py:538} INFO - Filling up the DagBag from /home/airflow/.local/lib/python3.8/site-packages/airflow/example_dags/example_datasets.py
[2025-05-07T19:38:55.648+0000] {processor.py:840} INFO - DAG(s) 'dataset_consumes_unknown_never_scheduled', 'dataset_produces_1', 'dataset_consumes_1_and_2', 'dataset_consumes_1_never_scheduled', 'dataset_produces_2', 'dataset_consumes_1' retrieved from /home/airflow/.local/lib/python3.8/site-packages/airflow/example_dags/example_datasets.py
[2025-05-07T19:38:55.695+0000] {logging_mixin.py:188} INFO - [2025-05-07T19:38:55.695+0000] {dag.py:3036} INFO - Sync 6 DAGs
[2025-05-07T19:38:55.718+0000] {logging_mixin.py:188} INFO - [2025-05-07T19:38:55.718+0000] {dag.py:3823} INFO - Setting next_dagrun for dataset_consumes_1 to None, run_after=None
[2025-05-07T19:38:55.723+0000] {logging_mixin.py:188} INFO - [2025-05-07T19:38:55.723+0000] {dag.py:3823} INFO - Setting next_dagrun for dataset_consumes_1_and_2 to None, run_after=None
[2025-05-07T19:38:55.725+0000] {logging_mixin.py:188} INFO - [2025-05-07T19:38:55.725+0000] {dag.py:3823} INFO - Setting next_dagrun for dataset_consumes_1_never_scheduled to None, run_after=None
[2025-05-07T19:38:55.727+0000] {logging_mixin.py:188} INFO - [2025-05-07T19:38:55.726+0000] {dag.py:3823} INFO - Setting next_dagrun for dataset_consumes_unknown_never_scheduled to None, run_after=None
[2025-05-07T19:38:55.730+0000] {logging_mixin.py:188} INFO - [2025-05-07T19:38:55.730+0000] {dag.py:3823} INFO - Setting next_dagrun for dataset_produces_1 to 2025-05-06 00:00:00+00:00, run_after=2025-05-07 00:00:00+00:00
[2025-05-07T19:38:55.732+0000] {logging_mixin.py:188} INFO - [2025-05-07T19:38:55.731+0000] {dag.py:3823} INFO - Setting next_dagrun for dataset_produces_2 to None, run_after=None
[2025-05-07T19:38:55.764+0000] {processor.py:183} INFO - Processing /home/airflow/.local/lib/python3.8/site-packages/airflow/example_dags/example_datasets.py took 0.135 seconds
[2025-05-07T19:39:26.289+0000] {processor.py:161} INFO - Started process (PID=773) to work on /home/airflow/.local/lib/python3.8/site-packages/airflow/example_dags/example_datasets.py
[2025-05-07T19:39:26.291+0000] {processor.py:830} INFO - Processing file /home/airflow/.local/lib/python3.8/site-packages/airflow/example_dags/example_datasets.py for tasks to queue
[2025-05-07T19:39:26.293+0000] {logging_mixin.py:188} INFO - [2025-05-07T19:39:26.293+0000] {dagbag.py:538} INFO - Filling up the DagBag from /home/airflow/.local/lib/python3.8/site-packages/airflow/example_dags/example_datasets.py
[2025-05-07T19:39:26.304+0000] {processor.py:840} INFO - DAG(s) 'dataset_consumes_unknown_never_scheduled', 'dataset_consumes_1', 'dataset_consumes_1_and_2', 'dataset_consumes_1_never_scheduled', 'dataset_produces_1', 'dataset_produces_2' retrieved from /home/airflow/.local/lib/python3.8/site-packages/airflow/example_dags/example_datasets.py
[2025-05-07T19:39:26.345+0000] {logging_mixin.py:188} INFO - [2025-05-07T19:39:26.345+0000] {dag.py:3036} INFO - Sync 6 DAGs
[2025-05-07T19:39:26.375+0000] {logging_mixin.py:188} INFO - [2025-05-07T19:39:26.374+0000] {dag.py:3823} INFO - Setting next_dagrun for dataset_consumes_1 to None, run_after=None
[2025-05-07T19:39:26.379+0000] {logging_mixin.py:188} INFO - [2025-05-07T19:39:26.379+0000] {dag.py:3823} INFO - Setting next_dagrun for dataset_consumes_1_and_2 to None, run_after=None
[2025-05-07T19:39:26.382+0000] {logging_mixin.py:188} INFO - [2025-05-07T19:39:26.382+0000] {dag.py:3823} INFO - Setting next_dagrun for dataset_consumes_1_never_scheduled to None, run_after=None
[2025-05-07T19:39:26.384+0000] {logging_mixin.py:188} INFO - [2025-05-07T19:39:26.384+0000] {dag.py:3823} INFO - Setting next_dagrun for dataset_consumes_unknown_never_scheduled to None, run_after=None
[2025-05-07T19:39:26.388+0000] {logging_mixin.py:188} INFO - [2025-05-07T19:39:26.388+0000] {dag.py:3823} INFO - Setting next_dagrun for dataset_produces_1 to 2025-05-06 00:00:00+00:00, run_after=2025-05-07 00:00:00+00:00
[2025-05-07T19:39:26.390+0000] {logging_mixin.py:188} INFO - [2025-05-07T19:39:26.390+0000] {dag.py:3823} INFO - Setting next_dagrun for dataset_produces_2 to None, run_after=None
[2025-05-07T19:39:26.424+0000] {processor.py:183} INFO - Processing /home/airflow/.local/lib/python3.8/site-packages/airflow/example_dags/example_datasets.py took 0.139 seconds
[2025-05-07T19:39:56.817+0000] {processor.py:161} INFO - Started process (PID=831) to work on /home/airflow/.local/lib/python3.8/site-packages/airflow/example_dags/example_datasets.py
[2025-05-07T19:39:56.819+0000] {processor.py:830} INFO - Processing file /home/airflow/.local/lib/python3.8/site-packages/airflow/example_dags/example_datasets.py for tasks to queue
[2025-05-07T19:39:56.823+0000] {logging_mixin.py:188} INFO - [2025-05-07T19:39:56.823+0000] {dagbag.py:538} INFO - Filling up the DagBag from /home/airflow/.local/lib/python3.8/site-packages/airflow/example_dags/example_datasets.py
[2025-05-07T19:39:56.837+0000] {processor.py:840} INFO - DAG(s) 'dataset_consumes_1_and_2', 'dataset_consumes_1_never_scheduled', 'dataset_consumes_1', 'dataset_produces_2', 'dataset_produces_1', 'dataset_consumes_unknown_never_scheduled' retrieved from /home/airflow/.local/lib/python3.8/site-packages/airflow/example_dags/example_datasets.py
[2025-05-07T19:39:56.887+0000] {logging_mixin.py:188} INFO - [2025-05-07T19:39:56.887+0000] {dag.py:3036} INFO - Sync 6 DAGs
[2025-05-07T19:39:56.907+0000] {logging_mixin.py:188} INFO - [2025-05-07T19:39:56.907+0000] {dag.py:3823} INFO - Setting next_dagrun for dataset_consumes_1 to None, run_after=None
[2025-05-07T19:39:56.911+0000] {logging_mixin.py:188} INFO - [2025-05-07T19:39:56.910+0000] {dag.py:3823} INFO - Setting next_dagrun for dataset_consumes_1_and_2 to None, run_after=None
[2025-05-07T19:39:56.912+0000] {logging_mixin.py:188} INFO - [2025-05-07T19:39:56.912+0000] {dag.py:3823} INFO - Setting next_dagrun for dataset_consumes_1_never_scheduled to None, run_after=None
[2025-05-07T19:39:56.914+0000] {logging_mixin.py:188} INFO - [2025-05-07T19:39:56.913+0000] {dag.py:3823} INFO - Setting next_dagrun for dataset_consumes_unknown_never_scheduled to None, run_after=None
[2025-05-07T19:39:56.916+0000] {logging_mixin.py:188} INFO - [2025-05-07T19:39:56.916+0000] {dag.py:3823} INFO - Setting next_dagrun for dataset_produces_1 to 2025-05-06 00:00:00+00:00, run_after=2025-05-07 00:00:00+00:00
[2025-05-07T19:39:56.918+0000] {logging_mixin.py:188} INFO - [2025-05-07T19:39:56.917+0000] {dag.py:3823} INFO - Setting next_dagrun for dataset_produces_2 to None, run_after=None
[2025-05-07T19:39:56.946+0000] {processor.py:183} INFO - Processing /home/airflow/.local/lib/python3.8/site-packages/airflow/example_dags/example_datasets.py took 0.135 seconds
[2025-05-07T19:40:27.782+0000] {processor.py:161} INFO - Started process (PID=888) to work on /home/airflow/.local/lib/python3.8/site-packages/airflow/example_dags/example_datasets.py
[2025-05-07T19:40:27.783+0000] {processor.py:830} INFO - Processing file /home/airflow/.local/lib/python3.8/site-packages/airflow/example_dags/example_datasets.py for tasks to queue
[2025-05-07T19:40:27.786+0000] {logging_mixin.py:188} INFO - [2025-05-07T19:40:27.785+0000] {dagbag.py:538} INFO - Filling up the DagBag from /home/airflow/.local/lib/python3.8/site-packages/airflow/example_dags/example_datasets.py
[2025-05-07T19:40:27.796+0000] {processor.py:840} INFO - DAG(s) 'dataset_consumes_1', 'dataset_consumes_1_never_scheduled', 'dataset_produces_1', 'dataset_consumes_unknown_never_scheduled', 'dataset_produces_2', 'dataset_consumes_1_and_2' retrieved from /home/airflow/.local/lib/python3.8/site-packages/airflow/example_dags/example_datasets.py
[2025-05-07T19:40:27.838+0000] {logging_mixin.py:188} INFO - [2025-05-07T19:40:27.838+0000] {dag.py:3036} INFO - Sync 6 DAGs
[2025-05-07T19:40:27.862+0000] {logging_mixin.py:188} INFO - [2025-05-07T19:40:27.862+0000] {dag.py:3823} INFO - Setting next_dagrun for dataset_consumes_1 to None, run_after=None
[2025-05-07T19:40:27.867+0000] {logging_mixin.py:188} INFO - [2025-05-07T19:40:27.867+0000] {dag.py:3823} INFO - Setting next_dagrun for dataset_consumes_1_and_2 to None, run_after=None
[2025-05-07T19:40:27.870+0000] {logging_mixin.py:188} INFO - [2025-05-07T19:40:27.869+0000] {dag.py:3823} INFO - Setting next_dagrun for dataset_consumes_1_never_scheduled to None, run_after=None
[2025-05-07T19:40:27.873+0000] {logging_mixin.py:188} INFO - [2025-05-07T19:40:27.873+0000] {dag.py:3823} INFO - Setting next_dagrun for dataset_consumes_unknown_never_scheduled to None, run_after=None
[2025-05-07T19:40:27.876+0000] {logging_mixin.py:188} INFO - [2025-05-07T19:40:27.876+0000] {dag.py:3823} INFO - Setting next_dagrun for dataset_produces_1 to 2025-05-06 00:00:00+00:00, run_after=2025-05-07 00:00:00+00:00
[2025-05-07T19:40:27.878+0000] {logging_mixin.py:188} INFO - [2025-05-07T19:40:27.878+0000] {dag.py:3823} INFO - Setting next_dagrun for dataset_produces_2 to None, run_after=None
[2025-05-07T19:40:27.923+0000] {processor.py:183} INFO - Processing /home/airflow/.local/lib/python3.8/site-packages/airflow/example_dags/example_datasets.py took 0.146 seconds
[2025-05-07T19:40:58.121+0000] {processor.py:161} INFO - Started process (PID=945) to work on /home/airflow/.local/lib/python3.8/site-packages/airflow/example_dags/example_datasets.py
[2025-05-07T19:40:58.124+0000] {processor.py:830} INFO - Processing file /home/airflow/.local/lib/python3.8/site-packages/airflow/example_dags/example_datasets.py for tasks to queue
[2025-05-07T19:40:58.129+0000] {logging_mixin.py:188} INFO - [2025-05-07T19:40:58.128+0000] {dagbag.py:538} INFO - Filling up the DagBag from /home/airflow/.local/lib/python3.8/site-packages/airflow/example_dags/example_datasets.py
[2025-05-07T19:40:58.147+0000] {processor.py:840} INFO - DAG(s) 'dataset_consumes_1', 'dataset_produces_2', 'dataset_consumes_1_and_2', 'dataset_consumes_1_never_scheduled', 'dataset_produces_1', 'dataset_consumes_unknown_never_scheduled' retrieved from /home/airflow/.local/lib/python3.8/site-packages/airflow/example_dags/example_datasets.py
[2025-05-07T19:40:58.207+0000] {logging_mixin.py:188} INFO - [2025-05-07T19:40:58.206+0000] {dag.py:3036} INFO - Sync 6 DAGs
[2025-05-07T19:40:58.237+0000] {logging_mixin.py:188} INFO - [2025-05-07T19:40:58.237+0000] {dag.py:3823} INFO - Setting next_dagrun for dataset_consumes_1 to None, run_after=None
[2025-05-07T19:40:58.243+0000] {logging_mixin.py:188} INFO - [2025-05-07T19:40:58.243+0000] {dag.py:3823} INFO - Setting next_dagrun for dataset_consumes_1_and_2 to None, run_after=None
[2025-05-07T19:40:58.245+0000] {logging_mixin.py:188} INFO - [2025-05-07T19:40:58.245+0000] {dag.py:3823} INFO - Setting next_dagrun for dataset_consumes_1_never_scheduled to None, run_after=None
[2025-05-07T19:40:58.248+0000] {logging_mixin.py:188} INFO - [2025-05-07T19:40:58.248+0000] {dag.py:3823} INFO - Setting next_dagrun for dataset_consumes_unknown_never_scheduled to None, run_after=None
[2025-05-07T19:40:58.254+0000] {logging_mixin.py:188} INFO - [2025-05-07T19:40:58.253+0000] {dag.py:3823} INFO - Setting next_dagrun for dataset_produces_1 to 2025-05-06 00:00:00+00:00, run_after=2025-05-07 00:00:00+00:00
[2025-05-07T19:40:58.257+0000] {logging_mixin.py:188} INFO - [2025-05-07T19:40:58.257+0000] {dag.py:3823} INFO - Setting next_dagrun for dataset_produces_2 to None, run_after=None
[2025-05-07T19:40:58.308+0000] {processor.py:183} INFO - Processing /home/airflow/.local/lib/python3.8/site-packages/airflow/example_dags/example_datasets.py took 0.193 seconds
[2025-05-07T19:41:28.571+0000] {processor.py:161} INFO - Started process (PID=1002) to work on /home/airflow/.local/lib/python3.8/site-packages/airflow/example_dags/example_datasets.py
[2025-05-07T19:41:28.575+0000] {processor.py:830} INFO - Processing file /home/airflow/.local/lib/python3.8/site-packages/airflow/example_dags/example_datasets.py for tasks to queue
[2025-05-07T19:41:28.582+0000] {logging_mixin.py:188} INFO - [2025-05-07T19:41:28.581+0000] {dagbag.py:538} INFO - Filling up the DagBag from /home/airflow/.local/lib/python3.8/site-packages/airflow/example_dags/example_datasets.py
[2025-05-07T19:41:28.598+0000] {processor.py:840} INFO - DAG(s) 'dataset_consumes_1_and_2', 'dataset_consumes_unknown_never_scheduled', 'dataset_consumes_1', 'dataset_produces_2', 'dataset_consumes_1_never_scheduled', 'dataset_produces_1' retrieved from /home/airflow/.local/lib/python3.8/site-packages/airflow/example_dags/example_datasets.py
[2025-05-07T19:41:28.661+0000] {logging_mixin.py:188} INFO - [2025-05-07T19:41:28.661+0000] {dag.py:3036} INFO - Sync 6 DAGs
[2025-05-07T19:41:28.708+0000] {logging_mixin.py:188} INFO - [2025-05-07T19:41:28.707+0000] {dag.py:3823} INFO - Setting next_dagrun for dataset_consumes_1 to None, run_after=None
[2025-05-07T19:41:28.718+0000] {logging_mixin.py:188} INFO - [2025-05-07T19:41:28.717+0000] {dag.py:3823} INFO - Setting next_dagrun for dataset_consumes_1_and_2 to None, run_after=None
[2025-05-07T19:41:28.721+0000] {logging_mixin.py:188} INFO - [2025-05-07T19:41:28.721+0000] {dag.py:3823} INFO - Setting next_dagrun for dataset_consumes_1_never_scheduled to None, run_after=None
[2025-05-07T19:41:28.724+0000] {logging_mixin.py:188} INFO - [2025-05-07T19:41:28.723+0000] {dag.py:3823} INFO - Setting next_dagrun for dataset_consumes_unknown_never_scheduled to None, run_after=None
[2025-05-07T19:41:28.728+0000] {logging_mixin.py:188} INFO - [2025-05-07T19:41:28.727+0000] {dag.py:3823} INFO - Setting next_dagrun for dataset_produces_1 to 2025-05-06 00:00:00+00:00, run_after=2025-05-07 00:00:00+00:00
[2025-05-07T19:41:28.731+0000] {logging_mixin.py:188} INFO - [2025-05-07T19:41:28.730+0000] {dag.py:3823} INFO - Setting next_dagrun for dataset_produces_2 to None, run_after=None
[2025-05-07T19:41:28.768+0000] {processor.py:183} INFO - Processing /home/airflow/.local/lib/python3.8/site-packages/airflow/example_dags/example_datasets.py took 0.202 seconds
[2025-05-07T19:41:58.913+0000] {processor.py:161} INFO - Started process (PID=1059) to work on /home/airflow/.local/lib/python3.8/site-packages/airflow/example_dags/example_datasets.py
[2025-05-07T19:41:58.914+0000] {processor.py:830} INFO - Processing file /home/airflow/.local/lib/python3.8/site-packages/airflow/example_dags/example_datasets.py for tasks to queue
[2025-05-07T19:41:58.916+0000] {logging_mixin.py:188} INFO - [2025-05-07T19:41:58.916+0000] {dagbag.py:538} INFO - Filling up the DagBag from /home/airflow/.local/lib/python3.8/site-packages/airflow/example_dags/example_datasets.py
[2025-05-07T19:41:58.928+0000] {processor.py:840} INFO - DAG(s) 'dataset_produces_1', 'dataset_consumes_unknown_never_scheduled', 'dataset_consumes_1_and_2', 'dataset_consumes_1', 'dataset_produces_2', 'dataset_consumes_1_never_scheduled' retrieved from /home/airflow/.local/lib/python3.8/site-packages/airflow/example_dags/example_datasets.py
[2025-05-07T19:41:58.974+0000] {logging_mixin.py:188} INFO - [2025-05-07T19:41:58.974+0000] {dag.py:3036} INFO - Sync 6 DAGs
[2025-05-07T19:41:58.997+0000] {logging_mixin.py:188} INFO - [2025-05-07T19:41:58.997+0000] {dag.py:3823} INFO - Setting next_dagrun for dataset_consumes_1 to None, run_after=None
[2025-05-07T19:41:59.001+0000] {logging_mixin.py:188} INFO - [2025-05-07T19:41:59.001+0000] {dag.py:3823} INFO - Setting next_dagrun for dataset_consumes_1_and_2 to None, run_after=None
[2025-05-07T19:41:59.003+0000] {logging_mixin.py:188} INFO - [2025-05-07T19:41:59.003+0000] {dag.py:3823} INFO - Setting next_dagrun for dataset_consumes_1_never_scheduled to None, run_after=None
[2025-05-07T19:41:59.005+0000] {logging_mixin.py:188} INFO - [2025-05-07T19:41:59.005+0000] {dag.py:3823} INFO - Setting next_dagrun for dataset_consumes_unknown_never_scheduled to None, run_after=None
[2025-05-07T19:41:59.008+0000] {logging_mixin.py:188} INFO - [2025-05-07T19:41:59.008+0000] {dag.py:3823} INFO - Setting next_dagrun for dataset_produces_1 to 2025-05-06 00:00:00+00:00, run_after=2025-05-07 00:00:00+00:00
[2025-05-07T19:41:59.011+0000] {logging_mixin.py:188} INFO - [2025-05-07T19:41:59.010+0000] {dag.py:3823} INFO - Setting next_dagrun for dataset_produces_2 to None, run_after=None
[2025-05-07T19:41:59.045+0000] {processor.py:183} INFO - Processing /home/airflow/.local/lib/python3.8/site-packages/airflow/example_dags/example_datasets.py took 0.138 seconds
[2025-05-07T19:42:29.365+0000] {processor.py:161} INFO - Started process (PID=1115) to work on /home/airflow/.local/lib/python3.8/site-packages/airflow/example_dags/example_datasets.py
[2025-05-07T19:42:29.366+0000] {processor.py:830} INFO - Processing file /home/airflow/.local/lib/python3.8/site-packages/airflow/example_dags/example_datasets.py for tasks to queue
[2025-05-07T19:42:29.369+0000] {logging_mixin.py:188} INFO - [2025-05-07T19:42:29.368+0000] {dagbag.py:538} INFO - Filling up the DagBag from /home/airflow/.local/lib/python3.8/site-packages/airflow/example_dags/example_datasets.py
[2025-05-07T19:42:29.378+0000] {processor.py:840} INFO - DAG(s) 'dataset_consumes_unknown_never_scheduled', 'dataset_consumes_1_never_scheduled', 'dataset_produces_2', 'dataset_consumes_1', 'dataset_produces_1', 'dataset_consumes_1_and_2' retrieved from /home/airflow/.local/lib/python3.8/site-packages/airflow/example_dags/example_datasets.py
[2025-05-07T19:42:29.413+0000] {logging_mixin.py:188} INFO - [2025-05-07T19:42:29.413+0000] {dag.py:3036} INFO - Sync 6 DAGs
[2025-05-07T19:42:29.434+0000] {logging_mixin.py:188} INFO - [2025-05-07T19:42:29.434+0000] {dag.py:3823} INFO - Setting next_dagrun for dataset_consumes_1 to None, run_after=None
[2025-05-07T19:42:29.438+0000] {logging_mixin.py:188} INFO - [2025-05-07T19:42:29.438+0000] {dag.py:3823} INFO - Setting next_dagrun for dataset_consumes_1_and_2 to None, run_after=None
[2025-05-07T19:42:29.440+0000] {logging_mixin.py:188} INFO - [2025-05-07T19:42:29.440+0000] {dag.py:3823} INFO - Setting next_dagrun for dataset_consumes_1_never_scheduled to None, run_after=None
[2025-05-07T19:42:29.443+0000] {logging_mixin.py:188} INFO - [2025-05-07T19:42:29.443+0000] {dag.py:3823} INFO - Setting next_dagrun for dataset_consumes_unknown_never_scheduled to None, run_after=None
[2025-05-07T19:42:29.448+0000] {logging_mixin.py:188} INFO - [2025-05-07T19:42:29.448+0000] {dag.py:3823} INFO - Setting next_dagrun for dataset_produces_1 to 2025-05-06 00:00:00+00:00, run_after=2025-05-07 00:00:00+00:00
[2025-05-07T19:42:29.454+0000] {logging_mixin.py:188} INFO - [2025-05-07T19:42:29.454+0000] {dag.py:3823} INFO - Setting next_dagrun for dataset_produces_2 to None, run_after=None
[2025-05-07T19:42:29.495+0000] {processor.py:183} INFO - Processing /home/airflow/.local/lib/python3.8/site-packages/airflow/example_dags/example_datasets.py took 0.133 seconds
[2025-05-07T19:43:00.186+0000] {processor.py:161} INFO - Started process (PID=1172) to work on /home/airflow/.local/lib/python3.8/site-packages/airflow/example_dags/example_datasets.py
[2025-05-07T19:43:00.188+0000] {processor.py:830} INFO - Processing file /home/airflow/.local/lib/python3.8/site-packages/airflow/example_dags/example_datasets.py for tasks to queue
[2025-05-07T19:43:00.190+0000] {logging_mixin.py:188} INFO - [2025-05-07T19:43:00.190+0000] {dagbag.py:538} INFO - Filling up the DagBag from /home/airflow/.local/lib/python3.8/site-packages/airflow/example_dags/example_datasets.py
[2025-05-07T19:43:00.202+0000] {processor.py:840} INFO - DAG(s) 'dataset_consumes_1_and_2', 'dataset_consumes_unknown_never_scheduled', 'dataset_produces_1', 'dataset_consumes_1_never_scheduled', 'dataset_consumes_1', 'dataset_produces_2' retrieved from /home/airflow/.local/lib/python3.8/site-packages/airflow/example_dags/example_datasets.py
[2025-05-07T19:43:00.237+0000] {logging_mixin.py:188} INFO - [2025-05-07T19:43:00.237+0000] {dag.py:3036} INFO - Sync 6 DAGs
[2025-05-07T19:43:00.260+0000] {logging_mixin.py:188} INFO - [2025-05-07T19:43:00.260+0000] {dag.py:3823} INFO - Setting next_dagrun for dataset_consumes_1 to None, run_after=None
[2025-05-07T19:43:00.266+0000] {logging_mixin.py:188} INFO - [2025-05-07T19:43:00.266+0000] {dag.py:3823} INFO - Setting next_dagrun for dataset_consumes_1_and_2 to None, run_after=None
[2025-05-07T19:43:00.268+0000] {logging_mixin.py:188} INFO - [2025-05-07T19:43:00.267+0000] {dag.py:3823} INFO - Setting next_dagrun for dataset_consumes_1_never_scheduled to None, run_after=None
[2025-05-07T19:43:00.269+0000] {logging_mixin.py:188} INFO - [2025-05-07T19:43:00.269+0000] {dag.py:3823} INFO - Setting next_dagrun for dataset_consumes_unknown_never_scheduled to None, run_after=None
[2025-05-07T19:43:00.272+0000] {logging_mixin.py:188} INFO - [2025-05-07T19:43:00.272+0000] {dag.py:3823} INFO - Setting next_dagrun for dataset_produces_1 to 2025-05-06 00:00:00+00:00, run_after=2025-05-07 00:00:00+00:00
[2025-05-07T19:43:00.274+0000] {logging_mixin.py:188} INFO - [2025-05-07T19:43:00.274+0000] {dag.py:3823} INFO - Setting next_dagrun for dataset_produces_2 to None, run_after=None
[2025-05-07T19:43:00.306+0000] {processor.py:183} INFO - Processing /home/airflow/.local/lib/python3.8/site-packages/airflow/example_dags/example_datasets.py took 0.123 seconds
[2025-05-07T19:43:31.348+0000] {processor.py:161} INFO - Started process (PID=1229) to work on /home/airflow/.local/lib/python3.8/site-packages/airflow/example_dags/example_datasets.py
[2025-05-07T19:43:31.351+0000] {processor.py:830} INFO - Processing file /home/airflow/.local/lib/python3.8/site-packages/airflow/example_dags/example_datasets.py for tasks to queue
[2025-05-07T19:43:31.354+0000] {logging_mixin.py:188} INFO - [2025-05-07T19:43:31.353+0000] {dagbag.py:538} INFO - Filling up the DagBag from /home/airflow/.local/lib/python3.8/site-packages/airflow/example_dags/example_datasets.py
[2025-05-07T19:43:31.363+0000] {processor.py:840} INFO - DAG(s) 'dataset_consumes_1_and_2', 'dataset_consumes_unknown_never_scheduled', 'dataset_consumes_1_never_scheduled', 'dataset_consumes_1', 'dataset_produces_2', 'dataset_produces_1' retrieved from /home/airflow/.local/lib/python3.8/site-packages/airflow/example_dags/example_datasets.py
[2025-05-07T19:43:31.411+0000] {logging_mixin.py:188} INFO - [2025-05-07T19:43:31.411+0000] {dag.py:3036} INFO - Sync 6 DAGs
[2025-05-07T19:43:31.440+0000] {logging_mixin.py:188} INFO - [2025-05-07T19:43:31.439+0000] {dag.py:3823} INFO - Setting next_dagrun for dataset_consumes_1 to None, run_after=None
[2025-05-07T19:43:31.446+0000] {logging_mixin.py:188} INFO - [2025-05-07T19:43:31.446+0000] {dag.py:3823} INFO - Setting next_dagrun for dataset_consumes_1_and_2 to None, run_after=None
[2025-05-07T19:43:31.448+0000] {logging_mixin.py:188} INFO - [2025-05-07T19:43:31.448+0000] {dag.py:3823} INFO - Setting next_dagrun for dataset_consumes_1_never_scheduled to None, run_after=None
[2025-05-07T19:43:31.451+0000] {logging_mixin.py:188} INFO - [2025-05-07T19:43:31.450+0000] {dag.py:3823} INFO - Setting next_dagrun for dataset_consumes_unknown_never_scheduled to None, run_after=None
[2025-05-07T19:43:31.454+0000] {logging_mixin.py:188} INFO - [2025-05-07T19:43:31.454+0000] {dag.py:3823} INFO - Setting next_dagrun for dataset_produces_1 to 2025-05-06 00:00:00+00:00, run_after=2025-05-07 00:00:00+00:00
[2025-05-07T19:43:31.457+0000] {logging_mixin.py:188} INFO - [2025-05-07T19:43:31.457+0000] {dag.py:3823} INFO - Setting next_dagrun for dataset_produces_2 to None, run_after=None
[2025-05-07T19:43:31.493+0000] {processor.py:183} INFO - Processing /home/airflow/.local/lib/python3.8/site-packages/airflow/example_dags/example_datasets.py took 0.148 seconds
[2025-05-07T19:44:01.553+0000] {processor.py:161} INFO - Started process (PID=1286) to work on /home/airflow/.local/lib/python3.8/site-packages/airflow/example_dags/example_datasets.py
[2025-05-07T19:44:01.555+0000] {processor.py:830} INFO - Processing file /home/airflow/.local/lib/python3.8/site-packages/airflow/example_dags/example_datasets.py for tasks to queue
[2025-05-07T19:44:01.556+0000] {logging_mixin.py:188} INFO - [2025-05-07T19:44:01.556+0000] {dagbag.py:538} INFO - Filling up the DagBag from /home/airflow/.local/lib/python3.8/site-packages/airflow/example_dags/example_datasets.py
[2025-05-07T19:44:01.566+0000] {processor.py:840} INFO - DAG(s) 'dataset_consumes_1', 'dataset_consumes_1_and_2', 'dataset_consumes_unknown_never_scheduled', 'dataset_produces_1', 'dataset_produces_2', 'dataset_consumes_1_never_scheduled' retrieved from /home/airflow/.local/lib/python3.8/site-packages/airflow/example_dags/example_datasets.py
[2025-05-07T19:44:01.598+0000] {logging_mixin.py:188} INFO - [2025-05-07T19:44:01.598+0000] {dag.py:3036} INFO - Sync 6 DAGs
[2025-05-07T19:44:01.618+0000] {logging_mixin.py:188} INFO - [2025-05-07T19:44:01.618+0000] {dag.py:3823} INFO - Setting next_dagrun for dataset_consumes_1 to None, run_after=None
[2025-05-07T19:44:01.623+0000] {logging_mixin.py:188} INFO - [2025-05-07T19:44:01.622+0000] {dag.py:3823} INFO - Setting next_dagrun for dataset_consumes_1_and_2 to None, run_after=None
[2025-05-07T19:44:01.624+0000] {logging_mixin.py:188} INFO - [2025-05-07T19:44:01.624+0000] {dag.py:3823} INFO - Setting next_dagrun for dataset_consumes_1_never_scheduled to None, run_after=None
[2025-05-07T19:44:01.626+0000] {logging_mixin.py:188} INFO - [2025-05-07T19:44:01.626+0000] {dag.py:3823} INFO - Setting next_dagrun for dataset_consumes_unknown_never_scheduled to None, run_after=None
[2025-05-07T19:44:01.629+0000] {logging_mixin.py:188} INFO - [2025-05-07T19:44:01.629+0000] {dag.py:3823} INFO - Setting next_dagrun for dataset_produces_1 to 2025-05-06 00:00:00+00:00, run_after=2025-05-07 00:00:00+00:00
[2025-05-07T19:44:01.631+0000] {logging_mixin.py:188} INFO - [2025-05-07T19:44:01.631+0000] {dag.py:3823} INFO - Setting next_dagrun for dataset_produces_2 to None, run_after=None
[2025-05-07T19:44:01.660+0000] {processor.py:183} INFO - Processing /home/airflow/.local/lib/python3.8/site-packages/airflow/example_dags/example_datasets.py took 0.110 seconds
[2025-05-07T19:44:31.850+0000] {processor.py:161} INFO - Started process (PID=1343) to work on /home/airflow/.local/lib/python3.8/site-packages/airflow/example_dags/example_datasets.py
[2025-05-07T19:44:31.851+0000] {processor.py:830} INFO - Processing file /home/airflow/.local/lib/python3.8/site-packages/airflow/example_dags/example_datasets.py for tasks to queue
[2025-05-07T19:44:31.853+0000] {logging_mixin.py:188} INFO - [2025-05-07T19:44:31.853+0000] {dagbag.py:538} INFO - Filling up the DagBag from /home/airflow/.local/lib/python3.8/site-packages/airflow/example_dags/example_datasets.py
[2025-05-07T19:44:31.862+0000] {processor.py:840} INFO - DAG(s) 'dataset_consumes_1', 'dataset_consumes_1_and_2', 'dataset_consumes_unknown_never_scheduled', 'dataset_produces_1', 'dataset_produces_2', 'dataset_consumes_1_never_scheduled' retrieved from /home/airflow/.local/lib/python3.8/site-packages/airflow/example_dags/example_datasets.py
[2025-05-07T19:44:31.895+0000] {logging_mixin.py:188} INFO - [2025-05-07T19:44:31.895+0000] {dag.py:3036} INFO - Sync 6 DAGs
[2025-05-07T19:44:31.916+0000] {logging_mixin.py:188} INFO - [2025-05-07T19:44:31.916+0000] {dag.py:3823} INFO - Setting next_dagrun for dataset_consumes_1 to None, run_after=None
[2025-05-07T19:44:31.920+0000] {logging_mixin.py:188} INFO - [2025-05-07T19:44:31.919+0000] {dag.py:3823} INFO - Setting next_dagrun for dataset_consumes_1_and_2 to None, run_after=None
[2025-05-07T19:44:31.921+0000] {logging_mixin.py:188} INFO - [2025-05-07T19:44:31.921+0000] {dag.py:3823} INFO - Setting next_dagrun for dataset_consumes_1_never_scheduled to None, run_after=None
[2025-05-07T19:44:31.923+0000] {logging_mixin.py:188} INFO - [2025-05-07T19:44:31.923+0000] {dag.py:3823} INFO - Setting next_dagrun for dataset_consumes_unknown_never_scheduled to None, run_after=None
[2025-05-07T19:44:31.927+0000] {logging_mixin.py:188} INFO - [2025-05-07T19:44:31.927+0000] {dag.py:3823} INFO - Setting next_dagrun for dataset_produces_1 to 2025-05-06 00:00:00+00:00, run_after=2025-05-07 00:00:00+00:00
[2025-05-07T19:44:31.928+0000] {logging_mixin.py:188} INFO - [2025-05-07T19:44:31.928+0000] {dag.py:3823} INFO - Setting next_dagrun for dataset_produces_2 to None, run_after=None
[2025-05-07T19:44:31.969+0000] {processor.py:183} INFO - Processing /home/airflow/.local/lib/python3.8/site-packages/airflow/example_dags/example_datasets.py took 0.123 seconds
[2025-05-07T19:45:02.485+0000] {processor.py:161} INFO - Started process (PID=1400) to work on /home/airflow/.local/lib/python3.8/site-packages/airflow/example_dags/example_datasets.py
[2025-05-07T19:45:02.487+0000] {processor.py:830} INFO - Processing file /home/airflow/.local/lib/python3.8/site-packages/airflow/example_dags/example_datasets.py for tasks to queue
[2025-05-07T19:45:02.489+0000] {logging_mixin.py:188} INFO - [2025-05-07T19:45:02.489+0000] {dagbag.py:538} INFO - Filling up the DagBag from /home/airflow/.local/lib/python3.8/site-packages/airflow/example_dags/example_datasets.py
[2025-05-07T19:45:02.499+0000] {processor.py:840} INFO - DAG(s) 'dataset_produces_2', 'dataset_consumes_1', 'dataset_consumes_1_never_scheduled', 'dataset_produces_1', 'dataset_consumes_1_and_2', 'dataset_consumes_unknown_never_scheduled' retrieved from /home/airflow/.local/lib/python3.8/site-packages/airflow/example_dags/example_datasets.py
[2025-05-07T19:45:02.537+0000] {logging_mixin.py:188} INFO - [2025-05-07T19:45:02.537+0000] {dag.py:3036} INFO - Sync 6 DAGs
[2025-05-07T19:45:02.561+0000] {logging_mixin.py:188} INFO - [2025-05-07T19:45:02.561+0000] {dag.py:3823} INFO - Setting next_dagrun for dataset_consumes_1 to None, run_after=None
[2025-05-07T19:45:02.566+0000] {logging_mixin.py:188} INFO - [2025-05-07T19:45:02.566+0000] {dag.py:3823} INFO - Setting next_dagrun for dataset_consumes_1_and_2 to None, run_after=None
[2025-05-07T19:45:02.568+0000] {logging_mixin.py:188} INFO - [2025-05-07T19:45:02.567+0000] {dag.py:3823} INFO - Setting next_dagrun for dataset_consumes_1_never_scheduled to None, run_after=None
[2025-05-07T19:45:02.571+0000] {logging_mixin.py:188} INFO - [2025-05-07T19:45:02.570+0000] {dag.py:3823} INFO - Setting next_dagrun for dataset_consumes_unknown_never_scheduled to None, run_after=None
[2025-05-07T19:45:02.574+0000] {logging_mixin.py:188} INFO - [2025-05-07T19:45:02.574+0000] {dag.py:3823} INFO - Setting next_dagrun for dataset_produces_1 to 2025-05-06 00:00:00+00:00, run_after=2025-05-07 00:00:00+00:00
[2025-05-07T19:45:02.576+0000] {logging_mixin.py:188} INFO - [2025-05-07T19:45:02.576+0000] {dag.py:3823} INFO - Setting next_dagrun for dataset_produces_2 to None, run_after=None
[2025-05-07T19:45:02.625+0000] {processor.py:183} INFO - Processing /home/airflow/.local/lib/python3.8/site-packages/airflow/example_dags/example_datasets.py took 0.143 seconds
[2025-05-07T19:45:33.210+0000] {processor.py:161} INFO - Started process (PID=1457) to work on /home/airflow/.local/lib/python3.8/site-packages/airflow/example_dags/example_datasets.py
[2025-05-07T19:45:33.212+0000] {processor.py:830} INFO - Processing file /home/airflow/.local/lib/python3.8/site-packages/airflow/example_dags/example_datasets.py for tasks to queue
[2025-05-07T19:45:33.214+0000] {logging_mixin.py:188} INFO - [2025-05-07T19:45:33.214+0000] {dagbag.py:538} INFO - Filling up the DagBag from /home/airflow/.local/lib/python3.8/site-packages/airflow/example_dags/example_datasets.py
[2025-05-07T19:45:33.225+0000] {processor.py:840} INFO - DAG(s) 'dataset_produces_2', 'dataset_consumes_unknown_never_scheduled', 'dataset_produces_1', 'dataset_consumes_1_and_2', 'dataset_consumes_1', 'dataset_consumes_1_never_scheduled' retrieved from /home/airflow/.local/lib/python3.8/site-packages/airflow/example_dags/example_datasets.py
[2025-05-07T19:45:33.266+0000] {logging_mixin.py:188} INFO - [2025-05-07T19:45:33.266+0000] {dag.py:3036} INFO - Sync 6 DAGs
[2025-05-07T19:45:33.291+0000] {logging_mixin.py:188} INFO - [2025-05-07T19:45:33.291+0000] {dag.py:3823} INFO - Setting next_dagrun for dataset_consumes_1 to None, run_after=None
[2025-05-07T19:45:33.295+0000] {logging_mixin.py:188} INFO - [2025-05-07T19:45:33.295+0000] {dag.py:3823} INFO - Setting next_dagrun for dataset_consumes_1_and_2 to None, run_after=None
[2025-05-07T19:45:33.297+0000] {logging_mixin.py:188} INFO - [2025-05-07T19:45:33.297+0000] {dag.py:3823} INFO - Setting next_dagrun for dataset_consumes_1_never_scheduled to None, run_after=None
[2025-05-07T19:45:33.299+0000] {logging_mixin.py:188} INFO - [2025-05-07T19:45:33.299+0000] {dag.py:3823} INFO - Setting next_dagrun for dataset_consumes_unknown_never_scheduled to None, run_after=None
[2025-05-07T19:45:33.303+0000] {logging_mixin.py:188} INFO - [2025-05-07T19:45:33.303+0000] {dag.py:3823} INFO - Setting next_dagrun for dataset_produces_1 to 2025-05-06 00:00:00+00:00, run_after=2025-05-07 00:00:00+00:00
[2025-05-07T19:45:33.305+0000] {logging_mixin.py:188} INFO - [2025-05-07T19:45:33.305+0000] {dag.py:3823} INFO - Setting next_dagrun for dataset_produces_2 to None, run_after=None
[2025-05-07T19:45:33.342+0000] {processor.py:183} INFO - Processing /home/airflow/.local/lib/python3.8/site-packages/airflow/example_dags/example_datasets.py took 0.136 seconds
[2025-05-07T19:46:03.735+0000] {processor.py:161} INFO - Started process (PID=1514) to work on /home/airflow/.local/lib/python3.8/site-packages/airflow/example_dags/example_datasets.py
[2025-05-07T19:46:03.739+0000] {processor.py:830} INFO - Processing file /home/airflow/.local/lib/python3.8/site-packages/airflow/example_dags/example_datasets.py for tasks to queue
[2025-05-07T19:46:03.745+0000] {logging_mixin.py:188} INFO - [2025-05-07T19:46:03.744+0000] {dagbag.py:538} INFO - Filling up the DagBag from /home/airflow/.local/lib/python3.8/site-packages/airflow/example_dags/example_datasets.py
[2025-05-07T19:46:03.760+0000] {processor.py:840} INFO - DAG(s) 'dataset_consumes_1', 'dataset_consumes_1_and_2', 'dataset_produces_1', 'dataset_consumes_unknown_never_scheduled', 'dataset_produces_2', 'dataset_consumes_1_never_scheduled' retrieved from /home/airflow/.local/lib/python3.8/site-packages/airflow/example_dags/example_datasets.py
[2025-05-07T19:46:03.801+0000] {logging_mixin.py:188} INFO - [2025-05-07T19:46:03.801+0000] {dag.py:3036} INFO - Sync 6 DAGs
[2025-05-07T19:46:03.823+0000] {logging_mixin.py:188} INFO - [2025-05-07T19:46:03.823+0000] {dag.py:3823} INFO - Setting next_dagrun for dataset_consumes_1 to None, run_after=None
[2025-05-07T19:46:03.827+0000] {logging_mixin.py:188} INFO - [2025-05-07T19:46:03.827+0000] {dag.py:3823} INFO - Setting next_dagrun for dataset_consumes_1_and_2 to None, run_after=None
[2025-05-07T19:46:03.830+0000] {logging_mixin.py:188} INFO - [2025-05-07T19:46:03.829+0000] {dag.py:3823} INFO - Setting next_dagrun for dataset_consumes_1_never_scheduled to None, run_after=None
[2025-05-07T19:46:03.833+0000] {logging_mixin.py:188} INFO - [2025-05-07T19:46:03.833+0000] {dag.py:3823} INFO - Setting next_dagrun for dataset_consumes_unknown_never_scheduled to None, run_after=None
[2025-05-07T19:46:03.839+0000] {logging_mixin.py:188} INFO - [2025-05-07T19:46:03.838+0000] {dag.py:3823} INFO - Setting next_dagrun for dataset_produces_1 to 2025-05-06 00:00:00+00:00, run_after=2025-05-07 00:00:00+00:00
[2025-05-07T19:46:03.841+0000] {logging_mixin.py:188} INFO - [2025-05-07T19:46:03.841+0000] {dag.py:3823} INFO - Setting next_dagrun for dataset_produces_2 to None, run_after=None
[2025-05-07T19:46:03.876+0000] {processor.py:183} INFO - Processing /home/airflow/.local/lib/python3.8/site-packages/airflow/example_dags/example_datasets.py took 0.148 seconds
[2025-05-07T19:46:34.031+0000] {processor.py:161} INFO - Started process (PID=1571) to work on /home/airflow/.local/lib/python3.8/site-packages/airflow/example_dags/example_datasets.py
[2025-05-07T19:46:34.033+0000] {processor.py:830} INFO - Processing file /home/airflow/.local/lib/python3.8/site-packages/airflow/example_dags/example_datasets.py for tasks to queue
[2025-05-07T19:46:34.036+0000] {logging_mixin.py:188} INFO - [2025-05-07T19:46:34.035+0000] {dagbag.py:538} INFO - Filling up the DagBag from /home/airflow/.local/lib/python3.8/site-packages/airflow/example_dags/example_datasets.py
[2025-05-07T19:46:34.045+0000] {processor.py:840} INFO - DAG(s) 'dataset_produces_1', 'dataset_consumes_1_and_2', 'dataset_produces_2', 'dataset_consumes_1', 'dataset_consumes_unknown_never_scheduled', 'dataset_consumes_1_never_scheduled' retrieved from /home/airflow/.local/lib/python3.8/site-packages/airflow/example_dags/example_datasets.py
[2025-05-07T19:46:34.079+0000] {logging_mixin.py:188} INFO - [2025-05-07T19:46:34.078+0000] {dag.py:3036} INFO - Sync 6 DAGs
[2025-05-07T19:46:34.100+0000] {logging_mixin.py:188} INFO - [2025-05-07T19:46:34.100+0000] {dag.py:3823} INFO - Setting next_dagrun for dataset_consumes_1 to None, run_after=None
[2025-05-07T19:46:34.104+0000] {logging_mixin.py:188} INFO - [2025-05-07T19:46:34.104+0000] {dag.py:3823} INFO - Setting next_dagrun for dataset_consumes_1_and_2 to None, run_after=None
[2025-05-07T19:46:34.105+0000] {logging_mixin.py:188} INFO - [2025-05-07T19:46:34.105+0000] {dag.py:3823} INFO - Setting next_dagrun for dataset_consumes_1_never_scheduled to None, run_after=None
[2025-05-07T19:46:34.107+0000] {logging_mixin.py:188} INFO - [2025-05-07T19:46:34.107+0000] {dag.py:3823} INFO - Setting next_dagrun for dataset_consumes_unknown_never_scheduled to None, run_after=None
[2025-05-07T19:46:34.111+0000] {logging_mixin.py:188} INFO - [2025-05-07T19:46:34.110+0000] {dag.py:3823} INFO - Setting next_dagrun for dataset_produces_1 to 2025-05-06 00:00:00+00:00, run_after=2025-05-07 00:00:00+00:00
[2025-05-07T19:46:34.112+0000] {logging_mixin.py:188} INFO - [2025-05-07T19:46:34.112+0000] {dag.py:3823} INFO - Setting next_dagrun for dataset_produces_2 to None, run_after=None
[2025-05-07T19:46:34.142+0000] {processor.py:183} INFO - Processing /home/airflow/.local/lib/python3.8/site-packages/airflow/example_dags/example_datasets.py took 0.114 seconds
[2025-05-07T19:47:05.210+0000] {processor.py:161} INFO - Started process (PID=1629) to work on /home/airflow/.local/lib/python3.8/site-packages/airflow/example_dags/example_datasets.py
[2025-05-07T19:47:05.211+0000] {processor.py:830} INFO - Processing file /home/airflow/.local/lib/python3.8/site-packages/airflow/example_dags/example_datasets.py for tasks to queue
[2025-05-07T19:47:05.213+0000] {logging_mixin.py:188} INFO - [2025-05-07T19:47:05.213+0000] {dagbag.py:538} INFO - Filling up the DagBag from /home/airflow/.local/lib/python3.8/site-packages/airflow/example_dags/example_datasets.py
[2025-05-07T19:47:05.223+0000] {processor.py:840} INFO - DAG(s) 'dataset_consumes_1_and_2', 'dataset_consumes_unknown_never_scheduled', 'dataset_consumes_1', 'dataset_consumes_1_never_scheduled', 'dataset_produces_2', 'dataset_produces_1' retrieved from /home/airflow/.local/lib/python3.8/site-packages/airflow/example_dags/example_datasets.py
[2025-05-07T19:47:05.257+0000] {logging_mixin.py:188} INFO - [2025-05-07T19:47:05.257+0000] {dag.py:3036} INFO - Sync 6 DAGs
[2025-05-07T19:47:05.278+0000] {logging_mixin.py:188} INFO - [2025-05-07T19:47:05.277+0000] {dag.py:3823} INFO - Setting next_dagrun for dataset_consumes_1 to None, run_after=None
[2025-05-07T19:47:05.281+0000] {logging_mixin.py:188} INFO - [2025-05-07T19:47:05.281+0000] {dag.py:3823} INFO - Setting next_dagrun for dataset_consumes_1_and_2 to None, run_after=None
[2025-05-07T19:47:05.283+0000] {logging_mixin.py:188} INFO - [2025-05-07T19:47:05.283+0000] {dag.py:3823} INFO - Setting next_dagrun for dataset_consumes_1_never_scheduled to None, run_after=None
[2025-05-07T19:47:05.285+0000] {logging_mixin.py:188} INFO - [2025-05-07T19:47:05.284+0000] {dag.py:3823} INFO - Setting next_dagrun for dataset_consumes_unknown_never_scheduled to None, run_after=None
[2025-05-07T19:47:05.287+0000] {logging_mixin.py:188} INFO - [2025-05-07T19:47:05.287+0000] {dag.py:3823} INFO - Setting next_dagrun for dataset_produces_1 to 2025-05-06 00:00:00+00:00, run_after=2025-05-07 00:00:00+00:00
[2025-05-07T19:47:05.289+0000] {logging_mixin.py:188} INFO - [2025-05-07T19:47:05.289+0000] {dag.py:3823} INFO - Setting next_dagrun for dataset_produces_2 to None, run_after=None
[2025-05-07T19:47:05.323+0000] {processor.py:183} INFO - Processing /home/airflow/.local/lib/python3.8/site-packages/airflow/example_dags/example_datasets.py took 0.118 seconds
[2025-05-07T19:47:36.113+0000] {processor.py:161} INFO - Started process (PID=1687) to work on /home/airflow/.local/lib/python3.8/site-packages/airflow/example_dags/example_datasets.py
[2025-05-07T19:47:36.118+0000] {processor.py:830} INFO - Processing file /home/airflow/.local/lib/python3.8/site-packages/airflow/example_dags/example_datasets.py for tasks to queue
[2025-05-07T19:47:36.123+0000] {logging_mixin.py:188} INFO - [2025-05-07T19:47:36.122+0000] {dagbag.py:538} INFO - Filling up the DagBag from /home/airflow/.local/lib/python3.8/site-packages/airflow/example_dags/example_datasets.py
[2025-05-07T19:47:36.146+0000] {processor.py:840} INFO - DAG(s) 'dataset_consumes_unknown_never_scheduled', 'dataset_consumes_1_and_2', 'dataset_produces_1', 'dataset_consumes_1_never_scheduled', 'dataset_consumes_1', 'dataset_produces_2' retrieved from /home/airflow/.local/lib/python3.8/site-packages/airflow/example_dags/example_datasets.py
[2025-05-07T19:47:36.200+0000] {logging_mixin.py:188} INFO - [2025-05-07T19:47:36.200+0000] {dag.py:3036} INFO - Sync 6 DAGs
[2025-05-07T19:47:36.224+0000] {logging_mixin.py:188} INFO - [2025-05-07T19:47:36.224+0000] {dag.py:3823} INFO - Setting next_dagrun for dataset_consumes_1 to None, run_after=None
[2025-05-07T19:47:36.229+0000] {logging_mixin.py:188} INFO - [2025-05-07T19:47:36.229+0000] {dag.py:3823} INFO - Setting next_dagrun for dataset_consumes_1_and_2 to None, run_after=None
[2025-05-07T19:47:36.234+0000] {logging_mixin.py:188} INFO - [2025-05-07T19:47:36.233+0000] {dag.py:3823} INFO - Setting next_dagrun for dataset_consumes_1_never_scheduled to None, run_after=None
[2025-05-07T19:47:36.236+0000] {logging_mixin.py:188} INFO - [2025-05-07T19:47:36.236+0000] {dag.py:3823} INFO - Setting next_dagrun for dataset_consumes_unknown_never_scheduled to None, run_after=None
[2025-05-07T19:47:36.241+0000] {logging_mixin.py:188} INFO - [2025-05-07T19:47:36.240+0000] {dag.py:3823} INFO - Setting next_dagrun for dataset_produces_1 to 2025-05-06 00:00:00+00:00, run_after=2025-05-07 00:00:00+00:00
[2025-05-07T19:47:36.243+0000] {logging_mixin.py:188} INFO - [2025-05-07T19:47:36.243+0000] {dag.py:3823} INFO - Setting next_dagrun for dataset_produces_2 to None, run_after=None
[2025-05-07T19:47:36.280+0000] {processor.py:183} INFO - Processing /home/airflow/.local/lib/python3.8/site-packages/airflow/example_dags/example_datasets.py took 0.175 seconds
[2025-05-07T19:48:06.378+0000] {processor.py:161} INFO - Started process (PID=1744) to work on /home/airflow/.local/lib/python3.8/site-packages/airflow/example_dags/example_datasets.py
[2025-05-07T19:48:06.380+0000] {processor.py:830} INFO - Processing file /home/airflow/.local/lib/python3.8/site-packages/airflow/example_dags/example_datasets.py for tasks to queue
[2025-05-07T19:48:06.383+0000] {logging_mixin.py:188} INFO - [2025-05-07T19:48:06.383+0000] {dagbag.py:538} INFO - Filling up the DagBag from /home/airflow/.local/lib/python3.8/site-packages/airflow/example_dags/example_datasets.py
[2025-05-07T19:48:06.395+0000] {processor.py:840} INFO - DAG(s) 'dataset_produces_2', 'dataset_consumes_1', 'dataset_consumes_1_never_scheduled', 'dataset_produces_1', 'dataset_consumes_1_and_2', 'dataset_consumes_unknown_never_scheduled' retrieved from /home/airflow/.local/lib/python3.8/site-packages/airflow/example_dags/example_datasets.py
[2025-05-07T19:48:06.435+0000] {logging_mixin.py:188} INFO - [2025-05-07T19:48:06.434+0000] {dag.py:3036} INFO - Sync 6 DAGs
[2025-05-07T19:48:06.460+0000] {logging_mixin.py:188} INFO - [2025-05-07T19:48:06.460+0000] {dag.py:3823} INFO - Setting next_dagrun for dataset_consumes_1 to None, run_after=None
[2025-05-07T19:48:06.465+0000] {logging_mixin.py:188} INFO - [2025-05-07T19:48:06.464+0000] {dag.py:3823} INFO - Setting next_dagrun for dataset_consumes_1_and_2 to None, run_after=None
[2025-05-07T19:48:06.468+0000] {logging_mixin.py:188} INFO - [2025-05-07T19:48:06.468+0000] {dag.py:3823} INFO - Setting next_dagrun for dataset_consumes_1_never_scheduled to None, run_after=None
[2025-05-07T19:48:06.472+0000] {logging_mixin.py:188} INFO - [2025-05-07T19:48:06.472+0000] {dag.py:3823} INFO - Setting next_dagrun for dataset_consumes_unknown_never_scheduled to None, run_after=None
[2025-05-07T19:48:06.477+0000] {logging_mixin.py:188} INFO - [2025-05-07T19:48:06.477+0000] {dag.py:3823} INFO - Setting next_dagrun for dataset_produces_1 to 2025-05-06 00:00:00+00:00, run_after=2025-05-07 00:00:00+00:00
[2025-05-07T19:48:06.480+0000] {logging_mixin.py:188} INFO - [2025-05-07T19:48:06.480+0000] {dag.py:3823} INFO - Setting next_dagrun for dataset_produces_2 to None, run_after=None
[2025-05-07T19:48:06.519+0000] {processor.py:183} INFO - Processing /home/airflow/.local/lib/python3.8/site-packages/airflow/example_dags/example_datasets.py took 0.148 seconds
[2025-05-07T19:48:36.664+0000] {processor.py:161} INFO - Started process (PID=1800) to work on /home/airflow/.local/lib/python3.8/site-packages/airflow/example_dags/example_datasets.py
[2025-05-07T19:48:36.665+0000] {processor.py:830} INFO - Processing file /home/airflow/.local/lib/python3.8/site-packages/airflow/example_dags/example_datasets.py for tasks to queue
[2025-05-07T19:48:36.667+0000] {logging_mixin.py:188} INFO - [2025-05-07T19:48:36.667+0000] {dagbag.py:538} INFO - Filling up the DagBag from /home/airflow/.local/lib/python3.8/site-packages/airflow/example_dags/example_datasets.py
[2025-05-07T19:48:36.676+0000] {processor.py:840} INFO - DAG(s) 'dataset_consumes_1_and_2', 'dataset_consumes_unknown_never_scheduled', 'dataset_consumes_1_never_scheduled', 'dataset_produces_1', 'dataset_consumes_1', 'dataset_produces_2' retrieved from /home/airflow/.local/lib/python3.8/site-packages/airflow/example_dags/example_datasets.py
[2025-05-07T19:48:36.709+0000] {logging_mixin.py:188} INFO - [2025-05-07T19:48:36.708+0000] {dag.py:3036} INFO - Sync 6 DAGs
[2025-05-07T19:48:36.730+0000] {logging_mixin.py:188} INFO - [2025-05-07T19:48:36.730+0000] {dag.py:3823} INFO - Setting next_dagrun for dataset_consumes_1 to None, run_after=None
[2025-05-07T19:48:36.734+0000] {logging_mixin.py:188} INFO - [2025-05-07T19:48:36.733+0000] {dag.py:3823} INFO - Setting next_dagrun for dataset_consumes_1_and_2 to None, run_after=None
[2025-05-07T19:48:36.735+0000] {logging_mixin.py:188} INFO - [2025-05-07T19:48:36.735+0000] {dag.py:3823} INFO - Setting next_dagrun for dataset_consumes_1_never_scheduled to None, run_after=None
[2025-05-07T19:48:36.737+0000] {logging_mixin.py:188} INFO - [2025-05-07T19:48:36.737+0000] {dag.py:3823} INFO - Setting next_dagrun for dataset_consumes_unknown_never_scheduled to None, run_after=None
[2025-05-07T19:48:36.742+0000] {logging_mixin.py:188} INFO - [2025-05-07T19:48:36.741+0000] {dag.py:3823} INFO - Setting next_dagrun for dataset_produces_1 to 2025-05-06 00:00:00+00:00, run_after=2025-05-07 00:00:00+00:00
[2025-05-07T19:48:36.746+0000] {logging_mixin.py:188} INFO - [2025-05-07T19:48:36.745+0000] {dag.py:3823} INFO - Setting next_dagrun for dataset_produces_2 to None, run_after=None
[2025-05-07T19:48:36.782+0000] {processor.py:183} INFO - Processing /home/airflow/.local/lib/python3.8/site-packages/airflow/example_dags/example_datasets.py took 0.121 seconds
[2025-05-07T19:49:07.494+0000] {processor.py:161} INFO - Started process (PID=1856) to work on /home/airflow/.local/lib/python3.8/site-packages/airflow/example_dags/example_datasets.py
[2025-05-07T19:49:07.495+0000] {processor.py:830} INFO - Processing file /home/airflow/.local/lib/python3.8/site-packages/airflow/example_dags/example_datasets.py for tasks to queue
[2025-05-07T19:49:07.497+0000] {logging_mixin.py:188} INFO - [2025-05-07T19:49:07.497+0000] {dagbag.py:538} INFO - Filling up the DagBag from /home/airflow/.local/lib/python3.8/site-packages/airflow/example_dags/example_datasets.py
[2025-05-07T19:49:07.507+0000] {processor.py:840} INFO - DAG(s) 'dataset_consumes_1_and_2', 'dataset_produces_1', 'dataset_consumes_1', 'dataset_consumes_unknown_never_scheduled', 'dataset_produces_2', 'dataset_consumes_1_never_scheduled' retrieved from /home/airflow/.local/lib/python3.8/site-packages/airflow/example_dags/example_datasets.py
[2025-05-07T19:49:07.545+0000] {logging_mixin.py:188} INFO - [2025-05-07T19:49:07.544+0000] {dag.py:3036} INFO - Sync 6 DAGs
[2025-05-07T19:49:07.568+0000] {logging_mixin.py:188} INFO - [2025-05-07T19:49:07.567+0000] {dag.py:3823} INFO - Setting next_dagrun for dataset_consumes_1 to None, run_after=None
[2025-05-07T19:49:07.572+0000] {logging_mixin.py:188} INFO - [2025-05-07T19:49:07.571+0000] {dag.py:3823} INFO - Setting next_dagrun for dataset_consumes_1_and_2 to None, run_after=None
[2025-05-07T19:49:07.575+0000] {logging_mixin.py:188} INFO - [2025-05-07T19:49:07.575+0000] {dag.py:3823} INFO - Setting next_dagrun for dataset_consumes_1_never_scheduled to None, run_after=None
[2025-05-07T19:49:07.579+0000] {logging_mixin.py:188} INFO - [2025-05-07T19:49:07.579+0000] {dag.py:3823} INFO - Setting next_dagrun for dataset_consumes_unknown_never_scheduled to None, run_after=None
[2025-05-07T19:49:07.587+0000] {logging_mixin.py:188} INFO - [2025-05-07T19:49:07.586+0000] {dag.py:3823} INFO - Setting next_dagrun for dataset_produces_1 to 2025-05-06 00:00:00+00:00, run_after=2025-05-07 00:00:00+00:00
[2025-05-07T19:49:07.591+0000] {logging_mixin.py:188} INFO - [2025-05-07T19:49:07.591+0000] {dag.py:3823} INFO - Setting next_dagrun for dataset_produces_2 to None, run_after=None
[2025-05-07T19:49:07.629+0000] {processor.py:183} INFO - Processing /home/airflow/.local/lib/python3.8/site-packages/airflow/example_dags/example_datasets.py took 0.139 seconds
[2025-05-07T19:49:37.816+0000] {processor.py:161} INFO - Started process (PID=1913) to work on /home/airflow/.local/lib/python3.8/site-packages/airflow/example_dags/example_datasets.py
[2025-05-07T19:49:37.817+0000] {processor.py:830} INFO - Processing file /home/airflow/.local/lib/python3.8/site-packages/airflow/example_dags/example_datasets.py for tasks to queue
[2025-05-07T19:49:37.819+0000] {logging_mixin.py:188} INFO - [2025-05-07T19:49:37.819+0000] {dagbag.py:538} INFO - Filling up the DagBag from /home/airflow/.local/lib/python3.8/site-packages/airflow/example_dags/example_datasets.py
[2025-05-07T19:49:37.828+0000] {processor.py:840} INFO - DAG(s) 'dataset_consumes_1_and_2', 'dataset_consumes_1_never_scheduled', 'dataset_produces_2', 'dataset_consumes_unknown_never_scheduled', 'dataset_produces_1', 'dataset_consumes_1' retrieved from /home/airflow/.local/lib/python3.8/site-packages/airflow/example_dags/example_datasets.py
[2025-05-07T19:49:37.864+0000] {logging_mixin.py:188} INFO - [2025-05-07T19:49:37.864+0000] {dag.py:3036} INFO - Sync 6 DAGs
[2025-05-07T19:49:37.893+0000] {logging_mixin.py:188} INFO - [2025-05-07T19:49:37.892+0000] {dag.py:3823} INFO - Setting next_dagrun for dataset_consumes_1 to None, run_after=None
[2025-05-07T19:49:37.898+0000] {logging_mixin.py:188} INFO - [2025-05-07T19:49:37.898+0000] {dag.py:3823} INFO - Setting next_dagrun for dataset_consumes_1_and_2 to None, run_after=None
[2025-05-07T19:49:37.900+0000] {logging_mixin.py:188} INFO - [2025-05-07T19:49:37.899+0000] {dag.py:3823} INFO - Setting next_dagrun for dataset_consumes_1_never_scheduled to None, run_after=None
[2025-05-07T19:49:37.901+0000] {logging_mixin.py:188} INFO - [2025-05-07T19:49:37.901+0000] {dag.py:3823} INFO - Setting next_dagrun for dataset_consumes_unknown_never_scheduled to None, run_after=None
[2025-05-07T19:49:37.904+0000] {logging_mixin.py:188} INFO - [2025-05-07T19:49:37.904+0000] {dag.py:3823} INFO - Setting next_dagrun for dataset_produces_1 to 2025-05-06 00:00:00+00:00, run_after=2025-05-07 00:00:00+00:00
[2025-05-07T19:49:37.907+0000] {logging_mixin.py:188} INFO - [2025-05-07T19:49:37.907+0000] {dag.py:3823} INFO - Setting next_dagrun for dataset_produces_2 to None, run_after=None
[2025-05-07T19:49:37.939+0000] {processor.py:183} INFO - Processing /home/airflow/.local/lib/python3.8/site-packages/airflow/example_dags/example_datasets.py took 0.126 seconds
[2025-05-07T19:50:08.550+0000] {processor.py:161} INFO - Started process (PID=1970) to work on /home/airflow/.local/lib/python3.8/site-packages/airflow/example_dags/example_datasets.py
[2025-05-07T19:50:08.551+0000] {processor.py:830} INFO - Processing file /home/airflow/.local/lib/python3.8/site-packages/airflow/example_dags/example_datasets.py for tasks to queue
[2025-05-07T19:50:08.554+0000] {logging_mixin.py:188} INFO - [2025-05-07T19:50:08.553+0000] {dagbag.py:538} INFO - Filling up the DagBag from /home/airflow/.local/lib/python3.8/site-packages/airflow/example_dags/example_datasets.py
[2025-05-07T19:50:08.564+0000] {processor.py:840} INFO - DAG(s) 'dataset_produces_1', 'dataset_consumes_1_never_scheduled', 'dataset_consumes_1', 'dataset_consumes_unknown_never_scheduled', 'dataset_consumes_1_and_2', 'dataset_produces_2' retrieved from /home/airflow/.local/lib/python3.8/site-packages/airflow/example_dags/example_datasets.py
[2025-05-07T19:50:08.604+0000] {logging_mixin.py:188} INFO - [2025-05-07T19:50:08.604+0000] {dag.py:3036} INFO - Sync 6 DAGs
[2025-05-07T19:50:08.631+0000] {logging_mixin.py:188} INFO - [2025-05-07T19:50:08.631+0000] {dag.py:3823} INFO - Setting next_dagrun for dataset_consumes_1 to None, run_after=None
[2025-05-07T19:50:08.635+0000] {logging_mixin.py:188} INFO - [2025-05-07T19:50:08.634+0000] {dag.py:3823} INFO - Setting next_dagrun for dataset_consumes_1_and_2 to None, run_after=None
[2025-05-07T19:50:08.637+0000] {logging_mixin.py:188} INFO - [2025-05-07T19:50:08.637+0000] {dag.py:3823} INFO - Setting next_dagrun for dataset_consumes_1_never_scheduled to None, run_after=None
[2025-05-07T19:50:08.638+0000] {logging_mixin.py:188} INFO - [2025-05-07T19:50:08.638+0000] {dag.py:3823} INFO - Setting next_dagrun for dataset_consumes_unknown_never_scheduled to None, run_after=None
[2025-05-07T19:50:08.642+0000] {logging_mixin.py:188} INFO - [2025-05-07T19:50:08.642+0000] {dag.py:3823} INFO - Setting next_dagrun for dataset_produces_1 to 2025-05-06 00:00:00+00:00, run_after=2025-05-07 00:00:00+00:00
[2025-05-07T19:50:08.644+0000] {logging_mixin.py:188} INFO - [2025-05-07T19:50:08.644+0000] {dag.py:3823} INFO - Setting next_dagrun for dataset_produces_2 to None, run_after=None
[2025-05-07T19:50:08.677+0000] {processor.py:183} INFO - Processing /home/airflow/.local/lib/python3.8/site-packages/airflow/example_dags/example_datasets.py took 0.131 seconds
[2025-05-07T19:50:38.954+0000] {processor.py:161} INFO - Started process (PID=2027) to work on /home/airflow/.local/lib/python3.8/site-packages/airflow/example_dags/example_datasets.py
[2025-05-07T19:50:38.957+0000] {processor.py:830} INFO - Processing file /home/airflow/.local/lib/python3.8/site-packages/airflow/example_dags/example_datasets.py for tasks to queue
[2025-05-07T19:50:38.961+0000] {logging_mixin.py:188} INFO - [2025-05-07T19:50:38.960+0000] {dagbag.py:538} INFO - Filling up the DagBag from /home/airflow/.local/lib/python3.8/site-packages/airflow/example_dags/example_datasets.py
[2025-05-07T19:50:38.977+0000] {processor.py:840} INFO - DAG(s) 'dataset_consumes_1_and_2', 'dataset_produces_1', 'dataset_consumes_unknown_never_scheduled', 'dataset_produces_2', 'dataset_consumes_1', 'dataset_consumes_1_never_scheduled' retrieved from /home/airflow/.local/lib/python3.8/site-packages/airflow/example_dags/example_datasets.py
[2025-05-07T19:50:39.025+0000] {logging_mixin.py:188} INFO - [2025-05-07T19:50:39.025+0000] {dag.py:3036} INFO - Sync 6 DAGs
[2025-05-07T19:50:39.046+0000] {logging_mixin.py:188} INFO - [2025-05-07T19:50:39.046+0000] {dag.py:3823} INFO - Setting next_dagrun for dataset_consumes_1 to None, run_after=None
[2025-05-07T19:50:39.050+0000] {logging_mixin.py:188} INFO - [2025-05-07T19:50:39.050+0000] {dag.py:3823} INFO - Setting next_dagrun for dataset_consumes_1_and_2 to None, run_after=None
[2025-05-07T19:50:39.052+0000] {logging_mixin.py:188} INFO - [2025-05-07T19:50:39.052+0000] {dag.py:3823} INFO - Setting next_dagrun for dataset_consumes_1_never_scheduled to None, run_after=None
[2025-05-07T19:50:39.053+0000] {logging_mixin.py:188} INFO - [2025-05-07T19:50:39.053+0000] {dag.py:3823} INFO - Setting next_dagrun for dataset_consumes_unknown_never_scheduled to None, run_after=None
[2025-05-07T19:50:39.056+0000] {logging_mixin.py:188} INFO - [2025-05-07T19:50:39.056+0000] {dag.py:3823} INFO - Setting next_dagrun for dataset_produces_1 to 2025-05-06 00:00:00+00:00, run_after=2025-05-07 00:00:00+00:00
[2025-05-07T19:50:39.058+0000] {logging_mixin.py:188} INFO - [2025-05-07T19:50:39.058+0000] {dag.py:3823} INFO - Setting next_dagrun for dataset_produces_2 to None, run_after=None
[2025-05-07T19:50:39.095+0000] {processor.py:183} INFO - Processing /home/airflow/.local/lib/python3.8/site-packages/airflow/example_dags/example_datasets.py took 0.147 seconds
[2025-05-07T19:51:09.537+0000] {processor.py:161} INFO - Started process (PID=2084) to work on /home/airflow/.local/lib/python3.8/site-packages/airflow/example_dags/example_datasets.py
[2025-05-07T19:51:09.538+0000] {processor.py:830} INFO - Processing file /home/airflow/.local/lib/python3.8/site-packages/airflow/example_dags/example_datasets.py for tasks to queue
[2025-05-07T19:51:09.540+0000] {logging_mixin.py:188} INFO - [2025-05-07T19:51:09.540+0000] {dagbag.py:538} INFO - Filling up the DagBag from /home/airflow/.local/lib/python3.8/site-packages/airflow/example_dags/example_datasets.py
[2025-05-07T19:51:09.550+0000] {processor.py:840} INFO - DAG(s) 'dataset_produces_1', 'dataset_produces_2', 'dataset_consumes_1_never_scheduled', 'dataset_consumes_unknown_never_scheduled', 'dataset_consumes_1', 'dataset_consumes_1_and_2' retrieved from /home/airflow/.local/lib/python3.8/site-packages/airflow/example_dags/example_datasets.py
[2025-05-07T19:51:09.584+0000] {logging_mixin.py:188} INFO - [2025-05-07T19:51:09.583+0000] {dag.py:3036} INFO - Sync 6 DAGs
[2025-05-07T19:51:09.608+0000] {logging_mixin.py:188} INFO - [2025-05-07T19:51:09.608+0000] {dag.py:3823} INFO - Setting next_dagrun for dataset_consumes_1 to None, run_after=None
[2025-05-07T19:51:09.611+0000] {logging_mixin.py:188} INFO - [2025-05-07T19:51:09.611+0000] {dag.py:3823} INFO - Setting next_dagrun for dataset_consumes_1_and_2 to None, run_after=None
[2025-05-07T19:51:09.613+0000] {logging_mixin.py:188} INFO - [2025-05-07T19:51:09.613+0000] {dag.py:3823} INFO - Setting next_dagrun for dataset_consumes_1_never_scheduled to None, run_after=None
[2025-05-07T19:51:09.615+0000] {logging_mixin.py:188} INFO - [2025-05-07T19:51:09.615+0000] {dag.py:3823} INFO - Setting next_dagrun for dataset_consumes_unknown_never_scheduled to None, run_after=None
[2025-05-07T19:51:09.618+0000] {logging_mixin.py:188} INFO - [2025-05-07T19:51:09.618+0000] {dag.py:3823} INFO - Setting next_dagrun for dataset_produces_1 to 2025-05-06 00:00:00+00:00, run_after=2025-05-07 00:00:00+00:00
[2025-05-07T19:51:09.621+0000] {logging_mixin.py:188} INFO - [2025-05-07T19:51:09.621+0000] {dag.py:3823} INFO - Setting next_dagrun for dataset_produces_2 to None, run_after=None
[2025-05-07T19:51:09.779+0000] {processor.py:183} INFO - Processing /home/airflow/.local/lib/python3.8/site-packages/airflow/example_dags/example_datasets.py took 0.246 seconds
[2025-05-07T19:51:40.196+0000] {processor.py:161} INFO - Started process (PID=2141) to work on /home/airflow/.local/lib/python3.8/site-packages/airflow/example_dags/example_datasets.py
[2025-05-07T19:51:40.197+0000] {processor.py:830} INFO - Processing file /home/airflow/.local/lib/python3.8/site-packages/airflow/example_dags/example_datasets.py for tasks to queue
[2025-05-07T19:51:40.200+0000] {logging_mixin.py:188} INFO - [2025-05-07T19:51:40.200+0000] {dagbag.py:538} INFO - Filling up the DagBag from /home/airflow/.local/lib/python3.8/site-packages/airflow/example_dags/example_datasets.py
[2025-05-07T19:51:40.211+0000] {processor.py:840} INFO - DAG(s) 'dataset_consumes_1_and_2', 'dataset_consumes_1_never_scheduled', 'dataset_produces_1', 'dataset_consumes_1', 'dataset_consumes_unknown_never_scheduled', 'dataset_produces_2' retrieved from /home/airflow/.local/lib/python3.8/site-packages/airflow/example_dags/example_datasets.py
[2025-05-07T19:51:40.246+0000] {logging_mixin.py:188} INFO - [2025-05-07T19:51:40.245+0000] {dag.py:3036} INFO - Sync 6 DAGs
[2025-05-07T19:51:40.267+0000] {logging_mixin.py:188} INFO - [2025-05-07T19:51:40.267+0000] {dag.py:3823} INFO - Setting next_dagrun for dataset_consumes_1 to None, run_after=None
[2025-05-07T19:51:40.271+0000] {logging_mixin.py:188} INFO - [2025-05-07T19:51:40.271+0000] {dag.py:3823} INFO - Setting next_dagrun for dataset_consumes_1_and_2 to None, run_after=None
[2025-05-07T19:51:40.273+0000] {logging_mixin.py:188} INFO - [2025-05-07T19:51:40.273+0000] {dag.py:3823} INFO - Setting next_dagrun for dataset_consumes_1_never_scheduled to None, run_after=None
[2025-05-07T19:51:40.275+0000] {logging_mixin.py:188} INFO - [2025-05-07T19:51:40.274+0000] {dag.py:3823} INFO - Setting next_dagrun for dataset_consumes_unknown_never_scheduled to None, run_after=None
[2025-05-07T19:51:40.283+0000] {logging_mixin.py:188} INFO - [2025-05-07T19:51:40.283+0000] {dag.py:3823} INFO - Setting next_dagrun for dataset_produces_1 to 2025-05-06 00:00:00+00:00, run_after=2025-05-07 00:00:00+00:00
[2025-05-07T19:51:40.285+0000] {logging_mixin.py:188} INFO - [2025-05-07T19:51:40.285+0000] {dag.py:3823} INFO - Setting next_dagrun for dataset_produces_2 to None, run_after=None
[2025-05-07T19:51:40.320+0000] {processor.py:183} INFO - Processing /home/airflow/.local/lib/python3.8/site-packages/airflow/example_dags/example_datasets.py took 0.130 seconds
[2025-05-07T19:52:11.505+0000] {processor.py:161} INFO - Started process (PID=2198) to work on /home/airflow/.local/lib/python3.8/site-packages/airflow/example_dags/example_datasets.py
[2025-05-07T19:52:11.507+0000] {processor.py:830} INFO - Processing file /home/airflow/.local/lib/python3.8/site-packages/airflow/example_dags/example_datasets.py for tasks to queue
[2025-05-07T19:52:11.510+0000] {logging_mixin.py:188} INFO - [2025-05-07T19:52:11.509+0000] {dagbag.py:538} INFO - Filling up the DagBag from /home/airflow/.local/lib/python3.8/site-packages/airflow/example_dags/example_datasets.py
[2025-05-07T19:52:11.520+0000] {processor.py:840} INFO - DAG(s) 'dataset_consumes_1', 'dataset_consumes_1_and_2', 'dataset_produces_1', 'dataset_produces_2', 'dataset_consumes_unknown_never_scheduled', 'dataset_consumes_1_never_scheduled' retrieved from /home/airflow/.local/lib/python3.8/site-packages/airflow/example_dags/example_datasets.py
[2025-05-07T19:52:11.553+0000] {logging_mixin.py:188} INFO - [2025-05-07T19:52:11.553+0000] {dag.py:3036} INFO - Sync 6 DAGs
[2025-05-07T19:52:11.576+0000] {logging_mixin.py:188} INFO - [2025-05-07T19:52:11.575+0000] {dag.py:3823} INFO - Setting next_dagrun for dataset_consumes_1 to None, run_after=None
[2025-05-07T19:52:11.579+0000] {logging_mixin.py:188} INFO - [2025-05-07T19:52:11.579+0000] {dag.py:3823} INFO - Setting next_dagrun for dataset_consumes_1_and_2 to None, run_after=None
[2025-05-07T19:52:11.581+0000] {logging_mixin.py:188} INFO - [2025-05-07T19:52:11.581+0000] {dag.py:3823} INFO - Setting next_dagrun for dataset_consumes_1_never_scheduled to None, run_after=None
[2025-05-07T19:52:11.584+0000] {logging_mixin.py:188} INFO - [2025-05-07T19:52:11.584+0000] {dag.py:3823} INFO - Setting next_dagrun for dataset_consumes_unknown_never_scheduled to None, run_after=None
[2025-05-07T19:52:11.587+0000] {logging_mixin.py:188} INFO - [2025-05-07T19:52:11.587+0000] {dag.py:3823} INFO - Setting next_dagrun for dataset_produces_1 to 2025-05-06 00:00:00+00:00, run_after=2025-05-07 00:00:00+00:00
[2025-05-07T19:52:11.590+0000] {logging_mixin.py:188} INFO - [2025-05-07T19:52:11.590+0000] {dag.py:3823} INFO - Setting next_dagrun for dataset_produces_2 to None, run_after=None
[2025-05-07T19:52:11.625+0000] {processor.py:183} INFO - Processing /home/airflow/.local/lib/python3.8/site-packages/airflow/example_dags/example_datasets.py took 0.127 seconds
[2025-05-07T19:52:41.912+0000] {processor.py:161} INFO - Started process (PID=2255) to work on /home/airflow/.local/lib/python3.8/site-packages/airflow/example_dags/example_datasets.py
[2025-05-07T19:52:41.914+0000] {processor.py:830} INFO - Processing file /home/airflow/.local/lib/python3.8/site-packages/airflow/example_dags/example_datasets.py for tasks to queue
[2025-05-07T19:52:41.917+0000] {logging_mixin.py:188} INFO - [2025-05-07T19:52:41.916+0000] {dagbag.py:538} INFO - Filling up the DagBag from /home/airflow/.local/lib/python3.8/site-packages/airflow/example_dags/example_datasets.py
[2025-05-07T19:52:41.926+0000] {processor.py:840} INFO - DAG(s) 'dataset_produces_1', 'dataset_consumes_1', 'dataset_consumes_1_and_2', 'dataset_produces_2', 'dataset_consumes_unknown_never_scheduled', 'dataset_consumes_1_never_scheduled' retrieved from /home/airflow/.local/lib/python3.8/site-packages/airflow/example_dags/example_datasets.py
[2025-05-07T19:52:41.961+0000] {logging_mixin.py:188} INFO - [2025-05-07T19:52:41.961+0000] {dag.py:3036} INFO - Sync 6 DAGs
[2025-05-07T19:52:41.983+0000] {logging_mixin.py:188} INFO - [2025-05-07T19:52:41.983+0000] {dag.py:3823} INFO - Setting next_dagrun for dataset_consumes_1 to None, run_after=None
[2025-05-07T19:52:41.989+0000] {logging_mixin.py:188} INFO - [2025-05-07T19:52:41.989+0000] {dag.py:3823} INFO - Setting next_dagrun for dataset_consumes_1_and_2 to None, run_after=None
[2025-05-07T19:52:41.993+0000] {logging_mixin.py:188} INFO - [2025-05-07T19:52:41.993+0000] {dag.py:3823} INFO - Setting next_dagrun for dataset_consumes_1_never_scheduled to None, run_after=None
[2025-05-07T19:52:41.996+0000] {logging_mixin.py:188} INFO - [2025-05-07T19:52:41.996+0000] {dag.py:3823} INFO - Setting next_dagrun for dataset_consumes_unknown_never_scheduled to None, run_after=None
[2025-05-07T19:52:42.005+0000] {logging_mixin.py:188} INFO - [2025-05-07T19:52:42.005+0000] {dag.py:3823} INFO - Setting next_dagrun for dataset_produces_1 to 2025-05-06 00:00:00+00:00, run_after=2025-05-07 00:00:00+00:00
[2025-05-07T19:52:42.009+0000] {logging_mixin.py:188} INFO - [2025-05-07T19:52:42.008+0000] {dag.py:3823} INFO - Setting next_dagrun for dataset_produces_2 to None, run_after=None
[2025-05-07T19:52:42.055+0000] {processor.py:183} INFO - Processing /home/airflow/.local/lib/python3.8/site-packages/airflow/example_dags/example_datasets.py took 0.147 seconds
[2025-05-07T19:53:12.997+0000] {processor.py:161} INFO - Started process (PID=2312) to work on /home/airflow/.local/lib/python3.8/site-packages/airflow/example_dags/example_datasets.py
[2025-05-07T19:53:12.998+0000] {processor.py:830} INFO - Processing file /home/airflow/.local/lib/python3.8/site-packages/airflow/example_dags/example_datasets.py for tasks to queue
[2025-05-07T19:53:13.001+0000] {logging_mixin.py:188} INFO - [2025-05-07T19:53:13.000+0000] {dagbag.py:538} INFO - Filling up the DagBag from /home/airflow/.local/lib/python3.8/site-packages/airflow/example_dags/example_datasets.py
[2025-05-07T19:53:13.011+0000] {processor.py:840} INFO - DAG(s) 'dataset_produces_1', 'dataset_produces_2', 'dataset_consumes_1_and_2', 'dataset_consumes_unknown_never_scheduled', 'dataset_consumes_1', 'dataset_consumes_1_never_scheduled' retrieved from /home/airflow/.local/lib/python3.8/site-packages/airflow/example_dags/example_datasets.py
[2025-05-07T19:53:13.050+0000] {logging_mixin.py:188} INFO - [2025-05-07T19:53:13.049+0000] {dag.py:3036} INFO - Sync 6 DAGs
[2025-05-07T19:53:13.198+0000] {logging_mixin.py:188} INFO - [2025-05-07T19:53:13.197+0000] {dag.py:3823} INFO - Setting next_dagrun for dataset_consumes_1 to None, run_after=None
[2025-05-07T19:53:13.201+0000] {logging_mixin.py:188} INFO - [2025-05-07T19:53:13.201+0000] {dag.py:3823} INFO - Setting next_dagrun for dataset_consumes_1_and_2 to None, run_after=None
[2025-05-07T19:53:13.203+0000] {logging_mixin.py:188} INFO - [2025-05-07T19:53:13.203+0000] {dag.py:3823} INFO - Setting next_dagrun for dataset_consumes_1_never_scheduled to None, run_after=None
[2025-05-07T19:53:13.205+0000] {logging_mixin.py:188} INFO - [2025-05-07T19:53:13.205+0000] {dag.py:3823} INFO - Setting next_dagrun for dataset_consumes_unknown_never_scheduled to None, run_after=None
[2025-05-07T19:53:13.208+0000] {logging_mixin.py:188} INFO - [2025-05-07T19:53:13.208+0000] {dag.py:3823} INFO - Setting next_dagrun for dataset_produces_1 to 2025-05-06 00:00:00+00:00, run_after=2025-05-07 00:00:00+00:00
[2025-05-07T19:53:13.210+0000] {logging_mixin.py:188} INFO - [2025-05-07T19:53:13.210+0000] {dag.py:3823} INFO - Setting next_dagrun for dataset_produces_2 to None, run_after=None
[2025-05-07T19:53:13.244+0000] {processor.py:183} INFO - Processing /home/airflow/.local/lib/python3.8/site-packages/airflow/example_dags/example_datasets.py took 0.253 seconds
[2025-05-07T19:53:43.548+0000] {processor.py:161} INFO - Started process (PID=2369) to work on /home/airflow/.local/lib/python3.8/site-packages/airflow/example_dags/example_datasets.py
[2025-05-07T19:53:43.549+0000] {processor.py:830} INFO - Processing file /home/airflow/.local/lib/python3.8/site-packages/airflow/example_dags/example_datasets.py for tasks to queue
[2025-05-07T19:53:43.551+0000] {logging_mixin.py:188} INFO - [2025-05-07T19:53:43.551+0000] {dagbag.py:538} INFO - Filling up the DagBag from /home/airflow/.local/lib/python3.8/site-packages/airflow/example_dags/example_datasets.py
[2025-05-07T19:53:43.560+0000] {processor.py:840} INFO - DAG(s) 'dataset_produces_1', 'dataset_consumes_1', 'dataset_produces_2', 'dataset_consumes_unknown_never_scheduled', 'dataset_consumes_1_and_2', 'dataset_consumes_1_never_scheduled' retrieved from /home/airflow/.local/lib/python3.8/site-packages/airflow/example_dags/example_datasets.py
[2025-05-07T19:53:43.596+0000] {logging_mixin.py:188} INFO - [2025-05-07T19:53:43.595+0000] {dag.py:3036} INFO - Sync 6 DAGs
[2025-05-07T19:53:43.620+0000] {logging_mixin.py:188} INFO - [2025-05-07T19:53:43.620+0000] {dag.py:3823} INFO - Setting next_dagrun for dataset_consumes_1 to None, run_after=None
[2025-05-07T19:53:43.626+0000] {logging_mixin.py:188} INFO - [2025-05-07T19:53:43.625+0000] {dag.py:3823} INFO - Setting next_dagrun for dataset_consumes_1_and_2 to None, run_after=None
[2025-05-07T19:53:43.630+0000] {logging_mixin.py:188} INFO - [2025-05-07T19:53:43.629+0000] {dag.py:3823} INFO - Setting next_dagrun for dataset_consumes_1_never_scheduled to None, run_after=None
[2025-05-07T19:53:43.757+0000] {logging_mixin.py:188} INFO - [2025-05-07T19:53:43.757+0000] {dag.py:3823} INFO - Setting next_dagrun for dataset_consumes_unknown_never_scheduled to None, run_after=None
[2025-05-07T19:53:43.763+0000] {logging_mixin.py:188} INFO - [2025-05-07T19:53:43.762+0000] {dag.py:3823} INFO - Setting next_dagrun for dataset_produces_1 to 2025-05-06 00:00:00+00:00, run_after=2025-05-07 00:00:00+00:00
[2025-05-07T19:53:43.766+0000] {logging_mixin.py:188} INFO - [2025-05-07T19:53:43.765+0000] {dag.py:3823} INFO - Setting next_dagrun for dataset_produces_2 to None, run_after=None
[2025-05-07T19:53:43.798+0000] {processor.py:183} INFO - Processing /home/airflow/.local/lib/python3.8/site-packages/airflow/example_dags/example_datasets.py took 0.254 seconds
[2025-05-07T19:54:14.594+0000] {processor.py:161} INFO - Started process (PID=2426) to work on /home/airflow/.local/lib/python3.8/site-packages/airflow/example_dags/example_datasets.py
[2025-05-07T19:54:14.598+0000] {processor.py:830} INFO - Processing file /home/airflow/.local/lib/python3.8/site-packages/airflow/example_dags/example_datasets.py for tasks to queue
[2025-05-07T19:54:14.600+0000] {logging_mixin.py:188} INFO - [2025-05-07T19:54:14.600+0000] {dagbag.py:538} INFO - Filling up the DagBag from /home/airflow/.local/lib/python3.8/site-packages/airflow/example_dags/example_datasets.py
[2025-05-07T19:54:14.610+0000] {processor.py:840} INFO - DAG(s) 'dataset_consumes_unknown_never_scheduled', 'dataset_produces_1', 'dataset_consumes_1_and_2', 'dataset_produces_2', 'dataset_consumes_1_never_scheduled', 'dataset_consumes_1' retrieved from /home/airflow/.local/lib/python3.8/site-packages/airflow/example_dags/example_datasets.py
[2025-05-07T19:54:14.645+0000] {logging_mixin.py:188} INFO - [2025-05-07T19:54:14.645+0000] {dag.py:3036} INFO - Sync 6 DAGs
[2025-05-07T19:54:14.668+0000] {logging_mixin.py:188} INFO - [2025-05-07T19:54:14.668+0000] {dag.py:3823} INFO - Setting next_dagrun for dataset_consumes_1 to None, run_after=None
[2025-05-07T19:54:14.672+0000] {logging_mixin.py:188} INFO - [2025-05-07T19:54:14.672+0000] {dag.py:3823} INFO - Setting next_dagrun for dataset_consumes_1_and_2 to None, run_after=None
[2025-05-07T19:54:14.674+0000] {logging_mixin.py:188} INFO - [2025-05-07T19:54:14.674+0000] {dag.py:3823} INFO - Setting next_dagrun for dataset_consumes_1_never_scheduled to None, run_after=None
[2025-05-07T19:54:14.677+0000] {logging_mixin.py:188} INFO - [2025-05-07T19:54:14.676+0000] {dag.py:3823} INFO - Setting next_dagrun for dataset_consumes_unknown_never_scheduled to None, run_after=None
[2025-05-07T19:54:14.681+0000] {logging_mixin.py:188} INFO - [2025-05-07T19:54:14.681+0000] {dag.py:3823} INFO - Setting next_dagrun for dataset_produces_1 to 2025-05-06 00:00:00+00:00, run_after=2025-05-07 00:00:00+00:00
[2025-05-07T19:54:14.684+0000] {logging_mixin.py:188} INFO - [2025-05-07T19:54:14.684+0000] {dag.py:3823} INFO - Setting next_dagrun for dataset_produces_2 to None, run_after=None
[2025-05-07T19:54:14.857+0000] {processor.py:183} INFO - Processing /home/airflow/.local/lib/python3.8/site-packages/airflow/example_dags/example_datasets.py took 0.266 seconds
[2025-05-07T19:54:45.347+0000] {processor.py:161} INFO - Started process (PID=2483) to work on /home/airflow/.local/lib/python3.8/site-packages/airflow/example_dags/example_datasets.py
[2025-05-07T19:54:45.349+0000] {processor.py:830} INFO - Processing file /home/airflow/.local/lib/python3.8/site-packages/airflow/example_dags/example_datasets.py for tasks to queue
[2025-05-07T19:54:45.352+0000] {logging_mixin.py:188} INFO - [2025-05-07T19:54:45.352+0000] {dagbag.py:538} INFO - Filling up the DagBag from /home/airflow/.local/lib/python3.8/site-packages/airflow/example_dags/example_datasets.py
[2025-05-07T19:54:45.366+0000] {processor.py:840} INFO - DAG(s) 'dataset_consumes_1_and_2', 'dataset_consumes_1_never_scheduled', 'dataset_consumes_unknown_never_scheduled', 'dataset_produces_1', 'dataset_consumes_1', 'dataset_produces_2' retrieved from /home/airflow/.local/lib/python3.8/site-packages/airflow/example_dags/example_datasets.py
[2025-05-07T19:54:45.422+0000] {logging_mixin.py:188} INFO - [2025-05-07T19:54:45.421+0000] {dag.py:3036} INFO - Sync 6 DAGs
[2025-05-07T19:54:45.452+0000] {logging_mixin.py:188} INFO - [2025-05-07T19:54:45.452+0000] {dag.py:3823} INFO - Setting next_dagrun for dataset_consumes_1 to None, run_after=None
[2025-05-07T19:54:45.459+0000] {logging_mixin.py:188} INFO - [2025-05-07T19:54:45.459+0000] {dag.py:3823} INFO - Setting next_dagrun for dataset_consumes_1_and_2 to None, run_after=None
[2025-05-07T19:54:45.463+0000] {logging_mixin.py:188} INFO - [2025-05-07T19:54:45.463+0000] {dag.py:3823} INFO - Setting next_dagrun for dataset_consumes_1_never_scheduled to None, run_after=None
[2025-05-07T19:54:45.466+0000] {logging_mixin.py:188} INFO - [2025-05-07T19:54:45.466+0000] {dag.py:3823} INFO - Setting next_dagrun for dataset_consumes_unknown_never_scheduled to None, run_after=None
[2025-05-07T19:54:45.471+0000] {logging_mixin.py:188} INFO - [2025-05-07T19:54:45.470+0000] {dag.py:3823} INFO - Setting next_dagrun for dataset_produces_1 to 2025-05-06 00:00:00+00:00, run_after=2025-05-07 00:00:00+00:00
[2025-05-07T19:54:45.473+0000] {logging_mixin.py:188} INFO - [2025-05-07T19:54:45.473+0000] {dag.py:3823} INFO - Setting next_dagrun for dataset_produces_2 to None, run_after=None
[2025-05-07T19:54:45.517+0000] {processor.py:183} INFO - Processing /home/airflow/.local/lib/python3.8/site-packages/airflow/example_dags/example_datasets.py took 0.174 seconds
[2025-05-07T19:55:15.588+0000] {processor.py:161} INFO - Started process (PID=2540) to work on /home/airflow/.local/lib/python3.8/site-packages/airflow/example_dags/example_datasets.py
[2025-05-07T19:55:15.590+0000] {processor.py:830} INFO - Processing file /home/airflow/.local/lib/python3.8/site-packages/airflow/example_dags/example_datasets.py for tasks to queue
[2025-05-07T19:55:15.592+0000] {logging_mixin.py:188} INFO - [2025-05-07T19:55:15.592+0000] {dagbag.py:538} INFO - Filling up the DagBag from /home/airflow/.local/lib/python3.8/site-packages/airflow/example_dags/example_datasets.py
[2025-05-07T19:55:15.603+0000] {processor.py:840} INFO - DAG(s) 'dataset_consumes_1', 'dataset_consumes_unknown_never_scheduled', 'dataset_produces_2', 'dataset_consumes_1_and_2', 'dataset_produces_1', 'dataset_consumes_1_never_scheduled' retrieved from /home/airflow/.local/lib/python3.8/site-packages/airflow/example_dags/example_datasets.py
[2025-05-07T19:55:15.650+0000] {logging_mixin.py:188} INFO - [2025-05-07T19:55:15.649+0000] {dag.py:3036} INFO - Sync 6 DAGs
[2025-05-07T19:55:15.675+0000] {logging_mixin.py:188} INFO - [2025-05-07T19:55:15.674+0000] {dag.py:3823} INFO - Setting next_dagrun for dataset_consumes_1 to None, run_after=None
[2025-05-07T19:55:15.680+0000] {logging_mixin.py:188} INFO - [2025-05-07T19:55:15.679+0000] {dag.py:3823} INFO - Setting next_dagrun for dataset_consumes_1_and_2 to None, run_after=None
[2025-05-07T19:55:15.683+0000] {logging_mixin.py:188} INFO - [2025-05-07T19:55:15.682+0000] {dag.py:3823} INFO - Setting next_dagrun for dataset_consumes_1_never_scheduled to None, run_after=None
[2025-05-07T19:55:15.685+0000] {logging_mixin.py:188} INFO - [2025-05-07T19:55:15.684+0000] {dag.py:3823} INFO - Setting next_dagrun for dataset_consumes_unknown_never_scheduled to None, run_after=None
[2025-05-07T19:55:15.689+0000] {logging_mixin.py:188} INFO - [2025-05-07T19:55:15.688+0000] {dag.py:3823} INFO - Setting next_dagrun for dataset_produces_1 to 2025-05-06 00:00:00+00:00, run_after=2025-05-07 00:00:00+00:00
[2025-05-07T19:55:15.691+0000] {logging_mixin.py:188} INFO - [2025-05-07T19:55:15.691+0000] {dag.py:3823} INFO - Setting next_dagrun for dataset_produces_2 to None, run_after=None
[2025-05-07T19:55:15.732+0000] {processor.py:183} INFO - Processing /home/airflow/.local/lib/python3.8/site-packages/airflow/example_dags/example_datasets.py took 0.147 seconds
[2025-05-07T19:55:46.931+0000] {processor.py:161} INFO - Started process (PID=2597) to work on /home/airflow/.local/lib/python3.8/site-packages/airflow/example_dags/example_datasets.py
[2025-05-07T19:55:46.933+0000] {processor.py:830} INFO - Processing file /home/airflow/.local/lib/python3.8/site-packages/airflow/example_dags/example_datasets.py for tasks to queue
[2025-05-07T19:55:46.937+0000] {logging_mixin.py:188} INFO - [2025-05-07T19:55:46.937+0000] {dagbag.py:538} INFO - Filling up the DagBag from /home/airflow/.local/lib/python3.8/site-packages/airflow/example_dags/example_datasets.py
[2025-05-07T19:55:46.954+0000] {processor.py:840} INFO - DAG(s) 'dataset_produces_1', 'dataset_produces_2', 'dataset_consumes_1_and_2', 'dataset_consumes_unknown_never_scheduled', 'dataset_consumes_1', 'dataset_consumes_1_never_scheduled' retrieved from /home/airflow/.local/lib/python3.8/site-packages/airflow/example_dags/example_datasets.py
[2025-05-07T19:55:47.126+0000] {logging_mixin.py:188} INFO - [2025-05-07T19:55:47.125+0000] {dag.py:3036} INFO - Sync 6 DAGs
[2025-05-07T19:55:47.149+0000] {logging_mixin.py:188} INFO - [2025-05-07T19:55:47.149+0000] {dag.py:3823} INFO - Setting next_dagrun for dataset_consumes_1 to None, run_after=None
[2025-05-07T19:55:47.157+0000] {logging_mixin.py:188} INFO - [2025-05-07T19:55:47.156+0000] {dag.py:3823} INFO - Setting next_dagrun for dataset_consumes_1_and_2 to None, run_after=None
[2025-05-07T19:55:47.160+0000] {logging_mixin.py:188} INFO - [2025-05-07T19:55:47.160+0000] {dag.py:3823} INFO - Setting next_dagrun for dataset_consumes_1_never_scheduled to None, run_after=None
[2025-05-07T19:55:47.164+0000] {logging_mixin.py:188} INFO - [2025-05-07T19:55:47.164+0000] {dag.py:3823} INFO - Setting next_dagrun for dataset_consumes_unknown_never_scheduled to None, run_after=None
[2025-05-07T19:55:47.168+0000] {logging_mixin.py:188} INFO - [2025-05-07T19:55:47.168+0000] {dag.py:3823} INFO - Setting next_dagrun for dataset_produces_1 to 2025-05-06 00:00:00+00:00, run_after=2025-05-07 00:00:00+00:00
[2025-05-07T19:55:47.171+0000] {logging_mixin.py:188} INFO - [2025-05-07T19:55:47.171+0000] {dag.py:3823} INFO - Setting next_dagrun for dataset_produces_2 to None, run_after=None
[2025-05-07T19:55:47.210+0000] {processor.py:183} INFO - Processing /home/airflow/.local/lib/python3.8/site-packages/airflow/example_dags/example_datasets.py took 0.287 seconds
[2025-05-07T19:56:17.545+0000] {processor.py:161} INFO - Started process (PID=2654) to work on /home/airflow/.local/lib/python3.8/site-packages/airflow/example_dags/example_datasets.py
[2025-05-07T19:56:17.547+0000] {processor.py:830} INFO - Processing file /home/airflow/.local/lib/python3.8/site-packages/airflow/example_dags/example_datasets.py for tasks to queue
[2025-05-07T19:56:17.550+0000] {logging_mixin.py:188} INFO - [2025-05-07T19:56:17.549+0000] {dagbag.py:538} INFO - Filling up the DagBag from /home/airflow/.local/lib/python3.8/site-packages/airflow/example_dags/example_datasets.py
[2025-05-07T19:56:17.563+0000] {processor.py:840} INFO - DAG(s) 'dataset_consumes_unknown_never_scheduled', 'dataset_consumes_1_and_2', 'dataset_consumes_1_never_scheduled', 'dataset_produces_2', 'dataset_produces_1', 'dataset_consumes_1' retrieved from /home/airflow/.local/lib/python3.8/site-packages/airflow/example_dags/example_datasets.py
[2025-05-07T19:56:17.603+0000] {logging_mixin.py:188} INFO - [2025-05-07T19:56:17.603+0000] {dag.py:3036} INFO - Sync 6 DAGs
[2025-05-07T19:56:17.746+0000] {logging_mixin.py:188} INFO - [2025-05-07T19:56:17.745+0000] {dag.py:3823} INFO - Setting next_dagrun for dataset_consumes_1 to None, run_after=None
[2025-05-07T19:56:17.751+0000] {logging_mixin.py:188} INFO - [2025-05-07T19:56:17.751+0000] {dag.py:3823} INFO - Setting next_dagrun for dataset_consumes_1_and_2 to None, run_after=None
[2025-05-07T19:56:17.752+0000] {logging_mixin.py:188} INFO - [2025-05-07T19:56:17.752+0000] {dag.py:3823} INFO - Setting next_dagrun for dataset_consumes_1_never_scheduled to None, run_after=None
[2025-05-07T19:56:17.755+0000] {logging_mixin.py:188} INFO - [2025-05-07T19:56:17.755+0000] {dag.py:3823} INFO - Setting next_dagrun for dataset_consumes_unknown_never_scheduled to None, run_after=None
[2025-05-07T19:56:17.758+0000] {logging_mixin.py:188} INFO - [2025-05-07T19:56:17.758+0000] {dag.py:3823} INFO - Setting next_dagrun for dataset_produces_1 to 2025-05-06 00:00:00+00:00, run_after=2025-05-07 00:00:00+00:00
[2025-05-07T19:56:17.762+0000] {logging_mixin.py:188} INFO - [2025-05-07T19:56:17.761+0000] {dag.py:3823} INFO - Setting next_dagrun for dataset_produces_2 to None, run_after=None
[2025-05-07T19:56:17.793+0000] {processor.py:183} INFO - Processing /home/airflow/.local/lib/python3.8/site-packages/airflow/example_dags/example_datasets.py took 0.254 seconds
[2025-05-07T19:56:48.212+0000] {processor.py:161} INFO - Started process (PID=2711) to work on /home/airflow/.local/lib/python3.8/site-packages/airflow/example_dags/example_datasets.py
[2025-05-07T19:56:48.215+0000] {processor.py:830} INFO - Processing file /home/airflow/.local/lib/python3.8/site-packages/airflow/example_dags/example_datasets.py for tasks to queue
[2025-05-07T19:56:48.220+0000] {logging_mixin.py:188} INFO - [2025-05-07T19:56:48.219+0000] {dagbag.py:538} INFO - Filling up the DagBag from /home/airflow/.local/lib/python3.8/site-packages/airflow/example_dags/example_datasets.py
[2025-05-07T19:56:48.235+0000] {processor.py:840} INFO - DAG(s) 'dataset_consumes_unknown_never_scheduled', 'dataset_produces_1', 'dataset_consumes_1_and_2', 'dataset_consumes_1_never_scheduled', 'dataset_consumes_1', 'dataset_produces_2' retrieved from /home/airflow/.local/lib/python3.8/site-packages/airflow/example_dags/example_datasets.py
[2025-05-07T19:56:48.278+0000] {logging_mixin.py:188} INFO - [2025-05-07T19:56:48.277+0000] {dag.py:3036} INFO - Sync 6 DAGs
[2025-05-07T19:56:48.306+0000] {logging_mixin.py:188} INFO - [2025-05-07T19:56:48.305+0000] {dag.py:3823} INFO - Setting next_dagrun for dataset_consumes_1 to None, run_after=None
[2025-05-07T19:56:48.312+0000] {logging_mixin.py:188} INFO - [2025-05-07T19:56:48.312+0000] {dag.py:3823} INFO - Setting next_dagrun for dataset_consumes_1_and_2 to None, run_after=None
[2025-05-07T19:56:48.314+0000] {logging_mixin.py:188} INFO - [2025-05-07T19:56:48.314+0000] {dag.py:3823} INFO - Setting next_dagrun for dataset_consumes_1_never_scheduled to None, run_after=None
[2025-05-07T19:56:48.317+0000] {logging_mixin.py:188} INFO - [2025-05-07T19:56:48.316+0000] {dag.py:3823} INFO - Setting next_dagrun for dataset_consumes_unknown_never_scheduled to None, run_after=None
[2025-05-07T19:56:48.320+0000] {logging_mixin.py:188} INFO - [2025-05-07T19:56:48.320+0000] {dag.py:3823} INFO - Setting next_dagrun for dataset_produces_1 to 2025-05-06 00:00:00+00:00, run_after=2025-05-07 00:00:00+00:00
[2025-05-07T19:56:48.322+0000] {logging_mixin.py:188} INFO - [2025-05-07T19:56:48.322+0000] {dag.py:3823} INFO - Setting next_dagrun for dataset_produces_2 to None, run_after=None
[2025-05-07T19:56:48.363+0000] {processor.py:183} INFO - Processing /home/airflow/.local/lib/python3.8/site-packages/airflow/example_dags/example_datasets.py took 0.158 seconds
[2025-05-07T19:57:18.674+0000] {processor.py:161} INFO - Started process (PID=2768) to work on /home/airflow/.local/lib/python3.8/site-packages/airflow/example_dags/example_datasets.py
[2025-05-07T19:57:18.676+0000] {processor.py:830} INFO - Processing file /home/airflow/.local/lib/python3.8/site-packages/airflow/example_dags/example_datasets.py for tasks to queue
[2025-05-07T19:57:18.679+0000] {logging_mixin.py:188} INFO - [2025-05-07T19:57:18.678+0000] {dagbag.py:538} INFO - Filling up the DagBag from /home/airflow/.local/lib/python3.8/site-packages/airflow/example_dags/example_datasets.py
[2025-05-07T19:57:18.691+0000] {processor.py:840} INFO - DAG(s) 'dataset_produces_2', 'dataset_consumes_unknown_never_scheduled', 'dataset_consumes_1_never_scheduled', 'dataset_produces_1', 'dataset_consumes_1', 'dataset_consumes_1_and_2' retrieved from /home/airflow/.local/lib/python3.8/site-packages/airflow/example_dags/example_datasets.py
[2025-05-07T19:57:18.732+0000] {logging_mixin.py:188} INFO - [2025-05-07T19:57:18.732+0000] {dag.py:3036} INFO - Sync 6 DAGs
[2025-05-07T19:57:18.754+0000] {logging_mixin.py:188} INFO - [2025-05-07T19:57:18.754+0000] {dag.py:3823} INFO - Setting next_dagrun for dataset_consumes_1 to None, run_after=None
[2025-05-07T19:57:18.759+0000] {logging_mixin.py:188} INFO - [2025-05-07T19:57:18.758+0000] {dag.py:3823} INFO - Setting next_dagrun for dataset_consumes_1_and_2 to None, run_after=None
[2025-05-07T19:57:18.762+0000] {logging_mixin.py:188} INFO - [2025-05-07T19:57:18.761+0000] {dag.py:3823} INFO - Setting next_dagrun for dataset_consumes_1_never_scheduled to None, run_after=None
[2025-05-07T19:57:18.763+0000] {logging_mixin.py:188} INFO - [2025-05-07T19:57:18.763+0000] {dag.py:3823} INFO - Setting next_dagrun for dataset_consumes_unknown_never_scheduled to None, run_after=None
[2025-05-07T19:57:18.768+0000] {logging_mixin.py:188} INFO - [2025-05-07T19:57:18.768+0000] {dag.py:3823} INFO - Setting next_dagrun for dataset_produces_1 to 2025-05-06 00:00:00+00:00, run_after=2025-05-07 00:00:00+00:00
[2025-05-07T19:57:18.770+0000] {logging_mixin.py:188} INFO - [2025-05-07T19:57:18.770+0000] {dag.py:3823} INFO - Setting next_dagrun for dataset_produces_2 to None, run_after=None
[2025-05-07T19:57:18.809+0000] {processor.py:183} INFO - Processing /home/airflow/.local/lib/python3.8/site-packages/airflow/example_dags/example_datasets.py took 0.140 seconds
[2025-05-07T19:57:49.570+0000] {processor.py:161} INFO - Started process (PID=2831) to work on /home/airflow/.local/lib/python3.8/site-packages/airflow/example_dags/example_datasets.py
[2025-05-07T19:57:49.572+0000] {processor.py:830} INFO - Processing file /home/airflow/.local/lib/python3.8/site-packages/airflow/example_dags/example_datasets.py for tasks to queue
[2025-05-07T19:57:49.581+0000] {logging_mixin.py:188} INFO - [2025-05-07T19:57:49.581+0000] {dagbag.py:538} INFO - Filling up the DagBag from /home/airflow/.local/lib/python3.8/site-packages/airflow/example_dags/example_datasets.py
[2025-05-07T19:57:49.600+0000] {processor.py:840} INFO - DAG(s) 'dataset_consumes_1_and_2', 'dataset_produces_2', 'dataset_produces_1', 'dataset_consumes_unknown_never_scheduled', 'dataset_consumes_1_never_scheduled', 'dataset_consumes_1' retrieved from /home/airflow/.local/lib/python3.8/site-packages/airflow/example_dags/example_datasets.py
[2025-05-07T19:57:49.652+0000] {logging_mixin.py:188} INFO - [2025-05-07T19:57:49.652+0000] {dag.py:3036} INFO - Sync 6 DAGs
[2025-05-07T19:57:49.675+0000] {logging_mixin.py:188} INFO - [2025-05-07T19:57:49.675+0000] {dag.py:3823} INFO - Setting next_dagrun for dataset_consumes_1 to None, run_after=None
[2025-05-07T19:57:49.680+0000] {logging_mixin.py:188} INFO - [2025-05-07T19:57:49.680+0000] {dag.py:3823} INFO - Setting next_dagrun for dataset_consumes_1_and_2 to None, run_after=None
[2025-05-07T19:57:49.682+0000] {logging_mixin.py:188} INFO - [2025-05-07T19:57:49.682+0000] {dag.py:3823} INFO - Setting next_dagrun for dataset_consumes_1_never_scheduled to None, run_after=None
[2025-05-07T19:57:49.686+0000] {logging_mixin.py:188} INFO - [2025-05-07T19:57:49.686+0000] {dag.py:3823} INFO - Setting next_dagrun for dataset_consumes_unknown_never_scheduled to None, run_after=None
[2025-05-07T19:57:49.690+0000] {logging_mixin.py:188} INFO - [2025-05-07T19:57:49.690+0000] {dag.py:3823} INFO - Setting next_dagrun for dataset_produces_1 to 2025-05-06 00:00:00+00:00, run_after=2025-05-07 00:00:00+00:00
[2025-05-07T19:57:49.692+0000] {logging_mixin.py:188} INFO - [2025-05-07T19:57:49.692+0000] {dag.py:3823} INFO - Setting next_dagrun for dataset_produces_2 to None, run_after=None
[2025-05-07T19:57:49.726+0000] {processor.py:183} INFO - Processing /home/airflow/.local/lib/python3.8/site-packages/airflow/example_dags/example_datasets.py took 0.163 seconds
[2025-05-07T19:58:20.534+0000] {processor.py:161} INFO - Started process (PID=2888) to work on /home/airflow/.local/lib/python3.8/site-packages/airflow/example_dags/example_datasets.py
[2025-05-07T19:58:20.537+0000] {processor.py:830} INFO - Processing file /home/airflow/.local/lib/python3.8/site-packages/airflow/example_dags/example_datasets.py for tasks to queue
[2025-05-07T19:58:20.541+0000] {logging_mixin.py:188} INFO - [2025-05-07T19:58:20.541+0000] {dagbag.py:538} INFO - Filling up the DagBag from /home/airflow/.local/lib/python3.8/site-packages/airflow/example_dags/example_datasets.py
[2025-05-07T19:58:20.555+0000] {processor.py:840} INFO - DAG(s) 'dataset_produces_1', 'dataset_consumes_1', 'dataset_produces_2', 'dataset_consumes_1_never_scheduled', 'dataset_consumes_unknown_never_scheduled', 'dataset_consumes_1_and_2' retrieved from /home/airflow/.local/lib/python3.8/site-packages/airflow/example_dags/example_datasets.py
[2025-05-07T19:58:20.599+0000] {logging_mixin.py:188} INFO - [2025-05-07T19:58:20.599+0000] {dag.py:3036} INFO - Sync 6 DAGs
[2025-05-07T19:58:20.638+0000] {logging_mixin.py:188} INFO - [2025-05-07T19:58:20.637+0000] {dag.py:3823} INFO - Setting next_dagrun for dataset_consumes_1 to None, run_after=None
[2025-05-07T19:58:20.645+0000] {logging_mixin.py:188} INFO - [2025-05-07T19:58:20.645+0000] {dag.py:3823} INFO - Setting next_dagrun for dataset_consumes_1_and_2 to None, run_after=None
[2025-05-07T19:58:20.648+0000] {logging_mixin.py:188} INFO - [2025-05-07T19:58:20.648+0000] {dag.py:3823} INFO - Setting next_dagrun for dataset_consumes_1_never_scheduled to None, run_after=None
[2025-05-07T19:58:20.651+0000] {logging_mixin.py:188} INFO - [2025-05-07T19:58:20.651+0000] {dag.py:3823} INFO - Setting next_dagrun for dataset_consumes_unknown_never_scheduled to None, run_after=None
[2025-05-07T19:58:20.655+0000] {logging_mixin.py:188} INFO - [2025-05-07T19:58:20.655+0000] {dag.py:3823} INFO - Setting next_dagrun for dataset_produces_1 to 2025-05-06 00:00:00+00:00, run_after=2025-05-07 00:00:00+00:00
[2025-05-07T19:58:20.658+0000] {logging_mixin.py:188} INFO - [2025-05-07T19:58:20.658+0000] {dag.py:3823} INFO - Setting next_dagrun for dataset_produces_2 to None, run_after=None
[2025-05-07T19:58:20.697+0000] {processor.py:183} INFO - Processing /home/airflow/.local/lib/python3.8/site-packages/airflow/example_dags/example_datasets.py took 0.169 seconds
[2025-05-07T19:58:50.781+0000] {processor.py:161} INFO - Started process (PID=2945) to work on /home/airflow/.local/lib/python3.8/site-packages/airflow/example_dags/example_datasets.py
[2025-05-07T19:58:50.783+0000] {processor.py:830} INFO - Processing file /home/airflow/.local/lib/python3.8/site-packages/airflow/example_dags/example_datasets.py for tasks to queue
[2025-05-07T19:58:50.785+0000] {logging_mixin.py:188} INFO - [2025-05-07T19:58:50.785+0000] {dagbag.py:538} INFO - Filling up the DagBag from /home/airflow/.local/lib/python3.8/site-packages/airflow/example_dags/example_datasets.py
[2025-05-07T19:58:50.795+0000] {processor.py:840} INFO - DAG(s) 'dataset_produces_1', 'dataset_produces_2', 'dataset_consumes_unknown_never_scheduled', 'dataset_consumes_1_and_2', 'dataset_consumes_1_never_scheduled', 'dataset_consumes_1' retrieved from /home/airflow/.local/lib/python3.8/site-packages/airflow/example_dags/example_datasets.py
[2025-05-07T19:58:50.832+0000] {logging_mixin.py:188} INFO - [2025-05-07T19:58:50.831+0000] {dag.py:3036} INFO - Sync 6 DAGs
[2025-05-07T19:58:50.853+0000] {logging_mixin.py:188} INFO - [2025-05-07T19:58:50.853+0000] {dag.py:3823} INFO - Setting next_dagrun for dataset_consumes_1 to None, run_after=None
[2025-05-07T19:58:50.857+0000] {logging_mixin.py:188} INFO - [2025-05-07T19:58:50.857+0000] {dag.py:3823} INFO - Setting next_dagrun for dataset_consumes_1_and_2 to None, run_after=None
[2025-05-07T19:58:50.859+0000] {logging_mixin.py:188} INFO - [2025-05-07T19:58:50.859+0000] {dag.py:3823} INFO - Setting next_dagrun for dataset_consumes_1_never_scheduled to None, run_after=None
[2025-05-07T19:58:50.860+0000] {logging_mixin.py:188} INFO - [2025-05-07T19:58:50.860+0000] {dag.py:3823} INFO - Setting next_dagrun for dataset_consumes_unknown_never_scheduled to None, run_after=None
[2025-05-07T19:58:50.863+0000] {logging_mixin.py:188} INFO - [2025-05-07T19:58:50.863+0000] {dag.py:3823} INFO - Setting next_dagrun for dataset_produces_1 to 2025-05-06 00:00:00+00:00, run_after=2025-05-07 00:00:00+00:00
[2025-05-07T19:58:50.866+0000] {logging_mixin.py:188} INFO - [2025-05-07T19:58:50.865+0000] {dag.py:3823} INFO - Setting next_dagrun for dataset_produces_2 to None, run_after=None
[2025-05-07T19:58:50.898+0000] {processor.py:183} INFO - Processing /home/airflow/.local/lib/python3.8/site-packages/airflow/example_dags/example_datasets.py took 0.120 seconds
[2025-05-07T19:59:21.035+0000] {processor.py:161} INFO - Started process (PID=3002) to work on /home/airflow/.local/lib/python3.8/site-packages/airflow/example_dags/example_datasets.py
[2025-05-07T19:59:21.037+0000] {processor.py:830} INFO - Processing file /home/airflow/.local/lib/python3.8/site-packages/airflow/example_dags/example_datasets.py for tasks to queue
[2025-05-07T19:59:21.041+0000] {logging_mixin.py:188} INFO - [2025-05-07T19:59:21.040+0000] {dagbag.py:538} INFO - Filling up the DagBag from /home/airflow/.local/lib/python3.8/site-packages/airflow/example_dags/example_datasets.py
[2025-05-07T19:59:21.058+0000] {processor.py:840} INFO - DAG(s) 'dataset_consumes_1_and_2', 'dataset_consumes_1_never_scheduled', 'dataset_consumes_unknown_never_scheduled', 'dataset_produces_1', 'dataset_consumes_1', 'dataset_produces_2' retrieved from /home/airflow/.local/lib/python3.8/site-packages/airflow/example_dags/example_datasets.py
[2025-05-07T19:59:21.100+0000] {logging_mixin.py:188} INFO - [2025-05-07T19:59:21.100+0000] {dag.py:3036} INFO - Sync 6 DAGs
[2025-05-07T19:59:21.122+0000] {logging_mixin.py:188} INFO - [2025-05-07T19:59:21.122+0000] {dag.py:3823} INFO - Setting next_dagrun for dataset_consumes_1 to None, run_after=None
[2025-05-07T19:59:21.126+0000] {logging_mixin.py:188} INFO - [2025-05-07T19:59:21.126+0000] {dag.py:3823} INFO - Setting next_dagrun for dataset_consumes_1_and_2 to None, run_after=None
[2025-05-07T19:59:21.128+0000] {logging_mixin.py:188} INFO - [2025-05-07T19:59:21.128+0000] {dag.py:3823} INFO - Setting next_dagrun for dataset_consumes_1_never_scheduled to None, run_after=None
[2025-05-07T19:59:21.130+0000] {logging_mixin.py:188} INFO - [2025-05-07T19:59:21.130+0000] {dag.py:3823} INFO - Setting next_dagrun for dataset_consumes_unknown_never_scheduled to None, run_after=None
[2025-05-07T19:59:21.133+0000] {logging_mixin.py:188} INFO - [2025-05-07T19:59:21.133+0000] {dag.py:3823} INFO - Setting next_dagrun for dataset_produces_1 to 2025-05-06 00:00:00+00:00, run_after=2025-05-07 00:00:00+00:00
[2025-05-07T19:59:21.136+0000] {logging_mixin.py:188} INFO - [2025-05-07T19:59:21.135+0000] {dag.py:3823} INFO - Setting next_dagrun for dataset_produces_2 to None, run_after=None
[2025-05-07T19:59:21.169+0000] {processor.py:183} INFO - Processing /home/airflow/.local/lib/python3.8/site-packages/airflow/example_dags/example_datasets.py took 0.140 seconds
[2025-05-07T19:59:51.652+0000] {processor.py:161} INFO - Started process (PID=3059) to work on /home/airflow/.local/lib/python3.8/site-packages/airflow/example_dags/example_datasets.py
[2025-05-07T19:59:51.655+0000] {processor.py:830} INFO - Processing file /home/airflow/.local/lib/python3.8/site-packages/airflow/example_dags/example_datasets.py for tasks to queue
[2025-05-07T19:59:51.660+0000] {logging_mixin.py:188} INFO - [2025-05-07T19:59:51.660+0000] {dagbag.py:538} INFO - Filling up the DagBag from /home/airflow/.local/lib/python3.8/site-packages/airflow/example_dags/example_datasets.py
[2025-05-07T19:59:51.672+0000] {processor.py:840} INFO - DAG(s) 'dataset_consumes_1', 'dataset_consumes_1_and_2', 'dataset_produces_2', 'dataset_produces_1', 'dataset_consumes_1_never_scheduled', 'dataset_consumes_unknown_never_scheduled' retrieved from /home/airflow/.local/lib/python3.8/site-packages/airflow/example_dags/example_datasets.py
[2025-05-07T19:59:51.711+0000] {logging_mixin.py:188} INFO - [2025-05-07T19:59:51.711+0000] {dag.py:3036} INFO - Sync 6 DAGs
[2025-05-07T19:59:51.736+0000] {logging_mixin.py:188} INFO - [2025-05-07T19:59:51.736+0000] {dag.py:3823} INFO - Setting next_dagrun for dataset_consumes_1 to None, run_after=None
[2025-05-07T19:59:51.743+0000] {logging_mixin.py:188} INFO - [2025-05-07T19:59:51.743+0000] {dag.py:3823} INFO - Setting next_dagrun for dataset_consumes_1_and_2 to None, run_after=None
[2025-05-07T19:59:51.747+0000] {logging_mixin.py:188} INFO - [2025-05-07T19:59:51.747+0000] {dag.py:3823} INFO - Setting next_dagrun for dataset_consumes_1_never_scheduled to None, run_after=None
[2025-05-07T19:59:51.749+0000] {logging_mixin.py:188} INFO - [2025-05-07T19:59:51.749+0000] {dag.py:3823} INFO - Setting next_dagrun for dataset_consumes_unknown_never_scheduled to None, run_after=None
[2025-05-07T19:59:51.755+0000] {logging_mixin.py:188} INFO - [2025-05-07T19:59:51.755+0000] {dag.py:3823} INFO - Setting next_dagrun for dataset_produces_1 to 2025-05-06 00:00:00+00:00, run_after=2025-05-07 00:00:00+00:00
[2025-05-07T19:59:51.759+0000] {logging_mixin.py:188} INFO - [2025-05-07T19:59:51.759+0000] {dag.py:3823} INFO - Setting next_dagrun for dataset_produces_2 to None, run_after=None
[2025-05-07T19:59:51.793+0000] {processor.py:183} INFO - Processing /home/airflow/.local/lib/python3.8/site-packages/airflow/example_dags/example_datasets.py took 0.147 seconds
[2025-05-07T20:00:22.233+0000] {processor.py:161} INFO - Started process (PID=3116) to work on /home/airflow/.local/lib/python3.8/site-packages/airflow/example_dags/example_datasets.py
[2025-05-07T20:00:22.237+0000] {processor.py:830} INFO - Processing file /home/airflow/.local/lib/python3.8/site-packages/airflow/example_dags/example_datasets.py for tasks to queue
[2025-05-07T20:00:22.242+0000] {logging_mixin.py:188} INFO - [2025-05-07T20:00:22.241+0000] {dagbag.py:538} INFO - Filling up the DagBag from /home/airflow/.local/lib/python3.8/site-packages/airflow/example_dags/example_datasets.py
[2025-05-07T20:00:22.257+0000] {processor.py:840} INFO - DAG(s) 'dataset_consumes_1_never_scheduled', 'dataset_consumes_1', 'dataset_produces_2', 'dataset_produces_1', 'dataset_consumes_unknown_never_scheduled', 'dataset_consumes_1_and_2' retrieved from /home/airflow/.local/lib/python3.8/site-packages/airflow/example_dags/example_datasets.py
[2025-05-07T20:00:22.299+0000] {logging_mixin.py:188} INFO - [2025-05-07T20:00:22.298+0000] {dag.py:3036} INFO - Sync 6 DAGs
[2025-05-07T20:00:22.322+0000] {logging_mixin.py:188} INFO - [2025-05-07T20:00:22.322+0000] {dag.py:3823} INFO - Setting next_dagrun for dataset_consumes_1 to None, run_after=None
[2025-05-07T20:00:22.327+0000] {logging_mixin.py:188} INFO - [2025-05-07T20:00:22.327+0000] {dag.py:3823} INFO - Setting next_dagrun for dataset_consumes_1_and_2 to None, run_after=None
[2025-05-07T20:00:22.329+0000] {logging_mixin.py:188} INFO - [2025-05-07T20:00:22.329+0000] {dag.py:3823} INFO - Setting next_dagrun for dataset_consumes_1_never_scheduled to None, run_after=None
[2025-05-07T20:00:22.331+0000] {logging_mixin.py:188} INFO - [2025-05-07T20:00:22.331+0000] {dag.py:3823} INFO - Setting next_dagrun for dataset_consumes_unknown_never_scheduled to None, run_after=None
[2025-05-07T20:00:22.337+0000] {logging_mixin.py:188} INFO - [2025-05-07T20:00:22.337+0000] {dag.py:3823} INFO - Setting next_dagrun for dataset_produces_1 to 2025-05-06 00:00:00+00:00, run_after=2025-05-07 00:00:00+00:00
[2025-05-07T20:00:22.341+0000] {logging_mixin.py:188} INFO - [2025-05-07T20:00:22.340+0000] {dag.py:3823} INFO - Setting next_dagrun for dataset_produces_2 to None, run_after=None
[2025-05-07T20:00:22.383+0000] {processor.py:183} INFO - Processing /home/airflow/.local/lib/python3.8/site-packages/airflow/example_dags/example_datasets.py took 0.156 seconds
[2025-05-07T20:00:52.854+0000] {processor.py:161} INFO - Started process (PID=3173) to work on /home/airflow/.local/lib/python3.8/site-packages/airflow/example_dags/example_datasets.py
[2025-05-07T20:00:52.858+0000] {processor.py:830} INFO - Processing file /home/airflow/.local/lib/python3.8/site-packages/airflow/example_dags/example_datasets.py for tasks to queue
[2025-05-07T20:00:52.863+0000] {logging_mixin.py:188} INFO - [2025-05-07T20:00:52.862+0000] {dagbag.py:538} INFO - Filling up the DagBag from /home/airflow/.local/lib/python3.8/site-packages/airflow/example_dags/example_datasets.py
[2025-05-07T20:00:52.876+0000] {processor.py:840} INFO - DAG(s) 'dataset_consumes_1_never_scheduled', 'dataset_produces_2', 'dataset_consumes_1', 'dataset_consumes_1_and_2', 'dataset_consumes_unknown_never_scheduled', 'dataset_produces_1' retrieved from /home/airflow/.local/lib/python3.8/site-packages/airflow/example_dags/example_datasets.py
[2025-05-07T20:00:52.914+0000] {logging_mixin.py:188} INFO - [2025-05-07T20:00:52.913+0000] {dag.py:3036} INFO - Sync 6 DAGs
[2025-05-07T20:00:52.938+0000] {logging_mixin.py:188} INFO - [2025-05-07T20:00:52.938+0000] {dag.py:3823} INFO - Setting next_dagrun for dataset_consumes_1 to None, run_after=None
[2025-05-07T20:00:52.942+0000] {logging_mixin.py:188} INFO - [2025-05-07T20:00:52.942+0000] {dag.py:3823} INFO - Setting next_dagrun for dataset_consumes_1_and_2 to None, run_after=None
[2025-05-07T20:00:52.945+0000] {logging_mixin.py:188} INFO - [2025-05-07T20:00:52.945+0000] {dag.py:3823} INFO - Setting next_dagrun for dataset_consumes_1_never_scheduled to None, run_after=None
[2025-05-07T20:00:52.949+0000] {logging_mixin.py:188} INFO - [2025-05-07T20:00:52.949+0000] {dag.py:3823} INFO - Setting next_dagrun for dataset_consumes_unknown_never_scheduled to None, run_after=None
[2025-05-07T20:00:52.953+0000] {logging_mixin.py:188} INFO - [2025-05-07T20:00:52.952+0000] {dag.py:3823} INFO - Setting next_dagrun for dataset_produces_1 to 2025-05-06 00:00:00+00:00, run_after=2025-05-07 00:00:00+00:00
[2025-05-07T20:00:52.956+0000] {logging_mixin.py:188} INFO - [2025-05-07T20:00:52.956+0000] {dag.py:3823} INFO - Setting next_dagrun for dataset_produces_2 to None, run_after=None
[2025-05-07T20:00:52.991+0000] {processor.py:183} INFO - Processing /home/airflow/.local/lib/python3.8/site-packages/airflow/example_dags/example_datasets.py took 0.144 seconds
[2025-05-07T20:01:23.419+0000] {processor.py:161} INFO - Started process (PID=3230) to work on /home/airflow/.local/lib/python3.8/site-packages/airflow/example_dags/example_datasets.py
[2025-05-07T20:01:23.421+0000] {processor.py:830} INFO - Processing file /home/airflow/.local/lib/python3.8/site-packages/airflow/example_dags/example_datasets.py for tasks to queue
[2025-05-07T20:01:23.423+0000] {logging_mixin.py:188} INFO - [2025-05-07T20:01:23.423+0000] {dagbag.py:538} INFO - Filling up the DagBag from /home/airflow/.local/lib/python3.8/site-packages/airflow/example_dags/example_datasets.py
[2025-05-07T20:01:23.434+0000] {processor.py:840} INFO - DAG(s) 'dataset_consumes_1_never_scheduled', 'dataset_consumes_1_and_2', 'dataset_produces_2', 'dataset_consumes_unknown_never_scheduled', 'dataset_produces_1', 'dataset_consumes_1' retrieved from /home/airflow/.local/lib/python3.8/site-packages/airflow/example_dags/example_datasets.py
[2025-05-07T20:01:23.471+0000] {logging_mixin.py:188} INFO - [2025-05-07T20:01:23.471+0000] {dag.py:3036} INFO - Sync 6 DAGs
[2025-05-07T20:01:23.493+0000] {logging_mixin.py:188} INFO - [2025-05-07T20:01:23.493+0000] {dag.py:3823} INFO - Setting next_dagrun for dataset_consumes_1 to None, run_after=None
[2025-05-07T20:01:23.496+0000] {logging_mixin.py:188} INFO - [2025-05-07T20:01:23.496+0000] {dag.py:3823} INFO - Setting next_dagrun for dataset_consumes_1_and_2 to None, run_after=None
[2025-05-07T20:01:23.498+0000] {logging_mixin.py:188} INFO - [2025-05-07T20:01:23.498+0000] {dag.py:3823} INFO - Setting next_dagrun for dataset_consumes_1_never_scheduled to None, run_after=None
[2025-05-07T20:01:23.500+0000] {logging_mixin.py:188} INFO - [2025-05-07T20:01:23.500+0000] {dag.py:3823} INFO - Setting next_dagrun for dataset_consumes_unknown_never_scheduled to None, run_after=None
[2025-05-07T20:01:23.505+0000] {logging_mixin.py:188} INFO - [2025-05-07T20:01:23.504+0000] {dag.py:3823} INFO - Setting next_dagrun for dataset_produces_1 to 2025-05-06 00:00:00+00:00, run_after=2025-05-07 00:00:00+00:00
[2025-05-07T20:01:23.507+0000] {logging_mixin.py:188} INFO - [2025-05-07T20:01:23.507+0000] {dag.py:3823} INFO - Setting next_dagrun for dataset_produces_2 to None, run_after=None
[2025-05-07T20:01:23.539+0000] {processor.py:183} INFO - Processing /home/airflow/.local/lib/python3.8/site-packages/airflow/example_dags/example_datasets.py took 0.124 seconds
[2025-05-07T20:01:53.780+0000] {processor.py:161} INFO - Started process (PID=3287) to work on /home/airflow/.local/lib/python3.8/site-packages/airflow/example_dags/example_datasets.py
[2025-05-07T20:01:53.782+0000] {processor.py:830} INFO - Processing file /home/airflow/.local/lib/python3.8/site-packages/airflow/example_dags/example_datasets.py for tasks to queue
[2025-05-07T20:01:53.784+0000] {logging_mixin.py:188} INFO - [2025-05-07T20:01:53.783+0000] {dagbag.py:538} INFO - Filling up the DagBag from /home/airflow/.local/lib/python3.8/site-packages/airflow/example_dags/example_datasets.py
[2025-05-07T20:01:53.793+0000] {processor.py:840} INFO - DAG(s) 'dataset_produces_2', 'dataset_consumes_1_never_scheduled', 'dataset_consumes_1', 'dataset_consumes_unknown_never_scheduled', 'dataset_consumes_1_and_2', 'dataset_produces_1' retrieved from /home/airflow/.local/lib/python3.8/site-packages/airflow/example_dags/example_datasets.py
[2025-05-07T20:01:53.826+0000] {logging_mixin.py:188} INFO - [2025-05-07T20:01:53.825+0000] {dag.py:3036} INFO - Sync 6 DAGs
[2025-05-07T20:01:53.850+0000] {logging_mixin.py:188} INFO - [2025-05-07T20:01:53.849+0000] {dag.py:3823} INFO - Setting next_dagrun for dataset_consumes_1 to None, run_after=None
[2025-05-07T20:01:53.854+0000] {logging_mixin.py:188} INFO - [2025-05-07T20:01:53.854+0000] {dag.py:3823} INFO - Setting next_dagrun for dataset_consumes_1_and_2 to None, run_after=None
[2025-05-07T20:01:53.855+0000] {logging_mixin.py:188} INFO - [2025-05-07T20:01:53.855+0000] {dag.py:3823} INFO - Setting next_dagrun for dataset_consumes_1_never_scheduled to None, run_after=None
[2025-05-07T20:01:53.857+0000] {logging_mixin.py:188} INFO - [2025-05-07T20:01:53.857+0000] {dag.py:3823} INFO - Setting next_dagrun for dataset_consumes_unknown_never_scheduled to None, run_after=None
[2025-05-07T20:01:53.862+0000] {logging_mixin.py:188} INFO - [2025-05-07T20:01:53.861+0000] {dag.py:3823} INFO - Setting next_dagrun for dataset_produces_1 to 2025-05-06 00:00:00+00:00, run_after=2025-05-07 00:00:00+00:00
[2025-05-07T20:01:53.864+0000] {logging_mixin.py:188} INFO - [2025-05-07T20:01:53.864+0000] {dag.py:3823} INFO - Setting next_dagrun for dataset_produces_2 to None, run_after=None
[2025-05-07T20:01:53.902+0000] {processor.py:183} INFO - Processing /home/airflow/.local/lib/python3.8/site-packages/airflow/example_dags/example_datasets.py took 0.125 seconds
[2025-05-07T20:02:24.312+0000] {processor.py:161} INFO - Started process (PID=3344) to work on /home/airflow/.local/lib/python3.8/site-packages/airflow/example_dags/example_datasets.py
[2025-05-07T20:02:24.313+0000] {processor.py:830} INFO - Processing file /home/airflow/.local/lib/python3.8/site-packages/airflow/example_dags/example_datasets.py for tasks to queue
[2025-05-07T20:02:24.316+0000] {logging_mixin.py:188} INFO - [2025-05-07T20:02:24.316+0000] {dagbag.py:538} INFO - Filling up the DagBag from /home/airflow/.local/lib/python3.8/site-packages/airflow/example_dags/example_datasets.py
[2025-05-07T20:02:24.328+0000] {processor.py:840} INFO - DAG(s) 'dataset_consumes_unknown_never_scheduled', 'dataset_consumes_1_and_2', 'dataset_consumes_1_never_scheduled', 'dataset_consumes_1', 'dataset_produces_1', 'dataset_produces_2' retrieved from /home/airflow/.local/lib/python3.8/site-packages/airflow/example_dags/example_datasets.py
[2025-05-07T20:02:24.375+0000] {logging_mixin.py:188} INFO - [2025-05-07T20:02:24.375+0000] {dag.py:3036} INFO - Sync 6 DAGs
[2025-05-07T20:02:24.400+0000] {logging_mixin.py:188} INFO - [2025-05-07T20:02:24.400+0000] {dag.py:3823} INFO - Setting next_dagrun for dataset_consumes_1 to None, run_after=None
[2025-05-07T20:02:24.406+0000] {logging_mixin.py:188} INFO - [2025-05-07T20:02:24.405+0000] {dag.py:3823} INFO - Setting next_dagrun for dataset_consumes_1_and_2 to None, run_after=None
[2025-05-07T20:02:24.408+0000] {logging_mixin.py:188} INFO - [2025-05-07T20:02:24.408+0000] {dag.py:3823} INFO - Setting next_dagrun for dataset_consumes_1_never_scheduled to None, run_after=None
[2025-05-07T20:02:24.411+0000] {logging_mixin.py:188} INFO - [2025-05-07T20:02:24.410+0000] {dag.py:3823} INFO - Setting next_dagrun for dataset_consumes_unknown_never_scheduled to None, run_after=None
[2025-05-07T20:02:24.415+0000] {logging_mixin.py:188} INFO - [2025-05-07T20:02:24.414+0000] {dag.py:3823} INFO - Setting next_dagrun for dataset_produces_1 to 2025-05-06 00:00:00+00:00, run_after=2025-05-07 00:00:00+00:00
[2025-05-07T20:02:24.419+0000] {logging_mixin.py:188} INFO - [2025-05-07T20:02:24.419+0000] {dag.py:3823} INFO - Setting next_dagrun for dataset_produces_2 to None, run_after=None
[2025-05-07T20:02:24.457+0000] {processor.py:183} INFO - Processing /home/airflow/.local/lib/python3.8/site-packages/airflow/example_dags/example_datasets.py took 0.149 seconds
[2025-05-07T20:02:55.177+0000] {processor.py:161} INFO - Started process (PID=3402) to work on /home/airflow/.local/lib/python3.8/site-packages/airflow/example_dags/example_datasets.py
[2025-05-07T20:02:55.179+0000] {processor.py:830} INFO - Processing file /home/airflow/.local/lib/python3.8/site-packages/airflow/example_dags/example_datasets.py for tasks to queue
[2025-05-07T20:02:55.183+0000] {logging_mixin.py:188} INFO - [2025-05-07T20:02:55.182+0000] {dagbag.py:538} INFO - Filling up the DagBag from /home/airflow/.local/lib/python3.8/site-packages/airflow/example_dags/example_datasets.py
[2025-05-07T20:02:55.197+0000] {processor.py:840} INFO - DAG(s) 'dataset_consumes_1_never_scheduled', 'dataset_consumes_1_and_2', 'dataset_produces_1', 'dataset_consumes_1', 'dataset_produces_2', 'dataset_consumes_unknown_never_scheduled' retrieved from /home/airflow/.local/lib/python3.8/site-packages/airflow/example_dags/example_datasets.py
[2025-05-07T20:02:55.245+0000] {logging_mixin.py:188} INFO - [2025-05-07T20:02:55.245+0000] {dag.py:3036} INFO - Sync 6 DAGs
[2025-05-07T20:02:55.274+0000] {logging_mixin.py:188} INFO - [2025-05-07T20:02:55.274+0000] {dag.py:3823} INFO - Setting next_dagrun for dataset_consumes_1 to None, run_after=None
[2025-05-07T20:02:55.279+0000] {logging_mixin.py:188} INFO - [2025-05-07T20:02:55.278+0000] {dag.py:3823} INFO - Setting next_dagrun for dataset_consumes_1_and_2 to None, run_after=None
[2025-05-07T20:02:55.281+0000] {logging_mixin.py:188} INFO - [2025-05-07T20:02:55.281+0000] {dag.py:3823} INFO - Setting next_dagrun for dataset_consumes_1_never_scheduled to None, run_after=None
[2025-05-07T20:02:55.284+0000] {logging_mixin.py:188} INFO - [2025-05-07T20:02:55.283+0000] {dag.py:3823} INFO - Setting next_dagrun for dataset_consumes_unknown_never_scheduled to None, run_after=None
[2025-05-07T20:02:55.287+0000] {logging_mixin.py:188} INFO - [2025-05-07T20:02:55.287+0000] {dag.py:3823} INFO - Setting next_dagrun for dataset_produces_1 to 2025-05-06 00:00:00+00:00, run_after=2025-05-07 00:00:00+00:00
[2025-05-07T20:02:55.291+0000] {logging_mixin.py:188} INFO - [2025-05-07T20:02:55.291+0000] {dag.py:3823} INFO - Setting next_dagrun for dataset_produces_2 to None, run_after=None
[2025-05-07T20:02:55.329+0000] {processor.py:183} INFO - Processing /home/airflow/.local/lib/python3.8/site-packages/airflow/example_dags/example_datasets.py took 0.157 seconds
[2025-05-07T20:03:25.475+0000] {processor.py:161} INFO - Started process (PID=3459) to work on /home/airflow/.local/lib/python3.8/site-packages/airflow/example_dags/example_datasets.py
[2025-05-07T20:03:25.477+0000] {processor.py:830} INFO - Processing file /home/airflow/.local/lib/python3.8/site-packages/airflow/example_dags/example_datasets.py for tasks to queue
[2025-05-07T20:03:25.481+0000] {logging_mixin.py:188} INFO - [2025-05-07T20:03:25.481+0000] {dagbag.py:538} INFO - Filling up the DagBag from /home/airflow/.local/lib/python3.8/site-packages/airflow/example_dags/example_datasets.py
[2025-05-07T20:03:25.499+0000] {processor.py:840} INFO - DAG(s) 'dataset_consumes_1_and_2', 'dataset_consumes_1', 'dataset_consumes_1_never_scheduled', 'dataset_consumes_unknown_never_scheduled', 'dataset_produces_2', 'dataset_produces_1' retrieved from /home/airflow/.local/lib/python3.8/site-packages/airflow/example_dags/example_datasets.py
[2025-05-07T20:03:25.545+0000] {logging_mixin.py:188} INFO - [2025-05-07T20:03:25.544+0000] {dag.py:3036} INFO - Sync 6 DAGs
[2025-05-07T20:03:25.566+0000] {logging_mixin.py:188} INFO - [2025-05-07T20:03:25.566+0000] {dag.py:3823} INFO - Setting next_dagrun for dataset_consumes_1 to None, run_after=None
[2025-05-07T20:03:25.570+0000] {logging_mixin.py:188} INFO - [2025-05-07T20:03:25.570+0000] {dag.py:3823} INFO - Setting next_dagrun for dataset_consumes_1_and_2 to None, run_after=None
[2025-05-07T20:03:25.571+0000] {logging_mixin.py:188} INFO - [2025-05-07T20:03:25.571+0000] {dag.py:3823} INFO - Setting next_dagrun for dataset_consumes_1_never_scheduled to None, run_after=None
[2025-05-07T20:03:25.573+0000] {logging_mixin.py:188} INFO - [2025-05-07T20:03:25.573+0000] {dag.py:3823} INFO - Setting next_dagrun for dataset_consumes_unknown_never_scheduled to None, run_after=None
[2025-05-07T20:03:25.576+0000] {logging_mixin.py:188} INFO - [2025-05-07T20:03:25.576+0000] {dag.py:3823} INFO - Setting next_dagrun for dataset_produces_1 to 2025-05-06 00:00:00+00:00, run_after=2025-05-07 00:00:00+00:00
[2025-05-07T20:03:25.578+0000] {logging_mixin.py:188} INFO - [2025-05-07T20:03:25.577+0000] {dag.py:3823} INFO - Setting next_dagrun for dataset_produces_2 to None, run_after=None
[2025-05-07T20:03:25.612+0000] {processor.py:183} INFO - Processing /home/airflow/.local/lib/python3.8/site-packages/airflow/example_dags/example_datasets.py took 0.143 seconds
[2025-05-07T20:03:55.668+0000] {processor.py:161} INFO - Started process (PID=3516) to work on /home/airflow/.local/lib/python3.8/site-packages/airflow/example_dags/example_datasets.py
[2025-05-07T20:03:55.670+0000] {processor.py:830} INFO - Processing file /home/airflow/.local/lib/python3.8/site-packages/airflow/example_dags/example_datasets.py for tasks to queue
[2025-05-07T20:03:55.672+0000] {logging_mixin.py:188} INFO - [2025-05-07T20:03:55.671+0000] {dagbag.py:538} INFO - Filling up the DagBag from /home/airflow/.local/lib/python3.8/site-packages/airflow/example_dags/example_datasets.py
[2025-05-07T20:03:55.680+0000] {processor.py:840} INFO - DAG(s) 'dataset_consumes_1_never_scheduled', 'dataset_produces_2', 'dataset_consumes_unknown_never_scheduled', 'dataset_produces_1', 'dataset_consumes_1_and_2', 'dataset_consumes_1' retrieved from /home/airflow/.local/lib/python3.8/site-packages/airflow/example_dags/example_datasets.py
[2025-05-07T20:03:55.716+0000] {logging_mixin.py:188} INFO - [2025-05-07T20:03:55.716+0000] {dag.py:3036} INFO - Sync 6 DAGs
[2025-05-07T20:03:55.740+0000] {logging_mixin.py:188} INFO - [2025-05-07T20:03:55.740+0000] {dag.py:3823} INFO - Setting next_dagrun for dataset_consumes_1 to None, run_after=None
[2025-05-07T20:03:55.745+0000] {logging_mixin.py:188} INFO - [2025-05-07T20:03:55.745+0000] {dag.py:3823} INFO - Setting next_dagrun for dataset_consumes_1_and_2 to None, run_after=None
[2025-05-07T20:03:55.746+0000] {logging_mixin.py:188} INFO - [2025-05-07T20:03:55.746+0000] {dag.py:3823} INFO - Setting next_dagrun for dataset_consumes_1_never_scheduled to None, run_after=None
[2025-05-07T20:03:55.748+0000] {logging_mixin.py:188} INFO - [2025-05-07T20:03:55.748+0000] {dag.py:3823} INFO - Setting next_dagrun for dataset_consumes_unknown_never_scheduled to None, run_after=None
[2025-05-07T20:03:55.751+0000] {logging_mixin.py:188} INFO - [2025-05-07T20:03:55.751+0000] {dag.py:3823} INFO - Setting next_dagrun for dataset_produces_1 to 2025-05-06 00:00:00+00:00, run_after=2025-05-07 00:00:00+00:00
[2025-05-07T20:03:55.753+0000] {logging_mixin.py:188} INFO - [2025-05-07T20:03:55.753+0000] {dag.py:3823} INFO - Setting next_dagrun for dataset_produces_2 to None, run_after=None
[2025-05-07T20:03:55.797+0000] {processor.py:183} INFO - Processing /home/airflow/.local/lib/python3.8/site-packages/airflow/example_dags/example_datasets.py took 0.132 seconds
[2025-05-07T20:04:26.645+0000] {processor.py:161} INFO - Started process (PID=3573) to work on /home/airflow/.local/lib/python3.8/site-packages/airflow/example_dags/example_datasets.py
[2025-05-07T20:04:26.646+0000] {processor.py:830} INFO - Processing file /home/airflow/.local/lib/python3.8/site-packages/airflow/example_dags/example_datasets.py for tasks to queue
[2025-05-07T20:04:26.649+0000] {logging_mixin.py:188} INFO - [2025-05-07T20:04:26.648+0000] {dagbag.py:538} INFO - Filling up the DagBag from /home/airflow/.local/lib/python3.8/site-packages/airflow/example_dags/example_datasets.py
[2025-05-07T20:04:26.658+0000] {processor.py:840} INFO - DAG(s) 'dataset_produces_2', 'dataset_consumes_1_and_2', 'dataset_consumes_1', 'dataset_produces_1', 'dataset_consumes_1_never_scheduled', 'dataset_consumes_unknown_never_scheduled' retrieved from /home/airflow/.local/lib/python3.8/site-packages/airflow/example_dags/example_datasets.py
[2025-05-07T20:04:26.700+0000] {logging_mixin.py:188} INFO - [2025-05-07T20:04:26.699+0000] {dag.py:3036} INFO - Sync 6 DAGs
[2025-05-07T20:04:26.721+0000] {logging_mixin.py:188} INFO - [2025-05-07T20:04:26.721+0000] {dag.py:3823} INFO - Setting next_dagrun for dataset_consumes_1 to None, run_after=None
[2025-05-07T20:04:26.725+0000] {logging_mixin.py:188} INFO - [2025-05-07T20:04:26.725+0000] {dag.py:3823} INFO - Setting next_dagrun for dataset_consumes_1_and_2 to None, run_after=None
[2025-05-07T20:04:26.727+0000] {logging_mixin.py:188} INFO - [2025-05-07T20:04:26.727+0000] {dag.py:3823} INFO - Setting next_dagrun for dataset_consumes_1_never_scheduled to None, run_after=None
[2025-05-07T20:04:26.730+0000] {logging_mixin.py:188} INFO - [2025-05-07T20:04:26.729+0000] {dag.py:3823} INFO - Setting next_dagrun for dataset_consumes_unknown_never_scheduled to None, run_after=None
[2025-05-07T20:04:26.734+0000] {logging_mixin.py:188} INFO - [2025-05-07T20:04:26.733+0000] {dag.py:3823} INFO - Setting next_dagrun for dataset_produces_1 to 2025-05-06 00:00:00+00:00, run_after=2025-05-07 00:00:00+00:00
[2025-05-07T20:04:26.735+0000] {logging_mixin.py:188} INFO - [2025-05-07T20:04:26.735+0000] {dag.py:3823} INFO - Setting next_dagrun for dataset_produces_2 to None, run_after=None
[2025-05-07T20:04:26.769+0000] {processor.py:183} INFO - Processing /home/airflow/.local/lib/python3.8/site-packages/airflow/example_dags/example_datasets.py took 0.127 seconds
[2025-05-07T20:04:57.139+0000] {processor.py:161} INFO - Started process (PID=3630) to work on /home/airflow/.local/lib/python3.8/site-packages/airflow/example_dags/example_datasets.py
[2025-05-07T20:04:57.140+0000] {processor.py:830} INFO - Processing file /home/airflow/.local/lib/python3.8/site-packages/airflow/example_dags/example_datasets.py for tasks to queue
[2025-05-07T20:04:57.142+0000] {logging_mixin.py:188} INFO - [2025-05-07T20:04:57.142+0000] {dagbag.py:538} INFO - Filling up the DagBag from /home/airflow/.local/lib/python3.8/site-packages/airflow/example_dags/example_datasets.py
[2025-05-07T20:04:57.152+0000] {processor.py:840} INFO - DAG(s) 'dataset_consumes_1_never_scheduled', 'dataset_consumes_1_and_2', 'dataset_produces_1', 'dataset_consumes_1', 'dataset_produces_2', 'dataset_consumes_unknown_never_scheduled' retrieved from /home/airflow/.local/lib/python3.8/site-packages/airflow/example_dags/example_datasets.py
[2025-05-07T20:04:57.193+0000] {logging_mixin.py:188} INFO - [2025-05-07T20:04:57.193+0000] {dag.py:3036} INFO - Sync 6 DAGs
[2025-05-07T20:04:57.217+0000] {logging_mixin.py:188} INFO - [2025-05-07T20:04:57.217+0000] {dag.py:3823} INFO - Setting next_dagrun for dataset_consumes_1 to None, run_after=None
[2025-05-07T20:04:57.221+0000] {logging_mixin.py:188} INFO - [2025-05-07T20:04:57.221+0000] {dag.py:3823} INFO - Setting next_dagrun for dataset_consumes_1_and_2 to None, run_after=None
[2025-05-07T20:04:57.224+0000] {logging_mixin.py:188} INFO - [2025-05-07T20:04:57.223+0000] {dag.py:3823} INFO - Setting next_dagrun for dataset_consumes_1_never_scheduled to None, run_after=None
[2025-05-07T20:04:57.226+0000] {logging_mixin.py:188} INFO - [2025-05-07T20:04:57.226+0000] {dag.py:3823} INFO - Setting next_dagrun for dataset_consumes_unknown_never_scheduled to None, run_after=None
[2025-05-07T20:04:57.232+0000] {logging_mixin.py:188} INFO - [2025-05-07T20:04:57.232+0000] {dag.py:3823} INFO - Setting next_dagrun for dataset_produces_1 to 2025-05-06 00:00:00+00:00, run_after=2025-05-07 00:00:00+00:00
[2025-05-07T20:04:57.234+0000] {logging_mixin.py:188} INFO - [2025-05-07T20:04:57.234+0000] {dag.py:3823} INFO - Setting next_dagrun for dataset_produces_2 to None, run_after=None
[2025-05-07T20:04:57.271+0000] {processor.py:183} INFO - Processing /home/airflow/.local/lib/python3.8/site-packages/airflow/example_dags/example_datasets.py took 0.136 seconds
[2025-05-07T20:05:28.136+0000] {processor.py:161} INFO - Started process (PID=3687) to work on /home/airflow/.local/lib/python3.8/site-packages/airflow/example_dags/example_datasets.py
[2025-05-07T20:05:28.137+0000] {processor.py:830} INFO - Processing file /home/airflow/.local/lib/python3.8/site-packages/airflow/example_dags/example_datasets.py for tasks to queue
[2025-05-07T20:05:28.139+0000] {logging_mixin.py:188} INFO - [2025-05-07T20:05:28.139+0000] {dagbag.py:538} INFO - Filling up the DagBag from /home/airflow/.local/lib/python3.8/site-packages/airflow/example_dags/example_datasets.py
[2025-05-07T20:05:28.149+0000] {processor.py:840} INFO - DAG(s) 'dataset_produces_2', 'dataset_consumes_1_never_scheduled', 'dataset_produces_1', 'dataset_consumes_1_and_2', 'dataset_consumes_unknown_never_scheduled', 'dataset_consumes_1' retrieved from /home/airflow/.local/lib/python3.8/site-packages/airflow/example_dags/example_datasets.py
[2025-05-07T20:05:28.185+0000] {logging_mixin.py:188} INFO - [2025-05-07T20:05:28.184+0000] {dag.py:3036} INFO - Sync 6 DAGs
[2025-05-07T20:05:28.206+0000] {logging_mixin.py:188} INFO - [2025-05-07T20:05:28.206+0000] {dag.py:3823} INFO - Setting next_dagrun for dataset_consumes_1 to None, run_after=None
[2025-05-07T20:05:28.213+0000] {logging_mixin.py:188} INFO - [2025-05-07T20:05:28.212+0000] {dag.py:3823} INFO - Setting next_dagrun for dataset_consumes_1_and_2 to None, run_after=None
[2025-05-07T20:05:28.221+0000] {logging_mixin.py:188} INFO - [2025-05-07T20:05:28.221+0000] {dag.py:3823} INFO - Setting next_dagrun for dataset_consumes_1_never_scheduled to None, run_after=None
[2025-05-07T20:05:28.224+0000] {logging_mixin.py:188} INFO - [2025-05-07T20:05:28.224+0000] {dag.py:3823} INFO - Setting next_dagrun for dataset_consumes_unknown_never_scheduled to None, run_after=None
[2025-05-07T20:05:28.230+0000] {logging_mixin.py:188} INFO - [2025-05-07T20:05:28.229+0000] {dag.py:3823} INFO - Setting next_dagrun for dataset_produces_1 to 2025-05-06 00:00:00+00:00, run_after=2025-05-07 00:00:00+00:00
[2025-05-07T20:05:28.236+0000] {logging_mixin.py:188} INFO - [2025-05-07T20:05:28.235+0000] {dag.py:3823} INFO - Setting next_dagrun for dataset_produces_2 to None, run_after=None
[2025-05-07T20:05:28.287+0000] {processor.py:183} INFO - Processing /home/airflow/.local/lib/python3.8/site-packages/airflow/example_dags/example_datasets.py took 0.154 seconds
[2025-05-07T20:05:58.346+0000] {processor.py:161} INFO - Started process (PID=3744) to work on /home/airflow/.local/lib/python3.8/site-packages/airflow/example_dags/example_datasets.py
[2025-05-07T20:05:58.347+0000] {processor.py:830} INFO - Processing file /home/airflow/.local/lib/python3.8/site-packages/airflow/example_dags/example_datasets.py for tasks to queue
[2025-05-07T20:05:58.349+0000] {logging_mixin.py:188} INFO - [2025-05-07T20:05:58.349+0000] {dagbag.py:538} INFO - Filling up the DagBag from /home/airflow/.local/lib/python3.8/site-packages/airflow/example_dags/example_datasets.py
[2025-05-07T20:05:58.359+0000] {processor.py:840} INFO - DAG(s) 'dataset_consumes_1', 'dataset_produces_2', 'dataset_produces_1', 'dataset_consumes_1_never_scheduled', 'dataset_consumes_unknown_never_scheduled', 'dataset_consumes_1_and_2' retrieved from /home/airflow/.local/lib/python3.8/site-packages/airflow/example_dags/example_datasets.py
[2025-05-07T20:05:58.397+0000] {logging_mixin.py:188} INFO - [2025-05-07T20:05:58.396+0000] {dag.py:3036} INFO - Sync 6 DAGs
[2025-05-07T20:05:58.421+0000] {logging_mixin.py:188} INFO - [2025-05-07T20:05:58.421+0000] {dag.py:3823} INFO - Setting next_dagrun for dataset_consumes_1 to None, run_after=None
[2025-05-07T20:05:58.425+0000] {logging_mixin.py:188} INFO - [2025-05-07T20:05:58.425+0000] {dag.py:3823} INFO - Setting next_dagrun for dataset_consumes_1_and_2 to None, run_after=None
[2025-05-07T20:05:58.427+0000] {logging_mixin.py:188} INFO - [2025-05-07T20:05:58.427+0000] {dag.py:3823} INFO - Setting next_dagrun for dataset_consumes_1_never_scheduled to None, run_after=None
[2025-05-07T20:05:58.429+0000] {logging_mixin.py:188} INFO - [2025-05-07T20:05:58.429+0000] {dag.py:3823} INFO - Setting next_dagrun for dataset_consumes_unknown_never_scheduled to None, run_after=None
[2025-05-07T20:05:58.432+0000] {logging_mixin.py:188} INFO - [2025-05-07T20:05:58.432+0000] {dag.py:3823} INFO - Setting next_dagrun for dataset_produces_1 to 2025-05-06 00:00:00+00:00, run_after=2025-05-07 00:00:00+00:00
[2025-05-07T20:05:58.434+0000] {logging_mixin.py:188} INFO - [2025-05-07T20:05:58.434+0000] {dag.py:3823} INFO - Setting next_dagrun for dataset_produces_2 to None, run_after=None
[2025-05-07T20:05:58.469+0000] {processor.py:183} INFO - Processing /home/airflow/.local/lib/python3.8/site-packages/airflow/example_dags/example_datasets.py took 0.127 seconds
[2025-05-07T20:06:28.720+0000] {processor.py:161} INFO - Started process (PID=3801) to work on /home/airflow/.local/lib/python3.8/site-packages/airflow/example_dags/example_datasets.py
[2025-05-07T20:06:28.721+0000] {processor.py:830} INFO - Processing file /home/airflow/.local/lib/python3.8/site-packages/airflow/example_dags/example_datasets.py for tasks to queue
[2025-05-07T20:06:28.724+0000] {logging_mixin.py:188} INFO - [2025-05-07T20:06:28.723+0000] {dagbag.py:538} INFO - Filling up the DagBag from /home/airflow/.local/lib/python3.8/site-packages/airflow/example_dags/example_datasets.py
[2025-05-07T20:06:28.733+0000] {processor.py:840} INFO - DAG(s) 'dataset_consumes_1', 'dataset_consumes_unknown_never_scheduled', 'dataset_consumes_1_and_2', 'dataset_produces_2', 'dataset_consumes_1_never_scheduled', 'dataset_produces_1' retrieved from /home/airflow/.local/lib/python3.8/site-packages/airflow/example_dags/example_datasets.py
[2025-05-07T20:06:28.769+0000] {logging_mixin.py:188} INFO - [2025-05-07T20:06:28.769+0000] {dag.py:3036} INFO - Sync 6 DAGs
[2025-05-07T20:06:28.791+0000] {logging_mixin.py:188} INFO - [2025-05-07T20:06:28.791+0000] {dag.py:3823} INFO - Setting next_dagrun for dataset_consumes_1 to None, run_after=None
[2025-05-07T20:06:28.794+0000] {logging_mixin.py:188} INFO - [2025-05-07T20:06:28.794+0000] {dag.py:3823} INFO - Setting next_dagrun for dataset_consumes_1_and_2 to None, run_after=None
[2025-05-07T20:06:28.796+0000] {logging_mixin.py:188} INFO - [2025-05-07T20:06:28.796+0000] {dag.py:3823} INFO - Setting next_dagrun for dataset_consumes_1_never_scheduled to None, run_after=None
[2025-05-07T20:06:28.797+0000] {logging_mixin.py:188} INFO - [2025-05-07T20:06:28.797+0000] {dag.py:3823} INFO - Setting next_dagrun for dataset_consumes_unknown_never_scheduled to None, run_after=None
[2025-05-07T20:06:28.800+0000] {logging_mixin.py:188} INFO - [2025-05-07T20:06:28.800+0000] {dag.py:3823} INFO - Setting next_dagrun for dataset_produces_1 to 2025-05-06 00:00:00+00:00, run_after=2025-05-07 00:00:00+00:00
[2025-05-07T20:06:28.802+0000] {logging_mixin.py:188} INFO - [2025-05-07T20:06:28.801+0000] {dag.py:3823} INFO - Setting next_dagrun for dataset_produces_2 to None, run_after=None
[2025-05-07T20:06:28.834+0000] {processor.py:183} INFO - Processing /home/airflow/.local/lib/python3.8/site-packages/airflow/example_dags/example_datasets.py took 0.118 seconds
[2025-05-07T20:06:59.046+0000] {processor.py:161} INFO - Started process (PID=3858) to work on /home/airflow/.local/lib/python3.8/site-packages/airflow/example_dags/example_datasets.py
[2025-05-07T20:06:59.047+0000] {processor.py:830} INFO - Processing file /home/airflow/.local/lib/python3.8/site-packages/airflow/example_dags/example_datasets.py for tasks to queue
[2025-05-07T20:06:59.049+0000] {logging_mixin.py:188} INFO - [2025-05-07T20:06:59.048+0000] {dagbag.py:538} INFO - Filling up the DagBag from /home/airflow/.local/lib/python3.8/site-packages/airflow/example_dags/example_datasets.py
[2025-05-07T20:06:59.058+0000] {processor.py:840} INFO - DAG(s) 'dataset_consumes_1_never_scheduled', 'dataset_produces_1', 'dataset_consumes_1', 'dataset_consumes_unknown_never_scheduled', 'dataset_consumes_1_and_2', 'dataset_produces_2' retrieved from /home/airflow/.local/lib/python3.8/site-packages/airflow/example_dags/example_datasets.py
[2025-05-07T20:06:59.094+0000] {logging_mixin.py:188} INFO - [2025-05-07T20:06:59.094+0000] {dag.py:3036} INFO - Sync 6 DAGs
[2025-05-07T20:06:59.118+0000] {logging_mixin.py:188} INFO - [2025-05-07T20:06:59.118+0000] {dag.py:3823} INFO - Setting next_dagrun for dataset_consumes_1 to None, run_after=None
[2025-05-07T20:06:59.123+0000] {logging_mixin.py:188} INFO - [2025-05-07T20:06:59.122+0000] {dag.py:3823} INFO - Setting next_dagrun for dataset_consumes_1_and_2 to None, run_after=None
[2025-05-07T20:06:59.125+0000] {logging_mixin.py:188} INFO - [2025-05-07T20:06:59.124+0000] {dag.py:3823} INFO - Setting next_dagrun for dataset_consumes_1_never_scheduled to None, run_after=None
[2025-05-07T20:06:59.128+0000] {logging_mixin.py:188} INFO - [2025-05-07T20:06:59.128+0000] {dag.py:3823} INFO - Setting next_dagrun for dataset_consumes_unknown_never_scheduled to None, run_after=None
[2025-05-07T20:06:59.132+0000] {logging_mixin.py:188} INFO - [2025-05-07T20:06:59.131+0000] {dag.py:3823} INFO - Setting next_dagrun for dataset_produces_1 to 2025-05-06 00:00:00+00:00, run_after=2025-05-07 00:00:00+00:00
[2025-05-07T20:06:59.134+0000] {logging_mixin.py:188} INFO - [2025-05-07T20:06:59.134+0000] {dag.py:3823} INFO - Setting next_dagrun for dataset_produces_2 to None, run_after=None
[2025-05-07T20:06:59.165+0000] {processor.py:183} INFO - Processing /home/airflow/.local/lib/python3.8/site-packages/airflow/example_dags/example_datasets.py took 0.123 seconds
[2025-05-07T20:07:30.807+0000] {processor.py:161} INFO - Started process (PID=3915) to work on /home/airflow/.local/lib/python3.8/site-packages/airflow/example_dags/example_datasets.py
[2025-05-07T20:07:30.809+0000] {processor.py:830} INFO - Processing file /home/airflow/.local/lib/python3.8/site-packages/airflow/example_dags/example_datasets.py for tasks to queue
[2025-05-07T20:07:30.811+0000] {logging_mixin.py:188} INFO - [2025-05-07T20:07:30.811+0000] {dagbag.py:538} INFO - Filling up the DagBag from /home/airflow/.local/lib/python3.8/site-packages/airflow/example_dags/example_datasets.py
[2025-05-07T20:07:30.821+0000] {processor.py:840} INFO - DAG(s) 'dataset_consumes_1', 'dataset_consumes_unknown_never_scheduled', 'dataset_consumes_1_and_2', 'dataset_produces_1', 'dataset_produces_2', 'dataset_consumes_1_never_scheduled' retrieved from /home/airflow/.local/lib/python3.8/site-packages/airflow/example_dags/example_datasets.py
[2025-05-07T20:07:30.858+0000] {logging_mixin.py:188} INFO - [2025-05-07T20:07:30.858+0000] {dag.py:3036} INFO - Sync 6 DAGs
[2025-05-07T20:07:30.880+0000] {logging_mixin.py:188} INFO - [2025-05-07T20:07:30.879+0000] {dag.py:3823} INFO - Setting next_dagrun for dataset_consumes_1 to None, run_after=None
[2025-05-07T20:07:30.883+0000] {logging_mixin.py:188} INFO - [2025-05-07T20:07:30.883+0000] {dag.py:3823} INFO - Setting next_dagrun for dataset_consumes_1_and_2 to None, run_after=None
[2025-05-07T20:07:30.885+0000] {logging_mixin.py:188} INFO - [2025-05-07T20:07:30.885+0000] {dag.py:3823} INFO - Setting next_dagrun for dataset_consumes_1_never_scheduled to None, run_after=None
[2025-05-07T20:07:30.888+0000] {logging_mixin.py:188} INFO - [2025-05-07T20:07:30.888+0000] {dag.py:3823} INFO - Setting next_dagrun for dataset_consumes_unknown_never_scheduled to None, run_after=None
[2025-05-07T20:07:30.893+0000] {logging_mixin.py:188} INFO - [2025-05-07T20:07:30.892+0000] {dag.py:3823} INFO - Setting next_dagrun for dataset_produces_1 to 2025-05-06 00:00:00+00:00, run_after=2025-05-07 00:00:00+00:00
[2025-05-07T20:07:30.895+0000] {logging_mixin.py:188} INFO - [2025-05-07T20:07:30.894+0000] {dag.py:3823} INFO - Setting next_dagrun for dataset_produces_2 to None, run_after=None
[2025-05-07T20:07:30.942+0000] {processor.py:183} INFO - Processing /home/airflow/.local/lib/python3.8/site-packages/airflow/example_dags/example_datasets.py took 0.139 seconds
[2025-05-07T20:08:01.936+0000] {processor.py:161} INFO - Started process (PID=3972) to work on /home/airflow/.local/lib/python3.8/site-packages/airflow/example_dags/example_datasets.py
[2025-05-07T20:08:01.938+0000] {processor.py:830} INFO - Processing file /home/airflow/.local/lib/python3.8/site-packages/airflow/example_dags/example_datasets.py for tasks to queue
[2025-05-07T20:08:01.943+0000] {logging_mixin.py:188} INFO - [2025-05-07T20:08:01.943+0000] {dagbag.py:538} INFO - Filling up the DagBag from /home/airflow/.local/lib/python3.8/site-packages/airflow/example_dags/example_datasets.py
[2025-05-07T20:08:01.962+0000] {processor.py:840} INFO - DAG(s) 'dataset_produces_2', 'dataset_consumes_1', 'dataset_consumes_1_and_2', 'dataset_consumes_1_never_scheduled', 'dataset_produces_1', 'dataset_consumes_unknown_never_scheduled' retrieved from /home/airflow/.local/lib/python3.8/site-packages/airflow/example_dags/example_datasets.py
[2025-05-07T20:08:02.003+0000] {logging_mixin.py:188} INFO - [2025-05-07T20:08:02.003+0000] {dag.py:3036} INFO - Sync 6 DAGs
[2025-05-07T20:08:02.025+0000] {logging_mixin.py:188} INFO - [2025-05-07T20:08:02.025+0000] {dag.py:3823} INFO - Setting next_dagrun for dataset_consumes_1 to None, run_after=None
[2025-05-07T20:08:02.029+0000] {logging_mixin.py:188} INFO - [2025-05-07T20:08:02.028+0000] {dag.py:3823} INFO - Setting next_dagrun for dataset_consumes_1_and_2 to None, run_after=None
[2025-05-07T20:08:02.031+0000] {logging_mixin.py:188} INFO - [2025-05-07T20:08:02.030+0000] {dag.py:3823} INFO - Setting next_dagrun for dataset_consumes_1_never_scheduled to None, run_after=None
[2025-05-07T20:08:02.033+0000] {logging_mixin.py:188} INFO - [2025-05-07T20:08:02.033+0000] {dag.py:3823} INFO - Setting next_dagrun for dataset_consumes_unknown_never_scheduled to None, run_after=None
[2025-05-07T20:08:02.036+0000] {logging_mixin.py:188} INFO - [2025-05-07T20:08:02.036+0000] {dag.py:3823} INFO - Setting next_dagrun for dataset_produces_1 to 2025-05-06 00:00:00+00:00, run_after=2025-05-07 00:00:00+00:00
[2025-05-07T20:08:02.038+0000] {logging_mixin.py:188} INFO - [2025-05-07T20:08:02.038+0000] {dag.py:3823} INFO - Setting next_dagrun for dataset_produces_2 to None, run_after=None
[2025-05-07T20:08:02.072+0000] {processor.py:183} INFO - Processing /home/airflow/.local/lib/python3.8/site-packages/airflow/example_dags/example_datasets.py took 0.143 seconds
[2025-05-07T20:08:32.839+0000] {processor.py:161} INFO - Started process (PID=4029) to work on /home/airflow/.local/lib/python3.8/site-packages/airflow/example_dags/example_datasets.py
[2025-05-07T20:08:32.840+0000] {processor.py:830} INFO - Processing file /home/airflow/.local/lib/python3.8/site-packages/airflow/example_dags/example_datasets.py for tasks to queue
[2025-05-07T20:08:32.842+0000] {logging_mixin.py:188} INFO - [2025-05-07T20:08:32.842+0000] {dagbag.py:538} INFO - Filling up the DagBag from /home/airflow/.local/lib/python3.8/site-packages/airflow/example_dags/example_datasets.py
[2025-05-07T20:08:32.851+0000] {processor.py:840} INFO - DAG(s) 'dataset_consumes_1_never_scheduled', 'dataset_produces_1', 'dataset_produces_2', 'dataset_consumes_1', 'dataset_consumes_1_and_2', 'dataset_consumes_unknown_never_scheduled' retrieved from /home/airflow/.local/lib/python3.8/site-packages/airflow/example_dags/example_datasets.py
[2025-05-07T20:08:32.885+0000] {logging_mixin.py:188} INFO - [2025-05-07T20:08:32.885+0000] {dag.py:3036} INFO - Sync 6 DAGs
[2025-05-07T20:08:32.907+0000] {logging_mixin.py:188} INFO - [2025-05-07T20:08:32.907+0000] {dag.py:3823} INFO - Setting next_dagrun for dataset_consumes_1 to None, run_after=None
[2025-05-07T20:08:32.911+0000] {logging_mixin.py:188} INFO - [2025-05-07T20:08:32.911+0000] {dag.py:3823} INFO - Setting next_dagrun for dataset_consumes_1_and_2 to None, run_after=None
[2025-05-07T20:08:32.913+0000] {logging_mixin.py:188} INFO - [2025-05-07T20:08:32.913+0000] {dag.py:3823} INFO - Setting next_dagrun for dataset_consumes_1_never_scheduled to None, run_after=None
[2025-05-07T20:08:32.914+0000] {logging_mixin.py:188} INFO - [2025-05-07T20:08:32.914+0000] {dag.py:3823} INFO - Setting next_dagrun for dataset_consumes_unknown_never_scheduled to None, run_after=None
[2025-05-07T20:08:32.917+0000] {logging_mixin.py:188} INFO - [2025-05-07T20:08:32.917+0000] {dag.py:3823} INFO - Setting next_dagrun for dataset_produces_1 to 2025-05-06 00:00:00+00:00, run_after=2025-05-07 00:00:00+00:00
[2025-05-07T20:08:32.919+0000] {logging_mixin.py:188} INFO - [2025-05-07T20:08:32.918+0000] {dag.py:3823} INFO - Setting next_dagrun for dataset_produces_2 to None, run_after=None
[2025-05-07T20:08:32.950+0000] {processor.py:183} INFO - Processing /home/airflow/.local/lib/python3.8/site-packages/airflow/example_dags/example_datasets.py took 0.114 seconds
[2025-05-07T20:09:03.864+0000] {processor.py:161} INFO - Started process (PID=4086) to work on /home/airflow/.local/lib/python3.8/site-packages/airflow/example_dags/example_datasets.py
[2025-05-07T20:09:03.865+0000] {processor.py:830} INFO - Processing file /home/airflow/.local/lib/python3.8/site-packages/airflow/example_dags/example_datasets.py for tasks to queue
[2025-05-07T20:09:03.868+0000] {logging_mixin.py:188} INFO - [2025-05-07T20:09:03.867+0000] {dagbag.py:538} INFO - Filling up the DagBag from /home/airflow/.local/lib/python3.8/site-packages/airflow/example_dags/example_datasets.py
[2025-05-07T20:09:03.882+0000] {processor.py:840} INFO - DAG(s) 'dataset_consumes_1_never_scheduled', 'dataset_consumes_unknown_never_scheduled', 'dataset_produces_1', 'dataset_consumes_1_and_2', 'dataset_produces_2', 'dataset_consumes_1' retrieved from /home/airflow/.local/lib/python3.8/site-packages/airflow/example_dags/example_datasets.py
[2025-05-07T20:09:03.946+0000] {logging_mixin.py:188} INFO - [2025-05-07T20:09:03.946+0000] {dag.py:3036} INFO - Sync 6 DAGs
[2025-05-07T20:09:03.970+0000] {logging_mixin.py:188} INFO - [2025-05-07T20:09:03.970+0000] {dag.py:3823} INFO - Setting next_dagrun for dataset_consumes_1 to None, run_after=None
[2025-05-07T20:09:03.975+0000] {logging_mixin.py:188} INFO - [2025-05-07T20:09:03.974+0000] {dag.py:3823} INFO - Setting next_dagrun for dataset_consumes_1_and_2 to None, run_after=None
[2025-05-07T20:09:03.977+0000] {logging_mixin.py:188} INFO - [2025-05-07T20:09:03.977+0000] {dag.py:3823} INFO - Setting next_dagrun for dataset_consumes_1_never_scheduled to None, run_after=None
[2025-05-07T20:09:03.979+0000] {logging_mixin.py:188} INFO - [2025-05-07T20:09:03.979+0000] {dag.py:3823} INFO - Setting next_dagrun for dataset_consumes_unknown_never_scheduled to None, run_after=None
[2025-05-07T20:09:03.982+0000] {logging_mixin.py:188} INFO - [2025-05-07T20:09:03.982+0000] {dag.py:3823} INFO - Setting next_dagrun for dataset_produces_1 to 2025-05-06 00:00:00+00:00, run_after=2025-05-07 00:00:00+00:00
[2025-05-07T20:09:03.984+0000] {logging_mixin.py:188} INFO - [2025-05-07T20:09:03.984+0000] {dag.py:3823} INFO - Setting next_dagrun for dataset_produces_2 to None, run_after=None
[2025-05-07T20:09:04.023+0000] {processor.py:183} INFO - Processing /home/airflow/.local/lib/python3.8/site-packages/airflow/example_dags/example_datasets.py took 0.162 seconds
[2025-05-07T20:09:34.145+0000] {processor.py:161} INFO - Started process (PID=4143) to work on /home/airflow/.local/lib/python3.8/site-packages/airflow/example_dags/example_datasets.py
[2025-05-07T20:09:34.148+0000] {processor.py:830} INFO - Processing file /home/airflow/.local/lib/python3.8/site-packages/airflow/example_dags/example_datasets.py for tasks to queue
[2025-05-07T20:09:34.153+0000] {logging_mixin.py:188} INFO - [2025-05-07T20:09:34.152+0000] {dagbag.py:538} INFO - Filling up the DagBag from /home/airflow/.local/lib/python3.8/site-packages/airflow/example_dags/example_datasets.py
[2025-05-07T20:09:34.169+0000] {processor.py:840} INFO - DAG(s) 'dataset_produces_1', 'dataset_consumes_unknown_never_scheduled', 'dataset_consumes_1', 'dataset_consumes_1_and_2', 'dataset_produces_2', 'dataset_consumes_1_never_scheduled' retrieved from /home/airflow/.local/lib/python3.8/site-packages/airflow/example_dags/example_datasets.py
[2025-05-07T20:09:34.215+0000] {logging_mixin.py:188} INFO - [2025-05-07T20:09:34.214+0000] {dag.py:3036} INFO - Sync 6 DAGs
[2025-05-07T20:09:34.242+0000] {logging_mixin.py:188} INFO - [2025-05-07T20:09:34.241+0000] {dag.py:3823} INFO - Setting next_dagrun for dataset_consumes_1 to None, run_after=None
[2025-05-07T20:09:34.246+0000] {logging_mixin.py:188} INFO - [2025-05-07T20:09:34.246+0000] {dag.py:3823} INFO - Setting next_dagrun for dataset_consumes_1_and_2 to None, run_after=None
[2025-05-07T20:09:34.249+0000] {logging_mixin.py:188} INFO - [2025-05-07T20:09:34.248+0000] {dag.py:3823} INFO - Setting next_dagrun for dataset_consumes_1_never_scheduled to None, run_after=None
[2025-05-07T20:09:34.251+0000] {logging_mixin.py:188} INFO - [2025-05-07T20:09:34.251+0000] {dag.py:3823} INFO - Setting next_dagrun for dataset_consumes_unknown_never_scheduled to None, run_after=None
[2025-05-07T20:09:34.256+0000] {logging_mixin.py:188} INFO - [2025-05-07T20:09:34.256+0000] {dag.py:3823} INFO - Setting next_dagrun for dataset_produces_1 to 2025-05-06 00:00:00+00:00, run_after=2025-05-07 00:00:00+00:00
[2025-05-07T20:09:34.261+0000] {logging_mixin.py:188} INFO - [2025-05-07T20:09:34.260+0000] {dag.py:3823} INFO - Setting next_dagrun for dataset_produces_2 to None, run_after=None
[2025-05-07T20:09:34.301+0000] {processor.py:183} INFO - Processing /home/airflow/.local/lib/python3.8/site-packages/airflow/example_dags/example_datasets.py took 0.164 seconds
[2025-05-07T20:10:05.114+0000] {processor.py:161} INFO - Started process (PID=4200) to work on /home/airflow/.local/lib/python3.8/site-packages/airflow/example_dags/example_datasets.py
[2025-05-07T20:10:05.116+0000] {processor.py:830} INFO - Processing file /home/airflow/.local/lib/python3.8/site-packages/airflow/example_dags/example_datasets.py for tasks to queue
[2025-05-07T20:10:05.119+0000] {logging_mixin.py:188} INFO - [2025-05-07T20:10:05.118+0000] {dagbag.py:538} INFO - Filling up the DagBag from /home/airflow/.local/lib/python3.8/site-packages/airflow/example_dags/example_datasets.py
[2025-05-07T20:10:05.132+0000] {processor.py:840} INFO - DAG(s) 'dataset_consumes_1_and_2', 'dataset_consumes_1_never_scheduled', 'dataset_produces_2', 'dataset_produces_1', 'dataset_consumes_unknown_never_scheduled', 'dataset_consumes_1' retrieved from /home/airflow/.local/lib/python3.8/site-packages/airflow/example_dags/example_datasets.py
[2025-05-07T20:10:05.171+0000] {logging_mixin.py:188} INFO - [2025-05-07T20:10:05.171+0000] {dag.py:3036} INFO - Sync 6 DAGs
[2025-05-07T20:10:05.200+0000] {logging_mixin.py:188} INFO - [2025-05-07T20:10:05.199+0000] {dag.py:3823} INFO - Setting next_dagrun for dataset_consumes_1 to None, run_after=None
[2025-05-07T20:10:05.205+0000] {logging_mixin.py:188} INFO - [2025-05-07T20:10:05.205+0000] {dag.py:3823} INFO - Setting next_dagrun for dataset_consumes_1_and_2 to None, run_after=None
[2025-05-07T20:10:05.208+0000] {logging_mixin.py:188} INFO - [2025-05-07T20:10:05.208+0000] {dag.py:3823} INFO - Setting next_dagrun for dataset_consumes_1_never_scheduled to None, run_after=None
[2025-05-07T20:10:05.211+0000] {logging_mixin.py:188} INFO - [2025-05-07T20:10:05.210+0000] {dag.py:3823} INFO - Setting next_dagrun for dataset_consumes_unknown_never_scheduled to None, run_after=None
[2025-05-07T20:10:05.216+0000] {logging_mixin.py:188} INFO - [2025-05-07T20:10:05.215+0000] {dag.py:3823} INFO - Setting next_dagrun for dataset_produces_1 to 2025-05-06 00:00:00+00:00, run_after=2025-05-07 00:00:00+00:00
[2025-05-07T20:10:05.219+0000] {logging_mixin.py:188} INFO - [2025-05-07T20:10:05.219+0000] {dag.py:3823} INFO - Setting next_dagrun for dataset_produces_2 to None, run_after=None
[2025-05-07T20:10:05.276+0000] {processor.py:183} INFO - Processing /home/airflow/.local/lib/python3.8/site-packages/airflow/example_dags/example_datasets.py took 0.166 seconds
[2025-05-07T20:10:35.597+0000] {processor.py:161} INFO - Started process (PID=4257) to work on /home/airflow/.local/lib/python3.8/site-packages/airflow/example_dags/example_datasets.py
[2025-05-07T20:10:35.599+0000] {processor.py:830} INFO - Processing file /home/airflow/.local/lib/python3.8/site-packages/airflow/example_dags/example_datasets.py for tasks to queue
[2025-05-07T20:10:35.601+0000] {logging_mixin.py:188} INFO - [2025-05-07T20:10:35.601+0000] {dagbag.py:538} INFO - Filling up the DagBag from /home/airflow/.local/lib/python3.8/site-packages/airflow/example_dags/example_datasets.py
[2025-05-07T20:10:35.612+0000] {processor.py:840} INFO - DAG(s) 'dataset_consumes_unknown_never_scheduled', 'dataset_produces_2', 'dataset_consumes_1_and_2', 'dataset_consumes_1_never_scheduled', 'dataset_produces_1', 'dataset_consumes_1' retrieved from /home/airflow/.local/lib/python3.8/site-packages/airflow/example_dags/example_datasets.py
[2025-05-07T20:10:35.650+0000] {logging_mixin.py:188} INFO - [2025-05-07T20:10:35.650+0000] {dag.py:3036} INFO - Sync 6 DAGs
[2025-05-07T20:10:35.675+0000] {logging_mixin.py:188} INFO - [2025-05-07T20:10:35.675+0000] {dag.py:3823} INFO - Setting next_dagrun for dataset_consumes_1 to None, run_after=None
[2025-05-07T20:10:35.679+0000] {logging_mixin.py:188} INFO - [2025-05-07T20:10:35.679+0000] {dag.py:3823} INFO - Setting next_dagrun for dataset_consumes_1_and_2 to None, run_after=None
[2025-05-07T20:10:35.681+0000] {logging_mixin.py:188} INFO - [2025-05-07T20:10:35.681+0000] {dag.py:3823} INFO - Setting next_dagrun for dataset_consumes_1_never_scheduled to None, run_after=None
[2025-05-07T20:10:35.683+0000] {logging_mixin.py:188} INFO - [2025-05-07T20:10:35.683+0000] {dag.py:3823} INFO - Setting next_dagrun for dataset_consumes_unknown_never_scheduled to None, run_after=None
[2025-05-07T20:10:35.686+0000] {logging_mixin.py:188} INFO - [2025-05-07T20:10:35.686+0000] {dag.py:3823} INFO - Setting next_dagrun for dataset_produces_1 to 2025-05-06 00:00:00+00:00, run_after=2025-05-07 00:00:00+00:00
[2025-05-07T20:10:35.688+0000] {logging_mixin.py:188} INFO - [2025-05-07T20:10:35.688+0000] {dag.py:3823} INFO - Setting next_dagrun for dataset_produces_2 to None, run_after=None
[2025-05-07T20:10:35.723+0000] {processor.py:183} INFO - Processing /home/airflow/.local/lib/python3.8/site-packages/airflow/example_dags/example_datasets.py took 0.130 seconds
[2025-05-07T20:11:06.092+0000] {processor.py:161} INFO - Started process (PID=4314) to work on /home/airflow/.local/lib/python3.8/site-packages/airflow/example_dags/example_datasets.py
[2025-05-07T20:11:06.094+0000] {processor.py:830} INFO - Processing file /home/airflow/.local/lib/python3.8/site-packages/airflow/example_dags/example_datasets.py for tasks to queue
[2025-05-07T20:11:06.098+0000] {logging_mixin.py:188} INFO - [2025-05-07T20:11:06.097+0000] {dagbag.py:538} INFO - Filling up the DagBag from /home/airflow/.local/lib/python3.8/site-packages/airflow/example_dags/example_datasets.py
[2025-05-07T20:11:06.110+0000] {processor.py:840} INFO - DAG(s) 'dataset_consumes_1_never_scheduled', 'dataset_consumes_unknown_never_scheduled', 'dataset_produces_1', 'dataset_consumes_1_and_2', 'dataset_consumes_1', 'dataset_produces_2' retrieved from /home/airflow/.local/lib/python3.8/site-packages/airflow/example_dags/example_datasets.py
[2025-05-07T20:11:06.147+0000] {logging_mixin.py:188} INFO - [2025-05-07T20:11:06.147+0000] {dag.py:3036} INFO - Sync 6 DAGs
[2025-05-07T20:11:06.171+0000] {logging_mixin.py:188} INFO - [2025-05-07T20:11:06.171+0000] {dag.py:3823} INFO - Setting next_dagrun for dataset_consumes_1 to None, run_after=None
[2025-05-07T20:11:06.175+0000] {logging_mixin.py:188} INFO - [2025-05-07T20:11:06.175+0000] {dag.py:3823} INFO - Setting next_dagrun for dataset_consumes_1_and_2 to None, run_after=None
[2025-05-07T20:11:06.177+0000] {logging_mixin.py:188} INFO - [2025-05-07T20:11:06.177+0000] {dag.py:3823} INFO - Setting next_dagrun for dataset_consumes_1_never_scheduled to None, run_after=None
[2025-05-07T20:11:06.179+0000] {logging_mixin.py:188} INFO - [2025-05-07T20:11:06.179+0000] {dag.py:3823} INFO - Setting next_dagrun for dataset_consumes_unknown_never_scheduled to None, run_after=None
[2025-05-07T20:11:06.182+0000] {logging_mixin.py:188} INFO - [2025-05-07T20:11:06.182+0000] {dag.py:3823} INFO - Setting next_dagrun for dataset_produces_1 to 2025-05-06 00:00:00+00:00, run_after=2025-05-07 00:00:00+00:00
[2025-05-07T20:11:06.184+0000] {logging_mixin.py:188} INFO - [2025-05-07T20:11:06.184+0000] {dag.py:3823} INFO - Setting next_dagrun for dataset_produces_2 to None, run_after=None
[2025-05-07T20:11:06.221+0000] {processor.py:183} INFO - Processing /home/airflow/.local/lib/python3.8/site-packages/airflow/example_dags/example_datasets.py took 0.136 seconds
[2025-05-07T20:11:37.294+0000] {processor.py:161} INFO - Started process (PID=4371) to work on /home/airflow/.local/lib/python3.8/site-packages/airflow/example_dags/example_datasets.py
[2025-05-07T20:11:37.298+0000] {processor.py:830} INFO - Processing file /home/airflow/.local/lib/python3.8/site-packages/airflow/example_dags/example_datasets.py for tasks to queue
[2025-05-07T20:11:37.305+0000] {logging_mixin.py:188} INFO - [2025-05-07T20:11:37.304+0000] {dagbag.py:538} INFO - Filling up the DagBag from /home/airflow/.local/lib/python3.8/site-packages/airflow/example_dags/example_datasets.py
[2025-05-07T20:11:37.325+0000] {processor.py:840} INFO - DAG(s) 'dataset_consumes_1_and_2', 'dataset_consumes_1_never_scheduled', 'dataset_consumes_unknown_never_scheduled', 'dataset_produces_1', 'dataset_produces_2', 'dataset_consumes_1' retrieved from /home/airflow/.local/lib/python3.8/site-packages/airflow/example_dags/example_datasets.py
[2025-05-07T20:11:37.366+0000] {logging_mixin.py:188} INFO - [2025-05-07T20:11:37.366+0000] {dag.py:3036} INFO - Sync 6 DAGs
[2025-05-07T20:11:37.391+0000] {logging_mixin.py:188} INFO - [2025-05-07T20:11:37.391+0000] {dag.py:3823} INFO - Setting next_dagrun for dataset_consumes_1 to None, run_after=None
[2025-05-07T20:11:37.395+0000] {logging_mixin.py:188} INFO - [2025-05-07T20:11:37.395+0000] {dag.py:3823} INFO - Setting next_dagrun for dataset_consumes_1_and_2 to None, run_after=None
[2025-05-07T20:11:37.397+0000] {logging_mixin.py:188} INFO - [2025-05-07T20:11:37.397+0000] {dag.py:3823} INFO - Setting next_dagrun for dataset_consumes_1_never_scheduled to None, run_after=None
[2025-05-07T20:11:37.399+0000] {logging_mixin.py:188} INFO - [2025-05-07T20:11:37.399+0000] {dag.py:3823} INFO - Setting next_dagrun for dataset_consumes_unknown_never_scheduled to None, run_after=None
[2025-05-07T20:11:37.402+0000] {logging_mixin.py:188} INFO - [2025-05-07T20:11:37.402+0000] {dag.py:3823} INFO - Setting next_dagrun for dataset_produces_1 to 2025-05-06 00:00:00+00:00, run_after=2025-05-07 00:00:00+00:00
[2025-05-07T20:11:37.404+0000] {logging_mixin.py:188} INFO - [2025-05-07T20:11:37.404+0000] {dag.py:3823} INFO - Setting next_dagrun for dataset_produces_2 to None, run_after=None
[2025-05-07T20:11:37.440+0000] {processor.py:183} INFO - Processing /home/airflow/.local/lib/python3.8/site-packages/airflow/example_dags/example_datasets.py took 0.156 seconds
[2025-05-07T20:12:07.581+0000] {processor.py:161} INFO - Started process (PID=4428) to work on /home/airflow/.local/lib/python3.8/site-packages/airflow/example_dags/example_datasets.py
[2025-05-07T20:12:07.585+0000] {processor.py:830} INFO - Processing file /home/airflow/.local/lib/python3.8/site-packages/airflow/example_dags/example_datasets.py for tasks to queue
[2025-05-07T20:12:07.590+0000] {logging_mixin.py:188} INFO - [2025-05-07T20:12:07.589+0000] {dagbag.py:538} INFO - Filling up the DagBag from /home/airflow/.local/lib/python3.8/site-packages/airflow/example_dags/example_datasets.py
[2025-05-07T20:12:07.612+0000] {processor.py:840} INFO - DAG(s) 'dataset_consumes_1_never_scheduled', 'dataset_produces_2', 'dataset_produces_1', 'dataset_consumes_unknown_never_scheduled', 'dataset_consumes_1', 'dataset_consumes_1_and_2' retrieved from /home/airflow/.local/lib/python3.8/site-packages/airflow/example_dags/example_datasets.py
[2025-05-07T20:12:07.665+0000] {logging_mixin.py:188} INFO - [2025-05-07T20:12:07.665+0000] {dag.py:3036} INFO - Sync 6 DAGs
[2025-05-07T20:12:07.692+0000] {logging_mixin.py:188} INFO - [2025-05-07T20:12:07.692+0000] {dag.py:3823} INFO - Setting next_dagrun for dataset_consumes_1 to None, run_after=None
[2025-05-07T20:12:07.697+0000] {logging_mixin.py:188} INFO - [2025-05-07T20:12:07.697+0000] {dag.py:3823} INFO - Setting next_dagrun for dataset_consumes_1_and_2 to None, run_after=None
[2025-05-07T20:12:07.700+0000] {logging_mixin.py:188} INFO - [2025-05-07T20:12:07.700+0000] {dag.py:3823} INFO - Setting next_dagrun for dataset_consumes_1_never_scheduled to None, run_after=None
[2025-05-07T20:12:07.703+0000] {logging_mixin.py:188} INFO - [2025-05-07T20:12:07.703+0000] {dag.py:3823} INFO - Setting next_dagrun for dataset_consumes_unknown_never_scheduled to None, run_after=None
[2025-05-07T20:12:07.710+0000] {logging_mixin.py:188} INFO - [2025-05-07T20:12:07.710+0000] {dag.py:3823} INFO - Setting next_dagrun for dataset_produces_1 to 2025-05-06 00:00:00+00:00, run_after=2025-05-07 00:00:00+00:00
[2025-05-07T20:12:07.714+0000] {logging_mixin.py:188} INFO - [2025-05-07T20:12:07.714+0000] {dag.py:3823} INFO - Setting next_dagrun for dataset_produces_2 to None, run_after=None
[2025-05-07T20:12:07.756+0000] {processor.py:183} INFO - Processing /home/airflow/.local/lib/python3.8/site-packages/airflow/example_dags/example_datasets.py took 0.183 seconds
[2025-05-07T20:12:38.161+0000] {processor.py:161} INFO - Started process (PID=4485) to work on /home/airflow/.local/lib/python3.8/site-packages/airflow/example_dags/example_datasets.py
[2025-05-07T20:12:38.165+0000] {processor.py:830} INFO - Processing file /home/airflow/.local/lib/python3.8/site-packages/airflow/example_dags/example_datasets.py for tasks to queue
[2025-05-07T20:12:38.170+0000] {logging_mixin.py:188} INFO - [2025-05-07T20:12:38.169+0000] {dagbag.py:538} INFO - Filling up the DagBag from /home/airflow/.local/lib/python3.8/site-packages/airflow/example_dags/example_datasets.py
[2025-05-07T20:12:38.185+0000] {processor.py:840} INFO - DAG(s) 'dataset_produces_2', 'dataset_consumes_unknown_never_scheduled', 'dataset_produces_1', 'dataset_consumes_1', 'dataset_consumes_1_and_2', 'dataset_consumes_1_never_scheduled' retrieved from /home/airflow/.local/lib/python3.8/site-packages/airflow/example_dags/example_datasets.py
[2025-05-07T20:12:38.223+0000] {logging_mixin.py:188} INFO - [2025-05-07T20:12:38.223+0000] {dag.py:3036} INFO - Sync 6 DAGs
[2025-05-07T20:12:38.245+0000] {logging_mixin.py:188} INFO - [2025-05-07T20:12:38.245+0000] {dag.py:3823} INFO - Setting next_dagrun for dataset_consumes_1 to None, run_after=None
[2025-05-07T20:12:38.250+0000] {logging_mixin.py:188} INFO - [2025-05-07T20:12:38.250+0000] {dag.py:3823} INFO - Setting next_dagrun for dataset_consumes_1_and_2 to None, run_after=None
[2025-05-07T20:12:38.253+0000] {logging_mixin.py:188} INFO - [2025-05-07T20:12:38.253+0000] {dag.py:3823} INFO - Setting next_dagrun for dataset_consumes_1_never_scheduled to None, run_after=None
[2025-05-07T20:12:38.259+0000] {logging_mixin.py:188} INFO - [2025-05-07T20:12:38.259+0000] {dag.py:3823} INFO - Setting next_dagrun for dataset_consumes_unknown_never_scheduled to None, run_after=None
[2025-05-07T20:12:38.263+0000] {logging_mixin.py:188} INFO - [2025-05-07T20:12:38.263+0000] {dag.py:3823} INFO - Setting next_dagrun for dataset_produces_1 to 2025-05-06 00:00:00+00:00, run_after=2025-05-07 00:00:00+00:00
[2025-05-07T20:12:38.267+0000] {logging_mixin.py:188} INFO - [2025-05-07T20:12:38.266+0000] {dag.py:3823} INFO - Setting next_dagrun for dataset_produces_2 to None, run_after=None
[2025-05-07T20:12:38.311+0000] {processor.py:183} INFO - Processing /home/airflow/.local/lib/python3.8/site-packages/airflow/example_dags/example_datasets.py took 0.156 seconds
[2025-05-07T20:13:08.751+0000] {processor.py:161} INFO - Started process (PID=4542) to work on /home/airflow/.local/lib/python3.8/site-packages/airflow/example_dags/example_datasets.py
[2025-05-07T20:13:08.754+0000] {processor.py:830} INFO - Processing file /home/airflow/.local/lib/python3.8/site-packages/airflow/example_dags/example_datasets.py for tasks to queue
[2025-05-07T20:13:08.759+0000] {logging_mixin.py:188} INFO - [2025-05-07T20:13:08.758+0000] {dagbag.py:538} INFO - Filling up the DagBag from /home/airflow/.local/lib/python3.8/site-packages/airflow/example_dags/example_datasets.py
[2025-05-07T20:13:08.776+0000] {processor.py:840} INFO - DAG(s) 'dataset_consumes_1', 'dataset_consumes_1_never_scheduled', 'dataset_consumes_unknown_never_scheduled', 'dataset_produces_1', 'dataset_consumes_1_and_2', 'dataset_produces_2' retrieved from /home/airflow/.local/lib/python3.8/site-packages/airflow/example_dags/example_datasets.py
[2025-05-07T20:13:08.818+0000] {logging_mixin.py:188} INFO - [2025-05-07T20:13:08.818+0000] {dag.py:3036} INFO - Sync 6 DAGs
[2025-05-07T20:13:08.853+0000] {logging_mixin.py:188} INFO - [2025-05-07T20:13:08.853+0000] {dag.py:3823} INFO - Setting next_dagrun for dataset_consumes_1 to None, run_after=None
[2025-05-07T20:13:08.861+0000] {logging_mixin.py:188} INFO - [2025-05-07T20:13:08.861+0000] {dag.py:3823} INFO - Setting next_dagrun for dataset_consumes_1_and_2 to None, run_after=None
[2025-05-07T20:13:08.865+0000] {logging_mixin.py:188} INFO - [2025-05-07T20:13:08.865+0000] {dag.py:3823} INFO - Setting next_dagrun for dataset_consumes_1_never_scheduled to None, run_after=None
[2025-05-07T20:13:08.869+0000] {logging_mixin.py:188} INFO - [2025-05-07T20:13:08.869+0000] {dag.py:3823} INFO - Setting next_dagrun for dataset_consumes_unknown_never_scheduled to None, run_after=None
[2025-05-07T20:13:08.876+0000] {logging_mixin.py:188} INFO - [2025-05-07T20:13:08.876+0000] {dag.py:3823} INFO - Setting next_dagrun for dataset_produces_1 to 2025-05-06 00:00:00+00:00, run_after=2025-05-07 00:00:00+00:00
[2025-05-07T20:13:08.883+0000] {logging_mixin.py:188} INFO - [2025-05-07T20:13:08.883+0000] {dag.py:3823} INFO - Setting next_dagrun for dataset_produces_2 to None, run_after=None
[2025-05-07T20:13:08.940+0000] {processor.py:183} INFO - Processing /home/airflow/.local/lib/python3.8/site-packages/airflow/example_dags/example_datasets.py took 0.196 seconds
[2025-05-07T20:13:39.665+0000] {processor.py:161} INFO - Started process (PID=4599) to work on /home/airflow/.local/lib/python3.8/site-packages/airflow/example_dags/example_datasets.py
[2025-05-07T20:13:39.666+0000] {processor.py:830} INFO - Processing file /home/airflow/.local/lib/python3.8/site-packages/airflow/example_dags/example_datasets.py for tasks to queue
[2025-05-07T20:13:39.670+0000] {logging_mixin.py:188} INFO - [2025-05-07T20:13:39.669+0000] {dagbag.py:538} INFO - Filling up the DagBag from /home/airflow/.local/lib/python3.8/site-packages/airflow/example_dags/example_datasets.py
[2025-05-07T20:13:39.681+0000] {processor.py:840} INFO - DAG(s) 'dataset_consumes_1_never_scheduled', 'dataset_consumes_1_and_2', 'dataset_produces_2', 'dataset_consumes_1', 'dataset_produces_1', 'dataset_consumes_unknown_never_scheduled' retrieved from /home/airflow/.local/lib/python3.8/site-packages/airflow/example_dags/example_datasets.py
[2025-05-07T20:13:39.717+0000] {logging_mixin.py:188} INFO - [2025-05-07T20:13:39.717+0000] {dag.py:3036} INFO - Sync 6 DAGs
[2025-05-07T20:13:39.739+0000] {logging_mixin.py:188} INFO - [2025-05-07T20:13:39.739+0000] {dag.py:3823} INFO - Setting next_dagrun for dataset_consumes_1 to None, run_after=None
[2025-05-07T20:13:39.745+0000] {logging_mixin.py:188} INFO - [2025-05-07T20:13:39.745+0000] {dag.py:3823} INFO - Setting next_dagrun for dataset_consumes_1_and_2 to None, run_after=None
[2025-05-07T20:13:39.749+0000] {logging_mixin.py:188} INFO - [2025-05-07T20:13:39.749+0000] {dag.py:3823} INFO - Setting next_dagrun for dataset_consumes_1_never_scheduled to None, run_after=None
[2025-05-07T20:13:39.752+0000] {logging_mixin.py:188} INFO - [2025-05-07T20:13:39.752+0000] {dag.py:3823} INFO - Setting next_dagrun for dataset_consumes_unknown_never_scheduled to None, run_after=None
[2025-05-07T20:13:39.757+0000] {logging_mixin.py:188} INFO - [2025-05-07T20:13:39.756+0000] {dag.py:3823} INFO - Setting next_dagrun for dataset_produces_1 to 2025-05-06 00:00:00+00:00, run_after=2025-05-07 00:00:00+00:00
[2025-05-07T20:13:39.759+0000] {logging_mixin.py:188} INFO - [2025-05-07T20:13:39.759+0000] {dag.py:3823} INFO - Setting next_dagrun for dataset_produces_2 to None, run_after=None
[2025-05-07T20:13:39.791+0000] {processor.py:183} INFO - Processing /home/airflow/.local/lib/python3.8/site-packages/airflow/example_dags/example_datasets.py took 0.130 seconds
[2025-05-07T20:14:10.324+0000] {processor.py:161} INFO - Started process (PID=4656) to work on /home/airflow/.local/lib/python3.8/site-packages/airflow/example_dags/example_datasets.py
[2025-05-07T20:14:10.326+0000] {processor.py:830} INFO - Processing file /home/airflow/.local/lib/python3.8/site-packages/airflow/example_dags/example_datasets.py for tasks to queue
[2025-05-07T20:14:10.330+0000] {logging_mixin.py:188} INFO - [2025-05-07T20:14:10.329+0000] {dagbag.py:538} INFO - Filling up the DagBag from /home/airflow/.local/lib/python3.8/site-packages/airflow/example_dags/example_datasets.py
[2025-05-07T20:14:10.342+0000] {processor.py:840} INFO - DAG(s) 'dataset_consumes_1_never_scheduled', 'dataset_produces_2', 'dataset_produces_1', 'dataset_consumes_unknown_never_scheduled', 'dataset_consumes_1', 'dataset_consumes_1_and_2' retrieved from /home/airflow/.local/lib/python3.8/site-packages/airflow/example_dags/example_datasets.py
[2025-05-07T20:14:10.381+0000] {logging_mixin.py:188} INFO - [2025-05-07T20:14:10.380+0000] {dag.py:3036} INFO - Sync 6 DAGs
[2025-05-07T20:14:10.402+0000] {logging_mixin.py:188} INFO - [2025-05-07T20:14:10.402+0000] {dag.py:3823} INFO - Setting next_dagrun for dataset_consumes_1 to None, run_after=None
[2025-05-07T20:14:10.406+0000] {logging_mixin.py:188} INFO - [2025-05-07T20:14:10.406+0000] {dag.py:3823} INFO - Setting next_dagrun for dataset_consumes_1_and_2 to None, run_after=None
[2025-05-07T20:14:10.408+0000] {logging_mixin.py:188} INFO - [2025-05-07T20:14:10.408+0000] {dag.py:3823} INFO - Setting next_dagrun for dataset_consumes_1_never_scheduled to None, run_after=None
[2025-05-07T20:14:10.410+0000] {logging_mixin.py:188} INFO - [2025-05-07T20:14:10.410+0000] {dag.py:3823} INFO - Setting next_dagrun for dataset_consumes_unknown_never_scheduled to None, run_after=None
[2025-05-07T20:14:10.413+0000] {logging_mixin.py:188} INFO - [2025-05-07T20:14:10.413+0000] {dag.py:3823} INFO - Setting next_dagrun for dataset_produces_1 to 2025-05-06 00:00:00+00:00, run_after=2025-05-07 00:00:00+00:00
[2025-05-07T20:14:10.415+0000] {logging_mixin.py:188} INFO - [2025-05-07T20:14:10.415+0000] {dag.py:3823} INFO - Setting next_dagrun for dataset_produces_2 to None, run_after=None
[2025-05-07T20:14:10.449+0000] {processor.py:183} INFO - Processing /home/airflow/.local/lib/python3.8/site-packages/airflow/example_dags/example_datasets.py took 0.132 seconds
[2025-05-07T20:14:41.002+0000] {processor.py:161} INFO - Started process (PID=4713) to work on /home/airflow/.local/lib/python3.8/site-packages/airflow/example_dags/example_datasets.py
[2025-05-07T20:14:41.003+0000] {processor.py:830} INFO - Processing file /home/airflow/.local/lib/python3.8/site-packages/airflow/example_dags/example_datasets.py for tasks to queue
[2025-05-07T20:14:41.005+0000] {logging_mixin.py:188} INFO - [2025-05-07T20:14:41.005+0000] {dagbag.py:538} INFO - Filling up the DagBag from /home/airflow/.local/lib/python3.8/site-packages/airflow/example_dags/example_datasets.py
[2025-05-07T20:14:41.015+0000] {processor.py:840} INFO - DAG(s) 'dataset_produces_2', 'dataset_produces_1', 'dataset_consumes_1_and_2', 'dataset_consumes_1', 'dataset_consumes_1_never_scheduled', 'dataset_consumes_unknown_never_scheduled' retrieved from /home/airflow/.local/lib/python3.8/site-packages/airflow/example_dags/example_datasets.py
[2025-05-07T20:14:41.049+0000] {logging_mixin.py:188} INFO - [2025-05-07T20:14:41.049+0000] {dag.py:3036} INFO - Sync 6 DAGs
[2025-05-07T20:14:41.070+0000] {logging_mixin.py:188} INFO - [2025-05-07T20:14:41.070+0000] {dag.py:3823} INFO - Setting next_dagrun for dataset_consumes_1 to None, run_after=None
[2025-05-07T20:14:41.074+0000] {logging_mixin.py:188} INFO - [2025-05-07T20:14:41.074+0000] {dag.py:3823} INFO - Setting next_dagrun for dataset_consumes_1_and_2 to None, run_after=None
[2025-05-07T20:14:41.076+0000] {logging_mixin.py:188} INFO - [2025-05-07T20:14:41.076+0000] {dag.py:3823} INFO - Setting next_dagrun for dataset_consumes_1_never_scheduled to None, run_after=None
[2025-05-07T20:14:41.078+0000] {logging_mixin.py:188} INFO - [2025-05-07T20:14:41.078+0000] {dag.py:3823} INFO - Setting next_dagrun for dataset_consumes_unknown_never_scheduled to None, run_after=None
[2025-05-07T20:14:41.081+0000] {logging_mixin.py:188} INFO - [2025-05-07T20:14:41.081+0000] {dag.py:3823} INFO - Setting next_dagrun for dataset_produces_1 to 2025-05-06 00:00:00+00:00, run_after=2025-05-07 00:00:00+00:00
[2025-05-07T20:14:41.083+0000] {logging_mixin.py:188} INFO - [2025-05-07T20:14:41.083+0000] {dag.py:3823} INFO - Setting next_dagrun for dataset_produces_2 to None, run_after=None
[2025-05-07T20:14:41.116+0000] {processor.py:183} INFO - Processing /home/airflow/.local/lib/python3.8/site-packages/airflow/example_dags/example_datasets.py took 0.117 seconds
[2025-05-07T20:15:11.628+0000] {processor.py:161} INFO - Started process (PID=4770) to work on /home/airflow/.local/lib/python3.8/site-packages/airflow/example_dags/example_datasets.py
[2025-05-07T20:15:11.631+0000] {processor.py:830} INFO - Processing file /home/airflow/.local/lib/python3.8/site-packages/airflow/example_dags/example_datasets.py for tasks to queue
[2025-05-07T20:15:11.636+0000] {logging_mixin.py:188} INFO - [2025-05-07T20:15:11.635+0000] {dagbag.py:538} INFO - Filling up the DagBag from /home/airflow/.local/lib/python3.8/site-packages/airflow/example_dags/example_datasets.py
[2025-05-07T20:15:11.659+0000] {processor.py:840} INFO - DAG(s) 'dataset_consumes_1_never_scheduled', 'dataset_consumes_1', 'dataset_consumes_unknown_never_scheduled', 'dataset_consumes_1_and_2', 'dataset_produces_1', 'dataset_produces_2' retrieved from /home/airflow/.local/lib/python3.8/site-packages/airflow/example_dags/example_datasets.py
[2025-05-07T20:15:11.737+0000] {logging_mixin.py:188} INFO - [2025-05-07T20:15:11.736+0000] {dag.py:3036} INFO - Sync 6 DAGs
[2025-05-07T20:15:11.769+0000] {logging_mixin.py:188} INFO - [2025-05-07T20:15:11.768+0000] {dag.py:3823} INFO - Setting next_dagrun for dataset_consumes_1 to None, run_after=None
[2025-05-07T20:15:11.774+0000] {logging_mixin.py:188} INFO - [2025-05-07T20:15:11.774+0000] {dag.py:3823} INFO - Setting next_dagrun for dataset_consumes_1_and_2 to None, run_after=None
[2025-05-07T20:15:11.777+0000] {logging_mixin.py:188} INFO - [2025-05-07T20:15:11.777+0000] {dag.py:3823} INFO - Setting next_dagrun for dataset_consumes_1_never_scheduled to None, run_after=None
[2025-05-07T20:15:11.780+0000] {logging_mixin.py:188} INFO - [2025-05-07T20:15:11.780+0000] {dag.py:3823} INFO - Setting next_dagrun for dataset_consumes_unknown_never_scheduled to None, run_after=None
[2025-05-07T20:15:11.787+0000] {logging_mixin.py:188} INFO - [2025-05-07T20:15:11.786+0000] {dag.py:3823} INFO - Setting next_dagrun for dataset_produces_1 to 2025-05-06 00:00:00+00:00, run_after=2025-05-07 00:00:00+00:00
[2025-05-07T20:15:11.790+0000] {logging_mixin.py:188} INFO - [2025-05-07T20:15:11.789+0000] {dag.py:3823} INFO - Setting next_dagrun for dataset_produces_2 to None, run_after=None
[2025-05-07T20:15:11.863+0000] {processor.py:183} INFO - Processing /home/airflow/.local/lib/python3.8/site-packages/airflow/example_dags/example_datasets.py took 0.242 seconds
[2025-05-07T20:15:42.734+0000] {processor.py:161} INFO - Started process (PID=4827) to work on /home/airflow/.local/lib/python3.8/site-packages/airflow/example_dags/example_datasets.py
[2025-05-07T20:15:42.737+0000] {processor.py:830} INFO - Processing file /home/airflow/.local/lib/python3.8/site-packages/airflow/example_dags/example_datasets.py for tasks to queue
[2025-05-07T20:15:42.742+0000] {logging_mixin.py:188} INFO - [2025-05-07T20:15:42.741+0000] {dagbag.py:538} INFO - Filling up the DagBag from /home/airflow/.local/lib/python3.8/site-packages/airflow/example_dags/example_datasets.py
[2025-05-07T20:15:42.764+0000] {processor.py:840} INFO - DAG(s) 'dataset_produces_2', 'dataset_consumes_1_and_2', 'dataset_consumes_unknown_never_scheduled', 'dataset_consumes_1_never_scheduled', 'dataset_consumes_1', 'dataset_produces_1' retrieved from /home/airflow/.local/lib/python3.8/site-packages/airflow/example_dags/example_datasets.py
[2025-05-07T20:15:42.828+0000] {logging_mixin.py:188} INFO - [2025-05-07T20:15:42.828+0000] {dag.py:3036} INFO - Sync 6 DAGs
[2025-05-07T20:15:42.857+0000] {logging_mixin.py:188} INFO - [2025-05-07T20:15:42.857+0000] {dag.py:3823} INFO - Setting next_dagrun for dataset_consumes_1 to None, run_after=None
[2025-05-07T20:15:42.863+0000] {logging_mixin.py:188} INFO - [2025-05-07T20:15:42.863+0000] {dag.py:3823} INFO - Setting next_dagrun for dataset_consumes_1_and_2 to None, run_after=None
[2025-05-07T20:15:42.867+0000] {logging_mixin.py:188} INFO - [2025-05-07T20:15:42.866+0000] {dag.py:3823} INFO - Setting next_dagrun for dataset_consumes_1_never_scheduled to None, run_after=None
[2025-05-07T20:15:42.869+0000] {logging_mixin.py:188} INFO - [2025-05-07T20:15:42.869+0000] {dag.py:3823} INFO - Setting next_dagrun for dataset_consumes_unknown_never_scheduled to None, run_after=None
[2025-05-07T20:15:42.875+0000] {logging_mixin.py:188} INFO - [2025-05-07T20:15:42.875+0000] {dag.py:3823} INFO - Setting next_dagrun for dataset_produces_1 to 2025-05-06 00:00:00+00:00, run_after=2025-05-07 00:00:00+00:00
[2025-05-07T20:15:42.878+0000] {logging_mixin.py:188} INFO - [2025-05-07T20:15:42.878+0000] {dag.py:3823} INFO - Setting next_dagrun for dataset_produces_2 to None, run_after=None
[2025-05-07T20:15:42.921+0000] {processor.py:183} INFO - Processing /home/airflow/.local/lib/python3.8/site-packages/airflow/example_dags/example_datasets.py took 0.193 seconds
[2025-05-07T20:16:13.136+0000] {processor.py:161} INFO - Started process (PID=4884) to work on /home/airflow/.local/lib/python3.8/site-packages/airflow/example_dags/example_datasets.py
[2025-05-07T20:16:13.138+0000] {processor.py:830} INFO - Processing file /home/airflow/.local/lib/python3.8/site-packages/airflow/example_dags/example_datasets.py for tasks to queue
[2025-05-07T20:16:13.141+0000] {logging_mixin.py:188} INFO - [2025-05-07T20:16:13.140+0000] {dagbag.py:538} INFO - Filling up the DagBag from /home/airflow/.local/lib/python3.8/site-packages/airflow/example_dags/example_datasets.py
[2025-05-07T20:16:13.153+0000] {processor.py:840} INFO - DAG(s) 'dataset_produces_2', 'dataset_consumes_1', 'dataset_consumes_1_and_2', 'dataset_consumes_unknown_never_scheduled', 'dataset_produces_1', 'dataset_consumes_1_never_scheduled' retrieved from /home/airflow/.local/lib/python3.8/site-packages/airflow/example_dags/example_datasets.py
[2025-05-07T20:16:13.201+0000] {logging_mixin.py:188} INFO - [2025-05-07T20:16:13.201+0000] {dag.py:3036} INFO - Sync 6 DAGs
[2025-05-07T20:16:13.234+0000] {logging_mixin.py:188} INFO - [2025-05-07T20:16:13.234+0000] {dag.py:3823} INFO - Setting next_dagrun for dataset_consumes_1 to None, run_after=None
[2025-05-07T20:16:13.241+0000] {logging_mixin.py:188} INFO - [2025-05-07T20:16:13.240+0000] {dag.py:3823} INFO - Setting next_dagrun for dataset_consumes_1_and_2 to None, run_after=None
[2025-05-07T20:16:13.244+0000] {logging_mixin.py:188} INFO - [2025-05-07T20:16:13.244+0000] {dag.py:3823} INFO - Setting next_dagrun for dataset_consumes_1_never_scheduled to None, run_after=None
[2025-05-07T20:16:13.248+0000] {logging_mixin.py:188} INFO - [2025-05-07T20:16:13.248+0000] {dag.py:3823} INFO - Setting next_dagrun for dataset_consumes_unknown_never_scheduled to None, run_after=None
[2025-05-07T20:16:13.254+0000] {logging_mixin.py:188} INFO - [2025-05-07T20:16:13.253+0000] {dag.py:3823} INFO - Setting next_dagrun for dataset_produces_1 to 2025-05-06 00:00:00+00:00, run_after=2025-05-07 00:00:00+00:00
[2025-05-07T20:16:13.260+0000] {logging_mixin.py:188} INFO - [2025-05-07T20:16:13.259+0000] {dag.py:3823} INFO - Setting next_dagrun for dataset_produces_2 to None, run_after=None
[2025-05-07T20:16:13.308+0000] {processor.py:183} INFO - Processing /home/airflow/.local/lib/python3.8/site-packages/airflow/example_dags/example_datasets.py took 0.178 seconds
[2025-05-07T20:16:43.403+0000] {processor.py:161} INFO - Started process (PID=4941) to work on /home/airflow/.local/lib/python3.8/site-packages/airflow/example_dags/example_datasets.py
[2025-05-07T20:16:43.406+0000] {processor.py:830} INFO - Processing file /home/airflow/.local/lib/python3.8/site-packages/airflow/example_dags/example_datasets.py for tasks to queue
[2025-05-07T20:16:43.411+0000] {logging_mixin.py:188} INFO - [2025-05-07T20:16:43.410+0000] {dagbag.py:538} INFO - Filling up the DagBag from /home/airflow/.local/lib/python3.8/site-packages/airflow/example_dags/example_datasets.py
[2025-05-07T20:16:43.428+0000] {processor.py:840} INFO - DAG(s) 'dataset_consumes_unknown_never_scheduled', 'dataset_consumes_1_and_2', 'dataset_consumes_1_never_scheduled', 'dataset_consumes_1', 'dataset_produces_1', 'dataset_produces_2' retrieved from /home/airflow/.local/lib/python3.8/site-packages/airflow/example_dags/example_datasets.py
[2025-05-07T20:16:43.482+0000] {logging_mixin.py:188} INFO - [2025-05-07T20:16:43.481+0000] {dag.py:3036} INFO - Sync 6 DAGs
[2025-05-07T20:16:43.513+0000] {logging_mixin.py:188} INFO - [2025-05-07T20:16:43.512+0000] {dag.py:3823} INFO - Setting next_dagrun for dataset_consumes_1 to None, run_after=None
[2025-05-07T20:16:43.519+0000] {logging_mixin.py:188} INFO - [2025-05-07T20:16:43.518+0000] {dag.py:3823} INFO - Setting next_dagrun for dataset_consumes_1_and_2 to None, run_after=None
[2025-05-07T20:16:43.521+0000] {logging_mixin.py:188} INFO - [2025-05-07T20:16:43.521+0000] {dag.py:3823} INFO - Setting next_dagrun for dataset_consumes_1_never_scheduled to None, run_after=None
[2025-05-07T20:16:43.523+0000] {logging_mixin.py:188} INFO - [2025-05-07T20:16:43.523+0000] {dag.py:3823} INFO - Setting next_dagrun for dataset_consumes_unknown_never_scheduled to None, run_after=None
[2025-05-07T20:16:43.528+0000] {logging_mixin.py:188} INFO - [2025-05-07T20:16:43.528+0000] {dag.py:3823} INFO - Setting next_dagrun for dataset_produces_1 to 2025-05-06 00:00:00+00:00, run_after=2025-05-07 00:00:00+00:00
[2025-05-07T20:16:43.531+0000] {logging_mixin.py:188} INFO - [2025-05-07T20:16:43.531+0000] {dag.py:3823} INFO - Setting next_dagrun for dataset_produces_2 to None, run_after=None
[2025-05-07T20:16:43.574+0000] {processor.py:183} INFO - Processing /home/airflow/.local/lib/python3.8/site-packages/airflow/example_dags/example_datasets.py took 0.178 seconds
[2025-05-07T20:17:14.064+0000] {processor.py:161} INFO - Started process (PID=4998) to work on /home/airflow/.local/lib/python3.8/site-packages/airflow/example_dags/example_datasets.py
[2025-05-07T20:17:14.066+0000] {processor.py:830} INFO - Processing file /home/airflow/.local/lib/python3.8/site-packages/airflow/example_dags/example_datasets.py for tasks to queue
[2025-05-07T20:17:14.069+0000] {logging_mixin.py:188} INFO - [2025-05-07T20:17:14.069+0000] {dagbag.py:538} INFO - Filling up the DagBag from /home/airflow/.local/lib/python3.8/site-packages/airflow/example_dags/example_datasets.py
[2025-05-07T20:17:14.083+0000] {processor.py:840} INFO - DAG(s) 'dataset_produces_2', 'dataset_consumes_1_and_2', 'dataset_consumes_unknown_never_scheduled', 'dataset_consumes_1', 'dataset_produces_1', 'dataset_consumes_1_never_scheduled' retrieved from /home/airflow/.local/lib/python3.8/site-packages/airflow/example_dags/example_datasets.py
[2025-05-07T20:17:14.129+0000] {logging_mixin.py:188} INFO - [2025-05-07T20:17:14.129+0000] {dag.py:3036} INFO - Sync 6 DAGs
[2025-05-07T20:17:14.158+0000] {logging_mixin.py:188} INFO - [2025-05-07T20:17:14.158+0000] {dag.py:3823} INFO - Setting next_dagrun for dataset_consumes_1 to None, run_after=None
[2025-05-07T20:17:14.163+0000] {logging_mixin.py:188} INFO - [2025-05-07T20:17:14.163+0000] {dag.py:3823} INFO - Setting next_dagrun for dataset_consumes_1_and_2 to None, run_after=None
[2025-05-07T20:17:14.166+0000] {logging_mixin.py:188} INFO - [2025-05-07T20:17:14.165+0000] {dag.py:3823} INFO - Setting next_dagrun for dataset_consumes_1_never_scheduled to None, run_after=None
[2025-05-07T20:17:14.168+0000] {logging_mixin.py:188} INFO - [2025-05-07T20:17:14.168+0000] {dag.py:3823} INFO - Setting next_dagrun for dataset_consumes_unknown_never_scheduled to None, run_after=None
[2025-05-07T20:17:14.172+0000] {logging_mixin.py:188} INFO - [2025-05-07T20:17:14.172+0000] {dag.py:3823} INFO - Setting next_dagrun for dataset_produces_1 to 2025-05-06 00:00:00+00:00, run_after=2025-05-07 00:00:00+00:00
[2025-05-07T20:17:14.174+0000] {logging_mixin.py:188} INFO - [2025-05-07T20:17:14.174+0000] {dag.py:3823} INFO - Setting next_dagrun for dataset_produces_2 to None, run_after=None
[2025-05-07T20:17:14.223+0000] {processor.py:183} INFO - Processing /home/airflow/.local/lib/python3.8/site-packages/airflow/example_dags/example_datasets.py took 0.163 seconds
[2025-05-07T20:17:44.836+0000] {processor.py:161} INFO - Started process (PID=5055) to work on /home/airflow/.local/lib/python3.8/site-packages/airflow/example_dags/example_datasets.py
[2025-05-07T20:17:44.838+0000] {processor.py:830} INFO - Processing file /home/airflow/.local/lib/python3.8/site-packages/airflow/example_dags/example_datasets.py for tasks to queue
[2025-05-07T20:17:44.841+0000] {logging_mixin.py:188} INFO - [2025-05-07T20:17:44.841+0000] {dagbag.py:538} INFO - Filling up the DagBag from /home/airflow/.local/lib/python3.8/site-packages/airflow/example_dags/example_datasets.py
[2025-05-07T20:17:44.856+0000] {processor.py:840} INFO - DAG(s) 'dataset_produces_2', 'dataset_consumes_1', 'dataset_consumes_1_never_scheduled', 'dataset_consumes_unknown_never_scheduled', 'dataset_consumes_1_and_2', 'dataset_produces_1' retrieved from /home/airflow/.local/lib/python3.8/site-packages/airflow/example_dags/example_datasets.py
[2025-05-07T20:17:44.910+0000] {logging_mixin.py:188} INFO - [2025-05-07T20:17:44.910+0000] {dag.py:3036} INFO - Sync 6 DAGs
[2025-05-07T20:17:44.940+0000] {logging_mixin.py:188} INFO - [2025-05-07T20:17:44.939+0000] {dag.py:3823} INFO - Setting next_dagrun for dataset_consumes_1 to None, run_after=None
[2025-05-07T20:17:44.948+0000] {logging_mixin.py:188} INFO - [2025-05-07T20:17:44.948+0000] {dag.py:3823} INFO - Setting next_dagrun for dataset_consumes_1_and_2 to None, run_after=None
[2025-05-07T20:17:44.953+0000] {logging_mixin.py:188} INFO - [2025-05-07T20:17:44.952+0000] {dag.py:3823} INFO - Setting next_dagrun for dataset_consumes_1_never_scheduled to None, run_after=None
[2025-05-07T20:17:44.959+0000] {logging_mixin.py:188} INFO - [2025-05-07T20:17:44.958+0000] {dag.py:3823} INFO - Setting next_dagrun for dataset_consumes_unknown_never_scheduled to None, run_after=None
[2025-05-07T20:17:44.965+0000] {logging_mixin.py:188} INFO - [2025-05-07T20:17:44.965+0000] {dag.py:3823} INFO - Setting next_dagrun for dataset_produces_1 to 2025-05-06 00:00:00+00:00, run_after=2025-05-07 00:00:00+00:00
[2025-05-07T20:17:44.969+0000] {logging_mixin.py:188} INFO - [2025-05-07T20:17:44.969+0000] {dag.py:3823} INFO - Setting next_dagrun for dataset_produces_2 to None, run_after=None
[2025-05-07T20:17:45.064+0000] {processor.py:183} INFO - Processing /home/airflow/.local/lib/python3.8/site-packages/airflow/example_dags/example_datasets.py took 0.233 seconds
[2025-05-07T20:18:15.441+0000] {processor.py:161} INFO - Started process (PID=5113) to work on /home/airflow/.local/lib/python3.8/site-packages/airflow/example_dags/example_datasets.py
[2025-05-07T20:18:15.444+0000] {processor.py:830} INFO - Processing file /home/airflow/.local/lib/python3.8/site-packages/airflow/example_dags/example_datasets.py for tasks to queue
[2025-05-07T20:18:15.448+0000] {logging_mixin.py:188} INFO - [2025-05-07T20:18:15.447+0000] {dagbag.py:538} INFO - Filling up the DagBag from /home/airflow/.local/lib/python3.8/site-packages/airflow/example_dags/example_datasets.py
[2025-05-07T20:18:15.473+0000] {processor.py:840} INFO - DAG(s) 'dataset_consumes_1_and_2', 'dataset_produces_2', 'dataset_consumes_1_never_scheduled', 'dataset_consumes_1', 'dataset_consumes_unknown_never_scheduled', 'dataset_produces_1' retrieved from /home/airflow/.local/lib/python3.8/site-packages/airflow/example_dags/example_datasets.py
[2025-05-07T20:18:15.550+0000] {logging_mixin.py:188} INFO - [2025-05-07T20:18:15.549+0000] {dag.py:3036} INFO - Sync 6 DAGs
[2025-05-07T20:18:15.597+0000] {logging_mixin.py:188} INFO - [2025-05-07T20:18:15.597+0000] {dag.py:3823} INFO - Setting next_dagrun for dataset_consumes_1 to None, run_after=None
[2025-05-07T20:18:15.607+0000] {logging_mixin.py:188} INFO - [2025-05-07T20:18:15.605+0000] {dag.py:3823} INFO - Setting next_dagrun for dataset_consumes_1_and_2 to None, run_after=None
[2025-05-07T20:18:15.611+0000] {logging_mixin.py:188} INFO - [2025-05-07T20:18:15.610+0000] {dag.py:3823} INFO - Setting next_dagrun for dataset_consumes_1_never_scheduled to None, run_after=None
[2025-05-07T20:18:15.615+0000] {logging_mixin.py:188} INFO - [2025-05-07T20:18:15.615+0000] {dag.py:3823} INFO - Setting next_dagrun for dataset_consumes_unknown_never_scheduled to None, run_after=None
[2025-05-07T20:18:15.625+0000] {logging_mixin.py:188} INFO - [2025-05-07T20:18:15.624+0000] {dag.py:3823} INFO - Setting next_dagrun for dataset_produces_1 to 2025-05-06 00:00:00+00:00, run_after=2025-05-07 00:00:00+00:00
[2025-05-07T20:18:15.631+0000] {logging_mixin.py:188} INFO - [2025-05-07T20:18:15.631+0000] {dag.py:3823} INFO - Setting next_dagrun for dataset_produces_2 to None, run_after=None
[2025-05-07T20:18:15.696+0000] {processor.py:183} INFO - Processing /home/airflow/.local/lib/python3.8/site-packages/airflow/example_dags/example_datasets.py took 0.262 seconds
[2025-05-07T20:18:46.019+0000] {processor.py:161} INFO - Started process (PID=5170) to work on /home/airflow/.local/lib/python3.8/site-packages/airflow/example_dags/example_datasets.py
[2025-05-07T20:18:46.023+0000] {processor.py:830} INFO - Processing file /home/airflow/.local/lib/python3.8/site-packages/airflow/example_dags/example_datasets.py for tasks to queue
[2025-05-07T20:18:46.028+0000] {logging_mixin.py:188} INFO - [2025-05-07T20:18:46.027+0000] {dagbag.py:538} INFO - Filling up the DagBag from /home/airflow/.local/lib/python3.8/site-packages/airflow/example_dags/example_datasets.py
[2025-05-07T20:18:46.050+0000] {processor.py:840} INFO - DAG(s) 'dataset_consumes_unknown_never_scheduled', 'dataset_consumes_1_and_2', 'dataset_produces_2', 'dataset_consumes_1_never_scheduled', 'dataset_produces_1', 'dataset_consumes_1' retrieved from /home/airflow/.local/lib/python3.8/site-packages/airflow/example_dags/example_datasets.py
[2025-05-07T20:18:46.103+0000] {logging_mixin.py:188} INFO - [2025-05-07T20:18:46.102+0000] {dag.py:3036} INFO - Sync 6 DAGs
[2025-05-07T20:18:46.132+0000] {logging_mixin.py:188} INFO - [2025-05-07T20:18:46.132+0000] {dag.py:3823} INFO - Setting next_dagrun for dataset_consumes_1 to None, run_after=None
[2025-05-07T20:18:46.137+0000] {logging_mixin.py:188} INFO - [2025-05-07T20:18:46.137+0000] {dag.py:3823} INFO - Setting next_dagrun for dataset_consumes_1_and_2 to None, run_after=None
[2025-05-07T20:18:46.139+0000] {logging_mixin.py:188} INFO - [2025-05-07T20:18:46.139+0000] {dag.py:3823} INFO - Setting next_dagrun for dataset_consumes_1_never_scheduled to None, run_after=None
[2025-05-07T20:18:46.142+0000] {logging_mixin.py:188} INFO - [2025-05-07T20:18:46.141+0000] {dag.py:3823} INFO - Setting next_dagrun for dataset_consumes_unknown_never_scheduled to None, run_after=None
[2025-05-07T20:18:46.146+0000] {logging_mixin.py:188} INFO - [2025-05-07T20:18:46.145+0000] {dag.py:3823} INFO - Setting next_dagrun for dataset_produces_1 to 2025-05-06 00:00:00+00:00, run_after=2025-05-07 00:00:00+00:00
[2025-05-07T20:18:46.148+0000] {logging_mixin.py:188} INFO - [2025-05-07T20:18:46.147+0000] {dag.py:3823} INFO - Setting next_dagrun for dataset_produces_2 to None, run_after=None
[2025-05-07T20:18:46.188+0000] {processor.py:183} INFO - Processing /home/airflow/.local/lib/python3.8/site-packages/airflow/example_dags/example_datasets.py took 0.178 seconds
