[2025-05-07T19:05:13.880+0000] {processor.py:161} INFO - Started process (PID=65) to work on /home/airflow/.local/lib/python3.8/site-packages/airflow/example_dags/example_branch_operator.py
[2025-05-07T19:05:13.883+0000] {processor.py:830} INFO - Processing file /home/airflow/.local/lib/python3.8/site-packages/airflow/example_dags/example_branch_operator.py for tasks to queue
[2025-05-07T19:05:13.888+0000] {logging_mixin.py:188} INFO - [2025-05-07T19:05:13.888+0000] {dagbag.py:538} INFO - Filling up the DagBag from /home/airflow/.local/lib/python3.8/site-packages/airflow/example_dags/example_branch_operator.py
[2025-05-07T19:05:13.931+0000] {processor.py:840} INFO - DAG(s) 'example_branch_operator' retrieved from /home/airflow/.local/lib/python3.8/site-packages/airflow/example_dags/example_branch_operator.py
[2025-05-07T19:05:13.952+0000] {logging_mixin.py:188} INFO - [2025-05-07T19:05:13.951+0000] {dag.py:3036} INFO - Sync 1 DAGs
[2025-05-07T19:05:13.997+0000] {logging_mixin.py:188} INFO - [2025-05-07T19:05:13.997+0000] {dag.py:3823} INFO - Setting next_dagrun for example_branch_operator to 2025-05-06 00:00:00+00:00, run_after=2025-05-07 00:00:00+00:00
[2025-05-07T19:05:14.030+0000] {processor.py:183} INFO - Processing /home/airflow/.local/lib/python3.8/site-packages/airflow/example_dags/example_branch_operator.py took 0.158 seconds
[2025-05-07T19:05:44.521+0000] {processor.py:161} INFO - Started process (PID=126) to work on /home/airflow/.local/lib/python3.8/site-packages/airflow/example_dags/example_branch_operator.py
[2025-05-07T19:05:44.522+0000] {processor.py:830} INFO - Processing file /home/airflow/.local/lib/python3.8/site-packages/airflow/example_dags/example_branch_operator.py for tasks to queue
[2025-05-07T19:05:44.525+0000] {logging_mixin.py:188} INFO - [2025-05-07T19:05:44.524+0000] {dagbag.py:538} INFO - Filling up the DagBag from /home/airflow/.local/lib/python3.8/site-packages/airflow/example_dags/example_branch_operator.py
[2025-05-07T19:05:44.541+0000] {processor.py:840} INFO - DAG(s) 'example_branch_operator' retrieved from /home/airflow/.local/lib/python3.8/site-packages/airflow/example_dags/example_branch_operator.py
[2025-05-07T19:05:44.657+0000] {logging_mixin.py:188} INFO - [2025-05-07T19:05:44.657+0000] {dag.py:3036} INFO - Sync 1 DAGs
[2025-05-07T19:05:44.679+0000] {logging_mixin.py:188} INFO - [2025-05-07T19:05:44.679+0000] {dag.py:3823} INFO - Setting next_dagrun for example_branch_operator to 2025-05-06 00:00:00+00:00, run_after=2025-05-07 00:00:00+00:00
[2025-05-07T19:05:44.703+0000] {processor.py:183} INFO - Processing /home/airflow/.local/lib/python3.8/site-packages/airflow/example_dags/example_branch_operator.py took 0.185 seconds
[2025-05-07T19:06:14.832+0000] {processor.py:161} INFO - Started process (PID=181) to work on /home/airflow/.local/lib/python3.8/site-packages/airflow/example_dags/example_branch_operator.py
[2025-05-07T19:06:14.834+0000] {processor.py:830} INFO - Processing file /home/airflow/.local/lib/python3.8/site-packages/airflow/example_dags/example_branch_operator.py for tasks to queue
[2025-05-07T19:06:14.836+0000] {logging_mixin.py:188} INFO - [2025-05-07T19:06:14.836+0000] {dagbag.py:538} INFO - Filling up the DagBag from /home/airflow/.local/lib/python3.8/site-packages/airflow/example_dags/example_branch_operator.py
[2025-05-07T19:06:14.853+0000] {processor.py:840} INFO - DAG(s) 'example_branch_operator' retrieved from /home/airflow/.local/lib/python3.8/site-packages/airflow/example_dags/example_branch_operator.py
[2025-05-07T19:06:14.881+0000] {logging_mixin.py:188} INFO - [2025-05-07T19:06:14.880+0000] {dag.py:3036} INFO - Sync 1 DAGs
[2025-05-07T19:06:14.902+0000] {logging_mixin.py:188} INFO - [2025-05-07T19:06:14.902+0000] {dag.py:3823} INFO - Setting next_dagrun for example_branch_operator to 2025-05-06 00:00:00+00:00, run_after=2025-05-07 00:00:00+00:00
[2025-05-07T19:06:14.923+0000] {processor.py:183} INFO - Processing /home/airflow/.local/lib/python3.8/site-packages/airflow/example_dags/example_branch_operator.py took 0.093 seconds
[2025-05-07T19:06:45.205+0000] {processor.py:161} INFO - Started process (PID=236) to work on /home/airflow/.local/lib/python3.8/site-packages/airflow/example_dags/example_branch_operator.py
[2025-05-07T19:06:45.207+0000] {processor.py:830} INFO - Processing file /home/airflow/.local/lib/python3.8/site-packages/airflow/example_dags/example_branch_operator.py for tasks to queue
[2025-05-07T19:06:45.209+0000] {logging_mixin.py:188} INFO - [2025-05-07T19:06:45.209+0000] {dagbag.py:538} INFO - Filling up the DagBag from /home/airflow/.local/lib/python3.8/site-packages/airflow/example_dags/example_branch_operator.py
[2025-05-07T19:06:45.228+0000] {processor.py:840} INFO - DAG(s) 'example_branch_operator' retrieved from /home/airflow/.local/lib/python3.8/site-packages/airflow/example_dags/example_branch_operator.py
[2025-05-07T19:06:45.260+0000] {logging_mixin.py:188} INFO - [2025-05-07T19:06:45.260+0000] {dag.py:3036} INFO - Sync 1 DAGs
[2025-05-07T19:06:45.286+0000] {logging_mixin.py:188} INFO - [2025-05-07T19:06:45.286+0000] {dag.py:3823} INFO - Setting next_dagrun for example_branch_operator to 2025-05-06 00:00:00+00:00, run_after=2025-05-07 00:00:00+00:00
[2025-05-07T19:06:45.305+0000] {processor.py:183} INFO - Processing /home/airflow/.local/lib/python3.8/site-packages/airflow/example_dags/example_branch_operator.py took 0.104 seconds
[2025-05-07T19:07:15.829+0000] {processor.py:161} INFO - Started process (PID=291) to work on /home/airflow/.local/lib/python3.8/site-packages/airflow/example_dags/example_branch_operator.py
[2025-05-07T19:07:15.831+0000] {processor.py:830} INFO - Processing file /home/airflow/.local/lib/python3.8/site-packages/airflow/example_dags/example_branch_operator.py for tasks to queue
[2025-05-07T19:07:15.833+0000] {logging_mixin.py:188} INFO - [2025-05-07T19:07:15.833+0000] {dagbag.py:538} INFO - Filling up the DagBag from /home/airflow/.local/lib/python3.8/site-packages/airflow/example_dags/example_branch_operator.py
[2025-05-07T19:07:15.856+0000] {processor.py:840} INFO - DAG(s) 'example_branch_operator' retrieved from /home/airflow/.local/lib/python3.8/site-packages/airflow/example_dags/example_branch_operator.py
[2025-05-07T19:07:15.886+0000] {logging_mixin.py:188} INFO - [2025-05-07T19:07:15.886+0000] {dag.py:3036} INFO - Sync 1 DAGs
[2025-05-07T19:07:15.909+0000] {logging_mixin.py:188} INFO - [2025-05-07T19:07:15.909+0000] {dag.py:3823} INFO - Setting next_dagrun for example_branch_operator to 2025-05-06 00:00:00+00:00, run_after=2025-05-07 00:00:00+00:00
[2025-05-07T19:07:15.930+0000] {processor.py:183} INFO - Processing /home/airflow/.local/lib/python3.8/site-packages/airflow/example_dags/example_branch_operator.py took 0.106 seconds
[2025-05-07T19:07:46.320+0000] {processor.py:161} INFO - Started process (PID=346) to work on /home/airflow/.local/lib/python3.8/site-packages/airflow/example_dags/example_branch_operator.py
[2025-05-07T19:07:46.322+0000] {processor.py:830} INFO - Processing file /home/airflow/.local/lib/python3.8/site-packages/airflow/example_dags/example_branch_operator.py for tasks to queue
[2025-05-07T19:07:46.325+0000] {logging_mixin.py:188} INFO - [2025-05-07T19:07:46.325+0000] {dagbag.py:538} INFO - Filling up the DagBag from /home/airflow/.local/lib/python3.8/site-packages/airflow/example_dags/example_branch_operator.py
[2025-05-07T19:07:46.349+0000] {processor.py:840} INFO - DAG(s) 'example_branch_operator' retrieved from /home/airflow/.local/lib/python3.8/site-packages/airflow/example_dags/example_branch_operator.py
[2025-05-07T19:07:46.385+0000] {logging_mixin.py:188} INFO - [2025-05-07T19:07:46.385+0000] {dag.py:3036} INFO - Sync 1 DAGs
[2025-05-07T19:07:46.413+0000] {logging_mixin.py:188} INFO - [2025-05-07T19:07:46.413+0000] {dag.py:3823} INFO - Setting next_dagrun for example_branch_operator to 2025-05-06 00:00:00+00:00, run_after=2025-05-07 00:00:00+00:00
[2025-05-07T19:07:46.439+0000] {processor.py:183} INFO - Processing /home/airflow/.local/lib/python3.8/site-packages/airflow/example_dags/example_branch_operator.py took 0.125 seconds
[2025-05-07T19:08:16.822+0000] {processor.py:161} INFO - Started process (PID=401) to work on /home/airflow/.local/lib/python3.8/site-packages/airflow/example_dags/example_branch_operator.py
[2025-05-07T19:08:16.823+0000] {processor.py:830} INFO - Processing file /home/airflow/.local/lib/python3.8/site-packages/airflow/example_dags/example_branch_operator.py for tasks to queue
[2025-05-07T19:08:16.825+0000] {logging_mixin.py:188} INFO - [2025-05-07T19:08:16.825+0000] {dagbag.py:538} INFO - Filling up the DagBag from /home/airflow/.local/lib/python3.8/site-packages/airflow/example_dags/example_branch_operator.py
[2025-05-07T19:08:16.843+0000] {processor.py:840} INFO - DAG(s) 'example_branch_operator' retrieved from /home/airflow/.local/lib/python3.8/site-packages/airflow/example_dags/example_branch_operator.py
[2025-05-07T19:08:16.870+0000] {logging_mixin.py:188} INFO - [2025-05-07T19:08:16.870+0000] {dag.py:3036} INFO - Sync 1 DAGs
[2025-05-07T19:08:16.892+0000] {logging_mixin.py:188} INFO - [2025-05-07T19:08:16.892+0000] {dag.py:3823} INFO - Setting next_dagrun for example_branch_operator to 2025-05-06 00:00:00+00:00, run_after=2025-05-07 00:00:00+00:00
[2025-05-07T19:08:16.927+0000] {processor.py:183} INFO - Processing /home/airflow/.local/lib/python3.8/site-packages/airflow/example_dags/example_branch_operator.py took 0.108 seconds
[2025-05-07T19:08:47.360+0000] {processor.py:161} INFO - Started process (PID=456) to work on /home/airflow/.local/lib/python3.8/site-packages/airflow/example_dags/example_branch_operator.py
[2025-05-07T19:08:47.364+0000] {processor.py:830} INFO - Processing file /home/airflow/.local/lib/python3.8/site-packages/airflow/example_dags/example_branch_operator.py for tasks to queue
[2025-05-07T19:08:47.369+0000] {logging_mixin.py:188} INFO - [2025-05-07T19:08:47.368+0000] {dagbag.py:538} INFO - Filling up the DagBag from /home/airflow/.local/lib/python3.8/site-packages/airflow/example_dags/example_branch_operator.py
[2025-05-07T19:08:47.391+0000] {processor.py:840} INFO - DAG(s) 'example_branch_operator' retrieved from /home/airflow/.local/lib/python3.8/site-packages/airflow/example_dags/example_branch_operator.py
[2025-05-07T19:08:47.422+0000] {logging_mixin.py:188} INFO - [2025-05-07T19:08:47.422+0000] {dag.py:3036} INFO - Sync 1 DAGs
[2025-05-07T19:08:47.448+0000] {logging_mixin.py:188} INFO - [2025-05-07T19:08:47.448+0000] {dag.py:3823} INFO - Setting next_dagrun for example_branch_operator to 2025-05-06 00:00:00+00:00, run_after=2025-05-07 00:00:00+00:00
[2025-05-07T19:08:47.471+0000] {processor.py:183} INFO - Processing /home/airflow/.local/lib/python3.8/site-packages/airflow/example_dags/example_branch_operator.py took 0.115 seconds
[2025-05-07T19:09:17.806+0000] {processor.py:161} INFO - Started process (PID=511) to work on /home/airflow/.local/lib/python3.8/site-packages/airflow/example_dags/example_branch_operator.py
[2025-05-07T19:09:17.810+0000] {processor.py:830} INFO - Processing file /home/airflow/.local/lib/python3.8/site-packages/airflow/example_dags/example_branch_operator.py for tasks to queue
[2025-05-07T19:09:17.814+0000] {logging_mixin.py:188} INFO - [2025-05-07T19:09:17.814+0000] {dagbag.py:538} INFO - Filling up the DagBag from /home/airflow/.local/lib/python3.8/site-packages/airflow/example_dags/example_branch_operator.py
[2025-05-07T19:09:17.842+0000] {processor.py:840} INFO - DAG(s) 'example_branch_operator' retrieved from /home/airflow/.local/lib/python3.8/site-packages/airflow/example_dags/example_branch_operator.py
[2025-05-07T19:09:17.871+0000] {logging_mixin.py:188} INFO - [2025-05-07T19:09:17.871+0000] {dag.py:3036} INFO - Sync 1 DAGs
[2025-05-07T19:09:17.893+0000] {logging_mixin.py:188} INFO - [2025-05-07T19:09:17.893+0000] {dag.py:3823} INFO - Setting next_dagrun for example_branch_operator to 2025-05-06 00:00:00+00:00, run_after=2025-05-07 00:00:00+00:00
[2025-05-07T19:09:17.913+0000] {processor.py:183} INFO - Processing /home/airflow/.local/lib/python3.8/site-packages/airflow/example_dags/example_branch_operator.py took 0.114 seconds
[2025-05-07T19:09:48.720+0000] {processor.py:161} INFO - Started process (PID=566) to work on /home/airflow/.local/lib/python3.8/site-packages/airflow/example_dags/example_branch_operator.py
[2025-05-07T19:09:48.721+0000] {processor.py:830} INFO - Processing file /home/airflow/.local/lib/python3.8/site-packages/airflow/example_dags/example_branch_operator.py for tasks to queue
[2025-05-07T19:09:48.724+0000] {logging_mixin.py:188} INFO - [2025-05-07T19:09:48.723+0000] {dagbag.py:538} INFO - Filling up the DagBag from /home/airflow/.local/lib/python3.8/site-packages/airflow/example_dags/example_branch_operator.py
[2025-05-07T19:09:48.743+0000] {processor.py:840} INFO - DAG(s) 'example_branch_operator' retrieved from /home/airflow/.local/lib/python3.8/site-packages/airflow/example_dags/example_branch_operator.py
[2025-05-07T19:09:48.771+0000] {logging_mixin.py:188} INFO - [2025-05-07T19:09:48.771+0000] {dag.py:3036} INFO - Sync 1 DAGs
[2025-05-07T19:09:48.792+0000] {logging_mixin.py:188} INFO - [2025-05-07T19:09:48.792+0000] {dag.py:3823} INFO - Setting next_dagrun for example_branch_operator to 2025-05-06 00:00:00+00:00, run_after=2025-05-07 00:00:00+00:00
[2025-05-07T19:09:48.813+0000] {processor.py:183} INFO - Processing /home/airflow/.local/lib/python3.8/site-packages/airflow/example_dags/example_branch_operator.py took 0.097 seconds
[2025-05-07T19:10:19.078+0000] {processor.py:161} INFO - Started process (PID=623) to work on /home/airflow/.local/lib/python3.8/site-packages/airflow/example_dags/example_branch_operator.py
[2025-05-07T19:10:19.080+0000] {processor.py:830} INFO - Processing file /home/airflow/.local/lib/python3.8/site-packages/airflow/example_dags/example_branch_operator.py for tasks to queue
[2025-05-07T19:10:19.084+0000] {logging_mixin.py:188} INFO - [2025-05-07T19:10:19.084+0000] {dagbag.py:538} INFO - Filling up the DagBag from /home/airflow/.local/lib/python3.8/site-packages/airflow/example_dags/example_branch_operator.py
[2025-05-07T19:10:19.111+0000] {processor.py:840} INFO - DAG(s) 'example_branch_operator' retrieved from /home/airflow/.local/lib/python3.8/site-packages/airflow/example_dags/example_branch_operator.py
[2025-05-07T19:10:19.140+0000] {logging_mixin.py:188} INFO - [2025-05-07T19:10:19.140+0000] {dag.py:3036} INFO - Sync 1 DAGs
[2025-05-07T19:10:19.163+0000] {logging_mixin.py:188} INFO - [2025-05-07T19:10:19.162+0000] {dag.py:3823} INFO - Setting next_dagrun for example_branch_operator to 2025-05-06 00:00:00+00:00, run_after=2025-05-07 00:00:00+00:00
[2025-05-07T19:10:19.184+0000] {processor.py:183} INFO - Processing /home/airflow/.local/lib/python3.8/site-packages/airflow/example_dags/example_branch_operator.py took 0.110 seconds
[2025-05-07T19:10:49.582+0000] {processor.py:161} INFO - Started process (PID=679) to work on /home/airflow/.local/lib/python3.8/site-packages/airflow/example_dags/example_branch_operator.py
[2025-05-07T19:10:49.585+0000] {processor.py:830} INFO - Processing file /home/airflow/.local/lib/python3.8/site-packages/airflow/example_dags/example_branch_operator.py for tasks to queue
[2025-05-07T19:10:49.590+0000] {logging_mixin.py:188} INFO - [2025-05-07T19:10:49.589+0000] {dagbag.py:538} INFO - Filling up the DagBag from /home/airflow/.local/lib/python3.8/site-packages/airflow/example_dags/example_branch_operator.py
[2025-05-07T19:10:49.614+0000] {processor.py:840} INFO - DAG(s) 'example_branch_operator' retrieved from /home/airflow/.local/lib/python3.8/site-packages/airflow/example_dags/example_branch_operator.py
[2025-05-07T19:10:49.657+0000] {logging_mixin.py:188} INFO - [2025-05-07T19:10:49.656+0000] {dag.py:3036} INFO - Sync 1 DAGs
[2025-05-07T19:10:49.679+0000] {logging_mixin.py:188} INFO - [2025-05-07T19:10:49.679+0000] {dag.py:3823} INFO - Setting next_dagrun for example_branch_operator to 2025-05-06 00:00:00+00:00, run_after=2025-05-07 00:00:00+00:00
[2025-05-07T19:10:49.699+0000] {processor.py:183} INFO - Processing /home/airflow/.local/lib/python3.8/site-packages/airflow/example_dags/example_branch_operator.py took 0.124 seconds
[2025-05-07T19:11:19.848+0000] {processor.py:161} INFO - Started process (PID=737) to work on /home/airflow/.local/lib/python3.8/site-packages/airflow/example_dags/example_branch_operator.py
[2025-05-07T19:11:19.850+0000] {processor.py:830} INFO - Processing file /home/airflow/.local/lib/python3.8/site-packages/airflow/example_dags/example_branch_operator.py for tasks to queue
[2025-05-07T19:11:19.853+0000] {logging_mixin.py:188} INFO - [2025-05-07T19:11:19.852+0000] {dagbag.py:538} INFO - Filling up the DagBag from /home/airflow/.local/lib/python3.8/site-packages/airflow/example_dags/example_branch_operator.py
[2025-05-07T19:11:19.872+0000] {processor.py:840} INFO - DAG(s) 'example_branch_operator' retrieved from /home/airflow/.local/lib/python3.8/site-packages/airflow/example_dags/example_branch_operator.py
[2025-05-07T19:11:19.905+0000] {logging_mixin.py:188} INFO - [2025-05-07T19:11:19.904+0000] {dag.py:3036} INFO - Sync 1 DAGs
[2025-05-07T19:11:19.932+0000] {logging_mixin.py:188} INFO - [2025-05-07T19:11:19.932+0000] {dag.py:3823} INFO - Setting next_dagrun for example_branch_operator to 2025-05-06 00:00:00+00:00, run_after=2025-05-07 00:00:00+00:00
[2025-05-07T19:11:19.956+0000] {processor.py:183} INFO - Processing /home/airflow/.local/lib/python3.8/site-packages/airflow/example_dags/example_branch_operator.py took 0.112 seconds
[2025-05-07T19:11:50.730+0000] {processor.py:161} INFO - Started process (PID=799) to work on /home/airflow/.local/lib/python3.8/site-packages/airflow/example_dags/example_branch_operator.py
[2025-05-07T19:11:50.732+0000] {processor.py:830} INFO - Processing file /home/airflow/.local/lib/python3.8/site-packages/airflow/example_dags/example_branch_operator.py for tasks to queue
[2025-05-07T19:11:50.735+0000] {logging_mixin.py:188} INFO - [2025-05-07T19:11:50.734+0000] {dagbag.py:538} INFO - Filling up the DagBag from /home/airflow/.local/lib/python3.8/site-packages/airflow/example_dags/example_branch_operator.py
[2025-05-07T19:11:50.751+0000] {processor.py:840} INFO - DAG(s) 'example_branch_operator' retrieved from /home/airflow/.local/lib/python3.8/site-packages/airflow/example_dags/example_branch_operator.py
[2025-05-07T19:11:50.778+0000] {logging_mixin.py:188} INFO - [2025-05-07T19:11:50.778+0000] {dag.py:3036} INFO - Sync 1 DAGs
[2025-05-07T19:11:50.800+0000] {logging_mixin.py:188} INFO - [2025-05-07T19:11:50.800+0000] {dag.py:3823} INFO - Setting next_dagrun for example_branch_operator to 2025-05-06 00:00:00+00:00, run_after=2025-05-07 00:00:00+00:00
[2025-05-07T19:11:50.819+0000] {processor.py:183} INFO - Processing /home/airflow/.local/lib/python3.8/site-packages/airflow/example_dags/example_branch_operator.py took 0.092 seconds
[2025-05-07T19:12:21.268+0000] {processor.py:161} INFO - Started process (PID=855) to work on /home/airflow/.local/lib/python3.8/site-packages/airflow/example_dags/example_branch_operator.py
[2025-05-07T19:12:21.273+0000] {processor.py:830} INFO - Processing file /home/airflow/.local/lib/python3.8/site-packages/airflow/example_dags/example_branch_operator.py for tasks to queue
[2025-05-07T19:12:21.281+0000] {logging_mixin.py:188} INFO - [2025-05-07T19:12:21.281+0000] {dagbag.py:538} INFO - Filling up the DagBag from /home/airflow/.local/lib/python3.8/site-packages/airflow/example_dags/example_branch_operator.py
[2025-05-07T19:12:21.307+0000] {processor.py:840} INFO - DAG(s) 'example_branch_operator' retrieved from /home/airflow/.local/lib/python3.8/site-packages/airflow/example_dags/example_branch_operator.py
[2025-05-07T19:12:21.337+0000] {logging_mixin.py:188} INFO - [2025-05-07T19:12:21.337+0000] {dag.py:3036} INFO - Sync 1 DAGs
[2025-05-07T19:12:21.359+0000] {logging_mixin.py:188} INFO - [2025-05-07T19:12:21.359+0000] {dag.py:3823} INFO - Setting next_dagrun for example_branch_operator to 2025-05-06 00:00:00+00:00, run_after=2025-05-07 00:00:00+00:00
[2025-05-07T19:12:21.383+0000] {processor.py:183} INFO - Processing /home/airflow/.local/lib/python3.8/site-packages/airflow/example_dags/example_branch_operator.py took 0.121 seconds
[2025-05-07T19:12:51.962+0000] {processor.py:161} INFO - Started process (PID=911) to work on /home/airflow/.local/lib/python3.8/site-packages/airflow/example_dags/example_branch_operator.py
[2025-05-07T19:12:51.965+0000] {processor.py:830} INFO - Processing file /home/airflow/.local/lib/python3.8/site-packages/airflow/example_dags/example_branch_operator.py for tasks to queue
[2025-05-07T19:12:51.970+0000] {logging_mixin.py:188} INFO - [2025-05-07T19:12:51.969+0000] {dagbag.py:538} INFO - Filling up the DagBag from /home/airflow/.local/lib/python3.8/site-packages/airflow/example_dags/example_branch_operator.py
[2025-05-07T19:12:51.995+0000] {processor.py:840} INFO - DAG(s) 'example_branch_operator' retrieved from /home/airflow/.local/lib/python3.8/site-packages/airflow/example_dags/example_branch_operator.py
[2025-05-07T19:12:52.023+0000] {logging_mixin.py:188} INFO - [2025-05-07T19:12:52.023+0000] {dag.py:3036} INFO - Sync 1 DAGs
[2025-05-07T19:12:52.047+0000] {logging_mixin.py:188} INFO - [2025-05-07T19:12:52.047+0000] {dag.py:3823} INFO - Setting next_dagrun for example_branch_operator to 2025-05-06 00:00:00+00:00, run_after=2025-05-07 00:00:00+00:00
[2025-05-07T19:12:52.069+0000] {processor.py:183} INFO - Processing /home/airflow/.local/lib/python3.8/site-packages/airflow/example_dags/example_branch_operator.py took 0.113 seconds
[2025-05-07T19:13:22.877+0000] {processor.py:161} INFO - Started process (PID=967) to work on /home/airflow/.local/lib/python3.8/site-packages/airflow/example_dags/example_branch_operator.py
[2025-05-07T19:13:22.882+0000] {processor.py:830} INFO - Processing file /home/airflow/.local/lib/python3.8/site-packages/airflow/example_dags/example_branch_operator.py for tasks to queue
[2025-05-07T19:13:22.885+0000] {logging_mixin.py:188} INFO - [2025-05-07T19:13:22.885+0000] {dagbag.py:538} INFO - Filling up the DagBag from /home/airflow/.local/lib/python3.8/site-packages/airflow/example_dags/example_branch_operator.py
[2025-05-07T19:13:22.913+0000] {processor.py:840} INFO - DAG(s) 'example_branch_operator' retrieved from /home/airflow/.local/lib/python3.8/site-packages/airflow/example_dags/example_branch_operator.py
[2025-05-07T19:13:22.953+0000] {logging_mixin.py:188} INFO - [2025-05-07T19:13:22.952+0000] {dag.py:3036} INFO - Sync 1 DAGs
[2025-05-07T19:13:22.981+0000] {logging_mixin.py:188} INFO - [2025-05-07T19:13:22.980+0000] {dag.py:3823} INFO - Setting next_dagrun for example_branch_operator to 2025-05-06 00:00:00+00:00, run_after=2025-05-07 00:00:00+00:00
[2025-05-07T19:13:23.001+0000] {processor.py:183} INFO - Processing /home/airflow/.local/lib/python3.8/site-packages/airflow/example_dags/example_branch_operator.py took 0.127 seconds
[2025-05-07T19:13:53.214+0000] {processor.py:161} INFO - Started process (PID=1023) to work on /home/airflow/.local/lib/python3.8/site-packages/airflow/example_dags/example_branch_operator.py
[2025-05-07T19:13:53.218+0000] {processor.py:830} INFO - Processing file /home/airflow/.local/lib/python3.8/site-packages/airflow/example_dags/example_branch_operator.py for tasks to queue
[2025-05-07T19:13:53.223+0000] {logging_mixin.py:188} INFO - [2025-05-07T19:13:53.222+0000] {dagbag.py:538} INFO - Filling up the DagBag from /home/airflow/.local/lib/python3.8/site-packages/airflow/example_dags/example_branch_operator.py
[2025-05-07T19:13:53.248+0000] {processor.py:840} INFO - DAG(s) 'example_branch_operator' retrieved from /home/airflow/.local/lib/python3.8/site-packages/airflow/example_dags/example_branch_operator.py
[2025-05-07T19:13:53.280+0000] {logging_mixin.py:188} INFO - [2025-05-07T19:13:53.280+0000] {dag.py:3036} INFO - Sync 1 DAGs
[2025-05-07T19:13:53.304+0000] {logging_mixin.py:188} INFO - [2025-05-07T19:13:53.304+0000] {dag.py:3823} INFO - Setting next_dagrun for example_branch_operator to 2025-05-06 00:00:00+00:00, run_after=2025-05-07 00:00:00+00:00
[2025-05-07T19:13:53.326+0000] {processor.py:183} INFO - Processing /home/airflow/.local/lib/python3.8/site-packages/airflow/example_dags/example_branch_operator.py took 0.116 seconds
[2025-05-07T19:14:23.575+0000] {processor.py:161} INFO - Started process (PID=1079) to work on /home/airflow/.local/lib/python3.8/site-packages/airflow/example_dags/example_branch_operator.py
[2025-05-07T19:14:23.577+0000] {processor.py:830} INFO - Processing file /home/airflow/.local/lib/python3.8/site-packages/airflow/example_dags/example_branch_operator.py for tasks to queue
[2025-05-07T19:14:23.579+0000] {logging_mixin.py:188} INFO - [2025-05-07T19:14:23.579+0000] {dagbag.py:538} INFO - Filling up the DagBag from /home/airflow/.local/lib/python3.8/site-packages/airflow/example_dags/example_branch_operator.py
[2025-05-07T19:14:23.596+0000] {processor.py:840} INFO - DAG(s) 'example_branch_operator' retrieved from /home/airflow/.local/lib/python3.8/site-packages/airflow/example_dags/example_branch_operator.py
[2025-05-07T19:14:23.628+0000] {logging_mixin.py:188} INFO - [2025-05-07T19:14:23.627+0000] {dag.py:3036} INFO - Sync 1 DAGs
[2025-05-07T19:14:23.652+0000] {logging_mixin.py:188} INFO - [2025-05-07T19:14:23.651+0000] {dag.py:3823} INFO - Setting next_dagrun for example_branch_operator to 2025-05-06 00:00:00+00:00, run_after=2025-05-07 00:00:00+00:00
[2025-05-07T19:14:23.673+0000] {processor.py:183} INFO - Processing /home/airflow/.local/lib/python3.8/site-packages/airflow/example_dags/example_branch_operator.py took 0.101 seconds
[2025-05-07T19:14:53.935+0000] {processor.py:161} INFO - Started process (PID=1135) to work on /home/airflow/.local/lib/python3.8/site-packages/airflow/example_dags/example_branch_operator.py
[2025-05-07T19:14:53.936+0000] {processor.py:830} INFO - Processing file /home/airflow/.local/lib/python3.8/site-packages/airflow/example_dags/example_branch_operator.py for tasks to queue
[2025-05-07T19:14:53.939+0000] {logging_mixin.py:188} INFO - [2025-05-07T19:14:53.939+0000] {dagbag.py:538} INFO - Filling up the DagBag from /home/airflow/.local/lib/python3.8/site-packages/airflow/example_dags/example_branch_operator.py
[2025-05-07T19:14:53.958+0000] {processor.py:840} INFO - DAG(s) 'example_branch_operator' retrieved from /home/airflow/.local/lib/python3.8/site-packages/airflow/example_dags/example_branch_operator.py
[2025-05-07T19:14:53.986+0000] {logging_mixin.py:188} INFO - [2025-05-07T19:14:53.986+0000] {dag.py:3036} INFO - Sync 1 DAGs
[2025-05-07T19:14:54.013+0000] {logging_mixin.py:188} INFO - [2025-05-07T19:14:54.013+0000] {dag.py:3823} INFO - Setting next_dagrun for example_branch_operator to 2025-05-06 00:00:00+00:00, run_after=2025-05-07 00:00:00+00:00
[2025-05-07T19:14:54.037+0000] {processor.py:183} INFO - Processing /home/airflow/.local/lib/python3.8/site-packages/airflow/example_dags/example_branch_operator.py took 0.106 seconds
[2025-05-07T19:15:24.680+0000] {processor.py:161} INFO - Started process (PID=1191) to work on /home/airflow/.local/lib/python3.8/site-packages/airflow/example_dags/example_branch_operator.py
[2025-05-07T19:15:24.684+0000] {processor.py:830} INFO - Processing file /home/airflow/.local/lib/python3.8/site-packages/airflow/example_dags/example_branch_operator.py for tasks to queue
[2025-05-07T19:15:24.688+0000] {logging_mixin.py:188} INFO - [2025-05-07T19:15:24.688+0000] {dagbag.py:538} INFO - Filling up the DagBag from /home/airflow/.local/lib/python3.8/site-packages/airflow/example_dags/example_branch_operator.py
[2025-05-07T19:15:24.714+0000] {processor.py:840} INFO - DAG(s) 'example_branch_operator' retrieved from /home/airflow/.local/lib/python3.8/site-packages/airflow/example_dags/example_branch_operator.py
[2025-05-07T19:15:24.743+0000] {logging_mixin.py:188} INFO - [2025-05-07T19:15:24.743+0000] {dag.py:3036} INFO - Sync 1 DAGs
[2025-05-07T19:15:24.766+0000] {logging_mixin.py:188} INFO - [2025-05-07T19:15:24.765+0000] {dag.py:3823} INFO - Setting next_dagrun for example_branch_operator to 2025-05-06 00:00:00+00:00, run_after=2025-05-07 00:00:00+00:00
[2025-05-07T19:15:24.790+0000] {processor.py:183} INFO - Processing /home/airflow/.local/lib/python3.8/site-packages/airflow/example_dags/example_branch_operator.py took 0.115 seconds
[2025-05-07T19:15:54.894+0000] {processor.py:161} INFO - Started process (PID=1247) to work on /home/airflow/.local/lib/python3.8/site-packages/airflow/example_dags/example_branch_operator.py
[2025-05-07T19:15:54.895+0000] {processor.py:830} INFO - Processing file /home/airflow/.local/lib/python3.8/site-packages/airflow/example_dags/example_branch_operator.py for tasks to queue
[2025-05-07T19:15:54.897+0000] {logging_mixin.py:188} INFO - [2025-05-07T19:15:54.897+0000] {dagbag.py:538} INFO - Filling up the DagBag from /home/airflow/.local/lib/python3.8/site-packages/airflow/example_dags/example_branch_operator.py
[2025-05-07T19:15:54.913+0000] {processor.py:840} INFO - DAG(s) 'example_branch_operator' retrieved from /home/airflow/.local/lib/python3.8/site-packages/airflow/example_dags/example_branch_operator.py
[2025-05-07T19:15:54.942+0000] {logging_mixin.py:188} INFO - [2025-05-07T19:15:54.942+0000] {dag.py:3036} INFO - Sync 1 DAGs
[2025-05-07T19:15:54.963+0000] {logging_mixin.py:188} INFO - [2025-05-07T19:15:54.963+0000] {dag.py:3823} INFO - Setting next_dagrun for example_branch_operator to 2025-05-06 00:00:00+00:00, run_after=2025-05-07 00:00:00+00:00
[2025-05-07T19:15:54.985+0000] {processor.py:183} INFO - Processing /home/airflow/.local/lib/python3.8/site-packages/airflow/example_dags/example_branch_operator.py took 0.094 seconds
[2025-05-07T19:16:25.188+0000] {processor.py:161} INFO - Started process (PID=1303) to work on /home/airflow/.local/lib/python3.8/site-packages/airflow/example_dags/example_branch_operator.py
[2025-05-07T19:16:25.189+0000] {processor.py:830} INFO - Processing file /home/airflow/.local/lib/python3.8/site-packages/airflow/example_dags/example_branch_operator.py for tasks to queue
[2025-05-07T19:16:25.192+0000] {logging_mixin.py:188} INFO - [2025-05-07T19:16:25.191+0000] {dagbag.py:538} INFO - Filling up the DagBag from /home/airflow/.local/lib/python3.8/site-packages/airflow/example_dags/example_branch_operator.py
[2025-05-07T19:16:25.212+0000] {processor.py:840} INFO - DAG(s) 'example_branch_operator' retrieved from /home/airflow/.local/lib/python3.8/site-packages/airflow/example_dags/example_branch_operator.py
[2025-05-07T19:16:25.243+0000] {logging_mixin.py:188} INFO - [2025-05-07T19:16:25.243+0000] {dag.py:3036} INFO - Sync 1 DAGs
[2025-05-07T19:16:25.265+0000] {logging_mixin.py:188} INFO - [2025-05-07T19:16:25.265+0000] {dag.py:3823} INFO - Setting next_dagrun for example_branch_operator to 2025-05-06 00:00:00+00:00, run_after=2025-05-07 00:00:00+00:00
[2025-05-07T19:16:25.289+0000] {processor.py:183} INFO - Processing /home/airflow/.local/lib/python3.8/site-packages/airflow/example_dags/example_branch_operator.py took 0.105 seconds
[2025-05-07T19:16:55.525+0000] {processor.py:161} INFO - Started process (PID=1359) to work on /home/airflow/.local/lib/python3.8/site-packages/airflow/example_dags/example_branch_operator.py
[2025-05-07T19:16:55.526+0000] {processor.py:830} INFO - Processing file /home/airflow/.local/lib/python3.8/site-packages/airflow/example_dags/example_branch_operator.py for tasks to queue
[2025-05-07T19:16:55.528+0000] {logging_mixin.py:188} INFO - [2025-05-07T19:16:55.527+0000] {dagbag.py:538} INFO - Filling up the DagBag from /home/airflow/.local/lib/python3.8/site-packages/airflow/example_dags/example_branch_operator.py
[2025-05-07T19:16:55.544+0000] {processor.py:840} INFO - DAG(s) 'example_branch_operator' retrieved from /home/airflow/.local/lib/python3.8/site-packages/airflow/example_dags/example_branch_operator.py
[2025-05-07T19:16:55.574+0000] {logging_mixin.py:188} INFO - [2025-05-07T19:16:55.573+0000] {dag.py:3036} INFO - Sync 1 DAGs
[2025-05-07T19:16:55.599+0000] {logging_mixin.py:188} INFO - [2025-05-07T19:16:55.599+0000] {dag.py:3823} INFO - Setting next_dagrun for example_branch_operator to 2025-05-06 00:00:00+00:00, run_after=2025-05-07 00:00:00+00:00
[2025-05-07T19:16:55.620+0000] {processor.py:183} INFO - Processing /home/airflow/.local/lib/python3.8/site-packages/airflow/example_dags/example_branch_operator.py took 0.098 seconds
[2025-05-07T19:17:26.069+0000] {processor.py:161} INFO - Started process (PID=1415) to work on /home/airflow/.local/lib/python3.8/site-packages/airflow/example_dags/example_branch_operator.py
[2025-05-07T19:17:26.070+0000] {processor.py:830} INFO - Processing file /home/airflow/.local/lib/python3.8/site-packages/airflow/example_dags/example_branch_operator.py for tasks to queue
[2025-05-07T19:17:26.072+0000] {logging_mixin.py:188} INFO - [2025-05-07T19:17:26.072+0000] {dagbag.py:538} INFO - Filling up the DagBag from /home/airflow/.local/lib/python3.8/site-packages/airflow/example_dags/example_branch_operator.py
[2025-05-07T19:17:26.088+0000] {processor.py:840} INFO - DAG(s) 'example_branch_operator' retrieved from /home/airflow/.local/lib/python3.8/site-packages/airflow/example_dags/example_branch_operator.py
[2025-05-07T19:17:26.117+0000] {logging_mixin.py:188} INFO - [2025-05-07T19:17:26.117+0000] {dag.py:3036} INFO - Sync 1 DAGs
[2025-05-07T19:17:26.153+0000] {logging_mixin.py:188} INFO - [2025-05-07T19:17:26.152+0000] {dag.py:3823} INFO - Setting next_dagrun for example_branch_operator to 2025-05-06 00:00:00+00:00, run_after=2025-05-07 00:00:00+00:00
[2025-05-07T19:17:26.179+0000] {processor.py:183} INFO - Processing /home/airflow/.local/lib/python3.8/site-packages/airflow/example_dags/example_branch_operator.py took 0.113 seconds
[2025-05-07T19:17:56.266+0000] {processor.py:161} INFO - Started process (PID=1471) to work on /home/airflow/.local/lib/python3.8/site-packages/airflow/example_dags/example_branch_operator.py
[2025-05-07T19:17:56.268+0000] {processor.py:830} INFO - Processing file /home/airflow/.local/lib/python3.8/site-packages/airflow/example_dags/example_branch_operator.py for tasks to queue
[2025-05-07T19:17:56.270+0000] {logging_mixin.py:188} INFO - [2025-05-07T19:17:56.270+0000] {dagbag.py:538} INFO - Filling up the DagBag from /home/airflow/.local/lib/python3.8/site-packages/airflow/example_dags/example_branch_operator.py
[2025-05-07T19:17:56.296+0000] {processor.py:840} INFO - DAG(s) 'example_branch_operator' retrieved from /home/airflow/.local/lib/python3.8/site-packages/airflow/example_dags/example_branch_operator.py
[2025-05-07T19:17:56.330+0000] {logging_mixin.py:188} INFO - [2025-05-07T19:17:56.330+0000] {dag.py:3036} INFO - Sync 1 DAGs
[2025-05-07T19:17:56.352+0000] {logging_mixin.py:188} INFO - [2025-05-07T19:17:56.352+0000] {dag.py:3823} INFO - Setting next_dagrun for example_branch_operator to 2025-05-06 00:00:00+00:00, run_after=2025-05-07 00:00:00+00:00
[2025-05-07T19:17:56.371+0000] {processor.py:183} INFO - Processing /home/airflow/.local/lib/python3.8/site-packages/airflow/example_dags/example_branch_operator.py took 0.109 seconds
[2025-05-07T19:18:26.846+0000] {processor.py:161} INFO - Started process (PID=1527) to work on /home/airflow/.local/lib/python3.8/site-packages/airflow/example_dags/example_branch_operator.py
[2025-05-07T19:18:26.847+0000] {processor.py:830} INFO - Processing file /home/airflow/.local/lib/python3.8/site-packages/airflow/example_dags/example_branch_operator.py for tasks to queue
[2025-05-07T19:18:26.852+0000] {logging_mixin.py:188} INFO - [2025-05-07T19:18:26.851+0000] {dagbag.py:538} INFO - Filling up the DagBag from /home/airflow/.local/lib/python3.8/site-packages/airflow/example_dags/example_branch_operator.py
[2025-05-07T19:18:26.877+0000] {processor.py:840} INFO - DAG(s) 'example_branch_operator' retrieved from /home/airflow/.local/lib/python3.8/site-packages/airflow/example_dags/example_branch_operator.py
[2025-05-07T19:18:26.918+0000] {logging_mixin.py:188} INFO - [2025-05-07T19:18:26.917+0000] {dag.py:3036} INFO - Sync 1 DAGs
[2025-05-07T19:18:26.959+0000] {logging_mixin.py:188} INFO - [2025-05-07T19:18:26.958+0000] {dag.py:3823} INFO - Setting next_dagrun for example_branch_operator to 2025-05-06 00:00:00+00:00, run_after=2025-05-07 00:00:00+00:00
[2025-05-07T19:18:26.990+0000] {processor.py:183} INFO - Processing /home/airflow/.local/lib/python3.8/site-packages/airflow/example_dags/example_branch_operator.py took 0.147 seconds
[2025-05-07T19:18:57.048+0000] {processor.py:161} INFO - Started process (PID=1583) to work on /home/airflow/.local/lib/python3.8/site-packages/airflow/example_dags/example_branch_operator.py
[2025-05-07T19:18:57.049+0000] {processor.py:830} INFO - Processing file /home/airflow/.local/lib/python3.8/site-packages/airflow/example_dags/example_branch_operator.py for tasks to queue
[2025-05-07T19:18:57.052+0000] {logging_mixin.py:188} INFO - [2025-05-07T19:18:57.051+0000] {dagbag.py:538} INFO - Filling up the DagBag from /home/airflow/.local/lib/python3.8/site-packages/airflow/example_dags/example_branch_operator.py
[2025-05-07T19:18:57.072+0000] {processor.py:840} INFO - DAG(s) 'example_branch_operator' retrieved from /home/airflow/.local/lib/python3.8/site-packages/airflow/example_dags/example_branch_operator.py
[2025-05-07T19:18:57.096+0000] {logging_mixin.py:188} INFO - [2025-05-07T19:18:57.096+0000] {dag.py:3036} INFO - Sync 1 DAGs
[2025-05-07T19:18:57.117+0000] {logging_mixin.py:188} INFO - [2025-05-07T19:18:57.117+0000] {dag.py:3823} INFO - Setting next_dagrun for example_branch_operator to 2025-05-06 00:00:00+00:00, run_after=2025-05-07 00:00:00+00:00
[2025-05-07T19:18:57.152+0000] {processor.py:183} INFO - Processing /home/airflow/.local/lib/python3.8/site-packages/airflow/example_dags/example_branch_operator.py took 0.107 seconds
[2025-05-07T19:19:27.582+0000] {processor.py:161} INFO - Started process (PID=1639) to work on /home/airflow/.local/lib/python3.8/site-packages/airflow/example_dags/example_branch_operator.py
[2025-05-07T19:19:27.584+0000] {processor.py:830} INFO - Processing file /home/airflow/.local/lib/python3.8/site-packages/airflow/example_dags/example_branch_operator.py for tasks to queue
[2025-05-07T19:19:27.587+0000] {logging_mixin.py:188} INFO - [2025-05-07T19:19:27.587+0000] {dagbag.py:538} INFO - Filling up the DagBag from /home/airflow/.local/lib/python3.8/site-packages/airflow/example_dags/example_branch_operator.py
[2025-05-07T19:19:27.605+0000] {processor.py:840} INFO - DAG(s) 'example_branch_operator' retrieved from /home/airflow/.local/lib/python3.8/site-packages/airflow/example_dags/example_branch_operator.py
[2025-05-07T19:19:27.632+0000] {logging_mixin.py:188} INFO - [2025-05-07T19:19:27.631+0000] {dag.py:3036} INFO - Sync 1 DAGs
[2025-05-07T19:19:27.653+0000] {logging_mixin.py:188} INFO - [2025-05-07T19:19:27.652+0000] {dag.py:3823} INFO - Setting next_dagrun for example_branch_operator to 2025-05-06 00:00:00+00:00, run_after=2025-05-07 00:00:00+00:00
[2025-05-07T19:19:27.674+0000] {processor.py:183} INFO - Processing /home/airflow/.local/lib/python3.8/site-packages/airflow/example_dags/example_branch_operator.py took 0.095 seconds
[2025-05-07T19:19:57.948+0000] {processor.py:161} INFO - Started process (PID=1695) to work on /home/airflow/.local/lib/python3.8/site-packages/airflow/example_dags/example_branch_operator.py
[2025-05-07T19:19:57.949+0000] {processor.py:830} INFO - Processing file /home/airflow/.local/lib/python3.8/site-packages/airflow/example_dags/example_branch_operator.py for tasks to queue
[2025-05-07T19:19:57.951+0000] {logging_mixin.py:188} INFO - [2025-05-07T19:19:57.951+0000] {dagbag.py:538} INFO - Filling up the DagBag from /home/airflow/.local/lib/python3.8/site-packages/airflow/example_dags/example_branch_operator.py
[2025-05-07T19:19:57.967+0000] {processor.py:840} INFO - DAG(s) 'example_branch_operator' retrieved from /home/airflow/.local/lib/python3.8/site-packages/airflow/example_dags/example_branch_operator.py
[2025-05-07T19:19:57.995+0000] {logging_mixin.py:188} INFO - [2025-05-07T19:19:57.994+0000] {dag.py:3036} INFO - Sync 1 DAGs
[2025-05-07T19:19:58.016+0000] {logging_mixin.py:188} INFO - [2025-05-07T19:19:58.016+0000] {dag.py:3823} INFO - Setting next_dagrun for example_branch_operator to 2025-05-06 00:00:00+00:00, run_after=2025-05-07 00:00:00+00:00
[2025-05-07T19:19:58.036+0000] {processor.py:183} INFO - Processing /home/airflow/.local/lib/python3.8/site-packages/airflow/example_dags/example_branch_operator.py took 0.092 seconds
[2025-05-07T19:20:28.190+0000] {processor.py:161} INFO - Started process (PID=1752) to work on /home/airflow/.local/lib/python3.8/site-packages/airflow/example_dags/example_branch_operator.py
[2025-05-07T19:20:28.193+0000] {processor.py:830} INFO - Processing file /home/airflow/.local/lib/python3.8/site-packages/airflow/example_dags/example_branch_operator.py for tasks to queue
[2025-05-07T19:20:28.197+0000] {logging_mixin.py:188} INFO - [2025-05-07T19:20:28.196+0000] {dagbag.py:538} INFO - Filling up the DagBag from /home/airflow/.local/lib/python3.8/site-packages/airflow/example_dags/example_branch_operator.py
[2025-05-07T19:20:28.213+0000] {processor.py:840} INFO - DAG(s) 'example_branch_operator' retrieved from /home/airflow/.local/lib/python3.8/site-packages/airflow/example_dags/example_branch_operator.py
[2025-05-07T19:20:28.240+0000] {logging_mixin.py:188} INFO - [2025-05-07T19:20:28.239+0000] {dag.py:3036} INFO - Sync 1 DAGs
[2025-05-07T19:20:28.261+0000] {logging_mixin.py:188} INFO - [2025-05-07T19:20:28.261+0000] {dag.py:3823} INFO - Setting next_dagrun for example_branch_operator to 2025-05-06 00:00:00+00:00, run_after=2025-05-07 00:00:00+00:00
[2025-05-07T19:20:28.279+0000] {processor.py:183} INFO - Processing /home/airflow/.local/lib/python3.8/site-packages/airflow/example_dags/example_branch_operator.py took 0.092 seconds
[2025-05-07T19:20:58.836+0000] {processor.py:161} INFO - Started process (PID=1809) to work on /home/airflow/.local/lib/python3.8/site-packages/airflow/example_dags/example_branch_operator.py
[2025-05-07T19:20:58.837+0000] {processor.py:830} INFO - Processing file /home/airflow/.local/lib/python3.8/site-packages/airflow/example_dags/example_branch_operator.py for tasks to queue
[2025-05-07T19:20:58.840+0000] {logging_mixin.py:188} INFO - [2025-05-07T19:20:58.839+0000] {dagbag.py:538} INFO - Filling up the DagBag from /home/airflow/.local/lib/python3.8/site-packages/airflow/example_dags/example_branch_operator.py
[2025-05-07T19:20:58.856+0000] {processor.py:840} INFO - DAG(s) 'example_branch_operator' retrieved from /home/airflow/.local/lib/python3.8/site-packages/airflow/example_dags/example_branch_operator.py
[2025-05-07T19:20:58.880+0000] {logging_mixin.py:188} INFO - [2025-05-07T19:20:58.880+0000] {dag.py:3036} INFO - Sync 1 DAGs
[2025-05-07T19:20:58.901+0000] {logging_mixin.py:188} INFO - [2025-05-07T19:20:58.901+0000] {dag.py:3823} INFO - Setting next_dagrun for example_branch_operator to 2025-05-06 00:00:00+00:00, run_after=2025-05-07 00:00:00+00:00
[2025-05-07T19:20:58.921+0000] {processor.py:183} INFO - Processing /home/airflow/.local/lib/python3.8/site-packages/airflow/example_dags/example_branch_operator.py took 0.088 seconds
[2025-05-07T19:22:02.340+0000] {processor.py:161} INFO - Started process (PID=74) to work on /home/airflow/.local/lib/python3.8/site-packages/airflow/example_dags/example_branch_operator.py
[2025-05-07T19:22:02.342+0000] {processor.py:830} INFO - Processing file /home/airflow/.local/lib/python3.8/site-packages/airflow/example_dags/example_branch_operator.py for tasks to queue
[2025-05-07T19:22:02.345+0000] {logging_mixin.py:188} INFO - [2025-05-07T19:22:02.345+0000] {dagbag.py:538} INFO - Filling up the DagBag from /home/airflow/.local/lib/python3.8/site-packages/airflow/example_dags/example_branch_operator.py
[2025-05-07T19:22:02.373+0000] {processor.py:840} INFO - DAG(s) 'example_branch_operator' retrieved from /home/airflow/.local/lib/python3.8/site-packages/airflow/example_dags/example_branch_operator.py
[2025-05-07T19:22:02.391+0000] {logging_mixin.py:188} INFO - [2025-05-07T19:22:02.390+0000] {dag.py:3036} INFO - Sync 1 DAGs
[2025-05-07T19:22:02.428+0000] {logging_mixin.py:188} INFO - [2025-05-07T19:22:02.427+0000] {dag.py:3823} INFO - Setting next_dagrun for example_branch_operator to 2025-05-06 00:00:00+00:00, run_after=2025-05-07 00:00:00+00:00
[2025-05-07T19:22:02.458+0000] {processor.py:183} INFO - Processing /home/airflow/.local/lib/python3.8/site-packages/airflow/example_dags/example_branch_operator.py took 0.124 seconds
[2025-05-07T19:22:32.860+0000] {processor.py:161} INFO - Started process (PID=131) to work on /home/airflow/.local/lib/python3.8/site-packages/airflow/example_dags/example_branch_operator.py
[2025-05-07T19:22:32.862+0000] {processor.py:830} INFO - Processing file /home/airflow/.local/lib/python3.8/site-packages/airflow/example_dags/example_branch_operator.py for tasks to queue
[2025-05-07T19:22:32.864+0000] {logging_mixin.py:188} INFO - [2025-05-07T19:22:32.864+0000] {dagbag.py:538} INFO - Filling up the DagBag from /home/airflow/.local/lib/python3.8/site-packages/airflow/example_dags/example_branch_operator.py
[2025-05-07T19:22:32.881+0000] {processor.py:840} INFO - DAG(s) 'example_branch_operator' retrieved from /home/airflow/.local/lib/python3.8/site-packages/airflow/example_dags/example_branch_operator.py
[2025-05-07T19:22:32.998+0000] {logging_mixin.py:188} INFO - [2025-05-07T19:22:32.997+0000] {dag.py:3036} INFO - Sync 1 DAGs
[2025-05-07T19:22:33.020+0000] {logging_mixin.py:188} INFO - [2025-05-07T19:22:33.019+0000] {dag.py:3823} INFO - Setting next_dagrun for example_branch_operator to 2025-05-06 00:00:00+00:00, run_after=2025-05-07 00:00:00+00:00
[2025-05-07T19:22:33.044+0000] {processor.py:183} INFO - Processing /home/airflow/.local/lib/python3.8/site-packages/airflow/example_dags/example_branch_operator.py took 0.186 seconds
[2025-05-07T19:23:03.686+0000] {processor.py:161} INFO - Started process (PID=188) to work on /home/airflow/.local/lib/python3.8/site-packages/airflow/example_dags/example_branch_operator.py
[2025-05-07T19:23:03.688+0000] {processor.py:830} INFO - Processing file /home/airflow/.local/lib/python3.8/site-packages/airflow/example_dags/example_branch_operator.py for tasks to queue
[2025-05-07T19:23:03.690+0000] {logging_mixin.py:188} INFO - [2025-05-07T19:23:03.690+0000] {dagbag.py:538} INFO - Filling up the DagBag from /home/airflow/.local/lib/python3.8/site-packages/airflow/example_dags/example_branch_operator.py
[2025-05-07T19:23:03.717+0000] {processor.py:840} INFO - DAG(s) 'example_branch_operator' retrieved from /home/airflow/.local/lib/python3.8/site-packages/airflow/example_dags/example_branch_operator.py
[2025-05-07T19:23:03.750+0000] {logging_mixin.py:188} INFO - [2025-05-07T19:23:03.749+0000] {dag.py:3036} INFO - Sync 1 DAGs
[2025-05-07T19:23:03.773+0000] {logging_mixin.py:188} INFO - [2025-05-07T19:23:03.772+0000] {dag.py:3823} INFO - Setting next_dagrun for example_branch_operator to 2025-05-06 00:00:00+00:00, run_after=2025-05-07 00:00:00+00:00
[2025-05-07T19:23:03.794+0000] {processor.py:183} INFO - Processing /home/airflow/.local/lib/python3.8/site-packages/airflow/example_dags/example_branch_operator.py took 0.111 seconds
[2025-05-07T19:23:34.023+0000] {processor.py:161} INFO - Started process (PID=248) to work on /home/airflow/.local/lib/python3.8/site-packages/airflow/example_dags/example_branch_operator.py
[2025-05-07T19:23:34.024+0000] {processor.py:830} INFO - Processing file /home/airflow/.local/lib/python3.8/site-packages/airflow/example_dags/example_branch_operator.py for tasks to queue
[2025-05-07T19:23:34.026+0000] {logging_mixin.py:188} INFO - [2025-05-07T19:23:34.026+0000] {dagbag.py:538} INFO - Filling up the DagBag from /home/airflow/.local/lib/python3.8/site-packages/airflow/example_dags/example_branch_operator.py
[2025-05-07T19:23:34.043+0000] {processor.py:840} INFO - DAG(s) 'example_branch_operator' retrieved from /home/airflow/.local/lib/python3.8/site-packages/airflow/example_dags/example_branch_operator.py
[2025-05-07T19:23:34.070+0000] {logging_mixin.py:188} INFO - [2025-05-07T19:23:34.070+0000] {dag.py:3036} INFO - Sync 1 DAGs
[2025-05-07T19:23:34.097+0000] {logging_mixin.py:188} INFO - [2025-05-07T19:23:34.096+0000] {dag.py:3823} INFO - Setting next_dagrun for example_branch_operator to 2025-05-06 00:00:00+00:00, run_after=2025-05-07 00:00:00+00:00
[2025-05-07T19:23:34.118+0000] {processor.py:183} INFO - Processing /home/airflow/.local/lib/python3.8/site-packages/airflow/example_dags/example_branch_operator.py took 0.098 seconds
[2025-05-07T19:24:04.581+0000] {processor.py:161} INFO - Started process (PID=307) to work on /home/airflow/.local/lib/python3.8/site-packages/airflow/example_dags/example_branch_operator.py
[2025-05-07T19:24:04.582+0000] {processor.py:830} INFO - Processing file /home/airflow/.local/lib/python3.8/site-packages/airflow/example_dags/example_branch_operator.py for tasks to queue
[2025-05-07T19:24:04.584+0000] {logging_mixin.py:188} INFO - [2025-05-07T19:24:04.583+0000] {dagbag.py:538} INFO - Filling up the DagBag from /home/airflow/.local/lib/python3.8/site-packages/airflow/example_dags/example_branch_operator.py
[2025-05-07T19:24:04.600+0000] {processor.py:840} INFO - DAG(s) 'example_branch_operator' retrieved from /home/airflow/.local/lib/python3.8/site-packages/airflow/example_dags/example_branch_operator.py
[2025-05-07T19:24:04.629+0000] {logging_mixin.py:188} INFO - [2025-05-07T19:24:04.629+0000] {dag.py:3036} INFO - Sync 1 DAGs
[2025-05-07T19:24:04.652+0000] {logging_mixin.py:188} INFO - [2025-05-07T19:24:04.651+0000] {dag.py:3823} INFO - Setting next_dagrun for example_branch_operator to 2025-05-06 00:00:00+00:00, run_after=2025-05-07 00:00:00+00:00
[2025-05-07T19:24:04.672+0000] {processor.py:183} INFO - Processing /home/airflow/.local/lib/python3.8/site-packages/airflow/example_dags/example_branch_operator.py took 0.095 seconds
[2025-05-07T19:24:35.232+0000] {processor.py:161} INFO - Started process (PID=369) to work on /home/airflow/.local/lib/python3.8/site-packages/airflow/example_dags/example_branch_operator.py
[2025-05-07T19:24:35.237+0000] {processor.py:830} INFO - Processing file /home/airflow/.local/lib/python3.8/site-packages/airflow/example_dags/example_branch_operator.py for tasks to queue
[2025-05-07T19:24:35.246+0000] {logging_mixin.py:188} INFO - [2025-05-07T19:24:35.245+0000] {dagbag.py:538} INFO - Filling up the DagBag from /home/airflow/.local/lib/python3.8/site-packages/airflow/example_dags/example_branch_operator.py
[2025-05-07T19:24:35.273+0000] {processor.py:840} INFO - DAG(s) 'example_branch_operator' retrieved from /home/airflow/.local/lib/python3.8/site-packages/airflow/example_dags/example_branch_operator.py
[2025-05-07T19:24:35.311+0000] {logging_mixin.py:188} INFO - [2025-05-07T19:24:35.311+0000] {dag.py:3036} INFO - Sync 1 DAGs
[2025-05-07T19:24:35.340+0000] {logging_mixin.py:188} INFO - [2025-05-07T19:24:35.340+0000] {dag.py:3823} INFO - Setting next_dagrun for example_branch_operator to 2025-05-06 00:00:00+00:00, run_after=2025-05-07 00:00:00+00:00
[2025-05-07T19:24:35.368+0000] {processor.py:183} INFO - Processing /home/airflow/.local/lib/python3.8/site-packages/airflow/example_dags/example_branch_operator.py took 0.140 seconds
[2025-05-07T19:25:06.080+0000] {processor.py:161} INFO - Started process (PID=433) to work on /home/airflow/.local/lib/python3.8/site-packages/airflow/example_dags/example_branch_operator.py
[2025-05-07T19:25:06.082+0000] {processor.py:830} INFO - Processing file /home/airflow/.local/lib/python3.8/site-packages/airflow/example_dags/example_branch_operator.py for tasks to queue
[2025-05-07T19:25:06.085+0000] {logging_mixin.py:188} INFO - [2025-05-07T19:25:06.084+0000] {dagbag.py:538} INFO - Filling up the DagBag from /home/airflow/.local/lib/python3.8/site-packages/airflow/example_dags/example_branch_operator.py
[2025-05-07T19:25:06.103+0000] {processor.py:840} INFO - DAG(s) 'example_branch_operator' retrieved from /home/airflow/.local/lib/python3.8/site-packages/airflow/example_dags/example_branch_operator.py
[2025-05-07T19:25:06.135+0000] {logging_mixin.py:188} INFO - [2025-05-07T19:25:06.135+0000] {dag.py:3036} INFO - Sync 1 DAGs
[2025-05-07T19:25:06.162+0000] {logging_mixin.py:188} INFO - [2025-05-07T19:25:06.162+0000] {dag.py:3823} INFO - Setting next_dagrun for example_branch_operator to 2025-05-06 00:00:00+00:00, run_after=2025-05-07 00:00:00+00:00
[2025-05-07T19:25:06.187+0000] {processor.py:183} INFO - Processing /home/airflow/.local/lib/python3.8/site-packages/airflow/example_dags/example_branch_operator.py took 0.113 seconds
[2025-05-07T19:25:36.796+0000] {processor.py:161} INFO - Started process (PID=490) to work on /home/airflow/.local/lib/python3.8/site-packages/airflow/example_dags/example_branch_operator.py
[2025-05-07T19:25:36.798+0000] {processor.py:830} INFO - Processing file /home/airflow/.local/lib/python3.8/site-packages/airflow/example_dags/example_branch_operator.py for tasks to queue
[2025-05-07T19:25:36.800+0000] {logging_mixin.py:188} INFO - [2025-05-07T19:25:36.800+0000] {dagbag.py:538} INFO - Filling up the DagBag from /home/airflow/.local/lib/python3.8/site-packages/airflow/example_dags/example_branch_operator.py
[2025-05-07T19:25:36.816+0000] {processor.py:840} INFO - DAG(s) 'example_branch_operator' retrieved from /home/airflow/.local/lib/python3.8/site-packages/airflow/example_dags/example_branch_operator.py
[2025-05-07T19:25:36.844+0000] {logging_mixin.py:188} INFO - [2025-05-07T19:25:36.844+0000] {dag.py:3036} INFO - Sync 1 DAGs
[2025-05-07T19:25:36.870+0000] {logging_mixin.py:188} INFO - [2025-05-07T19:25:36.869+0000] {dag.py:3823} INFO - Setting next_dagrun for example_branch_operator to 2025-05-06 00:00:00+00:00, run_after=2025-05-07 00:00:00+00:00
[2025-05-07T19:25:36.894+0000] {processor.py:183} INFO - Processing /home/airflow/.local/lib/python3.8/site-packages/airflow/example_dags/example_branch_operator.py took 0.101 seconds
[2025-05-07T19:26:06.997+0000] {processor.py:161} INFO - Started process (PID=551) to work on /home/airflow/.local/lib/python3.8/site-packages/airflow/example_dags/example_branch_operator.py
[2025-05-07T19:26:06.998+0000] {processor.py:830} INFO - Processing file /home/airflow/.local/lib/python3.8/site-packages/airflow/example_dags/example_branch_operator.py for tasks to queue
[2025-05-07T19:26:07.001+0000] {logging_mixin.py:188} INFO - [2025-05-07T19:26:07.000+0000] {dagbag.py:538} INFO - Filling up the DagBag from /home/airflow/.local/lib/python3.8/site-packages/airflow/example_dags/example_branch_operator.py
[2025-05-07T19:26:07.019+0000] {processor.py:840} INFO - DAG(s) 'example_branch_operator' retrieved from /home/airflow/.local/lib/python3.8/site-packages/airflow/example_dags/example_branch_operator.py
[2025-05-07T19:26:07.049+0000] {logging_mixin.py:188} INFO - [2025-05-07T19:26:07.049+0000] {dag.py:3036} INFO - Sync 1 DAGs
[2025-05-07T19:26:07.086+0000] {logging_mixin.py:188} INFO - [2025-05-07T19:26:07.086+0000] {dag.py:3823} INFO - Setting next_dagrun for example_branch_operator to 2025-05-06 00:00:00+00:00, run_after=2025-05-07 00:00:00+00:00
[2025-05-07T19:26:07.196+0000] {processor.py:183} INFO - Processing /home/airflow/.local/lib/python3.8/site-packages/airflow/example_dags/example_branch_operator.py took 0.203 seconds
[2025-05-07T19:26:37.558+0000] {processor.py:161} INFO - Started process (PID=614) to work on /home/airflow/.local/lib/python3.8/site-packages/airflow/example_dags/example_branch_operator.py
[2025-05-07T19:26:37.559+0000] {processor.py:830} INFO - Processing file /home/airflow/.local/lib/python3.8/site-packages/airflow/example_dags/example_branch_operator.py for tasks to queue
[2025-05-07T19:26:37.561+0000] {logging_mixin.py:188} INFO - [2025-05-07T19:26:37.561+0000] {dagbag.py:538} INFO - Filling up the DagBag from /home/airflow/.local/lib/python3.8/site-packages/airflow/example_dags/example_branch_operator.py
[2025-05-07T19:26:37.580+0000] {processor.py:840} INFO - DAG(s) 'example_branch_operator' retrieved from /home/airflow/.local/lib/python3.8/site-packages/airflow/example_dags/example_branch_operator.py
[2025-05-07T19:26:37.607+0000] {logging_mixin.py:188} INFO - [2025-05-07T19:26:37.607+0000] {dag.py:3036} INFO - Sync 1 DAGs
[2025-05-07T19:26:37.628+0000] {logging_mixin.py:188} INFO - [2025-05-07T19:26:37.628+0000] {dag.py:3823} INFO - Setting next_dagrun for example_branch_operator to 2025-05-06 00:00:00+00:00, run_after=2025-05-07 00:00:00+00:00
[2025-05-07T19:26:37.649+0000] {processor.py:183} INFO - Processing /home/airflow/.local/lib/python3.8/site-packages/airflow/example_dags/example_branch_operator.py took 0.094 seconds
[2025-05-07T19:27:07.729+0000] {processor.py:161} INFO - Started process (PID=673) to work on /home/airflow/.local/lib/python3.8/site-packages/airflow/example_dags/example_branch_operator.py
[2025-05-07T19:27:07.730+0000] {processor.py:830} INFO - Processing file /home/airflow/.local/lib/python3.8/site-packages/airflow/example_dags/example_branch_operator.py for tasks to queue
[2025-05-07T19:27:07.733+0000] {logging_mixin.py:188} INFO - [2025-05-07T19:27:07.733+0000] {dagbag.py:538} INFO - Filling up the DagBag from /home/airflow/.local/lib/python3.8/site-packages/airflow/example_dags/example_branch_operator.py
[2025-05-07T19:27:07.750+0000] {processor.py:840} INFO - DAG(s) 'example_branch_operator' retrieved from /home/airflow/.local/lib/python3.8/site-packages/airflow/example_dags/example_branch_operator.py
[2025-05-07T19:27:07.812+0000] {logging_mixin.py:188} INFO - [2025-05-07T19:27:07.812+0000] {dag.py:3036} INFO - Sync 1 DAGs
[2025-05-07T19:27:07.839+0000] {logging_mixin.py:188} INFO - [2025-05-07T19:27:07.839+0000] {dag.py:3823} INFO - Setting next_dagrun for example_branch_operator to 2025-05-06 00:00:00+00:00, run_after=2025-05-07 00:00:00+00:00
[2025-05-07T19:27:07.863+0000] {processor.py:183} INFO - Processing /home/airflow/.local/lib/python3.8/site-packages/airflow/example_dags/example_branch_operator.py took 0.138 seconds
[2025-05-07T19:27:38.311+0000] {processor.py:161} INFO - Started process (PID=730) to work on /home/airflow/.local/lib/python3.8/site-packages/airflow/example_dags/example_branch_operator.py
[2025-05-07T19:27:38.313+0000] {processor.py:830} INFO - Processing file /home/airflow/.local/lib/python3.8/site-packages/airflow/example_dags/example_branch_operator.py for tasks to queue
[2025-05-07T19:27:38.316+0000] {logging_mixin.py:188} INFO - [2025-05-07T19:27:38.316+0000] {dagbag.py:538} INFO - Filling up the DagBag from /home/airflow/.local/lib/python3.8/site-packages/airflow/example_dags/example_branch_operator.py
[2025-05-07T19:27:38.339+0000] {processor.py:840} INFO - DAG(s) 'example_branch_operator' retrieved from /home/airflow/.local/lib/python3.8/site-packages/airflow/example_dags/example_branch_operator.py
[2025-05-07T19:27:38.379+0000] {logging_mixin.py:188} INFO - [2025-05-07T19:27:38.378+0000] {dag.py:3036} INFO - Sync 1 DAGs
[2025-05-07T19:27:38.417+0000] {logging_mixin.py:188} INFO - [2025-05-07T19:27:38.417+0000] {dag.py:3823} INFO - Setting next_dagrun for example_branch_operator to 2025-05-06 00:00:00+00:00, run_after=2025-05-07 00:00:00+00:00
[2025-05-07T19:27:38.450+0000] {processor.py:183} INFO - Processing /home/airflow/.local/lib/python3.8/site-packages/airflow/example_dags/example_branch_operator.py took 0.146 seconds
[2025-05-07T19:28:08.911+0000] {processor.py:161} INFO - Started process (PID=787) to work on /home/airflow/.local/lib/python3.8/site-packages/airflow/example_dags/example_branch_operator.py
[2025-05-07T19:28:08.913+0000] {processor.py:830} INFO - Processing file /home/airflow/.local/lib/python3.8/site-packages/airflow/example_dags/example_branch_operator.py for tasks to queue
[2025-05-07T19:28:08.915+0000] {logging_mixin.py:188} INFO - [2025-05-07T19:28:08.914+0000] {dagbag.py:538} INFO - Filling up the DagBag from /home/airflow/.local/lib/python3.8/site-packages/airflow/example_dags/example_branch_operator.py
[2025-05-07T19:28:08.934+0000] {processor.py:840} INFO - DAG(s) 'example_branch_operator' retrieved from /home/airflow/.local/lib/python3.8/site-packages/airflow/example_dags/example_branch_operator.py
[2025-05-07T19:28:08.964+0000] {logging_mixin.py:188} INFO - [2025-05-07T19:28:08.964+0000] {dag.py:3036} INFO - Sync 1 DAGs
[2025-05-07T19:28:08.989+0000] {logging_mixin.py:188} INFO - [2025-05-07T19:28:08.988+0000] {dag.py:3823} INFO - Setting next_dagrun for example_branch_operator to 2025-05-06 00:00:00+00:00, run_after=2025-05-07 00:00:00+00:00
[2025-05-07T19:28:09.009+0000] {processor.py:183} INFO - Processing /home/airflow/.local/lib/python3.8/site-packages/airflow/example_dags/example_branch_operator.py took 0.101 seconds
[2025-05-07T19:28:39.325+0000] {processor.py:161} INFO - Started process (PID=844) to work on /home/airflow/.local/lib/python3.8/site-packages/airflow/example_dags/example_branch_operator.py
[2025-05-07T19:28:39.327+0000] {processor.py:830} INFO - Processing file /home/airflow/.local/lib/python3.8/site-packages/airflow/example_dags/example_branch_operator.py for tasks to queue
[2025-05-07T19:28:39.329+0000] {logging_mixin.py:188} INFO - [2025-05-07T19:28:39.329+0000] {dagbag.py:538} INFO - Filling up the DagBag from /home/airflow/.local/lib/python3.8/site-packages/airflow/example_dags/example_branch_operator.py
[2025-05-07T19:28:39.348+0000] {processor.py:840} INFO - DAG(s) 'example_branch_operator' retrieved from /home/airflow/.local/lib/python3.8/site-packages/airflow/example_dags/example_branch_operator.py
[2025-05-07T19:28:39.377+0000] {logging_mixin.py:188} INFO - [2025-05-07T19:28:39.376+0000] {dag.py:3036} INFO - Sync 1 DAGs
[2025-05-07T19:28:39.403+0000] {logging_mixin.py:188} INFO - [2025-05-07T19:28:39.403+0000] {dag.py:3823} INFO - Setting next_dagrun for example_branch_operator to 2025-05-06 00:00:00+00:00, run_after=2025-05-07 00:00:00+00:00
[2025-05-07T19:28:39.427+0000] {processor.py:183} INFO - Processing /home/airflow/.local/lib/python3.8/site-packages/airflow/example_dags/example_branch_operator.py took 0.105 seconds
[2025-05-07T19:29:10.217+0000] {processor.py:161} INFO - Started process (PID=901) to work on /home/airflow/.local/lib/python3.8/site-packages/airflow/example_dags/example_branch_operator.py
[2025-05-07T19:29:10.218+0000] {processor.py:830} INFO - Processing file /home/airflow/.local/lib/python3.8/site-packages/airflow/example_dags/example_branch_operator.py for tasks to queue
[2025-05-07T19:29:10.220+0000] {logging_mixin.py:188} INFO - [2025-05-07T19:29:10.220+0000] {dagbag.py:538} INFO - Filling up the DagBag from /home/airflow/.local/lib/python3.8/site-packages/airflow/example_dags/example_branch_operator.py
[2025-05-07T19:29:10.237+0000] {processor.py:840} INFO - DAG(s) 'example_branch_operator' retrieved from /home/airflow/.local/lib/python3.8/site-packages/airflow/example_dags/example_branch_operator.py
[2025-05-07T19:29:10.265+0000] {logging_mixin.py:188} INFO - [2025-05-07T19:29:10.265+0000] {dag.py:3036} INFO - Sync 1 DAGs
[2025-05-07T19:29:10.288+0000] {logging_mixin.py:188} INFO - [2025-05-07T19:29:10.288+0000] {dag.py:3823} INFO - Setting next_dagrun for example_branch_operator to 2025-05-06 00:00:00+00:00, run_after=2025-05-07 00:00:00+00:00
[2025-05-07T19:29:10.309+0000] {processor.py:183} INFO - Processing /home/airflow/.local/lib/python3.8/site-packages/airflow/example_dags/example_branch_operator.py took 0.096 seconds
[2025-05-07T19:29:40.557+0000] {processor.py:161} INFO - Started process (PID=958) to work on /home/airflow/.local/lib/python3.8/site-packages/airflow/example_dags/example_branch_operator.py
[2025-05-07T19:29:40.559+0000] {processor.py:830} INFO - Processing file /home/airflow/.local/lib/python3.8/site-packages/airflow/example_dags/example_branch_operator.py for tasks to queue
[2025-05-07T19:29:40.561+0000] {logging_mixin.py:188} INFO - [2025-05-07T19:29:40.560+0000] {dagbag.py:538} INFO - Filling up the DagBag from /home/airflow/.local/lib/python3.8/site-packages/airflow/example_dags/example_branch_operator.py
[2025-05-07T19:29:40.580+0000] {processor.py:840} INFO - DAG(s) 'example_branch_operator' retrieved from /home/airflow/.local/lib/python3.8/site-packages/airflow/example_dags/example_branch_operator.py
[2025-05-07T19:29:40.606+0000] {logging_mixin.py:188} INFO - [2025-05-07T19:29:40.606+0000] {dag.py:3036} INFO - Sync 1 DAGs
[2025-05-07T19:29:40.628+0000] {logging_mixin.py:188} INFO - [2025-05-07T19:29:40.627+0000] {dag.py:3823} INFO - Setting next_dagrun for example_branch_operator to 2025-05-06 00:00:00+00:00, run_after=2025-05-07 00:00:00+00:00
[2025-05-07T19:29:40.645+0000] {processor.py:183} INFO - Processing /home/airflow/.local/lib/python3.8/site-packages/airflow/example_dags/example_branch_operator.py took 0.092 seconds
[2025-05-07T19:33:16.339+0000] {processor.py:161} INFO - Started process (PID=68) to work on /home/airflow/.local/lib/python3.8/site-packages/airflow/example_dags/example_branch_operator.py
[2025-05-07T19:33:16.341+0000] {processor.py:830} INFO - Processing file /home/airflow/.local/lib/python3.8/site-packages/airflow/example_dags/example_branch_operator.py for tasks to queue
[2025-05-07T19:33:16.344+0000] {logging_mixin.py:188} INFO - [2025-05-07T19:33:16.343+0000] {dagbag.py:538} INFO - Filling up the DagBag from /home/airflow/.local/lib/python3.8/site-packages/airflow/example_dags/example_branch_operator.py
[2025-05-07T19:33:16.381+0000] {processor.py:840} INFO - DAG(s) 'example_branch_operator' retrieved from /home/airflow/.local/lib/python3.8/site-packages/airflow/example_dags/example_branch_operator.py
[2025-05-07T19:33:16.402+0000] {logging_mixin.py:188} INFO - [2025-05-07T19:33:16.402+0000] {dag.py:3036} INFO - Sync 1 DAGs
[2025-05-07T19:33:16.431+0000] {logging_mixin.py:188} INFO - [2025-05-07T19:33:16.431+0000] {dag.py:3823} INFO - Setting next_dagrun for example_branch_operator to 2025-05-06 00:00:00+00:00, run_after=2025-05-07 00:00:00+00:00
[2025-05-07T19:33:16.455+0000] {processor.py:183} INFO - Processing /home/airflow/.local/lib/python3.8/site-packages/airflow/example_dags/example_branch_operator.py took 0.120 seconds
[2025-05-07T19:33:47.566+0000] {processor.py:161} INFO - Started process (PID=132) to work on /home/airflow/.local/lib/python3.8/site-packages/airflow/example_dags/example_branch_operator.py
[2025-05-07T19:33:47.567+0000] {processor.py:830} INFO - Processing file /home/airflow/.local/lib/python3.8/site-packages/airflow/example_dags/example_branch_operator.py for tasks to queue
[2025-05-07T19:33:47.569+0000] {logging_mixin.py:188} INFO - [2025-05-07T19:33:47.569+0000] {dagbag.py:538} INFO - Filling up the DagBag from /home/airflow/.local/lib/python3.8/site-packages/airflow/example_dags/example_branch_operator.py
[2025-05-07T19:33:47.585+0000] {processor.py:840} INFO - DAG(s) 'example_branch_operator' retrieved from /home/airflow/.local/lib/python3.8/site-packages/airflow/example_dags/example_branch_operator.py
[2025-05-07T19:33:47.691+0000] {logging_mixin.py:188} INFO - [2025-05-07T19:33:47.691+0000] {dag.py:3036} INFO - Sync 1 DAGs
[2025-05-07T19:33:47.712+0000] {logging_mixin.py:188} INFO - [2025-05-07T19:33:47.712+0000] {dag.py:3823} INFO - Setting next_dagrun for example_branch_operator to 2025-05-06 00:00:00+00:00, run_after=2025-05-07 00:00:00+00:00
[2025-05-07T19:33:47.735+0000] {processor.py:183} INFO - Processing /home/airflow/.local/lib/python3.8/site-packages/airflow/example_dags/example_branch_operator.py took 0.172 seconds
[2025-05-07T19:34:18.011+0000] {processor.py:161} INFO - Started process (PID=189) to work on /home/airflow/.local/lib/python3.8/site-packages/airflow/example_dags/example_branch_operator.py
[2025-05-07T19:34:18.012+0000] {processor.py:830} INFO - Processing file /home/airflow/.local/lib/python3.8/site-packages/airflow/example_dags/example_branch_operator.py for tasks to queue
[2025-05-07T19:34:18.014+0000] {logging_mixin.py:188} INFO - [2025-05-07T19:34:18.014+0000] {dagbag.py:538} INFO - Filling up the DagBag from /home/airflow/.local/lib/python3.8/site-packages/airflow/example_dags/example_branch_operator.py
[2025-05-07T19:34:18.032+0000] {processor.py:840} INFO - DAG(s) 'example_branch_operator' retrieved from /home/airflow/.local/lib/python3.8/site-packages/airflow/example_dags/example_branch_operator.py
[2025-05-07T19:34:18.060+0000] {logging_mixin.py:188} INFO - [2025-05-07T19:34:18.060+0000] {dag.py:3036} INFO - Sync 1 DAGs
[2025-05-07T19:34:18.082+0000] {logging_mixin.py:188} INFO - [2025-05-07T19:34:18.082+0000] {dag.py:3823} INFO - Setting next_dagrun for example_branch_operator to 2025-05-06 00:00:00+00:00, run_after=2025-05-07 00:00:00+00:00
[2025-05-07T19:34:18.104+0000] {processor.py:183} INFO - Processing /home/airflow/.local/lib/python3.8/site-packages/airflow/example_dags/example_branch_operator.py took 0.097 seconds
[2025-05-07T19:34:48.425+0000] {processor.py:161} INFO - Started process (PID=246) to work on /home/airflow/.local/lib/python3.8/site-packages/airflow/example_dags/example_branch_operator.py
[2025-05-07T19:34:48.426+0000] {processor.py:830} INFO - Processing file /home/airflow/.local/lib/python3.8/site-packages/airflow/example_dags/example_branch_operator.py for tasks to queue
[2025-05-07T19:34:48.428+0000] {logging_mixin.py:188} INFO - [2025-05-07T19:34:48.428+0000] {dagbag.py:538} INFO - Filling up the DagBag from /home/airflow/.local/lib/python3.8/site-packages/airflow/example_dags/example_branch_operator.py
[2025-05-07T19:34:48.444+0000] {processor.py:840} INFO - DAG(s) 'example_branch_operator' retrieved from /home/airflow/.local/lib/python3.8/site-packages/airflow/example_dags/example_branch_operator.py
[2025-05-07T19:34:48.756+0000] {logging_mixin.py:188} INFO - [2025-05-07T19:34:48.756+0000] {dag.py:3036} INFO - Sync 1 DAGs
[2025-05-07T19:34:48.903+0000] {logging_mixin.py:188} INFO - [2025-05-07T19:34:48.899+0000] {dag.py:3823} INFO - Setting next_dagrun for example_branch_operator to 2025-05-06 00:00:00+00:00, run_after=2025-05-07 00:00:00+00:00
[2025-05-07T19:34:48.954+0000] {processor.py:183} INFO - Processing /home/airflow/.local/lib/python3.8/site-packages/airflow/example_dags/example_branch_operator.py took 0.532 seconds
[2025-05-07T19:35:19.323+0000] {processor.py:161} INFO - Started process (PID=303) to work on /home/airflow/.local/lib/python3.8/site-packages/airflow/example_dags/example_branch_operator.py
[2025-05-07T19:35:19.324+0000] {processor.py:830} INFO - Processing file /home/airflow/.local/lib/python3.8/site-packages/airflow/example_dags/example_branch_operator.py for tasks to queue
[2025-05-07T19:35:19.326+0000] {logging_mixin.py:188} INFO - [2025-05-07T19:35:19.326+0000] {dagbag.py:538} INFO - Filling up the DagBag from /home/airflow/.local/lib/python3.8/site-packages/airflow/example_dags/example_branch_operator.py
[2025-05-07T19:35:19.344+0000] {processor.py:840} INFO - DAG(s) 'example_branch_operator' retrieved from /home/airflow/.local/lib/python3.8/site-packages/airflow/example_dags/example_branch_operator.py
[2025-05-07T19:35:19.374+0000] {logging_mixin.py:188} INFO - [2025-05-07T19:35:19.373+0000] {dag.py:3036} INFO - Sync 1 DAGs
[2025-05-07T19:35:19.399+0000] {logging_mixin.py:188} INFO - [2025-05-07T19:35:19.399+0000] {dag.py:3823} INFO - Setting next_dagrun for example_branch_operator to 2025-05-06 00:00:00+00:00, run_after=2025-05-07 00:00:00+00:00
[2025-05-07T19:35:19.419+0000] {processor.py:183} INFO - Processing /home/airflow/.local/lib/python3.8/site-packages/airflow/example_dags/example_branch_operator.py took 0.100 seconds
[2025-05-07T19:35:49.784+0000] {processor.py:161} INFO - Started process (PID=360) to work on /home/airflow/.local/lib/python3.8/site-packages/airflow/example_dags/example_branch_operator.py
[2025-05-07T19:35:49.785+0000] {processor.py:830} INFO - Processing file /home/airflow/.local/lib/python3.8/site-packages/airflow/example_dags/example_branch_operator.py for tasks to queue
[2025-05-07T19:35:49.787+0000] {logging_mixin.py:188} INFO - [2025-05-07T19:35:49.787+0000] {dagbag.py:538} INFO - Filling up the DagBag from /home/airflow/.local/lib/python3.8/site-packages/airflow/example_dags/example_branch_operator.py
[2025-05-07T19:35:49.803+0000] {processor.py:840} INFO - DAG(s) 'example_branch_operator' retrieved from /home/airflow/.local/lib/python3.8/site-packages/airflow/example_dags/example_branch_operator.py
[2025-05-07T19:35:49.829+0000] {logging_mixin.py:188} INFO - [2025-05-07T19:35:49.828+0000] {dag.py:3036} INFO - Sync 1 DAGs
[2025-05-07T19:35:49.851+0000] {logging_mixin.py:188} INFO - [2025-05-07T19:35:49.851+0000] {dag.py:3823} INFO - Setting next_dagrun for example_branch_operator to 2025-05-06 00:00:00+00:00, run_after=2025-05-07 00:00:00+00:00
[2025-05-07T19:35:49.869+0000] {processor.py:183} INFO - Processing /home/airflow/.local/lib/python3.8/site-packages/airflow/example_dags/example_branch_operator.py took 0.088 seconds
[2025-05-07T19:36:20.366+0000] {processor.py:161} INFO - Started process (PID=417) to work on /home/airflow/.local/lib/python3.8/site-packages/airflow/example_dags/example_branch_operator.py
[2025-05-07T19:36:20.367+0000] {processor.py:830} INFO - Processing file /home/airflow/.local/lib/python3.8/site-packages/airflow/example_dags/example_branch_operator.py for tasks to queue
[2025-05-07T19:36:20.369+0000] {logging_mixin.py:188} INFO - [2025-05-07T19:36:20.369+0000] {dagbag.py:538} INFO - Filling up the DagBag from /home/airflow/.local/lib/python3.8/site-packages/airflow/example_dags/example_branch_operator.py
[2025-05-07T19:36:20.387+0000] {processor.py:840} INFO - DAG(s) 'example_branch_operator' retrieved from /home/airflow/.local/lib/python3.8/site-packages/airflow/example_dags/example_branch_operator.py
[2025-05-07T19:36:20.413+0000] {logging_mixin.py:188} INFO - [2025-05-07T19:36:20.413+0000] {dag.py:3036} INFO - Sync 1 DAGs
[2025-05-07T19:36:20.435+0000] {logging_mixin.py:188} INFO - [2025-05-07T19:36:20.434+0000] {dag.py:3823} INFO - Setting next_dagrun for example_branch_operator to 2025-05-06 00:00:00+00:00, run_after=2025-05-07 00:00:00+00:00
[2025-05-07T19:36:20.453+0000] {processor.py:183} INFO - Processing /home/airflow/.local/lib/python3.8/site-packages/airflow/example_dags/example_branch_operator.py took 0.091 seconds
[2025-05-07T19:36:50.941+0000] {processor.py:161} INFO - Started process (PID=474) to work on /home/airflow/.local/lib/python3.8/site-packages/airflow/example_dags/example_branch_operator.py
[2025-05-07T19:36:50.944+0000] {processor.py:830} INFO - Processing file /home/airflow/.local/lib/python3.8/site-packages/airflow/example_dags/example_branch_operator.py for tasks to queue
[2025-05-07T19:36:50.948+0000] {logging_mixin.py:188} INFO - [2025-05-07T19:36:50.947+0000] {dagbag.py:538} INFO - Filling up the DagBag from /home/airflow/.local/lib/python3.8/site-packages/airflow/example_dags/example_branch_operator.py
[2025-05-07T19:36:50.973+0000] {processor.py:840} INFO - DAG(s) 'example_branch_operator' retrieved from /home/airflow/.local/lib/python3.8/site-packages/airflow/example_dags/example_branch_operator.py
[2025-05-07T19:36:51.003+0000] {logging_mixin.py:188} INFO - [2025-05-07T19:36:51.003+0000] {dag.py:3036} INFO - Sync 1 DAGs
[2025-05-07T19:36:51.034+0000] {logging_mixin.py:188} INFO - [2025-05-07T19:36:51.033+0000] {dag.py:3823} INFO - Setting next_dagrun for example_branch_operator to 2025-05-06 00:00:00+00:00, run_after=2025-05-07 00:00:00+00:00
[2025-05-07T19:36:51.057+0000] {processor.py:183} INFO - Processing /home/airflow/.local/lib/python3.8/site-packages/airflow/example_dags/example_branch_operator.py took 0.123 seconds
[2025-05-07T19:37:21.741+0000] {processor.py:161} INFO - Started process (PID=531) to work on /home/airflow/.local/lib/python3.8/site-packages/airflow/example_dags/example_branch_operator.py
[2025-05-07T19:37:21.742+0000] {processor.py:830} INFO - Processing file /home/airflow/.local/lib/python3.8/site-packages/airflow/example_dags/example_branch_operator.py for tasks to queue
[2025-05-07T19:37:21.744+0000] {logging_mixin.py:188} INFO - [2025-05-07T19:37:21.744+0000] {dagbag.py:538} INFO - Filling up the DagBag from /home/airflow/.local/lib/python3.8/site-packages/airflow/example_dags/example_branch_operator.py
[2025-05-07T19:37:21.763+0000] {processor.py:840} INFO - DAG(s) 'example_branch_operator' retrieved from /home/airflow/.local/lib/python3.8/site-packages/airflow/example_dags/example_branch_operator.py
[2025-05-07T19:37:21.791+0000] {logging_mixin.py:188} INFO - [2025-05-07T19:37:21.791+0000] {dag.py:3036} INFO - Sync 1 DAGs
[2025-05-07T19:37:21.813+0000] {logging_mixin.py:188} INFO - [2025-05-07T19:37:21.813+0000] {dag.py:3823} INFO - Setting next_dagrun for example_branch_operator to 2025-05-06 00:00:00+00:00, run_after=2025-05-07 00:00:00+00:00
[2025-05-07T19:37:21.835+0000] {processor.py:183} INFO - Processing /home/airflow/.local/lib/python3.8/site-packages/airflow/example_dags/example_branch_operator.py took 0.097 seconds
[2025-05-07T19:37:52.220+0000] {processor.py:161} INFO - Started process (PID=588) to work on /home/airflow/.local/lib/python3.8/site-packages/airflow/example_dags/example_branch_operator.py
[2025-05-07T19:37:52.222+0000] {processor.py:830} INFO - Processing file /home/airflow/.local/lib/python3.8/site-packages/airflow/example_dags/example_branch_operator.py for tasks to queue
[2025-05-07T19:37:52.225+0000] {logging_mixin.py:188} INFO - [2025-05-07T19:37:52.225+0000] {dagbag.py:538} INFO - Filling up the DagBag from /home/airflow/.local/lib/python3.8/site-packages/airflow/example_dags/example_branch_operator.py
[2025-05-07T19:37:52.242+0000] {processor.py:840} INFO - DAG(s) 'example_branch_operator' retrieved from /home/airflow/.local/lib/python3.8/site-packages/airflow/example_dags/example_branch_operator.py
[2025-05-07T19:37:52.274+0000] {logging_mixin.py:188} INFO - [2025-05-07T19:37:52.273+0000] {dag.py:3036} INFO - Sync 1 DAGs
[2025-05-07T19:37:52.297+0000] {logging_mixin.py:188} INFO - [2025-05-07T19:37:52.296+0000] {dag.py:3823} INFO - Setting next_dagrun for example_branch_operator to 2025-05-06 00:00:00+00:00, run_after=2025-05-07 00:00:00+00:00
[2025-05-07T19:37:52.317+0000] {processor.py:183} INFO - Processing /home/airflow/.local/lib/python3.8/site-packages/airflow/example_dags/example_branch_operator.py took 0.100 seconds
[2025-05-07T19:38:23.096+0000] {processor.py:161} INFO - Started process (PID=645) to work on /home/airflow/.local/lib/python3.8/site-packages/airflow/example_dags/example_branch_operator.py
[2025-05-07T19:38:23.097+0000] {processor.py:830} INFO - Processing file /home/airflow/.local/lib/python3.8/site-packages/airflow/example_dags/example_branch_operator.py for tasks to queue
[2025-05-07T19:38:23.099+0000] {logging_mixin.py:188} INFO - [2025-05-07T19:38:23.099+0000] {dagbag.py:538} INFO - Filling up the DagBag from /home/airflow/.local/lib/python3.8/site-packages/airflow/example_dags/example_branch_operator.py
[2025-05-07T19:38:23.115+0000] {processor.py:840} INFO - DAG(s) 'example_branch_operator' retrieved from /home/airflow/.local/lib/python3.8/site-packages/airflow/example_dags/example_branch_operator.py
[2025-05-07T19:38:23.143+0000] {logging_mixin.py:188} INFO - [2025-05-07T19:38:23.142+0000] {dag.py:3036} INFO - Sync 1 DAGs
[2025-05-07T19:38:23.165+0000] {logging_mixin.py:188} INFO - [2025-05-07T19:38:23.165+0000] {dag.py:3823} INFO - Setting next_dagrun for example_branch_operator to 2025-05-06 00:00:00+00:00, run_after=2025-05-07 00:00:00+00:00
[2025-05-07T19:38:23.185+0000] {processor.py:183} INFO - Processing /home/airflow/.local/lib/python3.8/site-packages/airflow/example_dags/example_branch_operator.py took 0.092 seconds
[2025-05-07T19:38:53.641+0000] {processor.py:161} INFO - Started process (PID=702) to work on /home/airflow/.local/lib/python3.8/site-packages/airflow/example_dags/example_branch_operator.py
[2025-05-07T19:38:53.643+0000] {processor.py:830} INFO - Processing file /home/airflow/.local/lib/python3.8/site-packages/airflow/example_dags/example_branch_operator.py for tasks to queue
[2025-05-07T19:38:53.645+0000] {logging_mixin.py:188} INFO - [2025-05-07T19:38:53.644+0000] {dagbag.py:538} INFO - Filling up the DagBag from /home/airflow/.local/lib/python3.8/site-packages/airflow/example_dags/example_branch_operator.py
[2025-05-07T19:38:53.661+0000] {processor.py:840} INFO - DAG(s) 'example_branch_operator' retrieved from /home/airflow/.local/lib/python3.8/site-packages/airflow/example_dags/example_branch_operator.py
[2025-05-07T19:38:53.689+0000] {logging_mixin.py:188} INFO - [2025-05-07T19:38:53.689+0000] {dag.py:3036} INFO - Sync 1 DAGs
[2025-05-07T19:38:53.712+0000] {logging_mixin.py:188} INFO - [2025-05-07T19:38:53.711+0000] {dag.py:3823} INFO - Setting next_dagrun for example_branch_operator to 2025-05-06 00:00:00+00:00, run_after=2025-05-07 00:00:00+00:00
[2025-05-07T19:38:53.732+0000] {processor.py:183} INFO - Processing /home/airflow/.local/lib/python3.8/site-packages/airflow/example_dags/example_branch_operator.py took 0.094 seconds
[2025-05-07T19:39:24.003+0000] {processor.py:161} INFO - Started process (PID=759) to work on /home/airflow/.local/lib/python3.8/site-packages/airflow/example_dags/example_branch_operator.py
[2025-05-07T19:39:24.006+0000] {processor.py:830} INFO - Processing file /home/airflow/.local/lib/python3.8/site-packages/airflow/example_dags/example_branch_operator.py for tasks to queue
[2025-05-07T19:39:24.011+0000] {logging_mixin.py:188} INFO - [2025-05-07T19:39:24.010+0000] {dagbag.py:538} INFO - Filling up the DagBag from /home/airflow/.local/lib/python3.8/site-packages/airflow/example_dags/example_branch_operator.py
[2025-05-07T19:39:24.029+0000] {processor.py:840} INFO - DAG(s) 'example_branch_operator' retrieved from /home/airflow/.local/lib/python3.8/site-packages/airflow/example_dags/example_branch_operator.py
[2025-05-07T19:39:24.066+0000] {logging_mixin.py:188} INFO - [2025-05-07T19:39:24.066+0000] {dag.py:3036} INFO - Sync 1 DAGs
[2025-05-07T19:39:24.089+0000] {logging_mixin.py:188} INFO - [2025-05-07T19:39:24.089+0000] {dag.py:3823} INFO - Setting next_dagrun for example_branch_operator to 2025-05-06 00:00:00+00:00, run_after=2025-05-07 00:00:00+00:00
[2025-05-07T19:39:24.111+0000] {processor.py:183} INFO - Processing /home/airflow/.local/lib/python3.8/site-packages/airflow/example_dags/example_branch_operator.py took 0.114 seconds
[2025-05-07T19:39:54.357+0000] {processor.py:161} INFO - Started process (PID=816) to work on /home/airflow/.local/lib/python3.8/site-packages/airflow/example_dags/example_branch_operator.py
[2025-05-07T19:39:54.359+0000] {processor.py:830} INFO - Processing file /home/airflow/.local/lib/python3.8/site-packages/airflow/example_dags/example_branch_operator.py for tasks to queue
[2025-05-07T19:39:54.361+0000] {logging_mixin.py:188} INFO - [2025-05-07T19:39:54.361+0000] {dagbag.py:538} INFO - Filling up the DagBag from /home/airflow/.local/lib/python3.8/site-packages/airflow/example_dags/example_branch_operator.py
[2025-05-07T19:39:54.380+0000] {processor.py:840} INFO - DAG(s) 'example_branch_operator' retrieved from /home/airflow/.local/lib/python3.8/site-packages/airflow/example_dags/example_branch_operator.py
[2025-05-07T19:39:54.414+0000] {logging_mixin.py:188} INFO - [2025-05-07T19:39:54.414+0000] {dag.py:3036} INFO - Sync 1 DAGs
[2025-05-07T19:39:54.439+0000] {logging_mixin.py:188} INFO - [2025-05-07T19:39:54.439+0000] {dag.py:3823} INFO - Setting next_dagrun for example_branch_operator to 2025-05-06 00:00:00+00:00, run_after=2025-05-07 00:00:00+00:00
[2025-05-07T19:39:54.458+0000] {processor.py:183} INFO - Processing /home/airflow/.local/lib/python3.8/site-packages/airflow/example_dags/example_branch_operator.py took 0.105 seconds
[2025-05-07T19:40:24.692+0000] {processor.py:161} INFO - Started process (PID=873) to work on /home/airflow/.local/lib/python3.8/site-packages/airflow/example_dags/example_branch_operator.py
[2025-05-07T19:40:24.694+0000] {processor.py:830} INFO - Processing file /home/airflow/.local/lib/python3.8/site-packages/airflow/example_dags/example_branch_operator.py for tasks to queue
[2025-05-07T19:40:24.697+0000] {logging_mixin.py:188} INFO - [2025-05-07T19:40:24.696+0000] {dagbag.py:538} INFO - Filling up the DagBag from /home/airflow/.local/lib/python3.8/site-packages/airflow/example_dags/example_branch_operator.py
[2025-05-07T19:40:24.716+0000] {processor.py:840} INFO - DAG(s) 'example_branch_operator' retrieved from /home/airflow/.local/lib/python3.8/site-packages/airflow/example_dags/example_branch_operator.py
[2025-05-07T19:40:24.750+0000] {logging_mixin.py:188} INFO - [2025-05-07T19:40:24.750+0000] {dag.py:3036} INFO - Sync 1 DAGs
[2025-05-07T19:40:24.775+0000] {logging_mixin.py:188} INFO - [2025-05-07T19:40:24.775+0000] {dag.py:3823} INFO - Setting next_dagrun for example_branch_operator to 2025-05-06 00:00:00+00:00, run_after=2025-05-07 00:00:00+00:00
[2025-05-07T19:40:24.802+0000] {processor.py:183} INFO - Processing /home/airflow/.local/lib/python3.8/site-packages/airflow/example_dags/example_branch_operator.py took 0.113 seconds
[2025-05-07T19:40:55.473+0000] {processor.py:161} INFO - Started process (PID=930) to work on /home/airflow/.local/lib/python3.8/site-packages/airflow/example_dags/example_branch_operator.py
[2025-05-07T19:40:55.474+0000] {processor.py:830} INFO - Processing file /home/airflow/.local/lib/python3.8/site-packages/airflow/example_dags/example_branch_operator.py for tasks to queue
[2025-05-07T19:40:55.476+0000] {logging_mixin.py:188} INFO - [2025-05-07T19:40:55.476+0000] {dagbag.py:538} INFO - Filling up the DagBag from /home/airflow/.local/lib/python3.8/site-packages/airflow/example_dags/example_branch_operator.py
[2025-05-07T19:40:55.499+0000] {processor.py:840} INFO - DAG(s) 'example_branch_operator' retrieved from /home/airflow/.local/lib/python3.8/site-packages/airflow/example_dags/example_branch_operator.py
[2025-05-07T19:40:55.529+0000] {logging_mixin.py:188} INFO - [2025-05-07T19:40:55.529+0000] {dag.py:3036} INFO - Sync 1 DAGs
[2025-05-07T19:40:55.551+0000] {logging_mixin.py:188} INFO - [2025-05-07T19:40:55.551+0000] {dag.py:3823} INFO - Setting next_dagrun for example_branch_operator to 2025-05-06 00:00:00+00:00, run_after=2025-05-07 00:00:00+00:00
[2025-05-07T19:40:55.570+0000] {processor.py:183} INFO - Processing /home/airflow/.local/lib/python3.8/site-packages/airflow/example_dags/example_branch_operator.py took 0.101 seconds
[2025-05-07T19:41:25.909+0000] {processor.py:161} INFO - Started process (PID=987) to work on /home/airflow/.local/lib/python3.8/site-packages/airflow/example_dags/example_branch_operator.py
[2025-05-07T19:41:25.913+0000] {processor.py:830} INFO - Processing file /home/airflow/.local/lib/python3.8/site-packages/airflow/example_dags/example_branch_operator.py for tasks to queue
[2025-05-07T19:41:25.915+0000] {logging_mixin.py:188} INFO - [2025-05-07T19:41:25.915+0000] {dagbag.py:538} INFO - Filling up the DagBag from /home/airflow/.local/lib/python3.8/site-packages/airflow/example_dags/example_branch_operator.py
[2025-05-07T19:41:25.932+0000] {processor.py:840} INFO - DAG(s) 'example_branch_operator' retrieved from /home/airflow/.local/lib/python3.8/site-packages/airflow/example_dags/example_branch_operator.py
[2025-05-07T19:41:25.960+0000] {logging_mixin.py:188} INFO - [2025-05-07T19:41:25.959+0000] {dag.py:3036} INFO - Sync 1 DAGs
[2025-05-07T19:41:25.985+0000] {logging_mixin.py:188} INFO - [2025-05-07T19:41:25.985+0000] {dag.py:3823} INFO - Setting next_dagrun for example_branch_operator to 2025-05-06 00:00:00+00:00, run_after=2025-05-07 00:00:00+00:00
[2025-05-07T19:41:26.006+0000] {processor.py:183} INFO - Processing /home/airflow/.local/lib/python3.8/site-packages/airflow/example_dags/example_branch_operator.py took 0.100 seconds
[2025-05-07T19:41:56.424+0000] {processor.py:161} INFO - Started process (PID=1044) to work on /home/airflow/.local/lib/python3.8/site-packages/airflow/example_dags/example_branch_operator.py
[2025-05-07T19:41:56.426+0000] {processor.py:830} INFO - Processing file /home/airflow/.local/lib/python3.8/site-packages/airflow/example_dags/example_branch_operator.py for tasks to queue
[2025-05-07T19:41:56.428+0000] {logging_mixin.py:188} INFO - [2025-05-07T19:41:56.428+0000] {dagbag.py:538} INFO - Filling up the DagBag from /home/airflow/.local/lib/python3.8/site-packages/airflow/example_dags/example_branch_operator.py
[2025-05-07T19:41:56.445+0000] {processor.py:840} INFO - DAG(s) 'example_branch_operator' retrieved from /home/airflow/.local/lib/python3.8/site-packages/airflow/example_dags/example_branch_operator.py
[2025-05-07T19:41:56.474+0000] {logging_mixin.py:188} INFO - [2025-05-07T19:41:56.473+0000] {dag.py:3036} INFO - Sync 1 DAGs
[2025-05-07T19:41:56.498+0000] {logging_mixin.py:188} INFO - [2025-05-07T19:41:56.498+0000] {dag.py:3823} INFO - Setting next_dagrun for example_branch_operator to 2025-05-06 00:00:00+00:00, run_after=2025-05-07 00:00:00+00:00
[2025-05-07T19:41:56.519+0000] {processor.py:183} INFO - Processing /home/airflow/.local/lib/python3.8/site-packages/airflow/example_dags/example_branch_operator.py took 0.098 seconds
[2025-05-07T19:42:27.268+0000] {processor.py:161} INFO - Started process (PID=1101) to work on /home/airflow/.local/lib/python3.8/site-packages/airflow/example_dags/example_branch_operator.py
[2025-05-07T19:42:27.269+0000] {processor.py:830} INFO - Processing file /home/airflow/.local/lib/python3.8/site-packages/airflow/example_dags/example_branch_operator.py for tasks to queue
[2025-05-07T19:42:27.271+0000] {logging_mixin.py:188} INFO - [2025-05-07T19:42:27.271+0000] {dagbag.py:538} INFO - Filling up the DagBag from /home/airflow/.local/lib/python3.8/site-packages/airflow/example_dags/example_branch_operator.py
[2025-05-07T19:42:27.291+0000] {processor.py:840} INFO - DAG(s) 'example_branch_operator' retrieved from /home/airflow/.local/lib/python3.8/site-packages/airflow/example_dags/example_branch_operator.py
[2025-05-07T19:42:27.322+0000] {logging_mixin.py:188} INFO - [2025-05-07T19:42:27.321+0000] {dag.py:3036} INFO - Sync 1 DAGs
[2025-05-07T19:42:27.347+0000] {logging_mixin.py:188} INFO - [2025-05-07T19:42:27.346+0000] {dag.py:3823} INFO - Setting next_dagrun for example_branch_operator to 2025-05-06 00:00:00+00:00, run_after=2025-05-07 00:00:00+00:00
[2025-05-07T19:42:27.369+0000] {processor.py:183} INFO - Processing /home/airflow/.local/lib/python3.8/site-packages/airflow/example_dags/example_branch_operator.py took 0.105 seconds
[2025-05-07T19:42:57.957+0000] {processor.py:161} INFO - Started process (PID=1158) to work on /home/airflow/.local/lib/python3.8/site-packages/airflow/example_dags/example_branch_operator.py
[2025-05-07T19:42:57.959+0000] {processor.py:830} INFO - Processing file /home/airflow/.local/lib/python3.8/site-packages/airflow/example_dags/example_branch_operator.py for tasks to queue
[2025-05-07T19:42:57.962+0000] {logging_mixin.py:188} INFO - [2025-05-07T19:42:57.962+0000] {dagbag.py:538} INFO - Filling up the DagBag from /home/airflow/.local/lib/python3.8/site-packages/airflow/example_dags/example_branch_operator.py
[2025-05-07T19:42:57.979+0000] {processor.py:840} INFO - DAG(s) 'example_branch_operator' retrieved from /home/airflow/.local/lib/python3.8/site-packages/airflow/example_dags/example_branch_operator.py
[2025-05-07T19:42:58.016+0000] {logging_mixin.py:188} INFO - [2025-05-07T19:42:58.016+0000] {dag.py:3036} INFO - Sync 1 DAGs
[2025-05-07T19:42:58.044+0000] {logging_mixin.py:188} INFO - [2025-05-07T19:42:58.043+0000] {dag.py:3823} INFO - Setting next_dagrun for example_branch_operator to 2025-05-06 00:00:00+00:00, run_after=2025-05-07 00:00:00+00:00
[2025-05-07T19:42:58.068+0000] {processor.py:183} INFO - Processing /home/airflow/.local/lib/python3.8/site-packages/airflow/example_dags/example_branch_operator.py took 0.114 seconds
[2025-05-07T19:43:28.254+0000] {processor.py:161} INFO - Started process (PID=1215) to work on /home/airflow/.local/lib/python3.8/site-packages/airflow/example_dags/example_branch_operator.py
[2025-05-07T19:43:28.256+0000] {processor.py:830} INFO - Processing file /home/airflow/.local/lib/python3.8/site-packages/airflow/example_dags/example_branch_operator.py for tasks to queue
[2025-05-07T19:43:28.262+0000] {logging_mixin.py:188} INFO - [2025-05-07T19:43:28.262+0000] {dagbag.py:538} INFO - Filling up the DagBag from /home/airflow/.local/lib/python3.8/site-packages/airflow/example_dags/example_branch_operator.py
[2025-05-07T19:43:28.279+0000] {processor.py:840} INFO - DAG(s) 'example_branch_operator' retrieved from /home/airflow/.local/lib/python3.8/site-packages/airflow/example_dags/example_branch_operator.py
[2025-05-07T19:43:28.305+0000] {logging_mixin.py:188} INFO - [2025-05-07T19:43:28.304+0000] {dag.py:3036} INFO - Sync 1 DAGs
[2025-05-07T19:43:28.326+0000] {logging_mixin.py:188} INFO - [2025-05-07T19:43:28.326+0000] {dag.py:3823} INFO - Setting next_dagrun for example_branch_operator to 2025-05-06 00:00:00+00:00, run_after=2025-05-07 00:00:00+00:00
[2025-05-07T19:43:28.348+0000] {processor.py:183} INFO - Processing /home/airflow/.local/lib/python3.8/site-packages/airflow/example_dags/example_branch_operator.py took 0.098 seconds
[2025-05-07T19:43:58.517+0000] {processor.py:161} INFO - Started process (PID=1272) to work on /home/airflow/.local/lib/python3.8/site-packages/airflow/example_dags/example_branch_operator.py
[2025-05-07T19:43:58.521+0000] {processor.py:830} INFO - Processing file /home/airflow/.local/lib/python3.8/site-packages/airflow/example_dags/example_branch_operator.py for tasks to queue
[2025-05-07T19:43:58.525+0000] {logging_mixin.py:188} INFO - [2025-05-07T19:43:58.524+0000] {dagbag.py:538} INFO - Filling up the DagBag from /home/airflow/.local/lib/python3.8/site-packages/airflow/example_dags/example_branch_operator.py
[2025-05-07T19:43:58.543+0000] {processor.py:840} INFO - DAG(s) 'example_branch_operator' retrieved from /home/airflow/.local/lib/python3.8/site-packages/airflow/example_dags/example_branch_operator.py
[2025-05-07T19:43:58.571+0000] {logging_mixin.py:188} INFO - [2025-05-07T19:43:58.571+0000] {dag.py:3036} INFO - Sync 1 DAGs
[2025-05-07T19:43:58.595+0000] {logging_mixin.py:188} INFO - [2025-05-07T19:43:58.594+0000] {dag.py:3823} INFO - Setting next_dagrun for example_branch_operator to 2025-05-06 00:00:00+00:00, run_after=2025-05-07 00:00:00+00:00
[2025-05-07T19:43:58.615+0000] {processor.py:183} INFO - Processing /home/airflow/.local/lib/python3.8/site-packages/airflow/example_dags/example_branch_operator.py took 0.102 seconds
[2025-05-07T19:44:28.985+0000] {processor.py:161} INFO - Started process (PID=1329) to work on /home/airflow/.local/lib/python3.8/site-packages/airflow/example_dags/example_branch_operator.py
[2025-05-07T19:44:28.987+0000] {processor.py:830} INFO - Processing file /home/airflow/.local/lib/python3.8/site-packages/airflow/example_dags/example_branch_operator.py for tasks to queue
[2025-05-07T19:44:28.989+0000] {logging_mixin.py:188} INFO - [2025-05-07T19:44:28.989+0000] {dagbag.py:538} INFO - Filling up the DagBag from /home/airflow/.local/lib/python3.8/site-packages/airflow/example_dags/example_branch_operator.py
[2025-05-07T19:44:29.006+0000] {processor.py:840} INFO - DAG(s) 'example_branch_operator' retrieved from /home/airflow/.local/lib/python3.8/site-packages/airflow/example_dags/example_branch_operator.py
[2025-05-07T19:44:29.032+0000] {logging_mixin.py:188} INFO - [2025-05-07T19:44:29.031+0000] {dag.py:3036} INFO - Sync 1 DAGs
[2025-05-07T19:44:29.054+0000] {logging_mixin.py:188} INFO - [2025-05-07T19:44:29.054+0000] {dag.py:3823} INFO - Setting next_dagrun for example_branch_operator to 2025-05-06 00:00:00+00:00, run_after=2025-05-07 00:00:00+00:00
[2025-05-07T19:44:29.078+0000] {processor.py:183} INFO - Processing /home/airflow/.local/lib/python3.8/site-packages/airflow/example_dags/example_branch_operator.py took 0.096 seconds
[2025-05-07T19:44:59.424+0000] {processor.py:161} INFO - Started process (PID=1386) to work on /home/airflow/.local/lib/python3.8/site-packages/airflow/example_dags/example_branch_operator.py
[2025-05-07T19:44:59.427+0000] {processor.py:830} INFO - Processing file /home/airflow/.local/lib/python3.8/site-packages/airflow/example_dags/example_branch_operator.py for tasks to queue
[2025-05-07T19:44:59.431+0000] {logging_mixin.py:188} INFO - [2025-05-07T19:44:59.430+0000] {dagbag.py:538} INFO - Filling up the DagBag from /home/airflow/.local/lib/python3.8/site-packages/airflow/example_dags/example_branch_operator.py
[2025-05-07T19:44:59.451+0000] {processor.py:840} INFO - DAG(s) 'example_branch_operator' retrieved from /home/airflow/.local/lib/python3.8/site-packages/airflow/example_dags/example_branch_operator.py
[2025-05-07T19:44:59.480+0000] {logging_mixin.py:188} INFO - [2025-05-07T19:44:59.480+0000] {dag.py:3036} INFO - Sync 1 DAGs
[2025-05-07T19:44:59.504+0000] {logging_mixin.py:188} INFO - [2025-05-07T19:44:59.503+0000] {dag.py:3823} INFO - Setting next_dagrun for example_branch_operator to 2025-05-06 00:00:00+00:00, run_after=2025-05-07 00:00:00+00:00
[2025-05-07T19:44:59.536+0000] {processor.py:183} INFO - Processing /home/airflow/.local/lib/python3.8/site-packages/airflow/example_dags/example_branch_operator.py took 0.116 seconds
[2025-05-07T19:45:30.065+0000] {processor.py:161} INFO - Started process (PID=1443) to work on /home/airflow/.local/lib/python3.8/site-packages/airflow/example_dags/example_branch_operator.py
[2025-05-07T19:45:30.067+0000] {processor.py:830} INFO - Processing file /home/airflow/.local/lib/python3.8/site-packages/airflow/example_dags/example_branch_operator.py for tasks to queue
[2025-05-07T19:45:30.069+0000] {logging_mixin.py:188} INFO - [2025-05-07T19:45:30.069+0000] {dagbag.py:538} INFO - Filling up the DagBag from /home/airflow/.local/lib/python3.8/site-packages/airflow/example_dags/example_branch_operator.py
[2025-05-07T19:45:30.087+0000] {processor.py:840} INFO - DAG(s) 'example_branch_operator' retrieved from /home/airflow/.local/lib/python3.8/site-packages/airflow/example_dags/example_branch_operator.py
[2025-05-07T19:45:30.119+0000] {logging_mixin.py:188} INFO - [2025-05-07T19:45:30.119+0000] {dag.py:3036} INFO - Sync 1 DAGs
[2025-05-07T19:45:30.146+0000] {logging_mixin.py:188} INFO - [2025-05-07T19:45:30.146+0000] {dag.py:3823} INFO - Setting next_dagrun for example_branch_operator to 2025-05-06 00:00:00+00:00, run_after=2025-05-07 00:00:00+00:00
[2025-05-07T19:45:30.168+0000] {processor.py:183} INFO - Processing /home/airflow/.local/lib/python3.8/site-packages/airflow/example_dags/example_branch_operator.py took 0.106 seconds
[2025-05-07T19:46:00.826+0000] {processor.py:161} INFO - Started process (PID=1500) to work on /home/airflow/.local/lib/python3.8/site-packages/airflow/example_dags/example_branch_operator.py
[2025-05-07T19:46:00.828+0000] {processor.py:830} INFO - Processing file /home/airflow/.local/lib/python3.8/site-packages/airflow/example_dags/example_branch_operator.py for tasks to queue
[2025-05-07T19:46:00.830+0000] {logging_mixin.py:188} INFO - [2025-05-07T19:46:00.830+0000] {dagbag.py:538} INFO - Filling up the DagBag from /home/airflow/.local/lib/python3.8/site-packages/airflow/example_dags/example_branch_operator.py
[2025-05-07T19:46:00.850+0000] {processor.py:840} INFO - DAG(s) 'example_branch_operator' retrieved from /home/airflow/.local/lib/python3.8/site-packages/airflow/example_dags/example_branch_operator.py
[2025-05-07T19:46:00.880+0000] {logging_mixin.py:188} INFO - [2025-05-07T19:46:00.880+0000] {dag.py:3036} INFO - Sync 1 DAGs
[2025-05-07T19:46:00.904+0000] {logging_mixin.py:188} INFO - [2025-05-07T19:46:00.904+0000] {dag.py:3823} INFO - Setting next_dagrun for example_branch_operator to 2025-05-06 00:00:00+00:00, run_after=2025-05-07 00:00:00+00:00
[2025-05-07T19:46:00.924+0000] {processor.py:183} INFO - Processing /home/airflow/.local/lib/python3.8/site-packages/airflow/example_dags/example_branch_operator.py took 0.102 seconds
[2025-05-07T19:46:31.161+0000] {processor.py:161} INFO - Started process (PID=1557) to work on /home/airflow/.local/lib/python3.8/site-packages/airflow/example_dags/example_branch_operator.py
[2025-05-07T19:46:31.162+0000] {processor.py:830} INFO - Processing file /home/airflow/.local/lib/python3.8/site-packages/airflow/example_dags/example_branch_operator.py for tasks to queue
[2025-05-07T19:46:31.164+0000] {logging_mixin.py:188} INFO - [2025-05-07T19:46:31.164+0000] {dagbag.py:538} INFO - Filling up the DagBag from /home/airflow/.local/lib/python3.8/site-packages/airflow/example_dags/example_branch_operator.py
[2025-05-07T19:46:31.181+0000] {processor.py:840} INFO - DAG(s) 'example_branch_operator' retrieved from /home/airflow/.local/lib/python3.8/site-packages/airflow/example_dags/example_branch_operator.py
[2025-05-07T19:46:31.213+0000] {logging_mixin.py:188} INFO - [2025-05-07T19:46:31.213+0000] {dag.py:3036} INFO - Sync 1 DAGs
[2025-05-07T19:46:31.237+0000] {logging_mixin.py:188} INFO - [2025-05-07T19:46:31.237+0000] {dag.py:3823} INFO - Setting next_dagrun for example_branch_operator to 2025-05-06 00:00:00+00:00, run_after=2025-05-07 00:00:00+00:00
[2025-05-07T19:46:31.270+0000] {processor.py:183} INFO - Processing /home/airflow/.local/lib/python3.8/site-packages/airflow/example_dags/example_branch_operator.py took 0.112 seconds
[2025-05-07T19:47:01.900+0000] {processor.py:161} INFO - Started process (PID=1615) to work on /home/airflow/.local/lib/python3.8/site-packages/airflow/example_dags/example_branch_operator.py
[2025-05-07T19:47:01.901+0000] {processor.py:830} INFO - Processing file /home/airflow/.local/lib/python3.8/site-packages/airflow/example_dags/example_branch_operator.py for tasks to queue
[2025-05-07T19:47:01.904+0000] {logging_mixin.py:188} INFO - [2025-05-07T19:47:01.904+0000] {dagbag.py:538} INFO - Filling up the DagBag from /home/airflow/.local/lib/python3.8/site-packages/airflow/example_dags/example_branch_operator.py
[2025-05-07T19:47:01.924+0000] {processor.py:840} INFO - DAG(s) 'example_branch_operator' retrieved from /home/airflow/.local/lib/python3.8/site-packages/airflow/example_dags/example_branch_operator.py
[2025-05-07T19:47:01.958+0000] {logging_mixin.py:188} INFO - [2025-05-07T19:47:01.958+0000] {dag.py:3036} INFO - Sync 1 DAGs
[2025-05-07T19:47:01.985+0000] {logging_mixin.py:188} INFO - [2025-05-07T19:47:01.985+0000] {dag.py:3823} INFO - Setting next_dagrun for example_branch_operator to 2025-05-06 00:00:00+00:00, run_after=2025-05-07 00:00:00+00:00
[2025-05-07T19:47:02.010+0000] {processor.py:183} INFO - Processing /home/airflow/.local/lib/python3.8/site-packages/airflow/example_dags/example_branch_operator.py took 0.114 seconds
[2025-05-07T19:47:32.248+0000] {processor.py:161} INFO - Started process (PID=1672) to work on /home/airflow/.local/lib/python3.8/site-packages/airflow/example_dags/example_branch_operator.py
[2025-05-07T19:47:32.250+0000] {processor.py:830} INFO - Processing file /home/airflow/.local/lib/python3.8/site-packages/airflow/example_dags/example_branch_operator.py for tasks to queue
[2025-05-07T19:47:32.253+0000] {logging_mixin.py:188} INFO - [2025-05-07T19:47:32.252+0000] {dagbag.py:538} INFO - Filling up the DagBag from /home/airflow/.local/lib/python3.8/site-packages/airflow/example_dags/example_branch_operator.py
[2025-05-07T19:47:32.277+0000] {processor.py:840} INFO - DAG(s) 'example_branch_operator' retrieved from /home/airflow/.local/lib/python3.8/site-packages/airflow/example_dags/example_branch_operator.py
[2025-05-07T19:47:32.306+0000] {logging_mixin.py:188} INFO - [2025-05-07T19:47:32.306+0000] {dag.py:3036} INFO - Sync 1 DAGs
[2025-05-07T19:47:32.332+0000] {logging_mixin.py:188} INFO - [2025-05-07T19:47:32.331+0000] {dag.py:3823} INFO - Setting next_dagrun for example_branch_operator to 2025-05-06 00:00:00+00:00, run_after=2025-05-07 00:00:00+00:00
[2025-05-07T19:47:32.354+0000] {processor.py:183} INFO - Processing /home/airflow/.local/lib/python3.8/site-packages/airflow/example_dags/example_branch_operator.py took 0.113 seconds
[2025-05-07T19:48:02.830+0000] {processor.py:161} INFO - Started process (PID=1729) to work on /home/airflow/.local/lib/python3.8/site-packages/airflow/example_dags/example_branch_operator.py
[2025-05-07T19:48:02.833+0000] {processor.py:830} INFO - Processing file /home/airflow/.local/lib/python3.8/site-packages/airflow/example_dags/example_branch_operator.py for tasks to queue
[2025-05-07T19:48:02.835+0000] {logging_mixin.py:188} INFO - [2025-05-07T19:48:02.835+0000] {dagbag.py:538} INFO - Filling up the DagBag from /home/airflow/.local/lib/python3.8/site-packages/airflow/example_dags/example_branch_operator.py
[2025-05-07T19:48:02.852+0000] {processor.py:840} INFO - DAG(s) 'example_branch_operator' retrieved from /home/airflow/.local/lib/python3.8/site-packages/airflow/example_dags/example_branch_operator.py
[2025-05-07T19:48:02.880+0000] {logging_mixin.py:188} INFO - [2025-05-07T19:48:02.880+0000] {dag.py:3036} INFO - Sync 1 DAGs
[2025-05-07T19:48:02.902+0000] {logging_mixin.py:188} INFO - [2025-05-07T19:48:02.902+0000] {dag.py:3823} INFO - Setting next_dagrun for example_branch_operator to 2025-05-06 00:00:00+00:00, run_after=2025-05-07 00:00:00+00:00
[2025-05-07T19:48:02.922+0000] {processor.py:183} INFO - Processing /home/airflow/.local/lib/python3.8/site-packages/airflow/example_dags/example_branch_operator.py took 0.094 seconds
[2025-05-07T19:48:33.558+0000] {processor.py:161} INFO - Started process (PID=1786) to work on /home/airflow/.local/lib/python3.8/site-packages/airflow/example_dags/example_branch_operator.py
[2025-05-07T19:48:33.559+0000] {processor.py:830} INFO - Processing file /home/airflow/.local/lib/python3.8/site-packages/airflow/example_dags/example_branch_operator.py for tasks to queue
[2025-05-07T19:48:33.562+0000] {logging_mixin.py:188} INFO - [2025-05-07T19:48:33.561+0000] {dagbag.py:538} INFO - Filling up the DagBag from /home/airflow/.local/lib/python3.8/site-packages/airflow/example_dags/example_branch_operator.py
[2025-05-07T19:48:33.578+0000] {processor.py:840} INFO - DAG(s) 'example_branch_operator' retrieved from /home/airflow/.local/lib/python3.8/site-packages/airflow/example_dags/example_branch_operator.py
[2025-05-07T19:48:33.604+0000] {logging_mixin.py:188} INFO - [2025-05-07T19:48:33.604+0000] {dag.py:3036} INFO - Sync 1 DAGs
[2025-05-07T19:48:33.625+0000] {logging_mixin.py:188} INFO - [2025-05-07T19:48:33.625+0000] {dag.py:3823} INFO - Setting next_dagrun for example_branch_operator to 2025-05-06 00:00:00+00:00, run_after=2025-05-07 00:00:00+00:00
[2025-05-07T19:48:33.644+0000] {processor.py:183} INFO - Processing /home/airflow/.local/lib/python3.8/site-packages/airflow/example_dags/example_branch_operator.py took 0.089 seconds
[2025-05-07T19:49:04.066+0000] {processor.py:161} INFO - Started process (PID=1842) to work on /home/airflow/.local/lib/python3.8/site-packages/airflow/example_dags/example_branch_operator.py
[2025-05-07T19:49:04.068+0000] {processor.py:830} INFO - Processing file /home/airflow/.local/lib/python3.8/site-packages/airflow/example_dags/example_branch_operator.py for tasks to queue
[2025-05-07T19:49:04.070+0000] {logging_mixin.py:188} INFO - [2025-05-07T19:49:04.070+0000] {dagbag.py:538} INFO - Filling up the DagBag from /home/airflow/.local/lib/python3.8/site-packages/airflow/example_dags/example_branch_operator.py
[2025-05-07T19:49:04.088+0000] {processor.py:840} INFO - DAG(s) 'example_branch_operator' retrieved from /home/airflow/.local/lib/python3.8/site-packages/airflow/example_dags/example_branch_operator.py
[2025-05-07T19:49:04.116+0000] {logging_mixin.py:188} INFO - [2025-05-07T19:49:04.116+0000] {dag.py:3036} INFO - Sync 1 DAGs
[2025-05-07T19:49:04.136+0000] {logging_mixin.py:188} INFO - [2025-05-07T19:49:04.136+0000] {dag.py:3823} INFO - Setting next_dagrun for example_branch_operator to 2025-05-06 00:00:00+00:00, run_after=2025-05-07 00:00:00+00:00
[2025-05-07T19:49:04.155+0000] {processor.py:183} INFO - Processing /home/airflow/.local/lib/python3.8/site-packages/airflow/example_dags/example_branch_operator.py took 0.094 seconds
[2025-05-07T19:49:34.578+0000] {processor.py:161} INFO - Started process (PID=1899) to work on /home/airflow/.local/lib/python3.8/site-packages/airflow/example_dags/example_branch_operator.py
[2025-05-07T19:49:34.582+0000] {processor.py:830} INFO - Processing file /home/airflow/.local/lib/python3.8/site-packages/airflow/example_dags/example_branch_operator.py for tasks to queue
[2025-05-07T19:49:34.585+0000] {logging_mixin.py:188} INFO - [2025-05-07T19:49:34.585+0000] {dagbag.py:538} INFO - Filling up the DagBag from /home/airflow/.local/lib/python3.8/site-packages/airflow/example_dags/example_branch_operator.py
[2025-05-07T19:49:34.603+0000] {processor.py:840} INFO - DAG(s) 'example_branch_operator' retrieved from /home/airflow/.local/lib/python3.8/site-packages/airflow/example_dags/example_branch_operator.py
[2025-05-07T19:49:34.636+0000] {logging_mixin.py:188} INFO - [2025-05-07T19:49:34.636+0000] {dag.py:3036} INFO - Sync 1 DAGs
[2025-05-07T19:49:34.658+0000] {logging_mixin.py:188} INFO - [2025-05-07T19:49:34.657+0000] {dag.py:3823} INFO - Setting next_dagrun for example_branch_operator to 2025-05-06 00:00:00+00:00, run_after=2025-05-07 00:00:00+00:00
[2025-05-07T19:49:34.684+0000] {processor.py:183} INFO - Processing /home/airflow/.local/lib/python3.8/site-packages/airflow/example_dags/example_branch_operator.py took 0.112 seconds
[2025-05-07T19:50:05.270+0000] {processor.py:161} INFO - Started process (PID=1956) to work on /home/airflow/.local/lib/python3.8/site-packages/airflow/example_dags/example_branch_operator.py
[2025-05-07T19:50:05.272+0000] {processor.py:830} INFO - Processing file /home/airflow/.local/lib/python3.8/site-packages/airflow/example_dags/example_branch_operator.py for tasks to queue
[2025-05-07T19:50:05.274+0000] {logging_mixin.py:188} INFO - [2025-05-07T19:50:05.273+0000] {dagbag.py:538} INFO - Filling up the DagBag from /home/airflow/.local/lib/python3.8/site-packages/airflow/example_dags/example_branch_operator.py
[2025-05-07T19:50:05.290+0000] {processor.py:840} INFO - DAG(s) 'example_branch_operator' retrieved from /home/airflow/.local/lib/python3.8/site-packages/airflow/example_dags/example_branch_operator.py
[2025-05-07T19:50:05.317+0000] {logging_mixin.py:188} INFO - [2025-05-07T19:50:05.317+0000] {dag.py:3036} INFO - Sync 1 DAGs
[2025-05-07T19:50:05.342+0000] {logging_mixin.py:188} INFO - [2025-05-07T19:50:05.342+0000] {dag.py:3823} INFO - Setting next_dagrun for example_branch_operator to 2025-05-06 00:00:00+00:00, run_after=2025-05-07 00:00:00+00:00
[2025-05-07T19:50:05.366+0000] {processor.py:183} INFO - Processing /home/airflow/.local/lib/python3.8/site-packages/airflow/example_dags/example_branch_operator.py took 0.099 seconds
[2025-05-07T19:50:35.964+0000] {processor.py:161} INFO - Started process (PID=2013) to work on /home/airflow/.local/lib/python3.8/site-packages/airflow/example_dags/example_branch_operator.py
[2025-05-07T19:50:35.966+0000] {processor.py:830} INFO - Processing file /home/airflow/.local/lib/python3.8/site-packages/airflow/example_dags/example_branch_operator.py for tasks to queue
[2025-05-07T19:50:35.968+0000] {logging_mixin.py:188} INFO - [2025-05-07T19:50:35.968+0000] {dagbag.py:538} INFO - Filling up the DagBag from /home/airflow/.local/lib/python3.8/site-packages/airflow/example_dags/example_branch_operator.py
[2025-05-07T19:50:35.986+0000] {processor.py:840} INFO - DAG(s) 'example_branch_operator' retrieved from /home/airflow/.local/lib/python3.8/site-packages/airflow/example_dags/example_branch_operator.py
[2025-05-07T19:50:36.015+0000] {logging_mixin.py:188} INFO - [2025-05-07T19:50:36.014+0000] {dag.py:3036} INFO - Sync 1 DAGs
[2025-05-07T19:50:36.036+0000] {logging_mixin.py:188} INFO - [2025-05-07T19:50:36.036+0000] {dag.py:3823} INFO - Setting next_dagrun for example_branch_operator to 2025-05-06 00:00:00+00:00, run_after=2025-05-07 00:00:00+00:00
[2025-05-07T19:50:36.057+0000] {processor.py:183} INFO - Processing /home/airflow/.local/lib/python3.8/site-packages/airflow/example_dags/example_branch_operator.py took 0.096 seconds
[2025-05-07T19:51:06.628+0000] {processor.py:161} INFO - Started process (PID=2070) to work on /home/airflow/.local/lib/python3.8/site-packages/airflow/example_dags/example_branch_operator.py
[2025-05-07T19:51:06.629+0000] {processor.py:830} INFO - Processing file /home/airflow/.local/lib/python3.8/site-packages/airflow/example_dags/example_branch_operator.py for tasks to queue
[2025-05-07T19:51:06.631+0000] {logging_mixin.py:188} INFO - [2025-05-07T19:51:06.631+0000] {dagbag.py:538} INFO - Filling up the DagBag from /home/airflow/.local/lib/python3.8/site-packages/airflow/example_dags/example_branch_operator.py
[2025-05-07T19:51:06.649+0000] {processor.py:840} INFO - DAG(s) 'example_branch_operator' retrieved from /home/airflow/.local/lib/python3.8/site-packages/airflow/example_dags/example_branch_operator.py
[2025-05-07T19:51:06.678+0000] {logging_mixin.py:188} INFO - [2025-05-07T19:51:06.678+0000] {dag.py:3036} INFO - Sync 1 DAGs
[2025-05-07T19:51:06.702+0000] {logging_mixin.py:188} INFO - [2025-05-07T19:51:06.702+0000] {dag.py:3823} INFO - Setting next_dagrun for example_branch_operator to 2025-05-06 00:00:00+00:00, run_after=2025-05-07 00:00:00+00:00
[2025-05-07T19:51:06.721+0000] {processor.py:183} INFO - Processing /home/airflow/.local/lib/python3.8/site-packages/airflow/example_dags/example_branch_operator.py took 0.096 seconds
[2025-05-07T19:51:37.072+0000] {processor.py:161} INFO - Started process (PID=2127) to work on /home/airflow/.local/lib/python3.8/site-packages/airflow/example_dags/example_branch_operator.py
[2025-05-07T19:51:37.076+0000] {processor.py:830} INFO - Processing file /home/airflow/.local/lib/python3.8/site-packages/airflow/example_dags/example_branch_operator.py for tasks to queue
[2025-05-07T19:51:37.080+0000] {logging_mixin.py:188} INFO - [2025-05-07T19:51:37.080+0000] {dagbag.py:538} INFO - Filling up the DagBag from /home/airflow/.local/lib/python3.8/site-packages/airflow/example_dags/example_branch_operator.py
[2025-05-07T19:51:37.100+0000] {processor.py:840} INFO - DAG(s) 'example_branch_operator' retrieved from /home/airflow/.local/lib/python3.8/site-packages/airflow/example_dags/example_branch_operator.py
[2025-05-07T19:51:37.129+0000] {logging_mixin.py:188} INFO - [2025-05-07T19:51:37.129+0000] {dag.py:3036} INFO - Sync 1 DAGs
[2025-05-07T19:51:37.151+0000] {logging_mixin.py:188} INFO - [2025-05-07T19:51:37.151+0000] {dag.py:3823} INFO - Setting next_dagrun for example_branch_operator to 2025-05-06 00:00:00+00:00, run_after=2025-05-07 00:00:00+00:00
[2025-05-07T19:51:37.176+0000] {processor.py:183} INFO - Processing /home/airflow/.local/lib/python3.8/site-packages/airflow/example_dags/example_branch_operator.py took 0.111 seconds
[2025-05-07T19:52:08.166+0000] {processor.py:161} INFO - Started process (PID=2184) to work on /home/airflow/.local/lib/python3.8/site-packages/airflow/example_dags/example_branch_operator.py
[2025-05-07T19:52:08.169+0000] {processor.py:830} INFO - Processing file /home/airflow/.local/lib/python3.8/site-packages/airflow/example_dags/example_branch_operator.py for tasks to queue
[2025-05-07T19:52:08.175+0000] {logging_mixin.py:188} INFO - [2025-05-07T19:52:08.174+0000] {dagbag.py:538} INFO - Filling up the DagBag from /home/airflow/.local/lib/python3.8/site-packages/airflow/example_dags/example_branch_operator.py
[2025-05-07T19:52:08.201+0000] {processor.py:840} INFO - DAG(s) 'example_branch_operator' retrieved from /home/airflow/.local/lib/python3.8/site-packages/airflow/example_dags/example_branch_operator.py
[2025-05-07T19:52:08.230+0000] {logging_mixin.py:188} INFO - [2025-05-07T19:52:08.230+0000] {dag.py:3036} INFO - Sync 1 DAGs
[2025-05-07T19:52:08.252+0000] {logging_mixin.py:188} INFO - [2025-05-07T19:52:08.251+0000] {dag.py:3823} INFO - Setting next_dagrun for example_branch_operator to 2025-05-06 00:00:00+00:00, run_after=2025-05-07 00:00:00+00:00
[2025-05-07T19:52:08.272+0000] {processor.py:183} INFO - Processing /home/airflow/.local/lib/python3.8/site-packages/airflow/example_dags/example_branch_operator.py took 0.112 seconds
[2025-05-07T19:52:38.871+0000] {processor.py:161} INFO - Started process (PID=2241) to work on /home/airflow/.local/lib/python3.8/site-packages/airflow/example_dags/example_branch_operator.py
[2025-05-07T19:52:38.872+0000] {processor.py:830} INFO - Processing file /home/airflow/.local/lib/python3.8/site-packages/airflow/example_dags/example_branch_operator.py for tasks to queue
[2025-05-07T19:52:38.875+0000] {logging_mixin.py:188} INFO - [2025-05-07T19:52:38.874+0000] {dagbag.py:538} INFO - Filling up the DagBag from /home/airflow/.local/lib/python3.8/site-packages/airflow/example_dags/example_branch_operator.py
[2025-05-07T19:52:38.894+0000] {processor.py:840} INFO - DAG(s) 'example_branch_operator' retrieved from /home/airflow/.local/lib/python3.8/site-packages/airflow/example_dags/example_branch_operator.py
[2025-05-07T19:52:38.924+0000] {logging_mixin.py:188} INFO - [2025-05-07T19:52:38.924+0000] {dag.py:3036} INFO - Sync 1 DAGs
[2025-05-07T19:52:38.950+0000] {logging_mixin.py:188} INFO - [2025-05-07T19:52:38.950+0000] {dag.py:3823} INFO - Setting next_dagrun for example_branch_operator to 2025-05-06 00:00:00+00:00, run_after=2025-05-07 00:00:00+00:00
[2025-05-07T19:52:38.974+0000] {processor.py:183} INFO - Processing /home/airflow/.local/lib/python3.8/site-packages/airflow/example_dags/example_branch_operator.py took 0.106 seconds
[2025-05-07T19:53:09.583+0000] {processor.py:161} INFO - Started process (PID=2298) to work on /home/airflow/.local/lib/python3.8/site-packages/airflow/example_dags/example_branch_operator.py
[2025-05-07T19:53:09.586+0000] {processor.py:830} INFO - Processing file /home/airflow/.local/lib/python3.8/site-packages/airflow/example_dags/example_branch_operator.py for tasks to queue
[2025-05-07T19:53:09.592+0000] {logging_mixin.py:188} INFO - [2025-05-07T19:53:09.591+0000] {dagbag.py:538} INFO - Filling up the DagBag from /home/airflow/.local/lib/python3.8/site-packages/airflow/example_dags/example_branch_operator.py
[2025-05-07T19:53:09.619+0000] {processor.py:840} INFO - DAG(s) 'example_branch_operator' retrieved from /home/airflow/.local/lib/python3.8/site-packages/airflow/example_dags/example_branch_operator.py
[2025-05-07T19:53:09.673+0000] {logging_mixin.py:188} INFO - [2025-05-07T19:53:09.672+0000] {dag.py:3036} INFO - Sync 1 DAGs
[2025-05-07T19:53:09.883+0000] {logging_mixin.py:188} INFO - [2025-05-07T19:53:09.883+0000] {dag.py:3823} INFO - Setting next_dagrun for example_branch_operator to 2025-05-06 00:00:00+00:00, run_after=2025-05-07 00:00:00+00:00
[2025-05-07T19:53:09.907+0000] {processor.py:183} INFO - Processing /home/airflow/.local/lib/python3.8/site-packages/airflow/example_dags/example_branch_operator.py took 0.329 seconds
[2025-05-07T19:53:40.276+0000] {processor.py:161} INFO - Started process (PID=2355) to work on /home/airflow/.local/lib/python3.8/site-packages/airflow/example_dags/example_branch_operator.py
[2025-05-07T19:53:40.278+0000] {processor.py:830} INFO - Processing file /home/airflow/.local/lib/python3.8/site-packages/airflow/example_dags/example_branch_operator.py for tasks to queue
[2025-05-07T19:53:40.279+0000] {logging_mixin.py:188} INFO - [2025-05-07T19:53:40.279+0000] {dagbag.py:538} INFO - Filling up the DagBag from /home/airflow/.local/lib/python3.8/site-packages/airflow/example_dags/example_branch_operator.py
[2025-05-07T19:53:40.297+0000] {processor.py:840} INFO - DAG(s) 'example_branch_operator' retrieved from /home/airflow/.local/lib/python3.8/site-packages/airflow/example_dags/example_branch_operator.py
[2025-05-07T19:53:40.326+0000] {logging_mixin.py:188} INFO - [2025-05-07T19:53:40.326+0000] {dag.py:3036} INFO - Sync 1 DAGs
[2025-05-07T19:53:40.349+0000] {logging_mixin.py:188} INFO - [2025-05-07T19:53:40.349+0000] {dag.py:3823} INFO - Setting next_dagrun for example_branch_operator to 2025-05-06 00:00:00+00:00, run_after=2025-05-07 00:00:00+00:00
[2025-05-07T19:53:40.511+0000] {processor.py:183} INFO - Processing /home/airflow/.local/lib/python3.8/site-packages/airflow/example_dags/example_branch_operator.py took 0.239 seconds
[2025-05-07T19:54:11.189+0000] {processor.py:161} INFO - Started process (PID=2412) to work on /home/airflow/.local/lib/python3.8/site-packages/airflow/example_dags/example_branch_operator.py
[2025-05-07T19:54:11.193+0000] {processor.py:830} INFO - Processing file /home/airflow/.local/lib/python3.8/site-packages/airflow/example_dags/example_branch_operator.py for tasks to queue
[2025-05-07T19:54:11.198+0000] {logging_mixin.py:188} INFO - [2025-05-07T19:54:11.198+0000] {dagbag.py:538} INFO - Filling up the DagBag from /home/airflow/.local/lib/python3.8/site-packages/airflow/example_dags/example_branch_operator.py
[2025-05-07T19:54:11.229+0000] {processor.py:840} INFO - DAG(s) 'example_branch_operator' retrieved from /home/airflow/.local/lib/python3.8/site-packages/airflow/example_dags/example_branch_operator.py
[2025-05-07T19:54:11.263+0000] {logging_mixin.py:188} INFO - [2025-05-07T19:54:11.262+0000] {dag.py:3036} INFO - Sync 1 DAGs
[2025-05-07T19:54:11.287+0000] {logging_mixin.py:188} INFO - [2025-05-07T19:54:11.287+0000] {dag.py:3823} INFO - Setting next_dagrun for example_branch_operator to 2025-05-06 00:00:00+00:00, run_after=2025-05-07 00:00:00+00:00
[2025-05-07T19:54:11.311+0000] {processor.py:183} INFO - Processing /home/airflow/.local/lib/python3.8/site-packages/airflow/example_dags/example_branch_operator.py took 0.128 seconds
[2025-05-07T19:54:41.806+0000] {processor.py:161} INFO - Started process (PID=2469) to work on /home/airflow/.local/lib/python3.8/site-packages/airflow/example_dags/example_branch_operator.py
[2025-05-07T19:54:41.807+0000] {processor.py:830} INFO - Processing file /home/airflow/.local/lib/python3.8/site-packages/airflow/example_dags/example_branch_operator.py for tasks to queue
[2025-05-07T19:54:41.810+0000] {logging_mixin.py:188} INFO - [2025-05-07T19:54:41.810+0000] {dagbag.py:538} INFO - Filling up the DagBag from /home/airflow/.local/lib/python3.8/site-packages/airflow/example_dags/example_branch_operator.py
[2025-05-07T19:54:41.830+0000] {processor.py:840} INFO - DAG(s) 'example_branch_operator' retrieved from /home/airflow/.local/lib/python3.8/site-packages/airflow/example_dags/example_branch_operator.py
[2025-05-07T19:54:41.859+0000] {logging_mixin.py:188} INFO - [2025-05-07T19:54:41.859+0000] {dag.py:3036} INFO - Sync 1 DAGs
[2025-05-07T19:54:41.882+0000] {logging_mixin.py:188} INFO - [2025-05-07T19:54:41.882+0000] {dag.py:3823} INFO - Setting next_dagrun for example_branch_operator to 2025-05-06 00:00:00+00:00, run_after=2025-05-07 00:00:00+00:00
[2025-05-07T19:54:42.056+0000] {processor.py:183} INFO - Processing /home/airflow/.local/lib/python3.8/site-packages/airflow/example_dags/example_branch_operator.py took 0.255 seconds
[2025-05-07T19:55:12.147+0000] {processor.py:161} INFO - Started process (PID=2526) to work on /home/airflow/.local/lib/python3.8/site-packages/airflow/example_dags/example_branch_operator.py
[2025-05-07T19:55:12.149+0000] {processor.py:830} INFO - Processing file /home/airflow/.local/lib/python3.8/site-packages/airflow/example_dags/example_branch_operator.py for tasks to queue
[2025-05-07T19:55:12.151+0000] {logging_mixin.py:188} INFO - [2025-05-07T19:55:12.151+0000] {dagbag.py:538} INFO - Filling up the DagBag from /home/airflow/.local/lib/python3.8/site-packages/airflow/example_dags/example_branch_operator.py
[2025-05-07T19:55:12.169+0000] {processor.py:840} INFO - DAG(s) 'example_branch_operator' retrieved from /home/airflow/.local/lib/python3.8/site-packages/airflow/example_dags/example_branch_operator.py
[2025-05-07T19:55:12.345+0000] {logging_mixin.py:188} INFO - [2025-05-07T19:55:12.345+0000] {dag.py:3036} INFO - Sync 1 DAGs
[2025-05-07T19:55:12.366+0000] {logging_mixin.py:188} INFO - [2025-05-07T19:55:12.366+0000] {dag.py:3823} INFO - Setting next_dagrun for example_branch_operator to 2025-05-06 00:00:00+00:00, run_after=2025-05-07 00:00:00+00:00
[2025-05-07T19:55:12.386+0000] {processor.py:183} INFO - Processing /home/airflow/.local/lib/python3.8/site-packages/airflow/example_dags/example_branch_operator.py took 0.242 seconds
[2025-05-07T19:55:43.283+0000] {processor.py:161} INFO - Started process (PID=2583) to work on /home/airflow/.local/lib/python3.8/site-packages/airflow/example_dags/example_branch_operator.py
[2025-05-07T19:55:43.285+0000] {processor.py:830} INFO - Processing file /home/airflow/.local/lib/python3.8/site-packages/airflow/example_dags/example_branch_operator.py for tasks to queue
[2025-05-07T19:55:43.292+0000] {logging_mixin.py:188} INFO - [2025-05-07T19:55:43.291+0000] {dagbag.py:538} INFO - Filling up the DagBag from /home/airflow/.local/lib/python3.8/site-packages/airflow/example_dags/example_branch_operator.py
[2025-05-07T19:55:43.313+0000] {processor.py:840} INFO - DAG(s) 'example_branch_operator' retrieved from /home/airflow/.local/lib/python3.8/site-packages/airflow/example_dags/example_branch_operator.py
[2025-05-07T19:55:43.341+0000] {logging_mixin.py:188} INFO - [2025-05-07T19:55:43.341+0000] {dag.py:3036} INFO - Sync 1 DAGs
[2025-05-07T19:55:43.483+0000] {logging_mixin.py:188} INFO - [2025-05-07T19:55:43.483+0000] {dag.py:3823} INFO - Setting next_dagrun for example_branch_operator to 2025-05-06 00:00:00+00:00, run_after=2025-05-07 00:00:00+00:00
[2025-05-07T19:55:43.502+0000] {processor.py:183} INFO - Processing /home/airflow/.local/lib/python3.8/site-packages/airflow/example_dags/example_branch_operator.py took 0.227 seconds
[2025-05-07T19:56:13.775+0000] {processor.py:161} INFO - Started process (PID=2640) to work on /home/airflow/.local/lib/python3.8/site-packages/airflow/example_dags/example_branch_operator.py
[2025-05-07T19:56:13.778+0000] {processor.py:830} INFO - Processing file /home/airflow/.local/lib/python3.8/site-packages/airflow/example_dags/example_branch_operator.py for tasks to queue
[2025-05-07T19:56:13.782+0000] {logging_mixin.py:188} INFO - [2025-05-07T19:56:13.781+0000] {dagbag.py:538} INFO - Filling up the DagBag from /home/airflow/.local/lib/python3.8/site-packages/airflow/example_dags/example_branch_operator.py
[2025-05-07T19:56:13.811+0000] {processor.py:840} INFO - DAG(s) 'example_branch_operator' retrieved from /home/airflow/.local/lib/python3.8/site-packages/airflow/example_dags/example_branch_operator.py
[2025-05-07T19:56:13.843+0000] {logging_mixin.py:188} INFO - [2025-05-07T19:56:13.842+0000] {dag.py:3036} INFO - Sync 1 DAGs
[2025-05-07T19:56:13.984+0000] {logging_mixin.py:188} INFO - [2025-05-07T19:56:13.983+0000] {dag.py:3823} INFO - Setting next_dagrun for example_branch_operator to 2025-05-06 00:00:00+00:00, run_after=2025-05-07 00:00:00+00:00
[2025-05-07T19:56:14.005+0000] {processor.py:183} INFO - Processing /home/airflow/.local/lib/python3.8/site-packages/airflow/example_dags/example_branch_operator.py took 0.236 seconds
[2025-05-07T19:56:44.611+0000] {processor.py:161} INFO - Started process (PID=2697) to work on /home/airflow/.local/lib/python3.8/site-packages/airflow/example_dags/example_branch_operator.py
[2025-05-07T19:56:44.613+0000] {processor.py:830} INFO - Processing file /home/airflow/.local/lib/python3.8/site-packages/airflow/example_dags/example_branch_operator.py for tasks to queue
[2025-05-07T19:56:44.616+0000] {logging_mixin.py:188} INFO - [2025-05-07T19:56:44.615+0000] {dagbag.py:538} INFO - Filling up the DagBag from /home/airflow/.local/lib/python3.8/site-packages/airflow/example_dags/example_branch_operator.py
[2025-05-07T19:56:44.636+0000] {processor.py:840} INFO - DAG(s) 'example_branch_operator' retrieved from /home/airflow/.local/lib/python3.8/site-packages/airflow/example_dags/example_branch_operator.py
[2025-05-07T19:56:44.665+0000] {logging_mixin.py:188} INFO - [2025-05-07T19:56:44.665+0000] {dag.py:3036} INFO - Sync 1 DAGs
[2025-05-07T19:56:44.694+0000] {logging_mixin.py:188} INFO - [2025-05-07T19:56:44.694+0000] {dag.py:3823} INFO - Setting next_dagrun for example_branch_operator to 2025-05-06 00:00:00+00:00, run_after=2025-05-07 00:00:00+00:00
[2025-05-07T19:56:44.719+0000] {processor.py:183} INFO - Processing /home/airflow/.local/lib/python3.8/site-packages/airflow/example_dags/example_branch_operator.py took 0.110 seconds
[2025-05-07T19:57:15.721+0000] {processor.py:161} INFO - Started process (PID=2754) to work on /home/airflow/.local/lib/python3.8/site-packages/airflow/example_dags/example_branch_operator.py
[2025-05-07T19:57:15.723+0000] {processor.py:830} INFO - Processing file /home/airflow/.local/lib/python3.8/site-packages/airflow/example_dags/example_branch_operator.py for tasks to queue
[2025-05-07T19:57:15.725+0000] {logging_mixin.py:188} INFO - [2025-05-07T19:57:15.725+0000] {dagbag.py:538} INFO - Filling up the DagBag from /home/airflow/.local/lib/python3.8/site-packages/airflow/example_dags/example_branch_operator.py
[2025-05-07T19:57:15.743+0000] {processor.py:840} INFO - DAG(s) 'example_branch_operator' retrieved from /home/airflow/.local/lib/python3.8/site-packages/airflow/example_dags/example_branch_operator.py
[2025-05-07T19:57:15.771+0000] {logging_mixin.py:188} INFO - [2025-05-07T19:57:15.771+0000] {dag.py:3036} INFO - Sync 1 DAGs
[2025-05-07T19:57:15.795+0000] {logging_mixin.py:188} INFO - [2025-05-07T19:57:15.794+0000] {dag.py:3823} INFO - Setting next_dagrun for example_branch_operator to 2025-05-06 00:00:00+00:00, run_after=2025-05-07 00:00:00+00:00
[2025-05-07T19:57:15.819+0000] {processor.py:183} INFO - Processing /home/airflow/.local/lib/python3.8/site-packages/airflow/example_dags/example_branch_operator.py took 0.101 seconds
[2025-05-07T19:57:46.269+0000] {processor.py:161} INFO - Started process (PID=2811) to work on /home/airflow/.local/lib/python3.8/site-packages/airflow/example_dags/example_branch_operator.py
[2025-05-07T19:57:46.273+0000] {processor.py:830} INFO - Processing file /home/airflow/.local/lib/python3.8/site-packages/airflow/example_dags/example_branch_operator.py for tasks to queue
[2025-05-07T19:57:46.277+0000] {logging_mixin.py:188} INFO - [2025-05-07T19:57:46.276+0000] {dagbag.py:538} INFO - Filling up the DagBag from /home/airflow/.local/lib/python3.8/site-packages/airflow/example_dags/example_branch_operator.py
[2025-05-07T19:57:46.300+0000] {processor.py:840} INFO - DAG(s) 'example_branch_operator' retrieved from /home/airflow/.local/lib/python3.8/site-packages/airflow/example_dags/example_branch_operator.py
[2025-05-07T19:57:46.331+0000] {logging_mixin.py:188} INFO - [2025-05-07T19:57:46.331+0000] {dag.py:3036} INFO - Sync 1 DAGs
[2025-05-07T19:57:46.355+0000] {logging_mixin.py:188} INFO - [2025-05-07T19:57:46.355+0000] {dag.py:3823} INFO - Setting next_dagrun for example_branch_operator to 2025-05-06 00:00:00+00:00, run_after=2025-05-07 00:00:00+00:00
[2025-05-07T19:57:46.379+0000] {processor.py:183} INFO - Processing /home/airflow/.local/lib/python3.8/site-packages/airflow/example_dags/example_branch_operator.py took 0.115 seconds
[2025-05-07T19:58:17.268+0000] {processor.py:161} INFO - Started process (PID=2868) to work on /home/airflow/.local/lib/python3.8/site-packages/airflow/example_dags/example_branch_operator.py
[2025-05-07T19:58:17.270+0000] {processor.py:830} INFO - Processing file /home/airflow/.local/lib/python3.8/site-packages/airflow/example_dags/example_branch_operator.py for tasks to queue
[2025-05-07T19:58:17.272+0000] {logging_mixin.py:188} INFO - [2025-05-07T19:58:17.271+0000] {dagbag.py:538} INFO - Filling up the DagBag from /home/airflow/.local/lib/python3.8/site-packages/airflow/example_dags/example_branch_operator.py
[2025-05-07T19:58:17.289+0000] {processor.py:840} INFO - DAG(s) 'example_branch_operator' retrieved from /home/airflow/.local/lib/python3.8/site-packages/airflow/example_dags/example_branch_operator.py
[2025-05-07T19:58:17.316+0000] {logging_mixin.py:188} INFO - [2025-05-07T19:58:17.316+0000] {dag.py:3036} INFO - Sync 1 DAGs
[2025-05-07T19:58:17.339+0000] {logging_mixin.py:188} INFO - [2025-05-07T19:58:17.339+0000] {dag.py:3823} INFO - Setting next_dagrun for example_branch_operator to 2025-05-06 00:00:00+00:00, run_after=2025-05-07 00:00:00+00:00
[2025-05-07T19:58:17.373+0000] {processor.py:183} INFO - Processing /home/airflow/.local/lib/python3.8/site-packages/airflow/example_dags/example_branch_operator.py took 0.108 seconds
[2025-05-07T19:58:47.540+0000] {processor.py:161} INFO - Started process (PID=2925) to work on /home/airflow/.local/lib/python3.8/site-packages/airflow/example_dags/example_branch_operator.py
[2025-05-07T19:58:47.542+0000] {processor.py:830} INFO - Processing file /home/airflow/.local/lib/python3.8/site-packages/airflow/example_dags/example_branch_operator.py for tasks to queue
[2025-05-07T19:58:47.543+0000] {logging_mixin.py:188} INFO - [2025-05-07T19:58:47.543+0000] {dagbag.py:538} INFO - Filling up the DagBag from /home/airflow/.local/lib/python3.8/site-packages/airflow/example_dags/example_branch_operator.py
[2025-05-07T19:58:47.560+0000] {processor.py:840} INFO - DAG(s) 'example_branch_operator' retrieved from /home/airflow/.local/lib/python3.8/site-packages/airflow/example_dags/example_branch_operator.py
[2025-05-07T19:58:47.591+0000] {logging_mixin.py:188} INFO - [2025-05-07T19:58:47.591+0000] {dag.py:3036} INFO - Sync 1 DAGs
[2025-05-07T19:58:47.615+0000] {logging_mixin.py:188} INFO - [2025-05-07T19:58:47.614+0000] {dag.py:3823} INFO - Setting next_dagrun for example_branch_operator to 2025-05-06 00:00:00+00:00, run_after=2025-05-07 00:00:00+00:00
[2025-05-07T19:58:47.639+0000] {processor.py:183} INFO - Processing /home/airflow/.local/lib/python3.8/site-packages/airflow/example_dags/example_branch_operator.py took 0.102 seconds
[2025-05-07T19:59:17.910+0000] {processor.py:161} INFO - Started process (PID=2982) to work on /home/airflow/.local/lib/python3.8/site-packages/airflow/example_dags/example_branch_operator.py
[2025-05-07T19:59:17.912+0000] {processor.py:830} INFO - Processing file /home/airflow/.local/lib/python3.8/site-packages/airflow/example_dags/example_branch_operator.py for tasks to queue
[2025-05-07T19:59:17.914+0000] {logging_mixin.py:188} INFO - [2025-05-07T19:59:17.914+0000] {dagbag.py:538} INFO - Filling up the DagBag from /home/airflow/.local/lib/python3.8/site-packages/airflow/example_dags/example_branch_operator.py
[2025-05-07T19:59:17.934+0000] {processor.py:840} INFO - DAG(s) 'example_branch_operator' retrieved from /home/airflow/.local/lib/python3.8/site-packages/airflow/example_dags/example_branch_operator.py
[2025-05-07T19:59:17.961+0000] {logging_mixin.py:188} INFO - [2025-05-07T19:59:17.961+0000] {dag.py:3036} INFO - Sync 1 DAGs
[2025-05-07T19:59:17.983+0000] {logging_mixin.py:188} INFO - [2025-05-07T19:59:17.982+0000] {dag.py:3823} INFO - Setting next_dagrun for example_branch_operator to 2025-05-06 00:00:00+00:00, run_after=2025-05-07 00:00:00+00:00
[2025-05-07T19:59:18.006+0000] {processor.py:183} INFO - Processing /home/airflow/.local/lib/python3.8/site-packages/airflow/example_dags/example_branch_operator.py took 0.100 seconds
[2025-05-07T19:59:48.182+0000] {processor.py:161} INFO - Started process (PID=3039) to work on /home/airflow/.local/lib/python3.8/site-packages/airflow/example_dags/example_branch_operator.py
[2025-05-07T19:59:48.183+0000] {processor.py:830} INFO - Processing file /home/airflow/.local/lib/python3.8/site-packages/airflow/example_dags/example_branch_operator.py for tasks to queue
[2025-05-07T19:59:48.185+0000] {logging_mixin.py:188} INFO - [2025-05-07T19:59:48.185+0000] {dagbag.py:538} INFO - Filling up the DagBag from /home/airflow/.local/lib/python3.8/site-packages/airflow/example_dags/example_branch_operator.py
[2025-05-07T19:59:48.206+0000] {processor.py:840} INFO - DAG(s) 'example_branch_operator' retrieved from /home/airflow/.local/lib/python3.8/site-packages/airflow/example_dags/example_branch_operator.py
[2025-05-07T19:59:48.232+0000] {logging_mixin.py:188} INFO - [2025-05-07T19:59:48.232+0000] {dag.py:3036} INFO - Sync 1 DAGs
[2025-05-07T19:59:48.258+0000] {logging_mixin.py:188} INFO - [2025-05-07T19:59:48.257+0000] {dag.py:3823} INFO - Setting next_dagrun for example_branch_operator to 2025-05-06 00:00:00+00:00, run_after=2025-05-07 00:00:00+00:00
[2025-05-07T19:59:48.279+0000] {processor.py:183} INFO - Processing /home/airflow/.local/lib/python3.8/site-packages/airflow/example_dags/example_branch_operator.py took 0.100 seconds
[2025-05-07T20:00:18.669+0000] {processor.py:161} INFO - Started process (PID=3096) to work on /home/airflow/.local/lib/python3.8/site-packages/airflow/example_dags/example_branch_operator.py
[2025-05-07T20:00:18.675+0000] {processor.py:830} INFO - Processing file /home/airflow/.local/lib/python3.8/site-packages/airflow/example_dags/example_branch_operator.py for tasks to queue
[2025-05-07T20:00:18.680+0000] {logging_mixin.py:188} INFO - [2025-05-07T20:00:18.679+0000] {dagbag.py:538} INFO - Filling up the DagBag from /home/airflow/.local/lib/python3.8/site-packages/airflow/example_dags/example_branch_operator.py
[2025-05-07T20:00:18.712+0000] {processor.py:840} INFO - DAG(s) 'example_branch_operator' retrieved from /home/airflow/.local/lib/python3.8/site-packages/airflow/example_dags/example_branch_operator.py
[2025-05-07T20:00:18.741+0000] {logging_mixin.py:188} INFO - [2025-05-07T20:00:18.741+0000] {dag.py:3036} INFO - Sync 1 DAGs
[2025-05-07T20:00:18.763+0000] {logging_mixin.py:188} INFO - [2025-05-07T20:00:18.763+0000] {dag.py:3823} INFO - Setting next_dagrun for example_branch_operator to 2025-05-06 00:00:00+00:00, run_after=2025-05-07 00:00:00+00:00
[2025-05-07T20:00:18.784+0000] {processor.py:183} INFO - Processing /home/airflow/.local/lib/python3.8/site-packages/airflow/example_dags/example_branch_operator.py took 0.119 seconds
[2025-05-07T20:00:49.644+0000] {processor.py:161} INFO - Started process (PID=3153) to work on /home/airflow/.local/lib/python3.8/site-packages/airflow/example_dags/example_branch_operator.py
[2025-05-07T20:00:49.646+0000] {processor.py:830} INFO - Processing file /home/airflow/.local/lib/python3.8/site-packages/airflow/example_dags/example_branch_operator.py for tasks to queue
[2025-05-07T20:00:49.649+0000] {logging_mixin.py:188} INFO - [2025-05-07T20:00:49.648+0000] {dagbag.py:538} INFO - Filling up the DagBag from /home/airflow/.local/lib/python3.8/site-packages/airflow/example_dags/example_branch_operator.py
[2025-05-07T20:00:49.672+0000] {processor.py:840} INFO - DAG(s) 'example_branch_operator' retrieved from /home/airflow/.local/lib/python3.8/site-packages/airflow/example_dags/example_branch_operator.py
[2025-05-07T20:00:49.700+0000] {logging_mixin.py:188} INFO - [2025-05-07T20:00:49.699+0000] {dag.py:3036} INFO - Sync 1 DAGs
[2025-05-07T20:00:49.722+0000] {logging_mixin.py:188} INFO - [2025-05-07T20:00:49.722+0000] {dag.py:3823} INFO - Setting next_dagrun for example_branch_operator to 2025-05-06 00:00:00+00:00, run_after=2025-05-07 00:00:00+00:00
[2025-05-07T20:00:49.742+0000] {processor.py:183} INFO - Processing /home/airflow/.local/lib/python3.8/site-packages/airflow/example_dags/example_branch_operator.py took 0.103 seconds
[2025-05-07T20:01:20.540+0000] {processor.py:161} INFO - Started process (PID=3216) to work on /home/airflow/.local/lib/python3.8/site-packages/airflow/example_dags/example_branch_operator.py
[2025-05-07T20:01:20.543+0000] {processor.py:830} INFO - Processing file /home/airflow/.local/lib/python3.8/site-packages/airflow/example_dags/example_branch_operator.py for tasks to queue
[2025-05-07T20:01:20.547+0000] {logging_mixin.py:188} INFO - [2025-05-07T20:01:20.546+0000] {dagbag.py:538} INFO - Filling up the DagBag from /home/airflow/.local/lib/python3.8/site-packages/airflow/example_dags/example_branch_operator.py
[2025-05-07T20:01:20.575+0000] {processor.py:840} INFO - DAG(s) 'example_branch_operator' retrieved from /home/airflow/.local/lib/python3.8/site-packages/airflow/example_dags/example_branch_operator.py
[2025-05-07T20:01:20.604+0000] {logging_mixin.py:188} INFO - [2025-05-07T20:01:20.604+0000] {dag.py:3036} INFO - Sync 1 DAGs
[2025-05-07T20:01:20.627+0000] {logging_mixin.py:188} INFO - [2025-05-07T20:01:20.627+0000] {dag.py:3823} INFO - Setting next_dagrun for example_branch_operator to 2025-05-06 00:00:00+00:00, run_after=2025-05-07 00:00:00+00:00
[2025-05-07T20:01:20.651+0000] {processor.py:183} INFO - Processing /home/airflow/.local/lib/python3.8/site-packages/airflow/example_dags/example_branch_operator.py took 0.116 seconds
[2025-05-07T20:01:51.286+0000] {processor.py:161} INFO - Started process (PID=3273) to work on /home/airflow/.local/lib/python3.8/site-packages/airflow/example_dags/example_branch_operator.py
[2025-05-07T20:01:51.287+0000] {processor.py:830} INFO - Processing file /home/airflow/.local/lib/python3.8/site-packages/airflow/example_dags/example_branch_operator.py for tasks to queue
[2025-05-07T20:01:51.290+0000] {logging_mixin.py:188} INFO - [2025-05-07T20:01:51.289+0000] {dagbag.py:538} INFO - Filling up the DagBag from /home/airflow/.local/lib/python3.8/site-packages/airflow/example_dags/example_branch_operator.py
[2025-05-07T20:01:51.311+0000] {processor.py:840} INFO - DAG(s) 'example_branch_operator' retrieved from /home/airflow/.local/lib/python3.8/site-packages/airflow/example_dags/example_branch_operator.py
[2025-05-07T20:01:51.341+0000] {logging_mixin.py:188} INFO - [2025-05-07T20:01:51.341+0000] {dag.py:3036} INFO - Sync 1 DAGs
[2025-05-07T20:01:51.366+0000] {logging_mixin.py:188} INFO - [2025-05-07T20:01:51.366+0000] {dag.py:3823} INFO - Setting next_dagrun for example_branch_operator to 2025-05-06 00:00:00+00:00, run_after=2025-05-07 00:00:00+00:00
[2025-05-07T20:01:51.391+0000] {processor.py:183} INFO - Processing /home/airflow/.local/lib/python3.8/site-packages/airflow/example_dags/example_branch_operator.py took 0.108 seconds
[2025-05-07T20:02:21.624+0000] {processor.py:161} INFO - Started process (PID=3330) to work on /home/airflow/.local/lib/python3.8/site-packages/airflow/example_dags/example_branch_operator.py
[2025-05-07T20:02:21.626+0000] {processor.py:830} INFO - Processing file /home/airflow/.local/lib/python3.8/site-packages/airflow/example_dags/example_branch_operator.py for tasks to queue
[2025-05-07T20:02:21.631+0000] {logging_mixin.py:188} INFO - [2025-05-07T20:02:21.630+0000] {dagbag.py:538} INFO - Filling up the DagBag from /home/airflow/.local/lib/python3.8/site-packages/airflow/example_dags/example_branch_operator.py
[2025-05-07T20:02:21.656+0000] {processor.py:840} INFO - DAG(s) 'example_branch_operator' retrieved from /home/airflow/.local/lib/python3.8/site-packages/airflow/example_dags/example_branch_operator.py
[2025-05-07T20:02:21.691+0000] {logging_mixin.py:188} INFO - [2025-05-07T20:02:21.690+0000] {dag.py:3036} INFO - Sync 1 DAGs
[2025-05-07T20:02:21.715+0000] {logging_mixin.py:188} INFO - [2025-05-07T20:02:21.714+0000] {dag.py:3823} INFO - Setting next_dagrun for example_branch_operator to 2025-05-06 00:00:00+00:00, run_after=2025-05-07 00:00:00+00:00
[2025-05-07T20:02:21.743+0000] {processor.py:183} INFO - Processing /home/airflow/.local/lib/python3.8/site-packages/airflow/example_dags/example_branch_operator.py took 0.123 seconds
[2025-05-07T20:02:52.189+0000] {processor.py:161} INFO - Started process (PID=3388) to work on /home/airflow/.local/lib/python3.8/site-packages/airflow/example_dags/example_branch_operator.py
[2025-05-07T20:02:52.190+0000] {processor.py:830} INFO - Processing file /home/airflow/.local/lib/python3.8/site-packages/airflow/example_dags/example_branch_operator.py for tasks to queue
[2025-05-07T20:02:52.193+0000] {logging_mixin.py:188} INFO - [2025-05-07T20:02:52.192+0000] {dagbag.py:538} INFO - Filling up the DagBag from /home/airflow/.local/lib/python3.8/site-packages/airflow/example_dags/example_branch_operator.py
[2025-05-07T20:02:52.210+0000] {processor.py:840} INFO - DAG(s) 'example_branch_operator' retrieved from /home/airflow/.local/lib/python3.8/site-packages/airflow/example_dags/example_branch_operator.py
[2025-05-07T20:02:52.238+0000] {logging_mixin.py:188} INFO - [2025-05-07T20:02:52.238+0000] {dag.py:3036} INFO - Sync 1 DAGs
[2025-05-07T20:02:52.262+0000] {logging_mixin.py:188} INFO - [2025-05-07T20:02:52.261+0000] {dag.py:3823} INFO - Setting next_dagrun for example_branch_operator to 2025-05-06 00:00:00+00:00, run_after=2025-05-07 00:00:00+00:00
[2025-05-07T20:02:52.285+0000] {processor.py:183} INFO - Processing /home/airflow/.local/lib/python3.8/site-packages/airflow/example_dags/example_branch_operator.py took 0.099 seconds
[2025-05-07T20:03:23.286+0000] {processor.py:161} INFO - Started process (PID=3445) to work on /home/airflow/.local/lib/python3.8/site-packages/airflow/example_dags/example_branch_operator.py
[2025-05-07T20:03:23.288+0000] {processor.py:830} INFO - Processing file /home/airflow/.local/lib/python3.8/site-packages/airflow/example_dags/example_branch_operator.py for tasks to queue
[2025-05-07T20:03:23.290+0000] {logging_mixin.py:188} INFO - [2025-05-07T20:03:23.290+0000] {dagbag.py:538} INFO - Filling up the DagBag from /home/airflow/.local/lib/python3.8/site-packages/airflow/example_dags/example_branch_operator.py
[2025-05-07T20:03:23.307+0000] {processor.py:840} INFO - DAG(s) 'example_branch_operator' retrieved from /home/airflow/.local/lib/python3.8/site-packages/airflow/example_dags/example_branch_operator.py
[2025-05-07T20:03:23.336+0000] {logging_mixin.py:188} INFO - [2025-05-07T20:03:23.336+0000] {dag.py:3036} INFO - Sync 1 DAGs
[2025-05-07T20:03:23.359+0000] {logging_mixin.py:188} INFO - [2025-05-07T20:03:23.359+0000] {dag.py:3823} INFO - Setting next_dagrun for example_branch_operator to 2025-05-06 00:00:00+00:00, run_after=2025-05-07 00:00:00+00:00
[2025-05-07T20:03:23.383+0000] {processor.py:183} INFO - Processing /home/airflow/.local/lib/python3.8/site-packages/airflow/example_dags/example_branch_operator.py took 0.100 seconds
[2025-05-07T20:03:53.768+0000] {processor.py:161} INFO - Started process (PID=3502) to work on /home/airflow/.local/lib/python3.8/site-packages/airflow/example_dags/example_branch_operator.py
[2025-05-07T20:03:53.773+0000] {processor.py:830} INFO - Processing file /home/airflow/.local/lib/python3.8/site-packages/airflow/example_dags/example_branch_operator.py for tasks to queue
[2025-05-07T20:03:53.775+0000] {logging_mixin.py:188} INFO - [2025-05-07T20:03:53.775+0000] {dagbag.py:538} INFO - Filling up the DagBag from /home/airflow/.local/lib/python3.8/site-packages/airflow/example_dags/example_branch_operator.py
[2025-05-07T20:03:53.795+0000] {processor.py:840} INFO - DAG(s) 'example_branch_operator' retrieved from /home/airflow/.local/lib/python3.8/site-packages/airflow/example_dags/example_branch_operator.py
[2025-05-07T20:03:53.824+0000] {logging_mixin.py:188} INFO - [2025-05-07T20:03:53.823+0000] {dag.py:3036} INFO - Sync 1 DAGs
[2025-05-07T20:03:53.847+0000] {logging_mixin.py:188} INFO - [2025-05-07T20:03:53.847+0000] {dag.py:3823} INFO - Setting next_dagrun for example_branch_operator to 2025-05-06 00:00:00+00:00, run_after=2025-05-07 00:00:00+00:00
[2025-05-07T20:03:53.870+0000] {processor.py:183} INFO - Processing /home/airflow/.local/lib/python3.8/site-packages/airflow/example_dags/example_branch_operator.py took 0.105 seconds
[2025-05-07T20:04:24.480+0000] {processor.py:161} INFO - Started process (PID=3559) to work on /home/airflow/.local/lib/python3.8/site-packages/airflow/example_dags/example_branch_operator.py
[2025-05-07T20:04:24.482+0000] {processor.py:830} INFO - Processing file /home/airflow/.local/lib/python3.8/site-packages/airflow/example_dags/example_branch_operator.py for tasks to queue
[2025-05-07T20:04:24.484+0000] {logging_mixin.py:188} INFO - [2025-05-07T20:04:24.484+0000] {dagbag.py:538} INFO - Filling up the DagBag from /home/airflow/.local/lib/python3.8/site-packages/airflow/example_dags/example_branch_operator.py
[2025-05-07T20:04:24.501+0000] {processor.py:840} INFO - DAG(s) 'example_branch_operator' retrieved from /home/airflow/.local/lib/python3.8/site-packages/airflow/example_dags/example_branch_operator.py
[2025-05-07T20:04:24.527+0000] {logging_mixin.py:188} INFO - [2025-05-07T20:04:24.526+0000] {dag.py:3036} INFO - Sync 1 DAGs
[2025-05-07T20:04:24.547+0000] {logging_mixin.py:188} INFO - [2025-05-07T20:04:24.547+0000] {dag.py:3823} INFO - Setting next_dagrun for example_branch_operator to 2025-05-06 00:00:00+00:00, run_after=2025-05-07 00:00:00+00:00
[2025-05-07T20:04:24.567+0000] {processor.py:183} INFO - Processing /home/airflow/.local/lib/python3.8/site-packages/airflow/example_dags/example_branch_operator.py took 0.089 seconds
[2025-05-07T20:04:54.723+0000] {processor.py:161} INFO - Started process (PID=3616) to work on /home/airflow/.local/lib/python3.8/site-packages/airflow/example_dags/example_branch_operator.py
[2025-05-07T20:04:54.724+0000] {processor.py:830} INFO - Processing file /home/airflow/.local/lib/python3.8/site-packages/airflow/example_dags/example_branch_operator.py for tasks to queue
[2025-05-07T20:04:54.726+0000] {logging_mixin.py:188} INFO - [2025-05-07T20:04:54.726+0000] {dagbag.py:538} INFO - Filling up the DagBag from /home/airflow/.local/lib/python3.8/site-packages/airflow/example_dags/example_branch_operator.py
[2025-05-07T20:04:54.744+0000] {processor.py:840} INFO - DAG(s) 'example_branch_operator' retrieved from /home/airflow/.local/lib/python3.8/site-packages/airflow/example_dags/example_branch_operator.py
[2025-05-07T20:04:54.778+0000] {logging_mixin.py:188} INFO - [2025-05-07T20:04:54.777+0000] {dag.py:3036} INFO - Sync 1 DAGs
[2025-05-07T20:04:54.801+0000] {logging_mixin.py:188} INFO - [2025-05-07T20:04:54.800+0000] {dag.py:3823} INFO - Setting next_dagrun for example_branch_operator to 2025-05-06 00:00:00+00:00, run_after=2025-05-07 00:00:00+00:00
[2025-05-07T20:04:54.825+0000] {processor.py:183} INFO - Processing /home/airflow/.local/lib/python3.8/site-packages/airflow/example_dags/example_branch_operator.py took 0.106 seconds
[2025-05-07T20:05:25.207+0000] {processor.py:161} INFO - Started process (PID=3673) to work on /home/airflow/.local/lib/python3.8/site-packages/airflow/example_dags/example_branch_operator.py
[2025-05-07T20:05:25.209+0000] {processor.py:830} INFO - Processing file /home/airflow/.local/lib/python3.8/site-packages/airflow/example_dags/example_branch_operator.py for tasks to queue
[2025-05-07T20:05:25.212+0000] {logging_mixin.py:188} INFO - [2025-05-07T20:05:25.211+0000] {dagbag.py:538} INFO - Filling up the DagBag from /home/airflow/.local/lib/python3.8/site-packages/airflow/example_dags/example_branch_operator.py
[2025-05-07T20:05:25.231+0000] {processor.py:840} INFO - DAG(s) 'example_branch_operator' retrieved from /home/airflow/.local/lib/python3.8/site-packages/airflow/example_dags/example_branch_operator.py
[2025-05-07T20:05:25.263+0000] {logging_mixin.py:188} INFO - [2025-05-07T20:05:25.262+0000] {dag.py:3036} INFO - Sync 1 DAGs
[2025-05-07T20:05:25.287+0000] {logging_mixin.py:188} INFO - [2025-05-07T20:05:25.286+0000] {dag.py:3823} INFO - Setting next_dagrun for example_branch_operator to 2025-05-06 00:00:00+00:00, run_after=2025-05-07 00:00:00+00:00
[2025-05-07T20:05:25.307+0000] {processor.py:183} INFO - Processing /home/airflow/.local/lib/python3.8/site-packages/airflow/example_dags/example_branch_operator.py took 0.102 seconds
[2025-05-07T20:05:56.305+0000] {processor.py:161} INFO - Started process (PID=3730) to work on /home/airflow/.local/lib/python3.8/site-packages/airflow/example_dags/example_branch_operator.py
[2025-05-07T20:05:56.307+0000] {processor.py:830} INFO - Processing file /home/airflow/.local/lib/python3.8/site-packages/airflow/example_dags/example_branch_operator.py for tasks to queue
[2025-05-07T20:05:56.309+0000] {logging_mixin.py:188} INFO - [2025-05-07T20:05:56.309+0000] {dagbag.py:538} INFO - Filling up the DagBag from /home/airflow/.local/lib/python3.8/site-packages/airflow/example_dags/example_branch_operator.py
[2025-05-07T20:05:56.328+0000] {processor.py:840} INFO - DAG(s) 'example_branch_operator' retrieved from /home/airflow/.local/lib/python3.8/site-packages/airflow/example_dags/example_branch_operator.py
[2025-05-07T20:05:56.355+0000] {logging_mixin.py:188} INFO - [2025-05-07T20:05:56.355+0000] {dag.py:3036} INFO - Sync 1 DAGs
[2025-05-07T20:05:56.380+0000] {logging_mixin.py:188} INFO - [2025-05-07T20:05:56.380+0000] {dag.py:3823} INFO - Setting next_dagrun for example_branch_operator to 2025-05-06 00:00:00+00:00, run_after=2025-05-07 00:00:00+00:00
[2025-05-07T20:05:56.406+0000] {processor.py:183} INFO - Processing /home/airflow/.local/lib/python3.8/site-packages/airflow/example_dags/example_branch_operator.py took 0.104 seconds
[2025-05-07T20:06:26.683+0000] {processor.py:161} INFO - Started process (PID=3787) to work on /home/airflow/.local/lib/python3.8/site-packages/airflow/example_dags/example_branch_operator.py
[2025-05-07T20:06:26.684+0000] {processor.py:830} INFO - Processing file /home/airflow/.local/lib/python3.8/site-packages/airflow/example_dags/example_branch_operator.py for tasks to queue
[2025-05-07T20:06:26.686+0000] {logging_mixin.py:188} INFO - [2025-05-07T20:06:26.686+0000] {dagbag.py:538} INFO - Filling up the DagBag from /home/airflow/.local/lib/python3.8/site-packages/airflow/example_dags/example_branch_operator.py
[2025-05-07T20:06:26.704+0000] {processor.py:840} INFO - DAG(s) 'example_branch_operator' retrieved from /home/airflow/.local/lib/python3.8/site-packages/airflow/example_dags/example_branch_operator.py
[2025-05-07T20:06:26.730+0000] {logging_mixin.py:188} INFO - [2025-05-07T20:06:26.730+0000] {dag.py:3036} INFO - Sync 1 DAGs
[2025-05-07T20:06:26.753+0000] {logging_mixin.py:188} INFO - [2025-05-07T20:06:26.753+0000] {dag.py:3823} INFO - Setting next_dagrun for example_branch_operator to 2025-05-06 00:00:00+00:00, run_after=2025-05-07 00:00:00+00:00
[2025-05-07T20:06:26.771+0000] {processor.py:183} INFO - Processing /home/airflow/.local/lib/python3.8/site-packages/airflow/example_dags/example_branch_operator.py took 0.091 seconds
[2025-05-07T20:06:57.081+0000] {processor.py:161} INFO - Started process (PID=3844) to work on /home/airflow/.local/lib/python3.8/site-packages/airflow/example_dags/example_branch_operator.py
[2025-05-07T20:06:57.083+0000] {processor.py:830} INFO - Processing file /home/airflow/.local/lib/python3.8/site-packages/airflow/example_dags/example_branch_operator.py for tasks to queue
[2025-05-07T20:06:57.085+0000] {logging_mixin.py:188} INFO - [2025-05-07T20:06:57.085+0000] {dagbag.py:538} INFO - Filling up the DagBag from /home/airflow/.local/lib/python3.8/site-packages/airflow/example_dags/example_branch_operator.py
[2025-05-07T20:06:57.103+0000] {processor.py:840} INFO - DAG(s) 'example_branch_operator' retrieved from /home/airflow/.local/lib/python3.8/site-packages/airflow/example_dags/example_branch_operator.py
[2025-05-07T20:06:57.133+0000] {logging_mixin.py:188} INFO - [2025-05-07T20:06:57.133+0000] {dag.py:3036} INFO - Sync 1 DAGs
[2025-05-07T20:06:57.160+0000] {logging_mixin.py:188} INFO - [2025-05-07T20:06:57.159+0000] {dag.py:3823} INFO - Setting next_dagrun for example_branch_operator to 2025-05-06 00:00:00+00:00, run_after=2025-05-07 00:00:00+00:00
[2025-05-07T20:06:57.186+0000] {processor.py:183} INFO - Processing /home/airflow/.local/lib/python3.8/site-packages/airflow/example_dags/example_branch_operator.py took 0.108 seconds
[2025-05-07T20:07:28.061+0000] {processor.py:161} INFO - Started process (PID=3901) to work on /home/airflow/.local/lib/python3.8/site-packages/airflow/example_dags/example_branch_operator.py
[2025-05-07T20:07:28.063+0000] {processor.py:830} INFO - Processing file /home/airflow/.local/lib/python3.8/site-packages/airflow/example_dags/example_branch_operator.py for tasks to queue
[2025-05-07T20:07:28.066+0000] {logging_mixin.py:188} INFO - [2025-05-07T20:07:28.065+0000] {dagbag.py:538} INFO - Filling up the DagBag from /home/airflow/.local/lib/python3.8/site-packages/airflow/example_dags/example_branch_operator.py
[2025-05-07T20:07:28.083+0000] {processor.py:840} INFO - DAG(s) 'example_branch_operator' retrieved from /home/airflow/.local/lib/python3.8/site-packages/airflow/example_dags/example_branch_operator.py
[2025-05-07T20:07:28.110+0000] {logging_mixin.py:188} INFO - [2025-05-07T20:07:28.110+0000] {dag.py:3036} INFO - Sync 1 DAGs
[2025-05-07T20:07:28.131+0000] {logging_mixin.py:188} INFO - [2025-05-07T20:07:28.130+0000] {dag.py:3823} INFO - Setting next_dagrun for example_branch_operator to 2025-05-06 00:00:00+00:00, run_after=2025-05-07 00:00:00+00:00
[2025-05-07T20:07:28.153+0000] {processor.py:183} INFO - Processing /home/airflow/.local/lib/python3.8/site-packages/airflow/example_dags/example_branch_operator.py took 0.095 seconds
[2025-05-07T20:07:58.614+0000] {processor.py:161} INFO - Started process (PID=3958) to work on /home/airflow/.local/lib/python3.8/site-packages/airflow/example_dags/example_branch_operator.py
[2025-05-07T20:07:58.615+0000] {processor.py:830} INFO - Processing file /home/airflow/.local/lib/python3.8/site-packages/airflow/example_dags/example_branch_operator.py for tasks to queue
[2025-05-07T20:07:58.617+0000] {logging_mixin.py:188} INFO - [2025-05-07T20:07:58.617+0000] {dagbag.py:538} INFO - Filling up the DagBag from /home/airflow/.local/lib/python3.8/site-packages/airflow/example_dags/example_branch_operator.py
[2025-05-07T20:07:58.633+0000] {processor.py:840} INFO - DAG(s) 'example_branch_operator' retrieved from /home/airflow/.local/lib/python3.8/site-packages/airflow/example_dags/example_branch_operator.py
[2025-05-07T20:07:58.659+0000] {logging_mixin.py:188} INFO - [2025-05-07T20:07:58.659+0000] {dag.py:3036} INFO - Sync 1 DAGs
[2025-05-07T20:07:58.681+0000] {logging_mixin.py:188} INFO - [2025-05-07T20:07:58.680+0000] {dag.py:3823} INFO - Setting next_dagrun for example_branch_operator to 2025-05-06 00:00:00+00:00, run_after=2025-05-07 00:00:00+00:00
[2025-05-07T20:07:58.703+0000] {processor.py:183} INFO - Processing /home/airflow/.local/lib/python3.8/site-packages/airflow/example_dags/example_branch_operator.py took 0.092 seconds
[2025-05-07T20:08:29.535+0000] {processor.py:161} INFO - Started process (PID=4015) to work on /home/airflow/.local/lib/python3.8/site-packages/airflow/example_dags/example_branch_operator.py
[2025-05-07T20:08:29.538+0000] {processor.py:830} INFO - Processing file /home/airflow/.local/lib/python3.8/site-packages/airflow/example_dags/example_branch_operator.py for tasks to queue
[2025-05-07T20:08:29.544+0000] {logging_mixin.py:188} INFO - [2025-05-07T20:08:29.543+0000] {dagbag.py:538} INFO - Filling up the DagBag from /home/airflow/.local/lib/python3.8/site-packages/airflow/example_dags/example_branch_operator.py
[2025-05-07T20:08:29.569+0000] {processor.py:840} INFO - DAG(s) 'example_branch_operator' retrieved from /home/airflow/.local/lib/python3.8/site-packages/airflow/example_dags/example_branch_operator.py
[2025-05-07T20:08:29.605+0000] {logging_mixin.py:188} INFO - [2025-05-07T20:08:29.605+0000] {dag.py:3036} INFO - Sync 1 DAGs
[2025-05-07T20:08:29.630+0000] {logging_mixin.py:188} INFO - [2025-05-07T20:08:29.630+0000] {dag.py:3823} INFO - Setting next_dagrun for example_branch_operator to 2025-05-06 00:00:00+00:00, run_after=2025-05-07 00:00:00+00:00
[2025-05-07T20:08:29.656+0000] {processor.py:183} INFO - Processing /home/airflow/.local/lib/python3.8/site-packages/airflow/example_dags/example_branch_operator.py took 0.128 seconds
[2025-05-07T20:08:59.725+0000] {processor.py:161} INFO - Started process (PID=4072) to work on /home/airflow/.local/lib/python3.8/site-packages/airflow/example_dags/example_branch_operator.py
[2025-05-07T20:08:59.727+0000] {processor.py:830} INFO - Processing file /home/airflow/.local/lib/python3.8/site-packages/airflow/example_dags/example_branch_operator.py for tasks to queue
[2025-05-07T20:08:59.729+0000] {logging_mixin.py:188} INFO - [2025-05-07T20:08:59.729+0000] {dagbag.py:538} INFO - Filling up the DagBag from /home/airflow/.local/lib/python3.8/site-packages/airflow/example_dags/example_branch_operator.py
[2025-05-07T20:08:59.748+0000] {processor.py:840} INFO - DAG(s) 'example_branch_operator' retrieved from /home/airflow/.local/lib/python3.8/site-packages/airflow/example_dags/example_branch_operator.py
[2025-05-07T20:08:59.778+0000] {logging_mixin.py:188} INFO - [2025-05-07T20:08:59.778+0000] {dag.py:3036} INFO - Sync 1 DAGs
[2025-05-07T20:08:59.803+0000] {logging_mixin.py:188} INFO - [2025-05-07T20:08:59.802+0000] {dag.py:3823} INFO - Setting next_dagrun for example_branch_operator to 2025-05-06 00:00:00+00:00, run_after=2025-05-07 00:00:00+00:00
[2025-05-07T20:08:59.829+0000] {processor.py:183} INFO - Processing /home/airflow/.local/lib/python3.8/site-packages/airflow/example_dags/example_branch_operator.py took 0.107 seconds
[2025-05-07T20:09:30.115+0000] {processor.py:161} INFO - Started process (PID=4129) to work on /home/airflow/.local/lib/python3.8/site-packages/airflow/example_dags/example_branch_operator.py
[2025-05-07T20:09:30.116+0000] {processor.py:830} INFO - Processing file /home/airflow/.local/lib/python3.8/site-packages/airflow/example_dags/example_branch_operator.py for tasks to queue
[2025-05-07T20:09:30.119+0000] {logging_mixin.py:188} INFO - [2025-05-07T20:09:30.118+0000] {dagbag.py:538} INFO - Filling up the DagBag from /home/airflow/.local/lib/python3.8/site-packages/airflow/example_dags/example_branch_operator.py
[2025-05-07T20:09:30.137+0000] {processor.py:840} INFO - DAG(s) 'example_branch_operator' retrieved from /home/airflow/.local/lib/python3.8/site-packages/airflow/example_dags/example_branch_operator.py
[2025-05-07T20:09:30.190+0000] {logging_mixin.py:188} INFO - [2025-05-07T20:09:30.190+0000] {dag.py:3036} INFO - Sync 1 DAGs
[2025-05-07T20:09:30.216+0000] {logging_mixin.py:188} INFO - [2025-05-07T20:09:30.216+0000] {dag.py:3823} INFO - Setting next_dagrun for example_branch_operator to 2025-05-06 00:00:00+00:00, run_after=2025-05-07 00:00:00+00:00
[2025-05-07T20:09:30.245+0000] {processor.py:183} INFO - Processing /home/airflow/.local/lib/python3.8/site-packages/airflow/example_dags/example_branch_operator.py took 0.134 seconds
[2025-05-07T20:10:01.066+0000] {processor.py:161} INFO - Started process (PID=4186) to work on /home/airflow/.local/lib/python3.8/site-packages/airflow/example_dags/example_branch_operator.py
[2025-05-07T20:10:01.068+0000] {processor.py:830} INFO - Processing file /home/airflow/.local/lib/python3.8/site-packages/airflow/example_dags/example_branch_operator.py for tasks to queue
[2025-05-07T20:10:01.071+0000] {logging_mixin.py:188} INFO - [2025-05-07T20:10:01.070+0000] {dagbag.py:538} INFO - Filling up the DagBag from /home/airflow/.local/lib/python3.8/site-packages/airflow/example_dags/example_branch_operator.py
[2025-05-07T20:10:01.090+0000] {processor.py:840} INFO - DAG(s) 'example_branch_operator' retrieved from /home/airflow/.local/lib/python3.8/site-packages/airflow/example_dags/example_branch_operator.py
[2025-05-07T20:10:01.128+0000] {logging_mixin.py:188} INFO - [2025-05-07T20:10:01.127+0000] {dag.py:3036} INFO - Sync 1 DAGs
[2025-05-07T20:10:01.159+0000] {logging_mixin.py:188} INFO - [2025-05-07T20:10:01.158+0000] {dag.py:3823} INFO - Setting next_dagrun for example_branch_operator to 2025-05-06 00:00:00+00:00, run_after=2025-05-07 00:00:00+00:00
[2025-05-07T20:10:01.193+0000] {processor.py:183} INFO - Processing /home/airflow/.local/lib/python3.8/site-packages/airflow/example_dags/example_branch_operator.py took 0.140 seconds
[2025-05-07T20:10:31.348+0000] {processor.py:161} INFO - Started process (PID=4243) to work on /home/airflow/.local/lib/python3.8/site-packages/airflow/example_dags/example_branch_operator.py
[2025-05-07T20:10:31.350+0000] {processor.py:830} INFO - Processing file /home/airflow/.local/lib/python3.8/site-packages/airflow/example_dags/example_branch_operator.py for tasks to queue
[2025-05-07T20:10:31.352+0000] {logging_mixin.py:188} INFO - [2025-05-07T20:10:31.352+0000] {dagbag.py:538} INFO - Filling up the DagBag from /home/airflow/.local/lib/python3.8/site-packages/airflow/example_dags/example_branch_operator.py
[2025-05-07T20:10:31.369+0000] {processor.py:840} INFO - DAG(s) 'example_branch_operator' retrieved from /home/airflow/.local/lib/python3.8/site-packages/airflow/example_dags/example_branch_operator.py
[2025-05-07T20:10:31.398+0000] {logging_mixin.py:188} INFO - [2025-05-07T20:10:31.397+0000] {dag.py:3036} INFO - Sync 1 DAGs
[2025-05-07T20:10:31.421+0000] {logging_mixin.py:188} INFO - [2025-05-07T20:10:31.421+0000] {dag.py:3823} INFO - Setting next_dagrun for example_branch_operator to 2025-05-06 00:00:00+00:00, run_after=2025-05-07 00:00:00+00:00
[2025-05-07T20:10:31.443+0000] {processor.py:183} INFO - Processing /home/airflow/.local/lib/python3.8/site-packages/airflow/example_dags/example_branch_operator.py took 0.099 seconds
[2025-05-07T20:11:01.950+0000] {processor.py:161} INFO - Started process (PID=4300) to work on /home/airflow/.local/lib/python3.8/site-packages/airflow/example_dags/example_branch_operator.py
[2025-05-07T20:11:01.951+0000] {processor.py:830} INFO - Processing file /home/airflow/.local/lib/python3.8/site-packages/airflow/example_dags/example_branch_operator.py for tasks to queue
[2025-05-07T20:11:01.953+0000] {logging_mixin.py:188} INFO - [2025-05-07T20:11:01.953+0000] {dagbag.py:538} INFO - Filling up the DagBag from /home/airflow/.local/lib/python3.8/site-packages/airflow/example_dags/example_branch_operator.py
[2025-05-07T20:11:01.972+0000] {processor.py:840} INFO - DAG(s) 'example_branch_operator' retrieved from /home/airflow/.local/lib/python3.8/site-packages/airflow/example_dags/example_branch_operator.py
[2025-05-07T20:11:02.008+0000] {logging_mixin.py:188} INFO - [2025-05-07T20:11:02.008+0000] {dag.py:3036} INFO - Sync 1 DAGs
[2025-05-07T20:11:02.035+0000] {logging_mixin.py:188} INFO - [2025-05-07T20:11:02.035+0000] {dag.py:3823} INFO - Setting next_dagrun for example_branch_operator to 2025-05-06 00:00:00+00:00, run_after=2025-05-07 00:00:00+00:00
[2025-05-07T20:11:02.062+0000] {processor.py:183} INFO - Processing /home/airflow/.local/lib/python3.8/site-packages/airflow/example_dags/example_branch_operator.py took 0.115 seconds
[2025-05-07T20:11:32.977+0000] {processor.py:161} INFO - Started process (PID=4357) to work on /home/airflow/.local/lib/python3.8/site-packages/airflow/example_dags/example_branch_operator.py
[2025-05-07T20:11:32.980+0000] {processor.py:830} INFO - Processing file /home/airflow/.local/lib/python3.8/site-packages/airflow/example_dags/example_branch_operator.py for tasks to queue
[2025-05-07T20:11:32.983+0000] {logging_mixin.py:188} INFO - [2025-05-07T20:11:32.983+0000] {dagbag.py:538} INFO - Filling up the DagBag from /home/airflow/.local/lib/python3.8/site-packages/airflow/example_dags/example_branch_operator.py
[2025-05-07T20:11:33.005+0000] {processor.py:840} INFO - DAG(s) 'example_branch_operator' retrieved from /home/airflow/.local/lib/python3.8/site-packages/airflow/example_dags/example_branch_operator.py
[2025-05-07T20:11:33.043+0000] {logging_mixin.py:188} INFO - [2025-05-07T20:11:33.043+0000] {dag.py:3036} INFO - Sync 1 DAGs
[2025-05-07T20:11:33.066+0000] {logging_mixin.py:188} INFO - [2025-05-07T20:11:33.066+0000] {dag.py:3823} INFO - Setting next_dagrun for example_branch_operator to 2025-05-06 00:00:00+00:00, run_after=2025-05-07 00:00:00+00:00
[2025-05-07T20:11:33.089+0000] {processor.py:183} INFO - Processing /home/airflow/.local/lib/python3.8/site-packages/airflow/example_dags/example_branch_operator.py took 0.116 seconds
[2025-05-07T20:12:03.353+0000] {processor.py:161} INFO - Started process (PID=4414) to work on /home/airflow/.local/lib/python3.8/site-packages/airflow/example_dags/example_branch_operator.py
[2025-05-07T20:12:03.356+0000] {processor.py:830} INFO - Processing file /home/airflow/.local/lib/python3.8/site-packages/airflow/example_dags/example_branch_operator.py for tasks to queue
[2025-05-07T20:12:03.363+0000] {logging_mixin.py:188} INFO - [2025-05-07T20:12:03.362+0000] {dagbag.py:538} INFO - Filling up the DagBag from /home/airflow/.local/lib/python3.8/site-packages/airflow/example_dags/example_branch_operator.py
[2025-05-07T20:12:03.393+0000] {processor.py:840} INFO - DAG(s) 'example_branch_operator' retrieved from /home/airflow/.local/lib/python3.8/site-packages/airflow/example_dags/example_branch_operator.py
[2025-05-07T20:12:03.422+0000] {logging_mixin.py:188} INFO - [2025-05-07T20:12:03.422+0000] {dag.py:3036} INFO - Sync 1 DAGs
[2025-05-07T20:12:03.443+0000] {logging_mixin.py:188} INFO - [2025-05-07T20:12:03.443+0000] {dag.py:3823} INFO - Setting next_dagrun for example_branch_operator to 2025-05-06 00:00:00+00:00, run_after=2025-05-07 00:00:00+00:00
[2025-05-07T20:12:03.466+0000] {processor.py:183} INFO - Processing /home/airflow/.local/lib/python3.8/site-packages/airflow/example_dags/example_branch_operator.py took 0.121 seconds
[2025-05-07T20:12:34.049+0000] {processor.py:161} INFO - Started process (PID=4471) to work on /home/airflow/.local/lib/python3.8/site-packages/airflow/example_dags/example_branch_operator.py
[2025-05-07T20:12:34.051+0000] {processor.py:830} INFO - Processing file /home/airflow/.local/lib/python3.8/site-packages/airflow/example_dags/example_branch_operator.py for tasks to queue
[2025-05-07T20:12:34.056+0000] {logging_mixin.py:188} INFO - [2025-05-07T20:12:34.055+0000] {dagbag.py:538} INFO - Filling up the DagBag from /home/airflow/.local/lib/python3.8/site-packages/airflow/example_dags/example_branch_operator.py
[2025-05-07T20:12:34.087+0000] {processor.py:840} INFO - DAG(s) 'example_branch_operator' retrieved from /home/airflow/.local/lib/python3.8/site-packages/airflow/example_dags/example_branch_operator.py
[2025-05-07T20:12:34.119+0000] {logging_mixin.py:188} INFO - [2025-05-07T20:12:34.118+0000] {dag.py:3036} INFO - Sync 1 DAGs
[2025-05-07T20:12:34.141+0000] {logging_mixin.py:188} INFO - [2025-05-07T20:12:34.141+0000] {dag.py:3823} INFO - Setting next_dagrun for example_branch_operator to 2025-05-06 00:00:00+00:00, run_after=2025-05-07 00:00:00+00:00
[2025-05-07T20:12:34.170+0000] {processor.py:183} INFO - Processing /home/airflow/.local/lib/python3.8/site-packages/airflow/example_dags/example_branch_operator.py took 0.123 seconds
[2025-05-07T20:13:04.605+0000] {processor.py:161} INFO - Started process (PID=4528) to work on /home/airflow/.local/lib/python3.8/site-packages/airflow/example_dags/example_branch_operator.py
[2025-05-07T20:13:04.607+0000] {processor.py:830} INFO - Processing file /home/airflow/.local/lib/python3.8/site-packages/airflow/example_dags/example_branch_operator.py for tasks to queue
[2025-05-07T20:13:04.609+0000] {logging_mixin.py:188} INFO - [2025-05-07T20:13:04.609+0000] {dagbag.py:538} INFO - Filling up the DagBag from /home/airflow/.local/lib/python3.8/site-packages/airflow/example_dags/example_branch_operator.py
[2025-05-07T20:13:04.626+0000] {processor.py:840} INFO - DAG(s) 'example_branch_operator' retrieved from /home/airflow/.local/lib/python3.8/site-packages/airflow/example_dags/example_branch_operator.py
[2025-05-07T20:13:04.653+0000] {logging_mixin.py:188} INFO - [2025-05-07T20:13:04.652+0000] {dag.py:3036} INFO - Sync 1 DAGs
[2025-05-07T20:13:04.674+0000] {logging_mixin.py:188} INFO - [2025-05-07T20:13:04.674+0000] {dag.py:3823} INFO - Setting next_dagrun for example_branch_operator to 2025-05-06 00:00:00+00:00, run_after=2025-05-07 00:00:00+00:00
[2025-05-07T20:13:04.695+0000] {processor.py:183} INFO - Processing /home/airflow/.local/lib/python3.8/site-packages/airflow/example_dags/example_branch_operator.py took 0.093 seconds
[2025-05-07T20:13:35.719+0000] {processor.py:161} INFO - Started process (PID=4585) to work on /home/airflow/.local/lib/python3.8/site-packages/airflow/example_dags/example_branch_operator.py
[2025-05-07T20:13:35.720+0000] {processor.py:830} INFO - Processing file /home/airflow/.local/lib/python3.8/site-packages/airflow/example_dags/example_branch_operator.py for tasks to queue
[2025-05-07T20:13:35.724+0000] {logging_mixin.py:188} INFO - [2025-05-07T20:13:35.723+0000] {dagbag.py:538} INFO - Filling up the DagBag from /home/airflow/.local/lib/python3.8/site-packages/airflow/example_dags/example_branch_operator.py
[2025-05-07T20:13:35.747+0000] {processor.py:840} INFO - DAG(s) 'example_branch_operator' retrieved from /home/airflow/.local/lib/python3.8/site-packages/airflow/example_dags/example_branch_operator.py
[2025-05-07T20:13:35.777+0000] {logging_mixin.py:188} INFO - [2025-05-07T20:13:35.776+0000] {dag.py:3036} INFO - Sync 1 DAGs
[2025-05-07T20:13:35.799+0000] {logging_mixin.py:188} INFO - [2025-05-07T20:13:35.799+0000] {dag.py:3823} INFO - Setting next_dagrun for example_branch_operator to 2025-05-06 00:00:00+00:00, run_after=2025-05-07 00:00:00+00:00
[2025-05-07T20:13:35.821+0000] {processor.py:183} INFO - Processing /home/airflow/.local/lib/python3.8/site-packages/airflow/example_dags/example_branch_operator.py took 0.107 seconds
[2025-05-07T20:14:06.120+0000] {processor.py:161} INFO - Started process (PID=4642) to work on /home/airflow/.local/lib/python3.8/site-packages/airflow/example_dags/example_branch_operator.py
[2025-05-07T20:14:06.122+0000] {processor.py:830} INFO - Processing file /home/airflow/.local/lib/python3.8/site-packages/airflow/example_dags/example_branch_operator.py for tasks to queue
[2025-05-07T20:14:06.126+0000] {logging_mixin.py:188} INFO - [2025-05-07T20:14:06.126+0000] {dagbag.py:538} INFO - Filling up the DagBag from /home/airflow/.local/lib/python3.8/site-packages/airflow/example_dags/example_branch_operator.py
[2025-05-07T20:14:06.143+0000] {processor.py:840} INFO - DAG(s) 'example_branch_operator' retrieved from /home/airflow/.local/lib/python3.8/site-packages/airflow/example_dags/example_branch_operator.py
[2025-05-07T20:14:06.176+0000] {logging_mixin.py:188} INFO - [2025-05-07T20:14:06.175+0000] {dag.py:3036} INFO - Sync 1 DAGs
[2025-05-07T20:14:06.200+0000] {logging_mixin.py:188} INFO - [2025-05-07T20:14:06.200+0000] {dag.py:3823} INFO - Setting next_dagrun for example_branch_operator to 2025-05-06 00:00:00+00:00, run_after=2025-05-07 00:00:00+00:00
[2025-05-07T20:14:06.222+0000] {processor.py:183} INFO - Processing /home/airflow/.local/lib/python3.8/site-packages/airflow/example_dags/example_branch_operator.py took 0.107 seconds
[2025-05-07T20:14:36.700+0000] {processor.py:161} INFO - Started process (PID=4699) to work on /home/airflow/.local/lib/python3.8/site-packages/airflow/example_dags/example_branch_operator.py
[2025-05-07T20:14:36.702+0000] {processor.py:830} INFO - Processing file /home/airflow/.local/lib/python3.8/site-packages/airflow/example_dags/example_branch_operator.py for tasks to queue
[2025-05-07T20:14:36.705+0000] {logging_mixin.py:188} INFO - [2025-05-07T20:14:36.705+0000] {dagbag.py:538} INFO - Filling up the DagBag from /home/airflow/.local/lib/python3.8/site-packages/airflow/example_dags/example_branch_operator.py
[2025-05-07T20:14:36.739+0000] {processor.py:840} INFO - DAG(s) 'example_branch_operator' retrieved from /home/airflow/.local/lib/python3.8/site-packages/airflow/example_dags/example_branch_operator.py
[2025-05-07T20:14:36.781+0000] {logging_mixin.py:188} INFO - [2025-05-07T20:14:36.781+0000] {dag.py:3036} INFO - Sync 1 DAGs
[2025-05-07T20:14:36.808+0000] {logging_mixin.py:188} INFO - [2025-05-07T20:14:36.808+0000] {dag.py:3823} INFO - Setting next_dagrun for example_branch_operator to 2025-05-06 00:00:00+00:00, run_after=2025-05-07 00:00:00+00:00
[2025-05-07T20:14:36.835+0000] {processor.py:183} INFO - Processing /home/airflow/.local/lib/python3.8/site-packages/airflow/example_dags/example_branch_operator.py took 0.140 seconds
[2025-05-07T20:15:07.337+0000] {processor.py:161} INFO - Started process (PID=4756) to work on /home/airflow/.local/lib/python3.8/site-packages/airflow/example_dags/example_branch_operator.py
[2025-05-07T20:15:07.338+0000] {processor.py:830} INFO - Processing file /home/airflow/.local/lib/python3.8/site-packages/airflow/example_dags/example_branch_operator.py for tasks to queue
[2025-05-07T20:15:07.342+0000] {logging_mixin.py:188} INFO - [2025-05-07T20:15:07.342+0000] {dagbag.py:538} INFO - Filling up the DagBag from /home/airflow/.local/lib/python3.8/site-packages/airflow/example_dags/example_branch_operator.py
[2025-05-07T20:15:07.379+0000] {processor.py:840} INFO - DAG(s) 'example_branch_operator' retrieved from /home/airflow/.local/lib/python3.8/site-packages/airflow/example_dags/example_branch_operator.py
[2025-05-07T20:15:07.418+0000] {logging_mixin.py:188} INFO - [2025-05-07T20:15:07.418+0000] {dag.py:3036} INFO - Sync 1 DAGs
[2025-05-07T20:15:07.450+0000] {logging_mixin.py:188} INFO - [2025-05-07T20:15:07.450+0000] {dag.py:3823} INFO - Setting next_dagrun for example_branch_operator to 2025-05-06 00:00:00+00:00, run_after=2025-05-07 00:00:00+00:00
[2025-05-07T20:15:07.479+0000] {processor.py:183} INFO - Processing /home/airflow/.local/lib/python3.8/site-packages/airflow/example_dags/example_branch_operator.py took 0.148 seconds
[2025-05-07T20:15:38.238+0000] {processor.py:161} INFO - Started process (PID=4813) to work on /home/airflow/.local/lib/python3.8/site-packages/airflow/example_dags/example_branch_operator.py
[2025-05-07T20:15:38.240+0000] {processor.py:830} INFO - Processing file /home/airflow/.local/lib/python3.8/site-packages/airflow/example_dags/example_branch_operator.py for tasks to queue
[2025-05-07T20:15:38.243+0000] {logging_mixin.py:188} INFO - [2025-05-07T20:15:38.243+0000] {dagbag.py:538} INFO - Filling up the DagBag from /home/airflow/.local/lib/python3.8/site-packages/airflow/example_dags/example_branch_operator.py
[2025-05-07T20:15:38.270+0000] {processor.py:840} INFO - DAG(s) 'example_branch_operator' retrieved from /home/airflow/.local/lib/python3.8/site-packages/airflow/example_dags/example_branch_operator.py
[2025-05-07T20:15:38.312+0000] {logging_mixin.py:188} INFO - [2025-05-07T20:15:38.311+0000] {dag.py:3036} INFO - Sync 1 DAGs
[2025-05-07T20:15:38.347+0000] {logging_mixin.py:188} INFO - [2025-05-07T20:15:38.347+0000] {dag.py:3823} INFO - Setting next_dagrun for example_branch_operator to 2025-05-06 00:00:00+00:00, run_after=2025-05-07 00:00:00+00:00
[2025-05-07T20:15:38.382+0000] {processor.py:183} INFO - Processing /home/airflow/.local/lib/python3.8/site-packages/airflow/example_dags/example_branch_operator.py took 0.149 seconds
[2025-05-07T20:16:08.646+0000] {processor.py:161} INFO - Started process (PID=4870) to work on /home/airflow/.local/lib/python3.8/site-packages/airflow/example_dags/example_branch_operator.py
[2025-05-07T20:16:08.648+0000] {processor.py:830} INFO - Processing file /home/airflow/.local/lib/python3.8/site-packages/airflow/example_dags/example_branch_operator.py for tasks to queue
[2025-05-07T20:16:08.651+0000] {logging_mixin.py:188} INFO - [2025-05-07T20:16:08.650+0000] {dagbag.py:538} INFO - Filling up the DagBag from /home/airflow/.local/lib/python3.8/site-packages/airflow/example_dags/example_branch_operator.py
[2025-05-07T20:16:08.679+0000] {processor.py:840} INFO - DAG(s) 'example_branch_operator' retrieved from /home/airflow/.local/lib/python3.8/site-packages/airflow/example_dags/example_branch_operator.py
[2025-05-07T20:16:08.716+0000] {logging_mixin.py:188} INFO - [2025-05-07T20:16:08.716+0000] {dag.py:3036} INFO - Sync 1 DAGs
[2025-05-07T20:16:08.748+0000] {logging_mixin.py:188} INFO - [2025-05-07T20:16:08.748+0000] {dag.py:3823} INFO - Setting next_dagrun for example_branch_operator to 2025-05-06 00:00:00+00:00, run_after=2025-05-07 00:00:00+00:00
[2025-05-07T20:16:08.780+0000] {processor.py:183} INFO - Processing /home/airflow/.local/lib/python3.8/site-packages/airflow/example_dags/example_branch_operator.py took 0.139 seconds
[2025-05-07T20:16:39.123+0000] {processor.py:161} INFO - Started process (PID=4927) to work on /home/airflow/.local/lib/python3.8/site-packages/airflow/example_dags/example_branch_operator.py
[2025-05-07T20:16:39.125+0000] {processor.py:830} INFO - Processing file /home/airflow/.local/lib/python3.8/site-packages/airflow/example_dags/example_branch_operator.py for tasks to queue
[2025-05-07T20:16:39.128+0000] {logging_mixin.py:188} INFO - [2025-05-07T20:16:39.127+0000] {dagbag.py:538} INFO - Filling up the DagBag from /home/airflow/.local/lib/python3.8/site-packages/airflow/example_dags/example_branch_operator.py
[2025-05-07T20:16:39.153+0000] {processor.py:840} INFO - DAG(s) 'example_branch_operator' retrieved from /home/airflow/.local/lib/python3.8/site-packages/airflow/example_dags/example_branch_operator.py
[2025-05-07T20:16:39.190+0000] {logging_mixin.py:188} INFO - [2025-05-07T20:16:39.189+0000] {dag.py:3036} INFO - Sync 1 DAGs
[2025-05-07T20:16:39.221+0000] {logging_mixin.py:188} INFO - [2025-05-07T20:16:39.220+0000] {dag.py:3823} INFO - Setting next_dagrun for example_branch_operator to 2025-05-06 00:00:00+00:00, run_after=2025-05-07 00:00:00+00:00
[2025-05-07T20:16:39.257+0000] {processor.py:183} INFO - Processing /home/airflow/.local/lib/python3.8/site-packages/airflow/example_dags/example_branch_operator.py took 0.137 seconds
[2025-05-07T20:17:10.052+0000] {processor.py:161} INFO - Started process (PID=4984) to work on /home/airflow/.local/lib/python3.8/site-packages/airflow/example_dags/example_branch_operator.py
[2025-05-07T20:17:10.055+0000] {processor.py:830} INFO - Processing file /home/airflow/.local/lib/python3.8/site-packages/airflow/example_dags/example_branch_operator.py for tasks to queue
[2025-05-07T20:17:10.058+0000] {logging_mixin.py:188} INFO - [2025-05-07T20:17:10.057+0000] {dagbag.py:538} INFO - Filling up the DagBag from /home/airflow/.local/lib/python3.8/site-packages/airflow/example_dags/example_branch_operator.py
[2025-05-07T20:17:10.082+0000] {processor.py:840} INFO - DAG(s) 'example_branch_operator' retrieved from /home/airflow/.local/lib/python3.8/site-packages/airflow/example_dags/example_branch_operator.py
[2025-05-07T20:17:10.118+0000] {logging_mixin.py:188} INFO - [2025-05-07T20:17:10.118+0000] {dag.py:3036} INFO - Sync 1 DAGs
[2025-05-07T20:17:10.148+0000] {logging_mixin.py:188} INFO - [2025-05-07T20:17:10.148+0000] {dag.py:3823} INFO - Setting next_dagrun for example_branch_operator to 2025-05-06 00:00:00+00:00, run_after=2025-05-07 00:00:00+00:00
[2025-05-07T20:17:10.174+0000] {processor.py:183} INFO - Processing /home/airflow/.local/lib/python3.8/site-packages/airflow/example_dags/example_branch_operator.py took 0.125 seconds
[2025-05-07T20:17:40.656+0000] {processor.py:161} INFO - Started process (PID=5041) to work on /home/airflow/.local/lib/python3.8/site-packages/airflow/example_dags/example_branch_operator.py
[2025-05-07T20:17:40.658+0000] {processor.py:830} INFO - Processing file /home/airflow/.local/lib/python3.8/site-packages/airflow/example_dags/example_branch_operator.py for tasks to queue
[2025-05-07T20:17:40.661+0000] {logging_mixin.py:188} INFO - [2025-05-07T20:17:40.660+0000] {dagbag.py:538} INFO - Filling up the DagBag from /home/airflow/.local/lib/python3.8/site-packages/airflow/example_dags/example_branch_operator.py
[2025-05-07T20:17:40.684+0000] {processor.py:840} INFO - DAG(s) 'example_branch_operator' retrieved from /home/airflow/.local/lib/python3.8/site-packages/airflow/example_dags/example_branch_operator.py
[2025-05-07T20:17:40.721+0000] {logging_mixin.py:188} INFO - [2025-05-07T20:17:40.721+0000] {dag.py:3036} INFO - Sync 1 DAGs
[2025-05-07T20:17:40.750+0000] {logging_mixin.py:188} INFO - [2025-05-07T20:17:40.749+0000] {dag.py:3823} INFO - Setting next_dagrun for example_branch_operator to 2025-05-06 00:00:00+00:00, run_after=2025-05-07 00:00:00+00:00
[2025-05-07T20:17:40.777+0000] {processor.py:183} INFO - Processing /home/airflow/.local/lib/python3.8/site-packages/airflow/example_dags/example_branch_operator.py took 0.126 seconds
[2025-05-07T20:18:11.736+0000] {processor.py:161} INFO - Started process (PID=5099) to work on /home/airflow/.local/lib/python3.8/site-packages/airflow/example_dags/example_branch_operator.py
[2025-05-07T20:18:11.738+0000] {processor.py:830} INFO - Processing file /home/airflow/.local/lib/python3.8/site-packages/airflow/example_dags/example_branch_operator.py for tasks to queue
[2025-05-07T20:18:11.742+0000] {logging_mixin.py:188} INFO - [2025-05-07T20:18:11.742+0000] {dagbag.py:538} INFO - Filling up the DagBag from /home/airflow/.local/lib/python3.8/site-packages/airflow/example_dags/example_branch_operator.py
[2025-05-07T20:18:11.766+0000] {processor.py:840} INFO - DAG(s) 'example_branch_operator' retrieved from /home/airflow/.local/lib/python3.8/site-packages/airflow/example_dags/example_branch_operator.py
[2025-05-07T20:18:11.802+0000] {logging_mixin.py:188} INFO - [2025-05-07T20:18:11.801+0000] {dag.py:3036} INFO - Sync 1 DAGs
[2025-05-07T20:18:11.830+0000] {logging_mixin.py:188} INFO - [2025-05-07T20:18:11.830+0000] {dag.py:3823} INFO - Setting next_dagrun for example_branch_operator to 2025-05-06 00:00:00+00:00, run_after=2025-05-07 00:00:00+00:00
[2025-05-07T20:18:11.862+0000] {processor.py:183} INFO - Processing /home/airflow/.local/lib/python3.8/site-packages/airflow/example_dags/example_branch_operator.py took 0.130 seconds
[2025-05-07T20:18:42.894+0000] {processor.py:161} INFO - Started process (PID=5156) to work on /home/airflow/.local/lib/python3.8/site-packages/airflow/example_dags/example_branch_operator.py
[2025-05-07T20:18:42.896+0000] {processor.py:830} INFO - Processing file /home/airflow/.local/lib/python3.8/site-packages/airflow/example_dags/example_branch_operator.py for tasks to queue
[2025-05-07T20:18:42.899+0000] {logging_mixin.py:188} INFO - [2025-05-07T20:18:42.898+0000] {dagbag.py:538} INFO - Filling up the DagBag from /home/airflow/.local/lib/python3.8/site-packages/airflow/example_dags/example_branch_operator.py
[2025-05-07T20:18:42.922+0000] {processor.py:840} INFO - DAG(s) 'example_branch_operator' retrieved from /home/airflow/.local/lib/python3.8/site-packages/airflow/example_dags/example_branch_operator.py
[2025-05-07T20:18:42.962+0000] {logging_mixin.py:188} INFO - [2025-05-07T20:18:42.962+0000] {dag.py:3036} INFO - Sync 1 DAGs
[2025-05-07T20:18:42.991+0000] {logging_mixin.py:188} INFO - [2025-05-07T20:18:42.991+0000] {dag.py:3823} INFO - Setting next_dagrun for example_branch_operator to 2025-05-06 00:00:00+00:00, run_after=2025-05-07 00:00:00+00:00
[2025-05-07T20:18:43.018+0000] {processor.py:183} INFO - Processing /home/airflow/.local/lib/python3.8/site-packages/airflow/example_dags/example_branch_operator.py took 0.128 seconds
