[2025-05-07T19:05:15.265+0000] {processor.py:161} INFO - Started process (PID=86) to work on /home/airflow/.local/lib/python3.8/site-packages/airflow/example_dags/example_xcomargs.py
[2025-05-07T19:05:15.267+0000] {processor.py:830} INFO - Processing file /home/airflow/.local/lib/python3.8/site-packages/airflow/example_dags/example_xcomargs.py for tasks to queue
[2025-05-07T19:05:15.273+0000] {logging_mixin.py:188} INFO - [2025-05-07T19:05:15.272+0000] {dagbag.py:538} INFO - Filling up the DagBag from /home/airflow/.local/lib/python3.8/site-packages/airflow/example_dags/example_xcomargs.py
[2025-05-07T19:05:15.300+0000] {processor.py:840} INFO - DAG(s) 'example_xcom_args_with_operators', 'example_xcom_args' retrieved from /home/airflow/.local/lib/python3.8/site-packages/airflow/example_dags/example_xcomargs.py
[2025-05-07T19:05:15.323+0000] {logging_mixin.py:188} INFO - [2025-05-07T19:05:15.323+0000] {dag.py:3036} INFO - Sync 2 DAGs
[2025-05-07T19:05:15.347+0000] {logging_mixin.py:188} INFO - [2025-05-07T19:05:15.346+0000] {dag.py:3823} INFO - Setting next_dagrun for example_xcom_args to None, run_after=None
[2025-05-07T19:05:15.352+0000] {logging_mixin.py:188} INFO - [2025-05-07T19:05:15.352+0000] {dag.py:3823} INFO - Setting next_dagrun for example_xcom_args_with_operators to None, run_after=None
[2025-05-07T19:05:15.397+0000] {processor.py:183} INFO - Processing /home/airflow/.local/lib/python3.8/site-packages/airflow/example_dags/example_xcomargs.py took 0.139 seconds
[2025-05-07T19:05:46.326+0000] {processor.py:161} INFO - Started process (PID=141) to work on /home/airflow/.local/lib/python3.8/site-packages/airflow/example_dags/example_xcomargs.py
[2025-05-07T19:05:46.327+0000] {processor.py:830} INFO - Processing file /home/airflow/.local/lib/python3.8/site-packages/airflow/example_dags/example_xcomargs.py for tasks to queue
[2025-05-07T19:05:46.330+0000] {logging_mixin.py:188} INFO - [2025-05-07T19:05:46.329+0000] {dagbag.py:538} INFO - Filling up the DagBag from /home/airflow/.local/lib/python3.8/site-packages/airflow/example_dags/example_xcomargs.py
[2025-05-07T19:05:46.338+0000] {processor.py:840} INFO - DAG(s) 'example_xcom_args_with_operators', 'example_xcom_args' retrieved from /home/airflow/.local/lib/python3.8/site-packages/airflow/example_dags/example_xcomargs.py
[2025-05-07T19:05:46.443+0000] {logging_mixin.py:188} INFO - [2025-05-07T19:05:46.442+0000] {dag.py:3036} INFO - Sync 2 DAGs
[2025-05-07T19:05:46.454+0000] {logging_mixin.py:188} INFO - [2025-05-07T19:05:46.453+0000] {dag.py:3823} INFO - Setting next_dagrun for example_xcom_args to None, run_after=None
[2025-05-07T19:05:46.457+0000] {logging_mixin.py:188} INFO - [2025-05-07T19:05:46.457+0000] {dag.py:3823} INFO - Setting next_dagrun for example_xcom_args_with_operators to None, run_after=None
[2025-05-07T19:05:46.481+0000] {processor.py:183} INFO - Processing /home/airflow/.local/lib/python3.8/site-packages/airflow/example_dags/example_xcomargs.py took 0.159 seconds
[2025-05-07T19:06:16.600+0000] {processor.py:161} INFO - Started process (PID=196) to work on /home/airflow/.local/lib/python3.8/site-packages/airflow/example_dags/example_xcomargs.py
[2025-05-07T19:06:16.603+0000] {processor.py:830} INFO - Processing file /home/airflow/.local/lib/python3.8/site-packages/airflow/example_dags/example_xcomargs.py for tasks to queue
[2025-05-07T19:06:16.605+0000] {logging_mixin.py:188} INFO - [2025-05-07T19:06:16.605+0000] {dagbag.py:538} INFO - Filling up the DagBag from /home/airflow/.local/lib/python3.8/site-packages/airflow/example_dags/example_xcomargs.py
[2025-05-07T19:06:16.614+0000] {processor.py:840} INFO - DAG(s) 'example_xcom_args', 'example_xcom_args_with_operators' retrieved from /home/airflow/.local/lib/python3.8/site-packages/airflow/example_dags/example_xcomargs.py
[2025-05-07T19:06:16.638+0000] {logging_mixin.py:188} INFO - [2025-05-07T19:06:16.637+0000] {dag.py:3036} INFO - Sync 2 DAGs
[2025-05-07T19:06:16.649+0000] {logging_mixin.py:188} INFO - [2025-05-07T19:06:16.649+0000] {dag.py:3823} INFO - Setting next_dagrun for example_xcom_args to None, run_after=None
[2025-05-07T19:06:16.654+0000] {logging_mixin.py:188} INFO - [2025-05-07T19:06:16.653+0000] {dag.py:3823} INFO - Setting next_dagrun for example_xcom_args_with_operators to None, run_after=None
[2025-05-07T19:06:16.672+0000] {processor.py:183} INFO - Processing /home/airflow/.local/lib/python3.8/site-packages/airflow/example_dags/example_xcomargs.py took 0.075 seconds
[2025-05-07T19:06:47.817+0000] {processor.py:161} INFO - Started process (PID=251) to work on /home/airflow/.local/lib/python3.8/site-packages/airflow/example_dags/example_xcomargs.py
[2025-05-07T19:06:47.825+0000] {processor.py:830} INFO - Processing file /home/airflow/.local/lib/python3.8/site-packages/airflow/example_dags/example_xcomargs.py for tasks to queue
[2025-05-07T19:06:47.830+0000] {logging_mixin.py:188} INFO - [2025-05-07T19:06:47.829+0000] {dagbag.py:538} INFO - Filling up the DagBag from /home/airflow/.local/lib/python3.8/site-packages/airflow/example_dags/example_xcomargs.py
[2025-05-07T19:06:47.846+0000] {processor.py:840} INFO - DAG(s) 'example_xcom_args_with_operators', 'example_xcom_args' retrieved from /home/airflow/.local/lib/python3.8/site-packages/airflow/example_dags/example_xcomargs.py
[2025-05-07T19:06:47.880+0000] {logging_mixin.py:188} INFO - [2025-05-07T19:06:47.880+0000] {dag.py:3036} INFO - Sync 2 DAGs
[2025-05-07T19:06:47.893+0000] {logging_mixin.py:188} INFO - [2025-05-07T19:06:47.892+0000] {dag.py:3823} INFO - Setting next_dagrun for example_xcom_args to None, run_after=None
[2025-05-07T19:06:47.897+0000] {logging_mixin.py:188} INFO - [2025-05-07T19:06:47.897+0000] {dag.py:3823} INFO - Setting next_dagrun for example_xcom_args_with_operators to None, run_after=None
[2025-05-07T19:06:47.916+0000] {processor.py:183} INFO - Processing /home/airflow/.local/lib/python3.8/site-packages/airflow/example_dags/example_xcomargs.py took 0.104 seconds
[2025-05-07T19:07:18.384+0000] {processor.py:161} INFO - Started process (PID=306) to work on /home/airflow/.local/lib/python3.8/site-packages/airflow/example_dags/example_xcomargs.py
[2025-05-07T19:07:18.388+0000] {processor.py:830} INFO - Processing file /home/airflow/.local/lib/python3.8/site-packages/airflow/example_dags/example_xcomargs.py for tasks to queue
[2025-05-07T19:07:18.391+0000] {logging_mixin.py:188} INFO - [2025-05-07T19:07:18.391+0000] {dagbag.py:538} INFO - Filling up the DagBag from /home/airflow/.local/lib/python3.8/site-packages/airflow/example_dags/example_xcomargs.py
[2025-05-07T19:07:18.406+0000] {processor.py:840} INFO - DAG(s) 'example_xcom_args_with_operators', 'example_xcom_args' retrieved from /home/airflow/.local/lib/python3.8/site-packages/airflow/example_dags/example_xcomargs.py
[2025-05-07T19:07:18.455+0000] {logging_mixin.py:188} INFO - [2025-05-07T19:07:18.455+0000] {dag.py:3036} INFO - Sync 2 DAGs
[2025-05-07T19:07:18.477+0000] {logging_mixin.py:188} INFO - [2025-05-07T19:07:18.477+0000] {dag.py:3823} INFO - Setting next_dagrun for example_xcom_args to None, run_after=None
[2025-05-07T19:07:18.483+0000] {logging_mixin.py:188} INFO - [2025-05-07T19:07:18.483+0000] {dag.py:3823} INFO - Setting next_dagrun for example_xcom_args_with_operators to None, run_after=None
[2025-05-07T19:07:18.516+0000] {processor.py:183} INFO - Processing /home/airflow/.local/lib/python3.8/site-packages/airflow/example_dags/example_xcomargs.py took 0.139 seconds
[2025-05-07T19:07:48.821+0000] {processor.py:161} INFO - Started process (PID=361) to work on /home/airflow/.local/lib/python3.8/site-packages/airflow/example_dags/example_xcomargs.py
[2025-05-07T19:07:48.823+0000] {processor.py:830} INFO - Processing file /home/airflow/.local/lib/python3.8/site-packages/airflow/example_dags/example_xcomargs.py for tasks to queue
[2025-05-07T19:07:48.825+0000] {logging_mixin.py:188} INFO - [2025-05-07T19:07:48.825+0000] {dagbag.py:538} INFO - Filling up the DagBag from /home/airflow/.local/lib/python3.8/site-packages/airflow/example_dags/example_xcomargs.py
[2025-05-07T19:07:48.834+0000] {processor.py:840} INFO - DAG(s) 'example_xcom_args', 'example_xcom_args_with_operators' retrieved from /home/airflow/.local/lib/python3.8/site-packages/airflow/example_dags/example_xcomargs.py
[2025-05-07T19:07:48.859+0000] {logging_mixin.py:188} INFO - [2025-05-07T19:07:48.859+0000] {dag.py:3036} INFO - Sync 2 DAGs
[2025-05-07T19:07:48.872+0000] {logging_mixin.py:188} INFO - [2025-05-07T19:07:48.872+0000] {dag.py:3823} INFO - Setting next_dagrun for example_xcom_args to None, run_after=None
[2025-05-07T19:07:48.877+0000] {logging_mixin.py:188} INFO - [2025-05-07T19:07:48.876+0000] {dag.py:3823} INFO - Setting next_dagrun for example_xcom_args_with_operators to None, run_after=None
[2025-05-07T19:07:48.895+0000] {processor.py:183} INFO - Processing /home/airflow/.local/lib/python3.8/site-packages/airflow/example_dags/example_xcomargs.py took 0.077 seconds
[2025-05-07T19:08:19.326+0000] {processor.py:161} INFO - Started process (PID=416) to work on /home/airflow/.local/lib/python3.8/site-packages/airflow/example_dags/example_xcomargs.py
[2025-05-07T19:08:19.327+0000] {processor.py:830} INFO - Processing file /home/airflow/.local/lib/python3.8/site-packages/airflow/example_dags/example_xcomargs.py for tasks to queue
[2025-05-07T19:08:19.329+0000] {logging_mixin.py:188} INFO - [2025-05-07T19:08:19.329+0000] {dagbag.py:538} INFO - Filling up the DagBag from /home/airflow/.local/lib/python3.8/site-packages/airflow/example_dags/example_xcomargs.py
[2025-05-07T19:08:19.337+0000] {processor.py:840} INFO - DAG(s) 'example_xcom_args', 'example_xcom_args_with_operators' retrieved from /home/airflow/.local/lib/python3.8/site-packages/airflow/example_dags/example_xcomargs.py
[2025-05-07T19:08:19.362+0000] {logging_mixin.py:188} INFO - [2025-05-07T19:08:19.362+0000] {dag.py:3036} INFO - Sync 2 DAGs
[2025-05-07T19:08:19.373+0000] {logging_mixin.py:188} INFO - [2025-05-07T19:08:19.373+0000] {dag.py:3823} INFO - Setting next_dagrun for example_xcom_args to None, run_after=None
[2025-05-07T19:08:19.377+0000] {logging_mixin.py:188} INFO - [2025-05-07T19:08:19.377+0000] {dag.py:3823} INFO - Setting next_dagrun for example_xcom_args_with_operators to None, run_after=None
[2025-05-07T19:08:19.422+0000] {processor.py:183} INFO - Processing /home/airflow/.local/lib/python3.8/site-packages/airflow/example_dags/example_xcomargs.py took 0.099 seconds
[2025-05-07T19:08:49.506+0000] {processor.py:161} INFO - Started process (PID=471) to work on /home/airflow/.local/lib/python3.8/site-packages/airflow/example_dags/example_xcomargs.py
[2025-05-07T19:08:49.508+0000] {processor.py:830} INFO - Processing file /home/airflow/.local/lib/python3.8/site-packages/airflow/example_dags/example_xcomargs.py for tasks to queue
[2025-05-07T19:08:49.511+0000] {logging_mixin.py:188} INFO - [2025-05-07T19:08:49.511+0000] {dagbag.py:538} INFO - Filling up the DagBag from /home/airflow/.local/lib/python3.8/site-packages/airflow/example_dags/example_xcomargs.py
[2025-05-07T19:08:49.520+0000] {processor.py:840} INFO - DAG(s) 'example_xcom_args_with_operators', 'example_xcom_args' retrieved from /home/airflow/.local/lib/python3.8/site-packages/airflow/example_dags/example_xcomargs.py
[2025-05-07T19:08:49.556+0000] {logging_mixin.py:188} INFO - [2025-05-07T19:08:49.556+0000] {dag.py:3036} INFO - Sync 2 DAGs
[2025-05-07T19:08:49.568+0000] {logging_mixin.py:188} INFO - [2025-05-07T19:08:49.568+0000] {dag.py:3823} INFO - Setting next_dagrun for example_xcom_args to None, run_after=None
[2025-05-07T19:08:49.573+0000] {logging_mixin.py:188} INFO - [2025-05-07T19:08:49.573+0000] {dag.py:3823} INFO - Setting next_dagrun for example_xcom_args_with_operators to None, run_after=None
[2025-05-07T19:08:49.595+0000] {processor.py:183} INFO - Processing /home/airflow/.local/lib/python3.8/site-packages/airflow/example_dags/example_xcomargs.py took 0.093 seconds
[2025-05-07T19:09:20.259+0000] {processor.py:161} INFO - Started process (PID=526) to work on /home/airflow/.local/lib/python3.8/site-packages/airflow/example_dags/example_xcomargs.py
[2025-05-07T19:09:20.261+0000] {processor.py:830} INFO - Processing file /home/airflow/.local/lib/python3.8/site-packages/airflow/example_dags/example_xcomargs.py for tasks to queue
[2025-05-07T19:09:20.264+0000] {logging_mixin.py:188} INFO - [2025-05-07T19:09:20.263+0000] {dagbag.py:538} INFO - Filling up the DagBag from /home/airflow/.local/lib/python3.8/site-packages/airflow/example_dags/example_xcomargs.py
[2025-05-07T19:09:20.272+0000] {processor.py:840} INFO - DAG(s) 'example_xcom_args', 'example_xcom_args_with_operators' retrieved from /home/airflow/.local/lib/python3.8/site-packages/airflow/example_dags/example_xcomargs.py
[2025-05-07T19:09:20.298+0000] {logging_mixin.py:188} INFO - [2025-05-07T19:09:20.298+0000] {dag.py:3036} INFO - Sync 2 DAGs
[2025-05-07T19:09:20.311+0000] {logging_mixin.py:188} INFO - [2025-05-07T19:09:20.310+0000] {dag.py:3823} INFO - Setting next_dagrun for example_xcom_args to None, run_after=None
[2025-05-07T19:09:20.316+0000] {logging_mixin.py:188} INFO - [2025-05-07T19:09:20.316+0000] {dag.py:3823} INFO - Setting next_dagrun for example_xcom_args_with_operators to None, run_after=None
[2025-05-07T19:09:20.338+0000] {processor.py:183} INFO - Processing /home/airflow/.local/lib/python3.8/site-packages/airflow/example_dags/example_xcomargs.py took 0.084 seconds
[2025-05-07T19:09:51.400+0000] {processor.py:161} INFO - Started process (PID=581) to work on /home/airflow/.local/lib/python3.8/site-packages/airflow/example_dags/example_xcomargs.py
[2025-05-07T19:09:51.402+0000] {processor.py:830} INFO - Processing file /home/airflow/.local/lib/python3.8/site-packages/airflow/example_dags/example_xcomargs.py for tasks to queue
[2025-05-07T19:09:51.405+0000] {logging_mixin.py:188} INFO - [2025-05-07T19:09:51.405+0000] {dagbag.py:538} INFO - Filling up the DagBag from /home/airflow/.local/lib/python3.8/site-packages/airflow/example_dags/example_xcomargs.py
[2025-05-07T19:09:51.415+0000] {processor.py:840} INFO - DAG(s) 'example_xcom_args_with_operators', 'example_xcom_args' retrieved from /home/airflow/.local/lib/python3.8/site-packages/airflow/example_dags/example_xcomargs.py
[2025-05-07T19:09:51.447+0000] {logging_mixin.py:188} INFO - [2025-05-07T19:09:51.447+0000] {dag.py:3036} INFO - Sync 2 DAGs
[2025-05-07T19:09:51.466+0000] {logging_mixin.py:188} INFO - [2025-05-07T19:09:51.465+0000] {dag.py:3823} INFO - Setting next_dagrun for example_xcom_args to None, run_after=None
[2025-05-07T19:09:51.475+0000] {logging_mixin.py:188} INFO - [2025-05-07T19:09:51.475+0000] {dag.py:3823} INFO - Setting next_dagrun for example_xcom_args_with_operators to None, run_after=None
[2025-05-07T19:09:51.517+0000] {processor.py:183} INFO - Processing /home/airflow/.local/lib/python3.8/site-packages/airflow/example_dags/example_xcomargs.py took 0.121 seconds
[2025-05-07T19:10:22.367+0000] {processor.py:161} INFO - Started process (PID=638) to work on /home/airflow/.local/lib/python3.8/site-packages/airflow/example_dags/example_xcomargs.py
[2025-05-07T19:10:22.370+0000] {processor.py:830} INFO - Processing file /home/airflow/.local/lib/python3.8/site-packages/airflow/example_dags/example_xcomargs.py for tasks to queue
[2025-05-07T19:10:22.372+0000] {logging_mixin.py:188} INFO - [2025-05-07T19:10:22.372+0000] {dagbag.py:538} INFO - Filling up the DagBag from /home/airflow/.local/lib/python3.8/site-packages/airflow/example_dags/example_xcomargs.py
[2025-05-07T19:10:22.383+0000] {processor.py:840} INFO - DAG(s) 'example_xcom_args_with_operators', 'example_xcom_args' retrieved from /home/airflow/.local/lib/python3.8/site-packages/airflow/example_dags/example_xcomargs.py
[2025-05-07T19:10:22.413+0000] {logging_mixin.py:188} INFO - [2025-05-07T19:10:22.413+0000] {dag.py:3036} INFO - Sync 2 DAGs
[2025-05-07T19:10:22.428+0000] {logging_mixin.py:188} INFO - [2025-05-07T19:10:22.427+0000] {dag.py:3823} INFO - Setting next_dagrun for example_xcom_args to None, run_after=None
[2025-05-07T19:10:22.433+0000] {logging_mixin.py:188} INFO - [2025-05-07T19:10:22.433+0000] {dag.py:3823} INFO - Setting next_dagrun for example_xcom_args_with_operators to None, run_after=None
[2025-05-07T19:10:22.457+0000] {processor.py:183} INFO - Processing /home/airflow/.local/lib/python3.8/site-packages/airflow/example_dags/example_xcomargs.py took 0.094 seconds
[2025-05-07T19:10:53.065+0000] {processor.py:161} INFO - Started process (PID=694) to work on /home/airflow/.local/lib/python3.8/site-packages/airflow/example_dags/example_xcomargs.py
[2025-05-07T19:10:53.068+0000] {processor.py:830} INFO - Processing file /home/airflow/.local/lib/python3.8/site-packages/airflow/example_dags/example_xcomargs.py for tasks to queue
[2025-05-07T19:10:53.073+0000] {logging_mixin.py:188} INFO - [2025-05-07T19:10:53.072+0000] {dagbag.py:538} INFO - Filling up the DagBag from /home/airflow/.local/lib/python3.8/site-packages/airflow/example_dags/example_xcomargs.py
[2025-05-07T19:10:53.091+0000] {processor.py:840} INFO - DAG(s) 'example_xcom_args_with_operators', 'example_xcom_args' retrieved from /home/airflow/.local/lib/python3.8/site-packages/airflow/example_dags/example_xcomargs.py
[2025-05-07T19:10:53.122+0000] {logging_mixin.py:188} INFO - [2025-05-07T19:10:53.122+0000] {dag.py:3036} INFO - Sync 2 DAGs
[2025-05-07T19:10:53.134+0000] {logging_mixin.py:188} INFO - [2025-05-07T19:10:53.133+0000] {dag.py:3823} INFO - Setting next_dagrun for example_xcom_args to None, run_after=None
[2025-05-07T19:10:53.137+0000] {logging_mixin.py:188} INFO - [2025-05-07T19:10:53.137+0000] {dag.py:3823} INFO - Setting next_dagrun for example_xcom_args_with_operators to None, run_after=None
[2025-05-07T19:10:53.156+0000] {processor.py:183} INFO - Processing /home/airflow/.local/lib/python3.8/site-packages/airflow/example_dags/example_xcomargs.py took 0.096 seconds
[2025-05-07T19:11:23.838+0000] {processor.py:161} INFO - Started process (PID=754) to work on /home/airflow/.local/lib/python3.8/site-packages/airflow/example_dags/example_xcomargs.py
[2025-05-07T19:11:23.840+0000] {processor.py:830} INFO - Processing file /home/airflow/.local/lib/python3.8/site-packages/airflow/example_dags/example_xcomargs.py for tasks to queue
[2025-05-07T19:11:23.844+0000] {logging_mixin.py:188} INFO - [2025-05-07T19:11:23.844+0000] {dagbag.py:538} INFO - Filling up the DagBag from /home/airflow/.local/lib/python3.8/site-packages/airflow/example_dags/example_xcomargs.py
[2025-05-07T19:11:23.852+0000] {processor.py:840} INFO - DAG(s) 'example_xcom_args', 'example_xcom_args_with_operators' retrieved from /home/airflow/.local/lib/python3.8/site-packages/airflow/example_dags/example_xcomargs.py
[2025-05-07T19:11:23.877+0000] {logging_mixin.py:188} INFO - [2025-05-07T19:11:23.877+0000] {dag.py:3036} INFO - Sync 2 DAGs
[2025-05-07T19:11:23.889+0000] {logging_mixin.py:188} INFO - [2025-05-07T19:11:23.889+0000] {dag.py:3823} INFO - Setting next_dagrun for example_xcom_args to None, run_after=None
[2025-05-07T19:11:23.895+0000] {logging_mixin.py:188} INFO - [2025-05-07T19:11:23.895+0000] {dag.py:3823} INFO - Setting next_dagrun for example_xcom_args_with_operators to None, run_after=None
[2025-05-07T19:11:23.919+0000] {processor.py:183} INFO - Processing /home/airflow/.local/lib/python3.8/site-packages/airflow/example_dags/example_xcomargs.py took 0.084 seconds
[2025-05-07T19:11:54.888+0000] {processor.py:161} INFO - Started process (PID=814) to work on /home/airflow/.local/lib/python3.8/site-packages/airflow/example_dags/example_xcomargs.py
[2025-05-07T19:11:54.891+0000] {processor.py:830} INFO - Processing file /home/airflow/.local/lib/python3.8/site-packages/airflow/example_dags/example_xcomargs.py for tasks to queue
[2025-05-07T19:11:54.895+0000] {logging_mixin.py:188} INFO - [2025-05-07T19:11:54.895+0000] {dagbag.py:538} INFO - Filling up the DagBag from /home/airflow/.local/lib/python3.8/site-packages/airflow/example_dags/example_xcomargs.py
[2025-05-07T19:11:54.911+0000] {processor.py:840} INFO - DAG(s) 'example_xcom_args_with_operators', 'example_xcom_args' retrieved from /home/airflow/.local/lib/python3.8/site-packages/airflow/example_dags/example_xcomargs.py
[2025-05-07T19:11:54.939+0000] {logging_mixin.py:188} INFO - [2025-05-07T19:11:54.938+0000] {dag.py:3036} INFO - Sync 2 DAGs
[2025-05-07T19:11:54.951+0000] {logging_mixin.py:188} INFO - [2025-05-07T19:11:54.951+0000] {dag.py:3823} INFO - Setting next_dagrun for example_xcom_args to None, run_after=None
[2025-05-07T19:11:54.957+0000] {logging_mixin.py:188} INFO - [2025-05-07T19:11:54.957+0000] {dag.py:3823} INFO - Setting next_dagrun for example_xcom_args_with_operators to None, run_after=None
[2025-05-07T19:11:54.980+0000] {processor.py:183} INFO - Processing /home/airflow/.local/lib/python3.8/site-packages/airflow/example_dags/example_xcomargs.py took 0.098 seconds
[2025-05-07T19:12:25.618+0000] {processor.py:161} INFO - Started process (PID=870) to work on /home/airflow/.local/lib/python3.8/site-packages/airflow/example_dags/example_xcomargs.py
[2025-05-07T19:12:25.620+0000] {processor.py:830} INFO - Processing file /home/airflow/.local/lib/python3.8/site-packages/airflow/example_dags/example_xcomargs.py for tasks to queue
[2025-05-07T19:12:25.624+0000] {logging_mixin.py:188} INFO - [2025-05-07T19:12:25.623+0000] {dagbag.py:538} INFO - Filling up the DagBag from /home/airflow/.local/lib/python3.8/site-packages/airflow/example_dags/example_xcomargs.py
[2025-05-07T19:12:25.641+0000] {processor.py:840} INFO - DAG(s) 'example_xcom_args_with_operators', 'example_xcom_args' retrieved from /home/airflow/.local/lib/python3.8/site-packages/airflow/example_dags/example_xcomargs.py
[2025-05-07T19:12:25.668+0000] {logging_mixin.py:188} INFO - [2025-05-07T19:12:25.668+0000] {dag.py:3036} INFO - Sync 2 DAGs
[2025-05-07T19:12:25.681+0000] {logging_mixin.py:188} INFO - [2025-05-07T19:12:25.680+0000] {dag.py:3823} INFO - Setting next_dagrun for example_xcom_args to None, run_after=None
[2025-05-07T19:12:25.685+0000] {logging_mixin.py:188} INFO - [2025-05-07T19:12:25.685+0000] {dag.py:3823} INFO - Setting next_dagrun for example_xcom_args_with_operators to None, run_after=None
[2025-05-07T19:12:25.708+0000] {processor.py:183} INFO - Processing /home/airflow/.local/lib/python3.8/site-packages/airflow/example_dags/example_xcomargs.py took 0.095 seconds
[2025-05-07T19:12:56.032+0000] {processor.py:161} INFO - Started process (PID=926) to work on /home/airflow/.local/lib/python3.8/site-packages/airflow/example_dags/example_xcomargs.py
[2025-05-07T19:12:56.033+0000] {processor.py:830} INFO - Processing file /home/airflow/.local/lib/python3.8/site-packages/airflow/example_dags/example_xcomargs.py for tasks to queue
[2025-05-07T19:12:56.036+0000] {logging_mixin.py:188} INFO - [2025-05-07T19:12:56.035+0000] {dagbag.py:538} INFO - Filling up the DagBag from /home/airflow/.local/lib/python3.8/site-packages/airflow/example_dags/example_xcomargs.py
[2025-05-07T19:12:56.043+0000] {processor.py:840} INFO - DAG(s) 'example_xcom_args', 'example_xcom_args_with_operators' retrieved from /home/airflow/.local/lib/python3.8/site-packages/airflow/example_dags/example_xcomargs.py
[2025-05-07T19:12:56.068+0000] {logging_mixin.py:188} INFO - [2025-05-07T19:12:56.068+0000] {dag.py:3036} INFO - Sync 2 DAGs
[2025-05-07T19:12:56.080+0000] {logging_mixin.py:188} INFO - [2025-05-07T19:12:56.080+0000] {dag.py:3823} INFO - Setting next_dagrun for example_xcom_args to None, run_after=None
[2025-05-07T19:12:56.085+0000] {logging_mixin.py:188} INFO - [2025-05-07T19:12:56.085+0000] {dag.py:3823} INFO - Setting next_dagrun for example_xcom_args_with_operators to None, run_after=None
[2025-05-07T19:12:56.107+0000] {processor.py:183} INFO - Processing /home/airflow/.local/lib/python3.8/site-packages/airflow/example_dags/example_xcomargs.py took 0.079 seconds
[2025-05-07T19:13:27.255+0000] {processor.py:161} INFO - Started process (PID=983) to work on /home/airflow/.local/lib/python3.8/site-packages/airflow/example_dags/example_xcomargs.py
[2025-05-07T19:13:27.256+0000] {processor.py:830} INFO - Processing file /home/airflow/.local/lib/python3.8/site-packages/airflow/example_dags/example_xcomargs.py for tasks to queue
[2025-05-07T19:13:27.258+0000] {logging_mixin.py:188} INFO - [2025-05-07T19:13:27.258+0000] {dagbag.py:538} INFO - Filling up the DagBag from /home/airflow/.local/lib/python3.8/site-packages/airflow/example_dags/example_xcomargs.py
[2025-05-07T19:13:27.266+0000] {processor.py:840} INFO - DAG(s) 'example_xcom_args_with_operators', 'example_xcom_args' retrieved from /home/airflow/.local/lib/python3.8/site-packages/airflow/example_dags/example_xcomargs.py
[2025-05-07T19:13:27.288+0000] {logging_mixin.py:188} INFO - [2025-05-07T19:13:27.288+0000] {dag.py:3036} INFO - Sync 2 DAGs
[2025-05-07T19:13:27.301+0000] {logging_mixin.py:188} INFO - [2025-05-07T19:13:27.301+0000] {dag.py:3823} INFO - Setting next_dagrun for example_xcom_args to None, run_after=None
[2025-05-07T19:13:27.304+0000] {logging_mixin.py:188} INFO - [2025-05-07T19:13:27.304+0000] {dag.py:3823} INFO - Setting next_dagrun for example_xcom_args_with_operators to None, run_after=None
[2025-05-07T19:13:27.321+0000] {processor.py:183} INFO - Processing /home/airflow/.local/lib/python3.8/site-packages/airflow/example_dags/example_xcomargs.py took 0.069 seconds
[2025-05-07T19:13:57.461+0000] {processor.py:161} INFO - Started process (PID=1039) to work on /home/airflow/.local/lib/python3.8/site-packages/airflow/example_dags/example_xcomargs.py
[2025-05-07T19:13:57.462+0000] {processor.py:830} INFO - Processing file /home/airflow/.local/lib/python3.8/site-packages/airflow/example_dags/example_xcomargs.py for tasks to queue
[2025-05-07T19:13:57.465+0000] {logging_mixin.py:188} INFO - [2025-05-07T19:13:57.464+0000] {dagbag.py:538} INFO - Filling up the DagBag from /home/airflow/.local/lib/python3.8/site-packages/airflow/example_dags/example_xcomargs.py
[2025-05-07T19:13:57.477+0000] {processor.py:840} INFO - DAG(s) 'example_xcom_args', 'example_xcom_args_with_operators' retrieved from /home/airflow/.local/lib/python3.8/site-packages/airflow/example_dags/example_xcomargs.py
[2025-05-07T19:13:57.509+0000] {logging_mixin.py:188} INFO - [2025-05-07T19:13:57.509+0000] {dag.py:3036} INFO - Sync 2 DAGs
[2025-05-07T19:13:57.524+0000] {logging_mixin.py:188} INFO - [2025-05-07T19:13:57.524+0000] {dag.py:3823} INFO - Setting next_dagrun for example_xcom_args to None, run_after=None
[2025-05-07T19:13:57.529+0000] {logging_mixin.py:188} INFO - [2025-05-07T19:13:57.529+0000] {dag.py:3823} INFO - Setting next_dagrun for example_xcom_args_with_operators to None, run_after=None
[2025-05-07T19:13:57.555+0000] {processor.py:183} INFO - Processing /home/airflow/.local/lib/python3.8/site-packages/airflow/example_dags/example_xcomargs.py took 0.099 seconds
[2025-05-07T19:14:27.871+0000] {processor.py:161} INFO - Started process (PID=1095) to work on /home/airflow/.local/lib/python3.8/site-packages/airflow/example_dags/example_xcomargs.py
[2025-05-07T19:14:27.873+0000] {processor.py:830} INFO - Processing file /home/airflow/.local/lib/python3.8/site-packages/airflow/example_dags/example_xcomargs.py for tasks to queue
[2025-05-07T19:14:27.875+0000] {logging_mixin.py:188} INFO - [2025-05-07T19:14:27.875+0000] {dagbag.py:538} INFO - Filling up the DagBag from /home/airflow/.local/lib/python3.8/site-packages/airflow/example_dags/example_xcomargs.py
[2025-05-07T19:14:27.883+0000] {processor.py:840} INFO - DAG(s) 'example_xcom_args', 'example_xcom_args_with_operators' retrieved from /home/airflow/.local/lib/python3.8/site-packages/airflow/example_dags/example_xcomargs.py
[2025-05-07T19:14:27.908+0000] {logging_mixin.py:188} INFO - [2025-05-07T19:14:27.908+0000] {dag.py:3036} INFO - Sync 2 DAGs
[2025-05-07T19:14:27.921+0000] {logging_mixin.py:188} INFO - [2025-05-07T19:14:27.920+0000] {dag.py:3823} INFO - Setting next_dagrun for example_xcom_args to None, run_after=None
[2025-05-07T19:14:27.925+0000] {logging_mixin.py:188} INFO - [2025-05-07T19:14:27.924+0000] {dag.py:3823} INFO - Setting next_dagrun for example_xcom_args_with_operators to None, run_after=None
[2025-05-07T19:14:27.946+0000] {processor.py:183} INFO - Processing /home/airflow/.local/lib/python3.8/site-packages/airflow/example_dags/example_xcomargs.py took 0.078 seconds
[2025-05-07T19:14:58.266+0000] {processor.py:161} INFO - Started process (PID=1151) to work on /home/airflow/.local/lib/python3.8/site-packages/airflow/example_dags/example_xcomargs.py
[2025-05-07T19:14:58.268+0000] {processor.py:830} INFO - Processing file /home/airflow/.local/lib/python3.8/site-packages/airflow/example_dags/example_xcomargs.py for tasks to queue
[2025-05-07T19:14:58.270+0000] {logging_mixin.py:188} INFO - [2025-05-07T19:14:58.269+0000] {dagbag.py:538} INFO - Filling up the DagBag from /home/airflow/.local/lib/python3.8/site-packages/airflow/example_dags/example_xcomargs.py
[2025-05-07T19:14:58.279+0000] {processor.py:840} INFO - DAG(s) 'example_xcom_args', 'example_xcom_args_with_operators' retrieved from /home/airflow/.local/lib/python3.8/site-packages/airflow/example_dags/example_xcomargs.py
[2025-05-07T19:14:58.302+0000] {logging_mixin.py:188} INFO - [2025-05-07T19:14:58.302+0000] {dag.py:3036} INFO - Sync 2 DAGs
[2025-05-07T19:14:58.315+0000] {logging_mixin.py:188} INFO - [2025-05-07T19:14:58.314+0000] {dag.py:3823} INFO - Setting next_dagrun for example_xcom_args to None, run_after=None
[2025-05-07T19:14:58.319+0000] {logging_mixin.py:188} INFO - [2025-05-07T19:14:58.318+0000] {dag.py:3823} INFO - Setting next_dagrun for example_xcom_args_with_operators to None, run_after=None
[2025-05-07T19:14:58.339+0000] {processor.py:183} INFO - Processing /home/airflow/.local/lib/python3.8/site-packages/airflow/example_dags/example_xcomargs.py took 0.076 seconds
[2025-05-07T19:15:28.731+0000] {processor.py:161} INFO - Started process (PID=1207) to work on /home/airflow/.local/lib/python3.8/site-packages/airflow/example_dags/example_xcomargs.py
[2025-05-07T19:15:28.733+0000] {processor.py:830} INFO - Processing file /home/airflow/.local/lib/python3.8/site-packages/airflow/example_dags/example_xcomargs.py for tasks to queue
[2025-05-07T19:15:28.735+0000] {logging_mixin.py:188} INFO - [2025-05-07T19:15:28.735+0000] {dagbag.py:538} INFO - Filling up the DagBag from /home/airflow/.local/lib/python3.8/site-packages/airflow/example_dags/example_xcomargs.py
[2025-05-07T19:15:28.746+0000] {processor.py:840} INFO - DAG(s) 'example_xcom_args', 'example_xcom_args_with_operators' retrieved from /home/airflow/.local/lib/python3.8/site-packages/airflow/example_dags/example_xcomargs.py
[2025-05-07T19:15:28.779+0000] {logging_mixin.py:188} INFO - [2025-05-07T19:15:28.779+0000] {dag.py:3036} INFO - Sync 2 DAGs
[2025-05-07T19:15:28.796+0000] {logging_mixin.py:188} INFO - [2025-05-07T19:15:28.796+0000] {dag.py:3823} INFO - Setting next_dagrun for example_xcom_args to None, run_after=None
[2025-05-07T19:15:28.801+0000] {logging_mixin.py:188} INFO - [2025-05-07T19:15:28.801+0000] {dag.py:3823} INFO - Setting next_dagrun for example_xcom_args_with_operators to None, run_after=None
[2025-05-07T19:15:28.824+0000] {processor.py:183} INFO - Processing /home/airflow/.local/lib/python3.8/site-packages/airflow/example_dags/example_xcomargs.py took 0.097 seconds
[2025-05-07T19:15:59.781+0000] {processor.py:161} INFO - Started process (PID=1263) to work on /home/airflow/.local/lib/python3.8/site-packages/airflow/example_dags/example_xcomargs.py
[2025-05-07T19:15:59.783+0000] {processor.py:830} INFO - Processing file /home/airflow/.local/lib/python3.8/site-packages/airflow/example_dags/example_xcomargs.py for tasks to queue
[2025-05-07T19:15:59.785+0000] {logging_mixin.py:188} INFO - [2025-05-07T19:15:59.784+0000] {dagbag.py:538} INFO - Filling up the DagBag from /home/airflow/.local/lib/python3.8/site-packages/airflow/example_dags/example_xcomargs.py
[2025-05-07T19:15:59.792+0000] {processor.py:840} INFO - DAG(s) 'example_xcom_args_with_operators', 'example_xcom_args' retrieved from /home/airflow/.local/lib/python3.8/site-packages/airflow/example_dags/example_xcomargs.py
[2025-05-07T19:15:59.814+0000] {logging_mixin.py:188} INFO - [2025-05-07T19:15:59.813+0000] {dag.py:3036} INFO - Sync 2 DAGs
[2025-05-07T19:15:59.825+0000] {logging_mixin.py:188} INFO - [2025-05-07T19:15:59.825+0000] {dag.py:3823} INFO - Setting next_dagrun for example_xcom_args to None, run_after=None
[2025-05-07T19:15:59.829+0000] {logging_mixin.py:188} INFO - [2025-05-07T19:15:59.829+0000] {dag.py:3823} INFO - Setting next_dagrun for example_xcom_args_with_operators to None, run_after=None
[2025-05-07T19:15:59.847+0000] {processor.py:183} INFO - Processing /home/airflow/.local/lib/python3.8/site-packages/airflow/example_dags/example_xcomargs.py took 0.069 seconds
[2025-05-07T19:16:30.253+0000] {processor.py:161} INFO - Started process (PID=1319) to work on /home/airflow/.local/lib/python3.8/site-packages/airflow/example_dags/example_xcomargs.py
[2025-05-07T19:16:30.254+0000] {processor.py:830} INFO - Processing file /home/airflow/.local/lib/python3.8/site-packages/airflow/example_dags/example_xcomargs.py for tasks to queue
[2025-05-07T19:16:30.256+0000] {logging_mixin.py:188} INFO - [2025-05-07T19:16:30.256+0000] {dagbag.py:538} INFO - Filling up the DagBag from /home/airflow/.local/lib/python3.8/site-packages/airflow/example_dags/example_xcomargs.py
[2025-05-07T19:16:30.265+0000] {processor.py:840} INFO - DAG(s) 'example_xcom_args', 'example_xcom_args_with_operators' retrieved from /home/airflow/.local/lib/python3.8/site-packages/airflow/example_dags/example_xcomargs.py
[2025-05-07T19:16:30.289+0000] {logging_mixin.py:188} INFO - [2025-05-07T19:16:30.289+0000] {dag.py:3036} INFO - Sync 2 DAGs
[2025-05-07T19:16:30.306+0000] {logging_mixin.py:188} INFO - [2025-05-07T19:16:30.306+0000] {dag.py:3823} INFO - Setting next_dagrun for example_xcom_args to None, run_after=None
[2025-05-07T19:16:30.310+0000] {logging_mixin.py:188} INFO - [2025-05-07T19:16:30.310+0000] {dag.py:3823} INFO - Setting next_dagrun for example_xcom_args_with_operators to None, run_after=None
[2025-05-07T19:16:30.341+0000] {processor.py:183} INFO - Processing /home/airflow/.local/lib/python3.8/site-packages/airflow/example_dags/example_xcomargs.py took 0.091 seconds
[2025-05-07T19:17:00.761+0000] {processor.py:161} INFO - Started process (PID=1375) to work on /home/airflow/.local/lib/python3.8/site-packages/airflow/example_dags/example_xcomargs.py
[2025-05-07T19:17:00.762+0000] {processor.py:830} INFO - Processing file /home/airflow/.local/lib/python3.8/site-packages/airflow/example_dags/example_xcomargs.py for tasks to queue
[2025-05-07T19:17:00.765+0000] {logging_mixin.py:188} INFO - [2025-05-07T19:17:00.765+0000] {dagbag.py:538} INFO - Filling up the DagBag from /home/airflow/.local/lib/python3.8/site-packages/airflow/example_dags/example_xcomargs.py
[2025-05-07T19:17:00.776+0000] {processor.py:840} INFO - DAG(s) 'example_xcom_args_with_operators', 'example_xcom_args' retrieved from /home/airflow/.local/lib/python3.8/site-packages/airflow/example_dags/example_xcomargs.py
[2025-05-07T19:17:00.806+0000] {logging_mixin.py:188} INFO - [2025-05-07T19:17:00.806+0000] {dag.py:3036} INFO - Sync 2 DAGs
[2025-05-07T19:17:00.820+0000] {logging_mixin.py:188} INFO - [2025-05-07T19:17:00.820+0000] {dag.py:3823} INFO - Setting next_dagrun for example_xcom_args to None, run_after=None
[2025-05-07T19:17:00.824+0000] {logging_mixin.py:188} INFO - [2025-05-07T19:17:00.824+0000] {dag.py:3823} INFO - Setting next_dagrun for example_xcom_args_with_operators to None, run_after=None
[2025-05-07T19:17:00.842+0000] {processor.py:183} INFO - Processing /home/airflow/.local/lib/python3.8/site-packages/airflow/example_dags/example_xcomargs.py took 0.086 seconds
[2025-05-07T19:17:31.522+0000] {processor.py:161} INFO - Started process (PID=1431) to work on /home/airflow/.local/lib/python3.8/site-packages/airflow/example_dags/example_xcomargs.py
[2025-05-07T19:17:31.524+0000] {processor.py:830} INFO - Processing file /home/airflow/.local/lib/python3.8/site-packages/airflow/example_dags/example_xcomargs.py for tasks to queue
[2025-05-07T19:17:31.527+0000] {logging_mixin.py:188} INFO - [2025-05-07T19:17:31.527+0000] {dagbag.py:538} INFO - Filling up the DagBag from /home/airflow/.local/lib/python3.8/site-packages/airflow/example_dags/example_xcomargs.py
[2025-05-07T19:17:31.537+0000] {processor.py:840} INFO - DAG(s) 'example_xcom_args', 'example_xcom_args_with_operators' retrieved from /home/airflow/.local/lib/python3.8/site-packages/airflow/example_dags/example_xcomargs.py
[2025-05-07T19:17:31.568+0000] {logging_mixin.py:188} INFO - [2025-05-07T19:17:31.568+0000] {dag.py:3036} INFO - Sync 2 DAGs
[2025-05-07T19:17:31.582+0000] {logging_mixin.py:188} INFO - [2025-05-07T19:17:31.582+0000] {dag.py:3823} INFO - Setting next_dagrun for example_xcom_args to None, run_after=None
[2025-05-07T19:17:31.586+0000] {logging_mixin.py:188} INFO - [2025-05-07T19:17:31.586+0000] {dag.py:3823} INFO - Setting next_dagrun for example_xcom_args_with_operators to None, run_after=None
[2025-05-07T19:17:31.606+0000] {processor.py:183} INFO - Processing /home/airflow/.local/lib/python3.8/site-packages/airflow/example_dags/example_xcomargs.py took 0.087 seconds
[2025-05-07T19:18:02.513+0000] {processor.py:161} INFO - Started process (PID=1487) to work on /home/airflow/.local/lib/python3.8/site-packages/airflow/example_dags/example_xcomargs.py
[2025-05-07T19:18:02.514+0000] {processor.py:830} INFO - Processing file /home/airflow/.local/lib/python3.8/site-packages/airflow/example_dags/example_xcomargs.py for tasks to queue
[2025-05-07T19:18:02.516+0000] {logging_mixin.py:188} INFO - [2025-05-07T19:18:02.516+0000] {dagbag.py:538} INFO - Filling up the DagBag from /home/airflow/.local/lib/python3.8/site-packages/airflow/example_dags/example_xcomargs.py
[2025-05-07T19:18:02.524+0000] {processor.py:840} INFO - DAG(s) 'example_xcom_args', 'example_xcom_args_with_operators' retrieved from /home/airflow/.local/lib/python3.8/site-packages/airflow/example_dags/example_xcomargs.py
[2025-05-07T19:18:02.548+0000] {logging_mixin.py:188} INFO - [2025-05-07T19:18:02.547+0000] {dag.py:3036} INFO - Sync 2 DAGs
[2025-05-07T19:18:02.560+0000] {logging_mixin.py:188} INFO - [2025-05-07T19:18:02.559+0000] {dag.py:3823} INFO - Setting next_dagrun for example_xcom_args to None, run_after=None
[2025-05-07T19:18:02.563+0000] {logging_mixin.py:188} INFO - [2025-05-07T19:18:02.563+0000] {dag.py:3823} INFO - Setting next_dagrun for example_xcom_args_with_operators to None, run_after=None
[2025-05-07T19:18:02.581+0000] {processor.py:183} INFO - Processing /home/airflow/.local/lib/python3.8/site-packages/airflow/example_dags/example_xcomargs.py took 0.071 seconds
[2025-05-07T19:18:33.028+0000] {processor.py:161} INFO - Started process (PID=1543) to work on /home/airflow/.local/lib/python3.8/site-packages/airflow/example_dags/example_xcomargs.py
[2025-05-07T19:18:33.030+0000] {processor.py:830} INFO - Processing file /home/airflow/.local/lib/python3.8/site-packages/airflow/example_dags/example_xcomargs.py for tasks to queue
[2025-05-07T19:18:33.032+0000] {logging_mixin.py:188} INFO - [2025-05-07T19:18:33.032+0000] {dagbag.py:538} INFO - Filling up the DagBag from /home/airflow/.local/lib/python3.8/site-packages/airflow/example_dags/example_xcomargs.py
[2025-05-07T19:18:33.041+0000] {processor.py:840} INFO - DAG(s) 'example_xcom_args', 'example_xcom_args_with_operators' retrieved from /home/airflow/.local/lib/python3.8/site-packages/airflow/example_dags/example_xcomargs.py
[2025-05-07T19:18:33.064+0000] {logging_mixin.py:188} INFO - [2025-05-07T19:18:33.064+0000] {dag.py:3036} INFO - Sync 2 DAGs
[2025-05-07T19:18:33.077+0000] {logging_mixin.py:188} INFO - [2025-05-07T19:18:33.077+0000] {dag.py:3823} INFO - Setting next_dagrun for example_xcom_args to None, run_after=None
[2025-05-07T19:18:33.081+0000] {logging_mixin.py:188} INFO - [2025-05-07T19:18:33.081+0000] {dag.py:3823} INFO - Setting next_dagrun for example_xcom_args_with_operators to None, run_after=None
[2025-05-07T19:18:33.100+0000] {processor.py:183} INFO - Processing /home/airflow/.local/lib/python3.8/site-packages/airflow/example_dags/example_xcomargs.py took 0.075 seconds
[2025-05-07T19:19:03.368+0000] {processor.py:161} INFO - Started process (PID=1599) to work on /home/airflow/.local/lib/python3.8/site-packages/airflow/example_dags/example_xcomargs.py
[2025-05-07T19:19:03.369+0000] {processor.py:830} INFO - Processing file /home/airflow/.local/lib/python3.8/site-packages/airflow/example_dags/example_xcomargs.py for tasks to queue
[2025-05-07T19:19:03.371+0000] {logging_mixin.py:188} INFO - [2025-05-07T19:19:03.371+0000] {dagbag.py:538} INFO - Filling up the DagBag from /home/airflow/.local/lib/python3.8/site-packages/airflow/example_dags/example_xcomargs.py
[2025-05-07T19:19:03.380+0000] {processor.py:840} INFO - DAG(s) 'example_xcom_args_with_operators', 'example_xcom_args' retrieved from /home/airflow/.local/lib/python3.8/site-packages/airflow/example_dags/example_xcomargs.py
[2025-05-07T19:19:03.402+0000] {logging_mixin.py:188} INFO - [2025-05-07T19:19:03.402+0000] {dag.py:3036} INFO - Sync 2 DAGs
[2025-05-07T19:19:03.414+0000] {logging_mixin.py:188} INFO - [2025-05-07T19:19:03.414+0000] {dag.py:3823} INFO - Setting next_dagrun for example_xcom_args to None, run_after=None
[2025-05-07T19:19:03.419+0000] {logging_mixin.py:188} INFO - [2025-05-07T19:19:03.419+0000] {dag.py:3823} INFO - Setting next_dagrun for example_xcom_args_with_operators to None, run_after=None
[2025-05-07T19:19:03.435+0000] {processor.py:183} INFO - Processing /home/airflow/.local/lib/python3.8/site-packages/airflow/example_dags/example_xcomargs.py took 0.071 seconds
[2025-05-07T19:19:34.295+0000] {processor.py:161} INFO - Started process (PID=1655) to work on /home/airflow/.local/lib/python3.8/site-packages/airflow/example_dags/example_xcomargs.py
[2025-05-07T19:19:34.296+0000] {processor.py:830} INFO - Processing file /home/airflow/.local/lib/python3.8/site-packages/airflow/example_dags/example_xcomargs.py for tasks to queue
[2025-05-07T19:19:34.298+0000] {logging_mixin.py:188} INFO - [2025-05-07T19:19:34.298+0000] {dagbag.py:538} INFO - Filling up the DagBag from /home/airflow/.local/lib/python3.8/site-packages/airflow/example_dags/example_xcomargs.py
[2025-05-07T19:19:34.307+0000] {processor.py:840} INFO - DAG(s) 'example_xcom_args_with_operators', 'example_xcom_args' retrieved from /home/airflow/.local/lib/python3.8/site-packages/airflow/example_dags/example_xcomargs.py
[2025-05-07T19:19:34.341+0000] {logging_mixin.py:188} INFO - [2025-05-07T19:19:34.341+0000] {dag.py:3036} INFO - Sync 2 DAGs
[2025-05-07T19:19:34.353+0000] {logging_mixin.py:188} INFO - [2025-05-07T19:19:34.353+0000] {dag.py:3823} INFO - Setting next_dagrun for example_xcom_args to None, run_after=None
[2025-05-07T19:19:34.357+0000] {logging_mixin.py:188} INFO - [2025-05-07T19:19:34.357+0000] {dag.py:3823} INFO - Setting next_dagrun for example_xcom_args_with_operators to None, run_after=None
[2025-05-07T19:19:34.375+0000] {processor.py:183} INFO - Processing /home/airflow/.local/lib/python3.8/site-packages/airflow/example_dags/example_xcomargs.py took 0.083 seconds
[2025-05-07T19:20:05.211+0000] {processor.py:161} INFO - Started process (PID=1711) to work on /home/airflow/.local/lib/python3.8/site-packages/airflow/example_dags/example_xcomargs.py
[2025-05-07T19:20:05.212+0000] {processor.py:830} INFO - Processing file /home/airflow/.local/lib/python3.8/site-packages/airflow/example_dags/example_xcomargs.py for tasks to queue
[2025-05-07T19:20:05.214+0000] {logging_mixin.py:188} INFO - [2025-05-07T19:20:05.214+0000] {dagbag.py:538} INFO - Filling up the DagBag from /home/airflow/.local/lib/python3.8/site-packages/airflow/example_dags/example_xcomargs.py
[2025-05-07T19:20:05.222+0000] {processor.py:840} INFO - DAG(s) 'example_xcom_args_with_operators', 'example_xcom_args' retrieved from /home/airflow/.local/lib/python3.8/site-packages/airflow/example_dags/example_xcomargs.py
[2025-05-07T19:20:05.248+0000] {logging_mixin.py:188} INFO - [2025-05-07T19:20:05.248+0000] {dag.py:3036} INFO - Sync 2 DAGs
[2025-05-07T19:20:05.260+0000] {logging_mixin.py:188} INFO - [2025-05-07T19:20:05.260+0000] {dag.py:3823} INFO - Setting next_dagrun for example_xcom_args to None, run_after=None
[2025-05-07T19:20:05.264+0000] {logging_mixin.py:188} INFO - [2025-05-07T19:20:05.264+0000] {dag.py:3823} INFO - Setting next_dagrun for example_xcom_args_with_operators to None, run_after=None
[2025-05-07T19:20:05.282+0000] {processor.py:183} INFO - Processing /home/airflow/.local/lib/python3.8/site-packages/airflow/example_dags/example_xcomargs.py took 0.074 seconds
[2025-05-07T19:20:35.570+0000] {processor.py:161} INFO - Started process (PID=1768) to work on /home/airflow/.local/lib/python3.8/site-packages/airflow/example_dags/example_xcomargs.py
[2025-05-07T19:20:35.575+0000] {processor.py:830} INFO - Processing file /home/airflow/.local/lib/python3.8/site-packages/airflow/example_dags/example_xcomargs.py for tasks to queue
[2025-05-07T19:20:35.583+0000] {logging_mixin.py:188} INFO - [2025-05-07T19:20:35.582+0000] {dagbag.py:538} INFO - Filling up the DagBag from /home/airflow/.local/lib/python3.8/site-packages/airflow/example_dags/example_xcomargs.py
[2025-05-07T19:20:35.598+0000] {processor.py:840} INFO - DAG(s) 'example_xcom_args', 'example_xcom_args_with_operators' retrieved from /home/airflow/.local/lib/python3.8/site-packages/airflow/example_dags/example_xcomargs.py
[2025-05-07T19:20:35.637+0000] {logging_mixin.py:188} INFO - [2025-05-07T19:20:35.637+0000] {dag.py:3036} INFO - Sync 2 DAGs
[2025-05-07T19:20:35.656+0000] {logging_mixin.py:188} INFO - [2025-05-07T19:20:35.656+0000] {dag.py:3823} INFO - Setting next_dagrun for example_xcom_args to None, run_after=None
[2025-05-07T19:20:35.662+0000] {logging_mixin.py:188} INFO - [2025-05-07T19:20:35.661+0000] {dag.py:3823} INFO - Setting next_dagrun for example_xcom_args_with_operators to None, run_after=None
[2025-05-07T19:20:35.688+0000] {processor.py:183} INFO - Processing /home/airflow/.local/lib/python3.8/site-packages/airflow/example_dags/example_xcomargs.py took 0.121 seconds
[2025-05-07T19:22:03.564+0000] {processor.py:161} INFO - Started process (PID=89) to work on /home/airflow/.local/lib/python3.8/site-packages/airflow/example_dags/example_xcomargs.py
[2025-05-07T19:22:03.565+0000] {processor.py:830} INFO - Processing file /home/airflow/.local/lib/python3.8/site-packages/airflow/example_dags/example_xcomargs.py for tasks to queue
[2025-05-07T19:22:03.567+0000] {logging_mixin.py:188} INFO - [2025-05-07T19:22:03.567+0000] {dagbag.py:538} INFO - Filling up the DagBag from /home/airflow/.local/lib/python3.8/site-packages/airflow/example_dags/example_xcomargs.py
[2025-05-07T19:22:03.577+0000] {processor.py:840} INFO - DAG(s) 'example_xcom_args_with_operators', 'example_xcom_args' retrieved from /home/airflow/.local/lib/python3.8/site-packages/airflow/example_dags/example_xcomargs.py
[2025-05-07T19:22:03.594+0000] {logging_mixin.py:188} INFO - [2025-05-07T19:22:03.593+0000] {dag.py:3036} INFO - Sync 2 DAGs
[2025-05-07T19:22:03.610+0000] {logging_mixin.py:188} INFO - [2025-05-07T19:22:03.610+0000] {dag.py:3823} INFO - Setting next_dagrun for example_xcom_args to None, run_after=None
[2025-05-07T19:22:03.616+0000] {logging_mixin.py:188} INFO - [2025-05-07T19:22:03.616+0000] {dag.py:3823} INFO - Setting next_dagrun for example_xcom_args_with_operators to None, run_after=None
[2025-05-07T19:22:03.638+0000] {processor.py:183} INFO - Processing /home/airflow/.local/lib/python3.8/site-packages/airflow/example_dags/example_xcomargs.py took 0.077 seconds
[2025-05-07T19:22:34.531+0000] {processor.py:161} INFO - Started process (PID=146) to work on /home/airflow/.local/lib/python3.8/site-packages/airflow/example_dags/example_xcomargs.py
[2025-05-07T19:22:34.533+0000] {processor.py:830} INFO - Processing file /home/airflow/.local/lib/python3.8/site-packages/airflow/example_dags/example_xcomargs.py for tasks to queue
[2025-05-07T19:22:34.536+0000] {logging_mixin.py:188} INFO - [2025-05-07T19:22:34.536+0000] {dagbag.py:538} INFO - Filling up the DagBag from /home/airflow/.local/lib/python3.8/site-packages/airflow/example_dags/example_xcomargs.py
[2025-05-07T19:22:34.547+0000] {processor.py:840} INFO - DAG(s) 'example_xcom_args', 'example_xcom_args_with_operators' retrieved from /home/airflow/.local/lib/python3.8/site-packages/airflow/example_dags/example_xcomargs.py
[2025-05-07T19:22:34.676+0000] {logging_mixin.py:188} INFO - [2025-05-07T19:22:34.676+0000] {dag.py:3036} INFO - Sync 2 DAGs
[2025-05-07T19:22:34.688+0000] {logging_mixin.py:188} INFO - [2025-05-07T19:22:34.688+0000] {dag.py:3823} INFO - Setting next_dagrun for example_xcom_args to None, run_after=None
[2025-05-07T19:22:34.691+0000] {logging_mixin.py:188} INFO - [2025-05-07T19:22:34.691+0000] {dag.py:3823} INFO - Setting next_dagrun for example_xcom_args_with_operators to None, run_after=None
[2025-05-07T19:22:34.712+0000] {processor.py:183} INFO - Processing /home/airflow/.local/lib/python3.8/site-packages/airflow/example_dags/example_xcomargs.py took 0.184 seconds
[2025-05-07T19:23:04.855+0000] {processor.py:161} INFO - Started process (PID=203) to work on /home/airflow/.local/lib/python3.8/site-packages/airflow/example_dags/example_xcomargs.py
[2025-05-07T19:23:04.856+0000] {processor.py:830} INFO - Processing file /home/airflow/.local/lib/python3.8/site-packages/airflow/example_dags/example_xcomargs.py for tasks to queue
[2025-05-07T19:23:04.858+0000] {logging_mixin.py:188} INFO - [2025-05-07T19:23:04.858+0000] {dagbag.py:538} INFO - Filling up the DagBag from /home/airflow/.local/lib/python3.8/site-packages/airflow/example_dags/example_xcomargs.py
[2025-05-07T19:23:04.866+0000] {processor.py:840} INFO - DAG(s) 'example_xcom_args_with_operators', 'example_xcom_args' retrieved from /home/airflow/.local/lib/python3.8/site-packages/airflow/example_dags/example_xcomargs.py
[2025-05-07T19:23:04.895+0000] {logging_mixin.py:188} INFO - [2025-05-07T19:23:04.894+0000] {dag.py:3036} INFO - Sync 2 DAGs
[2025-05-07T19:23:04.907+0000] {logging_mixin.py:188} INFO - [2025-05-07T19:23:04.907+0000] {dag.py:3823} INFO - Setting next_dagrun for example_xcom_args to None, run_after=None
[2025-05-07T19:23:04.911+0000] {logging_mixin.py:188} INFO - [2025-05-07T19:23:04.911+0000] {dag.py:3823} INFO - Setting next_dagrun for example_xcom_args_with_operators to None, run_after=None
[2025-05-07T19:23:04.930+0000] {processor.py:183} INFO - Processing /home/airflow/.local/lib/python3.8/site-packages/airflow/example_dags/example_xcomargs.py took 0.079 seconds
[2025-05-07T19:23:35.378+0000] {processor.py:161} INFO - Started process (PID=269) to work on /home/airflow/.local/lib/python3.8/site-packages/airflow/example_dags/example_xcomargs.py
[2025-05-07T19:23:35.380+0000] {processor.py:830} INFO - Processing file /home/airflow/.local/lib/python3.8/site-packages/airflow/example_dags/example_xcomargs.py for tasks to queue
[2025-05-07T19:23:35.383+0000] {logging_mixin.py:188} INFO - [2025-05-07T19:23:35.383+0000] {dagbag.py:538} INFO - Filling up the DagBag from /home/airflow/.local/lib/python3.8/site-packages/airflow/example_dags/example_xcomargs.py
[2025-05-07T19:23:35.395+0000] {processor.py:840} INFO - DAG(s) 'example_xcom_args', 'example_xcom_args_with_operators' retrieved from /home/airflow/.local/lib/python3.8/site-packages/airflow/example_dags/example_xcomargs.py
[2025-05-07T19:23:35.422+0000] {logging_mixin.py:188} INFO - [2025-05-07T19:23:35.422+0000] {dag.py:3036} INFO - Sync 2 DAGs
[2025-05-07T19:23:35.436+0000] {logging_mixin.py:188} INFO - [2025-05-07T19:23:35.436+0000] {dag.py:3823} INFO - Setting next_dagrun for example_xcom_args to None, run_after=None
[2025-05-07T19:23:35.440+0000] {logging_mixin.py:188} INFO - [2025-05-07T19:23:35.440+0000] {dag.py:3823} INFO - Setting next_dagrun for example_xcom_args_with_operators to None, run_after=None
[2025-05-07T19:23:35.466+0000] {processor.py:183} INFO - Processing /home/airflow/.local/lib/python3.8/site-packages/airflow/example_dags/example_xcomargs.py took 0.093 seconds
[2025-05-07T19:24:05.793+0000] {processor.py:161} INFO - Started process (PID=327) to work on /home/airflow/.local/lib/python3.8/site-packages/airflow/example_dags/example_xcomargs.py
[2025-05-07T19:24:05.795+0000] {processor.py:830} INFO - Processing file /home/airflow/.local/lib/python3.8/site-packages/airflow/example_dags/example_xcomargs.py for tasks to queue
[2025-05-07T19:24:05.797+0000] {logging_mixin.py:188} INFO - [2025-05-07T19:24:05.797+0000] {dagbag.py:538} INFO - Filling up the DagBag from /home/airflow/.local/lib/python3.8/site-packages/airflow/example_dags/example_xcomargs.py
[2025-05-07T19:24:05.806+0000] {processor.py:840} INFO - DAG(s) 'example_xcom_args', 'example_xcom_args_with_operators' retrieved from /home/airflow/.local/lib/python3.8/site-packages/airflow/example_dags/example_xcomargs.py
[2025-05-07T19:24:05.831+0000] {logging_mixin.py:188} INFO - [2025-05-07T19:24:05.831+0000] {dag.py:3036} INFO - Sync 2 DAGs
[2025-05-07T19:24:05.844+0000] {logging_mixin.py:188} INFO - [2025-05-07T19:24:05.844+0000] {dag.py:3823} INFO - Setting next_dagrun for example_xcom_args to None, run_after=None
[2025-05-07T19:24:05.848+0000] {logging_mixin.py:188} INFO - [2025-05-07T19:24:05.848+0000] {dag.py:3823} INFO - Setting next_dagrun for example_xcom_args_with_operators to None, run_after=None
[2025-05-07T19:24:05.867+0000] {processor.py:183} INFO - Processing /home/airflow/.local/lib/python3.8/site-packages/airflow/example_dags/example_xcomargs.py took 0.077 seconds
[2025-05-07T19:24:36.719+0000] {processor.py:161} INFO - Started process (PID=391) to work on /home/airflow/.local/lib/python3.8/site-packages/airflow/example_dags/example_xcomargs.py
[2025-05-07T19:24:36.724+0000] {processor.py:830} INFO - Processing file /home/airflow/.local/lib/python3.8/site-packages/airflow/example_dags/example_xcomargs.py for tasks to queue
[2025-05-07T19:24:36.730+0000] {logging_mixin.py:188} INFO - [2025-05-07T19:24:36.730+0000] {dagbag.py:538} INFO - Filling up the DagBag from /home/airflow/.local/lib/python3.8/site-packages/airflow/example_dags/example_xcomargs.py
[2025-05-07T19:24:36.749+0000] {processor.py:840} INFO - DAG(s) 'example_xcom_args_with_operators', 'example_xcom_args' retrieved from /home/airflow/.local/lib/python3.8/site-packages/airflow/example_dags/example_xcomargs.py
[2025-05-07T19:24:36.779+0000] {logging_mixin.py:188} INFO - [2025-05-07T19:24:36.779+0000] {dag.py:3036} INFO - Sync 2 DAGs
[2025-05-07T19:24:36.791+0000] {logging_mixin.py:188} INFO - [2025-05-07T19:24:36.791+0000] {dag.py:3823} INFO - Setting next_dagrun for example_xcom_args to None, run_after=None
[2025-05-07T19:24:36.795+0000] {logging_mixin.py:188} INFO - [2025-05-07T19:24:36.795+0000] {dag.py:3823} INFO - Setting next_dagrun for example_xcom_args_with_operators to None, run_after=None
[2025-05-07T19:24:36.819+0000] {processor.py:183} INFO - Processing /home/airflow/.local/lib/python3.8/site-packages/airflow/example_dags/example_xcomargs.py took 0.108 seconds
[2025-05-07T19:25:07.156+0000] {processor.py:161} INFO - Started process (PID=448) to work on /home/airflow/.local/lib/python3.8/site-packages/airflow/example_dags/example_xcomargs.py
[2025-05-07T19:25:07.159+0000] {processor.py:830} INFO - Processing file /home/airflow/.local/lib/python3.8/site-packages/airflow/example_dags/example_xcomargs.py for tasks to queue
[2025-05-07T19:25:07.164+0000] {logging_mixin.py:188} INFO - [2025-05-07T19:25:07.163+0000] {dagbag.py:538} INFO - Filling up the DagBag from /home/airflow/.local/lib/python3.8/site-packages/airflow/example_dags/example_xcomargs.py
[2025-05-07T19:25:07.181+0000] {processor.py:840} INFO - DAG(s) 'example_xcom_args', 'example_xcom_args_with_operators' retrieved from /home/airflow/.local/lib/python3.8/site-packages/airflow/example_dags/example_xcomargs.py
[2025-05-07T19:25:07.212+0000] {logging_mixin.py:188} INFO - [2025-05-07T19:25:07.211+0000] {dag.py:3036} INFO - Sync 2 DAGs
[2025-05-07T19:25:07.224+0000] {logging_mixin.py:188} INFO - [2025-05-07T19:25:07.224+0000] {dag.py:3823} INFO - Setting next_dagrun for example_xcom_args to None, run_after=None
[2025-05-07T19:25:07.229+0000] {logging_mixin.py:188} INFO - [2025-05-07T19:25:07.229+0000] {dag.py:3823} INFO - Setting next_dagrun for example_xcom_args_with_operators to None, run_after=None
[2025-05-07T19:25:07.248+0000] {processor.py:183} INFO - Processing /home/airflow/.local/lib/python3.8/site-packages/airflow/example_dags/example_xcomargs.py took 0.099 seconds
[2025-05-07T19:25:38.106+0000] {processor.py:161} INFO - Started process (PID=505) to work on /home/airflow/.local/lib/python3.8/site-packages/airflow/example_dags/example_xcomargs.py
[2025-05-07T19:25:38.107+0000] {processor.py:830} INFO - Processing file /home/airflow/.local/lib/python3.8/site-packages/airflow/example_dags/example_xcomargs.py for tasks to queue
[2025-05-07T19:25:38.110+0000] {logging_mixin.py:188} INFO - [2025-05-07T19:25:38.109+0000] {dagbag.py:538} INFO - Filling up the DagBag from /home/airflow/.local/lib/python3.8/site-packages/airflow/example_dags/example_xcomargs.py
[2025-05-07T19:25:38.119+0000] {processor.py:840} INFO - DAG(s) 'example_xcom_args_with_operators', 'example_xcom_args' retrieved from /home/airflow/.local/lib/python3.8/site-packages/airflow/example_dags/example_xcomargs.py
[2025-05-07T19:25:38.142+0000] {logging_mixin.py:188} INFO - [2025-05-07T19:25:38.142+0000] {dag.py:3036} INFO - Sync 2 DAGs
[2025-05-07T19:25:38.154+0000] {logging_mixin.py:188} INFO - [2025-05-07T19:25:38.153+0000] {dag.py:3823} INFO - Setting next_dagrun for example_xcom_args to None, run_after=None
[2025-05-07T19:25:38.161+0000] {logging_mixin.py:188} INFO - [2025-05-07T19:25:38.160+0000] {dag.py:3823} INFO - Setting next_dagrun for example_xcom_args_with_operators to None, run_after=None
[2025-05-07T19:25:38.180+0000] {processor.py:183} INFO - Processing /home/airflow/.local/lib/python3.8/site-packages/airflow/example_dags/example_xcomargs.py took 0.077 seconds
[2025-05-07T19:26:08.246+0000] {processor.py:161} INFO - Started process (PID=566) to work on /home/airflow/.local/lib/python3.8/site-packages/airflow/example_dags/example_xcomargs.py
[2025-05-07T19:26:08.248+0000] {processor.py:830} INFO - Processing file /home/airflow/.local/lib/python3.8/site-packages/airflow/example_dags/example_xcomargs.py for tasks to queue
[2025-05-07T19:26:08.250+0000] {logging_mixin.py:188} INFO - [2025-05-07T19:26:08.250+0000] {dagbag.py:538} INFO - Filling up the DagBag from /home/airflow/.local/lib/python3.8/site-packages/airflow/example_dags/example_xcomargs.py
[2025-05-07T19:26:08.260+0000] {processor.py:840} INFO - DAG(s) 'example_xcom_args_with_operators', 'example_xcom_args' retrieved from /home/airflow/.local/lib/python3.8/site-packages/airflow/example_dags/example_xcomargs.py
[2025-05-07T19:26:08.287+0000] {logging_mixin.py:188} INFO - [2025-05-07T19:26:08.287+0000] {dag.py:3036} INFO - Sync 2 DAGs
[2025-05-07T19:26:08.301+0000] {logging_mixin.py:188} INFO - [2025-05-07T19:26:08.301+0000] {dag.py:3823} INFO - Setting next_dagrun for example_xcom_args to None, run_after=None
[2025-05-07T19:26:08.306+0000] {logging_mixin.py:188} INFO - [2025-05-07T19:26:08.306+0000] {dag.py:3823} INFO - Setting next_dagrun for example_xcom_args_with_operators to None, run_after=None
[2025-05-07T19:26:08.329+0000] {processor.py:183} INFO - Processing /home/airflow/.local/lib/python3.8/site-packages/airflow/example_dags/example_xcomargs.py took 0.087 seconds
[2025-05-07T19:26:39.568+0000] {processor.py:161} INFO - Started process (PID=630) to work on /home/airflow/.local/lib/python3.8/site-packages/airflow/example_dags/example_xcomargs.py
[2025-05-07T19:26:39.571+0000] {processor.py:830} INFO - Processing file /home/airflow/.local/lib/python3.8/site-packages/airflow/example_dags/example_xcomargs.py for tasks to queue
[2025-05-07T19:26:39.573+0000] {logging_mixin.py:188} INFO - [2025-05-07T19:26:39.573+0000] {dagbag.py:538} INFO - Filling up the DagBag from /home/airflow/.local/lib/python3.8/site-packages/airflow/example_dags/example_xcomargs.py
[2025-05-07T19:26:39.582+0000] {processor.py:840} INFO - DAG(s) 'example_xcom_args', 'example_xcom_args_with_operators' retrieved from /home/airflow/.local/lib/python3.8/site-packages/airflow/example_dags/example_xcomargs.py
[2025-05-07T19:26:39.609+0000] {logging_mixin.py:188} INFO - [2025-05-07T19:26:39.608+0000] {dag.py:3036} INFO - Sync 2 DAGs
[2025-05-07T19:26:39.622+0000] {logging_mixin.py:188} INFO - [2025-05-07T19:26:39.622+0000] {dag.py:3823} INFO - Setting next_dagrun for example_xcom_args to None, run_after=None
[2025-05-07T19:26:39.629+0000] {logging_mixin.py:188} INFO - [2025-05-07T19:26:39.629+0000] {dag.py:3823} INFO - Setting next_dagrun for example_xcom_args_with_operators to None, run_after=None
[2025-05-07T19:26:39.653+0000] {processor.py:183} INFO - Processing /home/airflow/.local/lib/python3.8/site-packages/airflow/example_dags/example_xcomargs.py took 0.088 seconds
[2025-05-07T19:27:09.815+0000] {processor.py:161} INFO - Started process (PID=688) to work on /home/airflow/.local/lib/python3.8/site-packages/airflow/example_dags/example_xcomargs.py
[2025-05-07T19:27:09.817+0000] {processor.py:830} INFO - Processing file /home/airflow/.local/lib/python3.8/site-packages/airflow/example_dags/example_xcomargs.py for tasks to queue
[2025-05-07T19:27:09.819+0000] {logging_mixin.py:188} INFO - [2025-05-07T19:27:09.819+0000] {dagbag.py:538} INFO - Filling up the DagBag from /home/airflow/.local/lib/python3.8/site-packages/airflow/example_dags/example_xcomargs.py
[2025-05-07T19:27:09.827+0000] {processor.py:840} INFO - DAG(s) 'example_xcom_args_with_operators', 'example_xcom_args' retrieved from /home/airflow/.local/lib/python3.8/site-packages/airflow/example_dags/example_xcomargs.py
[2025-05-07T19:27:09.859+0000] {logging_mixin.py:188} INFO - [2025-05-07T19:27:09.859+0000] {dag.py:3036} INFO - Sync 2 DAGs
[2025-05-07T19:27:09.872+0000] {logging_mixin.py:188} INFO - [2025-05-07T19:27:09.872+0000] {dag.py:3823} INFO - Setting next_dagrun for example_xcom_args to None, run_after=None
[2025-05-07T19:27:09.877+0000] {logging_mixin.py:188} INFO - [2025-05-07T19:27:09.877+0000] {dag.py:3823} INFO - Setting next_dagrun for example_xcom_args_with_operators to None, run_after=None
[2025-05-07T19:27:09.902+0000] {processor.py:183} INFO - Processing /home/airflow/.local/lib/python3.8/site-packages/airflow/example_dags/example_xcomargs.py took 0.090 seconds
[2025-05-07T19:27:40.496+0000] {processor.py:161} INFO - Started process (PID=745) to work on /home/airflow/.local/lib/python3.8/site-packages/airflow/example_dags/example_xcomargs.py
[2025-05-07T19:27:40.497+0000] {processor.py:830} INFO - Processing file /home/airflow/.local/lib/python3.8/site-packages/airflow/example_dags/example_xcomargs.py for tasks to queue
[2025-05-07T19:27:40.499+0000] {logging_mixin.py:188} INFO - [2025-05-07T19:27:40.499+0000] {dagbag.py:538} INFO - Filling up the DagBag from /home/airflow/.local/lib/python3.8/site-packages/airflow/example_dags/example_xcomargs.py
[2025-05-07T19:27:40.508+0000] {processor.py:840} INFO - DAG(s) 'example_xcom_args_with_operators', 'example_xcom_args' retrieved from /home/airflow/.local/lib/python3.8/site-packages/airflow/example_dags/example_xcomargs.py
[2025-05-07T19:27:40.533+0000] {logging_mixin.py:188} INFO - [2025-05-07T19:27:40.533+0000] {dag.py:3036} INFO - Sync 2 DAGs
[2025-05-07T19:27:40.545+0000] {logging_mixin.py:188} INFO - [2025-05-07T19:27:40.545+0000] {dag.py:3823} INFO - Setting next_dagrun for example_xcom_args to None, run_after=None
[2025-05-07T19:27:40.550+0000] {logging_mixin.py:188} INFO - [2025-05-07T19:27:40.549+0000] {dag.py:3823} INFO - Setting next_dagrun for example_xcom_args_with_operators to None, run_after=None
[2025-05-07T19:27:40.571+0000] {processor.py:183} INFO - Processing /home/airflow/.local/lib/python3.8/site-packages/airflow/example_dags/example_xcomargs.py took 0.079 seconds
[2025-05-07T19:28:11.379+0000] {processor.py:161} INFO - Started process (PID=802) to work on /home/airflow/.local/lib/python3.8/site-packages/airflow/example_dags/example_xcomargs.py
[2025-05-07T19:28:11.383+0000] {processor.py:830} INFO - Processing file /home/airflow/.local/lib/python3.8/site-packages/airflow/example_dags/example_xcomargs.py for tasks to queue
[2025-05-07T19:28:11.385+0000] {logging_mixin.py:188} INFO - [2025-05-07T19:28:11.385+0000] {dagbag.py:538} INFO - Filling up the DagBag from /home/airflow/.local/lib/python3.8/site-packages/airflow/example_dags/example_xcomargs.py
[2025-05-07T19:28:11.393+0000] {processor.py:840} INFO - DAG(s) 'example_xcom_args_with_operators', 'example_xcom_args' retrieved from /home/airflow/.local/lib/python3.8/site-packages/airflow/example_dags/example_xcomargs.py
[2025-05-07T19:28:11.420+0000] {logging_mixin.py:188} INFO - [2025-05-07T19:28:11.420+0000] {dag.py:3036} INFO - Sync 2 DAGs
[2025-05-07T19:28:11.433+0000] {logging_mixin.py:188} INFO - [2025-05-07T19:28:11.433+0000] {dag.py:3823} INFO - Setting next_dagrun for example_xcom_args to None, run_after=None
[2025-05-07T19:28:11.439+0000] {logging_mixin.py:188} INFO - [2025-05-07T19:28:11.438+0000] {dag.py:3823} INFO - Setting next_dagrun for example_xcom_args_with_operators to None, run_after=None
[2025-05-07T19:28:11.456+0000] {processor.py:183} INFO - Processing /home/airflow/.local/lib/python3.8/site-packages/airflow/example_dags/example_xcomargs.py took 0.080 seconds
[2025-05-07T19:28:41.675+0000] {processor.py:161} INFO - Started process (PID=859) to work on /home/airflow/.local/lib/python3.8/site-packages/airflow/example_dags/example_xcomargs.py
[2025-05-07T19:28:41.677+0000] {processor.py:830} INFO - Processing file /home/airflow/.local/lib/python3.8/site-packages/airflow/example_dags/example_xcomargs.py for tasks to queue
[2025-05-07T19:28:41.681+0000] {logging_mixin.py:188} INFO - [2025-05-07T19:28:41.680+0000] {dagbag.py:538} INFO - Filling up the DagBag from /home/airflow/.local/lib/python3.8/site-packages/airflow/example_dags/example_xcomargs.py
[2025-05-07T19:28:41.693+0000] {processor.py:840} INFO - DAG(s) 'example_xcom_args_with_operators', 'example_xcom_args' retrieved from /home/airflow/.local/lib/python3.8/site-packages/airflow/example_dags/example_xcomargs.py
[2025-05-07T19:28:41.730+0000] {logging_mixin.py:188} INFO - [2025-05-07T19:28:41.730+0000] {dag.py:3036} INFO - Sync 2 DAGs
[2025-05-07T19:28:41.752+0000] {logging_mixin.py:188} INFO - [2025-05-07T19:28:41.752+0000] {dag.py:3823} INFO - Setting next_dagrun for example_xcom_args to None, run_after=None
[2025-05-07T19:28:41.757+0000] {logging_mixin.py:188} INFO - [2025-05-07T19:28:41.757+0000] {dag.py:3823} INFO - Setting next_dagrun for example_xcom_args_with_operators to None, run_after=None
[2025-05-07T19:28:41.780+0000] {processor.py:183} INFO - Processing /home/airflow/.local/lib/python3.8/site-packages/airflow/example_dags/example_xcomargs.py took 0.109 seconds
[2025-05-07T19:29:12.205+0000] {processor.py:161} INFO - Started process (PID=916) to work on /home/airflow/.local/lib/python3.8/site-packages/airflow/example_dags/example_xcomargs.py
[2025-05-07T19:29:12.207+0000] {processor.py:830} INFO - Processing file /home/airflow/.local/lib/python3.8/site-packages/airflow/example_dags/example_xcomargs.py for tasks to queue
[2025-05-07T19:29:12.209+0000] {logging_mixin.py:188} INFO - [2025-05-07T19:29:12.208+0000] {dagbag.py:538} INFO - Filling up the DagBag from /home/airflow/.local/lib/python3.8/site-packages/airflow/example_dags/example_xcomargs.py
[2025-05-07T19:29:12.217+0000] {processor.py:840} INFO - DAG(s) 'example_xcom_args', 'example_xcom_args_with_operators' retrieved from /home/airflow/.local/lib/python3.8/site-packages/airflow/example_dags/example_xcomargs.py
[2025-05-07T19:29:12.242+0000] {logging_mixin.py:188} INFO - [2025-05-07T19:29:12.242+0000] {dag.py:3036} INFO - Sync 2 DAGs
[2025-05-07T19:29:12.255+0000] {logging_mixin.py:188} INFO - [2025-05-07T19:29:12.254+0000] {dag.py:3823} INFO - Setting next_dagrun for example_xcom_args to None, run_after=None
[2025-05-07T19:29:12.259+0000] {logging_mixin.py:188} INFO - [2025-05-07T19:29:12.259+0000] {dag.py:3823} INFO - Setting next_dagrun for example_xcom_args_with_operators to None, run_after=None
[2025-05-07T19:29:12.278+0000] {processor.py:183} INFO - Processing /home/airflow/.local/lib/python3.8/site-packages/airflow/example_dags/example_xcomargs.py took 0.076 seconds
[2025-05-07T19:29:42.392+0000] {processor.py:161} INFO - Started process (PID=973) to work on /home/airflow/.local/lib/python3.8/site-packages/airflow/example_dags/example_xcomargs.py
[2025-05-07T19:29:42.394+0000] {processor.py:830} INFO - Processing file /home/airflow/.local/lib/python3.8/site-packages/airflow/example_dags/example_xcomargs.py for tasks to queue
[2025-05-07T19:29:42.396+0000] {logging_mixin.py:188} INFO - [2025-05-07T19:29:42.395+0000] {dagbag.py:538} INFO - Filling up the DagBag from /home/airflow/.local/lib/python3.8/site-packages/airflow/example_dags/example_xcomargs.py
[2025-05-07T19:29:42.403+0000] {processor.py:840} INFO - DAG(s) 'example_xcom_args_with_operators', 'example_xcom_args' retrieved from /home/airflow/.local/lib/python3.8/site-packages/airflow/example_dags/example_xcomargs.py
[2025-05-07T19:29:42.427+0000] {logging_mixin.py:188} INFO - [2025-05-07T19:29:42.426+0000] {dag.py:3036} INFO - Sync 2 DAGs
[2025-05-07T19:29:42.440+0000] {logging_mixin.py:188} INFO - [2025-05-07T19:29:42.440+0000] {dag.py:3823} INFO - Setting next_dagrun for example_xcom_args to None, run_after=None
[2025-05-07T19:29:42.444+0000] {logging_mixin.py:188} INFO - [2025-05-07T19:29:42.444+0000] {dag.py:3823} INFO - Setting next_dagrun for example_xcom_args_with_operators to None, run_after=None
[2025-05-07T19:29:42.462+0000] {processor.py:183} INFO - Processing /home/airflow/.local/lib/python3.8/site-packages/airflow/example_dags/example_xcomargs.py took 0.072 seconds
[2025-05-07T19:33:17.575+0000] {processor.py:161} INFO - Started process (PID=90) to work on /home/airflow/.local/lib/python3.8/site-packages/airflow/example_dags/example_xcomargs.py
[2025-05-07T19:33:17.577+0000] {processor.py:830} INFO - Processing file /home/airflow/.local/lib/python3.8/site-packages/airflow/example_dags/example_xcomargs.py for tasks to queue
[2025-05-07T19:33:17.579+0000] {logging_mixin.py:188} INFO - [2025-05-07T19:33:17.578+0000] {dagbag.py:538} INFO - Filling up the DagBag from /home/airflow/.local/lib/python3.8/site-packages/airflow/example_dags/example_xcomargs.py
[2025-05-07T19:33:17.589+0000] {processor.py:840} INFO - DAG(s) 'example_xcom_args', 'example_xcom_args_with_operators' retrieved from /home/airflow/.local/lib/python3.8/site-packages/airflow/example_dags/example_xcomargs.py
[2025-05-07T19:33:17.602+0000] {logging_mixin.py:188} INFO - [2025-05-07T19:33:17.602+0000] {dag.py:3036} INFO - Sync 2 DAGs
[2025-05-07T19:33:17.618+0000] {logging_mixin.py:188} INFO - [2025-05-07T19:33:17.618+0000] {dag.py:3823} INFO - Setting next_dagrun for example_xcom_args to None, run_after=None
[2025-05-07T19:33:17.624+0000] {logging_mixin.py:188} INFO - [2025-05-07T19:33:17.624+0000] {dag.py:3823} INFO - Setting next_dagrun for example_xcom_args_with_operators to None, run_after=None
[2025-05-07T19:33:17.644+0000] {processor.py:183} INFO - Processing /home/airflow/.local/lib/python3.8/site-packages/airflow/example_dags/example_xcomargs.py took 0.073 seconds
[2025-05-07T19:33:49.628+0000] {processor.py:161} INFO - Started process (PID=147) to work on /home/airflow/.local/lib/python3.8/site-packages/airflow/example_dags/example_xcomargs.py
[2025-05-07T19:33:49.630+0000] {processor.py:830} INFO - Processing file /home/airflow/.local/lib/python3.8/site-packages/airflow/example_dags/example_xcomargs.py for tasks to queue
[2025-05-07T19:33:49.633+0000] {logging_mixin.py:188} INFO - [2025-05-07T19:33:49.633+0000] {dagbag.py:538} INFO - Filling up the DagBag from /home/airflow/.local/lib/python3.8/site-packages/airflow/example_dags/example_xcomargs.py
[2025-05-07T19:33:49.643+0000] {processor.py:840} INFO - DAG(s) 'example_xcom_args', 'example_xcom_args_with_operators' retrieved from /home/airflow/.local/lib/python3.8/site-packages/airflow/example_dags/example_xcomargs.py
[2025-05-07T19:33:49.766+0000] {logging_mixin.py:188} INFO - [2025-05-07T19:33:49.766+0000] {dag.py:3036} INFO - Sync 2 DAGs
[2025-05-07T19:33:49.779+0000] {logging_mixin.py:188} INFO - [2025-05-07T19:33:49.779+0000] {dag.py:3823} INFO - Setting next_dagrun for example_xcom_args to None, run_after=None
[2025-05-07T19:33:49.783+0000] {logging_mixin.py:188} INFO - [2025-05-07T19:33:49.783+0000] {dag.py:3823} INFO - Setting next_dagrun for example_xcom_args_with_operators to None, run_after=None
[2025-05-07T19:33:49.810+0000] {processor.py:183} INFO - Processing /home/airflow/.local/lib/python3.8/site-packages/airflow/example_dags/example_xcomargs.py took 0.185 seconds
[2025-05-07T19:34:20.218+0000] {processor.py:161} INFO - Started process (PID=204) to work on /home/airflow/.local/lib/python3.8/site-packages/airflow/example_dags/example_xcomargs.py
[2025-05-07T19:34:20.220+0000] {processor.py:830} INFO - Processing file /home/airflow/.local/lib/python3.8/site-packages/airflow/example_dags/example_xcomargs.py for tasks to queue
[2025-05-07T19:34:20.222+0000] {logging_mixin.py:188} INFO - [2025-05-07T19:34:20.221+0000] {dagbag.py:538} INFO - Filling up the DagBag from /home/airflow/.local/lib/python3.8/site-packages/airflow/example_dags/example_xcomargs.py
[2025-05-07T19:34:20.230+0000] {processor.py:840} INFO - DAG(s) 'example_xcom_args_with_operators', 'example_xcom_args' retrieved from /home/airflow/.local/lib/python3.8/site-packages/airflow/example_dags/example_xcomargs.py
[2025-05-07T19:34:20.256+0000] {logging_mixin.py:188} INFO - [2025-05-07T19:34:20.256+0000] {dag.py:3036} INFO - Sync 2 DAGs
[2025-05-07T19:34:20.270+0000] {logging_mixin.py:188} INFO - [2025-05-07T19:34:20.270+0000] {dag.py:3823} INFO - Setting next_dagrun for example_xcom_args to None, run_after=None
[2025-05-07T19:34:20.274+0000] {logging_mixin.py:188} INFO - [2025-05-07T19:34:20.274+0000] {dag.py:3823} INFO - Setting next_dagrun for example_xcom_args_with_operators to None, run_after=None
[2025-05-07T19:34:20.294+0000] {processor.py:183} INFO - Processing /home/airflow/.local/lib/python3.8/site-packages/airflow/example_dags/example_xcomargs.py took 0.079 seconds
[2025-05-07T19:34:50.639+0000] {processor.py:161} INFO - Started process (PID=261) to work on /home/airflow/.local/lib/python3.8/site-packages/airflow/example_dags/example_xcomargs.py
[2025-05-07T19:34:50.640+0000] {processor.py:830} INFO - Processing file /home/airflow/.local/lib/python3.8/site-packages/airflow/example_dags/example_xcomargs.py for tasks to queue
[2025-05-07T19:34:50.642+0000] {logging_mixin.py:188} INFO - [2025-05-07T19:34:50.642+0000] {dagbag.py:538} INFO - Filling up the DagBag from /home/airflow/.local/lib/python3.8/site-packages/airflow/example_dags/example_xcomargs.py
[2025-05-07T19:34:50.651+0000] {processor.py:840} INFO - DAG(s) 'example_xcom_args_with_operators', 'example_xcom_args' retrieved from /home/airflow/.local/lib/python3.8/site-packages/airflow/example_dags/example_xcomargs.py
[2025-05-07T19:34:50.674+0000] {logging_mixin.py:188} INFO - [2025-05-07T19:34:50.674+0000] {dag.py:3036} INFO - Sync 2 DAGs
[2025-05-07T19:34:50.687+0000] {logging_mixin.py:188} INFO - [2025-05-07T19:34:50.687+0000] {dag.py:3823} INFO - Setting next_dagrun for example_xcom_args to None, run_after=None
[2025-05-07T19:34:50.692+0000] {logging_mixin.py:188} INFO - [2025-05-07T19:34:50.692+0000] {dag.py:3823} INFO - Setting next_dagrun for example_xcom_args_with_operators to None, run_after=None
[2025-05-07T19:34:50.711+0000] {processor.py:183} INFO - Processing /home/airflow/.local/lib/python3.8/site-packages/airflow/example_dags/example_xcomargs.py took 0.076 seconds
[2025-05-07T19:35:21.818+0000] {processor.py:161} INFO - Started process (PID=318) to work on /home/airflow/.local/lib/python3.8/site-packages/airflow/example_dags/example_xcomargs.py
[2025-05-07T19:35:21.820+0000] {processor.py:830} INFO - Processing file /home/airflow/.local/lib/python3.8/site-packages/airflow/example_dags/example_xcomargs.py for tasks to queue
[2025-05-07T19:35:21.823+0000] {logging_mixin.py:188} INFO - [2025-05-07T19:35:21.823+0000] {dagbag.py:538} INFO - Filling up the DagBag from /home/airflow/.local/lib/python3.8/site-packages/airflow/example_dags/example_xcomargs.py
[2025-05-07T19:35:21.833+0000] {processor.py:840} INFO - DAG(s) 'example_xcom_args_with_operators', 'example_xcom_args' retrieved from /home/airflow/.local/lib/python3.8/site-packages/airflow/example_dags/example_xcomargs.py
[2025-05-07T19:35:21.856+0000] {logging_mixin.py:188} INFO - [2025-05-07T19:35:21.856+0000] {dag.py:3036} INFO - Sync 2 DAGs
[2025-05-07T19:35:21.868+0000] {logging_mixin.py:188} INFO - [2025-05-07T19:35:21.868+0000] {dag.py:3823} INFO - Setting next_dagrun for example_xcom_args to None, run_after=None
[2025-05-07T19:35:21.872+0000] {logging_mixin.py:188} INFO - [2025-05-07T19:35:21.872+0000] {dag.py:3823} INFO - Setting next_dagrun for example_xcom_args_with_operators to None, run_after=None
[2025-05-07T19:35:21.894+0000] {processor.py:183} INFO - Processing /home/airflow/.local/lib/python3.8/site-packages/airflow/example_dags/example_xcomargs.py took 0.082 seconds
[2025-05-07T19:35:52.826+0000] {processor.py:161} INFO - Started process (PID=375) to work on /home/airflow/.local/lib/python3.8/site-packages/airflow/example_dags/example_xcomargs.py
[2025-05-07T19:35:52.827+0000] {processor.py:830} INFO - Processing file /home/airflow/.local/lib/python3.8/site-packages/airflow/example_dags/example_xcomargs.py for tasks to queue
[2025-05-07T19:35:52.830+0000] {logging_mixin.py:188} INFO - [2025-05-07T19:35:52.829+0000] {dagbag.py:538} INFO - Filling up the DagBag from /home/airflow/.local/lib/python3.8/site-packages/airflow/example_dags/example_xcomargs.py
[2025-05-07T19:35:52.837+0000] {processor.py:840} INFO - DAG(s) 'example_xcom_args_with_operators', 'example_xcom_args' retrieved from /home/airflow/.local/lib/python3.8/site-packages/airflow/example_dags/example_xcomargs.py
[2025-05-07T19:35:52.862+0000] {logging_mixin.py:188} INFO - [2025-05-07T19:35:52.861+0000] {dag.py:3036} INFO - Sync 2 DAGs
[2025-05-07T19:35:52.873+0000] {logging_mixin.py:188} INFO - [2025-05-07T19:35:52.873+0000] {dag.py:3823} INFO - Setting next_dagrun for example_xcom_args to None, run_after=None
[2025-05-07T19:35:52.877+0000] {logging_mixin.py:188} INFO - [2025-05-07T19:35:52.877+0000] {dag.py:3823} INFO - Setting next_dagrun for example_xcom_args_with_operators to None, run_after=None
[2025-05-07T19:35:52.892+0000] {processor.py:183} INFO - Processing /home/airflow/.local/lib/python3.8/site-packages/airflow/example_dags/example_xcomargs.py took 0.070 seconds
[2025-05-07T19:36:23.362+0000] {processor.py:161} INFO - Started process (PID=432) to work on /home/airflow/.local/lib/python3.8/site-packages/airflow/example_dags/example_xcomargs.py
[2025-05-07T19:36:23.363+0000] {processor.py:830} INFO - Processing file /home/airflow/.local/lib/python3.8/site-packages/airflow/example_dags/example_xcomargs.py for tasks to queue
[2025-05-07T19:36:23.365+0000] {logging_mixin.py:188} INFO - [2025-05-07T19:36:23.365+0000] {dagbag.py:538} INFO - Filling up the DagBag from /home/airflow/.local/lib/python3.8/site-packages/airflow/example_dags/example_xcomargs.py
[2025-05-07T19:36:23.373+0000] {processor.py:840} INFO - DAG(s) 'example_xcom_args_with_operators', 'example_xcom_args' retrieved from /home/airflow/.local/lib/python3.8/site-packages/airflow/example_dags/example_xcomargs.py
[2025-05-07T19:36:23.397+0000] {logging_mixin.py:188} INFO - [2025-05-07T19:36:23.396+0000] {dag.py:3036} INFO - Sync 2 DAGs
[2025-05-07T19:36:23.409+0000] {logging_mixin.py:188} INFO - [2025-05-07T19:36:23.409+0000] {dag.py:3823} INFO - Setting next_dagrun for example_xcom_args to None, run_after=None
[2025-05-07T19:36:23.413+0000] {logging_mixin.py:188} INFO - [2025-05-07T19:36:23.412+0000] {dag.py:3823} INFO - Setting next_dagrun for example_xcom_args_with_operators to None, run_after=None
[2025-05-07T19:36:23.430+0000] {processor.py:183} INFO - Processing /home/airflow/.local/lib/python3.8/site-packages/airflow/example_dags/example_xcomargs.py took 0.071 seconds
[2025-05-07T19:36:53.874+0000] {processor.py:161} INFO - Started process (PID=489) to work on /home/airflow/.local/lib/python3.8/site-packages/airflow/example_dags/example_xcomargs.py
[2025-05-07T19:36:53.876+0000] {processor.py:830} INFO - Processing file /home/airflow/.local/lib/python3.8/site-packages/airflow/example_dags/example_xcomargs.py for tasks to queue
[2025-05-07T19:36:53.878+0000] {logging_mixin.py:188} INFO - [2025-05-07T19:36:53.877+0000] {dagbag.py:538} INFO - Filling up the DagBag from /home/airflow/.local/lib/python3.8/site-packages/airflow/example_dags/example_xcomargs.py
[2025-05-07T19:36:53.886+0000] {processor.py:840} INFO - DAG(s) 'example_xcom_args', 'example_xcom_args_with_operators' retrieved from /home/airflow/.local/lib/python3.8/site-packages/airflow/example_dags/example_xcomargs.py
[2025-05-07T19:36:53.910+0000] {logging_mixin.py:188} INFO - [2025-05-07T19:36:53.910+0000] {dag.py:3036} INFO - Sync 2 DAGs
[2025-05-07T19:36:53.924+0000] {logging_mixin.py:188} INFO - [2025-05-07T19:36:53.924+0000] {dag.py:3823} INFO - Setting next_dagrun for example_xcom_args to None, run_after=None
[2025-05-07T19:36:53.928+0000] {logging_mixin.py:188} INFO - [2025-05-07T19:36:53.928+0000] {dag.py:3823} INFO - Setting next_dagrun for example_xcom_args_with_operators to None, run_after=None
[2025-05-07T19:36:53.950+0000] {processor.py:183} INFO - Processing /home/airflow/.local/lib/python3.8/site-packages/airflow/example_dags/example_xcomargs.py took 0.079 seconds
[2025-05-07T19:37:24.305+0000] {processor.py:161} INFO - Started process (PID=546) to work on /home/airflow/.local/lib/python3.8/site-packages/airflow/example_dags/example_xcomargs.py
[2025-05-07T19:37:24.307+0000] {processor.py:830} INFO - Processing file /home/airflow/.local/lib/python3.8/site-packages/airflow/example_dags/example_xcomargs.py for tasks to queue
[2025-05-07T19:37:24.310+0000] {logging_mixin.py:188} INFO - [2025-05-07T19:37:24.309+0000] {dagbag.py:538} INFO - Filling up the DagBag from /home/airflow/.local/lib/python3.8/site-packages/airflow/example_dags/example_xcomargs.py
[2025-05-07T19:37:24.320+0000] {processor.py:840} INFO - DAG(s) 'example_xcom_args_with_operators', 'example_xcom_args' retrieved from /home/airflow/.local/lib/python3.8/site-packages/airflow/example_dags/example_xcomargs.py
[2025-05-07T19:37:24.344+0000] {logging_mixin.py:188} INFO - [2025-05-07T19:37:24.344+0000] {dag.py:3036} INFO - Sync 2 DAGs
[2025-05-07T19:37:24.358+0000] {logging_mixin.py:188} INFO - [2025-05-07T19:37:24.357+0000] {dag.py:3823} INFO - Setting next_dagrun for example_xcom_args to None, run_after=None
[2025-05-07T19:37:24.362+0000] {logging_mixin.py:188} INFO - [2025-05-07T19:37:24.362+0000] {dag.py:3823} INFO - Setting next_dagrun for example_xcom_args_with_operators to None, run_after=None
[2025-05-07T19:37:24.383+0000] {processor.py:183} INFO - Processing /home/airflow/.local/lib/python3.8/site-packages/airflow/example_dags/example_xcomargs.py took 0.082 seconds
[2025-05-07T19:37:54.487+0000] {processor.py:161} INFO - Started process (PID=603) to work on /home/airflow/.local/lib/python3.8/site-packages/airflow/example_dags/example_xcomargs.py
[2025-05-07T19:37:54.489+0000] {processor.py:830} INFO - Processing file /home/airflow/.local/lib/python3.8/site-packages/airflow/example_dags/example_xcomargs.py for tasks to queue
[2025-05-07T19:37:54.491+0000] {logging_mixin.py:188} INFO - [2025-05-07T19:37:54.491+0000] {dagbag.py:538} INFO - Filling up the DagBag from /home/airflow/.local/lib/python3.8/site-packages/airflow/example_dags/example_xcomargs.py
[2025-05-07T19:37:54.500+0000] {processor.py:840} INFO - DAG(s) 'example_xcom_args_with_operators', 'example_xcom_args' retrieved from /home/airflow/.local/lib/python3.8/site-packages/airflow/example_dags/example_xcomargs.py
[2025-05-07T19:37:54.524+0000] {logging_mixin.py:188} INFO - [2025-05-07T19:37:54.524+0000] {dag.py:3036} INFO - Sync 2 DAGs
[2025-05-07T19:37:54.536+0000] {logging_mixin.py:188} INFO - [2025-05-07T19:37:54.536+0000] {dag.py:3823} INFO - Setting next_dagrun for example_xcom_args to None, run_after=None
[2025-05-07T19:37:54.540+0000] {logging_mixin.py:188} INFO - [2025-05-07T19:37:54.540+0000] {dag.py:3823} INFO - Setting next_dagrun for example_xcom_args_with_operators to None, run_after=None
[2025-05-07T19:37:54.561+0000] {processor.py:183} INFO - Processing /home/airflow/.local/lib/python3.8/site-packages/airflow/example_dags/example_xcomargs.py took 0.077 seconds
[2025-05-07T19:38:25.172+0000] {processor.py:161} INFO - Started process (PID=660) to work on /home/airflow/.local/lib/python3.8/site-packages/airflow/example_dags/example_xcomargs.py
[2025-05-07T19:38:25.173+0000] {processor.py:830} INFO - Processing file /home/airflow/.local/lib/python3.8/site-packages/airflow/example_dags/example_xcomargs.py for tasks to queue
[2025-05-07T19:38:25.176+0000] {logging_mixin.py:188} INFO - [2025-05-07T19:38:25.176+0000] {dagbag.py:538} INFO - Filling up the DagBag from /home/airflow/.local/lib/python3.8/site-packages/airflow/example_dags/example_xcomargs.py
[2025-05-07T19:38:25.190+0000] {processor.py:840} INFO - DAG(s) 'example_xcom_args', 'example_xcom_args_with_operators' retrieved from /home/airflow/.local/lib/python3.8/site-packages/airflow/example_dags/example_xcomargs.py
[2025-05-07T19:38:25.215+0000] {logging_mixin.py:188} INFO - [2025-05-07T19:38:25.215+0000] {dag.py:3036} INFO - Sync 2 DAGs
[2025-05-07T19:38:25.229+0000] {logging_mixin.py:188} INFO - [2025-05-07T19:38:25.228+0000] {dag.py:3823} INFO - Setting next_dagrun for example_xcom_args to None, run_after=None
[2025-05-07T19:38:25.234+0000] {logging_mixin.py:188} INFO - [2025-05-07T19:38:25.233+0000] {dag.py:3823} INFO - Setting next_dagrun for example_xcom_args_with_operators to None, run_after=None
[2025-05-07T19:38:25.256+0000] {processor.py:183} INFO - Processing /home/airflow/.local/lib/python3.8/site-packages/airflow/example_dags/example_xcomargs.py took 0.089 seconds
[2025-05-07T19:38:55.719+0000] {processor.py:161} INFO - Started process (PID=717) to work on /home/airflow/.local/lib/python3.8/site-packages/airflow/example_dags/example_xcomargs.py
[2025-05-07T19:38:55.721+0000] {processor.py:830} INFO - Processing file /home/airflow/.local/lib/python3.8/site-packages/airflow/example_dags/example_xcomargs.py for tasks to queue
[2025-05-07T19:38:55.723+0000] {logging_mixin.py:188} INFO - [2025-05-07T19:38:55.723+0000] {dagbag.py:538} INFO - Filling up the DagBag from /home/airflow/.local/lib/python3.8/site-packages/airflow/example_dags/example_xcomargs.py
[2025-05-07T19:38:55.731+0000] {processor.py:840} INFO - DAG(s) 'example_xcom_args', 'example_xcom_args_with_operators' retrieved from /home/airflow/.local/lib/python3.8/site-packages/airflow/example_dags/example_xcomargs.py
[2025-05-07T19:38:55.756+0000] {logging_mixin.py:188} INFO - [2025-05-07T19:38:55.755+0000] {dag.py:3036} INFO - Sync 2 DAGs
[2025-05-07T19:38:55.769+0000] {logging_mixin.py:188} INFO - [2025-05-07T19:38:55.769+0000] {dag.py:3823} INFO - Setting next_dagrun for example_xcom_args to None, run_after=None
[2025-05-07T19:38:55.773+0000] {logging_mixin.py:188} INFO - [2025-05-07T19:38:55.773+0000] {dag.py:3823} INFO - Setting next_dagrun for example_xcom_args_with_operators to None, run_after=None
[2025-05-07T19:38:55.794+0000] {processor.py:183} INFO - Processing /home/airflow/.local/lib/python3.8/site-packages/airflow/example_dags/example_xcomargs.py took 0.078 seconds
[2025-05-07T19:39:26.290+0000] {processor.py:161} INFO - Started process (PID=774) to work on /home/airflow/.local/lib/python3.8/site-packages/airflow/example_dags/example_xcomargs.py
[2025-05-07T19:39:26.291+0000] {processor.py:830} INFO - Processing file /home/airflow/.local/lib/python3.8/site-packages/airflow/example_dags/example_xcomargs.py for tasks to queue
[2025-05-07T19:39:26.293+0000] {logging_mixin.py:188} INFO - [2025-05-07T19:39:26.293+0000] {dagbag.py:538} INFO - Filling up the DagBag from /home/airflow/.local/lib/python3.8/site-packages/airflow/example_dags/example_xcomargs.py
[2025-05-07T19:39:26.303+0000] {processor.py:840} INFO - DAG(s) 'example_xcom_args', 'example_xcom_args_with_operators' retrieved from /home/airflow/.local/lib/python3.8/site-packages/airflow/example_dags/example_xcomargs.py
[2025-05-07T19:39:26.331+0000] {logging_mixin.py:188} INFO - [2025-05-07T19:39:26.331+0000] {dag.py:3036} INFO - Sync 2 DAGs
[2025-05-07T19:39:26.345+0000] {logging_mixin.py:188} INFO - [2025-05-07T19:39:26.345+0000] {dag.py:3823} INFO - Setting next_dagrun for example_xcom_args to None, run_after=None
[2025-05-07T19:39:26.352+0000] {logging_mixin.py:188} INFO - [2025-05-07T19:39:26.351+0000] {dag.py:3823} INFO - Setting next_dagrun for example_xcom_args_with_operators to None, run_after=None
[2025-05-07T19:39:26.375+0000] {processor.py:183} INFO - Processing /home/airflow/.local/lib/python3.8/site-packages/airflow/example_dags/example_xcomargs.py took 0.089 seconds
[2025-05-07T19:39:56.602+0000] {processor.py:161} INFO - Started process (PID=830) to work on /home/airflow/.local/lib/python3.8/site-packages/airflow/example_dags/example_xcomargs.py
[2025-05-07T19:39:56.604+0000] {processor.py:830} INFO - Processing file /home/airflow/.local/lib/python3.8/site-packages/airflow/example_dags/example_xcomargs.py for tasks to queue
[2025-05-07T19:39:56.606+0000] {logging_mixin.py:188} INFO - [2025-05-07T19:39:56.606+0000] {dagbag.py:538} INFO - Filling up the DagBag from /home/airflow/.local/lib/python3.8/site-packages/airflow/example_dags/example_xcomargs.py
[2025-05-07T19:39:56.615+0000] {processor.py:840} INFO - DAG(s) 'example_xcom_args', 'example_xcom_args_with_operators' retrieved from /home/airflow/.local/lib/python3.8/site-packages/airflow/example_dags/example_xcomargs.py
[2025-05-07T19:39:56.639+0000] {logging_mixin.py:188} INFO - [2025-05-07T19:39:56.639+0000] {dag.py:3036} INFO - Sync 2 DAGs
[2025-05-07T19:39:56.654+0000] {logging_mixin.py:188} INFO - [2025-05-07T19:39:56.654+0000] {dag.py:3823} INFO - Setting next_dagrun for example_xcom_args to None, run_after=None
[2025-05-07T19:39:56.659+0000] {logging_mixin.py:188} INFO - [2025-05-07T19:39:56.659+0000] {dag.py:3823} INFO - Setting next_dagrun for example_xcom_args_with_operators to None, run_after=None
[2025-05-07T19:39:56.682+0000] {processor.py:183} INFO - Processing /home/airflow/.local/lib/python3.8/site-packages/airflow/example_dags/example_xcomargs.py took 0.083 seconds
[2025-05-07T19:40:26.779+0000] {processor.py:161} INFO - Started process (PID=887) to work on /home/airflow/.local/lib/python3.8/site-packages/airflow/example_dags/example_xcomargs.py
[2025-05-07T19:40:26.780+0000] {processor.py:830} INFO - Processing file /home/airflow/.local/lib/python3.8/site-packages/airflow/example_dags/example_xcomargs.py for tasks to queue
[2025-05-07T19:40:26.783+0000] {logging_mixin.py:188} INFO - [2025-05-07T19:40:26.783+0000] {dagbag.py:538} INFO - Filling up the DagBag from /home/airflow/.local/lib/python3.8/site-packages/airflow/example_dags/example_xcomargs.py
[2025-05-07T19:40:26.798+0000] {processor.py:840} INFO - DAG(s) 'example_xcom_args_with_operators', 'example_xcom_args' retrieved from /home/airflow/.local/lib/python3.8/site-packages/airflow/example_dags/example_xcomargs.py
[2025-05-07T19:40:26.825+0000] {logging_mixin.py:188} INFO - [2025-05-07T19:40:26.825+0000] {dag.py:3036} INFO - Sync 2 DAGs
[2025-05-07T19:40:26.839+0000] {logging_mixin.py:188} INFO - [2025-05-07T19:40:26.838+0000] {dag.py:3823} INFO - Setting next_dagrun for example_xcom_args to None, run_after=None
[2025-05-07T19:40:26.843+0000] {logging_mixin.py:188} INFO - [2025-05-07T19:40:26.843+0000] {dag.py:3823} INFO - Setting next_dagrun for example_xcom_args_with_operators to None, run_after=None
[2025-05-07T19:40:26.863+0000] {processor.py:183} INFO - Processing /home/airflow/.local/lib/python3.8/site-packages/airflow/example_dags/example_xcomargs.py took 0.089 seconds
[2025-05-07T19:40:57.859+0000] {processor.py:161} INFO - Started process (PID=944) to work on /home/airflow/.local/lib/python3.8/site-packages/airflow/example_dags/example_xcomargs.py
[2025-05-07T19:40:57.861+0000] {processor.py:830} INFO - Processing file /home/airflow/.local/lib/python3.8/site-packages/airflow/example_dags/example_xcomargs.py for tasks to queue
[2025-05-07T19:40:57.865+0000] {logging_mixin.py:188} INFO - [2025-05-07T19:40:57.865+0000] {dagbag.py:538} INFO - Filling up the DagBag from /home/airflow/.local/lib/python3.8/site-packages/airflow/example_dags/example_xcomargs.py
[2025-05-07T19:40:57.883+0000] {processor.py:840} INFO - DAG(s) 'example_xcom_args_with_operators', 'example_xcom_args' retrieved from /home/airflow/.local/lib/python3.8/site-packages/airflow/example_dags/example_xcomargs.py
[2025-05-07T19:40:57.926+0000] {logging_mixin.py:188} INFO - [2025-05-07T19:40:57.925+0000] {dag.py:3036} INFO - Sync 2 DAGs
[2025-05-07T19:40:57.944+0000] {logging_mixin.py:188} INFO - [2025-05-07T19:40:57.943+0000] {dag.py:3823} INFO - Setting next_dagrun for example_xcom_args to None, run_after=None
[2025-05-07T19:40:57.952+0000] {logging_mixin.py:188} INFO - [2025-05-07T19:40:57.951+0000] {dag.py:3823} INFO - Setting next_dagrun for example_xcom_args_with_operators to None, run_after=None
[2025-05-07T19:40:57.990+0000] {processor.py:183} INFO - Processing /home/airflow/.local/lib/python3.8/site-packages/airflow/example_dags/example_xcomargs.py took 0.136 seconds
[2025-05-07T19:41:28.365+0000] {processor.py:161} INFO - Started process (PID=1001) to work on /home/airflow/.local/lib/python3.8/site-packages/airflow/example_dags/example_xcomargs.py
[2025-05-07T19:41:28.369+0000] {processor.py:830} INFO - Processing file /home/airflow/.local/lib/python3.8/site-packages/airflow/example_dags/example_xcomargs.py for tasks to queue
[2025-05-07T19:41:28.373+0000] {logging_mixin.py:188} INFO - [2025-05-07T19:41:28.372+0000] {dagbag.py:538} INFO - Filling up the DagBag from /home/airflow/.local/lib/python3.8/site-packages/airflow/example_dags/example_xcomargs.py
[2025-05-07T19:41:28.391+0000] {processor.py:840} INFO - DAG(s) 'example_xcom_args', 'example_xcom_args_with_operators' retrieved from /home/airflow/.local/lib/python3.8/site-packages/airflow/example_dags/example_xcomargs.py
[2025-05-07T19:41:28.435+0000] {logging_mixin.py:188} INFO - [2025-05-07T19:41:28.435+0000] {dag.py:3036} INFO - Sync 2 DAGs
[2025-05-07T19:41:28.460+0000] {logging_mixin.py:188} INFO - [2025-05-07T19:41:28.459+0000] {dag.py:3823} INFO - Setting next_dagrun for example_xcom_args to None, run_after=None
[2025-05-07T19:41:28.470+0000] {logging_mixin.py:188} INFO - [2025-05-07T19:41:28.470+0000] {dag.py:3823} INFO - Setting next_dagrun for example_xcom_args_with_operators to None, run_after=None
[2025-05-07T19:41:28.505+0000] {processor.py:183} INFO - Processing /home/airflow/.local/lib/python3.8/site-packages/airflow/example_dags/example_xcomargs.py took 0.148 seconds
[2025-05-07T19:41:58.716+0000] {processor.py:161} INFO - Started process (PID=1058) to work on /home/airflow/.local/lib/python3.8/site-packages/airflow/example_dags/example_xcomargs.py
[2025-05-07T19:41:58.719+0000] {processor.py:830} INFO - Processing file /home/airflow/.local/lib/python3.8/site-packages/airflow/example_dags/example_xcomargs.py for tasks to queue
[2025-05-07T19:41:58.725+0000] {logging_mixin.py:188} INFO - [2025-05-07T19:41:58.724+0000] {dagbag.py:538} INFO - Filling up the DagBag from /home/airflow/.local/lib/python3.8/site-packages/airflow/example_dags/example_xcomargs.py
[2025-05-07T19:41:58.740+0000] {processor.py:840} INFO - DAG(s) 'example_xcom_args', 'example_xcom_args_with_operators' retrieved from /home/airflow/.local/lib/python3.8/site-packages/airflow/example_dags/example_xcomargs.py
[2025-05-07T19:41:58.789+0000] {logging_mixin.py:188} INFO - [2025-05-07T19:41:58.788+0000] {dag.py:3036} INFO - Sync 2 DAGs
[2025-05-07T19:41:58.805+0000] {logging_mixin.py:188} INFO - [2025-05-07T19:41:58.805+0000] {dag.py:3823} INFO - Setting next_dagrun for example_xcom_args to None, run_after=None
[2025-05-07T19:41:58.809+0000] {logging_mixin.py:188} INFO - [2025-05-07T19:41:58.809+0000] {dag.py:3823} INFO - Setting next_dagrun for example_xcom_args_with_operators to None, run_after=None
[2025-05-07T19:41:58.839+0000] {processor.py:183} INFO - Processing /home/airflow/.local/lib/python3.8/site-packages/airflow/example_dags/example_xcomargs.py took 0.130 seconds
[2025-05-07T19:42:29.366+0000] {processor.py:161} INFO - Started process (PID=1116) to work on /home/airflow/.local/lib/python3.8/site-packages/airflow/example_dags/example_xcomargs.py
[2025-05-07T19:42:29.368+0000] {processor.py:830} INFO - Processing file /home/airflow/.local/lib/python3.8/site-packages/airflow/example_dags/example_xcomargs.py for tasks to queue
[2025-05-07T19:42:29.370+0000] {logging_mixin.py:188} INFO - [2025-05-07T19:42:29.369+0000] {dagbag.py:538} INFO - Filling up the DagBag from /home/airflow/.local/lib/python3.8/site-packages/airflow/example_dags/example_xcomargs.py
[2025-05-07T19:42:29.377+0000] {processor.py:840} INFO - DAG(s) 'example_xcom_args_with_operators', 'example_xcom_args' retrieved from /home/airflow/.local/lib/python3.8/site-packages/airflow/example_dags/example_xcomargs.py
[2025-05-07T19:42:29.401+0000] {logging_mixin.py:188} INFO - [2025-05-07T19:42:29.401+0000] {dag.py:3036} INFO - Sync 2 DAGs
[2025-05-07T19:42:29.413+0000] {logging_mixin.py:188} INFO - [2025-05-07T19:42:29.413+0000] {dag.py:3823} INFO - Setting next_dagrun for example_xcom_args to None, run_after=None
[2025-05-07T19:42:29.417+0000] {logging_mixin.py:188} INFO - [2025-05-07T19:42:29.417+0000] {dag.py:3823} INFO - Setting next_dagrun for example_xcom_args_with_operators to None, run_after=None
[2025-05-07T19:42:29.440+0000] {processor.py:183} INFO - Processing /home/airflow/.local/lib/python3.8/site-packages/airflow/example_dags/example_xcomargs.py took 0.077 seconds
[2025-05-07T19:43:00.187+0000] {processor.py:161} INFO - Started process (PID=1173) to work on /home/airflow/.local/lib/python3.8/site-packages/airflow/example_dags/example_xcomargs.py
[2025-05-07T19:43:00.188+0000] {processor.py:830} INFO - Processing file /home/airflow/.local/lib/python3.8/site-packages/airflow/example_dags/example_xcomargs.py for tasks to queue
[2025-05-07T19:43:00.190+0000] {logging_mixin.py:188} INFO - [2025-05-07T19:43:00.190+0000] {dagbag.py:538} INFO - Filling up the DagBag from /home/airflow/.local/lib/python3.8/site-packages/airflow/example_dags/example_xcomargs.py
[2025-05-07T19:43:00.200+0000] {processor.py:840} INFO - DAG(s) 'example_xcom_args_with_operators', 'example_xcom_args' retrieved from /home/airflow/.local/lib/python3.8/site-packages/airflow/example_dags/example_xcomargs.py
[2025-05-07T19:43:00.225+0000] {logging_mixin.py:188} INFO - [2025-05-07T19:43:00.225+0000] {dag.py:3036} INFO - Sync 2 DAGs
[2025-05-07T19:43:00.237+0000] {logging_mixin.py:188} INFO - [2025-05-07T19:43:00.237+0000] {dag.py:3823} INFO - Setting next_dagrun for example_xcom_args to None, run_after=None
[2025-05-07T19:43:00.242+0000] {logging_mixin.py:188} INFO - [2025-05-07T19:43:00.242+0000] {dag.py:3823} INFO - Setting next_dagrun for example_xcom_args_with_operators to None, run_after=None
[2025-05-07T19:43:00.265+0000] {processor.py:183} INFO - Processing /home/airflow/.local/lib/python3.8/site-packages/airflow/example_dags/example_xcomargs.py took 0.082 seconds
[2025-05-07T19:43:31.351+0000] {processor.py:161} INFO - Started process (PID=1230) to work on /home/airflow/.local/lib/python3.8/site-packages/airflow/example_dags/example_xcomargs.py
[2025-05-07T19:43:31.353+0000] {processor.py:830} INFO - Processing file /home/airflow/.local/lib/python3.8/site-packages/airflow/example_dags/example_xcomargs.py for tasks to queue
[2025-05-07T19:43:31.355+0000] {logging_mixin.py:188} INFO - [2025-05-07T19:43:31.355+0000] {dagbag.py:538} INFO - Filling up the DagBag from /home/airflow/.local/lib/python3.8/site-packages/airflow/example_dags/example_xcomargs.py
[2025-05-07T19:43:31.364+0000] {processor.py:840} INFO - DAG(s) 'example_xcom_args_with_operators', 'example_xcom_args' retrieved from /home/airflow/.local/lib/python3.8/site-packages/airflow/example_dags/example_xcomargs.py
[2025-05-07T19:43:31.391+0000] {logging_mixin.py:188} INFO - [2025-05-07T19:43:31.391+0000] {dag.py:3036} INFO - Sync 2 DAGs
[2025-05-07T19:43:31.409+0000] {logging_mixin.py:188} INFO - [2025-05-07T19:43:31.408+0000] {dag.py:3823} INFO - Setting next_dagrun for example_xcom_args to None, run_after=None
[2025-05-07T19:43:31.414+0000] {logging_mixin.py:188} INFO - [2025-05-07T19:43:31.414+0000] {dag.py:3823} INFO - Setting next_dagrun for example_xcom_args_with_operators to None, run_after=None
[2025-05-07T19:43:31.440+0000] {processor.py:183} INFO - Processing /home/airflow/.local/lib/python3.8/site-packages/airflow/example_dags/example_xcomargs.py took 0.091 seconds
[2025-05-07T19:44:01.647+0000] {processor.py:161} INFO - Started process (PID=1287) to work on /home/airflow/.local/lib/python3.8/site-packages/airflow/example_dags/example_xcomargs.py
[2025-05-07T19:44:01.648+0000] {processor.py:830} INFO - Processing file /home/airflow/.local/lib/python3.8/site-packages/airflow/example_dags/example_xcomargs.py for tasks to queue
[2025-05-07T19:44:01.650+0000] {logging_mixin.py:188} INFO - [2025-05-07T19:44:01.650+0000] {dagbag.py:538} INFO - Filling up the DagBag from /home/airflow/.local/lib/python3.8/site-packages/airflow/example_dags/example_xcomargs.py
[2025-05-07T19:44:01.658+0000] {processor.py:840} INFO - DAG(s) 'example_xcom_args', 'example_xcom_args_with_operators' retrieved from /home/airflow/.local/lib/python3.8/site-packages/airflow/example_dags/example_xcomargs.py
[2025-05-07T19:44:01.681+0000] {logging_mixin.py:188} INFO - [2025-05-07T19:44:01.681+0000] {dag.py:3036} INFO - Sync 2 DAGs
[2025-05-07T19:44:01.696+0000] {logging_mixin.py:188} INFO - [2025-05-07T19:44:01.696+0000] {dag.py:3823} INFO - Setting next_dagrun for example_xcom_args to None, run_after=None
[2025-05-07T19:44:01.700+0000] {logging_mixin.py:188} INFO - [2025-05-07T19:44:01.699+0000] {dag.py:3823} INFO - Setting next_dagrun for example_xcom_args_with_operators to None, run_after=None
[2025-05-07T19:44:01.717+0000] {processor.py:183} INFO - Processing /home/airflow/.local/lib/python3.8/site-packages/airflow/example_dags/example_xcomargs.py took 0.073 seconds
[2025-05-07T19:44:31.952+0000] {processor.py:161} INFO - Started process (PID=1344) to work on /home/airflow/.local/lib/python3.8/site-packages/airflow/example_dags/example_xcomargs.py
[2025-05-07T19:44:31.953+0000] {processor.py:830} INFO - Processing file /home/airflow/.local/lib/python3.8/site-packages/airflow/example_dags/example_xcomargs.py for tasks to queue
[2025-05-07T19:44:31.956+0000] {logging_mixin.py:188} INFO - [2025-05-07T19:44:31.955+0000] {dagbag.py:538} INFO - Filling up the DagBag from /home/airflow/.local/lib/python3.8/site-packages/airflow/example_dags/example_xcomargs.py
[2025-05-07T19:44:31.970+0000] {processor.py:840} INFO - DAG(s) 'example_xcom_args', 'example_xcom_args_with_operators' retrieved from /home/airflow/.local/lib/python3.8/site-packages/airflow/example_dags/example_xcomargs.py
[2025-05-07T19:44:32.001+0000] {logging_mixin.py:188} INFO - [2025-05-07T19:44:32.000+0000] {dag.py:3036} INFO - Sync 2 DAGs
[2025-05-07T19:44:32.014+0000] {logging_mixin.py:188} INFO - [2025-05-07T19:44:32.014+0000] {dag.py:3823} INFO - Setting next_dagrun for example_xcom_args to None, run_after=None
[2025-05-07T19:44:32.018+0000] {logging_mixin.py:188} INFO - [2025-05-07T19:44:32.018+0000] {dag.py:3823} INFO - Setting next_dagrun for example_xcom_args_with_operators to None, run_after=None
[2025-05-07T19:44:32.039+0000] {processor.py:183} INFO - Processing /home/airflow/.local/lib/python3.8/site-packages/airflow/example_dags/example_xcomargs.py took 0.090 seconds
[2025-05-07T19:45:02.603+0000] {processor.py:161} INFO - Started process (PID=1401) to work on /home/airflow/.local/lib/python3.8/site-packages/airflow/example_dags/example_xcomargs.py
[2025-05-07T19:45:02.605+0000] {processor.py:830} INFO - Processing file /home/airflow/.local/lib/python3.8/site-packages/airflow/example_dags/example_xcomargs.py for tasks to queue
[2025-05-07T19:45:02.607+0000] {logging_mixin.py:188} INFO - [2025-05-07T19:45:02.607+0000] {dagbag.py:538} INFO - Filling up the DagBag from /home/airflow/.local/lib/python3.8/site-packages/airflow/example_dags/example_xcomargs.py
[2025-05-07T19:45:02.618+0000] {processor.py:840} INFO - DAG(s) 'example_xcom_args_with_operators', 'example_xcom_args' retrieved from /home/airflow/.local/lib/python3.8/site-packages/airflow/example_dags/example_xcomargs.py
[2025-05-07T19:45:02.658+0000] {logging_mixin.py:188} INFO - [2025-05-07T19:45:02.658+0000] {dag.py:3036} INFO - Sync 2 DAGs
[2025-05-07T19:45:02.674+0000] {logging_mixin.py:188} INFO - [2025-05-07T19:45:02.673+0000] {dag.py:3823} INFO - Setting next_dagrun for example_xcom_args to None, run_after=None
[2025-05-07T19:45:02.679+0000] {logging_mixin.py:188} INFO - [2025-05-07T19:45:02.678+0000] {dag.py:3823} INFO - Setting next_dagrun for example_xcom_args_with_operators to None, run_after=None
[2025-05-07T19:45:02.699+0000] {processor.py:183} INFO - Processing /home/airflow/.local/lib/python3.8/site-packages/airflow/example_dags/example_xcomargs.py took 0.100 seconds
[2025-05-07T19:45:33.211+0000] {processor.py:161} INFO - Started process (PID=1458) to work on /home/airflow/.local/lib/python3.8/site-packages/airflow/example_dags/example_xcomargs.py
[2025-05-07T19:45:33.213+0000] {processor.py:830} INFO - Processing file /home/airflow/.local/lib/python3.8/site-packages/airflow/example_dags/example_xcomargs.py for tasks to queue
[2025-05-07T19:45:33.215+0000] {logging_mixin.py:188} INFO - [2025-05-07T19:45:33.215+0000] {dagbag.py:538} INFO - Filling up the DagBag from /home/airflow/.local/lib/python3.8/site-packages/airflow/example_dags/example_xcomargs.py
[2025-05-07T19:45:33.224+0000] {processor.py:840} INFO - DAG(s) 'example_xcom_args_with_operators', 'example_xcom_args' retrieved from /home/airflow/.local/lib/python3.8/site-packages/airflow/example_dags/example_xcomargs.py
[2025-05-07T19:45:33.251+0000] {logging_mixin.py:188} INFO - [2025-05-07T19:45:33.251+0000] {dag.py:3036} INFO - Sync 2 DAGs
[2025-05-07T19:45:33.265+0000] {logging_mixin.py:188} INFO - [2025-05-07T19:45:33.265+0000] {dag.py:3823} INFO - Setting next_dagrun for example_xcom_args to None, run_after=None
[2025-05-07T19:45:33.270+0000] {logging_mixin.py:188} INFO - [2025-05-07T19:45:33.270+0000] {dag.py:3823} INFO - Setting next_dagrun for example_xcom_args_with_operators to None, run_after=None
[2025-05-07T19:45:33.294+0000] {processor.py:183} INFO - Processing /home/airflow/.local/lib/python3.8/site-packages/airflow/example_dags/example_xcomargs.py took 0.087 seconds
[2025-05-07T19:46:03.824+0000] {processor.py:161} INFO - Started process (PID=1515) to work on /home/airflow/.local/lib/python3.8/site-packages/airflow/example_dags/example_xcomargs.py
[2025-05-07T19:46:03.825+0000] {processor.py:830} INFO - Processing file /home/airflow/.local/lib/python3.8/site-packages/airflow/example_dags/example_xcomargs.py for tasks to queue
[2025-05-07T19:46:03.828+0000] {logging_mixin.py:188} INFO - [2025-05-07T19:46:03.827+0000] {dagbag.py:538} INFO - Filling up the DagBag from /home/airflow/.local/lib/python3.8/site-packages/airflow/example_dags/example_xcomargs.py
[2025-05-07T19:46:03.836+0000] {processor.py:840} INFO - DAG(s) 'example_xcom_args', 'example_xcom_args_with_operators' retrieved from /home/airflow/.local/lib/python3.8/site-packages/airflow/example_dags/example_xcomargs.py
[2025-05-07T19:46:03.865+0000] {logging_mixin.py:188} INFO - [2025-05-07T19:46:03.864+0000] {dag.py:3036} INFO - Sync 2 DAGs
[2025-05-07T19:46:03.879+0000] {logging_mixin.py:188} INFO - [2025-05-07T19:46:03.879+0000] {dag.py:3823} INFO - Setting next_dagrun for example_xcom_args to None, run_after=None
[2025-05-07T19:46:03.885+0000] {logging_mixin.py:188} INFO - [2025-05-07T19:46:03.885+0000] {dag.py:3823} INFO - Setting next_dagrun for example_xcom_args_with_operators to None, run_after=None
[2025-05-07T19:46:03.905+0000] {processor.py:183} INFO - Processing /home/airflow/.local/lib/python3.8/site-packages/airflow/example_dags/example_xcomargs.py took 0.084 seconds
[2025-05-07T19:46:34.052+0000] {processor.py:161} INFO - Started process (PID=1572) to work on /home/airflow/.local/lib/python3.8/site-packages/airflow/example_dags/example_xcomargs.py
[2025-05-07T19:46:34.054+0000] {processor.py:830} INFO - Processing file /home/airflow/.local/lib/python3.8/site-packages/airflow/example_dags/example_xcomargs.py for tasks to queue
[2025-05-07T19:46:34.056+0000] {logging_mixin.py:188} INFO - [2025-05-07T19:46:34.055+0000] {dagbag.py:538} INFO - Filling up the DagBag from /home/airflow/.local/lib/python3.8/site-packages/airflow/example_dags/example_xcomargs.py
[2025-05-07T19:46:34.064+0000] {processor.py:840} INFO - DAG(s) 'example_xcom_args', 'example_xcom_args_with_operators' retrieved from /home/airflow/.local/lib/python3.8/site-packages/airflow/example_dags/example_xcomargs.py
[2025-05-07T19:46:34.086+0000] {logging_mixin.py:188} INFO - [2025-05-07T19:46:34.086+0000] {dag.py:3036} INFO - Sync 2 DAGs
[2025-05-07T19:46:34.098+0000] {logging_mixin.py:188} INFO - [2025-05-07T19:46:34.098+0000] {dag.py:3823} INFO - Setting next_dagrun for example_xcom_args to None, run_after=None
[2025-05-07T19:46:34.102+0000] {logging_mixin.py:188} INFO - [2025-05-07T19:46:34.102+0000] {dag.py:3823} INFO - Setting next_dagrun for example_xcom_args_with_operators to None, run_after=None
[2025-05-07T19:46:34.119+0000] {processor.py:183} INFO - Processing /home/airflow/.local/lib/python3.8/site-packages/airflow/example_dags/example_xcomargs.py took 0.070 seconds
[2025-05-07T19:47:05.210+0000] {processor.py:161} INFO - Started process (PID=1630) to work on /home/airflow/.local/lib/python3.8/site-packages/airflow/example_dags/example_xcomargs.py
[2025-05-07T19:47:05.211+0000] {processor.py:830} INFO - Processing file /home/airflow/.local/lib/python3.8/site-packages/airflow/example_dags/example_xcomargs.py for tasks to queue
[2025-05-07T19:47:05.213+0000] {logging_mixin.py:188} INFO - [2025-05-07T19:47:05.213+0000] {dagbag.py:538} INFO - Filling up the DagBag from /home/airflow/.local/lib/python3.8/site-packages/airflow/example_dags/example_xcomargs.py
[2025-05-07T19:47:05.221+0000] {processor.py:840} INFO - DAG(s) 'example_xcom_args', 'example_xcom_args_with_operators' retrieved from /home/airflow/.local/lib/python3.8/site-packages/airflow/example_dags/example_xcomargs.py
[2025-05-07T19:47:05.245+0000] {logging_mixin.py:188} INFO - [2025-05-07T19:47:05.245+0000] {dag.py:3036} INFO - Sync 2 DAGs
[2025-05-07T19:47:05.257+0000] {logging_mixin.py:188} INFO - [2025-05-07T19:47:05.257+0000] {dag.py:3823} INFO - Setting next_dagrun for example_xcom_args to None, run_after=None
[2025-05-07T19:47:05.261+0000] {logging_mixin.py:188} INFO - [2025-05-07T19:47:05.261+0000] {dag.py:3823} INFO - Setting next_dagrun for example_xcom_args_with_operators to None, run_after=None
[2025-05-07T19:47:05.280+0000] {processor.py:183} INFO - Processing /home/airflow/.local/lib/python3.8/site-packages/airflow/example_dags/example_xcomargs.py took 0.075 seconds
[2025-05-07T19:47:35.851+0000] {processor.py:161} INFO - Started process (PID=1686) to work on /home/airflow/.local/lib/python3.8/site-packages/airflow/example_dags/example_xcomargs.py
[2025-05-07T19:47:35.853+0000] {processor.py:830} INFO - Processing file /home/airflow/.local/lib/python3.8/site-packages/airflow/example_dags/example_xcomargs.py for tasks to queue
[2025-05-07T19:47:35.857+0000] {logging_mixin.py:188} INFO - [2025-05-07T19:47:35.856+0000] {dagbag.py:538} INFO - Filling up the DagBag from /home/airflow/.local/lib/python3.8/site-packages/airflow/example_dags/example_xcomargs.py
[2025-05-07T19:47:35.871+0000] {processor.py:840} INFO - DAG(s) 'example_xcom_args', 'example_xcom_args_with_operators' retrieved from /home/airflow/.local/lib/python3.8/site-packages/airflow/example_dags/example_xcomargs.py
[2025-05-07T19:47:35.906+0000] {logging_mixin.py:188} INFO - [2025-05-07T19:47:35.906+0000] {dag.py:3036} INFO - Sync 2 DAGs
[2025-05-07T19:47:35.931+0000] {logging_mixin.py:188} INFO - [2025-05-07T19:47:35.931+0000] {dag.py:3823} INFO - Setting next_dagrun for example_xcom_args to None, run_after=None
[2025-05-07T19:47:35.937+0000] {logging_mixin.py:188} INFO - [2025-05-07T19:47:35.937+0000] {dag.py:3823} INFO - Setting next_dagrun for example_xcom_args_with_operators to None, run_after=None
[2025-05-07T19:47:35.977+0000] {processor.py:183} INFO - Processing /home/airflow/.local/lib/python3.8/site-packages/airflow/example_dags/example_xcomargs.py took 0.131 seconds
[2025-05-07T19:48:06.194+0000] {processor.py:161} INFO - Started process (PID=1743) to work on /home/airflow/.local/lib/python3.8/site-packages/airflow/example_dags/example_xcomargs.py
[2025-05-07T19:48:06.197+0000] {processor.py:830} INFO - Processing file /home/airflow/.local/lib/python3.8/site-packages/airflow/example_dags/example_xcomargs.py for tasks to queue
[2025-05-07T19:48:06.203+0000] {logging_mixin.py:188} INFO - [2025-05-07T19:48:06.203+0000] {dagbag.py:538} INFO - Filling up the DagBag from /home/airflow/.local/lib/python3.8/site-packages/airflow/example_dags/example_xcomargs.py
[2025-05-07T19:48:06.221+0000] {processor.py:840} INFO - DAG(s) 'example_xcom_args', 'example_xcom_args_with_operators' retrieved from /home/airflow/.local/lib/python3.8/site-packages/airflow/example_dags/example_xcomargs.py
[2025-05-07T19:48:06.255+0000] {logging_mixin.py:188} INFO - [2025-05-07T19:48:06.255+0000] {dag.py:3036} INFO - Sync 2 DAGs
[2025-05-07T19:48:06.273+0000] {logging_mixin.py:188} INFO - [2025-05-07T19:48:06.273+0000] {dag.py:3823} INFO - Setting next_dagrun for example_xcom_args to None, run_after=None
[2025-05-07T19:48:06.279+0000] {logging_mixin.py:188} INFO - [2025-05-07T19:48:06.278+0000] {dag.py:3823} INFO - Setting next_dagrun for example_xcom_args_with_operators to None, run_after=None
[2025-05-07T19:48:06.303+0000] {processor.py:183} INFO - Processing /home/airflow/.local/lib/python3.8/site-packages/airflow/example_dags/example_xcomargs.py took 0.117 seconds
[2025-05-07T19:48:36.665+0000] {processor.py:161} INFO - Started process (PID=1801) to work on /home/airflow/.local/lib/python3.8/site-packages/airflow/example_dags/example_xcomargs.py
[2025-05-07T19:48:36.666+0000] {processor.py:830} INFO - Processing file /home/airflow/.local/lib/python3.8/site-packages/airflow/example_dags/example_xcomargs.py for tasks to queue
[2025-05-07T19:48:36.667+0000] {logging_mixin.py:188} INFO - [2025-05-07T19:48:36.667+0000] {dagbag.py:538} INFO - Filling up the DagBag from /home/airflow/.local/lib/python3.8/site-packages/airflow/example_dags/example_xcomargs.py
[2025-05-07T19:48:36.676+0000] {processor.py:840} INFO - DAG(s) 'example_xcom_args', 'example_xcom_args_with_operators' retrieved from /home/airflow/.local/lib/python3.8/site-packages/airflow/example_dags/example_xcomargs.py
[2025-05-07T19:48:36.699+0000] {logging_mixin.py:188} INFO - [2025-05-07T19:48:36.698+0000] {dag.py:3036} INFO - Sync 2 DAGs
[2025-05-07T19:48:36.711+0000] {logging_mixin.py:188} INFO - [2025-05-07T19:48:36.710+0000] {dag.py:3823} INFO - Setting next_dagrun for example_xcom_args to None, run_after=None
[2025-05-07T19:48:36.714+0000] {logging_mixin.py:188} INFO - [2025-05-07T19:48:36.714+0000] {dag.py:3823} INFO - Setting next_dagrun for example_xcom_args_with_operators to None, run_after=None
[2025-05-07T19:48:36.734+0000] {processor.py:183} INFO - Processing /home/airflow/.local/lib/python3.8/site-packages/airflow/example_dags/example_xcomargs.py took 0.073 seconds
[2025-05-07T19:49:07.494+0000] {processor.py:161} INFO - Started process (PID=1857) to work on /home/airflow/.local/lib/python3.8/site-packages/airflow/example_dags/example_xcomargs.py
[2025-05-07T19:49:07.495+0000] {processor.py:830} INFO - Processing file /home/airflow/.local/lib/python3.8/site-packages/airflow/example_dags/example_xcomargs.py for tasks to queue
[2025-05-07T19:49:07.497+0000] {logging_mixin.py:188} INFO - [2025-05-07T19:49:07.497+0000] {dagbag.py:538} INFO - Filling up the DagBag from /home/airflow/.local/lib/python3.8/site-packages/airflow/example_dags/example_xcomargs.py
[2025-05-07T19:49:07.506+0000] {processor.py:840} INFO - DAG(s) 'example_xcom_args_with_operators', 'example_xcom_args' retrieved from /home/airflow/.local/lib/python3.8/site-packages/airflow/example_dags/example_xcomargs.py
[2025-05-07T19:49:07.530+0000] {logging_mixin.py:188} INFO - [2025-05-07T19:49:07.530+0000] {dag.py:3036} INFO - Sync 2 DAGs
[2025-05-07T19:49:07.543+0000] {logging_mixin.py:188} INFO - [2025-05-07T19:49:07.542+0000] {dag.py:3823} INFO - Setting next_dagrun for example_xcom_args to None, run_after=None
[2025-05-07T19:49:07.547+0000] {logging_mixin.py:188} INFO - [2025-05-07T19:49:07.547+0000] {dag.py:3823} INFO - Setting next_dagrun for example_xcom_args_with_operators to None, run_after=None
[2025-05-07T19:49:07.565+0000] {processor.py:183} INFO - Processing /home/airflow/.local/lib/python3.8/site-packages/airflow/example_dags/example_xcomargs.py took 0.074 seconds
[2025-05-07T19:49:37.816+0000] {processor.py:161} INFO - Started process (PID=1914) to work on /home/airflow/.local/lib/python3.8/site-packages/airflow/example_dags/example_xcomargs.py
[2025-05-07T19:49:37.817+0000] {processor.py:830} INFO - Processing file /home/airflow/.local/lib/python3.8/site-packages/airflow/example_dags/example_xcomargs.py for tasks to queue
[2025-05-07T19:49:37.819+0000] {logging_mixin.py:188} INFO - [2025-05-07T19:49:37.819+0000] {dagbag.py:538} INFO - Filling up the DagBag from /home/airflow/.local/lib/python3.8/site-packages/airflow/example_dags/example_xcomargs.py
[2025-05-07T19:49:37.828+0000] {processor.py:840} INFO - DAG(s) 'example_xcom_args_with_operators', 'example_xcom_args' retrieved from /home/airflow/.local/lib/python3.8/site-packages/airflow/example_dags/example_xcomargs.py
[2025-05-07T19:49:37.852+0000] {logging_mixin.py:188} INFO - [2025-05-07T19:49:37.852+0000] {dag.py:3036} INFO - Sync 2 DAGs
[2025-05-07T19:49:37.865+0000] {logging_mixin.py:188} INFO - [2025-05-07T19:49:37.865+0000] {dag.py:3823} INFO - Setting next_dagrun for example_xcom_args to None, run_after=None
[2025-05-07T19:49:37.871+0000] {logging_mixin.py:188} INFO - [2025-05-07T19:49:37.870+0000] {dag.py:3823} INFO - Setting next_dagrun for example_xcom_args_with_operators to None, run_after=None
[2025-05-07T19:49:37.891+0000] {processor.py:183} INFO - Processing /home/airflow/.local/lib/python3.8/site-packages/airflow/example_dags/example_xcomargs.py took 0.078 seconds
[2025-05-07T19:50:08.550+0000] {processor.py:161} INFO - Started process (PID=1971) to work on /home/airflow/.local/lib/python3.8/site-packages/airflow/example_dags/example_xcomargs.py
[2025-05-07T19:50:08.551+0000] {processor.py:830} INFO - Processing file /home/airflow/.local/lib/python3.8/site-packages/airflow/example_dags/example_xcomargs.py for tasks to queue
[2025-05-07T19:50:08.554+0000] {logging_mixin.py:188} INFO - [2025-05-07T19:50:08.553+0000] {dagbag.py:538} INFO - Filling up the DagBag from /home/airflow/.local/lib/python3.8/site-packages/airflow/example_dags/example_xcomargs.py
[2025-05-07T19:50:08.563+0000] {processor.py:840} INFO - DAG(s) 'example_xcom_args_with_operators', 'example_xcom_args' retrieved from /home/airflow/.local/lib/python3.8/site-packages/airflow/example_dags/example_xcomargs.py
[2025-05-07T19:50:08.588+0000] {logging_mixin.py:188} INFO - [2025-05-07T19:50:08.588+0000] {dag.py:3036} INFO - Sync 2 DAGs
[2025-05-07T19:50:08.604+0000] {logging_mixin.py:188} INFO - [2025-05-07T19:50:08.604+0000] {dag.py:3823} INFO - Setting next_dagrun for example_xcom_args to None, run_after=None
[2025-05-07T19:50:08.609+0000] {logging_mixin.py:188} INFO - [2025-05-07T19:50:08.609+0000] {dag.py:3823} INFO - Setting next_dagrun for example_xcom_args_with_operators to None, run_after=None
[2025-05-07T19:50:08.628+0000] {processor.py:183} INFO - Processing /home/airflow/.local/lib/python3.8/site-packages/airflow/example_dags/example_xcomargs.py took 0.082 seconds
[2025-05-07T19:50:39.151+0000] {processor.py:161} INFO - Started process (PID=2028) to work on /home/airflow/.local/lib/python3.8/site-packages/airflow/example_dags/example_xcomargs.py
[2025-05-07T19:50:39.153+0000] {processor.py:830} INFO - Processing file /home/airflow/.local/lib/python3.8/site-packages/airflow/example_dags/example_xcomargs.py for tasks to queue
[2025-05-07T19:50:39.155+0000] {logging_mixin.py:188} INFO - [2025-05-07T19:50:39.155+0000] {dagbag.py:538} INFO - Filling up the DagBag from /home/airflow/.local/lib/python3.8/site-packages/airflow/example_dags/example_xcomargs.py
[2025-05-07T19:50:39.163+0000] {processor.py:840} INFO - DAG(s) 'example_xcom_args', 'example_xcom_args_with_operators' retrieved from /home/airflow/.local/lib/python3.8/site-packages/airflow/example_dags/example_xcomargs.py
[2025-05-07T19:50:39.188+0000] {logging_mixin.py:188} INFO - [2025-05-07T19:50:39.188+0000] {dag.py:3036} INFO - Sync 2 DAGs
[2025-05-07T19:50:39.200+0000] {logging_mixin.py:188} INFO - [2025-05-07T19:50:39.200+0000] {dag.py:3823} INFO - Setting next_dagrun for example_xcom_args to None, run_after=None
[2025-05-07T19:50:39.204+0000] {logging_mixin.py:188} INFO - [2025-05-07T19:50:39.204+0000] {dag.py:3823} INFO - Setting next_dagrun for example_xcom_args_with_operators to None, run_after=None
[2025-05-07T19:50:39.222+0000] {processor.py:183} INFO - Processing /home/airflow/.local/lib/python3.8/site-packages/airflow/example_dags/example_xcomargs.py took 0.075 seconds
[2025-05-07T19:51:09.537+0000] {processor.py:161} INFO - Started process (PID=2085) to work on /home/airflow/.local/lib/python3.8/site-packages/airflow/example_dags/example_xcomargs.py
[2025-05-07T19:51:09.538+0000] {processor.py:830} INFO - Processing file /home/airflow/.local/lib/python3.8/site-packages/airflow/example_dags/example_xcomargs.py for tasks to queue
[2025-05-07T19:51:09.540+0000] {logging_mixin.py:188} INFO - [2025-05-07T19:51:09.540+0000] {dagbag.py:538} INFO - Filling up the DagBag from /home/airflow/.local/lib/python3.8/site-packages/airflow/example_dags/example_xcomargs.py
[2025-05-07T19:51:09.548+0000] {processor.py:840} INFO - DAG(s) 'example_xcom_args', 'example_xcom_args_with_operators' retrieved from /home/airflow/.local/lib/python3.8/site-packages/airflow/example_dags/example_xcomargs.py
[2025-05-07T19:51:09.572+0000] {logging_mixin.py:188} INFO - [2025-05-07T19:51:09.572+0000] {dag.py:3036} INFO - Sync 2 DAGs
[2025-05-07T19:51:09.586+0000] {logging_mixin.py:188} INFO - [2025-05-07T19:51:09.586+0000] {dag.py:3823} INFO - Setting next_dagrun for example_xcom_args to None, run_after=None
[2025-05-07T19:51:09.590+0000] {logging_mixin.py:188} INFO - [2025-05-07T19:51:09.590+0000] {dag.py:3823} INFO - Setting next_dagrun for example_xcom_args_with_operators to None, run_after=None
[2025-05-07T19:51:09.612+0000] {processor.py:183} INFO - Processing /home/airflow/.local/lib/python3.8/site-packages/airflow/example_dags/example_xcomargs.py took 0.078 seconds
[2025-05-07T19:51:40.196+0000] {processor.py:161} INFO - Started process (PID=2142) to work on /home/airflow/.local/lib/python3.8/site-packages/airflow/example_dags/example_xcomargs.py
[2025-05-07T19:51:40.198+0000] {processor.py:830} INFO - Processing file /home/airflow/.local/lib/python3.8/site-packages/airflow/example_dags/example_xcomargs.py for tasks to queue
[2025-05-07T19:51:40.201+0000] {logging_mixin.py:188} INFO - [2025-05-07T19:51:40.200+0000] {dagbag.py:538} INFO - Filling up the DagBag from /home/airflow/.local/lib/python3.8/site-packages/airflow/example_dags/example_xcomargs.py
[2025-05-07T19:51:40.211+0000] {processor.py:840} INFO - DAG(s) 'example_xcom_args_with_operators', 'example_xcom_args' retrieved from /home/airflow/.local/lib/python3.8/site-packages/airflow/example_dags/example_xcomargs.py
[2025-05-07T19:51:40.233+0000] {logging_mixin.py:188} INFO - [2025-05-07T19:51:40.233+0000] {dag.py:3036} INFO - Sync 2 DAGs
[2025-05-07T19:51:40.245+0000] {logging_mixin.py:188} INFO - [2025-05-07T19:51:40.245+0000] {dag.py:3823} INFO - Setting next_dagrun for example_xcom_args to None, run_after=None
[2025-05-07T19:51:40.249+0000] {logging_mixin.py:188} INFO - [2025-05-07T19:51:40.249+0000] {dag.py:3823} INFO - Setting next_dagrun for example_xcom_args_with_operators to None, run_after=None
[2025-05-07T19:51:40.267+0000] {processor.py:183} INFO - Processing /home/airflow/.local/lib/python3.8/site-packages/airflow/example_dags/example_xcomargs.py took 0.077 seconds
[2025-05-07T19:52:11.506+0000] {processor.py:161} INFO - Started process (PID=2199) to work on /home/airflow/.local/lib/python3.8/site-packages/airflow/example_dags/example_xcomargs.py
[2025-05-07T19:52:11.507+0000] {processor.py:830} INFO - Processing file /home/airflow/.local/lib/python3.8/site-packages/airflow/example_dags/example_xcomargs.py for tasks to queue
[2025-05-07T19:52:11.510+0000] {logging_mixin.py:188} INFO - [2025-05-07T19:52:11.509+0000] {dagbag.py:538} INFO - Filling up the DagBag from /home/airflow/.local/lib/python3.8/site-packages/airflow/example_dags/example_xcomargs.py
[2025-05-07T19:52:11.518+0000] {processor.py:840} INFO - DAG(s) 'example_xcom_args_with_operators', 'example_xcom_args' retrieved from /home/airflow/.local/lib/python3.8/site-packages/airflow/example_dags/example_xcomargs.py
[2025-05-07T19:52:11.542+0000] {logging_mixin.py:188} INFO - [2025-05-07T19:52:11.542+0000] {dag.py:3036} INFO - Sync 2 DAGs
[2025-05-07T19:52:11.554+0000] {logging_mixin.py:188} INFO - [2025-05-07T19:52:11.554+0000] {dag.py:3823} INFO - Setting next_dagrun for example_xcom_args to None, run_after=None
[2025-05-07T19:52:11.559+0000] {logging_mixin.py:188} INFO - [2025-05-07T19:52:11.558+0000] {dag.py:3823} INFO - Setting next_dagrun for example_xcom_args_with_operators to None, run_after=None
[2025-05-07T19:52:11.579+0000] {processor.py:183} INFO - Processing /home/airflow/.local/lib/python3.8/site-packages/airflow/example_dags/example_xcomargs.py took 0.081 seconds
[2025-05-07T19:52:42.038+0000] {processor.py:161} INFO - Started process (PID=2256) to work on /home/airflow/.local/lib/python3.8/site-packages/airflow/example_dags/example_xcomargs.py
[2025-05-07T19:52:42.040+0000] {processor.py:830} INFO - Processing file /home/airflow/.local/lib/python3.8/site-packages/airflow/example_dags/example_xcomargs.py for tasks to queue
[2025-05-07T19:52:42.043+0000] {logging_mixin.py:188} INFO - [2025-05-07T19:52:42.043+0000] {dagbag.py:538} INFO - Filling up the DagBag from /home/airflow/.local/lib/python3.8/site-packages/airflow/example_dags/example_xcomargs.py
[2025-05-07T19:52:42.051+0000] {processor.py:840} INFO - DAG(s) 'example_xcom_args', 'example_xcom_args_with_operators' retrieved from /home/airflow/.local/lib/python3.8/site-packages/airflow/example_dags/example_xcomargs.py
[2025-05-07T19:52:42.076+0000] {logging_mixin.py:188} INFO - [2025-05-07T19:52:42.076+0000] {dag.py:3036} INFO - Sync 2 DAGs
[2025-05-07T19:52:42.089+0000] {logging_mixin.py:188} INFO - [2025-05-07T19:52:42.089+0000] {dag.py:3823} INFO - Setting next_dagrun for example_xcom_args to None, run_after=None
[2025-05-07T19:52:42.094+0000] {logging_mixin.py:188} INFO - [2025-05-07T19:52:42.094+0000] {dag.py:3823} INFO - Setting next_dagrun for example_xcom_args_with_operators to None, run_after=None
[2025-05-07T19:52:42.113+0000] {processor.py:183} INFO - Processing /home/airflow/.local/lib/python3.8/site-packages/airflow/example_dags/example_xcomargs.py took 0.079 seconds
[2025-05-07T19:53:13.135+0000] {processor.py:161} INFO - Started process (PID=2313) to work on /home/airflow/.local/lib/python3.8/site-packages/airflow/example_dags/example_xcomargs.py
[2025-05-07T19:53:13.137+0000] {processor.py:830} INFO - Processing file /home/airflow/.local/lib/python3.8/site-packages/airflow/example_dags/example_xcomargs.py for tasks to queue
[2025-05-07T19:53:13.141+0000] {logging_mixin.py:188} INFO - [2025-05-07T19:53:13.140+0000] {dagbag.py:538} INFO - Filling up the DagBag from /home/airflow/.local/lib/python3.8/site-packages/airflow/example_dags/example_xcomargs.py
[2025-05-07T19:53:13.150+0000] {processor.py:840} INFO - DAG(s) 'example_xcom_args_with_operators', 'example_xcom_args' retrieved from /home/airflow/.local/lib/python3.8/site-packages/airflow/example_dags/example_xcomargs.py
[2025-05-07T19:53:13.177+0000] {logging_mixin.py:188} INFO - [2025-05-07T19:53:13.177+0000] {dag.py:3036} INFO - Sync 2 DAGs
[2025-05-07T19:53:13.192+0000] {logging_mixin.py:188} INFO - [2025-05-07T19:53:13.191+0000] {dag.py:3823} INFO - Setting next_dagrun for example_xcom_args to None, run_after=None
[2025-05-07T19:53:13.197+0000] {logging_mixin.py:188} INFO - [2025-05-07T19:53:13.197+0000] {dag.py:3823} INFO - Setting next_dagrun for example_xcom_args_with_operators to None, run_after=None
[2025-05-07T19:53:13.345+0000] {processor.py:183} INFO - Processing /home/airflow/.local/lib/python3.8/site-packages/airflow/example_dags/example_xcomargs.py took 0.214 seconds
[2025-05-07T19:53:43.548+0000] {processor.py:161} INFO - Started process (PID=2370) to work on /home/airflow/.local/lib/python3.8/site-packages/airflow/example_dags/example_xcomargs.py
[2025-05-07T19:53:43.550+0000] {processor.py:830} INFO - Processing file /home/airflow/.local/lib/python3.8/site-packages/airflow/example_dags/example_xcomargs.py for tasks to queue
[2025-05-07T19:53:43.552+0000] {logging_mixin.py:188} INFO - [2025-05-07T19:53:43.552+0000] {dagbag.py:538} INFO - Filling up the DagBag from /home/airflow/.local/lib/python3.8/site-packages/airflow/example_dags/example_xcomargs.py
[2025-05-07T19:53:43.560+0000] {processor.py:840} INFO - DAG(s) 'example_xcom_args_with_operators', 'example_xcom_args' retrieved from /home/airflow/.local/lib/python3.8/site-packages/airflow/example_dags/example_xcomargs.py
[2025-05-07T19:53:43.584+0000] {logging_mixin.py:188} INFO - [2025-05-07T19:53:43.583+0000] {dag.py:3036} INFO - Sync 2 DAGs
[2025-05-07T19:53:43.596+0000] {logging_mixin.py:188} INFO - [2025-05-07T19:53:43.596+0000] {dag.py:3823} INFO - Setting next_dagrun for example_xcom_args to None, run_after=None
[2025-05-07T19:53:43.601+0000] {logging_mixin.py:188} INFO - [2025-05-07T19:53:43.601+0000] {dag.py:3823} INFO - Setting next_dagrun for example_xcom_args_with_operators to None, run_after=None
[2025-05-07T19:53:43.622+0000] {processor.py:183} INFO - Processing /home/airflow/.local/lib/python3.8/site-packages/airflow/example_dags/example_xcomargs.py took 0.076 seconds
[2025-05-07T19:54:14.707+0000] {processor.py:161} INFO - Started process (PID=2427) to work on /home/airflow/.local/lib/python3.8/site-packages/airflow/example_dags/example_xcomargs.py
[2025-05-07T19:54:14.709+0000] {processor.py:830} INFO - Processing file /home/airflow/.local/lib/python3.8/site-packages/airflow/example_dags/example_xcomargs.py for tasks to queue
[2025-05-07T19:54:14.711+0000] {logging_mixin.py:188} INFO - [2025-05-07T19:54:14.711+0000] {dagbag.py:538} INFO - Filling up the DagBag from /home/airflow/.local/lib/python3.8/site-packages/airflow/example_dags/example_xcomargs.py
[2025-05-07T19:54:14.721+0000] {processor.py:840} INFO - DAG(s) 'example_xcom_args_with_operators', 'example_xcom_args' retrieved from /home/airflow/.local/lib/python3.8/site-packages/airflow/example_dags/example_xcomargs.py
[2025-05-07T19:54:14.748+0000] {logging_mixin.py:188} INFO - [2025-05-07T19:54:14.748+0000] {dag.py:3036} INFO - Sync 2 DAGs
[2025-05-07T19:54:14.763+0000] {logging_mixin.py:188} INFO - [2025-05-07T19:54:14.763+0000] {dag.py:3823} INFO - Setting next_dagrun for example_xcom_args to None, run_after=None
[2025-05-07T19:54:14.769+0000] {logging_mixin.py:188} INFO - [2025-05-07T19:54:14.769+0000] {dag.py:3823} INFO - Setting next_dagrun for example_xcom_args_with_operators to None, run_after=None
[2025-05-07T19:54:14.789+0000] {processor.py:183} INFO - Processing /home/airflow/.local/lib/python3.8/site-packages/airflow/example_dags/example_xcomargs.py took 0.085 seconds
[2025-05-07T19:54:45.347+0000] {processor.py:161} INFO - Started process (PID=2484) to work on /home/airflow/.local/lib/python3.8/site-packages/airflow/example_dags/example_xcomargs.py
[2025-05-07T19:54:45.348+0000] {processor.py:830} INFO - Processing file /home/airflow/.local/lib/python3.8/site-packages/airflow/example_dags/example_xcomargs.py for tasks to queue
[2025-05-07T19:54:45.351+0000] {logging_mixin.py:188} INFO - [2025-05-07T19:54:45.351+0000] {dagbag.py:538} INFO - Filling up the DagBag from /home/airflow/.local/lib/python3.8/site-packages/airflow/example_dags/example_xcomargs.py
[2025-05-07T19:54:45.363+0000] {processor.py:840} INFO - DAG(s) 'example_xcom_args_with_operators', 'example_xcom_args' retrieved from /home/airflow/.local/lib/python3.8/site-packages/airflow/example_dags/example_xcomargs.py
[2025-05-07T19:54:45.402+0000] {logging_mixin.py:188} INFO - [2025-05-07T19:54:45.402+0000] {dag.py:3036} INFO - Sync 2 DAGs
[2025-05-07T19:54:45.419+0000] {logging_mixin.py:188} INFO - [2025-05-07T19:54:45.418+0000] {dag.py:3823} INFO - Setting next_dagrun for example_xcom_args to None, run_after=None
[2025-05-07T19:54:45.424+0000] {logging_mixin.py:188} INFO - [2025-05-07T19:54:45.424+0000] {dag.py:3823} INFO - Setting next_dagrun for example_xcom_args_with_operators to None, run_after=None
[2025-05-07T19:54:45.452+0000] {processor.py:183} INFO - Processing /home/airflow/.local/lib/python3.8/site-packages/airflow/example_dags/example_xcomargs.py took 0.109 seconds
[2025-05-07T19:55:15.712+0000] {processor.py:161} INFO - Started process (PID=2541) to work on /home/airflow/.local/lib/python3.8/site-packages/airflow/example_dags/example_xcomargs.py
[2025-05-07T19:55:15.713+0000] {processor.py:830} INFO - Processing file /home/airflow/.local/lib/python3.8/site-packages/airflow/example_dags/example_xcomargs.py for tasks to queue
[2025-05-07T19:55:15.717+0000] {logging_mixin.py:188} INFO - [2025-05-07T19:55:15.716+0000] {dagbag.py:538} INFO - Filling up the DagBag from /home/airflow/.local/lib/python3.8/site-packages/airflow/example_dags/example_xcomargs.py
[2025-05-07T19:55:15.726+0000] {processor.py:840} INFO - DAG(s) 'example_xcom_args', 'example_xcom_args_with_operators' retrieved from /home/airflow/.local/lib/python3.8/site-packages/airflow/example_dags/example_xcomargs.py
[2025-05-07T19:55:15.754+0000] {logging_mixin.py:188} INFO - [2025-05-07T19:55:15.753+0000] {dag.py:3036} INFO - Sync 2 DAGs
[2025-05-07T19:55:15.768+0000] {logging_mixin.py:188} INFO - [2025-05-07T19:55:15.768+0000] {dag.py:3823} INFO - Setting next_dagrun for example_xcom_args to None, run_after=None
[2025-05-07T19:55:15.774+0000] {logging_mixin.py:188} INFO - [2025-05-07T19:55:15.773+0000] {dag.py:3823} INFO - Setting next_dagrun for example_xcom_args_with_operators to None, run_after=None
[2025-05-07T19:55:15.795+0000] {processor.py:183} INFO - Processing /home/airflow/.local/lib/python3.8/site-packages/airflow/example_dags/example_xcomargs.py took 0.087 seconds
[2025-05-07T19:55:47.210+0000] {processor.py:161} INFO - Started process (PID=2598) to work on /home/airflow/.local/lib/python3.8/site-packages/airflow/example_dags/example_xcomargs.py
[2025-05-07T19:55:47.212+0000] {processor.py:830} INFO - Processing file /home/airflow/.local/lib/python3.8/site-packages/airflow/example_dags/example_xcomargs.py for tasks to queue
[2025-05-07T19:55:47.215+0000] {logging_mixin.py:188} INFO - [2025-05-07T19:55:47.215+0000] {dagbag.py:538} INFO - Filling up the DagBag from /home/airflow/.local/lib/python3.8/site-packages/airflow/example_dags/example_xcomargs.py
[2025-05-07T19:55:47.225+0000] {processor.py:840} INFO - DAG(s) 'example_xcom_args', 'example_xcom_args_with_operators' retrieved from /home/airflow/.local/lib/python3.8/site-packages/airflow/example_dags/example_xcomargs.py
[2025-05-07T19:55:47.389+0000] {logging_mixin.py:188} INFO - [2025-05-07T19:55:47.389+0000] {dag.py:3036} INFO - Sync 2 DAGs
[2025-05-07T19:55:47.401+0000] {logging_mixin.py:188} INFO - [2025-05-07T19:55:47.401+0000] {dag.py:3823} INFO - Setting next_dagrun for example_xcom_args to None, run_after=None
[2025-05-07T19:55:47.409+0000] {logging_mixin.py:188} INFO - [2025-05-07T19:55:47.409+0000] {dag.py:3823} INFO - Setting next_dagrun for example_xcom_args_with_operators to None, run_after=None
[2025-05-07T19:55:47.633+0000] {processor.py:183} INFO - Processing /home/airflow/.local/lib/python3.8/site-packages/airflow/example_dags/example_xcomargs.py took 0.427 seconds
[2025-05-07T19:56:17.837+0000] {processor.py:161} INFO - Started process (PID=2655) to work on /home/airflow/.local/lib/python3.8/site-packages/airflow/example_dags/example_xcomargs.py
[2025-05-07T19:56:17.839+0000] {processor.py:830} INFO - Processing file /home/airflow/.local/lib/python3.8/site-packages/airflow/example_dags/example_xcomargs.py for tasks to queue
[2025-05-07T19:56:17.844+0000] {logging_mixin.py:188} INFO - [2025-05-07T19:56:17.844+0000] {dagbag.py:538} INFO - Filling up the DagBag from /home/airflow/.local/lib/python3.8/site-packages/airflow/example_dags/example_xcomargs.py
[2025-05-07T19:56:17.860+0000] {processor.py:840} INFO - DAG(s) 'example_xcom_args_with_operators', 'example_xcom_args' retrieved from /home/airflow/.local/lib/python3.8/site-packages/airflow/example_dags/example_xcomargs.py
[2025-05-07T19:56:17.897+0000] {logging_mixin.py:188} INFO - [2025-05-07T19:56:17.897+0000] {dag.py:3036} INFO - Sync 2 DAGs
[2025-05-07T19:56:18.053+0000] {logging_mixin.py:188} INFO - [2025-05-07T19:56:18.053+0000] {dag.py:3823} INFO - Setting next_dagrun for example_xcom_args to None, run_after=None
[2025-05-07T19:56:18.065+0000] {logging_mixin.py:188} INFO - [2025-05-07T19:56:18.063+0000] {dag.py:3823} INFO - Setting next_dagrun for example_xcom_args_with_operators to None, run_after=None
[2025-05-07T19:56:18.179+0000] {processor.py:183} INFO - Processing /home/airflow/.local/lib/python3.8/site-packages/airflow/example_dags/example_xcomargs.py took 0.347 seconds
[2025-05-07T19:56:48.362+0000] {processor.py:161} INFO - Started process (PID=2712) to work on /home/airflow/.local/lib/python3.8/site-packages/airflow/example_dags/example_xcomargs.py
[2025-05-07T19:56:48.364+0000] {processor.py:830} INFO - Processing file /home/airflow/.local/lib/python3.8/site-packages/airflow/example_dags/example_xcomargs.py for tasks to queue
[2025-05-07T19:56:48.366+0000] {logging_mixin.py:188} INFO - [2025-05-07T19:56:48.366+0000] {dagbag.py:538} INFO - Filling up the DagBag from /home/airflow/.local/lib/python3.8/site-packages/airflow/example_dags/example_xcomargs.py
[2025-05-07T19:56:48.375+0000] {processor.py:840} INFO - DAG(s) 'example_xcom_args_with_operators', 'example_xcom_args' retrieved from /home/airflow/.local/lib/python3.8/site-packages/airflow/example_dags/example_xcomargs.py
[2025-05-07T19:56:48.401+0000] {logging_mixin.py:188} INFO - [2025-05-07T19:56:48.400+0000] {dag.py:3036} INFO - Sync 2 DAGs
[2025-05-07T19:56:48.413+0000] {logging_mixin.py:188} INFO - [2025-05-07T19:56:48.413+0000] {dag.py:3823} INFO - Setting next_dagrun for example_xcom_args to None, run_after=None
[2025-05-07T19:56:48.418+0000] {logging_mixin.py:188} INFO - [2025-05-07T19:56:48.417+0000] {dag.py:3823} INFO - Setting next_dagrun for example_xcom_args_with_operators to None, run_after=None
[2025-05-07T19:56:48.437+0000] {processor.py:183} INFO - Processing /home/airflow/.local/lib/python3.8/site-packages/airflow/example_dags/example_xcomargs.py took 0.078 seconds
[2025-05-07T19:57:18.796+0000] {processor.py:161} INFO - Started process (PID=2769) to work on /home/airflow/.local/lib/python3.8/site-packages/airflow/example_dags/example_xcomargs.py
[2025-05-07T19:57:18.798+0000] {processor.py:830} INFO - Processing file /home/airflow/.local/lib/python3.8/site-packages/airflow/example_dags/example_xcomargs.py for tasks to queue
[2025-05-07T19:57:18.800+0000] {logging_mixin.py:188} INFO - [2025-05-07T19:57:18.800+0000] {dagbag.py:538} INFO - Filling up the DagBag from /home/airflow/.local/lib/python3.8/site-packages/airflow/example_dags/example_xcomargs.py
[2025-05-07T19:57:18.812+0000] {processor.py:840} INFO - DAG(s) 'example_xcom_args_with_operators', 'example_xcom_args' retrieved from /home/airflow/.local/lib/python3.8/site-packages/airflow/example_dags/example_xcomargs.py
[2025-05-07T19:57:18.865+0000] {logging_mixin.py:188} INFO - [2025-05-07T19:57:18.865+0000] {dag.py:3036} INFO - Sync 2 DAGs
[2025-05-07T19:57:18.880+0000] {logging_mixin.py:188} INFO - [2025-05-07T19:57:18.880+0000] {dag.py:3823} INFO - Setting next_dagrun for example_xcom_args to None, run_after=None
[2025-05-07T19:57:18.885+0000] {logging_mixin.py:188} INFO - [2025-05-07T19:57:18.885+0000] {dag.py:3823} INFO - Setting next_dagrun for example_xcom_args_with_operators to None, run_after=None
[2025-05-07T19:57:18.905+0000] {processor.py:183} INFO - Processing /home/airflow/.local/lib/python3.8/site-packages/airflow/example_dags/example_xcomargs.py took 0.113 seconds
[2025-05-07T19:57:49.726+0000] {processor.py:161} INFO - Started process (PID=2832) to work on /home/airflow/.local/lib/python3.8/site-packages/airflow/example_dags/example_xcomargs.py
[2025-05-07T19:57:49.728+0000] {processor.py:830} INFO - Processing file /home/airflow/.local/lib/python3.8/site-packages/airflow/example_dags/example_xcomargs.py for tasks to queue
[2025-05-07T19:57:49.730+0000] {logging_mixin.py:188} INFO - [2025-05-07T19:57:49.730+0000] {dagbag.py:538} INFO - Filling up the DagBag from /home/airflow/.local/lib/python3.8/site-packages/airflow/example_dags/example_xcomargs.py
[2025-05-07T19:57:49.740+0000] {processor.py:840} INFO - DAG(s) 'example_xcom_args_with_operators', 'example_xcom_args' retrieved from /home/airflow/.local/lib/python3.8/site-packages/airflow/example_dags/example_xcomargs.py
[2025-05-07T19:57:49.765+0000] {logging_mixin.py:188} INFO - [2025-05-07T19:57:49.765+0000] {dag.py:3036} INFO - Sync 2 DAGs
[2025-05-07T19:57:49.779+0000] {logging_mixin.py:188} INFO - [2025-05-07T19:57:49.779+0000] {dag.py:3823} INFO - Setting next_dagrun for example_xcom_args to None, run_after=None
[2025-05-07T19:57:49.791+0000] {logging_mixin.py:188} INFO - [2025-05-07T19:57:49.791+0000] {dag.py:3823} INFO - Setting next_dagrun for example_xcom_args_with_operators to None, run_after=None
[2025-05-07T19:57:49.837+0000] {processor.py:183} INFO - Processing /home/airflow/.local/lib/python3.8/site-packages/airflow/example_dags/example_xcomargs.py took 0.114 seconds
[2025-05-07T19:58:20.535+0000] {processor.py:161} INFO - Started process (PID=2889) to work on /home/airflow/.local/lib/python3.8/site-packages/airflow/example_dags/example_xcomargs.py
[2025-05-07T19:58:20.537+0000] {processor.py:830} INFO - Processing file /home/airflow/.local/lib/python3.8/site-packages/airflow/example_dags/example_xcomargs.py for tasks to queue
[2025-05-07T19:58:20.541+0000] {logging_mixin.py:188} INFO - [2025-05-07T19:58:20.540+0000] {dagbag.py:538} INFO - Filling up the DagBag from /home/airflow/.local/lib/python3.8/site-packages/airflow/example_dags/example_xcomargs.py
[2025-05-07T19:58:20.554+0000] {processor.py:840} INFO - DAG(s) 'example_xcom_args_with_operators', 'example_xcom_args' retrieved from /home/airflow/.local/lib/python3.8/site-packages/airflow/example_dags/example_xcomargs.py
[2025-05-07T19:58:20.582+0000] {logging_mixin.py:188} INFO - [2025-05-07T19:58:20.582+0000] {dag.py:3036} INFO - Sync 2 DAGs
[2025-05-07T19:58:20.599+0000] {logging_mixin.py:188} INFO - [2025-05-07T19:58:20.599+0000] {dag.py:3823} INFO - Setting next_dagrun for example_xcom_args to None, run_after=None
[2025-05-07T19:58:20.606+0000] {logging_mixin.py:188} INFO - [2025-05-07T19:58:20.605+0000] {dag.py:3823} INFO - Setting next_dagrun for example_xcom_args_with_operators to None, run_after=None
[2025-05-07T19:58:20.635+0000] {processor.py:183} INFO - Processing /home/airflow/.local/lib/python3.8/site-packages/airflow/example_dags/example_xcomargs.py took 0.106 seconds
[2025-05-07T19:58:50.881+0000] {processor.py:161} INFO - Started process (PID=2946) to work on /home/airflow/.local/lib/python3.8/site-packages/airflow/example_dags/example_xcomargs.py
[2025-05-07T19:58:50.882+0000] {processor.py:830} INFO - Processing file /home/airflow/.local/lib/python3.8/site-packages/airflow/example_dags/example_xcomargs.py for tasks to queue
[2025-05-07T19:58:50.884+0000] {logging_mixin.py:188} INFO - [2025-05-07T19:58:50.884+0000] {dagbag.py:538} INFO - Filling up the DagBag from /home/airflow/.local/lib/python3.8/site-packages/airflow/example_dags/example_xcomargs.py
[2025-05-07T19:58:50.892+0000] {processor.py:840} INFO - DAG(s) 'example_xcom_args', 'example_xcom_args_with_operators' retrieved from /home/airflow/.local/lib/python3.8/site-packages/airflow/example_dags/example_xcomargs.py
[2025-05-07T19:58:50.915+0000] {logging_mixin.py:188} INFO - [2025-05-07T19:58:50.915+0000] {dag.py:3036} INFO - Sync 2 DAGs
[2025-05-07T19:58:50.928+0000] {logging_mixin.py:188} INFO - [2025-05-07T19:58:50.928+0000] {dag.py:3823} INFO - Setting next_dagrun for example_xcom_args to None, run_after=None
[2025-05-07T19:58:50.933+0000] {logging_mixin.py:188} INFO - [2025-05-07T19:58:50.932+0000] {dag.py:3823} INFO - Setting next_dagrun for example_xcom_args_with_operators to None, run_after=None
[2025-05-07T19:58:50.951+0000] {processor.py:183} INFO - Processing /home/airflow/.local/lib/python3.8/site-packages/airflow/example_dags/example_xcomargs.py took 0.074 seconds
[2025-05-07T19:59:21.171+0000] {processor.py:161} INFO - Started process (PID=3003) to work on /home/airflow/.local/lib/python3.8/site-packages/airflow/example_dags/example_xcomargs.py
[2025-05-07T19:59:21.173+0000] {processor.py:830} INFO - Processing file /home/airflow/.local/lib/python3.8/site-packages/airflow/example_dags/example_xcomargs.py for tasks to queue
[2025-05-07T19:59:21.176+0000] {logging_mixin.py:188} INFO - [2025-05-07T19:59:21.175+0000] {dagbag.py:538} INFO - Filling up the DagBag from /home/airflow/.local/lib/python3.8/site-packages/airflow/example_dags/example_xcomargs.py
[2025-05-07T19:59:21.185+0000] {processor.py:840} INFO - DAG(s) 'example_xcom_args_with_operators', 'example_xcom_args' retrieved from /home/airflow/.local/lib/python3.8/site-packages/airflow/example_dags/example_xcomargs.py
[2025-05-07T19:59:21.210+0000] {logging_mixin.py:188} INFO - [2025-05-07T19:59:21.210+0000] {dag.py:3036} INFO - Sync 2 DAGs
[2025-05-07T19:59:21.225+0000] {logging_mixin.py:188} INFO - [2025-05-07T19:59:21.225+0000] {dag.py:3823} INFO - Setting next_dagrun for example_xcom_args to None, run_after=None
[2025-05-07T19:59:21.232+0000] {logging_mixin.py:188} INFO - [2025-05-07T19:59:21.232+0000] {dag.py:3823} INFO - Setting next_dagrun for example_xcom_args_with_operators to None, run_after=None
[2025-05-07T19:59:21.259+0000] {processor.py:183} INFO - Processing /home/airflow/.local/lib/python3.8/site-packages/airflow/example_dags/example_xcomargs.py took 0.091 seconds
[2025-05-07T19:59:51.785+0000] {processor.py:161} INFO - Started process (PID=3060) to work on /home/airflow/.local/lib/python3.8/site-packages/airflow/example_dags/example_xcomargs.py
[2025-05-07T19:59:51.787+0000] {processor.py:830} INFO - Processing file /home/airflow/.local/lib/python3.8/site-packages/airflow/example_dags/example_xcomargs.py for tasks to queue
[2025-05-07T19:59:51.789+0000] {logging_mixin.py:188} INFO - [2025-05-07T19:59:51.788+0000] {dagbag.py:538} INFO - Filling up the DagBag from /home/airflow/.local/lib/python3.8/site-packages/airflow/example_dags/example_xcomargs.py
[2025-05-07T19:59:51.797+0000] {processor.py:840} INFO - DAG(s) 'example_xcom_args_with_operators', 'example_xcom_args' retrieved from /home/airflow/.local/lib/python3.8/site-packages/airflow/example_dags/example_xcomargs.py
[2025-05-07T19:59:51.823+0000] {logging_mixin.py:188} INFO - [2025-05-07T19:59:51.822+0000] {dag.py:3036} INFO - Sync 2 DAGs
[2025-05-07T19:59:51.837+0000] {logging_mixin.py:188} INFO - [2025-05-07T19:59:51.837+0000] {dag.py:3823} INFO - Setting next_dagrun for example_xcom_args to None, run_after=None
[2025-05-07T19:59:51.841+0000] {logging_mixin.py:188} INFO - [2025-05-07T19:59:51.841+0000] {dag.py:3823} INFO - Setting next_dagrun for example_xcom_args_with_operators to None, run_after=None
[2025-05-07T19:59:51.859+0000] {processor.py:183} INFO - Processing /home/airflow/.local/lib/python3.8/site-packages/airflow/example_dags/example_xcomargs.py took 0.077 seconds
[2025-05-07T20:00:22.390+0000] {processor.py:161} INFO - Started process (PID=3117) to work on /home/airflow/.local/lib/python3.8/site-packages/airflow/example_dags/example_xcomargs.py
[2025-05-07T20:00:22.395+0000] {processor.py:830} INFO - Processing file /home/airflow/.local/lib/python3.8/site-packages/airflow/example_dags/example_xcomargs.py for tasks to queue
[2025-05-07T20:00:22.398+0000] {logging_mixin.py:188} INFO - [2025-05-07T20:00:22.398+0000] {dagbag.py:538} INFO - Filling up the DagBag from /home/airflow/.local/lib/python3.8/site-packages/airflow/example_dags/example_xcomargs.py
[2025-05-07T20:00:22.407+0000] {processor.py:840} INFO - DAG(s) 'example_xcom_args_with_operators', 'example_xcom_args' retrieved from /home/airflow/.local/lib/python3.8/site-packages/airflow/example_dags/example_xcomargs.py
[2025-05-07T20:00:22.433+0000] {logging_mixin.py:188} INFO - [2025-05-07T20:00:22.433+0000] {dag.py:3036} INFO - Sync 2 DAGs
[2025-05-07T20:00:22.447+0000] {logging_mixin.py:188} INFO - [2025-05-07T20:00:22.447+0000] {dag.py:3823} INFO - Setting next_dagrun for example_xcom_args to None, run_after=None
[2025-05-07T20:00:22.453+0000] {logging_mixin.py:188} INFO - [2025-05-07T20:00:22.453+0000] {dag.py:3823} INFO - Setting next_dagrun for example_xcom_args_with_operators to None, run_after=None
[2025-05-07T20:00:22.478+0000] {processor.py:183} INFO - Processing /home/airflow/.local/lib/python3.8/site-packages/airflow/example_dags/example_xcomargs.py took 0.092 seconds
[2025-05-07T20:00:53.024+0000] {processor.py:161} INFO - Started process (PID=3174) to work on /home/airflow/.local/lib/python3.8/site-packages/airflow/example_dags/example_xcomargs.py
[2025-05-07T20:00:53.027+0000] {processor.py:830} INFO - Processing file /home/airflow/.local/lib/python3.8/site-packages/airflow/example_dags/example_xcomargs.py for tasks to queue
[2025-05-07T20:00:53.031+0000] {logging_mixin.py:188} INFO - [2025-05-07T20:00:53.031+0000] {dagbag.py:538} INFO - Filling up the DagBag from /home/airflow/.local/lib/python3.8/site-packages/airflow/example_dags/example_xcomargs.py
[2025-05-07T20:00:53.044+0000] {processor.py:840} INFO - DAG(s) 'example_xcom_args', 'example_xcom_args_with_operators' retrieved from /home/airflow/.local/lib/python3.8/site-packages/airflow/example_dags/example_xcomargs.py
[2025-05-07T20:00:53.082+0000] {logging_mixin.py:188} INFO - [2025-05-07T20:00:53.081+0000] {dag.py:3036} INFO - Sync 2 DAGs
[2025-05-07T20:00:53.096+0000] {logging_mixin.py:188} INFO - [2025-05-07T20:00:53.096+0000] {dag.py:3823} INFO - Setting next_dagrun for example_xcom_args to None, run_after=None
[2025-05-07T20:00:53.100+0000] {logging_mixin.py:188} INFO - [2025-05-07T20:00:53.100+0000] {dag.py:3823} INFO - Setting next_dagrun for example_xcom_args_with_operators to None, run_after=None
[2025-05-07T20:00:53.121+0000] {processor.py:183} INFO - Processing /home/airflow/.local/lib/python3.8/site-packages/airflow/example_dags/example_xcomargs.py took 0.100 seconds
[2025-05-07T20:01:23.530+0000] {processor.py:161} INFO - Started process (PID=3231) to work on /home/airflow/.local/lib/python3.8/site-packages/airflow/example_dags/example_xcomargs.py
[2025-05-07T20:01:23.531+0000] {processor.py:830} INFO - Processing file /home/airflow/.local/lib/python3.8/site-packages/airflow/example_dags/example_xcomargs.py for tasks to queue
[2025-05-07T20:01:23.533+0000] {logging_mixin.py:188} INFO - [2025-05-07T20:01:23.533+0000] {dagbag.py:538} INFO - Filling up the DagBag from /home/airflow/.local/lib/python3.8/site-packages/airflow/example_dags/example_xcomargs.py
[2025-05-07T20:01:23.542+0000] {processor.py:840} INFO - DAG(s) 'example_xcom_args_with_operators', 'example_xcom_args' retrieved from /home/airflow/.local/lib/python3.8/site-packages/airflow/example_dags/example_xcomargs.py
[2025-05-07T20:01:23.566+0000] {logging_mixin.py:188} INFO - [2025-05-07T20:01:23.566+0000] {dag.py:3036} INFO - Sync 2 DAGs
[2025-05-07T20:01:23.583+0000] {logging_mixin.py:188} INFO - [2025-05-07T20:01:23.583+0000] {dag.py:3823} INFO - Setting next_dagrun for example_xcom_args to None, run_after=None
[2025-05-07T20:01:23.587+0000] {logging_mixin.py:188} INFO - [2025-05-07T20:01:23.587+0000] {dag.py:3823} INFO - Setting next_dagrun for example_xcom_args_with_operators to None, run_after=None
[2025-05-07T20:01:23.605+0000] {processor.py:183} INFO - Processing /home/airflow/.local/lib/python3.8/site-packages/airflow/example_dags/example_xcomargs.py took 0.078 seconds
[2025-05-07T20:01:53.956+0000] {processor.py:161} INFO - Started process (PID=3288) to work on /home/airflow/.local/lib/python3.8/site-packages/airflow/example_dags/example_xcomargs.py
[2025-05-07T20:01:53.957+0000] {processor.py:830} INFO - Processing file /home/airflow/.local/lib/python3.8/site-packages/airflow/example_dags/example_xcomargs.py for tasks to queue
[2025-05-07T20:01:53.960+0000] {logging_mixin.py:188} INFO - [2025-05-07T20:01:53.959+0000] {dagbag.py:538} INFO - Filling up the DagBag from /home/airflow/.local/lib/python3.8/site-packages/airflow/example_dags/example_xcomargs.py
[2025-05-07T20:01:53.968+0000] {processor.py:840} INFO - DAG(s) 'example_xcom_args', 'example_xcom_args_with_operators' retrieved from /home/airflow/.local/lib/python3.8/site-packages/airflow/example_dags/example_xcomargs.py
[2025-05-07T20:01:53.994+0000] {logging_mixin.py:188} INFO - [2025-05-07T20:01:53.994+0000] {dag.py:3036} INFO - Sync 2 DAGs
[2025-05-07T20:01:54.007+0000] {logging_mixin.py:188} INFO - [2025-05-07T20:01:54.007+0000] {dag.py:3823} INFO - Setting next_dagrun for example_xcom_args to None, run_after=None
[2025-05-07T20:01:54.011+0000] {logging_mixin.py:188} INFO - [2025-05-07T20:01:54.011+0000] {dag.py:3823} INFO - Setting next_dagrun for example_xcom_args_with_operators to None, run_after=None
[2025-05-07T20:01:54.032+0000] {processor.py:183} INFO - Processing /home/airflow/.local/lib/python3.8/site-packages/airflow/example_dags/example_xcomargs.py took 0.080 seconds
[2025-05-07T20:02:24.313+0000] {processor.py:161} INFO - Started process (PID=3345) to work on /home/airflow/.local/lib/python3.8/site-packages/airflow/example_dags/example_xcomargs.py
[2025-05-07T20:02:24.314+0000] {processor.py:830} INFO - Processing file /home/airflow/.local/lib/python3.8/site-packages/airflow/example_dags/example_xcomargs.py for tasks to queue
[2025-05-07T20:02:24.317+0000] {logging_mixin.py:188} INFO - [2025-05-07T20:02:24.316+0000] {dagbag.py:538} INFO - Filling up the DagBag from /home/airflow/.local/lib/python3.8/site-packages/airflow/example_dags/example_xcomargs.py
[2025-05-07T20:02:24.327+0000] {processor.py:840} INFO - DAG(s) 'example_xcom_args_with_operators', 'example_xcom_args' retrieved from /home/airflow/.local/lib/python3.8/site-packages/airflow/example_dags/example_xcomargs.py
[2025-05-07T20:02:24.358+0000] {logging_mixin.py:188} INFO - [2025-05-07T20:02:24.357+0000] {dag.py:3036} INFO - Sync 2 DAGs
[2025-05-07T20:02:24.374+0000] {logging_mixin.py:188} INFO - [2025-05-07T20:02:24.374+0000] {dag.py:3823} INFO - Setting next_dagrun for example_xcom_args to None, run_after=None
[2025-05-07T20:02:24.380+0000] {logging_mixin.py:188} INFO - [2025-05-07T20:02:24.379+0000] {dag.py:3823} INFO - Setting next_dagrun for example_xcom_args_with_operators to None, run_after=None
[2025-05-07T20:02:24.404+0000] {processor.py:183} INFO - Processing /home/airflow/.local/lib/python3.8/site-packages/airflow/example_dags/example_xcomargs.py took 0.095 seconds
[2025-05-07T20:02:55.308+0000] {processor.py:161} INFO - Started process (PID=3403) to work on /home/airflow/.local/lib/python3.8/site-packages/airflow/example_dags/example_xcomargs.py
[2025-05-07T20:02:55.310+0000] {processor.py:830} INFO - Processing file /home/airflow/.local/lib/python3.8/site-packages/airflow/example_dags/example_xcomargs.py for tasks to queue
[2025-05-07T20:02:55.313+0000] {logging_mixin.py:188} INFO - [2025-05-07T20:02:55.313+0000] {dagbag.py:538} INFO - Filling up the DagBag from /home/airflow/.local/lib/python3.8/site-packages/airflow/example_dags/example_xcomargs.py
[2025-05-07T20:02:55.322+0000] {processor.py:840} INFO - DAG(s) 'example_xcom_args_with_operators', 'example_xcom_args' retrieved from /home/airflow/.local/lib/python3.8/site-packages/airflow/example_dags/example_xcomargs.py
[2025-05-07T20:02:55.352+0000] {logging_mixin.py:188} INFO - [2025-05-07T20:02:55.352+0000] {dag.py:3036} INFO - Sync 2 DAGs
[2025-05-07T20:02:55.367+0000] {logging_mixin.py:188} INFO - [2025-05-07T20:02:55.366+0000] {dag.py:3823} INFO - Setting next_dagrun for example_xcom_args to None, run_after=None
[2025-05-07T20:02:55.372+0000] {logging_mixin.py:188} INFO - [2025-05-07T20:02:55.371+0000] {dag.py:3823} INFO - Setting next_dagrun for example_xcom_args_with_operators to None, run_after=None
[2025-05-07T20:02:55.390+0000] {processor.py:183} INFO - Processing /home/airflow/.local/lib/python3.8/site-packages/airflow/example_dags/example_xcomargs.py took 0.085 seconds
[2025-05-07T20:03:25.476+0000] {processor.py:161} INFO - Started process (PID=3460) to work on /home/airflow/.local/lib/python3.8/site-packages/airflow/example_dags/example_xcomargs.py
[2025-05-07T20:03:25.478+0000] {processor.py:830} INFO - Processing file /home/airflow/.local/lib/python3.8/site-packages/airflow/example_dags/example_xcomargs.py for tasks to queue
[2025-05-07T20:03:25.482+0000] {logging_mixin.py:188} INFO - [2025-05-07T20:03:25.481+0000] {dagbag.py:538} INFO - Filling up the DagBag from /home/airflow/.local/lib/python3.8/site-packages/airflow/example_dags/example_xcomargs.py
[2025-05-07T20:03:25.498+0000] {processor.py:840} INFO - DAG(s) 'example_xcom_args_with_operators', 'example_xcom_args' retrieved from /home/airflow/.local/lib/python3.8/site-packages/airflow/example_dags/example_xcomargs.py
[2025-05-07T20:03:25.533+0000] {logging_mixin.py:188} INFO - [2025-05-07T20:03:25.532+0000] {dag.py:3036} INFO - Sync 2 DAGs
[2025-05-07T20:03:25.547+0000] {logging_mixin.py:188} INFO - [2025-05-07T20:03:25.547+0000] {dag.py:3823} INFO - Setting next_dagrun for example_xcom_args to None, run_after=None
[2025-05-07T20:03:25.552+0000] {logging_mixin.py:188} INFO - [2025-05-07T20:03:25.552+0000] {dag.py:3823} INFO - Setting next_dagrun for example_xcom_args_with_operators to None, run_after=None
[2025-05-07T20:03:25.573+0000] {processor.py:183} INFO - Processing /home/airflow/.local/lib/python3.8/site-packages/airflow/example_dags/example_xcomargs.py took 0.104 seconds
[2025-05-07T20:03:55.777+0000] {processor.py:161} INFO - Started process (PID=3517) to work on /home/airflow/.local/lib/python3.8/site-packages/airflow/example_dags/example_xcomargs.py
[2025-05-07T20:03:55.779+0000] {processor.py:830} INFO - Processing file /home/airflow/.local/lib/python3.8/site-packages/airflow/example_dags/example_xcomargs.py for tasks to queue
[2025-05-07T20:03:55.782+0000] {logging_mixin.py:188} INFO - [2025-05-07T20:03:55.782+0000] {dagbag.py:538} INFO - Filling up the DagBag from /home/airflow/.local/lib/python3.8/site-packages/airflow/example_dags/example_xcomargs.py
[2025-05-07T20:03:55.793+0000] {processor.py:840} INFO - DAG(s) 'example_xcom_args', 'example_xcom_args_with_operators' retrieved from /home/airflow/.local/lib/python3.8/site-packages/airflow/example_dags/example_xcomargs.py
[2025-05-07T20:03:55.827+0000] {logging_mixin.py:188} INFO - [2025-05-07T20:03:55.826+0000] {dag.py:3036} INFO - Sync 2 DAGs
[2025-05-07T20:03:55.843+0000] {logging_mixin.py:188} INFO - [2025-05-07T20:03:55.843+0000] {dag.py:3823} INFO - Setting next_dagrun for example_xcom_args to None, run_after=None
[2025-05-07T20:03:55.847+0000] {logging_mixin.py:188} INFO - [2025-05-07T20:03:55.847+0000] {dag.py:3823} INFO - Setting next_dagrun for example_xcom_args_with_operators to None, run_after=None
[2025-05-07T20:03:55.872+0000] {processor.py:183} INFO - Processing /home/airflow/.local/lib/python3.8/site-packages/airflow/example_dags/example_xcomargs.py took 0.100 seconds
[2025-05-07T20:04:26.804+0000] {processor.py:161} INFO - Started process (PID=3574) to work on /home/airflow/.local/lib/python3.8/site-packages/airflow/example_dags/example_xcomargs.py
[2025-05-07T20:04:26.805+0000] {processor.py:830} INFO - Processing file /home/airflow/.local/lib/python3.8/site-packages/airflow/example_dags/example_xcomargs.py for tasks to queue
[2025-05-07T20:04:26.807+0000] {logging_mixin.py:188} INFO - [2025-05-07T20:04:26.807+0000] {dagbag.py:538} INFO - Filling up the DagBag from /home/airflow/.local/lib/python3.8/site-packages/airflow/example_dags/example_xcomargs.py
[2025-05-07T20:04:26.816+0000] {processor.py:840} INFO - DAG(s) 'example_xcom_args_with_operators', 'example_xcom_args' retrieved from /home/airflow/.local/lib/python3.8/site-packages/airflow/example_dags/example_xcomargs.py
[2025-05-07T20:04:26.840+0000] {logging_mixin.py:188} INFO - [2025-05-07T20:04:26.839+0000] {dag.py:3036} INFO - Sync 2 DAGs
[2025-05-07T20:04:26.852+0000] {logging_mixin.py:188} INFO - [2025-05-07T20:04:26.852+0000] {dag.py:3823} INFO - Setting next_dagrun for example_xcom_args to None, run_after=None
[2025-05-07T20:04:26.856+0000] {logging_mixin.py:188} INFO - [2025-05-07T20:04:26.856+0000] {dag.py:3823} INFO - Setting next_dagrun for example_xcom_args_with_operators to None, run_after=None
[2025-05-07T20:04:26.873+0000] {processor.py:183} INFO - Processing /home/airflow/.local/lib/python3.8/site-packages/airflow/example_dags/example_xcomargs.py took 0.073 seconds
[2025-05-07T20:04:57.140+0000] {processor.py:161} INFO - Started process (PID=3631) to work on /home/airflow/.local/lib/python3.8/site-packages/airflow/example_dags/example_xcomargs.py
[2025-05-07T20:04:57.141+0000] {processor.py:830} INFO - Processing file /home/airflow/.local/lib/python3.8/site-packages/airflow/example_dags/example_xcomargs.py for tasks to queue
[2025-05-07T20:04:57.143+0000] {logging_mixin.py:188} INFO - [2025-05-07T20:04:57.143+0000] {dagbag.py:538} INFO - Filling up the DagBag from /home/airflow/.local/lib/python3.8/site-packages/airflow/example_dags/example_xcomargs.py
[2025-05-07T20:04:57.152+0000] {processor.py:840} INFO - DAG(s) 'example_xcom_args', 'example_xcom_args_with_operators' retrieved from /home/airflow/.local/lib/python3.8/site-packages/airflow/example_dags/example_xcomargs.py
[2025-05-07T20:04:57.179+0000] {logging_mixin.py:188} INFO - [2025-05-07T20:04:57.179+0000] {dag.py:3036} INFO - Sync 2 DAGs
[2025-05-07T20:04:57.194+0000] {logging_mixin.py:188} INFO - [2025-05-07T20:04:57.193+0000] {dag.py:3823} INFO - Setting next_dagrun for example_xcom_args to None, run_after=None
[2025-05-07T20:04:57.198+0000] {logging_mixin.py:188} INFO - [2025-05-07T20:04:57.197+0000] {dag.py:3823} INFO - Setting next_dagrun for example_xcom_args_with_operators to None, run_after=None
[2025-05-07T20:04:57.218+0000] {processor.py:183} INFO - Processing /home/airflow/.local/lib/python3.8/site-packages/airflow/example_dags/example_xcomargs.py took 0.082 seconds
[2025-05-07T20:05:28.130+0000] {processor.py:161} INFO - Started process (PID=3688) to work on /home/airflow/.local/lib/python3.8/site-packages/airflow/example_dags/example_xcomargs.py
[2025-05-07T20:05:28.132+0000] {processor.py:830} INFO - Processing file /home/airflow/.local/lib/python3.8/site-packages/airflow/example_dags/example_xcomargs.py for tasks to queue
[2025-05-07T20:05:28.135+0000] {logging_mixin.py:188} INFO - [2025-05-07T20:05:28.134+0000] {dagbag.py:538} INFO - Filling up the DagBag from /home/airflow/.local/lib/python3.8/site-packages/airflow/example_dags/example_xcomargs.py
[2025-05-07T20:05:28.144+0000] {processor.py:840} INFO - DAG(s) 'example_xcom_args_with_operators', 'example_xcom_args' retrieved from /home/airflow/.local/lib/python3.8/site-packages/airflow/example_dags/example_xcomargs.py
[2025-05-07T20:05:28.169+0000] {logging_mixin.py:188} INFO - [2025-05-07T20:05:28.169+0000] {dag.py:3036} INFO - Sync 2 DAGs
[2025-05-07T20:05:28.182+0000] {logging_mixin.py:188} INFO - [2025-05-07T20:05:28.182+0000] {dag.py:3823} INFO - Setting next_dagrun for example_xcom_args to None, run_after=None
[2025-05-07T20:05:28.189+0000] {logging_mixin.py:188} INFO - [2025-05-07T20:05:28.189+0000] {dag.py:3823} INFO - Setting next_dagrun for example_xcom_args_with_operators to None, run_after=None
[2025-05-07T20:05:28.210+0000] {processor.py:183} INFO - Processing /home/airflow/.local/lib/python3.8/site-packages/airflow/example_dags/example_xcomargs.py took 0.085 seconds
[2025-05-07T20:05:58.346+0000] {processor.py:161} INFO - Started process (PID=3745) to work on /home/airflow/.local/lib/python3.8/site-packages/airflow/example_dags/example_xcomargs.py
[2025-05-07T20:05:58.347+0000] {processor.py:830} INFO - Processing file /home/airflow/.local/lib/python3.8/site-packages/airflow/example_dags/example_xcomargs.py for tasks to queue
[2025-05-07T20:05:58.349+0000] {logging_mixin.py:188} INFO - [2025-05-07T20:05:58.349+0000] {dagbag.py:538} INFO - Filling up the DagBag from /home/airflow/.local/lib/python3.8/site-packages/airflow/example_dags/example_xcomargs.py
[2025-05-07T20:05:58.358+0000] {processor.py:840} INFO - DAG(s) 'example_xcom_args_with_operators', 'example_xcom_args' retrieved from /home/airflow/.local/lib/python3.8/site-packages/airflow/example_dags/example_xcomargs.py
[2025-05-07T20:05:58.384+0000] {logging_mixin.py:188} INFO - [2025-05-07T20:05:58.384+0000] {dag.py:3036} INFO - Sync 2 DAGs
[2025-05-07T20:05:58.399+0000] {logging_mixin.py:188} INFO - [2025-05-07T20:05:58.399+0000] {dag.py:3823} INFO - Setting next_dagrun for example_xcom_args to None, run_after=None
[2025-05-07T20:05:58.403+0000] {logging_mixin.py:188} INFO - [2025-05-07T20:05:58.403+0000] {dag.py:3823} INFO - Setting next_dagrun for example_xcom_args_with_operators to None, run_after=None
[2025-05-07T20:05:58.424+0000] {processor.py:183} INFO - Processing /home/airflow/.local/lib/python3.8/site-packages/airflow/example_dags/example_xcomargs.py took 0.082 seconds
[2025-05-07T20:06:28.720+0000] {processor.py:161} INFO - Started process (PID=3802) to work on /home/airflow/.local/lib/python3.8/site-packages/airflow/example_dags/example_xcomargs.py
[2025-05-07T20:06:28.721+0000] {processor.py:830} INFO - Processing file /home/airflow/.local/lib/python3.8/site-packages/airflow/example_dags/example_xcomargs.py for tasks to queue
[2025-05-07T20:06:28.724+0000] {logging_mixin.py:188} INFO - [2025-05-07T20:06:28.723+0000] {dagbag.py:538} INFO - Filling up the DagBag from /home/airflow/.local/lib/python3.8/site-packages/airflow/example_dags/example_xcomargs.py
[2025-05-07T20:06:28.732+0000] {processor.py:840} INFO - DAG(s) 'example_xcom_args_with_operators', 'example_xcom_args' retrieved from /home/airflow/.local/lib/python3.8/site-packages/airflow/example_dags/example_xcomargs.py
[2025-05-07T20:06:28.756+0000] {logging_mixin.py:188} INFO - [2025-05-07T20:06:28.756+0000] {dag.py:3036} INFO - Sync 2 DAGs
[2025-05-07T20:06:28.768+0000] {logging_mixin.py:188} INFO - [2025-05-07T20:06:28.768+0000] {dag.py:3823} INFO - Setting next_dagrun for example_xcom_args to None, run_after=None
[2025-05-07T20:06:28.773+0000] {logging_mixin.py:188} INFO - [2025-05-07T20:06:28.773+0000] {dag.py:3823} INFO - Setting next_dagrun for example_xcom_args_with_operators to None, run_after=None
[2025-05-07T20:06:28.793+0000] {processor.py:183} INFO - Processing /home/airflow/.local/lib/python3.8/site-packages/airflow/example_dags/example_xcomargs.py took 0.078 seconds
[2025-05-07T20:06:59.139+0000] {processor.py:161} INFO - Started process (PID=3859) to work on /home/airflow/.local/lib/python3.8/site-packages/airflow/example_dags/example_xcomargs.py
[2025-05-07T20:06:59.141+0000] {processor.py:830} INFO - Processing file /home/airflow/.local/lib/python3.8/site-packages/airflow/example_dags/example_xcomargs.py for tasks to queue
[2025-05-07T20:06:59.143+0000] {logging_mixin.py:188} INFO - [2025-05-07T20:06:59.142+0000] {dagbag.py:538} INFO - Filling up the DagBag from /home/airflow/.local/lib/python3.8/site-packages/airflow/example_dags/example_xcomargs.py
[2025-05-07T20:06:59.151+0000] {processor.py:840} INFO - DAG(s) 'example_xcom_args_with_operators', 'example_xcom_args' retrieved from /home/airflow/.local/lib/python3.8/site-packages/airflow/example_dags/example_xcomargs.py
[2025-05-07T20:06:59.175+0000] {logging_mixin.py:188} INFO - [2025-05-07T20:06:59.174+0000] {dag.py:3036} INFO - Sync 2 DAGs
[2025-05-07T20:06:59.188+0000] {logging_mixin.py:188} INFO - [2025-05-07T20:06:59.187+0000] {dag.py:3823} INFO - Setting next_dagrun for example_xcom_args to None, run_after=None
[2025-05-07T20:06:59.192+0000] {logging_mixin.py:188} INFO - [2025-05-07T20:06:59.191+0000] {dag.py:3823} INFO - Setting next_dagrun for example_xcom_args_with_operators to None, run_after=None
[2025-05-07T20:06:59.208+0000] {processor.py:183} INFO - Processing /home/airflow/.local/lib/python3.8/site-packages/airflow/example_dags/example_xcomargs.py took 0.072 seconds
[2025-05-07T20:07:31.082+0000] {processor.py:161} INFO - Started process (PID=3916) to work on /home/airflow/.local/lib/python3.8/site-packages/airflow/example_dags/example_xcomargs.py
[2025-05-07T20:07:31.086+0000] {processor.py:830} INFO - Processing file /home/airflow/.local/lib/python3.8/site-packages/airflow/example_dags/example_xcomargs.py for tasks to queue
[2025-05-07T20:07:31.092+0000] {logging_mixin.py:188} INFO - [2025-05-07T20:07:31.091+0000] {dagbag.py:538} INFO - Filling up the DagBag from /home/airflow/.local/lib/python3.8/site-packages/airflow/example_dags/example_xcomargs.py
[2025-05-07T20:07:31.105+0000] {processor.py:840} INFO - DAG(s) 'example_xcom_args_with_operators', 'example_xcom_args' retrieved from /home/airflow/.local/lib/python3.8/site-packages/airflow/example_dags/example_xcomargs.py
[2025-05-07T20:07:31.132+0000] {logging_mixin.py:188} INFO - [2025-05-07T20:07:31.132+0000] {dag.py:3036} INFO - Sync 2 DAGs
[2025-05-07T20:07:31.146+0000] {logging_mixin.py:188} INFO - [2025-05-07T20:07:31.145+0000] {dag.py:3823} INFO - Setting next_dagrun for example_xcom_args to None, run_after=None
[2025-05-07T20:07:31.151+0000] {logging_mixin.py:188} INFO - [2025-05-07T20:07:31.150+0000] {dag.py:3823} INFO - Setting next_dagrun for example_xcom_args_with_operators to None, run_after=None
[2025-05-07T20:07:31.171+0000] {processor.py:183} INFO - Processing /home/airflow/.local/lib/python3.8/site-packages/airflow/example_dags/example_xcomargs.py took 0.094 seconds
[2025-05-07T20:08:01.938+0000] {processor.py:161} INFO - Started process (PID=3973) to work on /home/airflow/.local/lib/python3.8/site-packages/airflow/example_dags/example_xcomargs.py
[2025-05-07T20:08:01.941+0000] {processor.py:830} INFO - Processing file /home/airflow/.local/lib/python3.8/site-packages/airflow/example_dags/example_xcomargs.py for tasks to queue
[2025-05-07T20:08:01.946+0000] {logging_mixin.py:188} INFO - [2025-05-07T20:08:01.945+0000] {dagbag.py:538} INFO - Filling up the DagBag from /home/airflow/.local/lib/python3.8/site-packages/airflow/example_dags/example_xcomargs.py
[2025-05-07T20:08:01.961+0000] {processor.py:840} INFO - DAG(s) 'example_xcom_args', 'example_xcom_args_with_operators' retrieved from /home/airflow/.local/lib/python3.8/site-packages/airflow/example_dags/example_xcomargs.py
[2025-05-07T20:08:01.990+0000] {logging_mixin.py:188} INFO - [2025-05-07T20:08:01.990+0000] {dag.py:3036} INFO - Sync 2 DAGs
[2025-05-07T20:08:02.004+0000] {logging_mixin.py:188} INFO - [2025-05-07T20:08:02.004+0000] {dag.py:3823} INFO - Setting next_dagrun for example_xcom_args to None, run_after=None
[2025-05-07T20:08:02.009+0000] {logging_mixin.py:188} INFO - [2025-05-07T20:08:02.008+0000] {dag.py:3823} INFO - Setting next_dagrun for example_xcom_args_with_operators to None, run_after=None
[2025-05-07T20:08:02.028+0000] {processor.py:183} INFO - Processing /home/airflow/.local/lib/python3.8/site-packages/airflow/example_dags/example_xcomargs.py took 0.097 seconds
[2025-05-07T20:08:32.839+0000] {processor.py:161} INFO - Started process (PID=4030) to work on /home/airflow/.local/lib/python3.8/site-packages/airflow/example_dags/example_xcomargs.py
[2025-05-07T20:08:32.840+0000] {processor.py:830} INFO - Processing file /home/airflow/.local/lib/python3.8/site-packages/airflow/example_dags/example_xcomargs.py for tasks to queue
[2025-05-07T20:08:32.842+0000] {logging_mixin.py:188} INFO - [2025-05-07T20:08:32.842+0000] {dagbag.py:538} INFO - Filling up the DagBag from /home/airflow/.local/lib/python3.8/site-packages/airflow/example_dags/example_xcomargs.py
[2025-05-07T20:08:32.850+0000] {processor.py:840} INFO - DAG(s) 'example_xcom_args', 'example_xcom_args_with_operators' retrieved from /home/airflow/.local/lib/python3.8/site-packages/airflow/example_dags/example_xcomargs.py
[2025-05-07T20:08:32.875+0000] {logging_mixin.py:188} INFO - [2025-05-07T20:08:32.874+0000] {dag.py:3036} INFO - Sync 2 DAGs
[2025-05-07T20:08:32.886+0000] {logging_mixin.py:188} INFO - [2025-05-07T20:08:32.886+0000] {dag.py:3823} INFO - Setting next_dagrun for example_xcom_args to None, run_after=None
[2025-05-07T20:08:32.893+0000] {logging_mixin.py:188} INFO - [2025-05-07T20:08:32.892+0000] {dag.py:3823} INFO - Setting next_dagrun for example_xcom_args_with_operators to None, run_after=None
[2025-05-07T20:08:32.911+0000] {processor.py:183} INFO - Processing /home/airflow/.local/lib/python3.8/site-packages/airflow/example_dags/example_xcomargs.py took 0.075 seconds
[2025-05-07T20:09:04.079+0000] {processor.py:161} INFO - Started process (PID=4087) to work on /home/airflow/.local/lib/python3.8/site-packages/airflow/example_dags/example_xcomargs.py
[2025-05-07T20:09:04.081+0000] {processor.py:830} INFO - Processing file /home/airflow/.local/lib/python3.8/site-packages/airflow/example_dags/example_xcomargs.py for tasks to queue
[2025-05-07T20:09:04.084+0000] {logging_mixin.py:188} INFO - [2025-05-07T20:09:04.084+0000] {dagbag.py:538} INFO - Filling up the DagBag from /home/airflow/.local/lib/python3.8/site-packages/airflow/example_dags/example_xcomargs.py
[2025-05-07T20:09:04.093+0000] {processor.py:840} INFO - DAG(s) 'example_xcom_args_with_operators', 'example_xcom_args' retrieved from /home/airflow/.local/lib/python3.8/site-packages/airflow/example_dags/example_xcomargs.py
[2025-05-07T20:09:04.122+0000] {logging_mixin.py:188} INFO - [2025-05-07T20:09:04.122+0000] {dag.py:3036} INFO - Sync 2 DAGs
[2025-05-07T20:09:04.137+0000] {logging_mixin.py:188} INFO - [2025-05-07T20:09:04.136+0000] {dag.py:3823} INFO - Setting next_dagrun for example_xcom_args to None, run_after=None
[2025-05-07T20:09:04.143+0000] {logging_mixin.py:188} INFO - [2025-05-07T20:09:04.142+0000] {dag.py:3823} INFO - Setting next_dagrun for example_xcom_args_with_operators to None, run_after=None
[2025-05-07T20:09:04.171+0000] {processor.py:183} INFO - Processing /home/airflow/.local/lib/python3.8/site-packages/airflow/example_dags/example_xcomargs.py took 0.096 seconds
[2025-05-07T20:09:34.373+0000] {processor.py:161} INFO - Started process (PID=4144) to work on /home/airflow/.local/lib/python3.8/site-packages/airflow/example_dags/example_xcomargs.py
[2025-05-07T20:09:34.376+0000] {processor.py:830} INFO - Processing file /home/airflow/.local/lib/python3.8/site-packages/airflow/example_dags/example_xcomargs.py for tasks to queue
[2025-05-07T20:09:34.379+0000] {logging_mixin.py:188} INFO - [2025-05-07T20:09:34.378+0000] {dagbag.py:538} INFO - Filling up the DagBag from /home/airflow/.local/lib/python3.8/site-packages/airflow/example_dags/example_xcomargs.py
[2025-05-07T20:09:34.391+0000] {processor.py:840} INFO - DAG(s) 'example_xcom_args', 'example_xcom_args_with_operators' retrieved from /home/airflow/.local/lib/python3.8/site-packages/airflow/example_dags/example_xcomargs.py
[2025-05-07T20:09:34.419+0000] {logging_mixin.py:188} INFO - [2025-05-07T20:09:34.419+0000] {dag.py:3036} INFO - Sync 2 DAGs
[2025-05-07T20:09:34.433+0000] {logging_mixin.py:188} INFO - [2025-05-07T20:09:34.433+0000] {dag.py:3823} INFO - Setting next_dagrun for example_xcom_args to None, run_after=None
[2025-05-07T20:09:34.437+0000] {logging_mixin.py:188} INFO - [2025-05-07T20:09:34.437+0000] {dag.py:3823} INFO - Setting next_dagrun for example_xcom_args_with_operators to None, run_after=None
[2025-05-07T20:09:34.457+0000] {processor.py:183} INFO - Processing /home/airflow/.local/lib/python3.8/site-packages/airflow/example_dags/example_xcomargs.py took 0.087 seconds
[2025-05-07T20:10:05.369+0000] {processor.py:161} INFO - Started process (PID=4201) to work on /home/airflow/.local/lib/python3.8/site-packages/airflow/example_dags/example_xcomargs.py
[2025-05-07T20:10:05.371+0000] {processor.py:830} INFO - Processing file /home/airflow/.local/lib/python3.8/site-packages/airflow/example_dags/example_xcomargs.py for tasks to queue
[2025-05-07T20:10:05.375+0000] {logging_mixin.py:188} INFO - [2025-05-07T20:10:05.375+0000] {dagbag.py:538} INFO - Filling up the DagBag from /home/airflow/.local/lib/python3.8/site-packages/airflow/example_dags/example_xcomargs.py
[2025-05-07T20:10:05.395+0000] {processor.py:840} INFO - DAG(s) 'example_xcom_args_with_operators', 'example_xcom_args' retrieved from /home/airflow/.local/lib/python3.8/site-packages/airflow/example_dags/example_xcomargs.py
[2025-05-07T20:10:05.423+0000] {logging_mixin.py:188} INFO - [2025-05-07T20:10:05.423+0000] {dag.py:3036} INFO - Sync 2 DAGs
[2025-05-07T20:10:05.437+0000] {logging_mixin.py:188} INFO - [2025-05-07T20:10:05.437+0000] {dag.py:3823} INFO - Setting next_dagrun for example_xcom_args to None, run_after=None
[2025-05-07T20:10:05.441+0000] {logging_mixin.py:188} INFO - [2025-05-07T20:10:05.441+0000] {dag.py:3823} INFO - Setting next_dagrun for example_xcom_args_with_operators to None, run_after=None
[2025-05-07T20:10:05.459+0000] {processor.py:183} INFO - Processing /home/airflow/.local/lib/python3.8/site-packages/airflow/example_dags/example_xcomargs.py took 0.093 seconds
[2025-05-07T20:10:35.783+0000] {processor.py:161} INFO - Started process (PID=4258) to work on /home/airflow/.local/lib/python3.8/site-packages/airflow/example_dags/example_xcomargs.py
[2025-05-07T20:10:35.785+0000] {processor.py:830} INFO - Processing file /home/airflow/.local/lib/python3.8/site-packages/airflow/example_dags/example_xcomargs.py for tasks to queue
[2025-05-07T20:10:35.787+0000] {logging_mixin.py:188} INFO - [2025-05-07T20:10:35.787+0000] {dagbag.py:538} INFO - Filling up the DagBag from /home/airflow/.local/lib/python3.8/site-packages/airflow/example_dags/example_xcomargs.py
[2025-05-07T20:10:35.796+0000] {processor.py:840} INFO - DAG(s) 'example_xcom_args_with_operators', 'example_xcom_args' retrieved from /home/airflow/.local/lib/python3.8/site-packages/airflow/example_dags/example_xcomargs.py
[2025-05-07T20:10:35.821+0000] {logging_mixin.py:188} INFO - [2025-05-07T20:10:35.821+0000] {dag.py:3036} INFO - Sync 2 DAGs
[2025-05-07T20:10:35.835+0000] {logging_mixin.py:188} INFO - [2025-05-07T20:10:35.834+0000] {dag.py:3823} INFO - Setting next_dagrun for example_xcom_args to None, run_after=None
[2025-05-07T20:10:35.839+0000] {logging_mixin.py:188} INFO - [2025-05-07T20:10:35.839+0000] {dag.py:3823} INFO - Setting next_dagrun for example_xcom_args_with_operators to None, run_after=None
[2025-05-07T20:10:35.858+0000] {processor.py:183} INFO - Processing /home/airflow/.local/lib/python3.8/site-packages/airflow/example_dags/example_xcomargs.py took 0.078 seconds
[2025-05-07T20:11:06.341+0000] {processor.py:161} INFO - Started process (PID=4315) to work on /home/airflow/.local/lib/python3.8/site-packages/airflow/example_dags/example_xcomargs.py
[2025-05-07T20:11:06.345+0000] {processor.py:830} INFO - Processing file /home/airflow/.local/lib/python3.8/site-packages/airflow/example_dags/example_xcomargs.py for tasks to queue
[2025-05-07T20:11:06.350+0000] {logging_mixin.py:188} INFO - [2025-05-07T20:11:06.350+0000] {dagbag.py:538} INFO - Filling up the DagBag from /home/airflow/.local/lib/python3.8/site-packages/airflow/example_dags/example_xcomargs.py
[2025-05-07T20:11:06.364+0000] {processor.py:840} INFO - DAG(s) 'example_xcom_args_with_operators', 'example_xcom_args' retrieved from /home/airflow/.local/lib/python3.8/site-packages/airflow/example_dags/example_xcomargs.py
[2025-05-07T20:11:06.396+0000] {logging_mixin.py:188} INFO - [2025-05-07T20:11:06.396+0000] {dag.py:3036} INFO - Sync 2 DAGs
[2025-05-07T20:11:06.409+0000] {logging_mixin.py:188} INFO - [2025-05-07T20:11:06.408+0000] {dag.py:3823} INFO - Setting next_dagrun for example_xcom_args to None, run_after=None
[2025-05-07T20:11:06.412+0000] {logging_mixin.py:188} INFO - [2025-05-07T20:11:06.412+0000] {dag.py:3823} INFO - Setting next_dagrun for example_xcom_args_with_operators to None, run_after=None
[2025-05-07T20:11:06.429+0000] {processor.py:183} INFO - Processing /home/airflow/.local/lib/python3.8/site-packages/airflow/example_dags/example_xcomargs.py took 0.092 seconds
[2025-05-07T20:11:37.536+0000] {processor.py:161} INFO - Started process (PID=4372) to work on /home/airflow/.local/lib/python3.8/site-packages/airflow/example_dags/example_xcomargs.py
[2025-05-07T20:11:37.539+0000] {processor.py:830} INFO - Processing file /home/airflow/.local/lib/python3.8/site-packages/airflow/example_dags/example_xcomargs.py for tasks to queue
[2025-05-07T20:11:37.543+0000] {logging_mixin.py:188} INFO - [2025-05-07T20:11:37.543+0000] {dagbag.py:538} INFO - Filling up the DagBag from /home/airflow/.local/lib/python3.8/site-packages/airflow/example_dags/example_xcomargs.py
[2025-05-07T20:11:37.555+0000] {processor.py:840} INFO - DAG(s) 'example_xcom_args', 'example_xcom_args_with_operators' retrieved from /home/airflow/.local/lib/python3.8/site-packages/airflow/example_dags/example_xcomargs.py
[2025-05-07T20:11:37.582+0000] {logging_mixin.py:188} INFO - [2025-05-07T20:11:37.582+0000] {dag.py:3036} INFO - Sync 2 DAGs
[2025-05-07T20:11:37.594+0000] {logging_mixin.py:188} INFO - [2025-05-07T20:11:37.594+0000] {dag.py:3823} INFO - Setting next_dagrun for example_xcom_args to None, run_after=None
[2025-05-07T20:11:37.598+0000] {logging_mixin.py:188} INFO - [2025-05-07T20:11:37.598+0000] {dag.py:3823} INFO - Setting next_dagrun for example_xcom_args_with_operators to None, run_after=None
[2025-05-07T20:11:37.620+0000] {processor.py:183} INFO - Processing /home/airflow/.local/lib/python3.8/site-packages/airflow/example_dags/example_xcomargs.py took 0.090 seconds
[2025-05-07T20:12:07.872+0000] {processor.py:161} INFO - Started process (PID=4429) to work on /home/airflow/.local/lib/python3.8/site-packages/airflow/example_dags/example_xcomargs.py
[2025-05-07T20:12:07.874+0000] {processor.py:830} INFO - Processing file /home/airflow/.local/lib/python3.8/site-packages/airflow/example_dags/example_xcomargs.py for tasks to queue
[2025-05-07T20:12:07.879+0000] {logging_mixin.py:188} INFO - [2025-05-07T20:12:07.879+0000] {dagbag.py:538} INFO - Filling up the DagBag from /home/airflow/.local/lib/python3.8/site-packages/airflow/example_dags/example_xcomargs.py
[2025-05-07T20:12:07.890+0000] {processor.py:840} INFO - DAG(s) 'example_xcom_args', 'example_xcom_args_with_operators' retrieved from /home/airflow/.local/lib/python3.8/site-packages/airflow/example_dags/example_xcomargs.py
[2025-05-07T20:12:07.916+0000] {logging_mixin.py:188} INFO - [2025-05-07T20:12:07.916+0000] {dag.py:3036} INFO - Sync 2 DAGs
[2025-05-07T20:12:07.928+0000] {logging_mixin.py:188} INFO - [2025-05-07T20:12:07.928+0000] {dag.py:3823} INFO - Setting next_dagrun for example_xcom_args to None, run_after=None
[2025-05-07T20:12:07.932+0000] {logging_mixin.py:188} INFO - [2025-05-07T20:12:07.932+0000] {dag.py:3823} INFO - Setting next_dagrun for example_xcom_args_with_operators to None, run_after=None
[2025-05-07T20:12:07.953+0000] {processor.py:183} INFO - Processing /home/airflow/.local/lib/python3.8/site-packages/airflow/example_dags/example_xcomargs.py took 0.088 seconds
[2025-05-07T20:12:38.422+0000] {processor.py:161} INFO - Started process (PID=4486) to work on /home/airflow/.local/lib/python3.8/site-packages/airflow/example_dags/example_xcomargs.py
[2025-05-07T20:12:38.426+0000] {processor.py:830} INFO - Processing file /home/airflow/.local/lib/python3.8/site-packages/airflow/example_dags/example_xcomargs.py for tasks to queue
[2025-05-07T20:12:38.430+0000] {logging_mixin.py:188} INFO - [2025-05-07T20:12:38.429+0000] {dagbag.py:538} INFO - Filling up the DagBag from /home/airflow/.local/lib/python3.8/site-packages/airflow/example_dags/example_xcomargs.py
[2025-05-07T20:12:38.447+0000] {processor.py:840} INFO - DAG(s) 'example_xcom_args_with_operators', 'example_xcom_args' retrieved from /home/airflow/.local/lib/python3.8/site-packages/airflow/example_dags/example_xcomargs.py
[2025-05-07T20:12:38.479+0000] {logging_mixin.py:188} INFO - [2025-05-07T20:12:38.478+0000] {dag.py:3036} INFO - Sync 2 DAGs
[2025-05-07T20:12:38.495+0000] {logging_mixin.py:188} INFO - [2025-05-07T20:12:38.495+0000] {dag.py:3823} INFO - Setting next_dagrun for example_xcom_args to None, run_after=None
[2025-05-07T20:12:38.499+0000] {logging_mixin.py:188} INFO - [2025-05-07T20:12:38.499+0000] {dag.py:3823} INFO - Setting next_dagrun for example_xcom_args_with_operators to None, run_after=None
[2025-05-07T20:12:38.517+0000] {processor.py:183} INFO - Processing /home/airflow/.local/lib/python3.8/site-packages/airflow/example_dags/example_xcomargs.py took 0.104 seconds
[2025-05-07T20:13:09.065+0000] {processor.py:161} INFO - Started process (PID=4543) to work on /home/airflow/.local/lib/python3.8/site-packages/airflow/example_dags/example_xcomargs.py
[2025-05-07T20:13:09.068+0000] {processor.py:830} INFO - Processing file /home/airflow/.local/lib/python3.8/site-packages/airflow/example_dags/example_xcomargs.py for tasks to queue
[2025-05-07T20:13:09.073+0000] {logging_mixin.py:188} INFO - [2025-05-07T20:13:09.072+0000] {dagbag.py:538} INFO - Filling up the DagBag from /home/airflow/.local/lib/python3.8/site-packages/airflow/example_dags/example_xcomargs.py
[2025-05-07T20:13:09.090+0000] {processor.py:840} INFO - DAG(s) 'example_xcom_args', 'example_xcom_args_with_operators' retrieved from /home/airflow/.local/lib/python3.8/site-packages/airflow/example_dags/example_xcomargs.py
[2025-05-07T20:13:09.123+0000] {logging_mixin.py:188} INFO - [2025-05-07T20:13:09.122+0000] {dag.py:3036} INFO - Sync 2 DAGs
[2025-05-07T20:13:09.135+0000] {logging_mixin.py:188} INFO - [2025-05-07T20:13:09.135+0000] {dag.py:3823} INFO - Setting next_dagrun for example_xcom_args to None, run_after=None
[2025-05-07T20:13:09.140+0000] {logging_mixin.py:188} INFO - [2025-05-07T20:13:09.139+0000] {dag.py:3823} INFO - Setting next_dagrun for example_xcom_args_with_operators to None, run_after=None
[2025-05-07T20:13:09.159+0000] {processor.py:183} INFO - Processing /home/airflow/.local/lib/python3.8/site-packages/airflow/example_dags/example_xcomargs.py took 0.102 seconds
[2025-05-07T20:13:39.665+0000] {processor.py:161} INFO - Started process (PID=4600) to work on /home/airflow/.local/lib/python3.8/site-packages/airflow/example_dags/example_xcomargs.py
[2025-05-07T20:13:39.667+0000] {processor.py:830} INFO - Processing file /home/airflow/.local/lib/python3.8/site-packages/airflow/example_dags/example_xcomargs.py for tasks to queue
[2025-05-07T20:13:39.671+0000] {logging_mixin.py:188} INFO - [2025-05-07T20:13:39.670+0000] {dagbag.py:538} INFO - Filling up the DagBag from /home/airflow/.local/lib/python3.8/site-packages/airflow/example_dags/example_xcomargs.py
[2025-05-07T20:13:39.680+0000] {processor.py:840} INFO - DAG(s) 'example_xcom_args_with_operators', 'example_xcom_args' retrieved from /home/airflow/.local/lib/python3.8/site-packages/airflow/example_dags/example_xcomargs.py
[2025-05-07T20:13:39.705+0000] {logging_mixin.py:188} INFO - [2025-05-07T20:13:39.705+0000] {dag.py:3036} INFO - Sync 2 DAGs
[2025-05-07T20:13:39.717+0000] {logging_mixin.py:188} INFO - [2025-05-07T20:13:39.717+0000] {dag.py:3823} INFO - Setting next_dagrun for example_xcom_args to None, run_after=None
[2025-05-07T20:13:39.721+0000] {logging_mixin.py:188} INFO - [2025-05-07T20:13:39.721+0000] {dag.py:3823} INFO - Setting next_dagrun for example_xcom_args_with_operators to None, run_after=None
[2025-05-07T20:13:39.741+0000] {processor.py:183} INFO - Processing /home/airflow/.local/lib/python3.8/site-packages/airflow/example_dags/example_xcomargs.py took 0.079 seconds
[2025-05-07T20:14:10.325+0000] {processor.py:161} INFO - Started process (PID=4657) to work on /home/airflow/.local/lib/python3.8/site-packages/airflow/example_dags/example_xcomargs.py
[2025-05-07T20:14:10.327+0000] {processor.py:830} INFO - Processing file /home/airflow/.local/lib/python3.8/site-packages/airflow/example_dags/example_xcomargs.py for tasks to queue
[2025-05-07T20:14:10.331+0000] {logging_mixin.py:188} INFO - [2025-05-07T20:14:10.330+0000] {dagbag.py:538} INFO - Filling up the DagBag from /home/airflow/.local/lib/python3.8/site-packages/airflow/example_dags/example_xcomargs.py
[2025-05-07T20:14:10.342+0000] {processor.py:840} INFO - DAG(s) 'example_xcom_args_with_operators', 'example_xcom_args' retrieved from /home/airflow/.local/lib/python3.8/site-packages/airflow/example_dags/example_xcomargs.py
[2025-05-07T20:14:10.368+0000] {logging_mixin.py:188} INFO - [2025-05-07T20:14:10.367+0000] {dag.py:3036} INFO - Sync 2 DAGs
[2025-05-07T20:14:10.380+0000] {logging_mixin.py:188} INFO - [2025-05-07T20:14:10.380+0000] {dag.py:3823} INFO - Setting next_dagrun for example_xcom_args to None, run_after=None
[2025-05-07T20:14:10.384+0000] {logging_mixin.py:188} INFO - [2025-05-07T20:14:10.384+0000] {dag.py:3823} INFO - Setting next_dagrun for example_xcom_args_with_operators to None, run_after=None
[2025-05-07T20:14:10.406+0000] {processor.py:183} INFO - Processing /home/airflow/.local/lib/python3.8/site-packages/airflow/example_dags/example_xcomargs.py took 0.088 seconds
[2025-05-07T20:14:41.002+0000] {processor.py:161} INFO - Started process (PID=4714) to work on /home/airflow/.local/lib/python3.8/site-packages/airflow/example_dags/example_xcomargs.py
[2025-05-07T20:14:41.003+0000] {processor.py:830} INFO - Processing file /home/airflow/.local/lib/python3.8/site-packages/airflow/example_dags/example_xcomargs.py for tasks to queue
[2025-05-07T20:14:41.005+0000] {logging_mixin.py:188} INFO - [2025-05-07T20:14:41.005+0000] {dagbag.py:538} INFO - Filling up the DagBag from /home/airflow/.local/lib/python3.8/site-packages/airflow/example_dags/example_xcomargs.py
[2025-05-07T20:14:41.014+0000] {processor.py:840} INFO - DAG(s) 'example_xcom_args_with_operators', 'example_xcom_args' retrieved from /home/airflow/.local/lib/python3.8/site-packages/airflow/example_dags/example_xcomargs.py
[2025-05-07T20:14:41.038+0000] {logging_mixin.py:188} INFO - [2025-05-07T20:14:41.038+0000] {dag.py:3036} INFO - Sync 2 DAGs
[2025-05-07T20:14:41.050+0000] {logging_mixin.py:188} INFO - [2025-05-07T20:14:41.050+0000] {dag.py:3823} INFO - Setting next_dagrun for example_xcom_args to None, run_after=None
[2025-05-07T20:14:41.054+0000] {logging_mixin.py:188} INFO - [2025-05-07T20:14:41.054+0000] {dag.py:3823} INFO - Setting next_dagrun for example_xcom_args_with_operators to None, run_after=None
[2025-05-07T20:14:41.075+0000] {processor.py:183} INFO - Processing /home/airflow/.local/lib/python3.8/site-packages/airflow/example_dags/example_xcomargs.py took 0.076 seconds
[2025-05-07T20:15:11.626+0000] {processor.py:161} INFO - Started process (PID=4771) to work on /home/airflow/.local/lib/python3.8/site-packages/airflow/example_dags/example_xcomargs.py
[2025-05-07T20:15:11.629+0000] {processor.py:830} INFO - Processing file /home/airflow/.local/lib/python3.8/site-packages/airflow/example_dags/example_xcomargs.py for tasks to queue
[2025-05-07T20:15:11.636+0000] {logging_mixin.py:188} INFO - [2025-05-07T20:15:11.635+0000] {dagbag.py:538} INFO - Filling up the DagBag from /home/airflow/.local/lib/python3.8/site-packages/airflow/example_dags/example_xcomargs.py
[2025-05-07T20:15:11.657+0000] {processor.py:840} INFO - DAG(s) 'example_xcom_args', 'example_xcom_args_with_operators' retrieved from /home/airflow/.local/lib/python3.8/site-packages/airflow/example_dags/example_xcomargs.py
[2025-05-07T20:15:11.713+0000] {logging_mixin.py:188} INFO - [2025-05-07T20:15:11.712+0000] {dag.py:3036} INFO - Sync 2 DAGs
[2025-05-07T20:15:11.738+0000] {logging_mixin.py:188} INFO - [2025-05-07T20:15:11.738+0000] {dag.py:3823} INFO - Setting next_dagrun for example_xcom_args to None, run_after=None
[2025-05-07T20:15:11.743+0000] {logging_mixin.py:188} INFO - [2025-05-07T20:15:11.743+0000] {dag.py:3823} INFO - Setting next_dagrun for example_xcom_args_with_operators to None, run_after=None
[2025-05-07T20:15:11.775+0000] {processor.py:183} INFO - Processing /home/airflow/.local/lib/python3.8/site-packages/airflow/example_dags/example_xcomargs.py took 0.156 seconds
[2025-05-07T20:15:42.737+0000] {processor.py:161} INFO - Started process (PID=4828) to work on /home/airflow/.local/lib/python3.8/site-packages/airflow/example_dags/example_xcomargs.py
[2025-05-07T20:15:42.740+0000] {processor.py:830} INFO - Processing file /home/airflow/.local/lib/python3.8/site-packages/airflow/example_dags/example_xcomargs.py for tasks to queue
[2025-05-07T20:15:42.744+0000] {logging_mixin.py:188} INFO - [2025-05-07T20:15:42.744+0000] {dagbag.py:538} INFO - Filling up the DagBag from /home/airflow/.local/lib/python3.8/site-packages/airflow/example_dags/example_xcomargs.py
[2025-05-07T20:15:42.763+0000] {processor.py:840} INFO - DAG(s) 'example_xcom_args_with_operators', 'example_xcom_args' retrieved from /home/airflow/.local/lib/python3.8/site-packages/airflow/example_dags/example_xcomargs.py
[2025-05-07T20:15:42.811+0000] {logging_mixin.py:188} INFO - [2025-05-07T20:15:42.811+0000] {dag.py:3036} INFO - Sync 2 DAGs
[2025-05-07T20:15:42.828+0000] {logging_mixin.py:188} INFO - [2025-05-07T20:15:42.828+0000] {dag.py:3823} INFO - Setting next_dagrun for example_xcom_args to None, run_after=None
[2025-05-07T20:15:42.833+0000] {logging_mixin.py:188} INFO - [2025-05-07T20:15:42.833+0000] {dag.py:3823} INFO - Setting next_dagrun for example_xcom_args_with_operators to None, run_after=None
[2025-05-07T20:15:42.859+0000] {processor.py:183} INFO - Processing /home/airflow/.local/lib/python3.8/site-packages/airflow/example_dags/example_xcomargs.py took 0.130 seconds
[2025-05-07T20:16:13.368+0000] {processor.py:161} INFO - Started process (PID=4885) to work on /home/airflow/.local/lib/python3.8/site-packages/airflow/example_dags/example_xcomargs.py
[2025-05-07T20:16:13.370+0000] {processor.py:830} INFO - Processing file /home/airflow/.local/lib/python3.8/site-packages/airflow/example_dags/example_xcomargs.py for tasks to queue
[2025-05-07T20:16:13.373+0000] {logging_mixin.py:188} INFO - [2025-05-07T20:16:13.372+0000] {dagbag.py:538} INFO - Filling up the DagBag from /home/airflow/.local/lib/python3.8/site-packages/airflow/example_dags/example_xcomargs.py
[2025-05-07T20:16:13.383+0000] {processor.py:840} INFO - DAG(s) 'example_xcom_args_with_operators', 'example_xcom_args' retrieved from /home/airflow/.local/lib/python3.8/site-packages/airflow/example_dags/example_xcomargs.py
[2025-05-07T20:16:13.418+0000] {logging_mixin.py:188} INFO - [2025-05-07T20:16:13.418+0000] {dag.py:3036} INFO - Sync 2 DAGs
[2025-05-07T20:16:13.436+0000] {logging_mixin.py:188} INFO - [2025-05-07T20:16:13.436+0000] {dag.py:3823} INFO - Setting next_dagrun for example_xcom_args to None, run_after=None
[2025-05-07T20:16:13.441+0000] {logging_mixin.py:188} INFO - [2025-05-07T20:16:13.441+0000] {dag.py:3823} INFO - Setting next_dagrun for example_xcom_args_with_operators to None, run_after=None
[2025-05-07T20:16:13.469+0000] {processor.py:183} INFO - Processing /home/airflow/.local/lib/python3.8/site-packages/airflow/example_dags/example_xcomargs.py took 0.105 seconds
[2025-05-07T20:16:43.624+0000] {processor.py:161} INFO - Started process (PID=4942) to work on /home/airflow/.local/lib/python3.8/site-packages/airflow/example_dags/example_xcomargs.py
[2025-05-07T20:16:43.626+0000] {processor.py:830} INFO - Processing file /home/airflow/.local/lib/python3.8/site-packages/airflow/example_dags/example_xcomargs.py for tasks to queue
[2025-05-07T20:16:43.629+0000] {logging_mixin.py:188} INFO - [2025-05-07T20:16:43.628+0000] {dagbag.py:538} INFO - Filling up the DagBag from /home/airflow/.local/lib/python3.8/site-packages/airflow/example_dags/example_xcomargs.py
[2025-05-07T20:16:43.639+0000] {processor.py:840} INFO - DAG(s) 'example_xcom_args_with_operators', 'example_xcom_args' retrieved from /home/airflow/.local/lib/python3.8/site-packages/airflow/example_dags/example_xcomargs.py
[2025-05-07T20:16:43.672+0000] {logging_mixin.py:188} INFO - [2025-05-07T20:16:43.672+0000] {dag.py:3036} INFO - Sync 2 DAGs
[2025-05-07T20:16:43.688+0000] {logging_mixin.py:188} INFO - [2025-05-07T20:16:43.688+0000] {dag.py:3823} INFO - Setting next_dagrun for example_xcom_args to None, run_after=None
[2025-05-07T20:16:43.693+0000] {logging_mixin.py:188} INFO - [2025-05-07T20:16:43.693+0000] {dag.py:3823} INFO - Setting next_dagrun for example_xcom_args_with_operators to None, run_after=None
[2025-05-07T20:16:43.716+0000] {processor.py:183} INFO - Processing /home/airflow/.local/lib/python3.8/site-packages/airflow/example_dags/example_xcomargs.py took 0.096 seconds
[2025-05-07T20:17:14.279+0000] {processor.py:161} INFO - Started process (PID=4999) to work on /home/airflow/.local/lib/python3.8/site-packages/airflow/example_dags/example_xcomargs.py
[2025-05-07T20:17:14.281+0000] {processor.py:830} INFO - Processing file /home/airflow/.local/lib/python3.8/site-packages/airflow/example_dags/example_xcomargs.py for tasks to queue
[2025-05-07T20:17:14.284+0000] {logging_mixin.py:188} INFO - [2025-05-07T20:17:14.283+0000] {dagbag.py:538} INFO - Filling up the DagBag from /home/airflow/.local/lib/python3.8/site-packages/airflow/example_dags/example_xcomargs.py
[2025-05-07T20:17:14.294+0000] {processor.py:840} INFO - DAG(s) 'example_xcom_args', 'example_xcom_args_with_operators' retrieved from /home/airflow/.local/lib/python3.8/site-packages/airflow/example_dags/example_xcomargs.py
[2025-05-07T20:17:14.328+0000] {logging_mixin.py:188} INFO - [2025-05-07T20:17:14.327+0000] {dag.py:3036} INFO - Sync 2 DAGs
[2025-05-07T20:17:14.344+0000] {logging_mixin.py:188} INFO - [2025-05-07T20:17:14.344+0000] {dag.py:3823} INFO - Setting next_dagrun for example_xcom_args to None, run_after=None
[2025-05-07T20:17:14.350+0000] {logging_mixin.py:188} INFO - [2025-05-07T20:17:14.350+0000] {dag.py:3823} INFO - Setting next_dagrun for example_xcom_args_with_operators to None, run_after=None
[2025-05-07T20:17:14.375+0000] {processor.py:183} INFO - Processing /home/airflow/.local/lib/python3.8/site-packages/airflow/example_dags/example_xcomargs.py took 0.100 seconds
[2025-05-07T20:17:45.153+0000] {processor.py:161} INFO - Started process (PID=5056) to work on /home/airflow/.local/lib/python3.8/site-packages/airflow/example_dags/example_xcomargs.py
[2025-05-07T20:17:45.156+0000] {processor.py:830} INFO - Processing file /home/airflow/.local/lib/python3.8/site-packages/airflow/example_dags/example_xcomargs.py for tasks to queue
[2025-05-07T20:17:45.160+0000] {logging_mixin.py:188} INFO - [2025-05-07T20:17:45.159+0000] {dagbag.py:538} INFO - Filling up the DagBag from /home/airflow/.local/lib/python3.8/site-packages/airflow/example_dags/example_xcomargs.py
[2025-05-07T20:17:45.173+0000] {processor.py:840} INFO - DAG(s) 'example_xcom_args_with_operators', 'example_xcom_args' retrieved from /home/airflow/.local/lib/python3.8/site-packages/airflow/example_dags/example_xcomargs.py
[2025-05-07T20:17:45.206+0000] {logging_mixin.py:188} INFO - [2025-05-07T20:17:45.206+0000] {dag.py:3036} INFO - Sync 2 DAGs
[2025-05-07T20:17:45.222+0000] {logging_mixin.py:188} INFO - [2025-05-07T20:17:45.222+0000] {dag.py:3823} INFO - Setting next_dagrun for example_xcom_args to None, run_after=None
[2025-05-07T20:17:45.227+0000] {logging_mixin.py:188} INFO - [2025-05-07T20:17:45.227+0000] {dag.py:3823} INFO - Setting next_dagrun for example_xcom_args_with_operators to None, run_after=None
[2025-05-07T20:17:45.251+0000] {processor.py:183} INFO - Processing /home/airflow/.local/lib/python3.8/site-packages/airflow/example_dags/example_xcomargs.py took 0.106 seconds
[2025-05-07T20:18:15.796+0000] {processor.py:161} INFO - Started process (PID=5114) to work on /home/airflow/.local/lib/python3.8/site-packages/airflow/example_dags/example_xcomargs.py
[2025-05-07T20:18:15.799+0000] {processor.py:830} INFO - Processing file /home/airflow/.local/lib/python3.8/site-packages/airflow/example_dags/example_xcomargs.py for tasks to queue
[2025-05-07T20:18:15.804+0000] {logging_mixin.py:188} INFO - [2025-05-07T20:18:15.804+0000] {dagbag.py:538} INFO - Filling up the DagBag from /home/airflow/.local/lib/python3.8/site-packages/airflow/example_dags/example_xcomargs.py
[2025-05-07T20:18:15.829+0000] {processor.py:840} INFO - DAG(s) 'example_xcom_args_with_operators', 'example_xcom_args' retrieved from /home/airflow/.local/lib/python3.8/site-packages/airflow/example_dags/example_xcomargs.py
[2025-05-07T20:18:15.893+0000] {logging_mixin.py:188} INFO - [2025-05-07T20:18:15.892+0000] {dag.py:3036} INFO - Sync 2 DAGs
[2025-05-07T20:18:15.913+0000] {logging_mixin.py:188} INFO - [2025-05-07T20:18:15.913+0000] {dag.py:3823} INFO - Setting next_dagrun for example_xcom_args to None, run_after=None
[2025-05-07T20:18:15.918+0000] {logging_mixin.py:188} INFO - [2025-05-07T20:18:15.918+0000] {dag.py:3823} INFO - Setting next_dagrun for example_xcom_args_with_operators to None, run_after=None
[2025-05-07T20:18:15.956+0000] {processor.py:183} INFO - Processing /home/airflow/.local/lib/python3.8/site-packages/airflow/example_dags/example_xcomargs.py took 0.169 seconds
[2025-05-07T20:18:46.245+0000] {processor.py:161} INFO - Started process (PID=5171) to work on /home/airflow/.local/lib/python3.8/site-packages/airflow/example_dags/example_xcomargs.py
[2025-05-07T20:18:46.247+0000] {processor.py:830} INFO - Processing file /home/airflow/.local/lib/python3.8/site-packages/airflow/example_dags/example_xcomargs.py for tasks to queue
[2025-05-07T20:18:46.249+0000] {logging_mixin.py:188} INFO - [2025-05-07T20:18:46.249+0000] {dagbag.py:538} INFO - Filling up the DagBag from /home/airflow/.local/lib/python3.8/site-packages/airflow/example_dags/example_xcomargs.py
[2025-05-07T20:18:46.262+0000] {processor.py:840} INFO - DAG(s) 'example_xcom_args_with_operators', 'example_xcom_args' retrieved from /home/airflow/.local/lib/python3.8/site-packages/airflow/example_dags/example_xcomargs.py
[2025-05-07T20:18:46.298+0000] {logging_mixin.py:188} INFO - [2025-05-07T20:18:46.297+0000] {dag.py:3036} INFO - Sync 2 DAGs
[2025-05-07T20:18:46.315+0000] {logging_mixin.py:188} INFO - [2025-05-07T20:18:46.315+0000] {dag.py:3823} INFO - Setting next_dagrun for example_xcom_args to None, run_after=None
[2025-05-07T20:18:46.321+0000] {logging_mixin.py:188} INFO - [2025-05-07T20:18:46.320+0000] {dag.py:3823} INFO - Setting next_dagrun for example_xcom_args_with_operators to None, run_after=None
[2025-05-07T20:18:46.346+0000] {processor.py:183} INFO - Processing /home/airflow/.local/lib/python3.8/site-packages/airflow/example_dags/example_xcomargs.py took 0.106 seconds
