[2025-05-07T19:05:14.253+0000] {processor.py:161} INFO - Started process (PID=74) to work on /home/airflow/.local/lib/python3.8/site-packages/airflow/example_dags/example_local_kubernetes_executor.py
[2025-05-07T19:05:14.256+0000] {processor.py:830} INFO - Processing file /home/airflow/.local/lib/python3.8/site-packages/airflow/example_dags/example_local_kubernetes_executor.py for tasks to queue
[2025-05-07T19:05:14.260+0000] {logging_mixin.py:188} INFO - [2025-05-07T19:05:14.259+0000] {dagbag.py:538} INFO - Filling up the DagBag from /home/airflow/.local/lib/python3.8/site-packages/airflow/example_dags/example_local_kubernetes_executor.py
[2025-05-07T19:05:14.283+0000] {processor.py:840} INFO - DAG(s) 'example_local_kubernetes_executor' retrieved from /home/airflow/.local/lib/python3.8/site-packages/airflow/example_dags/example_local_kubernetes_executor.py
[2025-05-07T19:05:14.300+0000] {logging_mixin.py:188} INFO - [2025-05-07T19:05:14.300+0000] {dag.py:3036} INFO - Sync 1 DAGs
[2025-05-07T19:05:14.317+0000] {logging_mixin.py:188} INFO - [2025-05-07T19:05:14.317+0000] {dag.py:3823} INFO - Setting next_dagrun for example_local_kubernetes_executor to None, run_after=None
[2025-05-07T19:05:14.353+0000] {processor.py:183} INFO - Processing /home/airflow/.local/lib/python3.8/site-packages/airflow/example_dags/example_local_kubernetes_executor.py took 0.106 seconds
[2025-05-07T19:05:44.926+0000] {processor.py:161} INFO - Started process (PID=129) to work on /home/airflow/.local/lib/python3.8/site-packages/airflow/example_dags/example_local_kubernetes_executor.py
[2025-05-07T19:05:44.928+0000] {processor.py:830} INFO - Processing file /home/airflow/.local/lib/python3.8/site-packages/airflow/example_dags/example_local_kubernetes_executor.py for tasks to queue
[2025-05-07T19:05:44.930+0000] {logging_mixin.py:188} INFO - [2025-05-07T19:05:44.930+0000] {dagbag.py:538} INFO - Filling up the DagBag from /home/airflow/.local/lib/python3.8/site-packages/airflow/example_dags/example_local_kubernetes_executor.py
[2025-05-07T19:05:44.938+0000] {processor.py:840} INFO - DAG(s) 'example_local_kubernetes_executor' retrieved from /home/airflow/.local/lib/python3.8/site-packages/airflow/example_dags/example_local_kubernetes_executor.py
[2025-05-07T19:05:45.046+0000] {logging_mixin.py:188} INFO - [2025-05-07T19:05:45.046+0000] {dag.py:3036} INFO - Sync 1 DAGs
[2025-05-07T19:05:45.056+0000] {logging_mixin.py:188} INFO - [2025-05-07T19:05:45.056+0000] {dag.py:3823} INFO - Setting next_dagrun for example_local_kubernetes_executor to None, run_after=None
[2025-05-07T19:05:45.076+0000] {processor.py:183} INFO - Processing /home/airflow/.local/lib/python3.8/site-packages/airflow/example_dags/example_local_kubernetes_executor.py took 0.153 seconds
[2025-05-07T19:06:15.398+0000] {processor.py:161} INFO - Started process (PID=184) to work on /home/airflow/.local/lib/python3.8/site-packages/airflow/example_dags/example_local_kubernetes_executor.py
[2025-05-07T19:06:15.404+0000] {processor.py:830} INFO - Processing file /home/airflow/.local/lib/python3.8/site-packages/airflow/example_dags/example_local_kubernetes_executor.py for tasks to queue
[2025-05-07T19:06:15.410+0000] {logging_mixin.py:188} INFO - [2025-05-07T19:06:15.409+0000] {dagbag.py:538} INFO - Filling up the DagBag from /home/airflow/.local/lib/python3.8/site-packages/airflow/example_dags/example_local_kubernetes_executor.py
[2025-05-07T19:06:15.421+0000] {processor.py:840} INFO - DAG(s) 'example_local_kubernetes_executor' retrieved from /home/airflow/.local/lib/python3.8/site-packages/airflow/example_dags/example_local_kubernetes_executor.py
[2025-05-07T19:06:15.460+0000] {logging_mixin.py:188} INFO - [2025-05-07T19:06:15.459+0000] {dag.py:3036} INFO - Sync 1 DAGs
[2025-05-07T19:06:15.476+0000] {logging_mixin.py:188} INFO - [2025-05-07T19:06:15.476+0000] {dag.py:3823} INFO - Setting next_dagrun for example_local_kubernetes_executor to None, run_after=None
[2025-05-07T19:06:15.502+0000] {processor.py:183} INFO - Processing /home/airflow/.local/lib/python3.8/site-packages/airflow/example_dags/example_local_kubernetes_executor.py took 0.109 seconds
[2025-05-07T19:06:45.607+0000] {processor.py:161} INFO - Started process (PID=239) to work on /home/airflow/.local/lib/python3.8/site-packages/airflow/example_dags/example_local_kubernetes_executor.py
[2025-05-07T19:06:45.611+0000] {processor.py:830} INFO - Processing file /home/airflow/.local/lib/python3.8/site-packages/airflow/example_dags/example_local_kubernetes_executor.py for tasks to queue
[2025-05-07T19:06:45.616+0000] {logging_mixin.py:188} INFO - [2025-05-07T19:06:45.615+0000] {dagbag.py:538} INFO - Filling up the DagBag from /home/airflow/.local/lib/python3.8/site-packages/airflow/example_dags/example_local_kubernetes_executor.py
[2025-05-07T19:06:45.629+0000] {processor.py:840} INFO - DAG(s) 'example_local_kubernetes_executor' retrieved from /home/airflow/.local/lib/python3.8/site-packages/airflow/example_dags/example_local_kubernetes_executor.py
[2025-05-07T19:06:45.667+0000] {logging_mixin.py:188} INFO - [2025-05-07T19:06:45.666+0000] {dag.py:3036} INFO - Sync 1 DAGs
[2025-05-07T19:06:45.679+0000] {logging_mixin.py:188} INFO - [2025-05-07T19:06:45.679+0000] {dag.py:3823} INFO - Setting next_dagrun for example_local_kubernetes_executor to None, run_after=None
[2025-05-07T19:06:45.706+0000] {processor.py:183} INFO - Processing /home/airflow/.local/lib/python3.8/site-packages/airflow/example_dags/example_local_kubernetes_executor.py took 0.107 seconds
[2025-05-07T19:07:16.129+0000] {processor.py:161} INFO - Started process (PID=294) to work on /home/airflow/.local/lib/python3.8/site-packages/airflow/example_dags/example_local_kubernetes_executor.py
[2025-05-07T19:07:16.131+0000] {processor.py:830} INFO - Processing file /home/airflow/.local/lib/python3.8/site-packages/airflow/example_dags/example_local_kubernetes_executor.py for tasks to queue
[2025-05-07T19:07:16.133+0000] {logging_mixin.py:188} INFO - [2025-05-07T19:07:16.133+0000] {dagbag.py:538} INFO - Filling up the DagBag from /home/airflow/.local/lib/python3.8/site-packages/airflow/example_dags/example_local_kubernetes_executor.py
[2025-05-07T19:07:16.142+0000] {processor.py:840} INFO - DAG(s) 'example_local_kubernetes_executor' retrieved from /home/airflow/.local/lib/python3.8/site-packages/airflow/example_dags/example_local_kubernetes_executor.py
[2025-05-07T19:07:16.177+0000] {logging_mixin.py:188} INFO - [2025-05-07T19:07:16.176+0000] {dag.py:3036} INFO - Sync 1 DAGs
[2025-05-07T19:07:16.190+0000] {logging_mixin.py:188} INFO - [2025-05-07T19:07:16.190+0000] {dag.py:3823} INFO - Setting next_dagrun for example_local_kubernetes_executor to None, run_after=None
[2025-05-07T19:07:16.213+0000] {processor.py:183} INFO - Processing /home/airflow/.local/lib/python3.8/site-packages/airflow/example_dags/example_local_kubernetes_executor.py took 0.087 seconds
[2025-05-07T19:07:46.701+0000] {processor.py:161} INFO - Started process (PID=349) to work on /home/airflow/.local/lib/python3.8/site-packages/airflow/example_dags/example_local_kubernetes_executor.py
[2025-05-07T19:07:46.704+0000] {processor.py:830} INFO - Processing file /home/airflow/.local/lib/python3.8/site-packages/airflow/example_dags/example_local_kubernetes_executor.py for tasks to queue
[2025-05-07T19:07:46.706+0000] {logging_mixin.py:188} INFO - [2025-05-07T19:07:46.706+0000] {dagbag.py:538} INFO - Filling up the DagBag from /home/airflow/.local/lib/python3.8/site-packages/airflow/example_dags/example_local_kubernetes_executor.py
[2025-05-07T19:07:46.716+0000] {processor.py:840} INFO - DAG(s) 'example_local_kubernetes_executor' retrieved from /home/airflow/.local/lib/python3.8/site-packages/airflow/example_dags/example_local_kubernetes_executor.py
[2025-05-07T19:07:46.777+0000] {logging_mixin.py:188} INFO - [2025-05-07T19:07:46.776+0000] {dag.py:3036} INFO - Sync 1 DAGs
[2025-05-07T19:07:46.796+0000] {logging_mixin.py:188} INFO - [2025-05-07T19:07:46.795+0000] {dag.py:3823} INFO - Setting next_dagrun for example_local_kubernetes_executor to None, run_after=None
[2025-05-07T19:07:46.839+0000] {processor.py:183} INFO - Processing /home/airflow/.local/lib/python3.8/site-packages/airflow/example_dags/example_local_kubernetes_executor.py took 0.142 seconds
[2025-05-07T19:08:17.141+0000] {processor.py:161} INFO - Started process (PID=404) to work on /home/airflow/.local/lib/python3.8/site-packages/airflow/example_dags/example_local_kubernetes_executor.py
[2025-05-07T19:08:17.143+0000] {processor.py:830} INFO - Processing file /home/airflow/.local/lib/python3.8/site-packages/airflow/example_dags/example_local_kubernetes_executor.py for tasks to queue
[2025-05-07T19:08:17.146+0000] {logging_mixin.py:188} INFO - [2025-05-07T19:08:17.146+0000] {dagbag.py:538} INFO - Filling up the DagBag from /home/airflow/.local/lib/python3.8/site-packages/airflow/example_dags/example_local_kubernetes_executor.py
[2025-05-07T19:08:17.157+0000] {processor.py:840} INFO - DAG(s) 'example_local_kubernetes_executor' retrieved from /home/airflow/.local/lib/python3.8/site-packages/airflow/example_dags/example_local_kubernetes_executor.py
[2025-05-07T19:08:17.196+0000] {logging_mixin.py:188} INFO - [2025-05-07T19:08:17.195+0000] {dag.py:3036} INFO - Sync 1 DAGs
[2025-05-07T19:08:17.209+0000] {logging_mixin.py:188} INFO - [2025-05-07T19:08:17.208+0000] {dag.py:3823} INFO - Setting next_dagrun for example_local_kubernetes_executor to None, run_after=None
[2025-05-07T19:08:17.241+0000] {processor.py:183} INFO - Processing /home/airflow/.local/lib/python3.8/site-packages/airflow/example_dags/example_local_kubernetes_executor.py took 0.104 seconds
[2025-05-07T19:08:47.626+0000] {processor.py:161} INFO - Started process (PID=459) to work on /home/airflow/.local/lib/python3.8/site-packages/airflow/example_dags/example_local_kubernetes_executor.py
[2025-05-07T19:08:47.627+0000] {processor.py:830} INFO - Processing file /home/airflow/.local/lib/python3.8/site-packages/airflow/example_dags/example_local_kubernetes_executor.py for tasks to queue
[2025-05-07T19:08:47.629+0000] {logging_mixin.py:188} INFO - [2025-05-07T19:08:47.629+0000] {dagbag.py:538} INFO - Filling up the DagBag from /home/airflow/.local/lib/python3.8/site-packages/airflow/example_dags/example_local_kubernetes_executor.py
[2025-05-07T19:08:47.637+0000] {processor.py:840} INFO - DAG(s) 'example_local_kubernetes_executor' retrieved from /home/airflow/.local/lib/python3.8/site-packages/airflow/example_dags/example_local_kubernetes_executor.py
[2025-05-07T19:08:47.673+0000] {logging_mixin.py:188} INFO - [2025-05-07T19:08:47.672+0000] {dag.py:3036} INFO - Sync 1 DAGs
[2025-05-07T19:08:47.684+0000] {logging_mixin.py:188} INFO - [2025-05-07T19:08:47.684+0000] {dag.py:3823} INFO - Setting next_dagrun for example_local_kubernetes_executor to None, run_after=None
[2025-05-07T19:08:47.704+0000] {processor.py:183} INFO - Processing /home/airflow/.local/lib/python3.8/site-packages/airflow/example_dags/example_local_kubernetes_executor.py took 0.082 seconds
[2025-05-07T19:09:18.152+0000] {processor.py:161} INFO - Started process (PID=514) to work on /home/airflow/.local/lib/python3.8/site-packages/airflow/example_dags/example_local_kubernetes_executor.py
[2025-05-07T19:09:18.153+0000] {processor.py:830} INFO - Processing file /home/airflow/.local/lib/python3.8/site-packages/airflow/example_dags/example_local_kubernetes_executor.py for tasks to queue
[2025-05-07T19:09:18.156+0000] {logging_mixin.py:188} INFO - [2025-05-07T19:09:18.155+0000] {dagbag.py:538} INFO - Filling up the DagBag from /home/airflow/.local/lib/python3.8/site-packages/airflow/example_dags/example_local_kubernetes_executor.py
[2025-05-07T19:09:18.164+0000] {processor.py:840} INFO - DAG(s) 'example_local_kubernetes_executor' retrieved from /home/airflow/.local/lib/python3.8/site-packages/airflow/example_dags/example_local_kubernetes_executor.py
[2025-05-07T19:09:18.206+0000] {logging_mixin.py:188} INFO - [2025-05-07T19:09:18.206+0000] {dag.py:3036} INFO - Sync 1 DAGs
[2025-05-07T19:09:18.220+0000] {logging_mixin.py:188} INFO - [2025-05-07T19:09:18.219+0000] {dag.py:3823} INFO - Setting next_dagrun for example_local_kubernetes_executor to None, run_after=None
[2025-05-07T19:09:18.247+0000] {processor.py:183} INFO - Processing /home/airflow/.local/lib/python3.8/site-packages/airflow/example_dags/example_local_kubernetes_executor.py took 0.098 seconds
[2025-05-07T19:09:49.035+0000] {processor.py:161} INFO - Started process (PID=569) to work on /home/airflow/.local/lib/python3.8/site-packages/airflow/example_dags/example_local_kubernetes_executor.py
[2025-05-07T19:09:49.037+0000] {processor.py:830} INFO - Processing file /home/airflow/.local/lib/python3.8/site-packages/airflow/example_dags/example_local_kubernetes_executor.py for tasks to queue
[2025-05-07T19:09:49.039+0000] {logging_mixin.py:188} INFO - [2025-05-07T19:09:49.039+0000] {dagbag.py:538} INFO - Filling up the DagBag from /home/airflow/.local/lib/python3.8/site-packages/airflow/example_dags/example_local_kubernetes_executor.py
[2025-05-07T19:09:49.052+0000] {processor.py:840} INFO - DAG(s) 'example_local_kubernetes_executor' retrieved from /home/airflow/.local/lib/python3.8/site-packages/airflow/example_dags/example_local_kubernetes_executor.py
[2025-05-07T19:09:49.096+0000] {logging_mixin.py:188} INFO - [2025-05-07T19:09:49.095+0000] {dag.py:3036} INFO - Sync 1 DAGs
[2025-05-07T19:09:49.107+0000] {logging_mixin.py:188} INFO - [2025-05-07T19:09:49.107+0000] {dag.py:3823} INFO - Setting next_dagrun for example_local_kubernetes_executor to None, run_after=None
[2025-05-07T19:09:49.129+0000] {processor.py:183} INFO - Processing /home/airflow/.local/lib/python3.8/site-packages/airflow/example_dags/example_local_kubernetes_executor.py took 0.098 seconds
[2025-05-07T19:10:19.420+0000] {processor.py:161} INFO - Started process (PID=626) to work on /home/airflow/.local/lib/python3.8/site-packages/airflow/example_dags/example_local_kubernetes_executor.py
[2025-05-07T19:10:19.423+0000] {processor.py:830} INFO - Processing file /home/airflow/.local/lib/python3.8/site-packages/airflow/example_dags/example_local_kubernetes_executor.py for tasks to queue
[2025-05-07T19:10:19.426+0000] {logging_mixin.py:188} INFO - [2025-05-07T19:10:19.425+0000] {dagbag.py:538} INFO - Filling up the DagBag from /home/airflow/.local/lib/python3.8/site-packages/airflow/example_dags/example_local_kubernetes_executor.py
[2025-05-07T19:10:19.434+0000] {processor.py:840} INFO - DAG(s) 'example_local_kubernetes_executor' retrieved from /home/airflow/.local/lib/python3.8/site-packages/airflow/example_dags/example_local_kubernetes_executor.py
[2025-05-07T19:10:19.489+0000] {logging_mixin.py:188} INFO - [2025-05-07T19:10:19.489+0000] {dag.py:3036} INFO - Sync 1 DAGs
[2025-05-07T19:10:19.502+0000] {logging_mixin.py:188} INFO - [2025-05-07T19:10:19.502+0000] {dag.py:3823} INFO - Setting next_dagrun for example_local_kubernetes_executor to None, run_after=None
[2025-05-07T19:10:19.524+0000] {processor.py:183} INFO - Processing /home/airflow/.local/lib/python3.8/site-packages/airflow/example_dags/example_local_kubernetes_executor.py took 0.108 seconds
[2025-05-07T19:10:49.987+0000] {processor.py:161} INFO - Started process (PID=682) to work on /home/airflow/.local/lib/python3.8/site-packages/airflow/example_dags/example_local_kubernetes_executor.py
[2025-05-07T19:10:49.990+0000] {processor.py:830} INFO - Processing file /home/airflow/.local/lib/python3.8/site-packages/airflow/example_dags/example_local_kubernetes_executor.py for tasks to queue
[2025-05-07T19:10:49.995+0000] {logging_mixin.py:188} INFO - [2025-05-07T19:10:49.994+0000] {dagbag.py:538} INFO - Filling up the DagBag from /home/airflow/.local/lib/python3.8/site-packages/airflow/example_dags/example_local_kubernetes_executor.py
[2025-05-07T19:10:50.012+0000] {processor.py:840} INFO - DAG(s) 'example_local_kubernetes_executor' retrieved from /home/airflow/.local/lib/python3.8/site-packages/airflow/example_dags/example_local_kubernetes_executor.py
[2025-05-07T19:10:50.062+0000] {logging_mixin.py:188} INFO - [2025-05-07T19:10:50.062+0000] {dag.py:3036} INFO - Sync 1 DAGs
[2025-05-07T19:10:50.076+0000] {logging_mixin.py:188} INFO - [2025-05-07T19:10:50.076+0000] {dag.py:3823} INFO - Setting next_dagrun for example_local_kubernetes_executor to None, run_after=None
[2025-05-07T19:10:50.096+0000] {processor.py:183} INFO - Processing /home/airflow/.local/lib/python3.8/site-packages/airflow/example_dags/example_local_kubernetes_executor.py took 0.115 seconds
[2025-05-07T19:11:20.212+0000] {processor.py:161} INFO - Started process (PID=740) to work on /home/airflow/.local/lib/python3.8/site-packages/airflow/example_dags/example_local_kubernetes_executor.py
[2025-05-07T19:11:20.215+0000] {processor.py:830} INFO - Processing file /home/airflow/.local/lib/python3.8/site-packages/airflow/example_dags/example_local_kubernetes_executor.py for tasks to queue
[2025-05-07T19:11:20.218+0000] {logging_mixin.py:188} INFO - [2025-05-07T19:11:20.218+0000] {dagbag.py:538} INFO - Filling up the DagBag from /home/airflow/.local/lib/python3.8/site-packages/airflow/example_dags/example_local_kubernetes_executor.py
[2025-05-07T19:11:20.235+0000] {processor.py:840} INFO - DAG(s) 'example_local_kubernetes_executor' retrieved from /home/airflow/.local/lib/python3.8/site-packages/airflow/example_dags/example_local_kubernetes_executor.py
[2025-05-07T19:11:20.293+0000] {logging_mixin.py:188} INFO - [2025-05-07T19:11:20.293+0000] {dag.py:3036} INFO - Sync 1 DAGs
[2025-05-07T19:11:20.313+0000] {logging_mixin.py:188} INFO - [2025-05-07T19:11:20.313+0000] {dag.py:3823} INFO - Setting next_dagrun for example_local_kubernetes_executor to None, run_after=None
[2025-05-07T19:11:20.342+0000] {processor.py:183} INFO - Processing /home/airflow/.local/lib/python3.8/site-packages/airflow/example_dags/example_local_kubernetes_executor.py took 0.138 seconds
[2025-05-07T19:11:50.991+0000] {processor.py:161} INFO - Started process (PID=802) to work on /home/airflow/.local/lib/python3.8/site-packages/airflow/example_dags/example_local_kubernetes_executor.py
[2025-05-07T19:11:50.993+0000] {processor.py:830} INFO - Processing file /home/airflow/.local/lib/python3.8/site-packages/airflow/example_dags/example_local_kubernetes_executor.py for tasks to queue
[2025-05-07T19:11:50.996+0000] {logging_mixin.py:188} INFO - [2025-05-07T19:11:50.996+0000] {dagbag.py:538} INFO - Filling up the DagBag from /home/airflow/.local/lib/python3.8/site-packages/airflow/example_dags/example_local_kubernetes_executor.py
[2025-05-07T19:11:51.004+0000] {processor.py:840} INFO - DAG(s) 'example_local_kubernetes_executor' retrieved from /home/airflow/.local/lib/python3.8/site-packages/airflow/example_dags/example_local_kubernetes_executor.py
[2025-05-07T19:11:51.047+0000] {logging_mixin.py:188} INFO - [2025-05-07T19:11:51.046+0000] {dag.py:3036} INFO - Sync 1 DAGs
[2025-05-07T19:11:51.064+0000] {logging_mixin.py:188} INFO - [2025-05-07T19:11:51.064+0000] {dag.py:3823} INFO - Setting next_dagrun for example_local_kubernetes_executor to None, run_after=None
[2025-05-07T19:11:51.095+0000] {processor.py:183} INFO - Processing /home/airflow/.local/lib/python3.8/site-packages/airflow/example_dags/example_local_kubernetes_executor.py took 0.109 seconds
[2025-05-07T19:12:21.645+0000] {processor.py:161} INFO - Started process (PID=858) to work on /home/airflow/.local/lib/python3.8/site-packages/airflow/example_dags/example_local_kubernetes_executor.py
[2025-05-07T19:12:21.648+0000] {processor.py:830} INFO - Processing file /home/airflow/.local/lib/python3.8/site-packages/airflow/example_dags/example_local_kubernetes_executor.py for tasks to queue
[2025-05-07T19:12:21.651+0000] {logging_mixin.py:188} INFO - [2025-05-07T19:12:21.651+0000] {dagbag.py:538} INFO - Filling up the DagBag from /home/airflow/.local/lib/python3.8/site-packages/airflow/example_dags/example_local_kubernetes_executor.py
[2025-05-07T19:12:21.661+0000] {processor.py:840} INFO - DAG(s) 'example_local_kubernetes_executor' retrieved from /home/airflow/.local/lib/python3.8/site-packages/airflow/example_dags/example_local_kubernetes_executor.py
[2025-05-07T19:12:21.723+0000] {logging_mixin.py:188} INFO - [2025-05-07T19:12:21.722+0000] {dag.py:3036} INFO - Sync 1 DAGs
[2025-05-07T19:12:21.743+0000] {logging_mixin.py:188} INFO - [2025-05-07T19:12:21.742+0000] {dag.py:3823} INFO - Setting next_dagrun for example_local_kubernetes_executor to None, run_after=None
[2025-05-07T19:12:21.789+0000] {processor.py:183} INFO - Processing /home/airflow/.local/lib/python3.8/site-packages/airflow/example_dags/example_local_kubernetes_executor.py took 0.150 seconds
[2025-05-07T19:12:52.277+0000] {processor.py:161} INFO - Started process (PID=914) to work on /home/airflow/.local/lib/python3.8/site-packages/airflow/example_dags/example_local_kubernetes_executor.py
[2025-05-07T19:12:52.279+0000] {processor.py:830} INFO - Processing file /home/airflow/.local/lib/python3.8/site-packages/airflow/example_dags/example_local_kubernetes_executor.py for tasks to queue
[2025-05-07T19:12:52.281+0000] {logging_mixin.py:188} INFO - [2025-05-07T19:12:52.281+0000] {dagbag.py:538} INFO - Filling up the DagBag from /home/airflow/.local/lib/python3.8/site-packages/airflow/example_dags/example_local_kubernetes_executor.py
[2025-05-07T19:12:52.289+0000] {processor.py:840} INFO - DAG(s) 'example_local_kubernetes_executor' retrieved from /home/airflow/.local/lib/python3.8/site-packages/airflow/example_dags/example_local_kubernetes_executor.py
[2025-05-07T19:12:52.330+0000] {logging_mixin.py:188} INFO - [2025-05-07T19:12:52.330+0000] {dag.py:3036} INFO - Sync 1 DAGs
[2025-05-07T19:12:52.342+0000] {logging_mixin.py:188} INFO - [2025-05-07T19:12:52.342+0000] {dag.py:3823} INFO - Setting next_dagrun for example_local_kubernetes_executor to None, run_after=None
[2025-05-07T19:12:52.372+0000] {processor.py:183} INFO - Processing /home/airflow/.local/lib/python3.8/site-packages/airflow/example_dags/example_local_kubernetes_executor.py took 0.098 seconds
[2025-05-07T19:13:23.080+0000] {processor.py:161} INFO - Started process (PID=970) to work on /home/airflow/.local/lib/python3.8/site-packages/airflow/example_dags/example_local_kubernetes_executor.py
[2025-05-07T19:13:23.082+0000] {processor.py:830} INFO - Processing file /home/airflow/.local/lib/python3.8/site-packages/airflow/example_dags/example_local_kubernetes_executor.py for tasks to queue
[2025-05-07T19:13:23.084+0000] {logging_mixin.py:188} INFO - [2025-05-07T19:13:23.084+0000] {dagbag.py:538} INFO - Filling up the DagBag from /home/airflow/.local/lib/python3.8/site-packages/airflow/example_dags/example_local_kubernetes_executor.py
[2025-05-07T19:13:23.092+0000] {processor.py:840} INFO - DAG(s) 'example_local_kubernetes_executor' retrieved from /home/airflow/.local/lib/python3.8/site-packages/airflow/example_dags/example_local_kubernetes_executor.py
[2025-05-07T19:13:23.128+0000] {logging_mixin.py:188} INFO - [2025-05-07T19:13:23.127+0000] {dag.py:3036} INFO - Sync 1 DAGs
[2025-05-07T19:13:23.139+0000] {logging_mixin.py:188} INFO - [2025-05-07T19:13:23.139+0000] {dag.py:3823} INFO - Setting next_dagrun for example_local_kubernetes_executor to None, run_after=None
[2025-05-07T19:13:23.163+0000] {processor.py:183} INFO - Processing /home/airflow/.local/lib/python3.8/site-packages/airflow/example_dags/example_local_kubernetes_executor.py took 0.085 seconds
[2025-05-07T19:13:53.385+0000] {processor.py:161} INFO - Started process (PID=1026) to work on /home/airflow/.local/lib/python3.8/site-packages/airflow/example_dags/example_local_kubernetes_executor.py
[2025-05-07T19:13:53.387+0000] {processor.py:830} INFO - Processing file /home/airflow/.local/lib/python3.8/site-packages/airflow/example_dags/example_local_kubernetes_executor.py for tasks to queue
[2025-05-07T19:13:53.390+0000] {logging_mixin.py:188} INFO - [2025-05-07T19:13:53.390+0000] {dagbag.py:538} INFO - Filling up the DagBag from /home/airflow/.local/lib/python3.8/site-packages/airflow/example_dags/example_local_kubernetes_executor.py
[2025-05-07T19:13:53.400+0000] {processor.py:840} INFO - DAG(s) 'example_local_kubernetes_executor' retrieved from /home/airflow/.local/lib/python3.8/site-packages/airflow/example_dags/example_local_kubernetes_executor.py
[2025-05-07T19:13:53.446+0000] {logging_mixin.py:188} INFO - [2025-05-07T19:13:53.446+0000] {dag.py:3036} INFO - Sync 1 DAGs
[2025-05-07T19:13:53.459+0000] {logging_mixin.py:188} INFO - [2025-05-07T19:13:53.459+0000] {dag.py:3823} INFO - Setting next_dagrun for example_local_kubernetes_executor to None, run_after=None
[2025-05-07T19:13:53.481+0000] {processor.py:183} INFO - Processing /home/airflow/.local/lib/python3.8/site-packages/airflow/example_dags/example_local_kubernetes_executor.py took 0.099 seconds
[2025-05-07T19:14:23.944+0000] {processor.py:161} INFO - Started process (PID=1082) to work on /home/airflow/.local/lib/python3.8/site-packages/airflow/example_dags/example_local_kubernetes_executor.py
[2025-05-07T19:14:23.946+0000] {processor.py:830} INFO - Processing file /home/airflow/.local/lib/python3.8/site-packages/airflow/example_dags/example_local_kubernetes_executor.py for tasks to queue
[2025-05-07T19:14:23.952+0000] {logging_mixin.py:188} INFO - [2025-05-07T19:14:23.952+0000] {dagbag.py:538} INFO - Filling up the DagBag from /home/airflow/.local/lib/python3.8/site-packages/airflow/example_dags/example_local_kubernetes_executor.py
[2025-05-07T19:14:23.966+0000] {processor.py:840} INFO - DAG(s) 'example_local_kubernetes_executor' retrieved from /home/airflow/.local/lib/python3.8/site-packages/airflow/example_dags/example_local_kubernetes_executor.py
[2025-05-07T19:14:24.031+0000] {logging_mixin.py:188} INFO - [2025-05-07T19:14:24.031+0000] {dag.py:3036} INFO - Sync 1 DAGs
[2025-05-07T19:14:24.045+0000] {logging_mixin.py:188} INFO - [2025-05-07T19:14:24.045+0000] {dag.py:3823} INFO - Setting next_dagrun for example_local_kubernetes_executor to None, run_after=None
[2025-05-07T19:14:24.070+0000] {processor.py:183} INFO - Processing /home/airflow/.local/lib/python3.8/site-packages/airflow/example_dags/example_local_kubernetes_executor.py took 0.132 seconds
[2025-05-07T19:14:54.548+0000] {processor.py:161} INFO - Started process (PID=1139) to work on /home/airflow/.local/lib/python3.8/site-packages/airflow/example_dags/example_local_kubernetes_executor.py
[2025-05-07T19:14:54.552+0000] {processor.py:830} INFO - Processing file /home/airflow/.local/lib/python3.8/site-packages/airflow/example_dags/example_local_kubernetes_executor.py for tasks to queue
[2025-05-07T19:14:54.557+0000] {logging_mixin.py:188} INFO - [2025-05-07T19:14:54.556+0000] {dagbag.py:538} INFO - Filling up the DagBag from /home/airflow/.local/lib/python3.8/site-packages/airflow/example_dags/example_local_kubernetes_executor.py
[2025-05-07T19:14:54.569+0000] {processor.py:840} INFO - DAG(s) 'example_local_kubernetes_executor' retrieved from /home/airflow/.local/lib/python3.8/site-packages/airflow/example_dags/example_local_kubernetes_executor.py
[2025-05-07T19:14:54.631+0000] {logging_mixin.py:188} INFO - [2025-05-07T19:14:54.630+0000] {dag.py:3036} INFO - Sync 1 DAGs
[2025-05-07T19:14:54.643+0000] {logging_mixin.py:188} INFO - [2025-05-07T19:14:54.642+0000] {dag.py:3823} INFO - Setting next_dagrun for example_local_kubernetes_executor to None, run_after=None
[2025-05-07T19:14:54.668+0000] {processor.py:183} INFO - Processing /home/airflow/.local/lib/python3.8/site-packages/airflow/example_dags/example_local_kubernetes_executor.py took 0.124 seconds
[2025-05-07T19:15:25.382+0000] {processor.py:161} INFO - Started process (PID=1195) to work on /home/airflow/.local/lib/python3.8/site-packages/airflow/example_dags/example_local_kubernetes_executor.py
[2025-05-07T19:15:25.385+0000] {processor.py:830} INFO - Processing file /home/airflow/.local/lib/python3.8/site-packages/airflow/example_dags/example_local_kubernetes_executor.py for tasks to queue
[2025-05-07T19:15:25.390+0000] {logging_mixin.py:188} INFO - [2025-05-07T19:15:25.390+0000] {dagbag.py:538} INFO - Filling up the DagBag from /home/airflow/.local/lib/python3.8/site-packages/airflow/example_dags/example_local_kubernetes_executor.py
[2025-05-07T19:15:25.408+0000] {processor.py:840} INFO - DAG(s) 'example_local_kubernetes_executor' retrieved from /home/airflow/.local/lib/python3.8/site-packages/airflow/example_dags/example_local_kubernetes_executor.py
[2025-05-07T19:15:25.505+0000] {logging_mixin.py:188} INFO - [2025-05-07T19:15:25.505+0000] {dag.py:3036} INFO - Sync 1 DAGs
[2025-05-07T19:15:25.528+0000] {logging_mixin.py:188} INFO - [2025-05-07T19:15:25.528+0000] {dag.py:3823} INFO - Setting next_dagrun for example_local_kubernetes_executor to None, run_after=None
[2025-05-07T19:15:25.564+0000] {processor.py:183} INFO - Processing /home/airflow/.local/lib/python3.8/site-packages/airflow/example_dags/example_local_kubernetes_executor.py took 0.189 seconds
[2025-05-07T19:15:55.927+0000] {processor.py:161} INFO - Started process (PID=1250) to work on /home/airflow/.local/lib/python3.8/site-packages/airflow/example_dags/example_local_kubernetes_executor.py
[2025-05-07T19:15:55.929+0000] {processor.py:830} INFO - Processing file /home/airflow/.local/lib/python3.8/site-packages/airflow/example_dags/example_local_kubernetes_executor.py for tasks to queue
[2025-05-07T19:15:55.931+0000] {logging_mixin.py:188} INFO - [2025-05-07T19:15:55.931+0000] {dagbag.py:538} INFO - Filling up the DagBag from /home/airflow/.local/lib/python3.8/site-packages/airflow/example_dags/example_local_kubernetes_executor.py
[2025-05-07T19:15:55.938+0000] {processor.py:840} INFO - DAG(s) 'example_local_kubernetes_executor' retrieved from /home/airflow/.local/lib/python3.8/site-packages/airflow/example_dags/example_local_kubernetes_executor.py
[2025-05-07T19:15:55.975+0000] {logging_mixin.py:188} INFO - [2025-05-07T19:15:55.975+0000] {dag.py:3036} INFO - Sync 1 DAGs
[2025-05-07T19:15:55.988+0000] {logging_mixin.py:188} INFO - [2025-05-07T19:15:55.988+0000] {dag.py:3823} INFO - Setting next_dagrun for example_local_kubernetes_executor to None, run_after=None
[2025-05-07T19:15:56.011+0000] {processor.py:183} INFO - Processing /home/airflow/.local/lib/python3.8/site-packages/airflow/example_dags/example_local_kubernetes_executor.py took 0.086 seconds
[2025-05-07T19:16:26.225+0000] {processor.py:161} INFO - Started process (PID=1306) to work on /home/airflow/.local/lib/python3.8/site-packages/airflow/example_dags/example_local_kubernetes_executor.py
[2025-05-07T19:16:26.227+0000] {processor.py:830} INFO - Processing file /home/airflow/.local/lib/python3.8/site-packages/airflow/example_dags/example_local_kubernetes_executor.py for tasks to queue
[2025-05-07T19:16:26.230+0000] {logging_mixin.py:188} INFO - [2025-05-07T19:16:26.230+0000] {dagbag.py:538} INFO - Filling up the DagBag from /home/airflow/.local/lib/python3.8/site-packages/airflow/example_dags/example_local_kubernetes_executor.py
[2025-05-07T19:16:26.240+0000] {processor.py:840} INFO - DAG(s) 'example_local_kubernetes_executor' retrieved from /home/airflow/.local/lib/python3.8/site-packages/airflow/example_dags/example_local_kubernetes_executor.py
[2025-05-07T19:16:26.278+0000] {logging_mixin.py:188} INFO - [2025-05-07T19:16:26.278+0000] {dag.py:3036} INFO - Sync 1 DAGs
[2025-05-07T19:16:26.289+0000] {logging_mixin.py:188} INFO - [2025-05-07T19:16:26.289+0000] {dag.py:3823} INFO - Setting next_dagrun for example_local_kubernetes_executor to None, run_after=None
[2025-05-07T19:16:26.309+0000] {processor.py:183} INFO - Processing /home/airflow/.local/lib/python3.8/site-packages/airflow/example_dags/example_local_kubernetes_executor.py took 0.088 seconds
[2025-05-07T19:16:56.666+0000] {processor.py:161} INFO - Started process (PID=1362) to work on /home/airflow/.local/lib/python3.8/site-packages/airflow/example_dags/example_local_kubernetes_executor.py
[2025-05-07T19:16:56.668+0000] {processor.py:830} INFO - Processing file /home/airflow/.local/lib/python3.8/site-packages/airflow/example_dags/example_local_kubernetes_executor.py for tasks to queue
[2025-05-07T19:16:56.670+0000] {logging_mixin.py:188} INFO - [2025-05-07T19:16:56.670+0000] {dagbag.py:538} INFO - Filling up the DagBag from /home/airflow/.local/lib/python3.8/site-packages/airflow/example_dags/example_local_kubernetes_executor.py
[2025-05-07T19:16:56.677+0000] {processor.py:840} INFO - DAG(s) 'example_local_kubernetes_executor' retrieved from /home/airflow/.local/lib/python3.8/site-packages/airflow/example_dags/example_local_kubernetes_executor.py
[2025-05-07T19:16:56.713+0000] {logging_mixin.py:188} INFO - [2025-05-07T19:16:56.712+0000] {dag.py:3036} INFO - Sync 1 DAGs
[2025-05-07T19:16:56.724+0000] {logging_mixin.py:188} INFO - [2025-05-07T19:16:56.724+0000] {dag.py:3823} INFO - Setting next_dagrun for example_local_kubernetes_executor to None, run_after=None
[2025-05-07T19:16:56.743+0000] {processor.py:183} INFO - Processing /home/airflow/.local/lib/python3.8/site-packages/airflow/example_dags/example_local_kubernetes_executor.py took 0.080 seconds
[2025-05-07T19:17:27.323+0000] {processor.py:161} INFO - Started process (PID=1418) to work on /home/airflow/.local/lib/python3.8/site-packages/airflow/example_dags/example_local_kubernetes_executor.py
[2025-05-07T19:17:27.326+0000] {processor.py:830} INFO - Processing file /home/airflow/.local/lib/python3.8/site-packages/airflow/example_dags/example_local_kubernetes_executor.py for tasks to queue
[2025-05-07T19:17:27.331+0000] {logging_mixin.py:188} INFO - [2025-05-07T19:17:27.330+0000] {dagbag.py:538} INFO - Filling up the DagBag from /home/airflow/.local/lib/python3.8/site-packages/airflow/example_dags/example_local_kubernetes_executor.py
[2025-05-07T19:17:27.342+0000] {processor.py:840} INFO - DAG(s) 'example_local_kubernetes_executor' retrieved from /home/airflow/.local/lib/python3.8/site-packages/airflow/example_dags/example_local_kubernetes_executor.py
[2025-05-07T19:17:27.381+0000] {logging_mixin.py:188} INFO - [2025-05-07T19:17:27.380+0000] {dag.py:3036} INFO - Sync 1 DAGs
[2025-05-07T19:17:27.392+0000] {logging_mixin.py:188} INFO - [2025-05-07T19:17:27.392+0000] {dag.py:3823} INFO - Setting next_dagrun for example_local_kubernetes_executor to None, run_after=None
[2025-05-07T19:17:27.413+0000] {processor.py:183} INFO - Processing /home/airflow/.local/lib/python3.8/site-packages/airflow/example_dags/example_local_kubernetes_executor.py took 0.096 seconds
[2025-05-07T19:17:57.596+0000] {processor.py:161} INFO - Started process (PID=1474) to work on /home/airflow/.local/lib/python3.8/site-packages/airflow/example_dags/example_local_kubernetes_executor.py
[2025-05-07T19:17:57.597+0000] {processor.py:830} INFO - Processing file /home/airflow/.local/lib/python3.8/site-packages/airflow/example_dags/example_local_kubernetes_executor.py for tasks to queue
[2025-05-07T19:17:57.601+0000] {logging_mixin.py:188} INFO - [2025-05-07T19:17:57.600+0000] {dagbag.py:538} INFO - Filling up the DagBag from /home/airflow/.local/lib/python3.8/site-packages/airflow/example_dags/example_local_kubernetes_executor.py
[2025-05-07T19:17:57.609+0000] {processor.py:840} INFO - DAG(s) 'example_local_kubernetes_executor' retrieved from /home/airflow/.local/lib/python3.8/site-packages/airflow/example_dags/example_local_kubernetes_executor.py
[2025-05-07T19:17:57.653+0000] {logging_mixin.py:188} INFO - [2025-05-07T19:17:57.653+0000] {dag.py:3036} INFO - Sync 1 DAGs
[2025-05-07T19:17:57.667+0000] {logging_mixin.py:188} INFO - [2025-05-07T19:17:57.667+0000] {dag.py:3823} INFO - Setting next_dagrun for example_local_kubernetes_executor to None, run_after=None
[2025-05-07T19:17:57.690+0000] {processor.py:183} INFO - Processing /home/airflow/.local/lib/python3.8/site-packages/airflow/example_dags/example_local_kubernetes_executor.py took 0.099 seconds
[2025-05-07T19:18:28.055+0000] {processor.py:161} INFO - Started process (PID=1530) to work on /home/airflow/.local/lib/python3.8/site-packages/airflow/example_dags/example_local_kubernetes_executor.py
[2025-05-07T19:18:28.057+0000] {processor.py:830} INFO - Processing file /home/airflow/.local/lib/python3.8/site-packages/airflow/example_dags/example_local_kubernetes_executor.py for tasks to queue
[2025-05-07T19:18:28.059+0000] {logging_mixin.py:188} INFO - [2025-05-07T19:18:28.059+0000] {dagbag.py:538} INFO - Filling up the DagBag from /home/airflow/.local/lib/python3.8/site-packages/airflow/example_dags/example_local_kubernetes_executor.py
[2025-05-07T19:18:28.068+0000] {processor.py:840} INFO - DAG(s) 'example_local_kubernetes_executor' retrieved from /home/airflow/.local/lib/python3.8/site-packages/airflow/example_dags/example_local_kubernetes_executor.py
[2025-05-07T19:18:28.109+0000] {logging_mixin.py:188} INFO - [2025-05-07T19:18:28.109+0000] {dag.py:3036} INFO - Sync 1 DAGs
[2025-05-07T19:18:28.122+0000] {logging_mixin.py:188} INFO - [2025-05-07T19:18:28.122+0000] {dag.py:3823} INFO - Setting next_dagrun for example_local_kubernetes_executor to None, run_after=None
[2025-05-07T19:18:28.147+0000] {processor.py:183} INFO - Processing /home/airflow/.local/lib/python3.8/site-packages/airflow/example_dags/example_local_kubernetes_executor.py took 0.095 seconds
[2025-05-07T19:18:58.210+0000] {processor.py:161} INFO - Started process (PID=1586) to work on /home/airflow/.local/lib/python3.8/site-packages/airflow/example_dags/example_local_kubernetes_executor.py
[2025-05-07T19:18:58.211+0000] {processor.py:830} INFO - Processing file /home/airflow/.local/lib/python3.8/site-packages/airflow/example_dags/example_local_kubernetes_executor.py for tasks to queue
[2025-05-07T19:18:58.213+0000] {logging_mixin.py:188} INFO - [2025-05-07T19:18:58.213+0000] {dagbag.py:538} INFO - Filling up the DagBag from /home/airflow/.local/lib/python3.8/site-packages/airflow/example_dags/example_local_kubernetes_executor.py
[2025-05-07T19:18:58.220+0000] {processor.py:840} INFO - DAG(s) 'example_local_kubernetes_executor' retrieved from /home/airflow/.local/lib/python3.8/site-packages/airflow/example_dags/example_local_kubernetes_executor.py
[2025-05-07T19:18:58.258+0000] {logging_mixin.py:188} INFO - [2025-05-07T19:18:58.257+0000] {dag.py:3036} INFO - Sync 1 DAGs
[2025-05-07T19:18:58.270+0000] {logging_mixin.py:188} INFO - [2025-05-07T19:18:58.270+0000] {dag.py:3823} INFO - Setting next_dagrun for example_local_kubernetes_executor to None, run_after=None
[2025-05-07T19:18:58.291+0000] {processor.py:183} INFO - Processing /home/airflow/.local/lib/python3.8/site-packages/airflow/example_dags/example_local_kubernetes_executor.py took 0.084 seconds
[2025-05-07T19:19:28.798+0000] {processor.py:161} INFO - Started process (PID=1642) to work on /home/airflow/.local/lib/python3.8/site-packages/airflow/example_dags/example_local_kubernetes_executor.py
[2025-05-07T19:19:28.801+0000] {processor.py:830} INFO - Processing file /home/airflow/.local/lib/python3.8/site-packages/airflow/example_dags/example_local_kubernetes_executor.py for tasks to queue
[2025-05-07T19:19:28.805+0000] {logging_mixin.py:188} INFO - [2025-05-07T19:19:28.804+0000] {dagbag.py:538} INFO - Filling up the DagBag from /home/airflow/.local/lib/python3.8/site-packages/airflow/example_dags/example_local_kubernetes_executor.py
[2025-05-07T19:19:28.813+0000] {processor.py:840} INFO - DAG(s) 'example_local_kubernetes_executor' retrieved from /home/airflow/.local/lib/python3.8/site-packages/airflow/example_dags/example_local_kubernetes_executor.py
[2025-05-07T19:19:28.854+0000] {logging_mixin.py:188} INFO - [2025-05-07T19:19:28.854+0000] {dag.py:3036} INFO - Sync 1 DAGs
[2025-05-07T19:19:28.866+0000] {logging_mixin.py:188} INFO - [2025-05-07T19:19:28.866+0000] {dag.py:3823} INFO - Setting next_dagrun for example_local_kubernetes_executor to None, run_after=None
[2025-05-07T19:19:28.889+0000] {processor.py:183} INFO - Processing /home/airflow/.local/lib/python3.8/site-packages/airflow/example_dags/example_local_kubernetes_executor.py took 0.096 seconds
[2025-05-07T19:19:58.994+0000] {processor.py:161} INFO - Started process (PID=1698) to work on /home/airflow/.local/lib/python3.8/site-packages/airflow/example_dags/example_local_kubernetes_executor.py
[2025-05-07T19:19:58.997+0000] {processor.py:830} INFO - Processing file /home/airflow/.local/lib/python3.8/site-packages/airflow/example_dags/example_local_kubernetes_executor.py for tasks to queue
[2025-05-07T19:19:59.002+0000] {logging_mixin.py:188} INFO - [2025-05-07T19:19:59.001+0000] {dagbag.py:538} INFO - Filling up the DagBag from /home/airflow/.local/lib/python3.8/site-packages/airflow/example_dags/example_local_kubernetes_executor.py
[2025-05-07T19:19:59.015+0000] {processor.py:840} INFO - DAG(s) 'example_local_kubernetes_executor' retrieved from /home/airflow/.local/lib/python3.8/site-packages/airflow/example_dags/example_local_kubernetes_executor.py
[2025-05-07T19:19:59.064+0000] {logging_mixin.py:188} INFO - [2025-05-07T19:19:59.063+0000] {dag.py:3036} INFO - Sync 1 DAGs
[2025-05-07T19:19:59.078+0000] {logging_mixin.py:188} INFO - [2025-05-07T19:19:59.078+0000] {dag.py:3823} INFO - Setting next_dagrun for example_local_kubernetes_executor to None, run_after=None
[2025-05-07T19:19:59.104+0000] {processor.py:183} INFO - Processing /home/airflow/.local/lib/python3.8/site-packages/airflow/example_dags/example_local_kubernetes_executor.py took 0.116 seconds
[2025-05-07T19:20:29.335+0000] {processor.py:161} INFO - Started process (PID=1755) to work on /home/airflow/.local/lib/python3.8/site-packages/airflow/example_dags/example_local_kubernetes_executor.py
[2025-05-07T19:20:29.337+0000] {processor.py:830} INFO - Processing file /home/airflow/.local/lib/python3.8/site-packages/airflow/example_dags/example_local_kubernetes_executor.py for tasks to queue
[2025-05-07T19:20:29.339+0000] {logging_mixin.py:188} INFO - [2025-05-07T19:20:29.339+0000] {dagbag.py:538} INFO - Filling up the DagBag from /home/airflow/.local/lib/python3.8/site-packages/airflow/example_dags/example_local_kubernetes_executor.py
[2025-05-07T19:20:29.347+0000] {processor.py:840} INFO - DAG(s) 'example_local_kubernetes_executor' retrieved from /home/airflow/.local/lib/python3.8/site-packages/airflow/example_dags/example_local_kubernetes_executor.py
[2025-05-07T19:20:29.391+0000] {logging_mixin.py:188} INFO - [2025-05-07T19:20:29.391+0000] {dag.py:3036} INFO - Sync 1 DAGs
[2025-05-07T19:20:29.402+0000] {logging_mixin.py:188} INFO - [2025-05-07T19:20:29.402+0000] {dag.py:3823} INFO - Setting next_dagrun for example_local_kubernetes_executor to None, run_after=None
[2025-05-07T19:20:29.423+0000] {processor.py:183} INFO - Processing /home/airflow/.local/lib/python3.8/site-packages/airflow/example_dags/example_local_kubernetes_executor.py took 0.090 seconds
[2025-05-07T19:20:59.983+0000] {processor.py:161} INFO - Started process (PID=1812) to work on /home/airflow/.local/lib/python3.8/site-packages/airflow/example_dags/example_local_kubernetes_executor.py
[2025-05-07T19:20:59.984+0000] {processor.py:830} INFO - Processing file /home/airflow/.local/lib/python3.8/site-packages/airflow/example_dags/example_local_kubernetes_executor.py for tasks to queue
[2025-05-07T19:20:59.986+0000] {logging_mixin.py:188} INFO - [2025-05-07T19:20:59.986+0000] {dagbag.py:538} INFO - Filling up the DagBag from /home/airflow/.local/lib/python3.8/site-packages/airflow/example_dags/example_local_kubernetes_executor.py
[2025-05-07T19:20:59.994+0000] {processor.py:840} INFO - DAG(s) 'example_local_kubernetes_executor' retrieved from /home/airflow/.local/lib/python3.8/site-packages/airflow/example_dags/example_local_kubernetes_executor.py
[2025-05-07T19:21:00.030+0000] {logging_mixin.py:188} INFO - [2025-05-07T19:21:00.030+0000] {dag.py:3036} INFO - Sync 1 DAGs
[2025-05-07T19:21:00.058+0000] {logging_mixin.py:188} INFO - [2025-05-07T19:21:00.057+0000] {dag.py:3823} INFO - Setting next_dagrun for example_local_kubernetes_executor to None, run_after=None
[2025-05-07T19:21:00.078+0000] {processor.py:183} INFO - Processing /home/airflow/.local/lib/python3.8/site-packages/airflow/example_dags/example_local_kubernetes_executor.py took 0.097 seconds
[2025-05-07T19:22:02.594+0000] {processor.py:161} INFO - Started process (PID=77) to work on /home/airflow/.local/lib/python3.8/site-packages/airflow/example_dags/example_local_kubernetes_executor.py
[2025-05-07T19:22:02.596+0000] {processor.py:830} INFO - Processing file /home/airflow/.local/lib/python3.8/site-packages/airflow/example_dags/example_local_kubernetes_executor.py for tasks to queue
[2025-05-07T19:22:02.599+0000] {logging_mixin.py:188} INFO - [2025-05-07T19:22:02.598+0000] {dagbag.py:538} INFO - Filling up the DagBag from /home/airflow/.local/lib/python3.8/site-packages/airflow/example_dags/example_local_kubernetes_executor.py
[2025-05-07T19:22:02.613+0000] {processor.py:840} INFO - DAG(s) 'example_local_kubernetes_executor' retrieved from /home/airflow/.local/lib/python3.8/site-packages/airflow/example_dags/example_local_kubernetes_executor.py
[2025-05-07T19:22:02.628+0000] {logging_mixin.py:188} INFO - [2025-05-07T19:22:02.627+0000] {dag.py:3036} INFO - Sync 1 DAGs
[2025-05-07T19:22:02.645+0000] {logging_mixin.py:188} INFO - [2025-05-07T19:22:02.645+0000] {dag.py:3823} INFO - Setting next_dagrun for example_local_kubernetes_executor to None, run_after=None
[2025-05-07T19:22:02.672+0000] {processor.py:183} INFO - Processing /home/airflow/.local/lib/python3.8/site-packages/airflow/example_dags/example_local_kubernetes_executor.py took 0.082 seconds
[2025-05-07T19:22:33.240+0000] {processor.py:161} INFO - Started process (PID=134) to work on /home/airflow/.local/lib/python3.8/site-packages/airflow/example_dags/example_local_kubernetes_executor.py
[2025-05-07T19:22:33.241+0000] {processor.py:830} INFO - Processing file /home/airflow/.local/lib/python3.8/site-packages/airflow/example_dags/example_local_kubernetes_executor.py for tasks to queue
[2025-05-07T19:22:33.244+0000] {logging_mixin.py:188} INFO - [2025-05-07T19:22:33.244+0000] {dagbag.py:538} INFO - Filling up the DagBag from /home/airflow/.local/lib/python3.8/site-packages/airflow/example_dags/example_local_kubernetes_executor.py
[2025-05-07T19:22:33.256+0000] {processor.py:840} INFO - DAG(s) 'example_local_kubernetes_executor' retrieved from /home/airflow/.local/lib/python3.8/site-packages/airflow/example_dags/example_local_kubernetes_executor.py
[2025-05-07T19:22:33.410+0000] {logging_mixin.py:188} INFO - [2025-05-07T19:22:33.410+0000] {dag.py:3036} INFO - Sync 1 DAGs
[2025-05-07T19:22:33.423+0000] {logging_mixin.py:188} INFO - [2025-05-07T19:22:33.422+0000] {dag.py:3823} INFO - Setting next_dagrun for example_local_kubernetes_executor to None, run_after=None
[2025-05-07T19:22:33.457+0000] {processor.py:183} INFO - Processing /home/airflow/.local/lib/python3.8/site-packages/airflow/example_dags/example_local_kubernetes_executor.py took 0.220 seconds
[2025-05-07T19:23:03.960+0000] {processor.py:161} INFO - Started process (PID=191) to work on /home/airflow/.local/lib/python3.8/site-packages/airflow/example_dags/example_local_kubernetes_executor.py
[2025-05-07T19:23:03.962+0000] {processor.py:830} INFO - Processing file /home/airflow/.local/lib/python3.8/site-packages/airflow/example_dags/example_local_kubernetes_executor.py for tasks to queue
[2025-05-07T19:23:03.965+0000] {logging_mixin.py:188} INFO - [2025-05-07T19:23:03.965+0000] {dagbag.py:538} INFO - Filling up the DagBag from /home/airflow/.local/lib/python3.8/site-packages/airflow/example_dags/example_local_kubernetes_executor.py
[2025-05-07T19:23:03.973+0000] {processor.py:840} INFO - DAG(s) 'example_local_kubernetes_executor' retrieved from /home/airflow/.local/lib/python3.8/site-packages/airflow/example_dags/example_local_kubernetes_executor.py
[2025-05-07T19:23:04.011+0000] {logging_mixin.py:188} INFO - [2025-05-07T19:23:04.011+0000] {dag.py:3036} INFO - Sync 1 DAGs
[2025-05-07T19:23:04.023+0000] {logging_mixin.py:188} INFO - [2025-05-07T19:23:04.023+0000] {dag.py:3823} INFO - Setting next_dagrun for example_local_kubernetes_executor to None, run_after=None
[2025-05-07T19:23:04.045+0000] {processor.py:183} INFO - Processing /home/airflow/.local/lib/python3.8/site-packages/airflow/example_dags/example_local_kubernetes_executor.py took 0.088 seconds
[2025-05-07T19:23:34.304+0000] {processor.py:161} INFO - Started process (PID=251) to work on /home/airflow/.local/lib/python3.8/site-packages/airflow/example_dags/example_local_kubernetes_executor.py
[2025-05-07T19:23:34.307+0000] {processor.py:830} INFO - Processing file /home/airflow/.local/lib/python3.8/site-packages/airflow/example_dags/example_local_kubernetes_executor.py for tasks to queue
[2025-05-07T19:23:34.312+0000] {logging_mixin.py:188} INFO - [2025-05-07T19:23:34.311+0000] {dagbag.py:538} INFO - Filling up the DagBag from /home/airflow/.local/lib/python3.8/site-packages/airflow/example_dags/example_local_kubernetes_executor.py
[2025-05-07T19:23:34.324+0000] {processor.py:840} INFO - DAG(s) 'example_local_kubernetes_executor' retrieved from /home/airflow/.local/lib/python3.8/site-packages/airflow/example_dags/example_local_kubernetes_executor.py
[2025-05-07T19:23:34.394+0000] {logging_mixin.py:188} INFO - [2025-05-07T19:23:34.393+0000] {dag.py:3036} INFO - Sync 1 DAGs
[2025-05-07T19:23:34.424+0000] {logging_mixin.py:188} INFO - [2025-05-07T19:23:34.424+0000] {dag.py:3823} INFO - Setting next_dagrun for example_local_kubernetes_executor to None, run_after=None
[2025-05-07T19:23:34.465+0000] {processor.py:183} INFO - Processing /home/airflow/.local/lib/python3.8/site-packages/airflow/example_dags/example_local_kubernetes_executor.py took 0.165 seconds
[2025-05-07T19:24:05.001+0000] {processor.py:161} INFO - Started process (PID=310) to work on /home/airflow/.local/lib/python3.8/site-packages/airflow/example_dags/example_local_kubernetes_executor.py
[2025-05-07T19:24:05.002+0000] {processor.py:830} INFO - Processing file /home/airflow/.local/lib/python3.8/site-packages/airflow/example_dags/example_local_kubernetes_executor.py for tasks to queue
[2025-05-07T19:24:05.004+0000] {logging_mixin.py:188} INFO - [2025-05-07T19:24:05.004+0000] {dagbag.py:538} INFO - Filling up the DagBag from /home/airflow/.local/lib/python3.8/site-packages/airflow/example_dags/example_local_kubernetes_executor.py
[2025-05-07T19:24:05.011+0000] {processor.py:840} INFO - DAG(s) 'example_local_kubernetes_executor' retrieved from /home/airflow/.local/lib/python3.8/site-packages/airflow/example_dags/example_local_kubernetes_executor.py
[2025-05-07T19:24:05.044+0000] {logging_mixin.py:188} INFO - [2025-05-07T19:24:05.044+0000] {dag.py:3036} INFO - Sync 1 DAGs
[2025-05-07T19:24:05.061+0000] {logging_mixin.py:188} INFO - [2025-05-07T19:24:05.060+0000] {dag.py:3823} INFO - Setting next_dagrun for example_local_kubernetes_executor to None, run_after=None
[2025-05-07T19:24:05.284+0000] {processor.py:183} INFO - Processing /home/airflow/.local/lib/python3.8/site-packages/airflow/example_dags/example_local_kubernetes_executor.py took 0.287 seconds
[2025-05-07T19:24:35.713+0000] {processor.py:161} INFO - Started process (PID=380) to work on /home/airflow/.local/lib/python3.8/site-packages/airflow/example_dags/example_local_kubernetes_executor.py
[2025-05-07T19:24:35.720+0000] {processor.py:830} INFO - Processing file /home/airflow/.local/lib/python3.8/site-packages/airflow/example_dags/example_local_kubernetes_executor.py for tasks to queue
[2025-05-07T19:24:35.740+0000] {logging_mixin.py:188} INFO - [2025-05-07T19:24:35.739+0000] {dagbag.py:538} INFO - Filling up the DagBag from /home/airflow/.local/lib/python3.8/site-packages/airflow/example_dags/example_local_kubernetes_executor.py
[2025-05-07T19:24:35.759+0000] {processor.py:840} INFO - DAG(s) 'example_local_kubernetes_executor' retrieved from /home/airflow/.local/lib/python3.8/site-packages/airflow/example_dags/example_local_kubernetes_executor.py
[2025-05-07T19:24:35.800+0000] {logging_mixin.py:188} INFO - [2025-05-07T19:24:35.800+0000] {dag.py:3036} INFO - Sync 1 DAGs
[2025-05-07T19:24:35.813+0000] {logging_mixin.py:188} INFO - [2025-05-07T19:24:35.813+0000] {dag.py:3823} INFO - Setting next_dagrun for example_local_kubernetes_executor to None, run_after=None
[2025-05-07T19:24:35.835+0000] {processor.py:183} INFO - Processing /home/airflow/.local/lib/python3.8/site-packages/airflow/example_dags/example_local_kubernetes_executor.py took 0.129 seconds
[2025-05-07T19:25:06.360+0000] {processor.py:161} INFO - Started process (PID=437) to work on /home/airflow/.local/lib/python3.8/site-packages/airflow/example_dags/example_local_kubernetes_executor.py
[2025-05-07T19:25:06.362+0000] {processor.py:830} INFO - Processing file /home/airflow/.local/lib/python3.8/site-packages/airflow/example_dags/example_local_kubernetes_executor.py for tasks to queue
[2025-05-07T19:25:06.364+0000] {logging_mixin.py:188} INFO - [2025-05-07T19:25:06.364+0000] {dagbag.py:538} INFO - Filling up the DagBag from /home/airflow/.local/lib/python3.8/site-packages/airflow/example_dags/example_local_kubernetes_executor.py
[2025-05-07T19:25:06.372+0000] {processor.py:840} INFO - DAG(s) 'example_local_kubernetes_executor' retrieved from /home/airflow/.local/lib/python3.8/site-packages/airflow/example_dags/example_local_kubernetes_executor.py
[2025-05-07T19:25:06.405+0000] {logging_mixin.py:188} INFO - [2025-05-07T19:25:06.405+0000] {dag.py:3036} INFO - Sync 1 DAGs
[2025-05-07T19:25:06.419+0000] {logging_mixin.py:188} INFO - [2025-05-07T19:25:06.419+0000] {dag.py:3823} INFO - Setting next_dagrun for example_local_kubernetes_executor to None, run_after=None
[2025-05-07T19:25:06.438+0000] {processor.py:183} INFO - Processing /home/airflow/.local/lib/python3.8/site-packages/airflow/example_dags/example_local_kubernetes_executor.py took 0.081 seconds
[2025-05-07T19:25:37.224+0000] {processor.py:161} INFO - Started process (PID=493) to work on /home/airflow/.local/lib/python3.8/site-packages/airflow/example_dags/example_local_kubernetes_executor.py
[2025-05-07T19:25:37.229+0000] {processor.py:830} INFO - Processing file /home/airflow/.local/lib/python3.8/site-packages/airflow/example_dags/example_local_kubernetes_executor.py for tasks to queue
[2025-05-07T19:25:37.235+0000] {logging_mixin.py:188} INFO - [2025-05-07T19:25:37.235+0000] {dagbag.py:538} INFO - Filling up the DagBag from /home/airflow/.local/lib/python3.8/site-packages/airflow/example_dags/example_local_kubernetes_executor.py
[2025-05-07T19:25:37.249+0000] {processor.py:840} INFO - DAG(s) 'example_local_kubernetes_executor' retrieved from /home/airflow/.local/lib/python3.8/site-packages/airflow/example_dags/example_local_kubernetes_executor.py
[2025-05-07T19:25:37.286+0000] {logging_mixin.py:188} INFO - [2025-05-07T19:25:37.286+0000] {dag.py:3036} INFO - Sync 1 DAGs
[2025-05-07T19:25:37.301+0000] {logging_mixin.py:188} INFO - [2025-05-07T19:25:37.301+0000] {dag.py:3823} INFO - Setting next_dagrun for example_local_kubernetes_executor to None, run_after=None
[2025-05-07T19:25:37.327+0000] {processor.py:183} INFO - Processing /home/airflow/.local/lib/python3.8/site-packages/airflow/example_dags/example_local_kubernetes_executor.py took 0.108 seconds
[2025-05-07T19:26:07.388+0000] {processor.py:161} INFO - Started process (PID=554) to work on /home/airflow/.local/lib/python3.8/site-packages/airflow/example_dags/example_local_kubernetes_executor.py
[2025-05-07T19:26:07.389+0000] {processor.py:830} INFO - Processing file /home/airflow/.local/lib/python3.8/site-packages/airflow/example_dags/example_local_kubernetes_executor.py for tasks to queue
[2025-05-07T19:26:07.392+0000] {logging_mixin.py:188} INFO - [2025-05-07T19:26:07.392+0000] {dagbag.py:538} INFO - Filling up the DagBag from /home/airflow/.local/lib/python3.8/site-packages/airflow/example_dags/example_local_kubernetes_executor.py
[2025-05-07T19:26:07.450+0000] {processor.py:840} INFO - DAG(s) 'example_local_kubernetes_executor' retrieved from /home/airflow/.local/lib/python3.8/site-packages/airflow/example_dags/example_local_kubernetes_executor.py
[2025-05-07T19:26:07.493+0000] {logging_mixin.py:188} INFO - [2025-05-07T19:26:07.493+0000] {dag.py:3036} INFO - Sync 1 DAGs
[2025-05-07T19:26:07.508+0000] {logging_mixin.py:188} INFO - [2025-05-07T19:26:07.508+0000] {dag.py:3823} INFO - Setting next_dagrun for example_local_kubernetes_executor to None, run_after=None
[2025-05-07T19:26:07.530+0000] {processor.py:183} INFO - Processing /home/airflow/.local/lib/python3.8/site-packages/airflow/example_dags/example_local_kubernetes_executor.py took 0.147 seconds
[2025-05-07T19:26:38.210+0000] {processor.py:161} INFO - Started process (PID=618) to work on /home/airflow/.local/lib/python3.8/site-packages/airflow/example_dags/example_local_kubernetes_executor.py
[2025-05-07T19:26:38.211+0000] {processor.py:830} INFO - Processing file /home/airflow/.local/lib/python3.8/site-packages/airflow/example_dags/example_local_kubernetes_executor.py for tasks to queue
[2025-05-07T19:26:38.214+0000] {logging_mixin.py:188} INFO - [2025-05-07T19:26:38.214+0000] {dagbag.py:538} INFO - Filling up the DagBag from /home/airflow/.local/lib/python3.8/site-packages/airflow/example_dags/example_local_kubernetes_executor.py
[2025-05-07T19:26:38.225+0000] {processor.py:840} INFO - DAG(s) 'example_local_kubernetes_executor' retrieved from /home/airflow/.local/lib/python3.8/site-packages/airflow/example_dags/example_local_kubernetes_executor.py
[2025-05-07T19:26:38.261+0000] {logging_mixin.py:188} INFO - [2025-05-07T19:26:38.260+0000] {dag.py:3036} INFO - Sync 1 DAGs
[2025-05-07T19:26:38.273+0000] {logging_mixin.py:188} INFO - [2025-05-07T19:26:38.272+0000] {dag.py:3823} INFO - Setting next_dagrun for example_local_kubernetes_executor to None, run_after=None
[2025-05-07T19:26:38.292+0000] {processor.py:183} INFO - Processing /home/airflow/.local/lib/python3.8/site-packages/airflow/example_dags/example_local_kubernetes_executor.py took 0.087 seconds
[2025-05-07T19:27:08.815+0000] {processor.py:161} INFO - Started process (PID=676) to work on /home/airflow/.local/lib/python3.8/site-packages/airflow/example_dags/example_local_kubernetes_executor.py
[2025-05-07T19:27:08.817+0000] {processor.py:830} INFO - Processing file /home/airflow/.local/lib/python3.8/site-packages/airflow/example_dags/example_local_kubernetes_executor.py for tasks to queue
[2025-05-07T19:27:08.822+0000] {logging_mixin.py:188} INFO - [2025-05-07T19:27:08.821+0000] {dagbag.py:538} INFO - Filling up the DagBag from /home/airflow/.local/lib/python3.8/site-packages/airflow/example_dags/example_local_kubernetes_executor.py
[2025-05-07T19:27:08.837+0000] {processor.py:840} INFO - DAG(s) 'example_local_kubernetes_executor' retrieved from /home/airflow/.local/lib/python3.8/site-packages/airflow/example_dags/example_local_kubernetes_executor.py
[2025-05-07T19:27:08.875+0000] {logging_mixin.py:188} INFO - [2025-05-07T19:27:08.875+0000] {dag.py:3036} INFO - Sync 1 DAGs
[2025-05-07T19:27:08.889+0000] {logging_mixin.py:188} INFO - [2025-05-07T19:27:08.888+0000] {dag.py:3823} INFO - Setting next_dagrun for example_local_kubernetes_executor to None, run_after=None
[2025-05-07T19:27:08.911+0000] {processor.py:183} INFO - Processing /home/airflow/.local/lib/python3.8/site-packages/airflow/example_dags/example_local_kubernetes_executor.py took 0.102 seconds
[2025-05-07T19:27:39.513+0000] {processor.py:161} INFO - Started process (PID=733) to work on /home/airflow/.local/lib/python3.8/site-packages/airflow/example_dags/example_local_kubernetes_executor.py
[2025-05-07T19:27:39.515+0000] {processor.py:830} INFO - Processing file /home/airflow/.local/lib/python3.8/site-packages/airflow/example_dags/example_local_kubernetes_executor.py for tasks to queue
[2025-05-07T19:27:39.520+0000] {logging_mixin.py:188} INFO - [2025-05-07T19:27:39.520+0000] {dagbag.py:538} INFO - Filling up the DagBag from /home/airflow/.local/lib/python3.8/site-packages/airflow/example_dags/example_local_kubernetes_executor.py
[2025-05-07T19:27:39.528+0000] {processor.py:840} INFO - DAG(s) 'example_local_kubernetes_executor' retrieved from /home/airflow/.local/lib/python3.8/site-packages/airflow/example_dags/example_local_kubernetes_executor.py
[2025-05-07T19:27:39.561+0000] {logging_mixin.py:188} INFO - [2025-05-07T19:27:39.560+0000] {dag.py:3036} INFO - Sync 1 DAGs
[2025-05-07T19:27:39.573+0000] {logging_mixin.py:188} INFO - [2025-05-07T19:27:39.572+0000] {dag.py:3823} INFO - Setting next_dagrun for example_local_kubernetes_executor to None, run_after=None
[2025-05-07T19:27:39.597+0000] {processor.py:183} INFO - Processing /home/airflow/.local/lib/python3.8/site-packages/airflow/example_dags/example_local_kubernetes_executor.py took 0.088 seconds
[2025-05-07T19:28:10.061+0000] {processor.py:161} INFO - Started process (PID=790) to work on /home/airflow/.local/lib/python3.8/site-packages/airflow/example_dags/example_local_kubernetes_executor.py
[2025-05-07T19:28:10.062+0000] {processor.py:830} INFO - Processing file /home/airflow/.local/lib/python3.8/site-packages/airflow/example_dags/example_local_kubernetes_executor.py for tasks to queue
[2025-05-07T19:28:10.064+0000] {logging_mixin.py:188} INFO - [2025-05-07T19:28:10.063+0000] {dagbag.py:538} INFO - Filling up the DagBag from /home/airflow/.local/lib/python3.8/site-packages/airflow/example_dags/example_local_kubernetes_executor.py
[2025-05-07T19:28:10.071+0000] {processor.py:840} INFO - DAG(s) 'example_local_kubernetes_executor' retrieved from /home/airflow/.local/lib/python3.8/site-packages/airflow/example_dags/example_local_kubernetes_executor.py
[2025-05-07T19:28:10.104+0000] {logging_mixin.py:188} INFO - [2025-05-07T19:28:10.104+0000] {dag.py:3036} INFO - Sync 1 DAGs
[2025-05-07T19:28:10.115+0000] {logging_mixin.py:188} INFO - [2025-05-07T19:28:10.115+0000] {dag.py:3823} INFO - Setting next_dagrun for example_local_kubernetes_executor to None, run_after=None
[2025-05-07T19:28:10.138+0000] {processor.py:183} INFO - Processing /home/airflow/.local/lib/python3.8/site-packages/airflow/example_dags/example_local_kubernetes_executor.py took 0.080 seconds
[2025-05-07T19:28:40.512+0000] {processor.py:161} INFO - Started process (PID=847) to work on /home/airflow/.local/lib/python3.8/site-packages/airflow/example_dags/example_local_kubernetes_executor.py
[2025-05-07T19:28:40.514+0000] {processor.py:830} INFO - Processing file /home/airflow/.local/lib/python3.8/site-packages/airflow/example_dags/example_local_kubernetes_executor.py for tasks to queue
[2025-05-07T19:28:40.517+0000] {logging_mixin.py:188} INFO - [2025-05-07T19:28:40.517+0000] {dagbag.py:538} INFO - Filling up the DagBag from /home/airflow/.local/lib/python3.8/site-packages/airflow/example_dags/example_local_kubernetes_executor.py
[2025-05-07T19:28:40.528+0000] {processor.py:840} INFO - DAG(s) 'example_local_kubernetes_executor' retrieved from /home/airflow/.local/lib/python3.8/site-packages/airflow/example_dags/example_local_kubernetes_executor.py
[2025-05-07T19:28:40.566+0000] {logging_mixin.py:188} INFO - [2025-05-07T19:28:40.566+0000] {dag.py:3036} INFO - Sync 1 DAGs
[2025-05-07T19:28:40.579+0000] {logging_mixin.py:188} INFO - [2025-05-07T19:28:40.578+0000] {dag.py:3823} INFO - Setting next_dagrun for example_local_kubernetes_executor to None, run_after=None
[2025-05-07T19:28:40.601+0000] {processor.py:183} INFO - Processing /home/airflow/.local/lib/python3.8/site-packages/airflow/example_dags/example_local_kubernetes_executor.py took 0.095 seconds
[2025-05-07T19:29:11.379+0000] {processor.py:161} INFO - Started process (PID=904) to work on /home/airflow/.local/lib/python3.8/site-packages/airflow/example_dags/example_local_kubernetes_executor.py
[2025-05-07T19:29:11.388+0000] {processor.py:830} INFO - Processing file /home/airflow/.local/lib/python3.8/site-packages/airflow/example_dags/example_local_kubernetes_executor.py for tasks to queue
[2025-05-07T19:29:11.391+0000] {logging_mixin.py:188} INFO - [2025-05-07T19:29:11.390+0000] {dagbag.py:538} INFO - Filling up the DagBag from /home/airflow/.local/lib/python3.8/site-packages/airflow/example_dags/example_local_kubernetes_executor.py
[2025-05-07T19:29:11.402+0000] {processor.py:840} INFO - DAG(s) 'example_local_kubernetes_executor' retrieved from /home/airflow/.local/lib/python3.8/site-packages/airflow/example_dags/example_local_kubernetes_executor.py
[2025-05-07T19:29:11.435+0000] {logging_mixin.py:188} INFO - [2025-05-07T19:29:11.435+0000] {dag.py:3036} INFO - Sync 1 DAGs
[2025-05-07T19:29:11.447+0000] {logging_mixin.py:188} INFO - [2025-05-07T19:29:11.447+0000] {dag.py:3823} INFO - Setting next_dagrun for example_local_kubernetes_executor to None, run_after=None
[2025-05-07T19:29:11.466+0000] {processor.py:183} INFO - Processing /home/airflow/.local/lib/python3.8/site-packages/airflow/example_dags/example_local_kubernetes_executor.py took 0.093 seconds
[2025-05-07T19:29:41.721+0000] {processor.py:161} INFO - Started process (PID=961) to work on /home/airflow/.local/lib/python3.8/site-packages/airflow/example_dags/example_local_kubernetes_executor.py
[2025-05-07T19:29:41.722+0000] {processor.py:830} INFO - Processing file /home/airflow/.local/lib/python3.8/site-packages/airflow/example_dags/example_local_kubernetes_executor.py for tasks to queue
[2025-05-07T19:29:41.724+0000] {logging_mixin.py:188} INFO - [2025-05-07T19:29:41.724+0000] {dagbag.py:538} INFO - Filling up the DagBag from /home/airflow/.local/lib/python3.8/site-packages/airflow/example_dags/example_local_kubernetes_executor.py
[2025-05-07T19:29:41.733+0000] {processor.py:840} INFO - DAG(s) 'example_local_kubernetes_executor' retrieved from /home/airflow/.local/lib/python3.8/site-packages/airflow/example_dags/example_local_kubernetes_executor.py
[2025-05-07T19:29:41.771+0000] {logging_mixin.py:188} INFO - [2025-05-07T19:29:41.771+0000] {dag.py:3036} INFO - Sync 1 DAGs
[2025-05-07T19:29:41.789+0000] {logging_mixin.py:188} INFO - [2025-05-07T19:29:41.788+0000] {dag.py:3823} INFO - Setting next_dagrun for example_local_kubernetes_executor to None, run_after=None
[2025-05-07T19:29:41.813+0000] {processor.py:183} INFO - Processing /home/airflow/.local/lib/python3.8/site-packages/airflow/example_dags/example_local_kubernetes_executor.py took 0.095 seconds
[2025-05-07T19:33:16.584+0000] {processor.py:161} INFO - Started process (PID=71) to work on /home/airflow/.local/lib/python3.8/site-packages/airflow/example_dags/example_local_kubernetes_executor.py
[2025-05-07T19:33:16.587+0000] {processor.py:830} INFO - Processing file /home/airflow/.local/lib/python3.8/site-packages/airflow/example_dags/example_local_kubernetes_executor.py for tasks to queue
[2025-05-07T19:33:16.590+0000] {logging_mixin.py:188} INFO - [2025-05-07T19:33:16.589+0000] {dagbag.py:538} INFO - Filling up the DagBag from /home/airflow/.local/lib/python3.8/site-packages/airflow/example_dags/example_local_kubernetes_executor.py
[2025-05-07T19:33:16.602+0000] {processor.py:840} INFO - DAG(s) 'example_local_kubernetes_executor' retrieved from /home/airflow/.local/lib/python3.8/site-packages/airflow/example_dags/example_local_kubernetes_executor.py
[2025-05-07T19:33:16.616+0000] {logging_mixin.py:188} INFO - [2025-05-07T19:33:16.615+0000] {dag.py:3036} INFO - Sync 1 DAGs
[2025-05-07T19:33:16.632+0000] {logging_mixin.py:188} INFO - [2025-05-07T19:33:16.631+0000] {dag.py:3823} INFO - Setting next_dagrun for example_local_kubernetes_executor to None, run_after=None
[2025-05-07T19:33:16.657+0000] {processor.py:183} INFO - Processing /home/airflow/.local/lib/python3.8/site-packages/airflow/example_dags/example_local_kubernetes_executor.py took 0.076 seconds
[2025-05-07T19:33:48.146+0000] {processor.py:161} INFO - Started process (PID=135) to work on /home/airflow/.local/lib/python3.8/site-packages/airflow/example_dags/example_local_kubernetes_executor.py
[2025-05-07T19:33:48.149+0000] {processor.py:830} INFO - Processing file /home/airflow/.local/lib/python3.8/site-packages/airflow/example_dags/example_local_kubernetes_executor.py for tasks to queue
[2025-05-07T19:33:48.152+0000] {logging_mixin.py:188} INFO - [2025-05-07T19:33:48.152+0000] {dagbag.py:538} INFO - Filling up the DagBag from /home/airflow/.local/lib/python3.8/site-packages/airflow/example_dags/example_local_kubernetes_executor.py
[2025-05-07T19:33:48.169+0000] {processor.py:840} INFO - DAG(s) 'example_local_kubernetes_executor' retrieved from /home/airflow/.local/lib/python3.8/site-packages/airflow/example_dags/example_local_kubernetes_executor.py
[2025-05-07T19:33:48.339+0000] {logging_mixin.py:188} INFO - [2025-05-07T19:33:48.339+0000] {dag.py:3036} INFO - Sync 1 DAGs
[2025-05-07T19:33:48.357+0000] {logging_mixin.py:188} INFO - [2025-05-07T19:33:48.357+0000] {dag.py:3823} INFO - Setting next_dagrun for example_local_kubernetes_executor to None, run_after=None
[2025-05-07T19:33:48.389+0000] {processor.py:183} INFO - Processing /home/airflow/.local/lib/python3.8/site-packages/airflow/example_dags/example_local_kubernetes_executor.py took 0.248 seconds
[2025-05-07T19:34:19.314+0000] {processor.py:161} INFO - Started process (PID=192) to work on /home/airflow/.local/lib/python3.8/site-packages/airflow/example_dags/example_local_kubernetes_executor.py
[2025-05-07T19:34:19.315+0000] {processor.py:830} INFO - Processing file /home/airflow/.local/lib/python3.8/site-packages/airflow/example_dags/example_local_kubernetes_executor.py for tasks to queue
[2025-05-07T19:34:19.317+0000] {logging_mixin.py:188} INFO - [2025-05-07T19:34:19.317+0000] {dagbag.py:538} INFO - Filling up the DagBag from /home/airflow/.local/lib/python3.8/site-packages/airflow/example_dags/example_local_kubernetes_executor.py
[2025-05-07T19:34:19.324+0000] {processor.py:840} INFO - DAG(s) 'example_local_kubernetes_executor' retrieved from /home/airflow/.local/lib/python3.8/site-packages/airflow/example_dags/example_local_kubernetes_executor.py
[2025-05-07T19:34:19.355+0000] {logging_mixin.py:188} INFO - [2025-05-07T19:34:19.354+0000] {dag.py:3036} INFO - Sync 1 DAGs
[2025-05-07T19:34:19.367+0000] {logging_mixin.py:188} INFO - [2025-05-07T19:34:19.367+0000] {dag.py:3823} INFO - Setting next_dagrun for example_local_kubernetes_executor to None, run_after=None
[2025-05-07T19:34:19.386+0000] {processor.py:183} INFO - Processing /home/airflow/.local/lib/python3.8/site-packages/airflow/example_dags/example_local_kubernetes_executor.py took 0.075 seconds
[2025-05-07T19:34:49.913+0000] {processor.py:161} INFO - Started process (PID=249) to work on /home/airflow/.local/lib/python3.8/site-packages/airflow/example_dags/example_local_kubernetes_executor.py
[2025-05-07T19:34:49.915+0000] {processor.py:830} INFO - Processing file /home/airflow/.local/lib/python3.8/site-packages/airflow/example_dags/example_local_kubernetes_executor.py for tasks to queue
[2025-05-07T19:34:49.917+0000] {logging_mixin.py:188} INFO - [2025-05-07T19:34:49.917+0000] {dagbag.py:538} INFO - Filling up the DagBag from /home/airflow/.local/lib/python3.8/site-packages/airflow/example_dags/example_local_kubernetes_executor.py
[2025-05-07T19:34:49.927+0000] {processor.py:840} INFO - DAG(s) 'example_local_kubernetes_executor' retrieved from /home/airflow/.local/lib/python3.8/site-packages/airflow/example_dags/example_local_kubernetes_executor.py
[2025-05-07T19:34:49.965+0000] {logging_mixin.py:188} INFO - [2025-05-07T19:34:49.965+0000] {dag.py:3036} INFO - Sync 1 DAGs
[2025-05-07T19:34:49.978+0000] {logging_mixin.py:188} INFO - [2025-05-07T19:34:49.977+0000] {dag.py:3823} INFO - Setting next_dagrun for example_local_kubernetes_executor to None, run_after=None
[2025-05-07T19:34:50.001+0000] {processor.py:183} INFO - Processing /home/airflow/.local/lib/python3.8/site-packages/airflow/example_dags/example_local_kubernetes_executor.py took 0.093 seconds
[2025-05-07T19:35:20.627+0000] {processor.py:161} INFO - Started process (PID=306) to work on /home/airflow/.local/lib/python3.8/site-packages/airflow/example_dags/example_local_kubernetes_executor.py
[2025-05-07T19:35:20.631+0000] {processor.py:830} INFO - Processing file /home/airflow/.local/lib/python3.8/site-packages/airflow/example_dags/example_local_kubernetes_executor.py for tasks to queue
[2025-05-07T19:35:20.637+0000] {logging_mixin.py:188} INFO - [2025-05-07T19:35:20.636+0000] {dagbag.py:538} INFO - Filling up the DagBag from /home/airflow/.local/lib/python3.8/site-packages/airflow/example_dags/example_local_kubernetes_executor.py
[2025-05-07T19:35:20.651+0000] {processor.py:840} INFO - DAG(s) 'example_local_kubernetes_executor' retrieved from /home/airflow/.local/lib/python3.8/site-packages/airflow/example_dags/example_local_kubernetes_executor.py
[2025-05-07T19:35:20.690+0000] {logging_mixin.py:188} INFO - [2025-05-07T19:35:20.690+0000] {dag.py:3036} INFO - Sync 1 DAGs
[2025-05-07T19:35:20.708+0000] {logging_mixin.py:188} INFO - [2025-05-07T19:35:20.707+0000] {dag.py:3823} INFO - Setting next_dagrun for example_local_kubernetes_executor to None, run_after=None
[2025-05-07T19:35:20.735+0000] {processor.py:183} INFO - Processing /home/airflow/.local/lib/python3.8/site-packages/airflow/example_dags/example_local_kubernetes_executor.py took 0.118 seconds
[2025-05-07T19:35:51.017+0000] {processor.py:161} INFO - Started process (PID=363) to work on /home/airflow/.local/lib/python3.8/site-packages/airflow/example_dags/example_local_kubernetes_executor.py
[2025-05-07T19:35:51.019+0000] {processor.py:830} INFO - Processing file /home/airflow/.local/lib/python3.8/site-packages/airflow/example_dags/example_local_kubernetes_executor.py for tasks to queue
[2025-05-07T19:35:51.020+0000] {logging_mixin.py:188} INFO - [2025-05-07T19:35:51.020+0000] {dagbag.py:538} INFO - Filling up the DagBag from /home/airflow/.local/lib/python3.8/site-packages/airflow/example_dags/example_local_kubernetes_executor.py
[2025-05-07T19:35:51.027+0000] {processor.py:840} INFO - DAG(s) 'example_local_kubernetes_executor' retrieved from /home/airflow/.local/lib/python3.8/site-packages/airflow/example_dags/example_local_kubernetes_executor.py
[2025-05-07T19:35:51.057+0000] {logging_mixin.py:188} INFO - [2025-05-07T19:35:51.057+0000] {dag.py:3036} INFO - Sync 1 DAGs
[2025-05-07T19:35:51.069+0000] {logging_mixin.py:188} INFO - [2025-05-07T19:35:51.069+0000] {dag.py:3823} INFO - Setting next_dagrun for example_local_kubernetes_executor to None, run_after=None
[2025-05-07T19:35:51.091+0000] {processor.py:183} INFO - Processing /home/airflow/.local/lib/python3.8/site-packages/airflow/example_dags/example_local_kubernetes_executor.py took 0.076 seconds
[2025-05-07T19:36:21.593+0000] {processor.py:161} INFO - Started process (PID=420) to work on /home/airflow/.local/lib/python3.8/site-packages/airflow/example_dags/example_local_kubernetes_executor.py
[2025-05-07T19:36:21.594+0000] {processor.py:830} INFO - Processing file /home/airflow/.local/lib/python3.8/site-packages/airflow/example_dags/example_local_kubernetes_executor.py for tasks to queue
[2025-05-07T19:36:21.596+0000] {logging_mixin.py:188} INFO - [2025-05-07T19:36:21.596+0000] {dagbag.py:538} INFO - Filling up the DagBag from /home/airflow/.local/lib/python3.8/site-packages/airflow/example_dags/example_local_kubernetes_executor.py
[2025-05-07T19:36:21.604+0000] {processor.py:840} INFO - DAG(s) 'example_local_kubernetes_executor' retrieved from /home/airflow/.local/lib/python3.8/site-packages/airflow/example_dags/example_local_kubernetes_executor.py
[2025-05-07T19:36:21.635+0000] {logging_mixin.py:188} INFO - [2025-05-07T19:36:21.635+0000] {dag.py:3036} INFO - Sync 1 DAGs
[2025-05-07T19:36:21.647+0000] {logging_mixin.py:188} INFO - [2025-05-07T19:36:21.647+0000] {dag.py:3823} INFO - Setting next_dagrun for example_local_kubernetes_executor to None, run_after=None
[2025-05-07T19:36:21.667+0000] {processor.py:183} INFO - Processing /home/airflow/.local/lib/python3.8/site-packages/airflow/example_dags/example_local_kubernetes_executor.py took 0.078 seconds
[2025-05-07T19:36:52.120+0000] {processor.py:161} INFO - Started process (PID=477) to work on /home/airflow/.local/lib/python3.8/site-packages/airflow/example_dags/example_local_kubernetes_executor.py
[2025-05-07T19:36:52.122+0000] {processor.py:830} INFO - Processing file /home/airflow/.local/lib/python3.8/site-packages/airflow/example_dags/example_local_kubernetes_executor.py for tasks to queue
[2025-05-07T19:36:52.124+0000] {logging_mixin.py:188} INFO - [2025-05-07T19:36:52.124+0000] {dagbag.py:538} INFO - Filling up the DagBag from /home/airflow/.local/lib/python3.8/site-packages/airflow/example_dags/example_local_kubernetes_executor.py
[2025-05-07T19:36:52.132+0000] {processor.py:840} INFO - DAG(s) 'example_local_kubernetes_executor' retrieved from /home/airflow/.local/lib/python3.8/site-packages/airflow/example_dags/example_local_kubernetes_executor.py
[2025-05-07T19:36:52.167+0000] {logging_mixin.py:188} INFO - [2025-05-07T19:36:52.167+0000] {dag.py:3036} INFO - Sync 1 DAGs
[2025-05-07T19:36:52.181+0000] {logging_mixin.py:188} INFO - [2025-05-07T19:36:52.181+0000] {dag.py:3823} INFO - Setting next_dagrun for example_local_kubernetes_executor to None, run_after=None
[2025-05-07T19:36:52.209+0000] {processor.py:183} INFO - Processing /home/airflow/.local/lib/python3.8/site-packages/airflow/example_dags/example_local_kubernetes_executor.py took 0.093 seconds
[2025-05-07T19:37:23.096+0000] {processor.py:161} INFO - Started process (PID=534) to work on /home/airflow/.local/lib/python3.8/site-packages/airflow/example_dags/example_local_kubernetes_executor.py
[2025-05-07T19:37:23.099+0000] {processor.py:830} INFO - Processing file /home/airflow/.local/lib/python3.8/site-packages/airflow/example_dags/example_local_kubernetes_executor.py for tasks to queue
[2025-05-07T19:37:23.103+0000] {logging_mixin.py:188} INFO - [2025-05-07T19:37:23.102+0000] {dagbag.py:538} INFO - Filling up the DagBag from /home/airflow/.local/lib/python3.8/site-packages/airflow/example_dags/example_local_kubernetes_executor.py
[2025-05-07T19:37:23.113+0000] {processor.py:840} INFO - DAG(s) 'example_local_kubernetes_executor' retrieved from /home/airflow/.local/lib/python3.8/site-packages/airflow/example_dags/example_local_kubernetes_executor.py
[2025-05-07T19:37:23.146+0000] {logging_mixin.py:188} INFO - [2025-05-07T19:37:23.146+0000] {dag.py:3036} INFO - Sync 1 DAGs
[2025-05-07T19:37:23.157+0000] {logging_mixin.py:188} INFO - [2025-05-07T19:37:23.157+0000] {dag.py:3823} INFO - Setting next_dagrun for example_local_kubernetes_executor to None, run_after=None
[2025-05-07T19:37:23.179+0000] {processor.py:183} INFO - Processing /home/airflow/.local/lib/python3.8/site-packages/airflow/example_dags/example_local_kubernetes_executor.py took 0.090 seconds
[2025-05-07T19:37:53.533+0000] {processor.py:161} INFO - Started process (PID=591) to work on /home/airflow/.local/lib/python3.8/site-packages/airflow/example_dags/example_local_kubernetes_executor.py
[2025-05-07T19:37:53.537+0000] {processor.py:830} INFO - Processing file /home/airflow/.local/lib/python3.8/site-packages/airflow/example_dags/example_local_kubernetes_executor.py for tasks to queue
[2025-05-07T19:37:53.542+0000] {logging_mixin.py:188} INFO - [2025-05-07T19:37:53.541+0000] {dagbag.py:538} INFO - Filling up the DagBag from /home/airflow/.local/lib/python3.8/site-packages/airflow/example_dags/example_local_kubernetes_executor.py
[2025-05-07T19:37:53.551+0000] {processor.py:840} INFO - DAG(s) 'example_local_kubernetes_executor' retrieved from /home/airflow/.local/lib/python3.8/site-packages/airflow/example_dags/example_local_kubernetes_executor.py
[2025-05-07T19:37:53.586+0000] {logging_mixin.py:188} INFO - [2025-05-07T19:37:53.586+0000] {dag.py:3036} INFO - Sync 1 DAGs
[2025-05-07T19:37:53.598+0000] {logging_mixin.py:188} INFO - [2025-05-07T19:37:53.598+0000] {dag.py:3823} INFO - Setting next_dagrun for example_local_kubernetes_executor to None, run_after=None
[2025-05-07T19:37:53.619+0000] {processor.py:183} INFO - Processing /home/airflow/.local/lib/python3.8/site-packages/airflow/example_dags/example_local_kubernetes_executor.py took 0.091 seconds
[2025-05-07T19:38:24.260+0000] {processor.py:161} INFO - Started process (PID=648) to work on /home/airflow/.local/lib/python3.8/site-packages/airflow/example_dags/example_local_kubernetes_executor.py
[2025-05-07T19:38:24.261+0000] {processor.py:830} INFO - Processing file /home/airflow/.local/lib/python3.8/site-packages/airflow/example_dags/example_local_kubernetes_executor.py for tasks to queue
[2025-05-07T19:38:24.263+0000] {logging_mixin.py:188} INFO - [2025-05-07T19:38:24.263+0000] {dagbag.py:538} INFO - Filling up the DagBag from /home/airflow/.local/lib/python3.8/site-packages/airflow/example_dags/example_local_kubernetes_executor.py
[2025-05-07T19:38:24.274+0000] {processor.py:840} INFO - DAG(s) 'example_local_kubernetes_executor' retrieved from /home/airflow/.local/lib/python3.8/site-packages/airflow/example_dags/example_local_kubernetes_executor.py
[2025-05-07T19:38:24.314+0000] {logging_mixin.py:188} INFO - [2025-05-07T19:38:24.314+0000] {dag.py:3036} INFO - Sync 1 DAGs
[2025-05-07T19:38:24.325+0000] {logging_mixin.py:188} INFO - [2025-05-07T19:38:24.325+0000] {dag.py:3823} INFO - Setting next_dagrun for example_local_kubernetes_executor to None, run_after=None
[2025-05-07T19:38:24.346+0000] {processor.py:183} INFO - Processing /home/airflow/.local/lib/python3.8/site-packages/airflow/example_dags/example_local_kubernetes_executor.py took 0.091 seconds
[2025-05-07T19:38:54.951+0000] {processor.py:161} INFO - Started process (PID=705) to work on /home/airflow/.local/lib/python3.8/site-packages/airflow/example_dags/example_local_kubernetes_executor.py
[2025-05-07T19:38:54.955+0000] {processor.py:830} INFO - Processing file /home/airflow/.local/lib/python3.8/site-packages/airflow/example_dags/example_local_kubernetes_executor.py for tasks to queue
[2025-05-07T19:38:54.959+0000] {logging_mixin.py:188} INFO - [2025-05-07T19:38:54.959+0000] {dagbag.py:538} INFO - Filling up the DagBag from /home/airflow/.local/lib/python3.8/site-packages/airflow/example_dags/example_local_kubernetes_executor.py
[2025-05-07T19:38:54.973+0000] {processor.py:840} INFO - DAG(s) 'example_local_kubernetes_executor' retrieved from /home/airflow/.local/lib/python3.8/site-packages/airflow/example_dags/example_local_kubernetes_executor.py
[2025-05-07T19:38:55.013+0000] {logging_mixin.py:188} INFO - [2025-05-07T19:38:55.012+0000] {dag.py:3036} INFO - Sync 1 DAGs
[2025-05-07T19:38:55.025+0000] {logging_mixin.py:188} INFO - [2025-05-07T19:38:55.025+0000] {dag.py:3823} INFO - Setting next_dagrun for example_local_kubernetes_executor to None, run_after=None
[2025-05-07T19:38:55.046+0000] {processor.py:183} INFO - Processing /home/airflow/.local/lib/python3.8/site-packages/airflow/example_dags/example_local_kubernetes_executor.py took 0.101 seconds
[2025-05-07T19:39:25.269+0000] {processor.py:161} INFO - Started process (PID=762) to work on /home/airflow/.local/lib/python3.8/site-packages/airflow/example_dags/example_local_kubernetes_executor.py
[2025-05-07T19:39:25.271+0000] {processor.py:830} INFO - Processing file /home/airflow/.local/lib/python3.8/site-packages/airflow/example_dags/example_local_kubernetes_executor.py for tasks to queue
[2025-05-07T19:39:25.273+0000] {logging_mixin.py:188} INFO - [2025-05-07T19:39:25.273+0000] {dagbag.py:538} INFO - Filling up the DagBag from /home/airflow/.local/lib/python3.8/site-packages/airflow/example_dags/example_local_kubernetes_executor.py
[2025-05-07T19:39:25.283+0000] {processor.py:840} INFO - DAG(s) 'example_local_kubernetes_executor' retrieved from /home/airflow/.local/lib/python3.8/site-packages/airflow/example_dags/example_local_kubernetes_executor.py
[2025-05-07T19:39:25.316+0000] {logging_mixin.py:188} INFO - [2025-05-07T19:39:25.316+0000] {dag.py:3036} INFO - Sync 1 DAGs
[2025-05-07T19:39:25.329+0000] {logging_mixin.py:188} INFO - [2025-05-07T19:39:25.328+0000] {dag.py:3823} INFO - Setting next_dagrun for example_local_kubernetes_executor to None, run_after=None
[2025-05-07T19:39:25.358+0000] {processor.py:183} INFO - Processing /home/airflow/.local/lib/python3.8/site-packages/airflow/example_dags/example_local_kubernetes_executor.py took 0.092 seconds
[2025-05-07T19:39:55.601+0000] {processor.py:161} INFO - Started process (PID=819) to work on /home/airflow/.local/lib/python3.8/site-packages/airflow/example_dags/example_local_kubernetes_executor.py
[2025-05-07T19:39:55.604+0000] {processor.py:830} INFO - Processing file /home/airflow/.local/lib/python3.8/site-packages/airflow/example_dags/example_local_kubernetes_executor.py for tasks to queue
[2025-05-07T19:39:55.607+0000] {logging_mixin.py:188} INFO - [2025-05-07T19:39:55.607+0000] {dagbag.py:538} INFO - Filling up the DagBag from /home/airflow/.local/lib/python3.8/site-packages/airflow/example_dags/example_local_kubernetes_executor.py
[2025-05-07T19:39:55.619+0000] {processor.py:840} INFO - DAG(s) 'example_local_kubernetes_executor' retrieved from /home/airflow/.local/lib/python3.8/site-packages/airflow/example_dags/example_local_kubernetes_executor.py
[2025-05-07T19:39:55.655+0000] {logging_mixin.py:188} INFO - [2025-05-07T19:39:55.655+0000] {dag.py:3036} INFO - Sync 1 DAGs
[2025-05-07T19:39:55.668+0000] {logging_mixin.py:188} INFO - [2025-05-07T19:39:55.667+0000] {dag.py:3823} INFO - Setting next_dagrun for example_local_kubernetes_executor to None, run_after=None
[2025-05-07T19:39:55.690+0000] {processor.py:183} INFO - Processing /home/airflow/.local/lib/python3.8/site-packages/airflow/example_dags/example_local_kubernetes_executor.py took 0.092 seconds
[2025-05-07T19:40:25.970+0000] {processor.py:161} INFO - Started process (PID=876) to work on /home/airflow/.local/lib/python3.8/site-packages/airflow/example_dags/example_local_kubernetes_executor.py
[2025-05-07T19:40:25.972+0000] {processor.py:830} INFO - Processing file /home/airflow/.local/lib/python3.8/site-packages/airflow/example_dags/example_local_kubernetes_executor.py for tasks to queue
[2025-05-07T19:40:25.975+0000] {logging_mixin.py:188} INFO - [2025-05-07T19:40:25.974+0000] {dagbag.py:538} INFO - Filling up the DagBag from /home/airflow/.local/lib/python3.8/site-packages/airflow/example_dags/example_local_kubernetes_executor.py
[2025-05-07T19:40:25.985+0000] {processor.py:840} INFO - DAG(s) 'example_local_kubernetes_executor' retrieved from /home/airflow/.local/lib/python3.8/site-packages/airflow/example_dags/example_local_kubernetes_executor.py
[2025-05-07T19:40:26.023+0000] {logging_mixin.py:188} INFO - [2025-05-07T19:40:26.023+0000] {dag.py:3036} INFO - Sync 1 DAGs
[2025-05-07T19:40:26.038+0000] {logging_mixin.py:188} INFO - [2025-05-07T19:40:26.038+0000] {dag.py:3823} INFO - Setting next_dagrun for example_local_kubernetes_executor to None, run_after=None
[2025-05-07T19:40:26.063+0000] {processor.py:183} INFO - Processing /home/airflow/.local/lib/python3.8/site-packages/airflow/example_dags/example_local_kubernetes_executor.py took 0.097 seconds
[2025-05-07T19:40:56.856+0000] {processor.py:161} INFO - Started process (PID=933) to work on /home/airflow/.local/lib/python3.8/site-packages/airflow/example_dags/example_local_kubernetes_executor.py
[2025-05-07T19:40:56.859+0000] {processor.py:830} INFO - Processing file /home/airflow/.local/lib/python3.8/site-packages/airflow/example_dags/example_local_kubernetes_executor.py for tasks to queue
[2025-05-07T19:40:56.866+0000] {logging_mixin.py:188} INFO - [2025-05-07T19:40:56.865+0000] {dagbag.py:538} INFO - Filling up the DagBag from /home/airflow/.local/lib/python3.8/site-packages/airflow/example_dags/example_local_kubernetes_executor.py
[2025-05-07T19:40:56.890+0000] {processor.py:840} INFO - DAG(s) 'example_local_kubernetes_executor' retrieved from /home/airflow/.local/lib/python3.8/site-packages/airflow/example_dags/example_local_kubernetes_executor.py
[2025-05-07T19:40:56.941+0000] {logging_mixin.py:188} INFO - [2025-05-07T19:40:56.941+0000] {dag.py:3036} INFO - Sync 1 DAGs
[2025-05-07T19:40:56.953+0000] {logging_mixin.py:188} INFO - [2025-05-07T19:40:56.953+0000] {dag.py:3823} INFO - Setting next_dagrun for example_local_kubernetes_executor to None, run_after=None
[2025-05-07T19:40:56.972+0000] {processor.py:183} INFO - Processing /home/airflow/.local/lib/python3.8/site-packages/airflow/example_dags/example_local_kubernetes_executor.py took 0.119 seconds
[2025-05-07T19:41:27.190+0000] {processor.py:161} INFO - Started process (PID=990) to work on /home/airflow/.local/lib/python3.8/site-packages/airflow/example_dags/example_local_kubernetes_executor.py
[2025-05-07T19:41:27.192+0000] {processor.py:830} INFO - Processing file /home/airflow/.local/lib/python3.8/site-packages/airflow/example_dags/example_local_kubernetes_executor.py for tasks to queue
[2025-05-07T19:41:27.194+0000] {logging_mixin.py:188} INFO - [2025-05-07T19:41:27.193+0000] {dagbag.py:538} INFO - Filling up the DagBag from /home/airflow/.local/lib/python3.8/site-packages/airflow/example_dags/example_local_kubernetes_executor.py
[2025-05-07T19:41:27.201+0000] {processor.py:840} INFO - DAG(s) 'example_local_kubernetes_executor' retrieved from /home/airflow/.local/lib/python3.8/site-packages/airflow/example_dags/example_local_kubernetes_executor.py
[2025-05-07T19:41:27.231+0000] {logging_mixin.py:188} INFO - [2025-05-07T19:41:27.231+0000] {dag.py:3036} INFO - Sync 1 DAGs
[2025-05-07T19:41:27.242+0000] {logging_mixin.py:188} INFO - [2025-05-07T19:41:27.242+0000] {dag.py:3823} INFO - Setting next_dagrun for example_local_kubernetes_executor to None, run_after=None
[2025-05-07T19:41:27.262+0000] {processor.py:183} INFO - Processing /home/airflow/.local/lib/python3.8/site-packages/airflow/example_dags/example_local_kubernetes_executor.py took 0.074 seconds
[2025-05-07T19:41:57.700+0000] {processor.py:161} INFO - Started process (PID=1047) to work on /home/airflow/.local/lib/python3.8/site-packages/airflow/example_dags/example_local_kubernetes_executor.py
[2025-05-07T19:41:57.701+0000] {processor.py:830} INFO - Processing file /home/airflow/.local/lib/python3.8/site-packages/airflow/example_dags/example_local_kubernetes_executor.py for tasks to queue
[2025-05-07T19:41:57.704+0000] {logging_mixin.py:188} INFO - [2025-05-07T19:41:57.703+0000] {dagbag.py:538} INFO - Filling up the DagBag from /home/airflow/.local/lib/python3.8/site-packages/airflow/example_dags/example_local_kubernetes_executor.py
[2025-05-07T19:41:57.712+0000] {processor.py:840} INFO - DAG(s) 'example_local_kubernetes_executor' retrieved from /home/airflow/.local/lib/python3.8/site-packages/airflow/example_dags/example_local_kubernetes_executor.py
[2025-05-07T19:41:57.746+0000] {logging_mixin.py:188} INFO - [2025-05-07T19:41:57.746+0000] {dag.py:3036} INFO - Sync 1 DAGs
[2025-05-07T19:41:57.763+0000] {logging_mixin.py:188} INFO - [2025-05-07T19:41:57.763+0000] {dag.py:3823} INFO - Setting next_dagrun for example_local_kubernetes_executor to None, run_after=None
[2025-05-07T19:41:57.789+0000] {processor.py:183} INFO - Processing /home/airflow/.local/lib/python3.8/site-packages/airflow/example_dags/example_local_kubernetes_executor.py took 0.092 seconds
[2025-05-07T19:42:28.535+0000] {processor.py:161} INFO - Started process (PID=1104) to work on /home/airflow/.local/lib/python3.8/site-packages/airflow/example_dags/example_local_kubernetes_executor.py
[2025-05-07T19:42:28.538+0000] {processor.py:830} INFO - Processing file /home/airflow/.local/lib/python3.8/site-packages/airflow/example_dags/example_local_kubernetes_executor.py for tasks to queue
[2025-05-07T19:42:28.545+0000] {logging_mixin.py:188} INFO - [2025-05-07T19:42:28.545+0000] {dagbag.py:538} INFO - Filling up the DagBag from /home/airflow/.local/lib/python3.8/site-packages/airflow/example_dags/example_local_kubernetes_executor.py
[2025-05-07T19:42:28.553+0000] {processor.py:840} INFO - DAG(s) 'example_local_kubernetes_executor' retrieved from /home/airflow/.local/lib/python3.8/site-packages/airflow/example_dags/example_local_kubernetes_executor.py
[2025-05-07T19:42:28.587+0000] {logging_mixin.py:188} INFO - [2025-05-07T19:42:28.587+0000] {dag.py:3036} INFO - Sync 1 DAGs
[2025-05-07T19:42:28.599+0000] {logging_mixin.py:188} INFO - [2025-05-07T19:42:28.599+0000] {dag.py:3823} INFO - Setting next_dagrun for example_local_kubernetes_executor to None, run_after=None
[2025-05-07T19:42:28.619+0000] {processor.py:183} INFO - Processing /home/airflow/.local/lib/python3.8/site-packages/airflow/example_dags/example_local_kubernetes_executor.py took 0.087 seconds
[2025-05-07T19:42:59.203+0000] {processor.py:161} INFO - Started process (PID=1161) to work on /home/airflow/.local/lib/python3.8/site-packages/airflow/example_dags/example_local_kubernetes_executor.py
[2025-05-07T19:42:59.204+0000] {processor.py:830} INFO - Processing file /home/airflow/.local/lib/python3.8/site-packages/airflow/example_dags/example_local_kubernetes_executor.py for tasks to queue
[2025-05-07T19:42:59.207+0000] {logging_mixin.py:188} INFO - [2025-05-07T19:42:59.206+0000] {dagbag.py:538} INFO - Filling up the DagBag from /home/airflow/.local/lib/python3.8/site-packages/airflow/example_dags/example_local_kubernetes_executor.py
[2025-05-07T19:42:59.216+0000] {processor.py:840} INFO - DAG(s) 'example_local_kubernetes_executor' retrieved from /home/airflow/.local/lib/python3.8/site-packages/airflow/example_dags/example_local_kubernetes_executor.py
[2025-05-07T19:42:59.253+0000] {logging_mixin.py:188} INFO - [2025-05-07T19:42:59.253+0000] {dag.py:3036} INFO - Sync 1 DAGs
[2025-05-07T19:42:59.266+0000] {logging_mixin.py:188} INFO - [2025-05-07T19:42:59.266+0000] {dag.py:3823} INFO - Setting next_dagrun for example_local_kubernetes_executor to None, run_after=None
[2025-05-07T19:42:59.291+0000] {processor.py:183} INFO - Processing /home/airflow/.local/lib/python3.8/site-packages/airflow/example_dags/example_local_kubernetes_executor.py took 0.092 seconds
[2025-05-07T19:43:29.406+0000] {processor.py:161} INFO - Started process (PID=1218) to work on /home/airflow/.local/lib/python3.8/site-packages/airflow/example_dags/example_local_kubernetes_executor.py
[2025-05-07T19:43:29.407+0000] {processor.py:830} INFO - Processing file /home/airflow/.local/lib/python3.8/site-packages/airflow/example_dags/example_local_kubernetes_executor.py for tasks to queue
[2025-05-07T19:43:29.409+0000] {logging_mixin.py:188} INFO - [2025-05-07T19:43:29.409+0000] {dagbag.py:538} INFO - Filling up the DagBag from /home/airflow/.local/lib/python3.8/site-packages/airflow/example_dags/example_local_kubernetes_executor.py
[2025-05-07T19:43:29.417+0000] {processor.py:840} INFO - DAG(s) 'example_local_kubernetes_executor' retrieved from /home/airflow/.local/lib/python3.8/site-packages/airflow/example_dags/example_local_kubernetes_executor.py
[2025-05-07T19:43:29.448+0000] {logging_mixin.py:188} INFO - [2025-05-07T19:43:29.448+0000] {dag.py:3036} INFO - Sync 1 DAGs
[2025-05-07T19:43:29.461+0000] {logging_mixin.py:188} INFO - [2025-05-07T19:43:29.460+0000] {dag.py:3823} INFO - Setting next_dagrun for example_local_kubernetes_executor to None, run_after=None
[2025-05-07T19:43:29.481+0000] {processor.py:183} INFO - Processing /home/airflow/.local/lib/python3.8/site-packages/airflow/example_dags/example_local_kubernetes_executor.py took 0.078 seconds
[2025-05-07T19:43:59.768+0000] {processor.py:161} INFO - Started process (PID=1275) to work on /home/airflow/.local/lib/python3.8/site-packages/airflow/example_dags/example_local_kubernetes_executor.py
[2025-05-07T19:43:59.772+0000] {processor.py:830} INFO - Processing file /home/airflow/.local/lib/python3.8/site-packages/airflow/example_dags/example_local_kubernetes_executor.py for tasks to queue
[2025-05-07T19:43:59.778+0000] {logging_mixin.py:188} INFO - [2025-05-07T19:43:59.777+0000] {dagbag.py:538} INFO - Filling up the DagBag from /home/airflow/.local/lib/python3.8/site-packages/airflow/example_dags/example_local_kubernetes_executor.py
[2025-05-07T19:43:59.791+0000] {processor.py:840} INFO - DAG(s) 'example_local_kubernetes_executor' retrieved from /home/airflow/.local/lib/python3.8/site-packages/airflow/example_dags/example_local_kubernetes_executor.py
[2025-05-07T19:43:59.839+0000] {logging_mixin.py:188} INFO - [2025-05-07T19:43:59.838+0000] {dag.py:3036} INFO - Sync 1 DAGs
[2025-05-07T19:43:59.853+0000] {logging_mixin.py:188} INFO - [2025-05-07T19:43:59.853+0000] {dag.py:3823} INFO - Setting next_dagrun for example_local_kubernetes_executor to None, run_after=None
[2025-05-07T19:43:59.879+0000] {processor.py:183} INFO - Processing /home/airflow/.local/lib/python3.8/site-packages/airflow/example_dags/example_local_kubernetes_executor.py took 0.119 seconds
[2025-05-07T19:44:30.172+0000] {processor.py:161} INFO - Started process (PID=1332) to work on /home/airflow/.local/lib/python3.8/site-packages/airflow/example_dags/example_local_kubernetes_executor.py
[2025-05-07T19:44:30.175+0000] {processor.py:830} INFO - Processing file /home/airflow/.local/lib/python3.8/site-packages/airflow/example_dags/example_local_kubernetes_executor.py for tasks to queue
[2025-05-07T19:44:30.178+0000] {logging_mixin.py:188} INFO - [2025-05-07T19:44:30.178+0000] {dagbag.py:538} INFO - Filling up the DagBag from /home/airflow/.local/lib/python3.8/site-packages/airflow/example_dags/example_local_kubernetes_executor.py
[2025-05-07T19:44:30.188+0000] {processor.py:840} INFO - DAG(s) 'example_local_kubernetes_executor' retrieved from /home/airflow/.local/lib/python3.8/site-packages/airflow/example_dags/example_local_kubernetes_executor.py
[2025-05-07T19:44:30.225+0000] {logging_mixin.py:188} INFO - [2025-05-07T19:44:30.224+0000] {dag.py:3036} INFO - Sync 1 DAGs
[2025-05-07T19:44:30.240+0000] {logging_mixin.py:188} INFO - [2025-05-07T19:44:30.240+0000] {dag.py:3823} INFO - Setting next_dagrun for example_local_kubernetes_executor to None, run_after=None
[2025-05-07T19:44:30.264+0000] {processor.py:183} INFO - Processing /home/airflow/.local/lib/python3.8/site-packages/airflow/example_dags/example_local_kubernetes_executor.py took 0.095 seconds
[2025-05-07T19:45:00.769+0000] {processor.py:161} INFO - Started process (PID=1389) to work on /home/airflow/.local/lib/python3.8/site-packages/airflow/example_dags/example_local_kubernetes_executor.py
[2025-05-07T19:45:00.771+0000] {processor.py:830} INFO - Processing file /home/airflow/.local/lib/python3.8/site-packages/airflow/example_dags/example_local_kubernetes_executor.py for tasks to queue
[2025-05-07T19:45:00.774+0000] {logging_mixin.py:188} INFO - [2025-05-07T19:45:00.773+0000] {dagbag.py:538} INFO - Filling up the DagBag from /home/airflow/.local/lib/python3.8/site-packages/airflow/example_dags/example_local_kubernetes_executor.py
[2025-05-07T19:45:00.785+0000] {processor.py:840} INFO - DAG(s) 'example_local_kubernetes_executor' retrieved from /home/airflow/.local/lib/python3.8/site-packages/airflow/example_dags/example_local_kubernetes_executor.py
[2025-05-07T19:45:00.843+0000] {logging_mixin.py:188} INFO - [2025-05-07T19:45:00.842+0000] {dag.py:3036} INFO - Sync 1 DAGs
[2025-05-07T19:45:00.864+0000] {logging_mixin.py:188} INFO - [2025-05-07T19:45:00.863+0000] {dag.py:3823} INFO - Setting next_dagrun for example_local_kubernetes_executor to None, run_after=None
[2025-05-07T19:45:00.896+0000] {processor.py:183} INFO - Processing /home/airflow/.local/lib/python3.8/site-packages/airflow/example_dags/example_local_kubernetes_executor.py took 0.131 seconds
[2025-05-07T19:45:31.300+0000] {processor.py:161} INFO - Started process (PID=1446) to work on /home/airflow/.local/lib/python3.8/site-packages/airflow/example_dags/example_local_kubernetes_executor.py
[2025-05-07T19:45:31.302+0000] {processor.py:830} INFO - Processing file /home/airflow/.local/lib/python3.8/site-packages/airflow/example_dags/example_local_kubernetes_executor.py for tasks to queue
[2025-05-07T19:45:31.305+0000] {logging_mixin.py:188} INFO - [2025-05-07T19:45:31.304+0000] {dagbag.py:538} INFO - Filling up the DagBag from /home/airflow/.local/lib/python3.8/site-packages/airflow/example_dags/example_local_kubernetes_executor.py
[2025-05-07T19:45:31.317+0000] {processor.py:840} INFO - DAG(s) 'example_local_kubernetes_executor' retrieved from /home/airflow/.local/lib/python3.8/site-packages/airflow/example_dags/example_local_kubernetes_executor.py
[2025-05-07T19:45:31.361+0000] {logging_mixin.py:188} INFO - [2025-05-07T19:45:31.361+0000] {dag.py:3036} INFO - Sync 1 DAGs
[2025-05-07T19:45:31.373+0000] {logging_mixin.py:188} INFO - [2025-05-07T19:45:31.373+0000] {dag.py:3823} INFO - Setting next_dagrun for example_local_kubernetes_executor to None, run_after=None
[2025-05-07T19:45:31.397+0000] {processor.py:183} INFO - Processing /home/airflow/.local/lib/python3.8/site-packages/airflow/example_dags/example_local_kubernetes_executor.py took 0.103 seconds
[2025-05-07T19:46:02.016+0000] {processor.py:161} INFO - Started process (PID=1503) to work on /home/airflow/.local/lib/python3.8/site-packages/airflow/example_dags/example_local_kubernetes_executor.py
[2025-05-07T19:46:02.017+0000] {processor.py:830} INFO - Processing file /home/airflow/.local/lib/python3.8/site-packages/airflow/example_dags/example_local_kubernetes_executor.py for tasks to queue
[2025-05-07T19:46:02.020+0000] {logging_mixin.py:188} INFO - [2025-05-07T19:46:02.019+0000] {dagbag.py:538} INFO - Filling up the DagBag from /home/airflow/.local/lib/python3.8/site-packages/airflow/example_dags/example_local_kubernetes_executor.py
[2025-05-07T19:46:02.029+0000] {processor.py:840} INFO - DAG(s) 'example_local_kubernetes_executor' retrieved from /home/airflow/.local/lib/python3.8/site-packages/airflow/example_dags/example_local_kubernetes_executor.py
[2025-05-07T19:46:02.067+0000] {logging_mixin.py:188} INFO - [2025-05-07T19:46:02.066+0000] {dag.py:3036} INFO - Sync 1 DAGs
[2025-05-07T19:46:02.081+0000] {logging_mixin.py:188} INFO - [2025-05-07T19:46:02.081+0000] {dag.py:3823} INFO - Setting next_dagrun for example_local_kubernetes_executor to None, run_after=None
[2025-05-07T19:46:02.104+0000] {processor.py:183} INFO - Processing /home/airflow/.local/lib/python3.8/site-packages/airflow/example_dags/example_local_kubernetes_executor.py took 0.092 seconds
[2025-05-07T19:46:32.390+0000] {processor.py:161} INFO - Started process (PID=1560) to work on /home/airflow/.local/lib/python3.8/site-packages/airflow/example_dags/example_local_kubernetes_executor.py
[2025-05-07T19:46:32.392+0000] {processor.py:830} INFO - Processing file /home/airflow/.local/lib/python3.8/site-packages/airflow/example_dags/example_local_kubernetes_executor.py for tasks to queue
[2025-05-07T19:46:32.394+0000] {logging_mixin.py:188} INFO - [2025-05-07T19:46:32.394+0000] {dagbag.py:538} INFO - Filling up the DagBag from /home/airflow/.local/lib/python3.8/site-packages/airflow/example_dags/example_local_kubernetes_executor.py
[2025-05-07T19:46:32.403+0000] {processor.py:840} INFO - DAG(s) 'example_local_kubernetes_executor' retrieved from /home/airflow/.local/lib/python3.8/site-packages/airflow/example_dags/example_local_kubernetes_executor.py
[2025-05-07T19:46:32.440+0000] {logging_mixin.py:188} INFO - [2025-05-07T19:46:32.440+0000] {dag.py:3036} INFO - Sync 1 DAGs
[2025-05-07T19:46:32.454+0000] {logging_mixin.py:188} INFO - [2025-05-07T19:46:32.454+0000] {dag.py:3823} INFO - Setting next_dagrun for example_local_kubernetes_executor to None, run_after=None
[2025-05-07T19:46:32.484+0000] {processor.py:183} INFO - Processing /home/airflow/.local/lib/python3.8/site-packages/airflow/example_dags/example_local_kubernetes_executor.py took 0.098 seconds
[2025-05-07T19:47:03.135+0000] {processor.py:161} INFO - Started process (PID=1618) to work on /home/airflow/.local/lib/python3.8/site-packages/airflow/example_dags/example_local_kubernetes_executor.py
[2025-05-07T19:47:03.137+0000] {processor.py:830} INFO - Processing file /home/airflow/.local/lib/python3.8/site-packages/airflow/example_dags/example_local_kubernetes_executor.py for tasks to queue
[2025-05-07T19:47:03.142+0000] {logging_mixin.py:188} INFO - [2025-05-07T19:47:03.141+0000] {dagbag.py:538} INFO - Filling up the DagBag from /home/airflow/.local/lib/python3.8/site-packages/airflow/example_dags/example_local_kubernetes_executor.py
[2025-05-07T19:47:03.156+0000] {processor.py:840} INFO - DAG(s) 'example_local_kubernetes_executor' retrieved from /home/airflow/.local/lib/python3.8/site-packages/airflow/example_dags/example_local_kubernetes_executor.py
[2025-05-07T19:47:03.211+0000] {logging_mixin.py:188} INFO - [2025-05-07T19:47:03.211+0000] {dag.py:3036} INFO - Sync 1 DAGs
[2025-05-07T19:47:03.228+0000] {logging_mixin.py:188} INFO - [2025-05-07T19:47:03.228+0000] {dag.py:3823} INFO - Setting next_dagrun for example_local_kubernetes_executor to None, run_after=None
[2025-05-07T19:47:03.261+0000] {processor.py:183} INFO - Processing /home/airflow/.local/lib/python3.8/site-packages/airflow/example_dags/example_local_kubernetes_executor.py took 0.131 seconds
[2025-05-07T19:47:33.598+0000] {processor.py:161} INFO - Started process (PID=1675) to work on /home/airflow/.local/lib/python3.8/site-packages/airflow/example_dags/example_local_kubernetes_executor.py
[2025-05-07T19:47:33.600+0000] {processor.py:830} INFO - Processing file /home/airflow/.local/lib/python3.8/site-packages/airflow/example_dags/example_local_kubernetes_executor.py for tasks to queue
[2025-05-07T19:47:33.605+0000] {logging_mixin.py:188} INFO - [2025-05-07T19:47:33.604+0000] {dagbag.py:538} INFO - Filling up the DagBag from /home/airflow/.local/lib/python3.8/site-packages/airflow/example_dags/example_local_kubernetes_executor.py
[2025-05-07T19:47:33.615+0000] {processor.py:840} INFO - DAG(s) 'example_local_kubernetes_executor' retrieved from /home/airflow/.local/lib/python3.8/site-packages/airflow/example_dags/example_local_kubernetes_executor.py
[2025-05-07T19:47:33.658+0000] {logging_mixin.py:188} INFO - [2025-05-07T19:47:33.658+0000] {dag.py:3036} INFO - Sync 1 DAGs
[2025-05-07T19:47:33.670+0000] {logging_mixin.py:188} INFO - [2025-05-07T19:47:33.669+0000] {dag.py:3823} INFO - Setting next_dagrun for example_local_kubernetes_executor to None, run_after=None
[2025-05-07T19:47:33.690+0000] {processor.py:183} INFO - Processing /home/airflow/.local/lib/python3.8/site-packages/airflow/example_dags/example_local_kubernetes_executor.py took 0.101 seconds
[2025-05-07T19:48:04.078+0000] {processor.py:161} INFO - Started process (PID=1732) to work on /home/airflow/.local/lib/python3.8/site-packages/airflow/example_dags/example_local_kubernetes_executor.py
[2025-05-07T19:48:04.081+0000] {processor.py:830} INFO - Processing file /home/airflow/.local/lib/python3.8/site-packages/airflow/example_dags/example_local_kubernetes_executor.py for tasks to queue
[2025-05-07T19:48:04.086+0000] {logging_mixin.py:188} INFO - [2025-05-07T19:48:04.086+0000] {dagbag.py:538} INFO - Filling up the DagBag from /home/airflow/.local/lib/python3.8/site-packages/airflow/example_dags/example_local_kubernetes_executor.py
[2025-05-07T19:48:04.100+0000] {processor.py:840} INFO - DAG(s) 'example_local_kubernetes_executor' retrieved from /home/airflow/.local/lib/python3.8/site-packages/airflow/example_dags/example_local_kubernetes_executor.py
[2025-05-07T19:48:04.138+0000] {logging_mixin.py:188} INFO - [2025-05-07T19:48:04.138+0000] {dag.py:3036} INFO - Sync 1 DAGs
[2025-05-07T19:48:04.151+0000] {logging_mixin.py:188} INFO - [2025-05-07T19:48:04.151+0000] {dag.py:3823} INFO - Setting next_dagrun for example_local_kubernetes_executor to None, run_after=None
[2025-05-07T19:48:04.172+0000] {processor.py:183} INFO - Processing /home/airflow/.local/lib/python3.8/site-packages/airflow/example_dags/example_local_kubernetes_executor.py took 0.101 seconds
[2025-05-07T19:48:34.886+0000] {processor.py:161} INFO - Started process (PID=1789) to work on /home/airflow/.local/lib/python3.8/site-packages/airflow/example_dags/example_local_kubernetes_executor.py
[2025-05-07T19:48:34.888+0000] {processor.py:830} INFO - Processing file /home/airflow/.local/lib/python3.8/site-packages/airflow/example_dags/example_local_kubernetes_executor.py for tasks to queue
[2025-05-07T19:48:34.890+0000] {logging_mixin.py:188} INFO - [2025-05-07T19:48:34.890+0000] {dagbag.py:538} INFO - Filling up the DagBag from /home/airflow/.local/lib/python3.8/site-packages/airflow/example_dags/example_local_kubernetes_executor.py
[2025-05-07T19:48:34.899+0000] {processor.py:840} INFO - DAG(s) 'example_local_kubernetes_executor' retrieved from /home/airflow/.local/lib/python3.8/site-packages/airflow/example_dags/example_local_kubernetes_executor.py
[2025-05-07T19:48:34.938+0000] {logging_mixin.py:188} INFO - [2025-05-07T19:48:34.938+0000] {dag.py:3036} INFO - Sync 1 DAGs
[2025-05-07T19:48:34.951+0000] {logging_mixin.py:188} INFO - [2025-05-07T19:48:34.951+0000] {dag.py:3823} INFO - Setting next_dagrun for example_local_kubernetes_executor to None, run_after=None
[2025-05-07T19:48:34.976+0000] {processor.py:183} INFO - Processing /home/airflow/.local/lib/python3.8/site-packages/airflow/example_dags/example_local_kubernetes_executor.py took 0.094 seconds
[2025-05-07T19:49:05.386+0000] {processor.py:161} INFO - Started process (PID=1845) to work on /home/airflow/.local/lib/python3.8/site-packages/airflow/example_dags/example_local_kubernetes_executor.py
[2025-05-07T19:49:05.388+0000] {processor.py:830} INFO - Processing file /home/airflow/.local/lib/python3.8/site-packages/airflow/example_dags/example_local_kubernetes_executor.py for tasks to queue
[2025-05-07T19:49:05.390+0000] {logging_mixin.py:188} INFO - [2025-05-07T19:49:05.389+0000] {dagbag.py:538} INFO - Filling up the DagBag from /home/airflow/.local/lib/python3.8/site-packages/airflow/example_dags/example_local_kubernetes_executor.py
[2025-05-07T19:49:05.397+0000] {processor.py:840} INFO - DAG(s) 'example_local_kubernetes_executor' retrieved from /home/airflow/.local/lib/python3.8/site-packages/airflow/example_dags/example_local_kubernetes_executor.py
[2025-05-07T19:49:05.431+0000] {logging_mixin.py:188} INFO - [2025-05-07T19:49:05.431+0000] {dag.py:3036} INFO - Sync 1 DAGs
[2025-05-07T19:49:05.443+0000] {logging_mixin.py:188} INFO - [2025-05-07T19:49:05.442+0000] {dag.py:3823} INFO - Setting next_dagrun for example_local_kubernetes_executor to None, run_after=None
[2025-05-07T19:49:05.464+0000] {processor.py:183} INFO - Processing /home/airflow/.local/lib/python3.8/site-packages/airflow/example_dags/example_local_kubernetes_executor.py took 0.082 seconds
[2025-05-07T19:49:35.856+0000] {processor.py:161} INFO - Started process (PID=1902) to work on /home/airflow/.local/lib/python3.8/site-packages/airflow/example_dags/example_local_kubernetes_executor.py
[2025-05-07T19:49:35.858+0000] {processor.py:830} INFO - Processing file /home/airflow/.local/lib/python3.8/site-packages/airflow/example_dags/example_local_kubernetes_executor.py for tasks to queue
[2025-05-07T19:49:35.862+0000] {logging_mixin.py:188} INFO - [2025-05-07T19:49:35.862+0000] {dagbag.py:538} INFO - Filling up the DagBag from /home/airflow/.local/lib/python3.8/site-packages/airflow/example_dags/example_local_kubernetes_executor.py
[2025-05-07T19:49:35.871+0000] {processor.py:840} INFO - DAG(s) 'example_local_kubernetes_executor' retrieved from /home/airflow/.local/lib/python3.8/site-packages/airflow/example_dags/example_local_kubernetes_executor.py
[2025-05-07T19:49:35.909+0000] {logging_mixin.py:188} INFO - [2025-05-07T19:49:35.909+0000] {dag.py:3036} INFO - Sync 1 DAGs
[2025-05-07T19:49:35.922+0000] {logging_mixin.py:188} INFO - [2025-05-07T19:49:35.922+0000] {dag.py:3823} INFO - Setting next_dagrun for example_local_kubernetes_executor to None, run_after=None
[2025-05-07T19:49:35.944+0000] {processor.py:183} INFO - Processing /home/airflow/.local/lib/python3.8/site-packages/airflow/example_dags/example_local_kubernetes_executor.py took 0.092 seconds
[2025-05-07T19:50:06.613+0000] {processor.py:161} INFO - Started process (PID=1959) to work on /home/airflow/.local/lib/python3.8/site-packages/airflow/example_dags/example_local_kubernetes_executor.py
[2025-05-07T19:50:06.614+0000] {processor.py:830} INFO - Processing file /home/airflow/.local/lib/python3.8/site-packages/airflow/example_dags/example_local_kubernetes_executor.py for tasks to queue
[2025-05-07T19:50:06.616+0000] {logging_mixin.py:188} INFO - [2025-05-07T19:50:06.616+0000] {dagbag.py:538} INFO - Filling up the DagBag from /home/airflow/.local/lib/python3.8/site-packages/airflow/example_dags/example_local_kubernetes_executor.py
[2025-05-07T19:50:06.624+0000] {processor.py:840} INFO - DAG(s) 'example_local_kubernetes_executor' retrieved from /home/airflow/.local/lib/python3.8/site-packages/airflow/example_dags/example_local_kubernetes_executor.py
[2025-05-07T19:50:06.657+0000] {logging_mixin.py:188} INFO - [2025-05-07T19:50:06.657+0000] {dag.py:3036} INFO - Sync 1 DAGs
[2025-05-07T19:50:06.669+0000] {logging_mixin.py:188} INFO - [2025-05-07T19:50:06.669+0000] {dag.py:3823} INFO - Setting next_dagrun for example_local_kubernetes_executor to None, run_after=None
[2025-05-07T19:50:06.691+0000] {processor.py:183} INFO - Processing /home/airflow/.local/lib/python3.8/site-packages/airflow/example_dags/example_local_kubernetes_executor.py took 0.082 seconds
[2025-05-07T19:50:37.239+0000] {processor.py:161} INFO - Started process (PID=2016) to work on /home/airflow/.local/lib/python3.8/site-packages/airflow/example_dags/example_local_kubernetes_executor.py
[2025-05-07T19:50:37.243+0000] {processor.py:830} INFO - Processing file /home/airflow/.local/lib/python3.8/site-packages/airflow/example_dags/example_local_kubernetes_executor.py for tasks to queue
[2025-05-07T19:50:37.246+0000] {logging_mixin.py:188} INFO - [2025-05-07T19:50:37.246+0000] {dagbag.py:538} INFO - Filling up the DagBag from /home/airflow/.local/lib/python3.8/site-packages/airflow/example_dags/example_local_kubernetes_executor.py
[2025-05-07T19:50:37.257+0000] {processor.py:840} INFO - DAG(s) 'example_local_kubernetes_executor' retrieved from /home/airflow/.local/lib/python3.8/site-packages/airflow/example_dags/example_local_kubernetes_executor.py
[2025-05-07T19:50:37.298+0000] {logging_mixin.py:188} INFO - [2025-05-07T19:50:37.297+0000] {dag.py:3036} INFO - Sync 1 DAGs
[2025-05-07T19:50:37.311+0000] {logging_mixin.py:188} INFO - [2025-05-07T19:50:37.311+0000] {dag.py:3823} INFO - Setting next_dagrun for example_local_kubernetes_executor to None, run_after=None
[2025-05-07T19:50:37.333+0000] {processor.py:183} INFO - Processing /home/airflow/.local/lib/python3.8/site-packages/airflow/example_dags/example_local_kubernetes_executor.py took 0.099 seconds
[2025-05-07T19:51:07.833+0000] {processor.py:161} INFO - Started process (PID=2073) to work on /home/airflow/.local/lib/python3.8/site-packages/airflow/example_dags/example_local_kubernetes_executor.py
[2025-05-07T19:51:07.835+0000] {processor.py:830} INFO - Processing file /home/airflow/.local/lib/python3.8/site-packages/airflow/example_dags/example_local_kubernetes_executor.py for tasks to queue
[2025-05-07T19:51:07.837+0000] {logging_mixin.py:188} INFO - [2025-05-07T19:51:07.836+0000] {dagbag.py:538} INFO - Filling up the DagBag from /home/airflow/.local/lib/python3.8/site-packages/airflow/example_dags/example_local_kubernetes_executor.py
[2025-05-07T19:51:07.844+0000] {processor.py:840} INFO - DAG(s) 'example_local_kubernetes_executor' retrieved from /home/airflow/.local/lib/python3.8/site-packages/airflow/example_dags/example_local_kubernetes_executor.py
[2025-05-07T19:51:07.876+0000] {logging_mixin.py:188} INFO - [2025-05-07T19:51:07.876+0000] {dag.py:3036} INFO - Sync 1 DAGs
[2025-05-07T19:51:07.888+0000] {logging_mixin.py:188} INFO - [2025-05-07T19:51:07.887+0000] {dag.py:3823} INFO - Setting next_dagrun for example_local_kubernetes_executor to None, run_after=None
[2025-05-07T19:51:07.907+0000] {processor.py:183} INFO - Processing /home/airflow/.local/lib/python3.8/site-packages/airflow/example_dags/example_local_kubernetes_executor.py took 0.077 seconds
[2025-05-07T19:51:38.356+0000] {processor.py:161} INFO - Started process (PID=2130) to work on /home/airflow/.local/lib/python3.8/site-packages/airflow/example_dags/example_local_kubernetes_executor.py
[2025-05-07T19:51:38.358+0000] {processor.py:830} INFO - Processing file /home/airflow/.local/lib/python3.8/site-packages/airflow/example_dags/example_local_kubernetes_executor.py for tasks to queue
[2025-05-07T19:51:38.361+0000] {logging_mixin.py:188} INFO - [2025-05-07T19:51:38.360+0000] {dagbag.py:538} INFO - Filling up the DagBag from /home/airflow/.local/lib/python3.8/site-packages/airflow/example_dags/example_local_kubernetes_executor.py
[2025-05-07T19:51:38.372+0000] {processor.py:840} INFO - DAG(s) 'example_local_kubernetes_executor' retrieved from /home/airflow/.local/lib/python3.8/site-packages/airflow/example_dags/example_local_kubernetes_executor.py
[2025-05-07T19:51:38.404+0000] {logging_mixin.py:188} INFO - [2025-05-07T19:51:38.403+0000] {dag.py:3036} INFO - Sync 1 DAGs
[2025-05-07T19:51:38.415+0000] {logging_mixin.py:188} INFO - [2025-05-07T19:51:38.415+0000] {dag.py:3823} INFO - Setting next_dagrun for example_local_kubernetes_executor to None, run_after=None
[2025-05-07T19:51:38.434+0000] {processor.py:183} INFO - Processing /home/airflow/.local/lib/python3.8/site-packages/airflow/example_dags/example_local_kubernetes_executor.py took 0.081 seconds
[2025-05-07T19:52:09.331+0000] {processor.py:161} INFO - Started process (PID=2187) to work on /home/airflow/.local/lib/python3.8/site-packages/airflow/example_dags/example_local_kubernetes_executor.py
[2025-05-07T19:52:09.332+0000] {processor.py:830} INFO - Processing file /home/airflow/.local/lib/python3.8/site-packages/airflow/example_dags/example_local_kubernetes_executor.py for tasks to queue
[2025-05-07T19:52:09.335+0000] {logging_mixin.py:188} INFO - [2025-05-07T19:52:09.335+0000] {dagbag.py:538} INFO - Filling up the DagBag from /home/airflow/.local/lib/python3.8/site-packages/airflow/example_dags/example_local_kubernetes_executor.py
[2025-05-07T19:52:09.345+0000] {processor.py:840} INFO - DAG(s) 'example_local_kubernetes_executor' retrieved from /home/airflow/.local/lib/python3.8/site-packages/airflow/example_dags/example_local_kubernetes_executor.py
[2025-05-07T19:52:09.383+0000] {logging_mixin.py:188} INFO - [2025-05-07T19:52:09.383+0000] {dag.py:3036} INFO - Sync 1 DAGs
[2025-05-07T19:52:09.395+0000] {logging_mixin.py:188} INFO - [2025-05-07T19:52:09.395+0000] {dag.py:3823} INFO - Setting next_dagrun for example_local_kubernetes_executor to None, run_after=None
[2025-05-07T19:52:09.419+0000] {processor.py:183} INFO - Processing /home/airflow/.local/lib/python3.8/site-packages/airflow/example_dags/example_local_kubernetes_executor.py took 0.092 seconds
[2025-05-07T19:52:40.091+0000] {processor.py:161} INFO - Started process (PID=2244) to work on /home/airflow/.local/lib/python3.8/site-packages/airflow/example_dags/example_local_kubernetes_executor.py
[2025-05-07T19:52:40.094+0000] {processor.py:830} INFO - Processing file /home/airflow/.local/lib/python3.8/site-packages/airflow/example_dags/example_local_kubernetes_executor.py for tasks to queue
[2025-05-07T19:52:40.098+0000] {logging_mixin.py:188} INFO - [2025-05-07T19:52:40.097+0000] {dagbag.py:538} INFO - Filling up the DagBag from /home/airflow/.local/lib/python3.8/site-packages/airflow/example_dags/example_local_kubernetes_executor.py
[2025-05-07T19:52:40.108+0000] {processor.py:840} INFO - DAG(s) 'example_local_kubernetes_executor' retrieved from /home/airflow/.local/lib/python3.8/site-packages/airflow/example_dags/example_local_kubernetes_executor.py
[2025-05-07T19:52:40.143+0000] {logging_mixin.py:188} INFO - [2025-05-07T19:52:40.143+0000] {dag.py:3036} INFO - Sync 1 DAGs
[2025-05-07T19:52:40.155+0000] {logging_mixin.py:188} INFO - [2025-05-07T19:52:40.155+0000] {dag.py:3823} INFO - Setting next_dagrun for example_local_kubernetes_executor to None, run_after=None
[2025-05-07T19:52:40.173+0000] {processor.py:183} INFO - Processing /home/airflow/.local/lib/python3.8/site-packages/airflow/example_dags/example_local_kubernetes_executor.py took 0.089 seconds
[2025-05-07T19:53:10.393+0000] {processor.py:161} INFO - Started process (PID=2302) to work on /home/airflow/.local/lib/python3.8/site-packages/airflow/example_dags/example_local_kubernetes_executor.py
[2025-05-07T19:53:10.395+0000] {processor.py:830} INFO - Processing file /home/airflow/.local/lib/python3.8/site-packages/airflow/example_dags/example_local_kubernetes_executor.py for tasks to queue
[2025-05-07T19:53:10.397+0000] {logging_mixin.py:188} INFO - [2025-05-07T19:53:10.397+0000] {dagbag.py:538} INFO - Filling up the DagBag from /home/airflow/.local/lib/python3.8/site-packages/airflow/example_dags/example_local_kubernetes_executor.py
[2025-05-07T19:53:10.406+0000] {processor.py:840} INFO - DAG(s) 'example_local_kubernetes_executor' retrieved from /home/airflow/.local/lib/python3.8/site-packages/airflow/example_dags/example_local_kubernetes_executor.py
[2025-05-07T19:53:10.441+0000] {logging_mixin.py:188} INFO - [2025-05-07T19:53:10.441+0000] {dag.py:3036} INFO - Sync 1 DAGs
[2025-05-07T19:53:10.453+0000] {logging_mixin.py:188} INFO - [2025-05-07T19:53:10.453+0000] {dag.py:3823} INFO - Setting next_dagrun for example_local_kubernetes_executor to None, run_after=None
[2025-05-07T19:53:10.481+0000] {processor.py:183} INFO - Processing /home/airflow/.local/lib/python3.8/site-packages/airflow/example_dags/example_local_kubernetes_executor.py took 0.091 seconds
[2025-05-07T19:53:40.808+0000] {processor.py:161} INFO - Started process (PID=2358) to work on /home/airflow/.local/lib/python3.8/site-packages/airflow/example_dags/example_local_kubernetes_executor.py
[2025-05-07T19:53:40.812+0000] {processor.py:830} INFO - Processing file /home/airflow/.local/lib/python3.8/site-packages/airflow/example_dags/example_local_kubernetes_executor.py for tasks to queue
[2025-05-07T19:53:40.821+0000] {logging_mixin.py:188} INFO - [2025-05-07T19:53:40.820+0000] {dagbag.py:538} INFO - Filling up the DagBag from /home/airflow/.local/lib/python3.8/site-packages/airflow/example_dags/example_local_kubernetes_executor.py
[2025-05-07T19:53:40.834+0000] {processor.py:840} INFO - DAG(s) 'example_local_kubernetes_executor' retrieved from /home/airflow/.local/lib/python3.8/site-packages/airflow/example_dags/example_local_kubernetes_executor.py
[2025-05-07T19:53:40.871+0000] {logging_mixin.py:188} INFO - [2025-05-07T19:53:40.871+0000] {dag.py:3036} INFO - Sync 1 DAGs
[2025-05-07T19:53:40.884+0000] {logging_mixin.py:188} INFO - [2025-05-07T19:53:40.884+0000] {dag.py:3823} INFO - Setting next_dagrun for example_local_kubernetes_executor to None, run_after=None
[2025-05-07T19:53:40.908+0000] {processor.py:183} INFO - Processing /home/airflow/.local/lib/python3.8/site-packages/airflow/example_dags/example_local_kubernetes_executor.py took 0.105 seconds
[2025-05-07T19:54:11.613+0000] {processor.py:161} INFO - Started process (PID=2415) to work on /home/airflow/.local/lib/python3.8/site-packages/airflow/example_dags/example_local_kubernetes_executor.py
[2025-05-07T19:54:11.615+0000] {processor.py:830} INFO - Processing file /home/airflow/.local/lib/python3.8/site-packages/airflow/example_dags/example_local_kubernetes_executor.py for tasks to queue
[2025-05-07T19:54:11.619+0000] {logging_mixin.py:188} INFO - [2025-05-07T19:54:11.619+0000] {dagbag.py:538} INFO - Filling up the DagBag from /home/airflow/.local/lib/python3.8/site-packages/airflow/example_dags/example_local_kubernetes_executor.py
[2025-05-07T19:54:11.634+0000] {processor.py:840} INFO - DAG(s) 'example_local_kubernetes_executor' retrieved from /home/airflow/.local/lib/python3.8/site-packages/airflow/example_dags/example_local_kubernetes_executor.py
[2025-05-07T19:54:11.677+0000] {logging_mixin.py:188} INFO - [2025-05-07T19:54:11.677+0000] {dag.py:3036} INFO - Sync 1 DAGs
[2025-05-07T19:54:11.690+0000] {logging_mixin.py:188} INFO - [2025-05-07T19:54:11.690+0000] {dag.py:3823} INFO - Setting next_dagrun for example_local_kubernetes_executor to None, run_after=None
[2025-05-07T19:54:11.714+0000] {processor.py:183} INFO - Processing /home/airflow/.local/lib/python3.8/site-packages/airflow/example_dags/example_local_kubernetes_executor.py took 0.108 seconds
[2025-05-07T19:54:42.291+0000] {processor.py:161} INFO - Started process (PID=2473) to work on /home/airflow/.local/lib/python3.8/site-packages/airflow/example_dags/example_local_kubernetes_executor.py
[2025-05-07T19:54:42.293+0000] {processor.py:830} INFO - Processing file /home/airflow/.local/lib/python3.8/site-packages/airflow/example_dags/example_local_kubernetes_executor.py for tasks to queue
[2025-05-07T19:54:42.298+0000] {logging_mixin.py:188} INFO - [2025-05-07T19:54:42.297+0000] {dagbag.py:538} INFO - Filling up the DagBag from /home/airflow/.local/lib/python3.8/site-packages/airflow/example_dags/example_local_kubernetes_executor.py
[2025-05-07T19:54:42.312+0000] {processor.py:840} INFO - DAG(s) 'example_local_kubernetes_executor' retrieved from /home/airflow/.local/lib/python3.8/site-packages/airflow/example_dags/example_local_kubernetes_executor.py
[2025-05-07T19:54:42.360+0000] {logging_mixin.py:188} INFO - [2025-05-07T19:54:42.360+0000] {dag.py:3036} INFO - Sync 1 DAGs
[2025-05-07T19:54:42.374+0000] {logging_mixin.py:188} INFO - [2025-05-07T19:54:42.373+0000] {dag.py:3823} INFO - Setting next_dagrun for example_local_kubernetes_executor to None, run_after=None
[2025-05-07T19:54:42.399+0000] {processor.py:183} INFO - Processing /home/airflow/.local/lib/python3.8/site-packages/airflow/example_dags/example_local_kubernetes_executor.py took 0.113 seconds
[2025-05-07T19:55:12.785+0000] {processor.py:161} INFO - Started process (PID=2530) to work on /home/airflow/.local/lib/python3.8/site-packages/airflow/example_dags/example_local_kubernetes_executor.py
[2025-05-07T19:55:12.788+0000] {processor.py:830} INFO - Processing file /home/airflow/.local/lib/python3.8/site-packages/airflow/example_dags/example_local_kubernetes_executor.py for tasks to queue
[2025-05-07T19:55:12.792+0000] {logging_mixin.py:188} INFO - [2025-05-07T19:55:12.792+0000] {dagbag.py:538} INFO - Filling up the DagBag from /home/airflow/.local/lib/python3.8/site-packages/airflow/example_dags/example_local_kubernetes_executor.py
[2025-05-07T19:55:12.815+0000] {processor.py:840} INFO - DAG(s) 'example_local_kubernetes_executor' retrieved from /home/airflow/.local/lib/python3.8/site-packages/airflow/example_dags/example_local_kubernetes_executor.py
[2025-05-07T19:55:12.876+0000] {logging_mixin.py:188} INFO - [2025-05-07T19:55:12.875+0000] {dag.py:3036} INFO - Sync 1 DAGs
[2025-05-07T19:55:12.887+0000] {logging_mixin.py:188} INFO - [2025-05-07T19:55:12.887+0000] {dag.py:3823} INFO - Setting next_dagrun for example_local_kubernetes_executor to None, run_after=None
[2025-05-07T19:55:12.912+0000] {processor.py:183} INFO - Processing /home/airflow/.local/lib/python3.8/site-packages/airflow/example_dags/example_local_kubernetes_executor.py took 0.132 seconds
[2025-05-07T19:55:43.972+0000] {processor.py:161} INFO - Started process (PID=2586) to work on /home/airflow/.local/lib/python3.8/site-packages/airflow/example_dags/example_local_kubernetes_executor.py
[2025-05-07T19:55:43.976+0000] {processor.py:830} INFO - Processing file /home/airflow/.local/lib/python3.8/site-packages/airflow/example_dags/example_local_kubernetes_executor.py for tasks to queue
[2025-05-07T19:55:43.980+0000] {logging_mixin.py:188} INFO - [2025-05-07T19:55:43.980+0000] {dagbag.py:538} INFO - Filling up the DagBag from /home/airflow/.local/lib/python3.8/site-packages/airflow/example_dags/example_local_kubernetes_executor.py
[2025-05-07T19:55:43.995+0000] {processor.py:840} INFO - DAG(s) 'example_local_kubernetes_executor' retrieved from /home/airflow/.local/lib/python3.8/site-packages/airflow/example_dags/example_local_kubernetes_executor.py
[2025-05-07T19:55:44.037+0000] {logging_mixin.py:188} INFO - [2025-05-07T19:55:44.036+0000] {dag.py:3036} INFO - Sync 1 DAGs
[2025-05-07T19:55:44.164+0000] {logging_mixin.py:188} INFO - [2025-05-07T19:55:44.164+0000] {dag.py:3823} INFO - Setting next_dagrun for example_local_kubernetes_executor to None, run_after=None
[2025-05-07T19:55:44.188+0000] {processor.py:183} INFO - Processing /home/airflow/.local/lib/python3.8/site-packages/airflow/example_dags/example_local_kubernetes_executor.py took 0.222 seconds
[2025-05-07T19:56:14.517+0000] {processor.py:161} INFO - Started process (PID=2643) to work on /home/airflow/.local/lib/python3.8/site-packages/airflow/example_dags/example_local_kubernetes_executor.py
[2025-05-07T19:56:14.518+0000] {processor.py:830} INFO - Processing file /home/airflow/.local/lib/python3.8/site-packages/airflow/example_dags/example_local_kubernetes_executor.py for tasks to queue
[2025-05-07T19:56:14.521+0000] {logging_mixin.py:188} INFO - [2025-05-07T19:56:14.521+0000] {dagbag.py:538} INFO - Filling up the DagBag from /home/airflow/.local/lib/python3.8/site-packages/airflow/example_dags/example_local_kubernetes_executor.py
[2025-05-07T19:56:14.529+0000] {processor.py:840} INFO - DAG(s) 'example_local_kubernetes_executor' retrieved from /home/airflow/.local/lib/python3.8/site-packages/airflow/example_dags/example_local_kubernetes_executor.py
[2025-05-07T19:56:14.562+0000] {logging_mixin.py:188} INFO - [2025-05-07T19:56:14.562+0000] {dag.py:3036} INFO - Sync 1 DAGs
[2025-05-07T19:56:14.576+0000] {logging_mixin.py:188} INFO - [2025-05-07T19:56:14.576+0000] {dag.py:3823} INFO - Setting next_dagrun for example_local_kubernetes_executor to None, run_after=None
[2025-05-07T19:56:14.714+0000] {processor.py:183} INFO - Processing /home/airflow/.local/lib/python3.8/site-packages/airflow/example_dags/example_local_kubernetes_executor.py took 0.202 seconds
[2025-05-07T19:56:44.804+0000] {processor.py:161} INFO - Started process (PID=2699) to work on /home/airflow/.local/lib/python3.8/site-packages/airflow/example_dags/example_local_kubernetes_executor.py
[2025-05-07T19:56:44.807+0000] {processor.py:830} INFO - Processing file /home/airflow/.local/lib/python3.8/site-packages/airflow/example_dags/example_local_kubernetes_executor.py for tasks to queue
[2025-05-07T19:56:44.811+0000] {logging_mixin.py:188} INFO - [2025-05-07T19:56:44.811+0000] {dagbag.py:538} INFO - Filling up the DagBag from /home/airflow/.local/lib/python3.8/site-packages/airflow/example_dags/example_local_kubernetes_executor.py
[2025-05-07T19:56:44.825+0000] {processor.py:840} INFO - DAG(s) 'example_local_kubernetes_executor' retrieved from /home/airflow/.local/lib/python3.8/site-packages/airflow/example_dags/example_local_kubernetes_executor.py
[2025-05-07T19:56:44.870+0000] {logging_mixin.py:188} INFO - [2025-05-07T19:56:44.869+0000] {dag.py:3036} INFO - Sync 1 DAGs
[2025-05-07T19:56:44.885+0000] {logging_mixin.py:188} INFO - [2025-05-07T19:56:44.885+0000] {dag.py:3823} INFO - Setting next_dagrun for example_local_kubernetes_executor to None, run_after=None
[2025-05-07T19:56:44.907+0000] {processor.py:183} INFO - Processing /home/airflow/.local/lib/python3.8/site-packages/airflow/example_dags/example_local_kubernetes_executor.py took 0.107 seconds
[2025-05-07T19:57:15.883+0000] {processor.py:161} INFO - Started process (PID=2757) to work on /home/airflow/.local/lib/python3.8/site-packages/airflow/example_dags/example_local_kubernetes_executor.py
[2025-05-07T19:57:15.885+0000] {processor.py:830} INFO - Processing file /home/airflow/.local/lib/python3.8/site-packages/airflow/example_dags/example_local_kubernetes_executor.py for tasks to queue
[2025-05-07T19:57:15.888+0000] {logging_mixin.py:188} INFO - [2025-05-07T19:57:15.887+0000] {dagbag.py:538} INFO - Filling up the DagBag from /home/airflow/.local/lib/python3.8/site-packages/airflow/example_dags/example_local_kubernetes_executor.py
[2025-05-07T19:57:15.896+0000] {processor.py:840} INFO - DAG(s) 'example_local_kubernetes_executor' retrieved from /home/airflow/.local/lib/python3.8/site-packages/airflow/example_dags/example_local_kubernetes_executor.py
[2025-05-07T19:57:15.935+0000] {logging_mixin.py:188} INFO - [2025-05-07T19:57:15.935+0000] {dag.py:3036} INFO - Sync 1 DAGs
[2025-05-07T19:57:15.953+0000] {logging_mixin.py:188} INFO - [2025-05-07T19:57:15.953+0000] {dag.py:3823} INFO - Setting next_dagrun for example_local_kubernetes_executor to None, run_after=None
[2025-05-07T19:57:15.987+0000] {processor.py:183} INFO - Processing /home/airflow/.local/lib/python3.8/site-packages/airflow/example_dags/example_local_kubernetes_executor.py took 0.109 seconds
[2025-05-07T19:57:46.475+0000] {processor.py:161} INFO - Started process (PID=2814) to work on /home/airflow/.local/lib/python3.8/site-packages/airflow/example_dags/example_local_kubernetes_executor.py
[2025-05-07T19:57:46.479+0000] {processor.py:830} INFO - Processing file /home/airflow/.local/lib/python3.8/site-packages/airflow/example_dags/example_local_kubernetes_executor.py for tasks to queue
[2025-05-07T19:57:46.484+0000] {logging_mixin.py:188} INFO - [2025-05-07T19:57:46.483+0000] {dagbag.py:538} INFO - Filling up the DagBag from /home/airflow/.local/lib/python3.8/site-packages/airflow/example_dags/example_local_kubernetes_executor.py
[2025-05-07T19:57:46.499+0000] {processor.py:840} INFO - DAG(s) 'example_local_kubernetes_executor' retrieved from /home/airflow/.local/lib/python3.8/site-packages/airflow/example_dags/example_local_kubernetes_executor.py
[2025-05-07T19:57:46.546+0000] {logging_mixin.py:188} INFO - [2025-05-07T19:57:46.545+0000] {dag.py:3036} INFO - Sync 1 DAGs
[2025-05-07T19:57:46.561+0000] {logging_mixin.py:188} INFO - [2025-05-07T19:57:46.560+0000] {dag.py:3823} INFO - Setting next_dagrun for example_local_kubernetes_executor to None, run_after=None
[2025-05-07T19:57:46.585+0000] {processor.py:183} INFO - Processing /home/airflow/.local/lib/python3.8/site-packages/airflow/example_dags/example_local_kubernetes_executor.py took 0.116 seconds
[2025-05-07T19:58:17.455+0000] {processor.py:161} INFO - Started process (PID=2871) to work on /home/airflow/.local/lib/python3.8/site-packages/airflow/example_dags/example_local_kubernetes_executor.py
[2025-05-07T19:58:17.456+0000] {processor.py:830} INFO - Processing file /home/airflow/.local/lib/python3.8/site-packages/airflow/example_dags/example_local_kubernetes_executor.py for tasks to queue
[2025-05-07T19:58:17.459+0000] {logging_mixin.py:188} INFO - [2025-05-07T19:58:17.459+0000] {dagbag.py:538} INFO - Filling up the DagBag from /home/airflow/.local/lib/python3.8/site-packages/airflow/example_dags/example_local_kubernetes_executor.py
[2025-05-07T19:58:17.468+0000] {processor.py:840} INFO - DAG(s) 'example_local_kubernetes_executor' retrieved from /home/airflow/.local/lib/python3.8/site-packages/airflow/example_dags/example_local_kubernetes_executor.py
[2025-05-07T19:58:17.502+0000] {logging_mixin.py:188} INFO - [2025-05-07T19:58:17.502+0000] {dag.py:3036} INFO - Sync 1 DAGs
[2025-05-07T19:58:17.514+0000] {logging_mixin.py:188} INFO - [2025-05-07T19:58:17.514+0000] {dag.py:3823} INFO - Setting next_dagrun for example_local_kubernetes_executor to None, run_after=None
[2025-05-07T19:58:17.535+0000] {processor.py:183} INFO - Processing /home/airflow/.local/lib/python3.8/site-packages/airflow/example_dags/example_local_kubernetes_executor.py took 0.083 seconds
[2025-05-07T19:58:48.054+0000] {processor.py:161} INFO - Started process (PID=2928) to work on /home/airflow/.local/lib/python3.8/site-packages/airflow/example_dags/example_local_kubernetes_executor.py
[2025-05-07T19:58:48.056+0000] {processor.py:830} INFO - Processing file /home/airflow/.local/lib/python3.8/site-packages/airflow/example_dags/example_local_kubernetes_executor.py for tasks to queue
[2025-05-07T19:58:48.060+0000] {logging_mixin.py:188} INFO - [2025-05-07T19:58:48.060+0000] {dagbag.py:538} INFO - Filling up the DagBag from /home/airflow/.local/lib/python3.8/site-packages/airflow/example_dags/example_local_kubernetes_executor.py
[2025-05-07T19:58:48.074+0000] {processor.py:840} INFO - DAG(s) 'example_local_kubernetes_executor' retrieved from /home/airflow/.local/lib/python3.8/site-packages/airflow/example_dags/example_local_kubernetes_executor.py
[2025-05-07T19:58:48.118+0000] {logging_mixin.py:188} INFO - [2025-05-07T19:58:48.117+0000] {dag.py:3036} INFO - Sync 1 DAGs
[2025-05-07T19:58:48.129+0000] {logging_mixin.py:188} INFO - [2025-05-07T19:58:48.129+0000] {dag.py:3823} INFO - Setting next_dagrun for example_local_kubernetes_executor to None, run_after=None
[2025-05-07T19:58:48.151+0000] {processor.py:183} INFO - Processing /home/airflow/.local/lib/python3.8/site-packages/airflow/example_dags/example_local_kubernetes_executor.py took 0.104 seconds
[2025-05-07T19:59:19.192+0000] {processor.py:161} INFO - Started process (PID=2985) to work on /home/airflow/.local/lib/python3.8/site-packages/airflow/example_dags/example_local_kubernetes_executor.py
[2025-05-07T19:59:19.195+0000] {processor.py:830} INFO - Processing file /home/airflow/.local/lib/python3.8/site-packages/airflow/example_dags/example_local_kubernetes_executor.py for tasks to queue
[2025-05-07T19:59:19.200+0000] {logging_mixin.py:188} INFO - [2025-05-07T19:59:19.200+0000] {dagbag.py:538} INFO - Filling up the DagBag from /home/airflow/.local/lib/python3.8/site-packages/airflow/example_dags/example_local_kubernetes_executor.py
[2025-05-07T19:59:19.211+0000] {processor.py:840} INFO - DAG(s) 'example_local_kubernetes_executor' retrieved from /home/airflow/.local/lib/python3.8/site-packages/airflow/example_dags/example_local_kubernetes_executor.py
[2025-05-07T19:59:19.250+0000] {logging_mixin.py:188} INFO - [2025-05-07T19:59:19.250+0000] {dag.py:3036} INFO - Sync 1 DAGs
[2025-05-07T19:59:19.264+0000] {logging_mixin.py:188} INFO - [2025-05-07T19:59:19.264+0000] {dag.py:3823} INFO - Setting next_dagrun for example_local_kubernetes_executor to None, run_after=None
[2025-05-07T19:59:19.288+0000] {processor.py:183} INFO - Processing /home/airflow/.local/lib/python3.8/site-packages/airflow/example_dags/example_local_kubernetes_executor.py took 0.103 seconds
[2025-05-07T19:59:49.505+0000] {processor.py:161} INFO - Started process (PID=3042) to work on /home/airflow/.local/lib/python3.8/site-packages/airflow/example_dags/example_local_kubernetes_executor.py
[2025-05-07T19:59:49.507+0000] {processor.py:830} INFO - Processing file /home/airflow/.local/lib/python3.8/site-packages/airflow/example_dags/example_local_kubernetes_executor.py for tasks to queue
[2025-05-07T19:59:49.510+0000] {logging_mixin.py:188} INFO - [2025-05-07T19:59:49.510+0000] {dagbag.py:538} INFO - Filling up the DagBag from /home/airflow/.local/lib/python3.8/site-packages/airflow/example_dags/example_local_kubernetes_executor.py
[2025-05-07T19:59:49.522+0000] {processor.py:840} INFO - DAG(s) 'example_local_kubernetes_executor' retrieved from /home/airflow/.local/lib/python3.8/site-packages/airflow/example_dags/example_local_kubernetes_executor.py
[2025-05-07T19:59:49.561+0000] {logging_mixin.py:188} INFO - [2025-05-07T19:59:49.561+0000] {dag.py:3036} INFO - Sync 1 DAGs
[2025-05-07T19:59:49.573+0000] {logging_mixin.py:188} INFO - [2025-05-07T19:59:49.573+0000] {dag.py:3823} INFO - Setting next_dagrun for example_local_kubernetes_executor to None, run_after=None
[2025-05-07T19:59:49.592+0000] {processor.py:183} INFO - Processing /home/airflow/.local/lib/python3.8/site-packages/airflow/example_dags/example_local_kubernetes_executor.py took 0.092 seconds
[2025-05-07T20:00:19.904+0000] {processor.py:161} INFO - Started process (PID=3105) to work on /home/airflow/.local/lib/python3.8/site-packages/airflow/example_dags/example_local_kubernetes_executor.py
[2025-05-07T20:00:19.907+0000] {processor.py:830} INFO - Processing file /home/airflow/.local/lib/python3.8/site-packages/airflow/example_dags/example_local_kubernetes_executor.py for tasks to queue
[2025-05-07T20:00:19.911+0000] {logging_mixin.py:188} INFO - [2025-05-07T20:00:19.910+0000] {dagbag.py:538} INFO - Filling up the DagBag from /home/airflow/.local/lib/python3.8/site-packages/airflow/example_dags/example_local_kubernetes_executor.py
[2025-05-07T20:00:19.926+0000] {processor.py:840} INFO - DAG(s) 'example_local_kubernetes_executor' retrieved from /home/airflow/.local/lib/python3.8/site-packages/airflow/example_dags/example_local_kubernetes_executor.py
[2025-05-07T20:00:19.962+0000] {logging_mixin.py:188} INFO - [2025-05-07T20:00:19.961+0000] {dag.py:3036} INFO - Sync 1 DAGs
[2025-05-07T20:00:19.973+0000] {logging_mixin.py:188} INFO - [2025-05-07T20:00:19.973+0000] {dag.py:3823} INFO - Setting next_dagrun for example_local_kubernetes_executor to None, run_after=None
[2025-05-07T20:00:19.994+0000] {processor.py:183} INFO - Processing /home/airflow/.local/lib/python3.8/site-packages/airflow/example_dags/example_local_kubernetes_executor.py took 0.097 seconds
[2025-05-07T20:00:50.905+0000] {processor.py:161} INFO - Started process (PID=3162) to work on /home/airflow/.local/lib/python3.8/site-packages/airflow/example_dags/example_local_kubernetes_executor.py
[2025-05-07T20:00:50.909+0000] {processor.py:830} INFO - Processing file /home/airflow/.local/lib/python3.8/site-packages/airflow/example_dags/example_local_kubernetes_executor.py for tasks to queue
[2025-05-07T20:00:50.914+0000] {logging_mixin.py:188} INFO - [2025-05-07T20:00:50.914+0000] {dagbag.py:538} INFO - Filling up the DagBag from /home/airflow/.local/lib/python3.8/site-packages/airflow/example_dags/example_local_kubernetes_executor.py
[2025-05-07T20:00:50.930+0000] {processor.py:840} INFO - DAG(s) 'example_local_kubernetes_executor' retrieved from /home/airflow/.local/lib/python3.8/site-packages/airflow/example_dags/example_local_kubernetes_executor.py
[2025-05-07T20:00:50.970+0000] {logging_mixin.py:188} INFO - [2025-05-07T20:00:50.970+0000] {dag.py:3036} INFO - Sync 1 DAGs
[2025-05-07T20:00:50.984+0000] {logging_mixin.py:188} INFO - [2025-05-07T20:00:50.984+0000] {dag.py:3823} INFO - Setting next_dagrun for example_local_kubernetes_executor to None, run_after=None
[2025-05-07T20:00:51.007+0000] {processor.py:183} INFO - Processing /home/airflow/.local/lib/python3.8/site-packages/airflow/example_dags/example_local_kubernetes_executor.py took 0.109 seconds
[2025-05-07T20:01:21.724+0000] {processor.py:161} INFO - Started process (PID=3219) to work on /home/airflow/.local/lib/python3.8/site-packages/airflow/example_dags/example_local_kubernetes_executor.py
[2025-05-07T20:01:21.726+0000] {processor.py:830} INFO - Processing file /home/airflow/.local/lib/python3.8/site-packages/airflow/example_dags/example_local_kubernetes_executor.py for tasks to queue
[2025-05-07T20:01:21.731+0000] {logging_mixin.py:188} INFO - [2025-05-07T20:01:21.730+0000] {dagbag.py:538} INFO - Filling up the DagBag from /home/airflow/.local/lib/python3.8/site-packages/airflow/example_dags/example_local_kubernetes_executor.py
[2025-05-07T20:01:21.744+0000] {processor.py:840} INFO - DAG(s) 'example_local_kubernetes_executor' retrieved from /home/airflow/.local/lib/python3.8/site-packages/airflow/example_dags/example_local_kubernetes_executor.py
[2025-05-07T20:01:21.783+0000] {logging_mixin.py:188} INFO - [2025-05-07T20:01:21.783+0000] {dag.py:3036} INFO - Sync 1 DAGs
[2025-05-07T20:01:21.796+0000] {logging_mixin.py:188} INFO - [2025-05-07T20:01:21.796+0000] {dag.py:3823} INFO - Setting next_dagrun for example_local_kubernetes_executor to None, run_after=None
[2025-05-07T20:01:21.817+0000] {processor.py:183} INFO - Processing /home/airflow/.local/lib/python3.8/site-packages/airflow/example_dags/example_local_kubernetes_executor.py took 0.097 seconds
[2025-05-07T20:01:52.573+0000] {processor.py:161} INFO - Started process (PID=3276) to work on /home/airflow/.local/lib/python3.8/site-packages/airflow/example_dags/example_local_kubernetes_executor.py
[2025-05-07T20:01:52.574+0000] {processor.py:830} INFO - Processing file /home/airflow/.local/lib/python3.8/site-packages/airflow/example_dags/example_local_kubernetes_executor.py for tasks to queue
[2025-05-07T20:01:52.576+0000] {logging_mixin.py:188} INFO - [2025-05-07T20:01:52.576+0000] {dagbag.py:538} INFO - Filling up the DagBag from /home/airflow/.local/lib/python3.8/site-packages/airflow/example_dags/example_local_kubernetes_executor.py
[2025-05-07T20:01:52.585+0000] {processor.py:840} INFO - DAG(s) 'example_local_kubernetes_executor' retrieved from /home/airflow/.local/lib/python3.8/site-packages/airflow/example_dags/example_local_kubernetes_executor.py
[2025-05-07T20:01:52.619+0000] {logging_mixin.py:188} INFO - [2025-05-07T20:01:52.619+0000] {dag.py:3036} INFO - Sync 1 DAGs
[2025-05-07T20:01:52.631+0000] {logging_mixin.py:188} INFO - [2025-05-07T20:01:52.631+0000] {dag.py:3823} INFO - Setting next_dagrun for example_local_kubernetes_executor to None, run_after=None
[2025-05-07T20:01:52.654+0000] {processor.py:183} INFO - Processing /home/airflow/.local/lib/python3.8/site-packages/airflow/example_dags/example_local_kubernetes_executor.py took 0.085 seconds
[2025-05-07T20:02:22.944+0000] {processor.py:161} INFO - Started process (PID=3333) to work on /home/airflow/.local/lib/python3.8/site-packages/airflow/example_dags/example_local_kubernetes_executor.py
[2025-05-07T20:02:22.946+0000] {processor.py:830} INFO - Processing file /home/airflow/.local/lib/python3.8/site-packages/airflow/example_dags/example_local_kubernetes_executor.py for tasks to queue
[2025-05-07T20:02:22.950+0000] {logging_mixin.py:188} INFO - [2025-05-07T20:02:22.949+0000] {dagbag.py:538} INFO - Filling up the DagBag from /home/airflow/.local/lib/python3.8/site-packages/airflow/example_dags/example_local_kubernetes_executor.py
[2025-05-07T20:02:22.962+0000] {processor.py:840} INFO - DAG(s) 'example_local_kubernetes_executor' retrieved from /home/airflow/.local/lib/python3.8/site-packages/airflow/example_dags/example_local_kubernetes_executor.py
[2025-05-07T20:02:23.004+0000] {logging_mixin.py:188} INFO - [2025-05-07T20:02:23.003+0000] {dag.py:3036} INFO - Sync 1 DAGs
[2025-05-07T20:02:23.017+0000] {logging_mixin.py:188} INFO - [2025-05-07T20:02:23.016+0000] {dag.py:3823} INFO - Setting next_dagrun for example_local_kubernetes_executor to None, run_after=None
[2025-05-07T20:02:23.039+0000] {processor.py:183} INFO - Processing /home/airflow/.local/lib/python3.8/site-packages/airflow/example_dags/example_local_kubernetes_executor.py took 0.101 seconds
[2025-05-07T20:02:53.374+0000] {processor.py:161} INFO - Started process (PID=3391) to work on /home/airflow/.local/lib/python3.8/site-packages/airflow/example_dags/example_local_kubernetes_executor.py
[2025-05-07T20:02:53.375+0000] {processor.py:830} INFO - Processing file /home/airflow/.local/lib/python3.8/site-packages/airflow/example_dags/example_local_kubernetes_executor.py for tasks to queue
[2025-05-07T20:02:53.377+0000] {logging_mixin.py:188} INFO - [2025-05-07T20:02:53.377+0000] {dagbag.py:538} INFO - Filling up the DagBag from /home/airflow/.local/lib/python3.8/site-packages/airflow/example_dags/example_local_kubernetes_executor.py
[2025-05-07T20:02:53.386+0000] {processor.py:840} INFO - DAG(s) 'example_local_kubernetes_executor' retrieved from /home/airflow/.local/lib/python3.8/site-packages/airflow/example_dags/example_local_kubernetes_executor.py
[2025-05-07T20:02:53.420+0000] {logging_mixin.py:188} INFO - [2025-05-07T20:02:53.420+0000] {dag.py:3036} INFO - Sync 1 DAGs
[2025-05-07T20:02:53.432+0000] {logging_mixin.py:188} INFO - [2025-05-07T20:02:53.432+0000] {dag.py:3823} INFO - Setting next_dagrun for example_local_kubernetes_executor to None, run_after=None
[2025-05-07T20:02:53.672+0000] {processor.py:183} INFO - Processing /home/airflow/.local/lib/python3.8/site-packages/airflow/example_dags/example_local_kubernetes_executor.py took 0.301 seconds
[2025-05-07T20:03:24.579+0000] {processor.py:161} INFO - Started process (PID=3448) to work on /home/airflow/.local/lib/python3.8/site-packages/airflow/example_dags/example_local_kubernetes_executor.py
[2025-05-07T20:03:24.580+0000] {processor.py:830} INFO - Processing file /home/airflow/.local/lib/python3.8/site-packages/airflow/example_dags/example_local_kubernetes_executor.py for tasks to queue
[2025-05-07T20:03:24.583+0000] {logging_mixin.py:188} INFO - [2025-05-07T20:03:24.583+0000] {dagbag.py:538} INFO - Filling up the DagBag from /home/airflow/.local/lib/python3.8/site-packages/airflow/example_dags/example_local_kubernetes_executor.py
[2025-05-07T20:03:24.593+0000] {processor.py:840} INFO - DAG(s) 'example_local_kubernetes_executor' retrieved from /home/airflow/.local/lib/python3.8/site-packages/airflow/example_dags/example_local_kubernetes_executor.py
[2025-05-07T20:03:24.633+0000] {logging_mixin.py:188} INFO - [2025-05-07T20:03:24.633+0000] {dag.py:3036} INFO - Sync 1 DAGs
[2025-05-07T20:03:24.647+0000] {logging_mixin.py:188} INFO - [2025-05-07T20:03:24.646+0000] {dag.py:3823} INFO - Setting next_dagrun for example_local_kubernetes_executor to None, run_after=None
[2025-05-07T20:03:24.670+0000] {processor.py:183} INFO - Processing /home/airflow/.local/lib/python3.8/site-packages/airflow/example_dags/example_local_kubernetes_executor.py took 0.096 seconds
[2025-05-07T20:03:54.950+0000] {processor.py:161} INFO - Started process (PID=3505) to work on /home/airflow/.local/lib/python3.8/site-packages/airflow/example_dags/example_local_kubernetes_executor.py
[2025-05-07T20:03:54.952+0000] {processor.py:830} INFO - Processing file /home/airflow/.local/lib/python3.8/site-packages/airflow/example_dags/example_local_kubernetes_executor.py for tasks to queue
[2025-05-07T20:03:54.954+0000] {logging_mixin.py:188} INFO - [2025-05-07T20:03:54.953+0000] {dagbag.py:538} INFO - Filling up the DagBag from /home/airflow/.local/lib/python3.8/site-packages/airflow/example_dags/example_local_kubernetes_executor.py
[2025-05-07T20:03:54.962+0000] {processor.py:840} INFO - DAG(s) 'example_local_kubernetes_executor' retrieved from /home/airflow/.local/lib/python3.8/site-packages/airflow/example_dags/example_local_kubernetes_executor.py
[2025-05-07T20:03:54.996+0000] {logging_mixin.py:188} INFO - [2025-05-07T20:03:54.995+0000] {dag.py:3036} INFO - Sync 1 DAGs
[2025-05-07T20:03:55.007+0000] {logging_mixin.py:188} INFO - [2025-05-07T20:03:55.007+0000] {dag.py:3823} INFO - Setting next_dagrun for example_local_kubernetes_executor to None, run_after=None
[2025-05-07T20:03:55.028+0000] {processor.py:183} INFO - Processing /home/airflow/.local/lib/python3.8/site-packages/airflow/example_dags/example_local_kubernetes_executor.py took 0.081 seconds
[2025-05-07T20:04:25.633+0000] {processor.py:161} INFO - Started process (PID=3562) to work on /home/airflow/.local/lib/python3.8/site-packages/airflow/example_dags/example_local_kubernetes_executor.py
[2025-05-07T20:04:25.634+0000] {processor.py:830} INFO - Processing file /home/airflow/.local/lib/python3.8/site-packages/airflow/example_dags/example_local_kubernetes_executor.py for tasks to queue
[2025-05-07T20:04:25.637+0000] {logging_mixin.py:188} INFO - [2025-05-07T20:04:25.636+0000] {dagbag.py:538} INFO - Filling up the DagBag from /home/airflow/.local/lib/python3.8/site-packages/airflow/example_dags/example_local_kubernetes_executor.py
[2025-05-07T20:04:25.644+0000] {processor.py:840} INFO - DAG(s) 'example_local_kubernetes_executor' retrieved from /home/airflow/.local/lib/python3.8/site-packages/airflow/example_dags/example_local_kubernetes_executor.py
[2025-05-07T20:04:25.678+0000] {logging_mixin.py:188} INFO - [2025-05-07T20:04:25.678+0000] {dag.py:3036} INFO - Sync 1 DAGs
[2025-05-07T20:04:25.691+0000] {logging_mixin.py:188} INFO - [2025-05-07T20:04:25.691+0000] {dag.py:3823} INFO - Setting next_dagrun for example_local_kubernetes_executor to None, run_after=None
[2025-05-07T20:04:25.711+0000] {processor.py:183} INFO - Processing /home/airflow/.local/lib/python3.8/site-packages/airflow/example_dags/example_local_kubernetes_executor.py took 0.081 seconds
[2025-05-07T20:04:55.947+0000] {processor.py:161} INFO - Started process (PID=3619) to work on /home/airflow/.local/lib/python3.8/site-packages/airflow/example_dags/example_local_kubernetes_executor.py
[2025-05-07T20:04:55.949+0000] {processor.py:830} INFO - Processing file /home/airflow/.local/lib/python3.8/site-packages/airflow/example_dags/example_local_kubernetes_executor.py for tasks to queue
[2025-05-07T20:04:55.951+0000] {logging_mixin.py:188} INFO - [2025-05-07T20:04:55.951+0000] {dagbag.py:538} INFO - Filling up the DagBag from /home/airflow/.local/lib/python3.8/site-packages/airflow/example_dags/example_local_kubernetes_executor.py
[2025-05-07T20:04:55.961+0000] {processor.py:840} INFO - DAG(s) 'example_local_kubernetes_executor' retrieved from /home/airflow/.local/lib/python3.8/site-packages/airflow/example_dags/example_local_kubernetes_executor.py
[2025-05-07T20:04:55.997+0000] {logging_mixin.py:188} INFO - [2025-05-07T20:04:55.996+0000] {dag.py:3036} INFO - Sync 1 DAGs
[2025-05-07T20:04:56.008+0000] {logging_mixin.py:188} INFO - [2025-05-07T20:04:56.008+0000] {dag.py:3823} INFO - Setting next_dagrun for example_local_kubernetes_executor to None, run_after=None
[2025-05-07T20:04:56.028+0000] {processor.py:183} INFO - Processing /home/airflow/.local/lib/python3.8/site-packages/airflow/example_dags/example_local_kubernetes_executor.py took 0.085 seconds
[2025-05-07T20:05:26.459+0000] {processor.py:161} INFO - Started process (PID=3676) to work on /home/airflow/.local/lib/python3.8/site-packages/airflow/example_dags/example_local_kubernetes_executor.py
[2025-05-07T20:05:26.462+0000] {processor.py:830} INFO - Processing file /home/airflow/.local/lib/python3.8/site-packages/airflow/example_dags/example_local_kubernetes_executor.py for tasks to queue
[2025-05-07T20:05:26.468+0000] {logging_mixin.py:188} INFO - [2025-05-07T20:05:26.468+0000] {dagbag.py:538} INFO - Filling up the DagBag from /home/airflow/.local/lib/python3.8/site-packages/airflow/example_dags/example_local_kubernetes_executor.py
[2025-05-07T20:05:26.486+0000] {processor.py:840} INFO - DAG(s) 'example_local_kubernetes_executor' retrieved from /home/airflow/.local/lib/python3.8/site-packages/airflow/example_dags/example_local_kubernetes_executor.py
[2025-05-07T20:05:26.534+0000] {logging_mixin.py:188} INFO - [2025-05-07T20:05:26.534+0000] {dag.py:3036} INFO - Sync 1 DAGs
[2025-05-07T20:05:26.548+0000] {logging_mixin.py:188} INFO - [2025-05-07T20:05:26.548+0000] {dag.py:3823} INFO - Setting next_dagrun for example_local_kubernetes_executor to None, run_after=None
[2025-05-07T20:05:26.572+0000] {processor.py:183} INFO - Processing /home/airflow/.local/lib/python3.8/site-packages/airflow/example_dags/example_local_kubernetes_executor.py took 0.120 seconds
[2025-05-07T20:05:57.519+0000] {processor.py:161} INFO - Started process (PID=3733) to work on /home/airflow/.local/lib/python3.8/site-packages/airflow/example_dags/example_local_kubernetes_executor.py
[2025-05-07T20:05:57.521+0000] {processor.py:830} INFO - Processing file /home/airflow/.local/lib/python3.8/site-packages/airflow/example_dags/example_local_kubernetes_executor.py for tasks to queue
[2025-05-07T20:05:57.524+0000] {logging_mixin.py:188} INFO - [2025-05-07T20:05:57.523+0000] {dagbag.py:538} INFO - Filling up the DagBag from /home/airflow/.local/lib/python3.8/site-packages/airflow/example_dags/example_local_kubernetes_executor.py
[2025-05-07T20:05:57.533+0000] {processor.py:840} INFO - DAG(s) 'example_local_kubernetes_executor' retrieved from /home/airflow/.local/lib/python3.8/site-packages/airflow/example_dags/example_local_kubernetes_executor.py
[2025-05-07T20:05:57.568+0000] {logging_mixin.py:188} INFO - [2025-05-07T20:05:57.567+0000] {dag.py:3036} INFO - Sync 1 DAGs
[2025-05-07T20:05:57.581+0000] {logging_mixin.py:188} INFO - [2025-05-07T20:05:57.581+0000] {dag.py:3823} INFO - Setting next_dagrun for example_local_kubernetes_executor to None, run_after=None
[2025-05-07T20:05:57.603+0000] {processor.py:183} INFO - Processing /home/airflow/.local/lib/python3.8/site-packages/airflow/example_dags/example_local_kubernetes_executor.py took 0.090 seconds
[2025-05-07T20:06:27.864+0000] {processor.py:161} INFO - Started process (PID=3790) to work on /home/airflow/.local/lib/python3.8/site-packages/airflow/example_dags/example_local_kubernetes_executor.py
[2025-05-07T20:06:27.865+0000] {processor.py:830} INFO - Processing file /home/airflow/.local/lib/python3.8/site-packages/airflow/example_dags/example_local_kubernetes_executor.py for tasks to queue
[2025-05-07T20:06:27.867+0000] {logging_mixin.py:188} INFO - [2025-05-07T20:06:27.867+0000] {dagbag.py:538} INFO - Filling up the DagBag from /home/airflow/.local/lib/python3.8/site-packages/airflow/example_dags/example_local_kubernetes_executor.py
[2025-05-07T20:06:27.875+0000] {processor.py:840} INFO - DAG(s) 'example_local_kubernetes_executor' retrieved from /home/airflow/.local/lib/python3.8/site-packages/airflow/example_dags/example_local_kubernetes_executor.py
[2025-05-07T20:06:27.909+0000] {logging_mixin.py:188} INFO - [2025-05-07T20:06:27.908+0000] {dag.py:3036} INFO - Sync 1 DAGs
[2025-05-07T20:06:27.921+0000] {logging_mixin.py:188} INFO - [2025-05-07T20:06:27.920+0000] {dag.py:3823} INFO - Setting next_dagrun for example_local_kubernetes_executor to None, run_after=None
[2025-05-07T20:06:27.944+0000] {processor.py:183} INFO - Processing /home/airflow/.local/lib/python3.8/site-packages/airflow/example_dags/example_local_kubernetes_executor.py took 0.084 seconds
[2025-05-07T20:06:58.361+0000] {processor.py:161} INFO - Started process (PID=3847) to work on /home/airflow/.local/lib/python3.8/site-packages/airflow/example_dags/example_local_kubernetes_executor.py
[2025-05-07T20:06:58.363+0000] {processor.py:830} INFO - Processing file /home/airflow/.local/lib/python3.8/site-packages/airflow/example_dags/example_local_kubernetes_executor.py for tasks to queue
[2025-05-07T20:06:58.365+0000] {logging_mixin.py:188} INFO - [2025-05-07T20:06:58.364+0000] {dagbag.py:538} INFO - Filling up the DagBag from /home/airflow/.local/lib/python3.8/site-packages/airflow/example_dags/example_local_kubernetes_executor.py
[2025-05-07T20:06:58.372+0000] {processor.py:840} INFO - DAG(s) 'example_local_kubernetes_executor' retrieved from /home/airflow/.local/lib/python3.8/site-packages/airflow/example_dags/example_local_kubernetes_executor.py
[2025-05-07T20:06:58.405+0000] {logging_mixin.py:188} INFO - [2025-05-07T20:06:58.405+0000] {dag.py:3036} INFO - Sync 1 DAGs
[2025-05-07T20:06:58.417+0000] {logging_mixin.py:188} INFO - [2025-05-07T20:06:58.417+0000] {dag.py:3823} INFO - Setting next_dagrun for example_local_kubernetes_executor to None, run_after=None
[2025-05-07T20:06:58.438+0000] {processor.py:183} INFO - Processing /home/airflow/.local/lib/python3.8/site-packages/airflow/example_dags/example_local_kubernetes_executor.py took 0.080 seconds
[2025-05-07T20:07:29.258+0000] {processor.py:161} INFO - Started process (PID=3904) to work on /home/airflow/.local/lib/python3.8/site-packages/airflow/example_dags/example_local_kubernetes_executor.py
[2025-05-07T20:07:29.259+0000] {processor.py:830} INFO - Processing file /home/airflow/.local/lib/python3.8/site-packages/airflow/example_dags/example_local_kubernetes_executor.py for tasks to queue
[2025-05-07T20:07:29.263+0000] {logging_mixin.py:188} INFO - [2025-05-07T20:07:29.263+0000] {dagbag.py:538} INFO - Filling up the DagBag from /home/airflow/.local/lib/python3.8/site-packages/airflow/example_dags/example_local_kubernetes_executor.py
[2025-05-07T20:07:29.275+0000] {processor.py:840} INFO - DAG(s) 'example_local_kubernetes_executor' retrieved from /home/airflow/.local/lib/python3.8/site-packages/airflow/example_dags/example_local_kubernetes_executor.py
[2025-05-07T20:07:29.317+0000] {logging_mixin.py:188} INFO - [2025-05-07T20:07:29.317+0000] {dag.py:3036} INFO - Sync 1 DAGs
[2025-05-07T20:07:29.331+0000] {logging_mixin.py:188} INFO - [2025-05-07T20:07:29.330+0000] {dag.py:3823} INFO - Setting next_dagrun for example_local_kubernetes_executor to None, run_after=None
[2025-05-07T20:07:29.352+0000] {processor.py:183} INFO - Processing /home/airflow/.local/lib/python3.8/site-packages/airflow/example_dags/example_local_kubernetes_executor.py took 0.097 seconds
[2025-05-07T20:07:59.819+0000] {processor.py:161} INFO - Started process (PID=3961) to work on /home/airflow/.local/lib/python3.8/site-packages/airflow/example_dags/example_local_kubernetes_executor.py
[2025-05-07T20:07:59.822+0000] {processor.py:830} INFO - Processing file /home/airflow/.local/lib/python3.8/site-packages/airflow/example_dags/example_local_kubernetes_executor.py for tasks to queue
[2025-05-07T20:07:59.827+0000] {logging_mixin.py:188} INFO - [2025-05-07T20:07:59.827+0000] {dagbag.py:538} INFO - Filling up the DagBag from /home/airflow/.local/lib/python3.8/site-packages/airflow/example_dags/example_local_kubernetes_executor.py
[2025-05-07T20:07:59.841+0000] {processor.py:840} INFO - DAG(s) 'example_local_kubernetes_executor' retrieved from /home/airflow/.local/lib/python3.8/site-packages/airflow/example_dags/example_local_kubernetes_executor.py
[2025-05-07T20:07:59.884+0000] {logging_mixin.py:188} INFO - [2025-05-07T20:07:59.884+0000] {dag.py:3036} INFO - Sync 1 DAGs
[2025-05-07T20:07:59.898+0000] {logging_mixin.py:188} INFO - [2025-05-07T20:07:59.898+0000] {dag.py:3823} INFO - Setting next_dagrun for example_local_kubernetes_executor to None, run_after=None
[2025-05-07T20:07:59.920+0000] {processor.py:183} INFO - Processing /home/airflow/.local/lib/python3.8/site-packages/airflow/example_dags/example_local_kubernetes_executor.py took 0.105 seconds
[2025-05-07T20:08:30.826+0000] {processor.py:161} INFO - Started process (PID=4018) to work on /home/airflow/.local/lib/python3.8/site-packages/airflow/example_dags/example_local_kubernetes_executor.py
[2025-05-07T20:08:30.829+0000] {processor.py:830} INFO - Processing file /home/airflow/.local/lib/python3.8/site-packages/airflow/example_dags/example_local_kubernetes_executor.py for tasks to queue
[2025-05-07T20:08:30.832+0000] {logging_mixin.py:188} INFO - [2025-05-07T20:08:30.832+0000] {dagbag.py:538} INFO - Filling up the DagBag from /home/airflow/.local/lib/python3.8/site-packages/airflow/example_dags/example_local_kubernetes_executor.py
[2025-05-07T20:08:30.847+0000] {processor.py:840} INFO - DAG(s) 'example_local_kubernetes_executor' retrieved from /home/airflow/.local/lib/python3.8/site-packages/airflow/example_dags/example_local_kubernetes_executor.py
[2025-05-07T20:08:30.896+0000] {logging_mixin.py:188} INFO - [2025-05-07T20:08:30.896+0000] {dag.py:3036} INFO - Sync 1 DAGs
[2025-05-07T20:08:30.908+0000] {logging_mixin.py:188} INFO - [2025-05-07T20:08:30.908+0000] {dag.py:3823} INFO - Setting next_dagrun for example_local_kubernetes_executor to None, run_after=None
[2025-05-07T20:08:30.930+0000] {processor.py:183} INFO - Processing /home/airflow/.local/lib/python3.8/site-packages/airflow/example_dags/example_local_kubernetes_executor.py took 0.112 seconds
[2025-05-07T20:09:00.981+0000] {processor.py:161} INFO - Started process (PID=4075) to work on /home/airflow/.local/lib/python3.8/site-packages/airflow/example_dags/example_local_kubernetes_executor.py
[2025-05-07T20:09:00.982+0000] {processor.py:830} INFO - Processing file /home/airflow/.local/lib/python3.8/site-packages/airflow/example_dags/example_local_kubernetes_executor.py for tasks to queue
[2025-05-07T20:09:00.985+0000] {logging_mixin.py:188} INFO - [2025-05-07T20:09:00.985+0000] {dagbag.py:538} INFO - Filling up the DagBag from /home/airflow/.local/lib/python3.8/site-packages/airflow/example_dags/example_local_kubernetes_executor.py
[2025-05-07T20:09:00.995+0000] {processor.py:840} INFO - DAG(s) 'example_local_kubernetes_executor' retrieved from /home/airflow/.local/lib/python3.8/site-packages/airflow/example_dags/example_local_kubernetes_executor.py
[2025-05-07T20:09:01.035+0000] {logging_mixin.py:188} INFO - [2025-05-07T20:09:01.035+0000] {dag.py:3036} INFO - Sync 1 DAGs
[2025-05-07T20:09:01.049+0000] {logging_mixin.py:188} INFO - [2025-05-07T20:09:01.049+0000] {dag.py:3823} INFO - Setting next_dagrun for example_local_kubernetes_executor to None, run_after=None
[2025-05-07T20:09:01.071+0000] {processor.py:183} INFO - Processing /home/airflow/.local/lib/python3.8/site-packages/airflow/example_dags/example_local_kubernetes_executor.py took 0.095 seconds
[2025-05-07T20:09:31.325+0000] {processor.py:161} INFO - Started process (PID=4132) to work on /home/airflow/.local/lib/python3.8/site-packages/airflow/example_dags/example_local_kubernetes_executor.py
[2025-05-07T20:09:31.327+0000] {processor.py:830} INFO - Processing file /home/airflow/.local/lib/python3.8/site-packages/airflow/example_dags/example_local_kubernetes_executor.py for tasks to queue
[2025-05-07T20:09:31.329+0000] {logging_mixin.py:188} INFO - [2025-05-07T20:09:31.329+0000] {dagbag.py:538} INFO - Filling up the DagBag from /home/airflow/.local/lib/python3.8/site-packages/airflow/example_dags/example_local_kubernetes_executor.py
[2025-05-07T20:09:31.338+0000] {processor.py:840} INFO - DAG(s) 'example_local_kubernetes_executor' retrieved from /home/airflow/.local/lib/python3.8/site-packages/airflow/example_dags/example_local_kubernetes_executor.py
[2025-05-07T20:09:31.376+0000] {logging_mixin.py:188} INFO - [2025-05-07T20:09:31.376+0000] {dag.py:3036} INFO - Sync 1 DAGs
[2025-05-07T20:09:31.389+0000] {logging_mixin.py:188} INFO - [2025-05-07T20:09:31.388+0000] {dag.py:3823} INFO - Setting next_dagrun for example_local_kubernetes_executor to None, run_after=None
[2025-05-07T20:09:31.412+0000] {processor.py:183} INFO - Processing /home/airflow/.local/lib/python3.8/site-packages/airflow/example_dags/example_local_kubernetes_executor.py took 0.090 seconds
[2025-05-07T20:10:02.159+0000] {processor.py:161} INFO - Started process (PID=4189) to work on /home/airflow/.local/lib/python3.8/site-packages/airflow/example_dags/example_local_kubernetes_executor.py
[2025-05-07T20:10:02.161+0000] {processor.py:830} INFO - Processing file /home/airflow/.local/lib/python3.8/site-packages/airflow/example_dags/example_local_kubernetes_executor.py for tasks to queue
[2025-05-07T20:10:02.164+0000] {logging_mixin.py:188} INFO - [2025-05-07T20:10:02.163+0000] {dagbag.py:538} INFO - Filling up the DagBag from /home/airflow/.local/lib/python3.8/site-packages/airflow/example_dags/example_local_kubernetes_executor.py
[2025-05-07T20:10:02.177+0000] {processor.py:840} INFO - DAG(s) 'example_local_kubernetes_executor' retrieved from /home/airflow/.local/lib/python3.8/site-packages/airflow/example_dags/example_local_kubernetes_executor.py
[2025-05-07T20:10:02.229+0000] {logging_mixin.py:188} INFO - [2025-05-07T20:10:02.228+0000] {dag.py:3036} INFO - Sync 1 DAGs
[2025-05-07T20:10:02.247+0000] {logging_mixin.py:188} INFO - [2025-05-07T20:10:02.247+0000] {dag.py:3823} INFO - Setting next_dagrun for example_local_kubernetes_executor to None, run_after=None
[2025-05-07T20:10:02.270+0000] {processor.py:183} INFO - Processing /home/airflow/.local/lib/python3.8/site-packages/airflow/example_dags/example_local_kubernetes_executor.py took 0.114 seconds
[2025-05-07T20:10:32.535+0000] {processor.py:161} INFO - Started process (PID=4246) to work on /home/airflow/.local/lib/python3.8/site-packages/airflow/example_dags/example_local_kubernetes_executor.py
[2025-05-07T20:10:32.537+0000] {processor.py:830} INFO - Processing file /home/airflow/.local/lib/python3.8/site-packages/airflow/example_dags/example_local_kubernetes_executor.py for tasks to queue
[2025-05-07T20:10:32.540+0000] {logging_mixin.py:188} INFO - [2025-05-07T20:10:32.540+0000] {dagbag.py:538} INFO - Filling up the DagBag from /home/airflow/.local/lib/python3.8/site-packages/airflow/example_dags/example_local_kubernetes_executor.py
[2025-05-07T20:10:32.552+0000] {processor.py:840} INFO - DAG(s) 'example_local_kubernetes_executor' retrieved from /home/airflow/.local/lib/python3.8/site-packages/airflow/example_dags/example_local_kubernetes_executor.py
[2025-05-07T20:10:32.593+0000] {logging_mixin.py:188} INFO - [2025-05-07T20:10:32.593+0000] {dag.py:3036} INFO - Sync 1 DAGs
[2025-05-07T20:10:32.609+0000] {logging_mixin.py:188} INFO - [2025-05-07T20:10:32.608+0000] {dag.py:3823} INFO - Setting next_dagrun for example_local_kubernetes_executor to None, run_after=None
[2025-05-07T20:10:32.635+0000] {processor.py:183} INFO - Processing /home/airflow/.local/lib/python3.8/site-packages/airflow/example_dags/example_local_kubernetes_executor.py took 0.105 seconds
[2025-05-07T20:11:03.111+0000] {processor.py:161} INFO - Started process (PID=4303) to work on /home/airflow/.local/lib/python3.8/site-packages/airflow/example_dags/example_local_kubernetes_executor.py
[2025-05-07T20:11:03.113+0000] {processor.py:830} INFO - Processing file /home/airflow/.local/lib/python3.8/site-packages/airflow/example_dags/example_local_kubernetes_executor.py for tasks to queue
[2025-05-07T20:11:03.115+0000] {logging_mixin.py:188} INFO - [2025-05-07T20:11:03.115+0000] {dagbag.py:538} INFO - Filling up the DagBag from /home/airflow/.local/lib/python3.8/site-packages/airflow/example_dags/example_local_kubernetes_executor.py
[2025-05-07T20:11:03.124+0000] {processor.py:840} INFO - DAG(s) 'example_local_kubernetes_executor' retrieved from /home/airflow/.local/lib/python3.8/site-packages/airflow/example_dags/example_local_kubernetes_executor.py
[2025-05-07T20:11:03.158+0000] {logging_mixin.py:188} INFO - [2025-05-07T20:11:03.157+0000] {dag.py:3036} INFO - Sync 1 DAGs
[2025-05-07T20:11:03.174+0000] {logging_mixin.py:188} INFO - [2025-05-07T20:11:03.174+0000] {dag.py:3823} INFO - Setting next_dagrun for example_local_kubernetes_executor to None, run_after=None
[2025-05-07T20:11:03.200+0000] {processor.py:183} INFO - Processing /home/airflow/.local/lib/python3.8/site-packages/airflow/example_dags/example_local_kubernetes_executor.py took 0.092 seconds
[2025-05-07T20:11:33.340+0000] {processor.py:161} INFO - Started process (PID=4360) to work on /home/airflow/.local/lib/python3.8/site-packages/airflow/example_dags/example_local_kubernetes_executor.py
[2025-05-07T20:11:33.342+0000] {processor.py:830} INFO - Processing file /home/airflow/.local/lib/python3.8/site-packages/airflow/example_dags/example_local_kubernetes_executor.py for tasks to queue
[2025-05-07T20:11:33.345+0000] {logging_mixin.py:188} INFO - [2025-05-07T20:11:33.344+0000] {dagbag.py:538} INFO - Filling up the DagBag from /home/airflow/.local/lib/python3.8/site-packages/airflow/example_dags/example_local_kubernetes_executor.py
[2025-05-07T20:11:33.352+0000] {processor.py:840} INFO - DAG(s) 'example_local_kubernetes_executor' retrieved from /home/airflow/.local/lib/python3.8/site-packages/airflow/example_dags/example_local_kubernetes_executor.py
[2025-05-07T20:11:33.388+0000] {logging_mixin.py:188} INFO - [2025-05-07T20:11:33.387+0000] {dag.py:3036} INFO - Sync 1 DAGs
[2025-05-07T20:11:33.403+0000] {logging_mixin.py:188} INFO - [2025-05-07T20:11:33.402+0000] {dag.py:3823} INFO - Setting next_dagrun for example_local_kubernetes_executor to None, run_after=None
[2025-05-07T20:11:33.429+0000] {processor.py:183} INFO - Processing /home/airflow/.local/lib/python3.8/site-packages/airflow/example_dags/example_local_kubernetes_executor.py took 0.093 seconds
[2025-05-07T20:12:03.602+0000] {processor.py:161} INFO - Started process (PID=4417) to work on /home/airflow/.local/lib/python3.8/site-packages/airflow/example_dags/example_local_kubernetes_executor.py
[2025-05-07T20:12:03.605+0000] {processor.py:830} INFO - Processing file /home/airflow/.local/lib/python3.8/site-packages/airflow/example_dags/example_local_kubernetes_executor.py for tasks to queue
[2025-05-07T20:12:03.610+0000] {logging_mixin.py:188} INFO - [2025-05-07T20:12:03.609+0000] {dagbag.py:538} INFO - Filling up the DagBag from /home/airflow/.local/lib/python3.8/site-packages/airflow/example_dags/example_local_kubernetes_executor.py
[2025-05-07T20:12:03.626+0000] {processor.py:840} INFO - DAG(s) 'example_local_kubernetes_executor' retrieved from /home/airflow/.local/lib/python3.8/site-packages/airflow/example_dags/example_local_kubernetes_executor.py
[2025-05-07T20:12:03.668+0000] {logging_mixin.py:188} INFO - [2025-05-07T20:12:03.668+0000] {dag.py:3036} INFO - Sync 1 DAGs
[2025-05-07T20:12:03.681+0000] {logging_mixin.py:188} INFO - [2025-05-07T20:12:03.681+0000] {dag.py:3823} INFO - Setting next_dagrun for example_local_kubernetes_executor to None, run_after=None
[2025-05-07T20:12:03.704+0000] {processor.py:183} INFO - Processing /home/airflow/.local/lib/python3.8/site-packages/airflow/example_dags/example_local_kubernetes_executor.py took 0.109 seconds
[2025-05-07T20:12:34.610+0000] {processor.py:161} INFO - Started process (PID=4474) to work on /home/airflow/.local/lib/python3.8/site-packages/airflow/example_dags/example_local_kubernetes_executor.py
[2025-05-07T20:12:34.613+0000] {processor.py:830} INFO - Processing file /home/airflow/.local/lib/python3.8/site-packages/airflow/example_dags/example_local_kubernetes_executor.py for tasks to queue
[2025-05-07T20:12:34.618+0000] {logging_mixin.py:188} INFO - [2025-05-07T20:12:34.618+0000] {dagbag.py:538} INFO - Filling up the DagBag from /home/airflow/.local/lib/python3.8/site-packages/airflow/example_dags/example_local_kubernetes_executor.py
[2025-05-07T20:12:34.637+0000] {processor.py:840} INFO - DAG(s) 'example_local_kubernetes_executor' retrieved from /home/airflow/.local/lib/python3.8/site-packages/airflow/example_dags/example_local_kubernetes_executor.py
[2025-05-07T20:12:34.703+0000] {logging_mixin.py:188} INFO - [2025-05-07T20:12:34.703+0000] {dag.py:3036} INFO - Sync 1 DAGs
[2025-05-07T20:12:34.716+0000] {logging_mixin.py:188} INFO - [2025-05-07T20:12:34.716+0000] {dag.py:3823} INFO - Setting next_dagrun for example_local_kubernetes_executor to None, run_after=None
[2025-05-07T20:12:34.741+0000] {processor.py:183} INFO - Processing /home/airflow/.local/lib/python3.8/site-packages/airflow/example_dags/example_local_kubernetes_executor.py took 0.138 seconds
[2025-05-07T20:13:04.816+0000] {processor.py:161} INFO - Started process (PID=4531) to work on /home/airflow/.local/lib/python3.8/site-packages/airflow/example_dags/example_local_kubernetes_executor.py
[2025-05-07T20:13:04.818+0000] {processor.py:830} INFO - Processing file /home/airflow/.local/lib/python3.8/site-packages/airflow/example_dags/example_local_kubernetes_executor.py for tasks to queue
[2025-05-07T20:13:04.821+0000] {logging_mixin.py:188} INFO - [2025-05-07T20:13:04.820+0000] {dagbag.py:538} INFO - Filling up the DagBag from /home/airflow/.local/lib/python3.8/site-packages/airflow/example_dags/example_local_kubernetes_executor.py
[2025-05-07T20:13:04.829+0000] {processor.py:840} INFO - DAG(s) 'example_local_kubernetes_executor' retrieved from /home/airflow/.local/lib/python3.8/site-packages/airflow/example_dags/example_local_kubernetes_executor.py
[2025-05-07T20:13:04.867+0000] {logging_mixin.py:188} INFO - [2025-05-07T20:13:04.867+0000] {dag.py:3036} INFO - Sync 1 DAGs
[2025-05-07T20:13:04.881+0000] {logging_mixin.py:188} INFO - [2025-05-07T20:13:04.880+0000] {dag.py:3823} INFO - Setting next_dagrun for example_local_kubernetes_executor to None, run_after=None
[2025-05-07T20:13:04.908+0000] {processor.py:183} INFO - Processing /home/airflow/.local/lib/python3.8/site-packages/airflow/example_dags/example_local_kubernetes_executor.py took 0.095 seconds
[2025-05-07T20:13:35.883+0000] {processor.py:161} INFO - Started process (PID=4588) to work on /home/airflow/.local/lib/python3.8/site-packages/airflow/example_dags/example_local_kubernetes_executor.py
[2025-05-07T20:13:35.885+0000] {processor.py:830} INFO - Processing file /home/airflow/.local/lib/python3.8/site-packages/airflow/example_dags/example_local_kubernetes_executor.py for tasks to queue
[2025-05-07T20:13:35.887+0000] {logging_mixin.py:188} INFO - [2025-05-07T20:13:35.887+0000] {dagbag.py:538} INFO - Filling up the DagBag from /home/airflow/.local/lib/python3.8/site-packages/airflow/example_dags/example_local_kubernetes_executor.py
[2025-05-07T20:13:35.896+0000] {processor.py:840} INFO - DAG(s) 'example_local_kubernetes_executor' retrieved from /home/airflow/.local/lib/python3.8/site-packages/airflow/example_dags/example_local_kubernetes_executor.py
[2025-05-07T20:13:35.935+0000] {logging_mixin.py:188} INFO - [2025-05-07T20:13:35.935+0000] {dag.py:3036} INFO - Sync 1 DAGs
[2025-05-07T20:13:35.950+0000] {logging_mixin.py:188} INFO - [2025-05-07T20:13:35.950+0000] {dag.py:3823} INFO - Setting next_dagrun for example_local_kubernetes_executor to None, run_after=None
[2025-05-07T20:13:35.971+0000] {processor.py:183} INFO - Processing /home/airflow/.local/lib/python3.8/site-packages/airflow/example_dags/example_local_kubernetes_executor.py took 0.091 seconds
[2025-05-07T20:14:06.694+0000] {processor.py:161} INFO - Started process (PID=4645) to work on /home/airflow/.local/lib/python3.8/site-packages/airflow/example_dags/example_local_kubernetes_executor.py
[2025-05-07T20:14:06.697+0000] {processor.py:830} INFO - Processing file /home/airflow/.local/lib/python3.8/site-packages/airflow/example_dags/example_local_kubernetes_executor.py for tasks to queue
[2025-05-07T20:14:06.701+0000] {logging_mixin.py:188} INFO - [2025-05-07T20:14:06.701+0000] {dagbag.py:538} INFO - Filling up the DagBag from /home/airflow/.local/lib/python3.8/site-packages/airflow/example_dags/example_local_kubernetes_executor.py
[2025-05-07T20:14:06.717+0000] {processor.py:840} INFO - DAG(s) 'example_local_kubernetes_executor' retrieved from /home/airflow/.local/lib/python3.8/site-packages/airflow/example_dags/example_local_kubernetes_executor.py
[2025-05-07T20:14:06.770+0000] {logging_mixin.py:188} INFO - [2025-05-07T20:14:06.770+0000] {dag.py:3036} INFO - Sync 1 DAGs
[2025-05-07T20:14:06.788+0000] {logging_mixin.py:188} INFO - [2025-05-07T20:14:06.788+0000] {dag.py:3823} INFO - Setting next_dagrun for example_local_kubernetes_executor to None, run_after=None
[2025-05-07T20:14:06.820+0000] {processor.py:183} INFO - Processing /home/airflow/.local/lib/python3.8/site-packages/airflow/example_dags/example_local_kubernetes_executor.py took 0.132 seconds
[2025-05-07T20:14:37.290+0000] {processor.py:161} INFO - Started process (PID=4702) to work on /home/airflow/.local/lib/python3.8/site-packages/airflow/example_dags/example_local_kubernetes_executor.py
[2025-05-07T20:14:37.292+0000] {processor.py:830} INFO - Processing file /home/airflow/.local/lib/python3.8/site-packages/airflow/example_dags/example_local_kubernetes_executor.py for tasks to queue
[2025-05-07T20:14:37.294+0000] {logging_mixin.py:188} INFO - [2025-05-07T20:14:37.294+0000] {dagbag.py:538} INFO - Filling up the DagBag from /home/airflow/.local/lib/python3.8/site-packages/airflow/example_dags/example_local_kubernetes_executor.py
[2025-05-07T20:14:37.302+0000] {processor.py:840} INFO - DAG(s) 'example_local_kubernetes_executor' retrieved from /home/airflow/.local/lib/python3.8/site-packages/airflow/example_dags/example_local_kubernetes_executor.py
[2025-05-07T20:14:37.338+0000] {logging_mixin.py:188} INFO - [2025-05-07T20:14:37.338+0000] {dag.py:3036} INFO - Sync 1 DAGs
[2025-05-07T20:14:37.353+0000] {logging_mixin.py:188} INFO - [2025-05-07T20:14:37.352+0000] {dag.py:3823} INFO - Setting next_dagrun for example_local_kubernetes_executor to None, run_after=None
[2025-05-07T20:14:37.373+0000] {processor.py:183} INFO - Processing /home/airflow/.local/lib/python3.8/site-packages/airflow/example_dags/example_local_kubernetes_executor.py took 0.086 seconds
[2025-05-07T20:15:07.581+0000] {processor.py:161} INFO - Started process (PID=4759) to work on /home/airflow/.local/lib/python3.8/site-packages/airflow/example_dags/example_local_kubernetes_executor.py
[2025-05-07T20:15:07.584+0000] {processor.py:830} INFO - Processing file /home/airflow/.local/lib/python3.8/site-packages/airflow/example_dags/example_local_kubernetes_executor.py for tasks to queue
[2025-05-07T20:15:07.588+0000] {logging_mixin.py:188} INFO - [2025-05-07T20:15:07.587+0000] {dagbag.py:538} INFO - Filling up the DagBag from /home/airflow/.local/lib/python3.8/site-packages/airflow/example_dags/example_local_kubernetes_executor.py
[2025-05-07T20:15:07.599+0000] {processor.py:840} INFO - DAG(s) 'example_local_kubernetes_executor' retrieved from /home/airflow/.local/lib/python3.8/site-packages/airflow/example_dags/example_local_kubernetes_executor.py
[2025-05-07T20:15:07.650+0000] {logging_mixin.py:188} INFO - [2025-05-07T20:15:07.650+0000] {dag.py:3036} INFO - Sync 1 DAGs
[2025-05-07T20:15:07.672+0000] {logging_mixin.py:188} INFO - [2025-05-07T20:15:07.671+0000] {dag.py:3823} INFO - Setting next_dagrun for example_local_kubernetes_executor to None, run_after=None
[2025-05-07T20:15:07.703+0000] {processor.py:183} INFO - Processing /home/airflow/.local/lib/python3.8/site-packages/airflow/example_dags/example_local_kubernetes_executor.py took 0.129 seconds
[2025-05-07T20:15:38.475+0000] {processor.py:161} INFO - Started process (PID=4816) to work on /home/airflow/.local/lib/python3.8/site-packages/airflow/example_dags/example_local_kubernetes_executor.py
[2025-05-07T20:15:38.477+0000] {processor.py:830} INFO - Processing file /home/airflow/.local/lib/python3.8/site-packages/airflow/example_dags/example_local_kubernetes_executor.py for tasks to queue
[2025-05-07T20:15:38.480+0000] {logging_mixin.py:188} INFO - [2025-05-07T20:15:38.479+0000] {dagbag.py:538} INFO - Filling up the DagBag from /home/airflow/.local/lib/python3.8/site-packages/airflow/example_dags/example_local_kubernetes_executor.py
[2025-05-07T20:15:38.490+0000] {processor.py:840} INFO - DAG(s) 'example_local_kubernetes_executor' retrieved from /home/airflow/.local/lib/python3.8/site-packages/airflow/example_dags/example_local_kubernetes_executor.py
[2025-05-07T20:15:38.540+0000] {logging_mixin.py:188} INFO - [2025-05-07T20:15:38.539+0000] {dag.py:3036} INFO - Sync 1 DAGs
[2025-05-07T20:15:38.560+0000] {logging_mixin.py:188} INFO - [2025-05-07T20:15:38.560+0000] {dag.py:3823} INFO - Setting next_dagrun for example_local_kubernetes_executor to None, run_after=None
[2025-05-07T20:15:38.593+0000] {processor.py:183} INFO - Processing /home/airflow/.local/lib/python3.8/site-packages/airflow/example_dags/example_local_kubernetes_executor.py took 0.124 seconds
[2025-05-07T20:16:08.859+0000] {processor.py:161} INFO - Started process (PID=4873) to work on /home/airflow/.local/lib/python3.8/site-packages/airflow/example_dags/example_local_kubernetes_executor.py
[2025-05-07T20:16:08.861+0000] {processor.py:830} INFO - Processing file /home/airflow/.local/lib/python3.8/site-packages/airflow/example_dags/example_local_kubernetes_executor.py for tasks to queue
[2025-05-07T20:16:08.864+0000] {logging_mixin.py:188} INFO - [2025-05-07T20:16:08.863+0000] {dagbag.py:538} INFO - Filling up the DagBag from /home/airflow/.local/lib/python3.8/site-packages/airflow/example_dags/example_local_kubernetes_executor.py
[2025-05-07T20:16:08.875+0000] {processor.py:840} INFO - DAG(s) 'example_local_kubernetes_executor' retrieved from /home/airflow/.local/lib/python3.8/site-packages/airflow/example_dags/example_local_kubernetes_executor.py
[2025-05-07T20:16:08.921+0000] {logging_mixin.py:188} INFO - [2025-05-07T20:16:08.920+0000] {dag.py:3036} INFO - Sync 1 DAGs
[2025-05-07T20:16:08.939+0000] {logging_mixin.py:188} INFO - [2025-05-07T20:16:08.939+0000] {dag.py:3823} INFO - Setting next_dagrun for example_local_kubernetes_executor to None, run_after=None
[2025-05-07T20:16:08.968+0000] {processor.py:183} INFO - Processing /home/airflow/.local/lib/python3.8/site-packages/airflow/example_dags/example_local_kubernetes_executor.py took 0.114 seconds
[2025-05-07T20:16:39.332+0000] {processor.py:161} INFO - Started process (PID=4930) to work on /home/airflow/.local/lib/python3.8/site-packages/airflow/example_dags/example_local_kubernetes_executor.py
[2025-05-07T20:16:39.335+0000] {processor.py:830} INFO - Processing file /home/airflow/.local/lib/python3.8/site-packages/airflow/example_dags/example_local_kubernetes_executor.py for tasks to queue
[2025-05-07T20:16:39.338+0000] {logging_mixin.py:188} INFO - [2025-05-07T20:16:39.338+0000] {dagbag.py:538} INFO - Filling up the DagBag from /home/airflow/.local/lib/python3.8/site-packages/airflow/example_dags/example_local_kubernetes_executor.py
[2025-05-07T20:16:39.353+0000] {processor.py:840} INFO - DAG(s) 'example_local_kubernetes_executor' retrieved from /home/airflow/.local/lib/python3.8/site-packages/airflow/example_dags/example_local_kubernetes_executor.py
[2025-05-07T20:16:39.404+0000] {logging_mixin.py:188} INFO - [2025-05-07T20:16:39.403+0000] {dag.py:3036} INFO - Sync 1 DAGs
[2025-05-07T20:16:39.421+0000] {logging_mixin.py:188} INFO - [2025-05-07T20:16:39.421+0000] {dag.py:3823} INFO - Setting next_dagrun for example_local_kubernetes_executor to None, run_after=None
[2025-05-07T20:16:39.452+0000] {processor.py:183} INFO - Processing /home/airflow/.local/lib/python3.8/site-packages/airflow/example_dags/example_local_kubernetes_executor.py took 0.126 seconds
[2025-05-07T20:17:10.259+0000] {processor.py:161} INFO - Started process (PID=4987) to work on /home/airflow/.local/lib/python3.8/site-packages/airflow/example_dags/example_local_kubernetes_executor.py
[2025-05-07T20:17:10.261+0000] {processor.py:830} INFO - Processing file /home/airflow/.local/lib/python3.8/site-packages/airflow/example_dags/example_local_kubernetes_executor.py for tasks to queue
[2025-05-07T20:17:10.264+0000] {logging_mixin.py:188} INFO - [2025-05-07T20:17:10.264+0000] {dagbag.py:538} INFO - Filling up the DagBag from /home/airflow/.local/lib/python3.8/site-packages/airflow/example_dags/example_local_kubernetes_executor.py
[2025-05-07T20:17:10.275+0000] {processor.py:840} INFO - DAG(s) 'example_local_kubernetes_executor' retrieved from /home/airflow/.local/lib/python3.8/site-packages/airflow/example_dags/example_local_kubernetes_executor.py
[2025-05-07T20:17:10.319+0000] {logging_mixin.py:188} INFO - [2025-05-07T20:17:10.319+0000] {dag.py:3036} INFO - Sync 1 DAGs
[2025-05-07T20:17:10.336+0000] {logging_mixin.py:188} INFO - [2025-05-07T20:17:10.336+0000] {dag.py:3823} INFO - Setting next_dagrun for example_local_kubernetes_executor to None, run_after=None
[2025-05-07T20:17:10.362+0000] {processor.py:183} INFO - Processing /home/airflow/.local/lib/python3.8/site-packages/airflow/example_dags/example_local_kubernetes_executor.py took 0.107 seconds
[2025-05-07T20:17:40.979+0000] {processor.py:161} INFO - Started process (PID=5044) to work on /home/airflow/.local/lib/python3.8/site-packages/airflow/example_dags/example_local_kubernetes_executor.py
[2025-05-07T20:17:40.980+0000] {processor.py:830} INFO - Processing file /home/airflow/.local/lib/python3.8/site-packages/airflow/example_dags/example_local_kubernetes_executor.py for tasks to queue
[2025-05-07T20:17:40.983+0000] {logging_mixin.py:188} INFO - [2025-05-07T20:17:40.983+0000] {dagbag.py:538} INFO - Filling up the DagBag from /home/airflow/.local/lib/python3.8/site-packages/airflow/example_dags/example_local_kubernetes_executor.py
[2025-05-07T20:17:40.994+0000] {processor.py:840} INFO - DAG(s) 'example_local_kubernetes_executor' retrieved from /home/airflow/.local/lib/python3.8/site-packages/airflow/example_dags/example_local_kubernetes_executor.py
[2025-05-07T20:17:41.038+0000] {logging_mixin.py:188} INFO - [2025-05-07T20:17:41.037+0000] {dag.py:3036} INFO - Sync 1 DAGs
[2025-05-07T20:17:41.053+0000] {logging_mixin.py:188} INFO - [2025-05-07T20:17:41.053+0000] {dag.py:3823} INFO - Setting next_dagrun for example_local_kubernetes_executor to None, run_after=None
[2025-05-07T20:17:41.080+0000] {processor.py:183} INFO - Processing /home/airflow/.local/lib/python3.8/site-packages/airflow/example_dags/example_local_kubernetes_executor.py took 0.106 seconds
[2025-05-07T20:18:11.972+0000] {processor.py:161} INFO - Started process (PID=5102) to work on /home/airflow/.local/lib/python3.8/site-packages/airflow/example_dags/example_local_kubernetes_executor.py
[2025-05-07T20:18:11.976+0000] {processor.py:830} INFO - Processing file /home/airflow/.local/lib/python3.8/site-packages/airflow/example_dags/example_local_kubernetes_executor.py for tasks to queue
[2025-05-07T20:18:11.981+0000] {logging_mixin.py:188} INFO - [2025-05-07T20:18:11.980+0000] {dagbag.py:538} INFO - Filling up the DagBag from /home/airflow/.local/lib/python3.8/site-packages/airflow/example_dags/example_local_kubernetes_executor.py
[2025-05-07T20:18:12.001+0000] {processor.py:840} INFO - DAG(s) 'example_local_kubernetes_executor' retrieved from /home/airflow/.local/lib/python3.8/site-packages/airflow/example_dags/example_local_kubernetes_executor.py
[2025-05-07T20:18:12.075+0000] {logging_mixin.py:188} INFO - [2025-05-07T20:18:12.075+0000] {dag.py:3036} INFO - Sync 1 DAGs
[2025-05-07T20:18:12.101+0000] {logging_mixin.py:188} INFO - [2025-05-07T20:18:12.100+0000] {dag.py:3823} INFO - Setting next_dagrun for example_local_kubernetes_executor to None, run_after=None
[2025-05-07T20:18:12.136+0000] {processor.py:183} INFO - Processing /home/airflow/.local/lib/python3.8/site-packages/airflow/example_dags/example_local_kubernetes_executor.py took 0.171 seconds
[2025-05-07T20:18:43.104+0000] {processor.py:161} INFO - Started process (PID=5159) to work on /home/airflow/.local/lib/python3.8/site-packages/airflow/example_dags/example_local_kubernetes_executor.py
[2025-05-07T20:18:43.106+0000] {processor.py:830} INFO - Processing file /home/airflow/.local/lib/python3.8/site-packages/airflow/example_dags/example_local_kubernetes_executor.py for tasks to queue
[2025-05-07T20:18:43.109+0000] {logging_mixin.py:188} INFO - [2025-05-07T20:18:43.108+0000] {dagbag.py:538} INFO - Filling up the DagBag from /home/airflow/.local/lib/python3.8/site-packages/airflow/example_dags/example_local_kubernetes_executor.py
[2025-05-07T20:18:43.119+0000] {processor.py:840} INFO - DAG(s) 'example_local_kubernetes_executor' retrieved from /home/airflow/.local/lib/python3.8/site-packages/airflow/example_dags/example_local_kubernetes_executor.py
[2025-05-07T20:18:43.166+0000] {logging_mixin.py:188} INFO - [2025-05-07T20:18:43.166+0000] {dag.py:3036} INFO - Sync 1 DAGs
[2025-05-07T20:18:43.184+0000] {logging_mixin.py:188} INFO - [2025-05-07T20:18:43.183+0000] {dag.py:3823} INFO - Setting next_dagrun for example_local_kubernetes_executor to None, run_after=None
[2025-05-07T20:18:43.211+0000] {processor.py:183} INFO - Processing /home/airflow/.local/lib/python3.8/site-packages/airflow/example_dags/example_local_kubernetes_executor.py took 0.112 seconds
