[2025-05-07T19:05:15.645+0000] {processor.py:161} INFO - Started process (PID=90) to work on /home/airflow/.local/lib/python3.8/site-packages/airflow/example_dags/example_short_circuit_operator.py
[2025-05-07T19:05:15.648+0000] {processor.py:830} INFO - Processing file /home/airflow/.local/lib/python3.8/site-packages/airflow/example_dags/example_short_circuit_operator.py for tasks to queue
[2025-05-07T19:05:15.653+0000] {logging_mixin.py:188} INFO - [2025-05-07T19:05:15.652+0000] {dagbag.py:538} INFO - Filling up the DagBag from /home/airflow/.local/lib/python3.8/site-packages/airflow/example_dags/example_short_circuit_operator.py
[2025-05-07T19:05:15.673+0000] {processor.py:840} INFO - DAG(s) 'example_short_circuit_operator' retrieved from /home/airflow/.local/lib/python3.8/site-packages/airflow/example_dags/example_short_circuit_operator.py
[2025-05-07T19:05:15.695+0000] {logging_mixin.py:188} INFO - [2025-05-07T19:05:15.694+0000] {dag.py:3036} INFO - Sync 1 DAGs
[2025-05-07T19:05:15.731+0000] {logging_mixin.py:188} INFO - [2025-05-07T19:05:15.731+0000] {dag.py:3823} INFO - Setting next_dagrun for example_short_circuit_operator to 2025-05-06 00:00:00+00:00, run_after=2025-05-07 00:00:00+00:00
[2025-05-07T19:05:15.765+0000] {processor.py:183} INFO - Processing /home/airflow/.local/lib/python3.8/site-packages/airflow/example_dags/example_short_circuit_operator.py took 0.131 seconds
[2025-05-07T19:05:46.752+0000] {processor.py:161} INFO - Started process (PID=145) to work on /home/airflow/.local/lib/python3.8/site-packages/airflow/example_dags/example_short_circuit_operator.py
[2025-05-07T19:05:46.753+0000] {processor.py:830} INFO - Processing file /home/airflow/.local/lib/python3.8/site-packages/airflow/example_dags/example_short_circuit_operator.py for tasks to queue
[2025-05-07T19:05:46.755+0000] {logging_mixin.py:188} INFO - [2025-05-07T19:05:46.755+0000] {dagbag.py:538} INFO - Filling up the DagBag from /home/airflow/.local/lib/python3.8/site-packages/airflow/example_dags/example_short_circuit_operator.py
[2025-05-07T19:05:46.763+0000] {processor.py:840} INFO - DAG(s) 'example_short_circuit_operator' retrieved from /home/airflow/.local/lib/python3.8/site-packages/airflow/example_dags/example_short_circuit_operator.py
[2025-05-07T19:05:46.858+0000] {logging_mixin.py:188} INFO - [2025-05-07T19:05:46.858+0000] {dag.py:3036} INFO - Sync 1 DAGs
[2025-05-07T19:05:46.876+0000] {logging_mixin.py:188} INFO - [2025-05-07T19:05:46.876+0000] {dag.py:3823} INFO - Setting next_dagrun for example_short_circuit_operator to 2025-05-06 00:00:00+00:00, run_after=2025-05-07 00:00:00+00:00
[2025-05-07T19:05:46.896+0000] {processor.py:183} INFO - Processing /home/airflow/.local/lib/python3.8/site-packages/airflow/example_dags/example_short_circuit_operator.py took 0.148 seconds
[2025-05-07T19:06:17.036+0000] {processor.py:161} INFO - Started process (PID=200) to work on /home/airflow/.local/lib/python3.8/site-packages/airflow/example_dags/example_short_circuit_operator.py
[2025-05-07T19:06:17.037+0000] {processor.py:830} INFO - Processing file /home/airflow/.local/lib/python3.8/site-packages/airflow/example_dags/example_short_circuit_operator.py for tasks to queue
[2025-05-07T19:06:17.039+0000] {logging_mixin.py:188} INFO - [2025-05-07T19:06:17.039+0000] {dagbag.py:538} INFO - Filling up the DagBag from /home/airflow/.local/lib/python3.8/site-packages/airflow/example_dags/example_short_circuit_operator.py
[2025-05-07T19:06:17.047+0000] {processor.py:840} INFO - DAG(s) 'example_short_circuit_operator' retrieved from /home/airflow/.local/lib/python3.8/site-packages/airflow/example_dags/example_short_circuit_operator.py
[2025-05-07T19:06:17.069+0000] {logging_mixin.py:188} INFO - [2025-05-07T19:06:17.068+0000] {dag.py:3036} INFO - Sync 1 DAGs
[2025-05-07T19:06:17.088+0000] {logging_mixin.py:188} INFO - [2025-05-07T19:06:17.088+0000] {dag.py:3823} INFO - Setting next_dagrun for example_short_circuit_operator to 2025-05-06 00:00:00+00:00, run_after=2025-05-07 00:00:00+00:00
[2025-05-07T19:06:17.109+0000] {processor.py:183} INFO - Processing /home/airflow/.local/lib/python3.8/site-packages/airflow/example_dags/example_short_circuit_operator.py took 0.076 seconds
[2025-05-07T19:06:48.210+0000] {processor.py:161} INFO - Started process (PID=255) to work on /home/airflow/.local/lib/python3.8/site-packages/airflow/example_dags/example_short_circuit_operator.py
[2025-05-07T19:06:48.212+0000] {processor.py:830} INFO - Processing file /home/airflow/.local/lib/python3.8/site-packages/airflow/example_dags/example_short_circuit_operator.py for tasks to queue
[2025-05-07T19:06:48.214+0000] {logging_mixin.py:188} INFO - [2025-05-07T19:06:48.214+0000] {dagbag.py:538} INFO - Filling up the DagBag from /home/airflow/.local/lib/python3.8/site-packages/airflow/example_dags/example_short_circuit_operator.py
[2025-05-07T19:06:48.223+0000] {processor.py:840} INFO - DAG(s) 'example_short_circuit_operator' retrieved from /home/airflow/.local/lib/python3.8/site-packages/airflow/example_dags/example_short_circuit_operator.py
[2025-05-07T19:06:48.245+0000] {logging_mixin.py:188} INFO - [2025-05-07T19:06:48.245+0000] {dag.py:3036} INFO - Sync 1 DAGs
[2025-05-07T19:06:48.307+0000] {logging_mixin.py:188} INFO - [2025-05-07T19:06:48.306+0000] {dag.py:3823} INFO - Setting next_dagrun for example_short_circuit_operator to 2025-05-06 00:00:00+00:00, run_after=2025-05-07 00:00:00+00:00
[2025-05-07T19:06:48.343+0000] {processor.py:183} INFO - Processing /home/airflow/.local/lib/python3.8/site-packages/airflow/example_dags/example_short_circuit_operator.py took 0.136 seconds
[2025-05-07T19:07:18.689+0000] {processor.py:161} INFO - Started process (PID=310) to work on /home/airflow/.local/lib/python3.8/site-packages/airflow/example_dags/example_short_circuit_operator.py
[2025-05-07T19:07:18.692+0000] {processor.py:830} INFO - Processing file /home/airflow/.local/lib/python3.8/site-packages/airflow/example_dags/example_short_circuit_operator.py for tasks to queue
[2025-05-07T19:07:18.694+0000] {logging_mixin.py:188} INFO - [2025-05-07T19:07:18.694+0000] {dagbag.py:538} INFO - Filling up the DagBag from /home/airflow/.local/lib/python3.8/site-packages/airflow/example_dags/example_short_circuit_operator.py
[2025-05-07T19:07:18.706+0000] {processor.py:840} INFO - DAG(s) 'example_short_circuit_operator' retrieved from /home/airflow/.local/lib/python3.8/site-packages/airflow/example_dags/example_short_circuit_operator.py
[2025-05-07T19:07:18.746+0000] {logging_mixin.py:188} INFO - [2025-05-07T19:07:18.746+0000] {dag.py:3036} INFO - Sync 1 DAGs
[2025-05-07T19:07:18.776+0000] {logging_mixin.py:188} INFO - [2025-05-07T19:07:18.776+0000] {dag.py:3823} INFO - Setting next_dagrun for example_short_circuit_operator to 2025-05-06 00:00:00+00:00, run_after=2025-05-07 00:00:00+00:00
[2025-05-07T19:07:18.807+0000] {processor.py:183} INFO - Processing /home/airflow/.local/lib/python3.8/site-packages/airflow/example_dags/example_short_circuit_operator.py took 0.129 seconds
[2025-05-07T19:07:49.096+0000] {processor.py:161} INFO - Started process (PID=365) to work on /home/airflow/.local/lib/python3.8/site-packages/airflow/example_dags/example_short_circuit_operator.py
[2025-05-07T19:07:49.098+0000] {processor.py:830} INFO - Processing file /home/airflow/.local/lib/python3.8/site-packages/airflow/example_dags/example_short_circuit_operator.py for tasks to queue
[2025-05-07T19:07:49.100+0000] {logging_mixin.py:188} INFO - [2025-05-07T19:07:49.099+0000] {dagbag.py:538} INFO - Filling up the DagBag from /home/airflow/.local/lib/python3.8/site-packages/airflow/example_dags/example_short_circuit_operator.py
[2025-05-07T19:07:49.107+0000] {processor.py:840} INFO - DAG(s) 'example_short_circuit_operator' retrieved from /home/airflow/.local/lib/python3.8/site-packages/airflow/example_dags/example_short_circuit_operator.py
[2025-05-07T19:07:49.132+0000] {logging_mixin.py:188} INFO - [2025-05-07T19:07:49.131+0000] {dag.py:3036} INFO - Sync 1 DAGs
[2025-05-07T19:07:49.157+0000] {logging_mixin.py:188} INFO - [2025-05-07T19:07:49.157+0000] {dag.py:3823} INFO - Setting next_dagrun for example_short_circuit_operator to 2025-05-06 00:00:00+00:00, run_after=2025-05-07 00:00:00+00:00
[2025-05-07T19:07:49.204+0000] {processor.py:183} INFO - Processing /home/airflow/.local/lib/python3.8/site-packages/airflow/example_dags/example_short_circuit_operator.py took 0.112 seconds
[2025-05-07T19:08:19.608+0000] {processor.py:161} INFO - Started process (PID=420) to work on /home/airflow/.local/lib/python3.8/site-packages/airflow/example_dags/example_short_circuit_operator.py
[2025-05-07T19:08:19.611+0000] {processor.py:830} INFO - Processing file /home/airflow/.local/lib/python3.8/site-packages/airflow/example_dags/example_short_circuit_operator.py for tasks to queue
[2025-05-07T19:08:19.614+0000] {logging_mixin.py:188} INFO - [2025-05-07T19:08:19.614+0000] {dagbag.py:538} INFO - Filling up the DagBag from /home/airflow/.local/lib/python3.8/site-packages/airflow/example_dags/example_short_circuit_operator.py
[2025-05-07T19:08:19.624+0000] {processor.py:840} INFO - DAG(s) 'example_short_circuit_operator' retrieved from /home/airflow/.local/lib/python3.8/site-packages/airflow/example_dags/example_short_circuit_operator.py
[2025-05-07T19:08:19.645+0000] {logging_mixin.py:188} INFO - [2025-05-07T19:08:19.645+0000] {dag.py:3036} INFO - Sync 1 DAGs
[2025-05-07T19:08:19.665+0000] {logging_mixin.py:188} INFO - [2025-05-07T19:08:19.665+0000] {dag.py:3823} INFO - Setting next_dagrun for example_short_circuit_operator to 2025-05-06 00:00:00+00:00, run_after=2025-05-07 00:00:00+00:00
[2025-05-07T19:08:19.692+0000] {processor.py:183} INFO - Processing /home/airflow/.local/lib/python3.8/site-packages/airflow/example_dags/example_short_circuit_operator.py took 0.090 seconds
[2025-05-07T19:08:49.773+0000] {processor.py:161} INFO - Started process (PID=475) to work on /home/airflow/.local/lib/python3.8/site-packages/airflow/example_dags/example_short_circuit_operator.py
[2025-05-07T19:08:49.774+0000] {processor.py:830} INFO - Processing file /home/airflow/.local/lib/python3.8/site-packages/airflow/example_dags/example_short_circuit_operator.py for tasks to queue
[2025-05-07T19:08:49.776+0000] {logging_mixin.py:188} INFO - [2025-05-07T19:08:49.776+0000] {dagbag.py:538} INFO - Filling up the DagBag from /home/airflow/.local/lib/python3.8/site-packages/airflow/example_dags/example_short_circuit_operator.py
[2025-05-07T19:08:49.784+0000] {processor.py:840} INFO - DAG(s) 'example_short_circuit_operator' retrieved from /home/airflow/.local/lib/python3.8/site-packages/airflow/example_dags/example_short_circuit_operator.py
[2025-05-07T19:08:49.806+0000] {logging_mixin.py:188} INFO - [2025-05-07T19:08:49.806+0000] {dag.py:3036} INFO - Sync 1 DAGs
[2025-05-07T19:08:49.827+0000] {logging_mixin.py:188} INFO - [2025-05-07T19:08:49.827+0000] {dag.py:3823} INFO - Setting next_dagrun for example_short_circuit_operator to 2025-05-06 00:00:00+00:00, run_after=2025-05-07 00:00:00+00:00
[2025-05-07T19:08:49.845+0000] {processor.py:183} INFO - Processing /home/airflow/.local/lib/python3.8/site-packages/airflow/example_dags/example_short_circuit_operator.py took 0.075 seconds
[2025-05-07T19:09:20.593+0000] {processor.py:161} INFO - Started process (PID=530) to work on /home/airflow/.local/lib/python3.8/site-packages/airflow/example_dags/example_short_circuit_operator.py
[2025-05-07T19:09:20.594+0000] {processor.py:830} INFO - Processing file /home/airflow/.local/lib/python3.8/site-packages/airflow/example_dags/example_short_circuit_operator.py for tasks to queue
[2025-05-07T19:09:20.597+0000] {logging_mixin.py:188} INFO - [2025-05-07T19:09:20.596+0000] {dagbag.py:538} INFO - Filling up the DagBag from /home/airflow/.local/lib/python3.8/site-packages/airflow/example_dags/example_short_circuit_operator.py
[2025-05-07T19:09:20.619+0000] {processor.py:840} INFO - DAG(s) 'example_short_circuit_operator' retrieved from /home/airflow/.local/lib/python3.8/site-packages/airflow/example_dags/example_short_circuit_operator.py
[2025-05-07T19:09:20.654+0000] {logging_mixin.py:188} INFO - [2025-05-07T19:09:20.654+0000] {dag.py:3036} INFO - Sync 1 DAGs
[2025-05-07T19:09:20.679+0000] {logging_mixin.py:188} INFO - [2025-05-07T19:09:20.679+0000] {dag.py:3823} INFO - Setting next_dagrun for example_short_circuit_operator to 2025-05-06 00:00:00+00:00, run_after=2025-05-07 00:00:00+00:00
[2025-05-07T19:09:20.702+0000] {processor.py:183} INFO - Processing /home/airflow/.local/lib/python3.8/site-packages/airflow/example_dags/example_short_circuit_operator.py took 0.113 seconds
[2025-05-07T19:09:51.745+0000] {processor.py:161} INFO - Started process (PID=585) to work on /home/airflow/.local/lib/python3.8/site-packages/airflow/example_dags/example_short_circuit_operator.py
[2025-05-07T19:09:51.748+0000] {processor.py:830} INFO - Processing file /home/airflow/.local/lib/python3.8/site-packages/airflow/example_dags/example_short_circuit_operator.py for tasks to queue
[2025-05-07T19:09:51.754+0000] {logging_mixin.py:188} INFO - [2025-05-07T19:09:51.753+0000] {dagbag.py:538} INFO - Filling up the DagBag from /home/airflow/.local/lib/python3.8/site-packages/airflow/example_dags/example_short_circuit_operator.py
[2025-05-07T19:09:51.771+0000] {processor.py:840} INFO - DAG(s) 'example_short_circuit_operator' retrieved from /home/airflow/.local/lib/python3.8/site-packages/airflow/example_dags/example_short_circuit_operator.py
[2025-05-07T19:09:51.812+0000] {logging_mixin.py:188} INFO - [2025-05-07T19:09:51.811+0000] {dag.py:3036} INFO - Sync 1 DAGs
[2025-05-07T19:09:51.838+0000] {logging_mixin.py:188} INFO - [2025-05-07T19:09:51.838+0000] {dag.py:3823} INFO - Setting next_dagrun for example_short_circuit_operator to 2025-05-06 00:00:00+00:00, run_after=2025-05-07 00:00:00+00:00
[2025-05-07T19:09:51.863+0000] {processor.py:183} INFO - Processing /home/airflow/.local/lib/python3.8/site-packages/airflow/example_dags/example_short_circuit_operator.py took 0.125 seconds
[2025-05-07T19:10:22.727+0000] {processor.py:161} INFO - Started process (PID=642) to work on /home/airflow/.local/lib/python3.8/site-packages/airflow/example_dags/example_short_circuit_operator.py
[2025-05-07T19:10:22.729+0000] {processor.py:830} INFO - Processing file /home/airflow/.local/lib/python3.8/site-packages/airflow/example_dags/example_short_circuit_operator.py for tasks to queue
[2025-05-07T19:10:22.733+0000] {logging_mixin.py:188} INFO - [2025-05-07T19:10:22.733+0000] {dagbag.py:538} INFO - Filling up the DagBag from /home/airflow/.local/lib/python3.8/site-packages/airflow/example_dags/example_short_circuit_operator.py
[2025-05-07T19:10:22.743+0000] {processor.py:840} INFO - DAG(s) 'example_short_circuit_operator' retrieved from /home/airflow/.local/lib/python3.8/site-packages/airflow/example_dags/example_short_circuit_operator.py
[2025-05-07T19:10:22.777+0000] {logging_mixin.py:188} INFO - [2025-05-07T19:10:22.776+0000] {dag.py:3036} INFO - Sync 1 DAGs
[2025-05-07T19:10:22.805+0000] {logging_mixin.py:188} INFO - [2025-05-07T19:10:22.805+0000] {dag.py:3823} INFO - Setting next_dagrun for example_short_circuit_operator to 2025-05-06 00:00:00+00:00, run_after=2025-05-07 00:00:00+00:00
[2025-05-07T19:10:22.835+0000] {processor.py:183} INFO - Processing /home/airflow/.local/lib/python3.8/site-packages/airflow/example_dags/example_short_circuit_operator.py took 0.115 seconds
[2025-05-07T19:10:53.394+0000] {processor.py:161} INFO - Started process (PID=698) to work on /home/airflow/.local/lib/python3.8/site-packages/airflow/example_dags/example_short_circuit_operator.py
[2025-05-07T19:10:53.395+0000] {processor.py:830} INFO - Processing file /home/airflow/.local/lib/python3.8/site-packages/airflow/example_dags/example_short_circuit_operator.py for tasks to queue
[2025-05-07T19:10:53.398+0000] {logging_mixin.py:188} INFO - [2025-05-07T19:10:53.398+0000] {dagbag.py:538} INFO - Filling up the DagBag from /home/airflow/.local/lib/python3.8/site-packages/airflow/example_dags/example_short_circuit_operator.py
[2025-05-07T19:10:53.408+0000] {processor.py:840} INFO - DAG(s) 'example_short_circuit_operator' retrieved from /home/airflow/.local/lib/python3.8/site-packages/airflow/example_dags/example_short_circuit_operator.py
[2025-05-07T19:10:53.433+0000] {logging_mixin.py:188} INFO - [2025-05-07T19:10:53.433+0000] {dag.py:3036} INFO - Sync 1 DAGs
[2025-05-07T19:10:53.465+0000] {logging_mixin.py:188} INFO - [2025-05-07T19:10:53.465+0000] {dag.py:3823} INFO - Setting next_dagrun for example_short_circuit_operator to 2025-05-06 00:00:00+00:00, run_after=2025-05-07 00:00:00+00:00
[2025-05-07T19:10:53.495+0000] {processor.py:183} INFO - Processing /home/airflow/.local/lib/python3.8/site-packages/airflow/example_dags/example_short_circuit_operator.py took 0.105 seconds
[2025-05-07T19:11:24.347+0000] {processor.py:161} INFO - Started process (PID=758) to work on /home/airflow/.local/lib/python3.8/site-packages/airflow/example_dags/example_short_circuit_operator.py
[2025-05-07T19:11:24.349+0000] {processor.py:830} INFO - Processing file /home/airflow/.local/lib/python3.8/site-packages/airflow/example_dags/example_short_circuit_operator.py for tasks to queue
[2025-05-07T19:11:24.352+0000] {logging_mixin.py:188} INFO - [2025-05-07T19:11:24.352+0000] {dagbag.py:538} INFO - Filling up the DagBag from /home/airflow/.local/lib/python3.8/site-packages/airflow/example_dags/example_short_circuit_operator.py
[2025-05-07T19:11:24.360+0000] {processor.py:840} INFO - DAG(s) 'example_short_circuit_operator' retrieved from /home/airflow/.local/lib/python3.8/site-packages/airflow/example_dags/example_short_circuit_operator.py
[2025-05-07T19:11:24.473+0000] {logging_mixin.py:188} INFO - [2025-05-07T19:11:24.473+0000] {dag.py:3036} INFO - Sync 1 DAGs
[2025-05-07T19:11:24.505+0000] {logging_mixin.py:188} INFO - [2025-05-07T19:11:24.505+0000] {dag.py:3823} INFO - Setting next_dagrun for example_short_circuit_operator to 2025-05-06 00:00:00+00:00, run_after=2025-05-07 00:00:00+00:00
[2025-05-07T19:11:24.561+0000] {processor.py:183} INFO - Processing /home/airflow/.local/lib/python3.8/site-packages/airflow/example_dags/example_short_circuit_operator.py took 0.218 seconds
[2025-05-07T19:11:55.219+0000] {processor.py:161} INFO - Started process (PID=818) to work on /home/airflow/.local/lib/python3.8/site-packages/airflow/example_dags/example_short_circuit_operator.py
[2025-05-07T19:11:55.222+0000] {processor.py:830} INFO - Processing file /home/airflow/.local/lib/python3.8/site-packages/airflow/example_dags/example_short_circuit_operator.py for tasks to queue
[2025-05-07T19:11:55.227+0000] {logging_mixin.py:188} INFO - [2025-05-07T19:11:55.226+0000] {dagbag.py:538} INFO - Filling up the DagBag from /home/airflow/.local/lib/python3.8/site-packages/airflow/example_dags/example_short_circuit_operator.py
[2025-05-07T19:11:55.242+0000] {processor.py:840} INFO - DAG(s) 'example_short_circuit_operator' retrieved from /home/airflow/.local/lib/python3.8/site-packages/airflow/example_dags/example_short_circuit_operator.py
[2025-05-07T19:11:55.280+0000] {logging_mixin.py:188} INFO - [2025-05-07T19:11:55.280+0000] {dag.py:3036} INFO - Sync 1 DAGs
[2025-05-07T19:11:55.312+0000] {logging_mixin.py:188} INFO - [2025-05-07T19:11:55.312+0000] {dag.py:3823} INFO - Setting next_dagrun for example_short_circuit_operator to 2025-05-06 00:00:00+00:00, run_after=2025-05-07 00:00:00+00:00
[2025-05-07T19:11:55.334+0000] {processor.py:183} INFO - Processing /home/airflow/.local/lib/python3.8/site-packages/airflow/example_dags/example_short_circuit_operator.py took 0.118 seconds
[2025-05-07T19:12:26.027+0000] {processor.py:161} INFO - Started process (PID=874) to work on /home/airflow/.local/lib/python3.8/site-packages/airflow/example_dags/example_short_circuit_operator.py
[2025-05-07T19:12:26.031+0000] {processor.py:830} INFO - Processing file /home/airflow/.local/lib/python3.8/site-packages/airflow/example_dags/example_short_circuit_operator.py for tasks to queue
[2025-05-07T19:12:26.034+0000] {logging_mixin.py:188} INFO - [2025-05-07T19:12:26.034+0000] {dagbag.py:538} INFO - Filling up the DagBag from /home/airflow/.local/lib/python3.8/site-packages/airflow/example_dags/example_short_circuit_operator.py
[2025-05-07T19:12:26.049+0000] {processor.py:840} INFO - DAG(s) 'example_short_circuit_operator' retrieved from /home/airflow/.local/lib/python3.8/site-packages/airflow/example_dags/example_short_circuit_operator.py
[2025-05-07T19:12:26.081+0000] {logging_mixin.py:188} INFO - [2025-05-07T19:12:26.081+0000] {dag.py:3036} INFO - Sync 1 DAGs
[2025-05-07T19:12:26.109+0000] {logging_mixin.py:188} INFO - [2025-05-07T19:12:26.109+0000] {dag.py:3823} INFO - Setting next_dagrun for example_short_circuit_operator to 2025-05-06 00:00:00+00:00, run_after=2025-05-07 00:00:00+00:00
[2025-05-07T19:12:26.133+0000] {processor.py:183} INFO - Processing /home/airflow/.local/lib/python3.8/site-packages/airflow/example_dags/example_short_circuit_operator.py took 0.112 seconds
[2025-05-07T19:12:56.369+0000] {processor.py:161} INFO - Started process (PID=930) to work on /home/airflow/.local/lib/python3.8/site-packages/airflow/example_dags/example_short_circuit_operator.py
[2025-05-07T19:12:56.370+0000] {processor.py:830} INFO - Processing file /home/airflow/.local/lib/python3.8/site-packages/airflow/example_dags/example_short_circuit_operator.py for tasks to queue
[2025-05-07T19:12:56.373+0000] {logging_mixin.py:188} INFO - [2025-05-07T19:12:56.372+0000] {dagbag.py:538} INFO - Filling up the DagBag from /home/airflow/.local/lib/python3.8/site-packages/airflow/example_dags/example_short_circuit_operator.py
[2025-05-07T19:12:56.381+0000] {processor.py:840} INFO - DAG(s) 'example_short_circuit_operator' retrieved from /home/airflow/.local/lib/python3.8/site-packages/airflow/example_dags/example_short_circuit_operator.py
[2025-05-07T19:12:56.406+0000] {logging_mixin.py:188} INFO - [2025-05-07T19:12:56.406+0000] {dag.py:3036} INFO - Sync 1 DAGs
[2025-05-07T19:12:56.433+0000] {logging_mixin.py:188} INFO - [2025-05-07T19:12:56.433+0000] {dag.py:3823} INFO - Setting next_dagrun for example_short_circuit_operator to 2025-05-06 00:00:00+00:00, run_after=2025-05-07 00:00:00+00:00
[2025-05-07T19:12:56.452+0000] {processor.py:183} INFO - Processing /home/airflow/.local/lib/python3.8/site-packages/airflow/example_dags/example_short_circuit_operator.py took 0.087 seconds
[2025-05-07T19:13:27.510+0000] {processor.py:161} INFO - Started process (PID=987) to work on /home/airflow/.local/lib/python3.8/site-packages/airflow/example_dags/example_short_circuit_operator.py
[2025-05-07T19:13:27.512+0000] {processor.py:830} INFO - Processing file /home/airflow/.local/lib/python3.8/site-packages/airflow/example_dags/example_short_circuit_operator.py for tasks to queue
[2025-05-07T19:13:27.514+0000] {logging_mixin.py:188} INFO - [2025-05-07T19:13:27.514+0000] {dagbag.py:538} INFO - Filling up the DagBag from /home/airflow/.local/lib/python3.8/site-packages/airflow/example_dags/example_short_circuit_operator.py
[2025-05-07T19:13:27.522+0000] {processor.py:840} INFO - DAG(s) 'example_short_circuit_operator' retrieved from /home/airflow/.local/lib/python3.8/site-packages/airflow/example_dags/example_short_circuit_operator.py
[2025-05-07T19:13:27.545+0000] {logging_mixin.py:188} INFO - [2025-05-07T19:13:27.544+0000] {dag.py:3036} INFO - Sync 1 DAGs
[2025-05-07T19:13:27.566+0000] {logging_mixin.py:188} INFO - [2025-05-07T19:13:27.566+0000] {dag.py:3823} INFO - Setting next_dagrun for example_short_circuit_operator to 2025-05-06 00:00:00+00:00, run_after=2025-05-07 00:00:00+00:00
[2025-05-07T19:13:27.585+0000] {processor.py:183} INFO - Processing /home/airflow/.local/lib/python3.8/site-packages/airflow/example_dags/example_short_circuit_operator.py took 0.079 seconds
[2025-05-07T19:13:57.706+0000] {processor.py:161} INFO - Started process (PID=1043) to work on /home/airflow/.local/lib/python3.8/site-packages/airflow/example_dags/example_short_circuit_operator.py
[2025-05-07T19:13:57.707+0000] {processor.py:830} INFO - Processing file /home/airflow/.local/lib/python3.8/site-packages/airflow/example_dags/example_short_circuit_operator.py for tasks to queue
[2025-05-07T19:13:57.710+0000] {logging_mixin.py:188} INFO - [2025-05-07T19:13:57.710+0000] {dagbag.py:538} INFO - Filling up the DagBag from /home/airflow/.local/lib/python3.8/site-packages/airflow/example_dags/example_short_circuit_operator.py
[2025-05-07T19:13:57.720+0000] {processor.py:840} INFO - DAG(s) 'example_short_circuit_operator' retrieved from /home/airflow/.local/lib/python3.8/site-packages/airflow/example_dags/example_short_circuit_operator.py
[2025-05-07T19:13:57.743+0000] {logging_mixin.py:188} INFO - [2025-05-07T19:13:57.743+0000] {dag.py:3036} INFO - Sync 1 DAGs
[2025-05-07T19:13:57.766+0000] {logging_mixin.py:188} INFO - [2025-05-07T19:13:57.766+0000] {dag.py:3823} INFO - Setting next_dagrun for example_short_circuit_operator to 2025-05-06 00:00:00+00:00, run_after=2025-05-07 00:00:00+00:00
[2025-05-07T19:13:57.798+0000] {processor.py:183} INFO - Processing /home/airflow/.local/lib/python3.8/site-packages/airflow/example_dags/example_short_circuit_operator.py took 0.096 seconds
[2025-05-07T19:14:28.084+0000] {processor.py:161} INFO - Started process (PID=1099) to work on /home/airflow/.local/lib/python3.8/site-packages/airflow/example_dags/example_short_circuit_operator.py
[2025-05-07T19:14:28.088+0000] {processor.py:830} INFO - Processing file /home/airflow/.local/lib/python3.8/site-packages/airflow/example_dags/example_short_circuit_operator.py for tasks to queue
[2025-05-07T19:14:28.093+0000] {logging_mixin.py:188} INFO - [2025-05-07T19:14:28.091+0000] {dagbag.py:538} INFO - Filling up the DagBag from /home/airflow/.local/lib/python3.8/site-packages/airflow/example_dags/example_short_circuit_operator.py
[2025-05-07T19:14:28.103+0000] {processor.py:840} INFO - DAG(s) 'example_short_circuit_operator' retrieved from /home/airflow/.local/lib/python3.8/site-packages/airflow/example_dags/example_short_circuit_operator.py
[2025-05-07T19:14:28.146+0000] {logging_mixin.py:188} INFO - [2025-05-07T19:14:28.146+0000] {dag.py:3036} INFO - Sync 1 DAGs
[2025-05-07T19:14:28.170+0000] {logging_mixin.py:188} INFO - [2025-05-07T19:14:28.170+0000] {dag.py:3823} INFO - Setting next_dagrun for example_short_circuit_operator to 2025-05-06 00:00:00+00:00, run_after=2025-05-07 00:00:00+00:00
[2025-05-07T19:14:28.192+0000] {processor.py:183} INFO - Processing /home/airflow/.local/lib/python3.8/site-packages/airflow/example_dags/example_short_circuit_operator.py took 0.112 seconds
[2025-05-07T19:14:58.499+0000] {processor.py:161} INFO - Started process (PID=1155) to work on /home/airflow/.local/lib/python3.8/site-packages/airflow/example_dags/example_short_circuit_operator.py
[2025-05-07T19:14:58.501+0000] {processor.py:830} INFO - Processing file /home/airflow/.local/lib/python3.8/site-packages/airflow/example_dags/example_short_circuit_operator.py for tasks to queue
[2025-05-07T19:14:58.503+0000] {logging_mixin.py:188} INFO - [2025-05-07T19:14:58.503+0000] {dagbag.py:538} INFO - Filling up the DagBag from /home/airflow/.local/lib/python3.8/site-packages/airflow/example_dags/example_short_circuit_operator.py
[2025-05-07T19:14:58.512+0000] {processor.py:840} INFO - DAG(s) 'example_short_circuit_operator' retrieved from /home/airflow/.local/lib/python3.8/site-packages/airflow/example_dags/example_short_circuit_operator.py
[2025-05-07T19:14:58.539+0000] {logging_mixin.py:188} INFO - [2025-05-07T19:14:58.539+0000] {dag.py:3036} INFO - Sync 1 DAGs
[2025-05-07T19:14:58.561+0000] {logging_mixin.py:188} INFO - [2025-05-07T19:14:58.561+0000] {dag.py:3823} INFO - Setting next_dagrun for example_short_circuit_operator to 2025-05-06 00:00:00+00:00, run_after=2025-05-07 00:00:00+00:00
[2025-05-07T19:14:58.583+0000] {processor.py:183} INFO - Processing /home/airflow/.local/lib/python3.8/site-packages/airflow/example_dags/example_short_circuit_operator.py took 0.088 seconds
[2025-05-07T19:15:28.969+0000] {processor.py:161} INFO - Started process (PID=1211) to work on /home/airflow/.local/lib/python3.8/site-packages/airflow/example_dags/example_short_circuit_operator.py
[2025-05-07T19:15:28.971+0000] {processor.py:830} INFO - Processing file /home/airflow/.local/lib/python3.8/site-packages/airflow/example_dags/example_short_circuit_operator.py for tasks to queue
[2025-05-07T19:15:28.973+0000] {logging_mixin.py:188} INFO - [2025-05-07T19:15:28.973+0000] {dagbag.py:538} INFO - Filling up the DagBag from /home/airflow/.local/lib/python3.8/site-packages/airflow/example_dags/example_short_circuit_operator.py
[2025-05-07T19:15:28.981+0000] {processor.py:840} INFO - DAG(s) 'example_short_circuit_operator' retrieved from /home/airflow/.local/lib/python3.8/site-packages/airflow/example_dags/example_short_circuit_operator.py
[2025-05-07T19:15:29.007+0000] {logging_mixin.py:188} INFO - [2025-05-07T19:15:29.007+0000] {dag.py:3036} INFO - Sync 1 DAGs
[2025-05-07T19:15:29.029+0000] {logging_mixin.py:188} INFO - [2025-05-07T19:15:29.029+0000] {dag.py:3823} INFO - Setting next_dagrun for example_short_circuit_operator to 2025-05-06 00:00:00+00:00, run_after=2025-05-07 00:00:00+00:00
[2025-05-07T19:15:29.050+0000] {processor.py:183} INFO - Processing /home/airflow/.local/lib/python3.8/site-packages/airflow/example_dags/example_short_circuit_operator.py took 0.084 seconds
[2025-05-07T19:15:59.977+0000] {processor.py:161} INFO - Started process (PID=1267) to work on /home/airflow/.local/lib/python3.8/site-packages/airflow/example_dags/example_short_circuit_operator.py
[2025-05-07T19:15:59.978+0000] {processor.py:830} INFO - Processing file /home/airflow/.local/lib/python3.8/site-packages/airflow/example_dags/example_short_circuit_operator.py for tasks to queue
[2025-05-07T19:15:59.980+0000] {logging_mixin.py:188} INFO - [2025-05-07T19:15:59.980+0000] {dagbag.py:538} INFO - Filling up the DagBag from /home/airflow/.local/lib/python3.8/site-packages/airflow/example_dags/example_short_circuit_operator.py
[2025-05-07T19:15:59.988+0000] {processor.py:840} INFO - DAG(s) 'example_short_circuit_operator' retrieved from /home/airflow/.local/lib/python3.8/site-packages/airflow/example_dags/example_short_circuit_operator.py
[2025-05-07T19:16:00.009+0000] {logging_mixin.py:188} INFO - [2025-05-07T19:16:00.008+0000] {dag.py:3036} INFO - Sync 1 DAGs
[2025-05-07T19:16:00.030+0000] {logging_mixin.py:188} INFO - [2025-05-07T19:16:00.029+0000] {dag.py:3823} INFO - Setting next_dagrun for example_short_circuit_operator to 2025-05-06 00:00:00+00:00, run_after=2025-05-07 00:00:00+00:00
[2025-05-07T19:16:00.056+0000] {processor.py:183} INFO - Processing /home/airflow/.local/lib/python3.8/site-packages/airflow/example_dags/example_short_circuit_operator.py took 0.082 seconds
[2025-05-07T19:16:30.466+0000] {processor.py:161} INFO - Started process (PID=1323) to work on /home/airflow/.local/lib/python3.8/site-packages/airflow/example_dags/example_short_circuit_operator.py
[2025-05-07T19:16:30.467+0000] {processor.py:830} INFO - Processing file /home/airflow/.local/lib/python3.8/site-packages/airflow/example_dags/example_short_circuit_operator.py for tasks to queue
[2025-05-07T19:16:30.469+0000] {logging_mixin.py:188} INFO - [2025-05-07T19:16:30.469+0000] {dagbag.py:538} INFO - Filling up the DagBag from /home/airflow/.local/lib/python3.8/site-packages/airflow/example_dags/example_short_circuit_operator.py
[2025-05-07T19:16:30.477+0000] {processor.py:840} INFO - DAG(s) 'example_short_circuit_operator' retrieved from /home/airflow/.local/lib/python3.8/site-packages/airflow/example_dags/example_short_circuit_operator.py
[2025-05-07T19:16:30.509+0000] {logging_mixin.py:188} INFO - [2025-05-07T19:16:30.508+0000] {dag.py:3036} INFO - Sync 1 DAGs
[2025-05-07T19:16:30.534+0000] {logging_mixin.py:188} INFO - [2025-05-07T19:16:30.533+0000] {dag.py:3823} INFO - Setting next_dagrun for example_short_circuit_operator to 2025-05-06 00:00:00+00:00, run_after=2025-05-07 00:00:00+00:00
[2025-05-07T19:16:30.553+0000] {processor.py:183} INFO - Processing /home/airflow/.local/lib/python3.8/site-packages/airflow/example_dags/example_short_circuit_operator.py took 0.090 seconds
[2025-05-07T19:17:01.016+0000] {processor.py:161} INFO - Started process (PID=1379) to work on /home/airflow/.local/lib/python3.8/site-packages/airflow/example_dags/example_short_circuit_operator.py
[2025-05-07T19:17:01.017+0000] {processor.py:830} INFO - Processing file /home/airflow/.local/lib/python3.8/site-packages/airflow/example_dags/example_short_circuit_operator.py for tasks to queue
[2025-05-07T19:17:01.021+0000] {logging_mixin.py:188} INFO - [2025-05-07T19:17:01.020+0000] {dagbag.py:538} INFO - Filling up the DagBag from /home/airflow/.local/lib/python3.8/site-packages/airflow/example_dags/example_short_circuit_operator.py
[2025-05-07T19:17:01.031+0000] {processor.py:840} INFO - DAG(s) 'example_short_circuit_operator' retrieved from /home/airflow/.local/lib/python3.8/site-packages/airflow/example_dags/example_short_circuit_operator.py
[2025-05-07T19:17:01.055+0000] {logging_mixin.py:188} INFO - [2025-05-07T19:17:01.055+0000] {dag.py:3036} INFO - Sync 1 DAGs
[2025-05-07T19:17:01.079+0000] {logging_mixin.py:188} INFO - [2025-05-07T19:17:01.079+0000] {dag.py:3823} INFO - Setting next_dagrun for example_short_circuit_operator to 2025-05-06 00:00:00+00:00, run_after=2025-05-07 00:00:00+00:00
[2025-05-07T19:17:01.098+0000] {processor.py:183} INFO - Processing /home/airflow/.local/lib/python3.8/site-packages/airflow/example_dags/example_short_circuit_operator.py took 0.088 seconds
[2025-05-07T19:17:31.759+0000] {processor.py:161} INFO - Started process (PID=1435) to work on /home/airflow/.local/lib/python3.8/site-packages/airflow/example_dags/example_short_circuit_operator.py
[2025-05-07T19:17:31.761+0000] {processor.py:830} INFO - Processing file /home/airflow/.local/lib/python3.8/site-packages/airflow/example_dags/example_short_circuit_operator.py for tasks to queue
[2025-05-07T19:17:31.764+0000] {logging_mixin.py:188} INFO - [2025-05-07T19:17:31.763+0000] {dagbag.py:538} INFO - Filling up the DagBag from /home/airflow/.local/lib/python3.8/site-packages/airflow/example_dags/example_short_circuit_operator.py
[2025-05-07T19:17:31.774+0000] {processor.py:840} INFO - DAG(s) 'example_short_circuit_operator' retrieved from /home/airflow/.local/lib/python3.8/site-packages/airflow/example_dags/example_short_circuit_operator.py
[2025-05-07T19:17:31.818+0000] {logging_mixin.py:188} INFO - [2025-05-07T19:17:31.817+0000] {dag.py:3036} INFO - Sync 1 DAGs
[2025-05-07T19:17:31.855+0000] {logging_mixin.py:188} INFO - [2025-05-07T19:17:31.855+0000] {dag.py:3823} INFO - Setting next_dagrun for example_short_circuit_operator to 2025-05-06 00:00:00+00:00, run_after=2025-05-07 00:00:00+00:00
[2025-05-07T19:17:31.877+0000] {processor.py:183} INFO - Processing /home/airflow/.local/lib/python3.8/site-packages/airflow/example_dags/example_short_circuit_operator.py took 0.121 seconds
[2025-05-07T19:18:02.726+0000] {processor.py:161} INFO - Started process (PID=1491) to work on /home/airflow/.local/lib/python3.8/site-packages/airflow/example_dags/example_short_circuit_operator.py
[2025-05-07T19:18:02.728+0000] {processor.py:830} INFO - Processing file /home/airflow/.local/lib/python3.8/site-packages/airflow/example_dags/example_short_circuit_operator.py for tasks to queue
[2025-05-07T19:18:02.730+0000] {logging_mixin.py:188} INFO - [2025-05-07T19:18:02.729+0000] {dagbag.py:538} INFO - Filling up the DagBag from /home/airflow/.local/lib/python3.8/site-packages/airflow/example_dags/example_short_circuit_operator.py
[2025-05-07T19:18:02.737+0000] {processor.py:840} INFO - DAG(s) 'example_short_circuit_operator' retrieved from /home/airflow/.local/lib/python3.8/site-packages/airflow/example_dags/example_short_circuit_operator.py
[2025-05-07T19:18:02.762+0000] {logging_mixin.py:188} INFO - [2025-05-07T19:18:02.761+0000] {dag.py:3036} INFO - Sync 1 DAGs
[2025-05-07T19:18:02.783+0000] {logging_mixin.py:188} INFO - [2025-05-07T19:18:02.783+0000] {dag.py:3823} INFO - Setting next_dagrun for example_short_circuit_operator to 2025-05-06 00:00:00+00:00, run_after=2025-05-07 00:00:00+00:00
[2025-05-07T19:18:02.803+0000] {processor.py:183} INFO - Processing /home/airflow/.local/lib/python3.8/site-packages/airflow/example_dags/example_short_circuit_operator.py took 0.080 seconds
[2025-05-07T19:18:33.228+0000] {processor.py:161} INFO - Started process (PID=1547) to work on /home/airflow/.local/lib/python3.8/site-packages/airflow/example_dags/example_short_circuit_operator.py
[2025-05-07T19:18:33.234+0000] {processor.py:830} INFO - Processing file /home/airflow/.local/lib/python3.8/site-packages/airflow/example_dags/example_short_circuit_operator.py for tasks to queue
[2025-05-07T19:18:33.238+0000] {logging_mixin.py:188} INFO - [2025-05-07T19:18:33.238+0000] {dagbag.py:538} INFO - Filling up the DagBag from /home/airflow/.local/lib/python3.8/site-packages/airflow/example_dags/example_short_circuit_operator.py
[2025-05-07T19:18:33.251+0000] {processor.py:840} INFO - DAG(s) 'example_short_circuit_operator' retrieved from /home/airflow/.local/lib/python3.8/site-packages/airflow/example_dags/example_short_circuit_operator.py
[2025-05-07T19:18:33.272+0000] {logging_mixin.py:188} INFO - [2025-05-07T19:18:33.272+0000] {dag.py:3036} INFO - Sync 1 DAGs
[2025-05-07T19:18:33.292+0000] {logging_mixin.py:188} INFO - [2025-05-07T19:18:33.292+0000] {dag.py:3823} INFO - Setting next_dagrun for example_short_circuit_operator to 2025-05-06 00:00:00+00:00, run_after=2025-05-07 00:00:00+00:00
[2025-05-07T19:18:33.313+0000] {processor.py:183} INFO - Processing /home/airflow/.local/lib/python3.8/site-packages/airflow/example_dags/example_short_circuit_operator.py took 0.088 seconds
[2025-05-07T19:19:03.594+0000] {processor.py:161} INFO - Started process (PID=1603) to work on /home/airflow/.local/lib/python3.8/site-packages/airflow/example_dags/example_short_circuit_operator.py
[2025-05-07T19:19:03.595+0000] {processor.py:830} INFO - Processing file /home/airflow/.local/lib/python3.8/site-packages/airflow/example_dags/example_short_circuit_operator.py for tasks to queue
[2025-05-07T19:19:03.597+0000] {logging_mixin.py:188} INFO - [2025-05-07T19:19:03.597+0000] {dagbag.py:538} INFO - Filling up the DagBag from /home/airflow/.local/lib/python3.8/site-packages/airflow/example_dags/example_short_circuit_operator.py
[2025-05-07T19:19:03.604+0000] {processor.py:840} INFO - DAG(s) 'example_short_circuit_operator' retrieved from /home/airflow/.local/lib/python3.8/site-packages/airflow/example_dags/example_short_circuit_operator.py
[2025-05-07T19:19:03.625+0000] {logging_mixin.py:188} INFO - [2025-05-07T19:19:03.625+0000] {dag.py:3036} INFO - Sync 1 DAGs
[2025-05-07T19:19:03.645+0000] {logging_mixin.py:188} INFO - [2025-05-07T19:19:03.644+0000] {dag.py:3823} INFO - Setting next_dagrun for example_short_circuit_operator to 2025-05-06 00:00:00+00:00, run_after=2025-05-07 00:00:00+00:00
[2025-05-07T19:19:03.666+0000] {processor.py:183} INFO - Processing /home/airflow/.local/lib/python3.8/site-packages/airflow/example_dags/example_short_circuit_operator.py took 0.075 seconds
[2025-05-07T19:19:35.052+0000] {processor.py:161} INFO - Started process (PID=1659) to work on /home/airflow/.local/lib/python3.8/site-packages/airflow/example_dags/example_short_circuit_operator.py
[2025-05-07T19:19:35.055+0000] {processor.py:830} INFO - Processing file /home/airflow/.local/lib/python3.8/site-packages/airflow/example_dags/example_short_circuit_operator.py for tasks to queue
[2025-05-07T19:19:35.059+0000] {logging_mixin.py:188} INFO - [2025-05-07T19:19:35.058+0000] {dagbag.py:538} INFO - Filling up the DagBag from /home/airflow/.local/lib/python3.8/site-packages/airflow/example_dags/example_short_circuit_operator.py
[2025-05-07T19:19:35.074+0000] {processor.py:840} INFO - DAG(s) 'example_short_circuit_operator' retrieved from /home/airflow/.local/lib/python3.8/site-packages/airflow/example_dags/example_short_circuit_operator.py
[2025-05-07T19:19:35.102+0000] {logging_mixin.py:188} INFO - [2025-05-07T19:19:35.102+0000] {dag.py:3036} INFO - Sync 1 DAGs
[2025-05-07T19:19:35.124+0000] {logging_mixin.py:188} INFO - [2025-05-07T19:19:35.124+0000] {dag.py:3823} INFO - Setting next_dagrun for example_short_circuit_operator to 2025-05-06 00:00:00+00:00, run_after=2025-05-07 00:00:00+00:00
[2025-05-07T19:19:35.149+0000] {processor.py:183} INFO - Processing /home/airflow/.local/lib/python3.8/site-packages/airflow/example_dags/example_short_circuit_operator.py took 0.102 seconds
[2025-05-07T19:20:05.785+0000] {processor.py:161} INFO - Started process (PID=1715) to work on /home/airflow/.local/lib/python3.8/site-packages/airflow/example_dags/example_short_circuit_operator.py
[2025-05-07T19:20:05.788+0000] {processor.py:830} INFO - Processing file /home/airflow/.local/lib/python3.8/site-packages/airflow/example_dags/example_short_circuit_operator.py for tasks to queue
[2025-05-07T19:20:05.790+0000] {logging_mixin.py:188} INFO - [2025-05-07T19:20:05.790+0000] {dagbag.py:538} INFO - Filling up the DagBag from /home/airflow/.local/lib/python3.8/site-packages/airflow/example_dags/example_short_circuit_operator.py
[2025-05-07T19:20:05.800+0000] {processor.py:840} INFO - DAG(s) 'example_short_circuit_operator' retrieved from /home/airflow/.local/lib/python3.8/site-packages/airflow/example_dags/example_short_circuit_operator.py
[2025-05-07T19:20:05.825+0000] {logging_mixin.py:188} INFO - [2025-05-07T19:20:05.824+0000] {dag.py:3036} INFO - Sync 1 DAGs
[2025-05-07T19:20:05.845+0000] {logging_mixin.py:188} INFO - [2025-05-07T19:20:05.845+0000] {dag.py:3823} INFO - Setting next_dagrun for example_short_circuit_operator to 2025-05-06 00:00:00+00:00, run_after=2025-05-07 00:00:00+00:00
[2025-05-07T19:20:05.866+0000] {processor.py:183} INFO - Processing /home/airflow/.local/lib/python3.8/site-packages/airflow/example_dags/example_short_circuit_operator.py took 0.084 seconds
[2025-05-07T19:20:35.950+0000] {processor.py:161} INFO - Started process (PID=1772) to work on /home/airflow/.local/lib/python3.8/site-packages/airflow/example_dags/example_short_circuit_operator.py
[2025-05-07T19:20:35.954+0000] {processor.py:830} INFO - Processing file /home/airflow/.local/lib/python3.8/site-packages/airflow/example_dags/example_short_circuit_operator.py for tasks to queue
[2025-05-07T19:20:35.959+0000] {logging_mixin.py:188} INFO - [2025-05-07T19:20:35.958+0000] {dagbag.py:538} INFO - Filling up the DagBag from /home/airflow/.local/lib/python3.8/site-packages/airflow/example_dags/example_short_circuit_operator.py
[2025-05-07T19:20:35.976+0000] {processor.py:840} INFO - DAG(s) 'example_short_circuit_operator' retrieved from /home/airflow/.local/lib/python3.8/site-packages/airflow/example_dags/example_short_circuit_operator.py
[2025-05-07T19:20:36.003+0000] {logging_mixin.py:188} INFO - [2025-05-07T19:20:36.003+0000] {dag.py:3036} INFO - Sync 1 DAGs
[2025-05-07T19:20:36.030+0000] {logging_mixin.py:188} INFO - [2025-05-07T19:20:36.030+0000] {dag.py:3823} INFO - Setting next_dagrun for example_short_circuit_operator to 2025-05-06 00:00:00+00:00, run_after=2025-05-07 00:00:00+00:00
[2025-05-07T19:20:36.049+0000] {processor.py:183} INFO - Processing /home/airflow/.local/lib/python3.8/site-packages/airflow/example_dags/example_short_circuit_operator.py took 0.106 seconds
[2025-05-07T19:22:03.819+0000] {processor.py:161} INFO - Started process (PID=93) to work on /home/airflow/.local/lib/python3.8/site-packages/airflow/example_dags/example_short_circuit_operator.py
[2025-05-07T19:22:03.821+0000] {processor.py:830} INFO - Processing file /home/airflow/.local/lib/python3.8/site-packages/airflow/example_dags/example_short_circuit_operator.py for tasks to queue
[2025-05-07T19:22:03.822+0000] {logging_mixin.py:188} INFO - [2025-05-07T19:22:03.822+0000] {dagbag.py:538} INFO - Filling up the DagBag from /home/airflow/.local/lib/python3.8/site-packages/airflow/example_dags/example_short_circuit_operator.py
[2025-05-07T19:22:03.832+0000] {processor.py:840} INFO - DAG(s) 'example_short_circuit_operator' retrieved from /home/airflow/.local/lib/python3.8/site-packages/airflow/example_dags/example_short_circuit_operator.py
[2025-05-07T19:22:03.847+0000] {logging_mixin.py:188} INFO - [2025-05-07T19:22:03.847+0000] {dag.py:3036} INFO - Sync 1 DAGs
[2025-05-07T19:22:03.870+0000] {logging_mixin.py:188} INFO - [2025-05-07T19:22:03.870+0000] {dag.py:3823} INFO - Setting next_dagrun for example_short_circuit_operator to 2025-05-06 00:00:00+00:00, run_after=2025-05-07 00:00:00+00:00
[2025-05-07T19:22:03.895+0000] {processor.py:183} INFO - Processing /home/airflow/.local/lib/python3.8/site-packages/airflow/example_dags/example_short_circuit_operator.py took 0.079 seconds
[2025-05-07T19:22:34.940+0000] {processor.py:161} INFO - Started process (PID=150) to work on /home/airflow/.local/lib/python3.8/site-packages/airflow/example_dags/example_short_circuit_operator.py
[2025-05-07T19:22:34.942+0000] {processor.py:830} INFO - Processing file /home/airflow/.local/lib/python3.8/site-packages/airflow/example_dags/example_short_circuit_operator.py for tasks to queue
[2025-05-07T19:22:34.944+0000] {logging_mixin.py:188} INFO - [2025-05-07T19:22:34.944+0000] {dagbag.py:538} INFO - Filling up the DagBag from /home/airflow/.local/lib/python3.8/site-packages/airflow/example_dags/example_short_circuit_operator.py
[2025-05-07T19:22:34.952+0000] {processor.py:840} INFO - DAG(s) 'example_short_circuit_operator' retrieved from /home/airflow/.local/lib/python3.8/site-packages/airflow/example_dags/example_short_circuit_operator.py
[2025-05-07T19:22:35.055+0000] {logging_mixin.py:188} INFO - [2025-05-07T19:22:35.054+0000] {dag.py:3036} INFO - Sync 1 DAGs
[2025-05-07T19:22:35.082+0000] {logging_mixin.py:188} INFO - [2025-05-07T19:22:35.081+0000] {dag.py:3823} INFO - Setting next_dagrun for example_short_circuit_operator to 2025-05-06 00:00:00+00:00, run_after=2025-05-07 00:00:00+00:00
[2025-05-07T19:22:35.105+0000] {processor.py:183} INFO - Processing /home/airflow/.local/lib/python3.8/site-packages/airflow/example_dags/example_short_circuit_operator.py took 0.168 seconds
[2025-05-07T19:23:05.162+0000] {processor.py:161} INFO - Started process (PID=207) to work on /home/airflow/.local/lib/python3.8/site-packages/airflow/example_dags/example_short_circuit_operator.py
[2025-05-07T19:23:05.165+0000] {processor.py:830} INFO - Processing file /home/airflow/.local/lib/python3.8/site-packages/airflow/example_dags/example_short_circuit_operator.py for tasks to queue
[2025-05-07T19:23:05.170+0000] {logging_mixin.py:188} INFO - [2025-05-07T19:23:05.169+0000] {dagbag.py:538} INFO - Filling up the DagBag from /home/airflow/.local/lib/python3.8/site-packages/airflow/example_dags/example_short_circuit_operator.py
[2025-05-07T19:23:05.187+0000] {processor.py:840} INFO - DAG(s) 'example_short_circuit_operator' retrieved from /home/airflow/.local/lib/python3.8/site-packages/airflow/example_dags/example_short_circuit_operator.py
[2025-05-07T19:23:05.215+0000] {logging_mixin.py:188} INFO - [2025-05-07T19:23:05.214+0000] {dag.py:3036} INFO - Sync 1 DAGs
[2025-05-07T19:23:05.239+0000] {logging_mixin.py:188} INFO - [2025-05-07T19:23:05.238+0000] {dag.py:3823} INFO - Setting next_dagrun for example_short_circuit_operator to 2025-05-06 00:00:00+00:00, run_after=2025-05-07 00:00:00+00:00
[2025-05-07T19:23:05.260+0000] {processor.py:183} INFO - Processing /home/airflow/.local/lib/python3.8/site-packages/airflow/example_dags/example_short_circuit_operator.py took 0.103 seconds
[2025-05-07T19:23:35.696+0000] {processor.py:161} INFO - Started process (PID=273) to work on /home/airflow/.local/lib/python3.8/site-packages/airflow/example_dags/example_short_circuit_operator.py
[2025-05-07T19:23:35.698+0000] {processor.py:830} INFO - Processing file /home/airflow/.local/lib/python3.8/site-packages/airflow/example_dags/example_short_circuit_operator.py for tasks to queue
[2025-05-07T19:23:35.701+0000] {logging_mixin.py:188} INFO - [2025-05-07T19:23:35.700+0000] {dagbag.py:538} INFO - Filling up the DagBag from /home/airflow/.local/lib/python3.8/site-packages/airflow/example_dags/example_short_circuit_operator.py
[2025-05-07T19:23:35.710+0000] {processor.py:840} INFO - DAG(s) 'example_short_circuit_operator' retrieved from /home/airflow/.local/lib/python3.8/site-packages/airflow/example_dags/example_short_circuit_operator.py
[2025-05-07T19:23:35.740+0000] {logging_mixin.py:188} INFO - [2025-05-07T19:23:35.740+0000] {dag.py:3036} INFO - Sync 1 DAGs
[2025-05-07T19:23:35.771+0000] {logging_mixin.py:188} INFO - [2025-05-07T19:23:35.771+0000] {dag.py:3823} INFO - Setting next_dagrun for example_short_circuit_operator to 2025-05-06 00:00:00+00:00, run_after=2025-05-07 00:00:00+00:00
[2025-05-07T19:23:35.795+0000] {processor.py:183} INFO - Processing /home/airflow/.local/lib/python3.8/site-packages/airflow/example_dags/example_short_circuit_operator.py took 0.103 seconds
[2025-05-07T19:24:06.436+0000] {processor.py:161} INFO - Started process (PID=332) to work on /home/airflow/.local/lib/python3.8/site-packages/airflow/example_dags/example_short_circuit_operator.py
[2025-05-07T19:24:06.437+0000] {processor.py:830} INFO - Processing file /home/airflow/.local/lib/python3.8/site-packages/airflow/example_dags/example_short_circuit_operator.py for tasks to queue
[2025-05-07T19:24:06.440+0000] {logging_mixin.py:188} INFO - [2025-05-07T19:24:06.440+0000] {dagbag.py:538} INFO - Filling up the DagBag from /home/airflow/.local/lib/python3.8/site-packages/airflow/example_dags/example_short_circuit_operator.py
[2025-05-07T19:24:06.449+0000] {processor.py:840} INFO - DAG(s) 'example_short_circuit_operator' retrieved from /home/airflow/.local/lib/python3.8/site-packages/airflow/example_dags/example_short_circuit_operator.py
[2025-05-07T19:24:06.476+0000] {logging_mixin.py:188} INFO - [2025-05-07T19:24:06.476+0000] {dag.py:3036} INFO - Sync 1 DAGs
[2025-05-07T19:24:06.500+0000] {logging_mixin.py:188} INFO - [2025-05-07T19:24:06.500+0000] {dag.py:3823} INFO - Setting next_dagrun for example_short_circuit_operator to 2025-05-06 00:00:00+00:00, run_after=2025-05-07 00:00:00+00:00
[2025-05-07T19:24:06.522+0000] {processor.py:183} INFO - Processing /home/airflow/.local/lib/python3.8/site-packages/airflow/example_dags/example_short_circuit_operator.py took 0.090 seconds
[2025-05-07T19:24:37.016+0000] {processor.py:161} INFO - Started process (PID=395) to work on /home/airflow/.local/lib/python3.8/site-packages/airflow/example_dags/example_short_circuit_operator.py
[2025-05-07T19:24:37.017+0000] {processor.py:830} INFO - Processing file /home/airflow/.local/lib/python3.8/site-packages/airflow/example_dags/example_short_circuit_operator.py for tasks to queue
[2025-05-07T19:24:37.019+0000] {logging_mixin.py:188} INFO - [2025-05-07T19:24:37.019+0000] {dagbag.py:538} INFO - Filling up the DagBag from /home/airflow/.local/lib/python3.8/site-packages/airflow/example_dags/example_short_circuit_operator.py
[2025-05-07T19:24:37.028+0000] {processor.py:840} INFO - DAG(s) 'example_short_circuit_operator' retrieved from /home/airflow/.local/lib/python3.8/site-packages/airflow/example_dags/example_short_circuit_operator.py
[2025-05-07T19:24:37.050+0000] {logging_mixin.py:188} INFO - [2025-05-07T19:24:37.050+0000] {dag.py:3036} INFO - Sync 1 DAGs
[2025-05-07T19:24:37.070+0000] {logging_mixin.py:188} INFO - [2025-05-07T19:24:37.070+0000] {dag.py:3823} INFO - Setting next_dagrun for example_short_circuit_operator to 2025-05-06 00:00:00+00:00, run_after=2025-05-07 00:00:00+00:00
[2025-05-07T19:24:37.087+0000] {processor.py:183} INFO - Processing /home/airflow/.local/lib/python3.8/site-packages/airflow/example_dags/example_short_circuit_operator.py took 0.075 seconds
[2025-05-07T19:25:07.466+0000] {processor.py:161} INFO - Started process (PID=452) to work on /home/airflow/.local/lib/python3.8/site-packages/airflow/example_dags/example_short_circuit_operator.py
[2025-05-07T19:25:07.468+0000] {processor.py:830} INFO - Processing file /home/airflow/.local/lib/python3.8/site-packages/airflow/example_dags/example_short_circuit_operator.py for tasks to queue
[2025-05-07T19:25:07.470+0000] {logging_mixin.py:188} INFO - [2025-05-07T19:25:07.469+0000] {dagbag.py:538} INFO - Filling up the DagBag from /home/airflow/.local/lib/python3.8/site-packages/airflow/example_dags/example_short_circuit_operator.py
[2025-05-07T19:25:07.478+0000] {processor.py:840} INFO - DAG(s) 'example_short_circuit_operator' retrieved from /home/airflow/.local/lib/python3.8/site-packages/airflow/example_dags/example_short_circuit_operator.py
[2025-05-07T19:25:07.503+0000] {logging_mixin.py:188} INFO - [2025-05-07T19:25:07.503+0000] {dag.py:3036} INFO - Sync 1 DAGs
[2025-05-07T19:25:07.527+0000] {logging_mixin.py:188} INFO - [2025-05-07T19:25:07.527+0000] {dag.py:3823} INFO - Setting next_dagrun for example_short_circuit_operator to 2025-05-06 00:00:00+00:00, run_after=2025-05-07 00:00:00+00:00
[2025-05-07T19:25:07.549+0000] {processor.py:183} INFO - Processing /home/airflow/.local/lib/python3.8/site-packages/airflow/example_dags/example_short_circuit_operator.py took 0.086 seconds
[2025-05-07T19:25:38.401+0000] {processor.py:161} INFO - Started process (PID=509) to work on /home/airflow/.local/lib/python3.8/site-packages/airflow/example_dags/example_short_circuit_operator.py
[2025-05-07T19:25:38.403+0000] {processor.py:830} INFO - Processing file /home/airflow/.local/lib/python3.8/site-packages/airflow/example_dags/example_short_circuit_operator.py for tasks to queue
[2025-05-07T19:25:38.408+0000] {logging_mixin.py:188} INFO - [2025-05-07T19:25:38.407+0000] {dagbag.py:538} INFO - Filling up the DagBag from /home/airflow/.local/lib/python3.8/site-packages/airflow/example_dags/example_short_circuit_operator.py
[2025-05-07T19:25:38.420+0000] {processor.py:840} INFO - DAG(s) 'example_short_circuit_operator' retrieved from /home/airflow/.local/lib/python3.8/site-packages/airflow/example_dags/example_short_circuit_operator.py
[2025-05-07T19:25:38.453+0000] {logging_mixin.py:188} INFO - [2025-05-07T19:25:38.453+0000] {dag.py:3036} INFO - Sync 1 DAGs
[2025-05-07T19:25:38.477+0000] {logging_mixin.py:188} INFO - [2025-05-07T19:25:38.477+0000] {dag.py:3823} INFO - Setting next_dagrun for example_short_circuit_operator to 2025-05-06 00:00:00+00:00, run_after=2025-05-07 00:00:00+00:00
[2025-05-07T19:25:38.504+0000] {processor.py:183} INFO - Processing /home/airflow/.local/lib/python3.8/site-packages/airflow/example_dags/example_short_circuit_operator.py took 0.105 seconds
[2025-05-07T19:26:08.595+0000] {processor.py:161} INFO - Started process (PID=570) to work on /home/airflow/.local/lib/python3.8/site-packages/airflow/example_dags/example_short_circuit_operator.py
[2025-05-07T19:26:08.597+0000] {processor.py:830} INFO - Processing file /home/airflow/.local/lib/python3.8/site-packages/airflow/example_dags/example_short_circuit_operator.py for tasks to queue
[2025-05-07T19:26:08.599+0000] {logging_mixin.py:188} INFO - [2025-05-07T19:26:08.599+0000] {dagbag.py:538} INFO - Filling up the DagBag from /home/airflow/.local/lib/python3.8/site-packages/airflow/example_dags/example_short_circuit_operator.py
[2025-05-07T19:26:08.607+0000] {processor.py:840} INFO - DAG(s) 'example_short_circuit_operator' retrieved from /home/airflow/.local/lib/python3.8/site-packages/airflow/example_dags/example_short_circuit_operator.py
[2025-05-07T19:26:08.635+0000] {logging_mixin.py:188} INFO - [2025-05-07T19:26:08.635+0000] {dag.py:3036} INFO - Sync 1 DAGs
[2025-05-07T19:26:08.663+0000] {logging_mixin.py:188} INFO - [2025-05-07T19:26:08.662+0000] {dag.py:3823} INFO - Setting next_dagrun for example_short_circuit_operator to 2025-05-06 00:00:00+00:00, run_after=2025-05-07 00:00:00+00:00
[2025-05-07T19:26:08.700+0000] {processor.py:183} INFO - Processing /home/airflow/.local/lib/python3.8/site-packages/airflow/example_dags/example_short_circuit_operator.py took 0.109 seconds
[2025-05-07T19:26:39.811+0000] {processor.py:161} INFO - Started process (PID=634) to work on /home/airflow/.local/lib/python3.8/site-packages/airflow/example_dags/example_short_circuit_operator.py
[2025-05-07T19:26:39.813+0000] {processor.py:830} INFO - Processing file /home/airflow/.local/lib/python3.8/site-packages/airflow/example_dags/example_short_circuit_operator.py for tasks to queue
[2025-05-07T19:26:39.816+0000] {logging_mixin.py:188} INFO - [2025-05-07T19:26:39.815+0000] {dagbag.py:538} INFO - Filling up the DagBag from /home/airflow/.local/lib/python3.8/site-packages/airflow/example_dags/example_short_circuit_operator.py
[2025-05-07T19:26:39.824+0000] {processor.py:840} INFO - DAG(s) 'example_short_circuit_operator' retrieved from /home/airflow/.local/lib/python3.8/site-packages/airflow/example_dags/example_short_circuit_operator.py
[2025-05-07T19:26:39.848+0000] {logging_mixin.py:188} INFO - [2025-05-07T19:26:39.848+0000] {dag.py:3036} INFO - Sync 1 DAGs
[2025-05-07T19:26:39.869+0000] {logging_mixin.py:188} INFO - [2025-05-07T19:26:39.868+0000] {dag.py:3823} INFO - Setting next_dagrun for example_short_circuit_operator to 2025-05-06 00:00:00+00:00, run_after=2025-05-07 00:00:00+00:00
[2025-05-07T19:26:39.892+0000] {processor.py:183} INFO - Processing /home/airflow/.local/lib/python3.8/site-packages/airflow/example_dags/example_short_circuit_operator.py took 0.085 seconds
[2025-05-07T19:27:10.164+0000] {processor.py:161} INFO - Started process (PID=692) to work on /home/airflow/.local/lib/python3.8/site-packages/airflow/example_dags/example_short_circuit_operator.py
[2025-05-07T19:27:10.166+0000] {processor.py:830} INFO - Processing file /home/airflow/.local/lib/python3.8/site-packages/airflow/example_dags/example_short_circuit_operator.py for tasks to queue
[2025-05-07T19:27:10.169+0000] {logging_mixin.py:188} INFO - [2025-05-07T19:27:10.169+0000] {dagbag.py:538} INFO - Filling up the DagBag from /home/airflow/.local/lib/python3.8/site-packages/airflow/example_dags/example_short_circuit_operator.py
[2025-05-07T19:27:10.181+0000] {processor.py:840} INFO - DAG(s) 'example_short_circuit_operator' retrieved from /home/airflow/.local/lib/python3.8/site-packages/airflow/example_dags/example_short_circuit_operator.py
[2025-05-07T19:27:10.211+0000] {logging_mixin.py:188} INFO - [2025-05-07T19:27:10.211+0000] {dag.py:3036} INFO - Sync 1 DAGs
[2025-05-07T19:27:10.237+0000] {logging_mixin.py:188} INFO - [2025-05-07T19:27:10.237+0000] {dag.py:3823} INFO - Setting next_dagrun for example_short_circuit_operator to 2025-05-06 00:00:00+00:00, run_after=2025-05-07 00:00:00+00:00
[2025-05-07T19:27:10.263+0000] {processor.py:183} INFO - Processing /home/airflow/.local/lib/python3.8/site-packages/airflow/example_dags/example_short_circuit_operator.py took 0.104 seconds
[2025-05-07T19:27:40.721+0000] {processor.py:161} INFO - Started process (PID=749) to work on /home/airflow/.local/lib/python3.8/site-packages/airflow/example_dags/example_short_circuit_operator.py
[2025-05-07T19:27:40.723+0000] {processor.py:830} INFO - Processing file /home/airflow/.local/lib/python3.8/site-packages/airflow/example_dags/example_short_circuit_operator.py for tasks to queue
[2025-05-07T19:27:40.725+0000] {logging_mixin.py:188} INFO - [2025-05-07T19:27:40.725+0000] {dagbag.py:538} INFO - Filling up the DagBag from /home/airflow/.local/lib/python3.8/site-packages/airflow/example_dags/example_short_circuit_operator.py
[2025-05-07T19:27:40.733+0000] {processor.py:840} INFO - DAG(s) 'example_short_circuit_operator' retrieved from /home/airflow/.local/lib/python3.8/site-packages/airflow/example_dags/example_short_circuit_operator.py
[2025-05-07T19:27:40.756+0000] {logging_mixin.py:188} INFO - [2025-05-07T19:27:40.755+0000] {dag.py:3036} INFO - Sync 1 DAGs
[2025-05-07T19:27:40.784+0000] {logging_mixin.py:188} INFO - [2025-05-07T19:27:40.784+0000] {dag.py:3823} INFO - Setting next_dagrun for example_short_circuit_operator to 2025-05-06 00:00:00+00:00, run_after=2025-05-07 00:00:00+00:00
[2025-05-07T19:27:40.806+0000] {processor.py:183} INFO - Processing /home/airflow/.local/lib/python3.8/site-packages/airflow/example_dags/example_short_circuit_operator.py took 0.088 seconds
[2025-05-07T19:28:11.712+0000] {processor.py:161} INFO - Started process (PID=806) to work on /home/airflow/.local/lib/python3.8/site-packages/airflow/example_dags/example_short_circuit_operator.py
[2025-05-07T19:28:11.713+0000] {processor.py:830} INFO - Processing file /home/airflow/.local/lib/python3.8/site-packages/airflow/example_dags/example_short_circuit_operator.py for tasks to queue
[2025-05-07T19:28:11.715+0000] {logging_mixin.py:188} INFO - [2025-05-07T19:28:11.715+0000] {dagbag.py:538} INFO - Filling up the DagBag from /home/airflow/.local/lib/python3.8/site-packages/airflow/example_dags/example_short_circuit_operator.py
[2025-05-07T19:28:11.722+0000] {processor.py:840} INFO - DAG(s) 'example_short_circuit_operator' retrieved from /home/airflow/.local/lib/python3.8/site-packages/airflow/example_dags/example_short_circuit_operator.py
[2025-05-07T19:28:11.745+0000] {logging_mixin.py:188} INFO - [2025-05-07T19:28:11.745+0000] {dag.py:3036} INFO - Sync 1 DAGs
[2025-05-07T19:28:11.765+0000] {logging_mixin.py:188} INFO - [2025-05-07T19:28:11.765+0000] {dag.py:3823} INFO - Setting next_dagrun for example_short_circuit_operator to 2025-05-06 00:00:00+00:00, run_after=2025-05-07 00:00:00+00:00
[2025-05-07T19:28:11.784+0000] {processor.py:183} INFO - Processing /home/airflow/.local/lib/python3.8/site-packages/airflow/example_dags/example_short_circuit_operator.py took 0.075 seconds
[2025-05-07T19:28:42.141+0000] {processor.py:161} INFO - Started process (PID=863) to work on /home/airflow/.local/lib/python3.8/site-packages/airflow/example_dags/example_short_circuit_operator.py
[2025-05-07T19:28:42.143+0000] {processor.py:830} INFO - Processing file /home/airflow/.local/lib/python3.8/site-packages/airflow/example_dags/example_short_circuit_operator.py for tasks to queue
[2025-05-07T19:28:42.145+0000] {logging_mixin.py:188} INFO - [2025-05-07T19:28:42.145+0000] {dagbag.py:538} INFO - Filling up the DagBag from /home/airflow/.local/lib/python3.8/site-packages/airflow/example_dags/example_short_circuit_operator.py
[2025-05-07T19:28:42.153+0000] {processor.py:840} INFO - DAG(s) 'example_short_circuit_operator' retrieved from /home/airflow/.local/lib/python3.8/site-packages/airflow/example_dags/example_short_circuit_operator.py
[2025-05-07T19:28:42.182+0000] {logging_mixin.py:188} INFO - [2025-05-07T19:28:42.181+0000] {dag.py:3036} INFO - Sync 1 DAGs
[2025-05-07T19:28:42.205+0000] {logging_mixin.py:188} INFO - [2025-05-07T19:28:42.205+0000] {dag.py:3823} INFO - Setting next_dagrun for example_short_circuit_operator to 2025-05-06 00:00:00+00:00, run_after=2025-05-07 00:00:00+00:00
[2025-05-07T19:28:42.225+0000] {processor.py:183} INFO - Processing /home/airflow/.local/lib/python3.8/site-packages/airflow/example_dags/example_short_circuit_operator.py took 0.088 seconds
[2025-05-07T19:29:12.425+0000] {processor.py:161} INFO - Started process (PID=920) to work on /home/airflow/.local/lib/python3.8/site-packages/airflow/example_dags/example_short_circuit_operator.py
[2025-05-07T19:29:12.426+0000] {processor.py:830} INFO - Processing file /home/airflow/.local/lib/python3.8/site-packages/airflow/example_dags/example_short_circuit_operator.py for tasks to queue
[2025-05-07T19:29:12.428+0000] {logging_mixin.py:188} INFO - [2025-05-07T19:29:12.428+0000] {dagbag.py:538} INFO - Filling up the DagBag from /home/airflow/.local/lib/python3.8/site-packages/airflow/example_dags/example_short_circuit_operator.py
[2025-05-07T19:29:12.436+0000] {processor.py:840} INFO - DAG(s) 'example_short_circuit_operator' retrieved from /home/airflow/.local/lib/python3.8/site-packages/airflow/example_dags/example_short_circuit_operator.py
[2025-05-07T19:29:12.460+0000] {logging_mixin.py:188} INFO - [2025-05-07T19:29:12.460+0000] {dag.py:3036} INFO - Sync 1 DAGs
[2025-05-07T19:29:12.482+0000] {logging_mixin.py:188} INFO - [2025-05-07T19:29:12.482+0000] {dag.py:3823} INFO - Setting next_dagrun for example_short_circuit_operator to 2025-05-06 00:00:00+00:00, run_after=2025-05-07 00:00:00+00:00
[2025-05-07T19:29:12.503+0000] {processor.py:183} INFO - Processing /home/airflow/.local/lib/python3.8/site-packages/airflow/example_dags/example_short_circuit_operator.py took 0.081 seconds
[2025-05-07T19:29:42.585+0000] {processor.py:161} INFO - Started process (PID=977) to work on /home/airflow/.local/lib/python3.8/site-packages/airflow/example_dags/example_short_circuit_operator.py
[2025-05-07T19:29:42.586+0000] {processor.py:830} INFO - Processing file /home/airflow/.local/lib/python3.8/site-packages/airflow/example_dags/example_short_circuit_operator.py for tasks to queue
[2025-05-07T19:29:42.588+0000] {logging_mixin.py:188} INFO - [2025-05-07T19:29:42.587+0000] {dagbag.py:538} INFO - Filling up the DagBag from /home/airflow/.local/lib/python3.8/site-packages/airflow/example_dags/example_short_circuit_operator.py
[2025-05-07T19:29:42.595+0000] {processor.py:840} INFO - DAG(s) 'example_short_circuit_operator' retrieved from /home/airflow/.local/lib/python3.8/site-packages/airflow/example_dags/example_short_circuit_operator.py
[2025-05-07T19:29:42.616+0000] {logging_mixin.py:188} INFO - [2025-05-07T19:29:42.616+0000] {dag.py:3036} INFO - Sync 1 DAGs
[2025-05-07T19:29:42.636+0000] {logging_mixin.py:188} INFO - [2025-05-07T19:29:42.635+0000] {dag.py:3823} INFO - Setting next_dagrun for example_short_circuit_operator to 2025-05-06 00:00:00+00:00, run_after=2025-05-07 00:00:00+00:00
[2025-05-07T19:29:42.653+0000] {processor.py:183} INFO - Processing /home/airflow/.local/lib/python3.8/site-packages/airflow/example_dags/example_short_circuit_operator.py took 0.071 seconds
[2025-05-07T19:33:17.788+0000] {processor.py:161} INFO - Started process (PID=94) to work on /home/airflow/.local/lib/python3.8/site-packages/airflow/example_dags/example_short_circuit_operator.py
[2025-05-07T19:33:17.791+0000] {processor.py:830} INFO - Processing file /home/airflow/.local/lib/python3.8/site-packages/airflow/example_dags/example_short_circuit_operator.py for tasks to queue
[2025-05-07T19:33:17.793+0000] {logging_mixin.py:188} INFO - [2025-05-07T19:33:17.793+0000] {dagbag.py:538} INFO - Filling up the DagBag from /home/airflow/.local/lib/python3.8/site-packages/airflow/example_dags/example_short_circuit_operator.py
[2025-05-07T19:33:17.803+0000] {processor.py:840} INFO - DAG(s) 'example_short_circuit_operator' retrieved from /home/airflow/.local/lib/python3.8/site-packages/airflow/example_dags/example_short_circuit_operator.py
[2025-05-07T19:33:17.817+0000] {logging_mixin.py:188} INFO - [2025-05-07T19:33:17.816+0000] {dag.py:3036} INFO - Sync 1 DAGs
[2025-05-07T19:33:17.844+0000] {logging_mixin.py:188} INFO - [2025-05-07T19:33:17.844+0000] {dag.py:3823} INFO - Setting next_dagrun for example_short_circuit_operator to 2025-05-06 00:00:00+00:00, run_after=2025-05-07 00:00:00+00:00
[2025-05-07T19:33:17.867+0000] {processor.py:183} INFO - Processing /home/airflow/.local/lib/python3.8/site-packages/airflow/example_dags/example_short_circuit_operator.py took 0.082 seconds
[2025-05-07T19:33:50.142+0000] {processor.py:161} INFO - Started process (PID=151) to work on /home/airflow/.local/lib/python3.8/site-packages/airflow/example_dags/example_short_circuit_operator.py
[2025-05-07T19:33:50.144+0000] {processor.py:830} INFO - Processing file /home/airflow/.local/lib/python3.8/site-packages/airflow/example_dags/example_short_circuit_operator.py for tasks to queue
[2025-05-07T19:33:50.146+0000] {logging_mixin.py:188} INFO - [2025-05-07T19:33:50.146+0000] {dagbag.py:538} INFO - Filling up the DagBag from /home/airflow/.local/lib/python3.8/site-packages/airflow/example_dags/example_short_circuit_operator.py
[2025-05-07T19:33:50.156+0000] {processor.py:840} INFO - DAG(s) 'example_short_circuit_operator' retrieved from /home/airflow/.local/lib/python3.8/site-packages/airflow/example_dags/example_short_circuit_operator.py
[2025-05-07T19:33:50.270+0000] {logging_mixin.py:188} INFO - [2025-05-07T19:33:50.269+0000] {dag.py:3036} INFO - Sync 1 DAGs
[2025-05-07T19:33:50.293+0000] {logging_mixin.py:188} INFO - [2025-05-07T19:33:50.293+0000] {dag.py:3823} INFO - Setting next_dagrun for example_short_circuit_operator to 2025-05-06 00:00:00+00:00, run_after=2025-05-07 00:00:00+00:00
[2025-05-07T19:33:50.317+0000] {processor.py:183} INFO - Processing /home/airflow/.local/lib/python3.8/site-packages/airflow/example_dags/example_short_circuit_operator.py took 0.178 seconds
[2025-05-07T19:34:20.470+0000] {processor.py:161} INFO - Started process (PID=208) to work on /home/airflow/.local/lib/python3.8/site-packages/airflow/example_dags/example_short_circuit_operator.py
[2025-05-07T19:34:20.472+0000] {processor.py:830} INFO - Processing file /home/airflow/.local/lib/python3.8/site-packages/airflow/example_dags/example_short_circuit_operator.py for tasks to queue
[2025-05-07T19:34:20.474+0000] {logging_mixin.py:188} INFO - [2025-05-07T19:34:20.473+0000] {dagbag.py:538} INFO - Filling up the DagBag from /home/airflow/.local/lib/python3.8/site-packages/airflow/example_dags/example_short_circuit_operator.py
[2025-05-07T19:34:20.482+0000] {processor.py:840} INFO - DAG(s) 'example_short_circuit_operator' retrieved from /home/airflow/.local/lib/python3.8/site-packages/airflow/example_dags/example_short_circuit_operator.py
[2025-05-07T19:34:20.509+0000] {logging_mixin.py:188} INFO - [2025-05-07T19:34:20.509+0000] {dag.py:3036} INFO - Sync 1 DAGs
[2025-05-07T19:34:20.530+0000] {logging_mixin.py:188} INFO - [2025-05-07T19:34:20.530+0000] {dag.py:3823} INFO - Setting next_dagrun for example_short_circuit_operator to 2025-05-06 00:00:00+00:00, run_after=2025-05-07 00:00:00+00:00
[2025-05-07T19:34:20.552+0000] {processor.py:183} INFO - Processing /home/airflow/.local/lib/python3.8/site-packages/airflow/example_dags/example_short_circuit_operator.py took 0.084 seconds
[2025-05-07T19:34:50.881+0000] {processor.py:161} INFO - Started process (PID=265) to work on /home/airflow/.local/lib/python3.8/site-packages/airflow/example_dags/example_short_circuit_operator.py
[2025-05-07T19:34:50.883+0000] {processor.py:830} INFO - Processing file /home/airflow/.local/lib/python3.8/site-packages/airflow/example_dags/example_short_circuit_operator.py for tasks to queue
[2025-05-07T19:34:50.885+0000] {logging_mixin.py:188} INFO - [2025-05-07T19:34:50.885+0000] {dagbag.py:538} INFO - Filling up the DagBag from /home/airflow/.local/lib/python3.8/site-packages/airflow/example_dags/example_short_circuit_operator.py
[2025-05-07T19:34:50.894+0000] {processor.py:840} INFO - DAG(s) 'example_short_circuit_operator' retrieved from /home/airflow/.local/lib/python3.8/site-packages/airflow/example_dags/example_short_circuit_operator.py
[2025-05-07T19:34:50.922+0000] {logging_mixin.py:188} INFO - [2025-05-07T19:34:50.922+0000] {dag.py:3036} INFO - Sync 1 DAGs
[2025-05-07T19:34:50.950+0000] {logging_mixin.py:188} INFO - [2025-05-07T19:34:50.950+0000] {dag.py:3823} INFO - Setting next_dagrun for example_short_circuit_operator to 2025-05-06 00:00:00+00:00, run_after=2025-05-07 00:00:00+00:00
[2025-05-07T19:34:50.975+0000] {processor.py:183} INFO - Processing /home/airflow/.local/lib/python3.8/site-packages/airflow/example_dags/example_short_circuit_operator.py took 0.097 seconds
[2025-05-07T19:35:22.104+0000] {processor.py:161} INFO - Started process (PID=322) to work on /home/airflow/.local/lib/python3.8/site-packages/airflow/example_dags/example_short_circuit_operator.py
[2025-05-07T19:35:22.106+0000] {processor.py:830} INFO - Processing file /home/airflow/.local/lib/python3.8/site-packages/airflow/example_dags/example_short_circuit_operator.py for tasks to queue
[2025-05-07T19:35:22.108+0000] {logging_mixin.py:188} INFO - [2025-05-07T19:35:22.108+0000] {dagbag.py:538} INFO - Filling up the DagBag from /home/airflow/.local/lib/python3.8/site-packages/airflow/example_dags/example_short_circuit_operator.py
[2025-05-07T19:35:22.117+0000] {processor.py:840} INFO - DAG(s) 'example_short_circuit_operator' retrieved from /home/airflow/.local/lib/python3.8/site-packages/airflow/example_dags/example_short_circuit_operator.py
[2025-05-07T19:35:22.143+0000] {logging_mixin.py:188} INFO - [2025-05-07T19:35:22.143+0000] {dag.py:3036} INFO - Sync 1 DAGs
[2025-05-07T19:35:22.167+0000] {logging_mixin.py:188} INFO - [2025-05-07T19:35:22.166+0000] {dag.py:3823} INFO - Setting next_dagrun for example_short_circuit_operator to 2025-05-06 00:00:00+00:00, run_after=2025-05-07 00:00:00+00:00
[2025-05-07T19:35:22.190+0000] {processor.py:183} INFO - Processing /home/airflow/.local/lib/python3.8/site-packages/airflow/example_dags/example_short_circuit_operator.py took 0.090 seconds
[2025-05-07T19:35:53.028+0000] {processor.py:161} INFO - Started process (PID=379) to work on /home/airflow/.local/lib/python3.8/site-packages/airflow/example_dags/example_short_circuit_operator.py
[2025-05-07T19:35:53.030+0000] {processor.py:830} INFO - Processing file /home/airflow/.local/lib/python3.8/site-packages/airflow/example_dags/example_short_circuit_operator.py for tasks to queue
[2025-05-07T19:35:53.032+0000] {logging_mixin.py:188} INFO - [2025-05-07T19:35:53.031+0000] {dagbag.py:538} INFO - Filling up the DagBag from /home/airflow/.local/lib/python3.8/site-packages/airflow/example_dags/example_short_circuit_operator.py
[2025-05-07T19:35:53.039+0000] {processor.py:840} INFO - DAG(s) 'example_short_circuit_operator' retrieved from /home/airflow/.local/lib/python3.8/site-packages/airflow/example_dags/example_short_circuit_operator.py
[2025-05-07T19:35:53.062+0000] {logging_mixin.py:188} INFO - [2025-05-07T19:35:53.062+0000] {dag.py:3036} INFO - Sync 1 DAGs
[2025-05-07T19:35:53.083+0000] {logging_mixin.py:188} INFO - [2025-05-07T19:35:53.083+0000] {dag.py:3823} INFO - Setting next_dagrun for example_short_circuit_operator to 2025-05-06 00:00:00+00:00, run_after=2025-05-07 00:00:00+00:00
[2025-05-07T19:35:53.100+0000] {processor.py:183} INFO - Processing /home/airflow/.local/lib/python3.8/site-packages/airflow/example_dags/example_short_circuit_operator.py took 0.075 seconds
[2025-05-07T19:36:23.565+0000] {processor.py:161} INFO - Started process (PID=436) to work on /home/airflow/.local/lib/python3.8/site-packages/airflow/example_dags/example_short_circuit_operator.py
[2025-05-07T19:36:23.566+0000] {processor.py:830} INFO - Processing file /home/airflow/.local/lib/python3.8/site-packages/airflow/example_dags/example_short_circuit_operator.py for tasks to queue
[2025-05-07T19:36:23.569+0000] {logging_mixin.py:188} INFO - [2025-05-07T19:36:23.568+0000] {dagbag.py:538} INFO - Filling up the DagBag from /home/airflow/.local/lib/python3.8/site-packages/airflow/example_dags/example_short_circuit_operator.py
[2025-05-07T19:36:23.577+0000] {processor.py:840} INFO - DAG(s) 'example_short_circuit_operator' retrieved from /home/airflow/.local/lib/python3.8/site-packages/airflow/example_dags/example_short_circuit_operator.py
[2025-05-07T19:36:23.603+0000] {logging_mixin.py:188} INFO - [2025-05-07T19:36:23.603+0000] {dag.py:3036} INFO - Sync 1 DAGs
[2025-05-07T19:36:23.625+0000] {logging_mixin.py:188} INFO - [2025-05-07T19:36:23.625+0000] {dag.py:3823} INFO - Setting next_dagrun for example_short_circuit_operator to 2025-05-06 00:00:00+00:00, run_after=2025-05-07 00:00:00+00:00
[2025-05-07T19:36:23.646+0000] {processor.py:183} INFO - Processing /home/airflow/.local/lib/python3.8/site-packages/airflow/example_dags/example_short_circuit_operator.py took 0.084 seconds
[2025-05-07T19:36:54.146+0000] {processor.py:161} INFO - Started process (PID=493) to work on /home/airflow/.local/lib/python3.8/site-packages/airflow/example_dags/example_short_circuit_operator.py
[2025-05-07T19:36:54.147+0000] {processor.py:830} INFO - Processing file /home/airflow/.local/lib/python3.8/site-packages/airflow/example_dags/example_short_circuit_operator.py for tasks to queue
[2025-05-07T19:36:54.149+0000] {logging_mixin.py:188} INFO - [2025-05-07T19:36:54.149+0000] {dagbag.py:538} INFO - Filling up the DagBag from /home/airflow/.local/lib/python3.8/site-packages/airflow/example_dags/example_short_circuit_operator.py
[2025-05-07T19:36:54.157+0000] {processor.py:840} INFO - DAG(s) 'example_short_circuit_operator' retrieved from /home/airflow/.local/lib/python3.8/site-packages/airflow/example_dags/example_short_circuit_operator.py
[2025-05-07T19:36:54.181+0000] {logging_mixin.py:188} INFO - [2025-05-07T19:36:54.181+0000] {dag.py:3036} INFO - Sync 1 DAGs
[2025-05-07T19:36:54.205+0000] {logging_mixin.py:188} INFO - [2025-05-07T19:36:54.205+0000] {dag.py:3823} INFO - Setting next_dagrun for example_short_circuit_operator to 2025-05-06 00:00:00+00:00, run_after=2025-05-07 00:00:00+00:00
[2025-05-07T19:36:54.228+0000] {processor.py:183} INFO - Processing /home/airflow/.local/lib/python3.8/site-packages/airflow/example_dags/example_short_circuit_operator.py took 0.086 seconds
[2025-05-07T19:37:24.554+0000] {processor.py:161} INFO - Started process (PID=550) to work on /home/airflow/.local/lib/python3.8/site-packages/airflow/example_dags/example_short_circuit_operator.py
[2025-05-07T19:37:24.557+0000] {processor.py:830} INFO - Processing file /home/airflow/.local/lib/python3.8/site-packages/airflow/example_dags/example_short_circuit_operator.py for tasks to queue
[2025-05-07T19:37:24.560+0000] {logging_mixin.py:188} INFO - [2025-05-07T19:37:24.560+0000] {dagbag.py:538} INFO - Filling up the DagBag from /home/airflow/.local/lib/python3.8/site-packages/airflow/example_dags/example_short_circuit_operator.py
[2025-05-07T19:37:24.573+0000] {processor.py:840} INFO - DAG(s) 'example_short_circuit_operator' retrieved from /home/airflow/.local/lib/python3.8/site-packages/airflow/example_dags/example_short_circuit_operator.py
[2025-05-07T19:37:24.605+0000] {logging_mixin.py:188} INFO - [2025-05-07T19:37:24.605+0000] {dag.py:3036} INFO - Sync 1 DAGs
[2025-05-07T19:37:24.632+0000] {logging_mixin.py:188} INFO - [2025-05-07T19:37:24.632+0000] {dag.py:3823} INFO - Setting next_dagrun for example_short_circuit_operator to 2025-05-06 00:00:00+00:00, run_after=2025-05-07 00:00:00+00:00
[2025-05-07T19:37:24.655+0000] {processor.py:183} INFO - Processing /home/airflow/.local/lib/python3.8/site-packages/airflow/example_dags/example_short_circuit_operator.py took 0.105 seconds
[2025-05-07T19:37:54.832+0000] {processor.py:161} INFO - Started process (PID=607) to work on /home/airflow/.local/lib/python3.8/site-packages/airflow/example_dags/example_short_circuit_operator.py
[2025-05-07T19:37:54.834+0000] {processor.py:830} INFO - Processing file /home/airflow/.local/lib/python3.8/site-packages/airflow/example_dags/example_short_circuit_operator.py for tasks to queue
[2025-05-07T19:37:54.838+0000] {logging_mixin.py:188} INFO - [2025-05-07T19:37:54.837+0000] {dagbag.py:538} INFO - Filling up the DagBag from /home/airflow/.local/lib/python3.8/site-packages/airflow/example_dags/example_short_circuit_operator.py
[2025-05-07T19:37:54.845+0000] {processor.py:840} INFO - DAG(s) 'example_short_circuit_operator' retrieved from /home/airflow/.local/lib/python3.8/site-packages/airflow/example_dags/example_short_circuit_operator.py
[2025-05-07T19:37:54.869+0000] {logging_mixin.py:188} INFO - [2025-05-07T19:37:54.868+0000] {dag.py:3036} INFO - Sync 1 DAGs
[2025-05-07T19:37:54.889+0000] {logging_mixin.py:188} INFO - [2025-05-07T19:37:54.889+0000] {dag.py:3823} INFO - Setting next_dagrun for example_short_circuit_operator to 2025-05-06 00:00:00+00:00, run_after=2025-05-07 00:00:00+00:00
[2025-05-07T19:37:54.917+0000] {processor.py:183} INFO - Processing /home/airflow/.local/lib/python3.8/site-packages/airflow/example_dags/example_short_circuit_operator.py took 0.089 seconds
[2025-05-07T19:38:25.475+0000] {processor.py:161} INFO - Started process (PID=664) to work on /home/airflow/.local/lib/python3.8/site-packages/airflow/example_dags/example_short_circuit_operator.py
[2025-05-07T19:38:25.477+0000] {processor.py:830} INFO - Processing file /home/airflow/.local/lib/python3.8/site-packages/airflow/example_dags/example_short_circuit_operator.py for tasks to queue
[2025-05-07T19:38:25.480+0000] {logging_mixin.py:188} INFO - [2025-05-07T19:38:25.480+0000] {dagbag.py:538} INFO - Filling up the DagBag from /home/airflow/.local/lib/python3.8/site-packages/airflow/example_dags/example_short_circuit_operator.py
[2025-05-07T19:38:25.488+0000] {processor.py:840} INFO - DAG(s) 'example_short_circuit_operator' retrieved from /home/airflow/.local/lib/python3.8/site-packages/airflow/example_dags/example_short_circuit_operator.py
[2025-05-07T19:38:25.510+0000] {logging_mixin.py:188} INFO - [2025-05-07T19:38:25.510+0000] {dag.py:3036} INFO - Sync 1 DAGs
[2025-05-07T19:38:25.532+0000] {logging_mixin.py:188} INFO - [2025-05-07T19:38:25.532+0000] {dag.py:3823} INFO - Setting next_dagrun for example_short_circuit_operator to 2025-05-06 00:00:00+00:00, run_after=2025-05-07 00:00:00+00:00
[2025-05-07T19:38:25.553+0000] {processor.py:183} INFO - Processing /home/airflow/.local/lib/python3.8/site-packages/airflow/example_dags/example_short_circuit_operator.py took 0.080 seconds
[2025-05-07T19:38:55.954+0000] {processor.py:161} INFO - Started process (PID=721) to work on /home/airflow/.local/lib/python3.8/site-packages/airflow/example_dags/example_short_circuit_operator.py
[2025-05-07T19:38:55.956+0000] {processor.py:830} INFO - Processing file /home/airflow/.local/lib/python3.8/site-packages/airflow/example_dags/example_short_circuit_operator.py for tasks to queue
[2025-05-07T19:38:55.958+0000] {logging_mixin.py:188} INFO - [2025-05-07T19:38:55.958+0000] {dagbag.py:538} INFO - Filling up the DagBag from /home/airflow/.local/lib/python3.8/site-packages/airflow/example_dags/example_short_circuit_operator.py
[2025-05-07T19:38:55.966+0000] {processor.py:840} INFO - DAG(s) 'example_short_circuit_operator' retrieved from /home/airflow/.local/lib/python3.8/site-packages/airflow/example_dags/example_short_circuit_operator.py
[2025-05-07T19:38:55.989+0000] {logging_mixin.py:188} INFO - [2025-05-07T19:38:55.989+0000] {dag.py:3036} INFO - Sync 1 DAGs
[2025-05-07T19:38:56.015+0000] {logging_mixin.py:188} INFO - [2025-05-07T19:38:56.014+0000] {dag.py:3823} INFO - Setting next_dagrun for example_short_circuit_operator to 2025-05-06 00:00:00+00:00, run_after=2025-05-07 00:00:00+00:00
[2025-05-07T19:38:56.044+0000] {processor.py:183} INFO - Processing /home/airflow/.local/lib/python3.8/site-packages/airflow/example_dags/example_short_circuit_operator.py took 0.092 seconds
[2025-05-07T19:39:26.600+0000] {processor.py:161} INFO - Started process (PID=778) to work on /home/airflow/.local/lib/python3.8/site-packages/airflow/example_dags/example_short_circuit_operator.py
[2025-05-07T19:39:26.602+0000] {processor.py:830} INFO - Processing file /home/airflow/.local/lib/python3.8/site-packages/airflow/example_dags/example_short_circuit_operator.py for tasks to queue
[2025-05-07T19:39:26.604+0000] {logging_mixin.py:188} INFO - [2025-05-07T19:39:26.604+0000] {dagbag.py:538} INFO - Filling up the DagBag from /home/airflow/.local/lib/python3.8/site-packages/airflow/example_dags/example_short_circuit_operator.py
[2025-05-07T19:39:26.613+0000] {processor.py:840} INFO - DAG(s) 'example_short_circuit_operator' retrieved from /home/airflow/.local/lib/python3.8/site-packages/airflow/example_dags/example_short_circuit_operator.py
[2025-05-07T19:39:26.645+0000] {logging_mixin.py:188} INFO - [2025-05-07T19:39:26.644+0000] {dag.py:3036} INFO - Sync 1 DAGs
[2025-05-07T19:39:26.676+0000] {logging_mixin.py:188} INFO - [2025-05-07T19:39:26.676+0000] {dag.py:3823} INFO - Setting next_dagrun for example_short_circuit_operator to 2025-05-06 00:00:00+00:00, run_after=2025-05-07 00:00:00+00:00
[2025-05-07T19:39:26.700+0000] {processor.py:183} INFO - Processing /home/airflow/.local/lib/python3.8/site-packages/airflow/example_dags/example_short_circuit_operator.py took 0.103 seconds
[2025-05-07T19:39:57.096+0000] {processor.py:161} INFO - Started process (PID=835) to work on /home/airflow/.local/lib/python3.8/site-packages/airflow/example_dags/example_short_circuit_operator.py
[2025-05-07T19:39:57.097+0000] {processor.py:830} INFO - Processing file /home/airflow/.local/lib/python3.8/site-packages/airflow/example_dags/example_short_circuit_operator.py for tasks to queue
[2025-05-07T19:39:57.100+0000] {logging_mixin.py:188} INFO - [2025-05-07T19:39:57.100+0000] {dagbag.py:538} INFO - Filling up the DagBag from /home/airflow/.local/lib/python3.8/site-packages/airflow/example_dags/example_short_circuit_operator.py
[2025-05-07T19:39:57.111+0000] {processor.py:840} INFO - DAG(s) 'example_short_circuit_operator' retrieved from /home/airflow/.local/lib/python3.8/site-packages/airflow/example_dags/example_short_circuit_operator.py
[2025-05-07T19:39:57.140+0000] {logging_mixin.py:188} INFO - [2025-05-07T19:39:57.140+0000] {dag.py:3036} INFO - Sync 1 DAGs
[2025-05-07T19:39:57.166+0000] {logging_mixin.py:188} INFO - [2025-05-07T19:39:57.166+0000] {dag.py:3823} INFO - Setting next_dagrun for example_short_circuit_operator to 2025-05-06 00:00:00+00:00, run_after=2025-05-07 00:00:00+00:00
[2025-05-07T19:39:57.187+0000] {processor.py:183} INFO - Processing /home/airflow/.local/lib/python3.8/site-packages/airflow/example_dags/example_short_circuit_operator.py took 0.093 seconds
[2025-05-07T19:40:28.020+0000] {processor.py:161} INFO - Started process (PID=892) to work on /home/airflow/.local/lib/python3.8/site-packages/airflow/example_dags/example_short_circuit_operator.py
[2025-05-07T19:40:28.023+0000] {processor.py:830} INFO - Processing file /home/airflow/.local/lib/python3.8/site-packages/airflow/example_dags/example_short_circuit_operator.py for tasks to queue
[2025-05-07T19:40:28.027+0000] {logging_mixin.py:188} INFO - [2025-05-07T19:40:28.027+0000] {dagbag.py:538} INFO - Filling up the DagBag from /home/airflow/.local/lib/python3.8/site-packages/airflow/example_dags/example_short_circuit_operator.py
[2025-05-07T19:40:28.045+0000] {processor.py:840} INFO - DAG(s) 'example_short_circuit_operator' retrieved from /home/airflow/.local/lib/python3.8/site-packages/airflow/example_dags/example_short_circuit_operator.py
[2025-05-07T19:40:28.078+0000] {logging_mixin.py:188} INFO - [2025-05-07T19:40:28.078+0000] {dag.py:3036} INFO - Sync 1 DAGs
[2025-05-07T19:40:28.106+0000] {logging_mixin.py:188} INFO - [2025-05-07T19:40:28.106+0000] {dag.py:3823} INFO - Setting next_dagrun for example_short_circuit_operator to 2025-05-06 00:00:00+00:00, run_after=2025-05-07 00:00:00+00:00
[2025-05-07T19:40:28.131+0000] {processor.py:183} INFO - Processing /home/airflow/.local/lib/python3.8/site-packages/airflow/example_dags/example_short_circuit_operator.py took 0.116 seconds
[2025-05-07T19:40:58.400+0000] {processor.py:161} INFO - Started process (PID=949) to work on /home/airflow/.local/lib/python3.8/site-packages/airflow/example_dags/example_short_circuit_operator.py
[2025-05-07T19:40:58.402+0000] {processor.py:830} INFO - Processing file /home/airflow/.local/lib/python3.8/site-packages/airflow/example_dags/example_short_circuit_operator.py for tasks to queue
[2025-05-07T19:40:58.405+0000] {logging_mixin.py:188} INFO - [2025-05-07T19:40:58.404+0000] {dagbag.py:538} INFO - Filling up the DagBag from /home/airflow/.local/lib/python3.8/site-packages/airflow/example_dags/example_short_circuit_operator.py
[2025-05-07T19:40:58.415+0000] {processor.py:840} INFO - DAG(s) 'example_short_circuit_operator' retrieved from /home/airflow/.local/lib/python3.8/site-packages/airflow/example_dags/example_short_circuit_operator.py
[2025-05-07T19:40:58.443+0000] {logging_mixin.py:188} INFO - [2025-05-07T19:40:58.443+0000] {dag.py:3036} INFO - Sync 1 DAGs
[2025-05-07T19:40:58.473+0000] {logging_mixin.py:188} INFO - [2025-05-07T19:40:58.473+0000] {dag.py:3823} INFO - Setting next_dagrun for example_short_circuit_operator to 2025-05-06 00:00:00+00:00, run_after=2025-05-07 00:00:00+00:00
[2025-05-07T19:40:58.494+0000] {processor.py:183} INFO - Processing /home/airflow/.local/lib/python3.8/site-packages/airflow/example_dags/example_short_circuit_operator.py took 0.098 seconds
[2025-05-07T19:41:28.875+0000] {processor.py:161} INFO - Started process (PID=1006) to work on /home/airflow/.local/lib/python3.8/site-packages/airflow/example_dags/example_short_circuit_operator.py
[2025-05-07T19:41:28.877+0000] {processor.py:830} INFO - Processing file /home/airflow/.local/lib/python3.8/site-packages/airflow/example_dags/example_short_circuit_operator.py for tasks to queue
[2025-05-07T19:41:28.880+0000] {logging_mixin.py:188} INFO - [2025-05-07T19:41:28.880+0000] {dagbag.py:538} INFO - Filling up the DagBag from /home/airflow/.local/lib/python3.8/site-packages/airflow/example_dags/example_short_circuit_operator.py
[2025-05-07T19:41:28.888+0000] {processor.py:840} INFO - DAG(s) 'example_short_circuit_operator' retrieved from /home/airflow/.local/lib/python3.8/site-packages/airflow/example_dags/example_short_circuit_operator.py
[2025-05-07T19:41:28.920+0000] {logging_mixin.py:188} INFO - [2025-05-07T19:41:28.920+0000] {dag.py:3036} INFO - Sync 1 DAGs
[2025-05-07T19:41:28.962+0000] {logging_mixin.py:188} INFO - [2025-05-07T19:41:28.962+0000] {dag.py:3823} INFO - Setting next_dagrun for example_short_circuit_operator to 2025-05-06 00:00:00+00:00, run_after=2025-05-07 00:00:00+00:00
[2025-05-07T19:41:28.989+0000] {processor.py:183} INFO - Processing /home/airflow/.local/lib/python3.8/site-packages/airflow/example_dags/example_short_circuit_operator.py took 0.117 seconds
[2025-05-07T19:41:59.196+0000] {processor.py:161} INFO - Started process (PID=1063) to work on /home/airflow/.local/lib/python3.8/site-packages/airflow/example_dags/example_short_circuit_operator.py
[2025-05-07T19:41:59.198+0000] {processor.py:830} INFO - Processing file /home/airflow/.local/lib/python3.8/site-packages/airflow/example_dags/example_short_circuit_operator.py for tasks to queue
[2025-05-07T19:41:59.201+0000] {logging_mixin.py:188} INFO - [2025-05-07T19:41:59.200+0000] {dagbag.py:538} INFO - Filling up the DagBag from /home/airflow/.local/lib/python3.8/site-packages/airflow/example_dags/example_short_circuit_operator.py
[2025-05-07T19:41:59.209+0000] {processor.py:840} INFO - DAG(s) 'example_short_circuit_operator' retrieved from /home/airflow/.local/lib/python3.8/site-packages/airflow/example_dags/example_short_circuit_operator.py
[2025-05-07T19:41:59.234+0000] {logging_mixin.py:188} INFO - [2025-05-07T19:41:59.233+0000] {dag.py:3036} INFO - Sync 1 DAGs
[2025-05-07T19:41:59.257+0000] {logging_mixin.py:188} INFO - [2025-05-07T19:41:59.257+0000] {dag.py:3823} INFO - Setting next_dagrun for example_short_circuit_operator to 2025-05-06 00:00:00+00:00, run_after=2025-05-07 00:00:00+00:00
[2025-05-07T19:41:59.278+0000] {processor.py:183} INFO - Processing /home/airflow/.local/lib/python3.8/site-packages/airflow/example_dags/example_short_circuit_operator.py took 0.085 seconds
[2025-05-07T19:42:29.660+0000] {processor.py:161} INFO - Started process (PID=1120) to work on /home/airflow/.local/lib/python3.8/site-packages/airflow/example_dags/example_short_circuit_operator.py
[2025-05-07T19:42:29.661+0000] {processor.py:830} INFO - Processing file /home/airflow/.local/lib/python3.8/site-packages/airflow/example_dags/example_short_circuit_operator.py for tasks to queue
[2025-05-07T19:42:29.664+0000] {logging_mixin.py:188} INFO - [2025-05-07T19:42:29.663+0000] {dagbag.py:538} INFO - Filling up the DagBag from /home/airflow/.local/lib/python3.8/site-packages/airflow/example_dags/example_short_circuit_operator.py
[2025-05-07T19:42:29.672+0000] {processor.py:840} INFO - DAG(s) 'example_short_circuit_operator' retrieved from /home/airflow/.local/lib/python3.8/site-packages/airflow/example_dags/example_short_circuit_operator.py
[2025-05-07T19:42:29.698+0000] {logging_mixin.py:188} INFO - [2025-05-07T19:42:29.698+0000] {dag.py:3036} INFO - Sync 1 DAGs
[2025-05-07T19:42:29.723+0000] {logging_mixin.py:188} INFO - [2025-05-07T19:42:29.723+0000] {dag.py:3823} INFO - Setting next_dagrun for example_short_circuit_operator to 2025-05-06 00:00:00+00:00, run_after=2025-05-07 00:00:00+00:00
[2025-05-07T19:42:29.745+0000] {processor.py:183} INFO - Processing /home/airflow/.local/lib/python3.8/site-packages/airflow/example_dags/example_short_circuit_operator.py took 0.088 seconds
[2025-05-07T19:43:00.487+0000] {processor.py:161} INFO - Started process (PID=1177) to work on /home/airflow/.local/lib/python3.8/site-packages/airflow/example_dags/example_short_circuit_operator.py
[2025-05-07T19:43:00.488+0000] {processor.py:830} INFO - Processing file /home/airflow/.local/lib/python3.8/site-packages/airflow/example_dags/example_short_circuit_operator.py for tasks to queue
[2025-05-07T19:43:00.492+0000] {logging_mixin.py:188} INFO - [2025-05-07T19:43:00.491+0000] {dagbag.py:538} INFO - Filling up the DagBag from /home/airflow/.local/lib/python3.8/site-packages/airflow/example_dags/example_short_circuit_operator.py
[2025-05-07T19:43:00.501+0000] {processor.py:840} INFO - DAG(s) 'example_short_circuit_operator' retrieved from /home/airflow/.local/lib/python3.8/site-packages/airflow/example_dags/example_short_circuit_operator.py
[2025-05-07T19:43:00.534+0000] {logging_mixin.py:188} INFO - [2025-05-07T19:43:00.534+0000] {dag.py:3036} INFO - Sync 1 DAGs
[2025-05-07T19:43:00.561+0000] {logging_mixin.py:188} INFO - [2025-05-07T19:43:00.561+0000] {dag.py:3823} INFO - Setting next_dagrun for example_short_circuit_operator to 2025-05-06 00:00:00+00:00, run_after=2025-05-07 00:00:00+00:00
[2025-05-07T19:43:00.584+0000] {processor.py:183} INFO - Processing /home/airflow/.local/lib/python3.8/site-packages/airflow/example_dags/example_short_circuit_operator.py took 0.103 seconds
[2025-05-07T19:43:31.626+0000] {processor.py:161} INFO - Started process (PID=1234) to work on /home/airflow/.local/lib/python3.8/site-packages/airflow/example_dags/example_short_circuit_operator.py
[2025-05-07T19:43:31.627+0000] {processor.py:830} INFO - Processing file /home/airflow/.local/lib/python3.8/site-packages/airflow/example_dags/example_short_circuit_operator.py for tasks to queue
[2025-05-07T19:43:31.629+0000] {logging_mixin.py:188} INFO - [2025-05-07T19:43:31.629+0000] {dagbag.py:538} INFO - Filling up the DagBag from /home/airflow/.local/lib/python3.8/site-packages/airflow/example_dags/example_short_circuit_operator.py
[2025-05-07T19:43:31.637+0000] {processor.py:840} INFO - DAG(s) 'example_short_circuit_operator' retrieved from /home/airflow/.local/lib/python3.8/site-packages/airflow/example_dags/example_short_circuit_operator.py
[2025-05-07T19:43:31.661+0000] {logging_mixin.py:188} INFO - [2025-05-07T19:43:31.661+0000] {dag.py:3036} INFO - Sync 1 DAGs
[2025-05-07T19:43:31.683+0000] {logging_mixin.py:188} INFO - [2025-05-07T19:43:31.683+0000] {dag.py:3823} INFO - Setting next_dagrun for example_short_circuit_operator to 2025-05-06 00:00:00+00:00, run_after=2025-05-07 00:00:00+00:00
[2025-05-07T19:43:31.711+0000] {processor.py:183} INFO - Processing /home/airflow/.local/lib/python3.8/site-packages/airflow/example_dags/example_short_circuit_operator.py took 0.089 seconds
[2025-05-07T19:44:01.855+0000] {processor.py:161} INFO - Started process (PID=1291) to work on /home/airflow/.local/lib/python3.8/site-packages/airflow/example_dags/example_short_circuit_operator.py
[2025-05-07T19:44:01.856+0000] {processor.py:830} INFO - Processing file /home/airflow/.local/lib/python3.8/site-packages/airflow/example_dags/example_short_circuit_operator.py for tasks to queue
[2025-05-07T19:44:01.858+0000] {logging_mixin.py:188} INFO - [2025-05-07T19:44:01.858+0000] {dagbag.py:538} INFO - Filling up the DagBag from /home/airflow/.local/lib/python3.8/site-packages/airflow/example_dags/example_short_circuit_operator.py
[2025-05-07T19:44:01.866+0000] {processor.py:840} INFO - DAG(s) 'example_short_circuit_operator' retrieved from /home/airflow/.local/lib/python3.8/site-packages/airflow/example_dags/example_short_circuit_operator.py
[2025-05-07T19:44:01.889+0000] {logging_mixin.py:188} INFO - [2025-05-07T19:44:01.888+0000] {dag.py:3036} INFO - Sync 1 DAGs
[2025-05-07T19:44:01.913+0000] {logging_mixin.py:188} INFO - [2025-05-07T19:44:01.912+0000] {dag.py:3823} INFO - Setting next_dagrun for example_short_circuit_operator to 2025-05-06 00:00:00+00:00, run_after=2025-05-07 00:00:00+00:00
[2025-05-07T19:44:01.934+0000] {processor.py:183} INFO - Processing /home/airflow/.local/lib/python3.8/site-packages/airflow/example_dags/example_short_circuit_operator.py took 0.083 seconds
[2025-05-07T19:44:32.189+0000] {processor.py:161} INFO - Started process (PID=1348) to work on /home/airflow/.local/lib/python3.8/site-packages/airflow/example_dags/example_short_circuit_operator.py
[2025-05-07T19:44:32.191+0000] {processor.py:830} INFO - Processing file /home/airflow/.local/lib/python3.8/site-packages/airflow/example_dags/example_short_circuit_operator.py for tasks to queue
[2025-05-07T19:44:32.193+0000] {logging_mixin.py:188} INFO - [2025-05-07T19:44:32.192+0000] {dagbag.py:538} INFO - Filling up the DagBag from /home/airflow/.local/lib/python3.8/site-packages/airflow/example_dags/example_short_circuit_operator.py
[2025-05-07T19:44:32.201+0000] {processor.py:840} INFO - DAG(s) 'example_short_circuit_operator' retrieved from /home/airflow/.local/lib/python3.8/site-packages/airflow/example_dags/example_short_circuit_operator.py
[2025-05-07T19:44:32.225+0000] {logging_mixin.py:188} INFO - [2025-05-07T19:44:32.225+0000] {dag.py:3036} INFO - Sync 1 DAGs
[2025-05-07T19:44:32.249+0000] {logging_mixin.py:188} INFO - [2025-05-07T19:44:32.248+0000] {dag.py:3823} INFO - Setting next_dagrun for example_short_circuit_operator to 2025-05-06 00:00:00+00:00, run_after=2025-05-07 00:00:00+00:00
[2025-05-07T19:44:32.274+0000] {processor.py:183} INFO - Processing /home/airflow/.local/lib/python3.8/site-packages/airflow/example_dags/example_short_circuit_operator.py took 0.090 seconds
[2025-05-07T19:45:02.866+0000] {processor.py:161} INFO - Started process (PID=1405) to work on /home/airflow/.local/lib/python3.8/site-packages/airflow/example_dags/example_short_circuit_operator.py
[2025-05-07T19:45:02.867+0000] {processor.py:830} INFO - Processing file /home/airflow/.local/lib/python3.8/site-packages/airflow/example_dags/example_short_circuit_operator.py for tasks to queue
[2025-05-07T19:45:02.870+0000] {logging_mixin.py:188} INFO - [2025-05-07T19:45:02.870+0000] {dagbag.py:538} INFO - Filling up the DagBag from /home/airflow/.local/lib/python3.8/site-packages/airflow/example_dags/example_short_circuit_operator.py
[2025-05-07T19:45:02.879+0000] {processor.py:840} INFO - DAG(s) 'example_short_circuit_operator' retrieved from /home/airflow/.local/lib/python3.8/site-packages/airflow/example_dags/example_short_circuit_operator.py
[2025-05-07T19:45:02.906+0000] {logging_mixin.py:188} INFO - [2025-05-07T19:45:02.905+0000] {dag.py:3036} INFO - Sync 1 DAGs
[2025-05-07T19:45:02.932+0000] {logging_mixin.py:188} INFO - [2025-05-07T19:45:02.931+0000] {dag.py:3823} INFO - Setting next_dagrun for example_short_circuit_operator to 2025-05-06 00:00:00+00:00, run_after=2025-05-07 00:00:00+00:00
[2025-05-07T19:45:02.957+0000] {processor.py:183} INFO - Processing /home/airflow/.local/lib/python3.8/site-packages/airflow/example_dags/example_short_circuit_operator.py took 0.095 seconds
[2025-05-07T19:45:33.504+0000] {processor.py:161} INFO - Started process (PID=1462) to work on /home/airflow/.local/lib/python3.8/site-packages/airflow/example_dags/example_short_circuit_operator.py
[2025-05-07T19:45:33.506+0000] {processor.py:830} INFO - Processing file /home/airflow/.local/lib/python3.8/site-packages/airflow/example_dags/example_short_circuit_operator.py for tasks to queue
[2025-05-07T19:45:33.508+0000] {logging_mixin.py:188} INFO - [2025-05-07T19:45:33.508+0000] {dagbag.py:538} INFO - Filling up the DagBag from /home/airflow/.local/lib/python3.8/site-packages/airflow/example_dags/example_short_circuit_operator.py
[2025-05-07T19:45:33.522+0000] {processor.py:840} INFO - DAG(s) 'example_short_circuit_operator' retrieved from /home/airflow/.local/lib/python3.8/site-packages/airflow/example_dags/example_short_circuit_operator.py
[2025-05-07T19:45:33.552+0000] {logging_mixin.py:188} INFO - [2025-05-07T19:45:33.551+0000] {dag.py:3036} INFO - Sync 1 DAGs
[2025-05-07T19:45:33.573+0000] {logging_mixin.py:188} INFO - [2025-05-07T19:45:33.573+0000] {dag.py:3823} INFO - Setting next_dagrun for example_short_circuit_operator to 2025-05-06 00:00:00+00:00, run_after=2025-05-07 00:00:00+00:00
[2025-05-07T19:45:33.592+0000] {processor.py:183} INFO - Processing /home/airflow/.local/lib/python3.8/site-packages/airflow/example_dags/example_short_circuit_operator.py took 0.091 seconds
[2025-05-07T19:46:04.062+0000] {processor.py:161} INFO - Started process (PID=1519) to work on /home/airflow/.local/lib/python3.8/site-packages/airflow/example_dags/example_short_circuit_operator.py
[2025-05-07T19:46:04.063+0000] {processor.py:830} INFO - Processing file /home/airflow/.local/lib/python3.8/site-packages/airflow/example_dags/example_short_circuit_operator.py for tasks to queue
[2025-05-07T19:46:04.066+0000] {logging_mixin.py:188} INFO - [2025-05-07T19:46:04.065+0000] {dagbag.py:538} INFO - Filling up the DagBag from /home/airflow/.local/lib/python3.8/site-packages/airflow/example_dags/example_short_circuit_operator.py
[2025-05-07T19:46:04.074+0000] {processor.py:840} INFO - DAG(s) 'example_short_circuit_operator' retrieved from /home/airflow/.local/lib/python3.8/site-packages/airflow/example_dags/example_short_circuit_operator.py
[2025-05-07T19:46:04.099+0000] {logging_mixin.py:188} INFO - [2025-05-07T19:46:04.098+0000] {dag.py:3036} INFO - Sync 1 DAGs
[2025-05-07T19:46:04.127+0000] {logging_mixin.py:188} INFO - [2025-05-07T19:46:04.127+0000] {dag.py:3823} INFO - Setting next_dagrun for example_short_circuit_operator to 2025-05-06 00:00:00+00:00, run_after=2025-05-07 00:00:00+00:00
[2025-05-07T19:46:04.149+0000] {processor.py:183} INFO - Processing /home/airflow/.local/lib/python3.8/site-packages/airflow/example_dags/example_short_circuit_operator.py took 0.092 seconds
[2025-05-07T19:46:34.277+0000] {processor.py:161} INFO - Started process (PID=1576) to work on /home/airflow/.local/lib/python3.8/site-packages/airflow/example_dags/example_short_circuit_operator.py
[2025-05-07T19:46:34.278+0000] {processor.py:830} INFO - Processing file /home/airflow/.local/lib/python3.8/site-packages/airflow/example_dags/example_short_circuit_operator.py for tasks to queue
[2025-05-07T19:46:34.280+0000] {logging_mixin.py:188} INFO - [2025-05-07T19:46:34.280+0000] {dagbag.py:538} INFO - Filling up the DagBag from /home/airflow/.local/lib/python3.8/site-packages/airflow/example_dags/example_short_circuit_operator.py
[2025-05-07T19:46:34.288+0000] {processor.py:840} INFO - DAG(s) 'example_short_circuit_operator' retrieved from /home/airflow/.local/lib/python3.8/site-packages/airflow/example_dags/example_short_circuit_operator.py
[2025-05-07T19:46:34.309+0000] {logging_mixin.py:188} INFO - [2025-05-07T19:46:34.309+0000] {dag.py:3036} INFO - Sync 1 DAGs
[2025-05-07T19:46:34.330+0000] {logging_mixin.py:188} INFO - [2025-05-07T19:46:34.330+0000] {dag.py:3823} INFO - Setting next_dagrun for example_short_circuit_operator to 2025-05-06 00:00:00+00:00, run_after=2025-05-07 00:00:00+00:00
[2025-05-07T19:46:34.349+0000] {processor.py:183} INFO - Processing /home/airflow/.local/lib/python3.8/site-packages/airflow/example_dags/example_short_circuit_operator.py took 0.076 seconds
[2025-05-07T19:47:05.446+0000] {processor.py:161} INFO - Started process (PID=1634) to work on /home/airflow/.local/lib/python3.8/site-packages/airflow/example_dags/example_short_circuit_operator.py
[2025-05-07T19:47:05.448+0000] {processor.py:830} INFO - Processing file /home/airflow/.local/lib/python3.8/site-packages/airflow/example_dags/example_short_circuit_operator.py for tasks to queue
[2025-05-07T19:47:05.450+0000] {logging_mixin.py:188} INFO - [2025-05-07T19:47:05.449+0000] {dagbag.py:538} INFO - Filling up the DagBag from /home/airflow/.local/lib/python3.8/site-packages/airflow/example_dags/example_short_circuit_operator.py
[2025-05-07T19:47:05.457+0000] {processor.py:840} INFO - DAG(s) 'example_short_circuit_operator' retrieved from /home/airflow/.local/lib/python3.8/site-packages/airflow/example_dags/example_short_circuit_operator.py
[2025-05-07T19:47:05.491+0000] {logging_mixin.py:188} INFO - [2025-05-07T19:47:05.491+0000] {dag.py:3036} INFO - Sync 1 DAGs
[2025-05-07T19:47:05.515+0000] {logging_mixin.py:188} INFO - [2025-05-07T19:47:05.514+0000] {dag.py:3823} INFO - Setting next_dagrun for example_short_circuit_operator to 2025-05-06 00:00:00+00:00, run_after=2025-05-07 00:00:00+00:00
[2025-05-07T19:47:05.536+0000] {processor.py:183} INFO - Processing /home/airflow/.local/lib/python3.8/site-packages/airflow/example_dags/example_short_circuit_operator.py took 0.093 seconds
[2025-05-07T19:47:36.424+0000] {processor.py:161} INFO - Started process (PID=1691) to work on /home/airflow/.local/lib/python3.8/site-packages/airflow/example_dags/example_short_circuit_operator.py
[2025-05-07T19:47:36.426+0000] {processor.py:830} INFO - Processing file /home/airflow/.local/lib/python3.8/site-packages/airflow/example_dags/example_short_circuit_operator.py for tasks to queue
[2025-05-07T19:47:36.431+0000] {logging_mixin.py:188} INFO - [2025-05-07T19:47:36.430+0000] {dagbag.py:538} INFO - Filling up the DagBag from /home/airflow/.local/lib/python3.8/site-packages/airflow/example_dags/example_short_circuit_operator.py
[2025-05-07T19:47:36.439+0000] {processor.py:840} INFO - DAG(s) 'example_short_circuit_operator' retrieved from /home/airflow/.local/lib/python3.8/site-packages/airflow/example_dags/example_short_circuit_operator.py
[2025-05-07T19:47:36.464+0000] {logging_mixin.py:188} INFO - [2025-05-07T19:47:36.464+0000] {dag.py:3036} INFO - Sync 1 DAGs
[2025-05-07T19:47:36.487+0000] {logging_mixin.py:188} INFO - [2025-05-07T19:47:36.486+0000] {dag.py:3823} INFO - Setting next_dagrun for example_short_circuit_operator to 2025-05-06 00:00:00+00:00, run_after=2025-05-07 00:00:00+00:00
[2025-05-07T19:47:36.511+0000] {processor.py:183} INFO - Processing /home/airflow/.local/lib/python3.8/site-packages/airflow/example_dags/example_short_circuit_operator.py took 0.092 seconds
[2025-05-07T19:48:06.640+0000] {processor.py:161} INFO - Started process (PID=1748) to work on /home/airflow/.local/lib/python3.8/site-packages/airflow/example_dags/example_short_circuit_operator.py
[2025-05-07T19:48:06.641+0000] {processor.py:830} INFO - Processing file /home/airflow/.local/lib/python3.8/site-packages/airflow/example_dags/example_short_circuit_operator.py for tasks to queue
[2025-05-07T19:48:06.644+0000] {logging_mixin.py:188} INFO - [2025-05-07T19:48:06.643+0000] {dagbag.py:538} INFO - Filling up the DagBag from /home/airflow/.local/lib/python3.8/site-packages/airflow/example_dags/example_short_circuit_operator.py
[2025-05-07T19:48:06.652+0000] {processor.py:840} INFO - DAG(s) 'example_short_circuit_operator' retrieved from /home/airflow/.local/lib/python3.8/site-packages/airflow/example_dags/example_short_circuit_operator.py
[2025-05-07T19:48:06.676+0000] {logging_mixin.py:188} INFO - [2025-05-07T19:48:06.676+0000] {dag.py:3036} INFO - Sync 1 DAGs
[2025-05-07T19:48:06.699+0000] {logging_mixin.py:188} INFO - [2025-05-07T19:48:06.699+0000] {dag.py:3823} INFO - Setting next_dagrun for example_short_circuit_operator to 2025-05-06 00:00:00+00:00, run_after=2025-05-07 00:00:00+00:00
[2025-05-07T19:48:06.722+0000] {processor.py:183} INFO - Processing /home/airflow/.local/lib/python3.8/site-packages/airflow/example_dags/example_short_circuit_operator.py took 0.086 seconds
[2025-05-07T19:48:36.921+0000] {processor.py:161} INFO - Started process (PID=1805) to work on /home/airflow/.local/lib/python3.8/site-packages/airflow/example_dags/example_short_circuit_operator.py
[2025-05-07T19:48:36.922+0000] {processor.py:830} INFO - Processing file /home/airflow/.local/lib/python3.8/site-packages/airflow/example_dags/example_short_circuit_operator.py for tasks to queue
[2025-05-07T19:48:36.924+0000] {logging_mixin.py:188} INFO - [2025-05-07T19:48:36.924+0000] {dagbag.py:538} INFO - Filling up the DagBag from /home/airflow/.local/lib/python3.8/site-packages/airflow/example_dags/example_short_circuit_operator.py
[2025-05-07T19:48:36.935+0000] {processor.py:840} INFO - DAG(s) 'example_short_circuit_operator' retrieved from /home/airflow/.local/lib/python3.8/site-packages/airflow/example_dags/example_short_circuit_operator.py
[2025-05-07T19:48:36.959+0000] {logging_mixin.py:188} INFO - [2025-05-07T19:48:36.959+0000] {dag.py:3036} INFO - Sync 1 DAGs
[2025-05-07T19:48:36.981+0000] {logging_mixin.py:188} INFO - [2025-05-07T19:48:36.981+0000] {dag.py:3823} INFO - Setting next_dagrun for example_short_circuit_operator to 2025-05-06 00:00:00+00:00, run_after=2025-05-07 00:00:00+00:00
[2025-05-07T19:48:37.003+0000] {processor.py:183} INFO - Processing /home/airflow/.local/lib/python3.8/site-packages/airflow/example_dags/example_short_circuit_operator.py took 0.086 seconds
[2025-05-07T19:49:07.770+0000] {processor.py:161} INFO - Started process (PID=1861) to work on /home/airflow/.local/lib/python3.8/site-packages/airflow/example_dags/example_short_circuit_operator.py
[2025-05-07T19:49:07.772+0000] {processor.py:830} INFO - Processing file /home/airflow/.local/lib/python3.8/site-packages/airflow/example_dags/example_short_circuit_operator.py for tasks to queue
[2025-05-07T19:49:07.774+0000] {logging_mixin.py:188} INFO - [2025-05-07T19:49:07.773+0000] {dagbag.py:538} INFO - Filling up the DagBag from /home/airflow/.local/lib/python3.8/site-packages/airflow/example_dags/example_short_circuit_operator.py
[2025-05-07T19:49:07.787+0000] {processor.py:840} INFO - DAG(s) 'example_short_circuit_operator' retrieved from /home/airflow/.local/lib/python3.8/site-packages/airflow/example_dags/example_short_circuit_operator.py
[2025-05-07T19:49:07.813+0000] {logging_mixin.py:188} INFO - [2025-05-07T19:49:07.812+0000] {dag.py:3036} INFO - Sync 1 DAGs
[2025-05-07T19:49:07.835+0000] {logging_mixin.py:188} INFO - [2025-05-07T19:49:07.835+0000] {dag.py:3823} INFO - Setting next_dagrun for example_short_circuit_operator to 2025-05-06 00:00:00+00:00, run_after=2025-05-07 00:00:00+00:00
[2025-05-07T19:49:07.852+0000] {processor.py:183} INFO - Processing /home/airflow/.local/lib/python3.8/site-packages/airflow/example_dags/example_short_circuit_operator.py took 0.085 seconds
[2025-05-07T19:49:38.075+0000] {processor.py:161} INFO - Started process (PID=1918) to work on /home/airflow/.local/lib/python3.8/site-packages/airflow/example_dags/example_short_circuit_operator.py
[2025-05-07T19:49:38.076+0000] {processor.py:830} INFO - Processing file /home/airflow/.local/lib/python3.8/site-packages/airflow/example_dags/example_short_circuit_operator.py for tasks to queue
[2025-05-07T19:49:38.078+0000] {logging_mixin.py:188} INFO - [2025-05-07T19:49:38.078+0000] {dagbag.py:538} INFO - Filling up the DagBag from /home/airflow/.local/lib/python3.8/site-packages/airflow/example_dags/example_short_circuit_operator.py
[2025-05-07T19:49:38.086+0000] {processor.py:840} INFO - DAG(s) 'example_short_circuit_operator' retrieved from /home/airflow/.local/lib/python3.8/site-packages/airflow/example_dags/example_short_circuit_operator.py
[2025-05-07T19:49:38.109+0000] {logging_mixin.py:188} INFO - [2025-05-07T19:49:38.109+0000] {dag.py:3036} INFO - Sync 1 DAGs
[2025-05-07T19:49:38.134+0000] {logging_mixin.py:188} INFO - [2025-05-07T19:49:38.134+0000] {dag.py:3823} INFO - Setting next_dagrun for example_short_circuit_operator to 2025-05-06 00:00:00+00:00, run_after=2025-05-07 00:00:00+00:00
[2025-05-07T19:49:38.154+0000] {processor.py:183} INFO - Processing /home/airflow/.local/lib/python3.8/site-packages/airflow/example_dags/example_short_circuit_operator.py took 0.082 seconds
[2025-05-07T19:50:08.840+0000] {processor.py:161} INFO - Started process (PID=1975) to work on /home/airflow/.local/lib/python3.8/site-packages/airflow/example_dags/example_short_circuit_operator.py
[2025-05-07T19:50:08.842+0000] {processor.py:830} INFO - Processing file /home/airflow/.local/lib/python3.8/site-packages/airflow/example_dags/example_short_circuit_operator.py for tasks to queue
[2025-05-07T19:50:08.844+0000] {logging_mixin.py:188} INFO - [2025-05-07T19:50:08.844+0000] {dagbag.py:538} INFO - Filling up the DagBag from /home/airflow/.local/lib/python3.8/site-packages/airflow/example_dags/example_short_circuit_operator.py
[2025-05-07T19:50:08.852+0000] {processor.py:840} INFO - DAG(s) 'example_short_circuit_operator' retrieved from /home/airflow/.local/lib/python3.8/site-packages/airflow/example_dags/example_short_circuit_operator.py
[2025-05-07T19:50:08.879+0000] {logging_mixin.py:188} INFO - [2025-05-07T19:50:08.879+0000] {dag.py:3036} INFO - Sync 1 DAGs
[2025-05-07T19:50:08.904+0000] {logging_mixin.py:188} INFO - [2025-05-07T19:50:08.904+0000] {dag.py:3823} INFO - Setting next_dagrun for example_short_circuit_operator to 2025-05-06 00:00:00+00:00, run_after=2025-05-07 00:00:00+00:00
[2025-05-07T19:50:08.927+0000] {processor.py:183} INFO - Processing /home/airflow/.local/lib/python3.8/site-packages/airflow/example_dags/example_short_circuit_operator.py took 0.091 seconds
[2025-05-07T19:50:39.549+0000] {processor.py:161} INFO - Started process (PID=2032) to work on /home/airflow/.local/lib/python3.8/site-packages/airflow/example_dags/example_short_circuit_operator.py
[2025-05-07T19:50:39.550+0000] {processor.py:830} INFO - Processing file /home/airflow/.local/lib/python3.8/site-packages/airflow/example_dags/example_short_circuit_operator.py for tasks to queue
[2025-05-07T19:50:39.553+0000] {logging_mixin.py:188} INFO - [2025-05-07T19:50:39.552+0000] {dagbag.py:538} INFO - Filling up the DagBag from /home/airflow/.local/lib/python3.8/site-packages/airflow/example_dags/example_short_circuit_operator.py
[2025-05-07T19:50:39.562+0000] {processor.py:840} INFO - DAG(s) 'example_short_circuit_operator' retrieved from /home/airflow/.local/lib/python3.8/site-packages/airflow/example_dags/example_short_circuit_operator.py
[2025-05-07T19:50:39.586+0000] {logging_mixin.py:188} INFO - [2025-05-07T19:50:39.586+0000] {dag.py:3036} INFO - Sync 1 DAGs
[2025-05-07T19:50:39.607+0000] {logging_mixin.py:188} INFO - [2025-05-07T19:50:39.607+0000] {dag.py:3823} INFO - Setting next_dagrun for example_short_circuit_operator to 2025-05-06 00:00:00+00:00, run_after=2025-05-07 00:00:00+00:00
[2025-05-07T19:50:39.627+0000] {processor.py:183} INFO - Processing /home/airflow/.local/lib/python3.8/site-packages/airflow/example_dags/example_short_circuit_operator.py took 0.083 seconds
[2025-05-07T19:51:09.889+0000] {processor.py:161} INFO - Started process (PID=2089) to work on /home/airflow/.local/lib/python3.8/site-packages/airflow/example_dags/example_short_circuit_operator.py
[2025-05-07T19:51:09.890+0000] {processor.py:830} INFO - Processing file /home/airflow/.local/lib/python3.8/site-packages/airflow/example_dags/example_short_circuit_operator.py for tasks to queue
[2025-05-07T19:51:09.892+0000] {logging_mixin.py:188} INFO - [2025-05-07T19:51:09.892+0000] {dagbag.py:538} INFO - Filling up the DagBag from /home/airflow/.local/lib/python3.8/site-packages/airflow/example_dags/example_short_circuit_operator.py
[2025-05-07T19:51:09.900+0000] {processor.py:840} INFO - DAG(s) 'example_short_circuit_operator' retrieved from /home/airflow/.local/lib/python3.8/site-packages/airflow/example_dags/example_short_circuit_operator.py
[2025-05-07T19:51:09.925+0000] {logging_mixin.py:188} INFO - [2025-05-07T19:51:09.925+0000] {dag.py:3036} INFO - Sync 1 DAGs
[2025-05-07T19:51:09.946+0000] {logging_mixin.py:188} INFO - [2025-05-07T19:51:09.946+0000] {dag.py:3823} INFO - Setting next_dagrun for example_short_circuit_operator to 2025-05-06 00:00:00+00:00, run_after=2025-05-07 00:00:00+00:00
[2025-05-07T19:51:09.967+0000] {processor.py:183} INFO - Processing /home/airflow/.local/lib/python3.8/site-packages/airflow/example_dags/example_short_circuit_operator.py took 0.082 seconds
[2025-05-07T19:51:40.454+0000] {processor.py:161} INFO - Started process (PID=2146) to work on /home/airflow/.local/lib/python3.8/site-packages/airflow/example_dags/example_short_circuit_operator.py
[2025-05-07T19:51:40.455+0000] {processor.py:830} INFO - Processing file /home/airflow/.local/lib/python3.8/site-packages/airflow/example_dags/example_short_circuit_operator.py for tasks to queue
[2025-05-07T19:51:40.458+0000] {logging_mixin.py:188} INFO - [2025-05-07T19:51:40.457+0000] {dagbag.py:538} INFO - Filling up the DagBag from /home/airflow/.local/lib/python3.8/site-packages/airflow/example_dags/example_short_circuit_operator.py
[2025-05-07T19:51:40.465+0000] {processor.py:840} INFO - DAG(s) 'example_short_circuit_operator' retrieved from /home/airflow/.local/lib/python3.8/site-packages/airflow/example_dags/example_short_circuit_operator.py
[2025-05-07T19:51:40.488+0000] {logging_mixin.py:188} INFO - [2025-05-07T19:51:40.488+0000] {dag.py:3036} INFO - Sync 1 DAGs
[2025-05-07T19:51:40.510+0000] {logging_mixin.py:188} INFO - [2025-05-07T19:51:40.510+0000] {dag.py:3823} INFO - Setting next_dagrun for example_short_circuit_operator to 2025-05-06 00:00:00+00:00, run_after=2025-05-07 00:00:00+00:00
[2025-05-07T19:51:40.529+0000] {processor.py:183} INFO - Processing /home/airflow/.local/lib/python3.8/site-packages/airflow/example_dags/example_short_circuit_operator.py took 0.078 seconds
[2025-05-07T19:52:11.856+0000] {processor.py:161} INFO - Started process (PID=2203) to work on /home/airflow/.local/lib/python3.8/site-packages/airflow/example_dags/example_short_circuit_operator.py
[2025-05-07T19:52:11.859+0000] {processor.py:830} INFO - Processing file /home/airflow/.local/lib/python3.8/site-packages/airflow/example_dags/example_short_circuit_operator.py for tasks to queue
[2025-05-07T19:52:11.862+0000] {logging_mixin.py:188} INFO - [2025-05-07T19:52:11.861+0000] {dagbag.py:538} INFO - Filling up the DagBag from /home/airflow/.local/lib/python3.8/site-packages/airflow/example_dags/example_short_circuit_operator.py
[2025-05-07T19:52:11.872+0000] {processor.py:840} INFO - DAG(s) 'example_short_circuit_operator' retrieved from /home/airflow/.local/lib/python3.8/site-packages/airflow/example_dags/example_short_circuit_operator.py
[2025-05-07T19:52:11.899+0000] {logging_mixin.py:188} INFO - [2025-05-07T19:52:11.898+0000] {dag.py:3036} INFO - Sync 1 DAGs
[2025-05-07T19:52:11.921+0000] {logging_mixin.py:188} INFO - [2025-05-07T19:52:11.921+0000] {dag.py:3823} INFO - Setting next_dagrun for example_short_circuit_operator to 2025-05-06 00:00:00+00:00, run_after=2025-05-07 00:00:00+00:00
[2025-05-07T19:52:11.943+0000] {processor.py:183} INFO - Processing /home/airflow/.local/lib/python3.8/site-packages/airflow/example_dags/example_short_circuit_operator.py took 0.092 seconds
[2025-05-07T19:52:42.285+0000] {processor.py:161} INFO - Started process (PID=2260) to work on /home/airflow/.local/lib/python3.8/site-packages/airflow/example_dags/example_short_circuit_operator.py
[2025-05-07T19:52:42.287+0000] {processor.py:830} INFO - Processing file /home/airflow/.local/lib/python3.8/site-packages/airflow/example_dags/example_short_circuit_operator.py for tasks to queue
[2025-05-07T19:52:42.289+0000] {logging_mixin.py:188} INFO - [2025-05-07T19:52:42.289+0000] {dagbag.py:538} INFO - Filling up the DagBag from /home/airflow/.local/lib/python3.8/site-packages/airflow/example_dags/example_short_circuit_operator.py
[2025-05-07T19:52:42.297+0000] {processor.py:840} INFO - DAG(s) 'example_short_circuit_operator' retrieved from /home/airflow/.local/lib/python3.8/site-packages/airflow/example_dags/example_short_circuit_operator.py
[2025-05-07T19:52:42.320+0000] {logging_mixin.py:188} INFO - [2025-05-07T19:52:42.320+0000] {dag.py:3036} INFO - Sync 1 DAGs
[2025-05-07T19:52:42.342+0000] {logging_mixin.py:188} INFO - [2025-05-07T19:52:42.342+0000] {dag.py:3823} INFO - Setting next_dagrun for example_short_circuit_operator to 2025-05-06 00:00:00+00:00, run_after=2025-05-07 00:00:00+00:00
[2025-05-07T19:52:42.366+0000] {processor.py:183} INFO - Processing /home/airflow/.local/lib/python3.8/site-packages/airflow/example_dags/example_short_circuit_operator.py took 0.084 seconds
[2025-05-07T19:53:13.640+0000] {processor.py:161} INFO - Started process (PID=2317) to work on /home/airflow/.local/lib/python3.8/site-packages/airflow/example_dags/example_short_circuit_operator.py
[2025-05-07T19:53:13.642+0000] {processor.py:830} INFO - Processing file /home/airflow/.local/lib/python3.8/site-packages/airflow/example_dags/example_short_circuit_operator.py for tasks to queue
[2025-05-07T19:53:13.645+0000] {logging_mixin.py:188} INFO - [2025-05-07T19:53:13.644+0000] {dagbag.py:538} INFO - Filling up the DagBag from /home/airflow/.local/lib/python3.8/site-packages/airflow/example_dags/example_short_circuit_operator.py
[2025-05-07T19:53:13.653+0000] {processor.py:840} INFO - DAG(s) 'example_short_circuit_operator' retrieved from /home/airflow/.local/lib/python3.8/site-packages/airflow/example_dags/example_short_circuit_operator.py
[2025-05-07T19:53:13.676+0000] {logging_mixin.py:188} INFO - [2025-05-07T19:53:13.676+0000] {dag.py:3036} INFO - Sync 1 DAGs
[2025-05-07T19:53:13.699+0000] {logging_mixin.py:188} INFO - [2025-05-07T19:53:13.699+0000] {dag.py:3823} INFO - Setting next_dagrun for example_short_circuit_operator to 2025-05-06 00:00:00+00:00, run_after=2025-05-07 00:00:00+00:00
[2025-05-07T19:53:13.836+0000] {processor.py:183} INFO - Processing /home/airflow/.local/lib/python3.8/site-packages/airflow/example_dags/example_short_circuit_operator.py took 0.199 seconds
[2025-05-07T19:53:44.012+0000] {processor.py:161} INFO - Started process (PID=2374) to work on /home/airflow/.local/lib/python3.8/site-packages/airflow/example_dags/example_short_circuit_operator.py
[2025-05-07T19:53:44.014+0000] {processor.py:830} INFO - Processing file /home/airflow/.local/lib/python3.8/site-packages/airflow/example_dags/example_short_circuit_operator.py for tasks to queue
[2025-05-07T19:53:44.018+0000] {logging_mixin.py:188} INFO - [2025-05-07T19:53:44.018+0000] {dagbag.py:538} INFO - Filling up the DagBag from /home/airflow/.local/lib/python3.8/site-packages/airflow/example_dags/example_short_circuit_operator.py
[2025-05-07T19:53:44.027+0000] {processor.py:840} INFO - DAG(s) 'example_short_circuit_operator' retrieved from /home/airflow/.local/lib/python3.8/site-packages/airflow/example_dags/example_short_circuit_operator.py
[2025-05-07T19:53:44.051+0000] {logging_mixin.py:188} INFO - [2025-05-07T19:53:44.051+0000] {dag.py:3036} INFO - Sync 1 DAGs
[2025-05-07T19:53:44.073+0000] {logging_mixin.py:188} INFO - [2025-05-07T19:53:44.073+0000] {dag.py:3823} INFO - Setting next_dagrun for example_short_circuit_operator to 2025-05-06 00:00:00+00:00, run_after=2025-05-07 00:00:00+00:00
[2025-05-07T19:53:44.232+0000] {processor.py:183} INFO - Processing /home/airflow/.local/lib/python3.8/site-packages/airflow/example_dags/example_short_circuit_operator.py took 0.223 seconds
[2025-05-07T19:54:15.005+0000] {processor.py:161} INFO - Started process (PID=2431) to work on /home/airflow/.local/lib/python3.8/site-packages/airflow/example_dags/example_short_circuit_operator.py
[2025-05-07T19:54:15.006+0000] {processor.py:830} INFO - Processing file /home/airflow/.local/lib/python3.8/site-packages/airflow/example_dags/example_short_circuit_operator.py for tasks to queue
[2025-05-07T19:54:15.008+0000] {logging_mixin.py:188} INFO - [2025-05-07T19:54:15.008+0000] {dagbag.py:538} INFO - Filling up the DagBag from /home/airflow/.local/lib/python3.8/site-packages/airflow/example_dags/example_short_circuit_operator.py
[2025-05-07T19:54:15.017+0000] {processor.py:840} INFO - DAG(s) 'example_short_circuit_operator' retrieved from /home/airflow/.local/lib/python3.8/site-packages/airflow/example_dags/example_short_circuit_operator.py
[2025-05-07T19:54:15.042+0000] {logging_mixin.py:188} INFO - [2025-05-07T19:54:15.042+0000] {dag.py:3036} INFO - Sync 1 DAGs
[2025-05-07T19:54:15.064+0000] {logging_mixin.py:188} INFO - [2025-05-07T19:54:15.063+0000] {dag.py:3823} INFO - Setting next_dagrun for example_short_circuit_operator to 2025-05-06 00:00:00+00:00, run_after=2025-05-07 00:00:00+00:00
[2025-05-07T19:54:15.086+0000] {processor.py:183} INFO - Processing /home/airflow/.local/lib/python3.8/site-packages/airflow/example_dags/example_short_circuit_operator.py took 0.084 seconds
[2025-05-07T19:54:45.689+0000] {processor.py:161} INFO - Started process (PID=2488) to work on /home/airflow/.local/lib/python3.8/site-packages/airflow/example_dags/example_short_circuit_operator.py
[2025-05-07T19:54:45.691+0000] {processor.py:830} INFO - Processing file /home/airflow/.local/lib/python3.8/site-packages/airflow/example_dags/example_short_circuit_operator.py for tasks to queue
[2025-05-07T19:54:45.693+0000] {logging_mixin.py:188} INFO - [2025-05-07T19:54:45.693+0000] {dagbag.py:538} INFO - Filling up the DagBag from /home/airflow/.local/lib/python3.8/site-packages/airflow/example_dags/example_short_circuit_operator.py
[2025-05-07T19:54:45.702+0000] {processor.py:840} INFO - DAG(s) 'example_short_circuit_operator' retrieved from /home/airflow/.local/lib/python3.8/site-packages/airflow/example_dags/example_short_circuit_operator.py
[2025-05-07T19:54:45.728+0000] {logging_mixin.py:188} INFO - [2025-05-07T19:54:45.728+0000] {dag.py:3036} INFO - Sync 1 DAGs
[2025-05-07T19:54:45.752+0000] {logging_mixin.py:188} INFO - [2025-05-07T19:54:45.752+0000] {dag.py:3823} INFO - Setting next_dagrun for example_short_circuit_operator to 2025-05-06 00:00:00+00:00, run_after=2025-05-07 00:00:00+00:00
[2025-05-07T19:54:45.778+0000] {processor.py:183} INFO - Processing /home/airflow/.local/lib/python3.8/site-packages/airflow/example_dags/example_short_circuit_operator.py took 0.093 seconds
[2025-05-07T19:55:15.955+0000] {processor.py:161} INFO - Started process (PID=2545) to work on /home/airflow/.local/lib/python3.8/site-packages/airflow/example_dags/example_short_circuit_operator.py
[2025-05-07T19:55:15.957+0000] {processor.py:830} INFO - Processing file /home/airflow/.local/lib/python3.8/site-packages/airflow/example_dags/example_short_circuit_operator.py for tasks to queue
[2025-05-07T19:55:15.960+0000] {logging_mixin.py:188} INFO - [2025-05-07T19:55:15.959+0000] {dagbag.py:538} INFO - Filling up the DagBag from /home/airflow/.local/lib/python3.8/site-packages/airflow/example_dags/example_short_circuit_operator.py
[2025-05-07T19:55:15.968+0000] {processor.py:840} INFO - DAG(s) 'example_short_circuit_operator' retrieved from /home/airflow/.local/lib/python3.8/site-packages/airflow/example_dags/example_short_circuit_operator.py
[2025-05-07T19:55:15.997+0000] {logging_mixin.py:188} INFO - [2025-05-07T19:55:15.997+0000] {dag.py:3036} INFO - Sync 1 DAGs
[2025-05-07T19:55:16.022+0000] {logging_mixin.py:188} INFO - [2025-05-07T19:55:16.022+0000] {dag.py:3823} INFO - Setting next_dagrun for example_short_circuit_operator to 2025-05-06 00:00:00+00:00, run_after=2025-05-07 00:00:00+00:00
[2025-05-07T19:55:16.049+0000] {processor.py:183} INFO - Processing /home/airflow/.local/lib/python3.8/site-packages/airflow/example_dags/example_short_circuit_operator.py took 0.097 seconds
[2025-05-07T19:55:48.095+0000] {processor.py:161} INFO - Started process (PID=2602) to work on /home/airflow/.local/lib/python3.8/site-packages/airflow/example_dags/example_short_circuit_operator.py
[2025-05-07T19:55:48.098+0000] {processor.py:830} INFO - Processing file /home/airflow/.local/lib/python3.8/site-packages/airflow/example_dags/example_short_circuit_operator.py for tasks to queue
[2025-05-07T19:55:48.103+0000] {logging_mixin.py:188} INFO - [2025-05-07T19:55:48.103+0000] {dagbag.py:538} INFO - Filling up the DagBag from /home/airflow/.local/lib/python3.8/site-packages/airflow/example_dags/example_short_circuit_operator.py
[2025-05-07T19:55:48.118+0000] {processor.py:840} INFO - DAG(s) 'example_short_circuit_operator' retrieved from /home/airflow/.local/lib/python3.8/site-packages/airflow/example_dags/example_short_circuit_operator.py
[2025-05-07T19:55:48.270+0000] {logging_mixin.py:188} INFO - [2025-05-07T19:55:48.269+0000] {dag.py:3036} INFO - Sync 1 DAGs
[2025-05-07T19:55:48.296+0000] {logging_mixin.py:188} INFO - [2025-05-07T19:55:48.296+0000] {dag.py:3823} INFO - Setting next_dagrun for example_short_circuit_operator to 2025-05-06 00:00:00+00:00, run_after=2025-05-07 00:00:00+00:00
[2025-05-07T19:55:48.321+0000] {processor.py:183} INFO - Processing /home/airflow/.local/lib/python3.8/site-packages/airflow/example_dags/example_short_circuit_operator.py took 0.234 seconds
[2025-05-07T19:56:18.422+0000] {processor.py:161} INFO - Started process (PID=2659) to work on /home/airflow/.local/lib/python3.8/site-packages/airflow/example_dags/example_short_circuit_operator.py
[2025-05-07T19:56:18.425+0000] {processor.py:830} INFO - Processing file /home/airflow/.local/lib/python3.8/site-packages/airflow/example_dags/example_short_circuit_operator.py for tasks to queue
[2025-05-07T19:56:18.427+0000] {logging_mixin.py:188} INFO - [2025-05-07T19:56:18.426+0000] {dagbag.py:538} INFO - Filling up the DagBag from /home/airflow/.local/lib/python3.8/site-packages/airflow/example_dags/example_short_circuit_operator.py
[2025-05-07T19:56:18.435+0000] {processor.py:840} INFO - DAG(s) 'example_short_circuit_operator' retrieved from /home/airflow/.local/lib/python3.8/site-packages/airflow/example_dags/example_short_circuit_operator.py
[2025-05-07T19:56:18.463+0000] {logging_mixin.py:188} INFO - [2025-05-07T19:56:18.463+0000] {dag.py:3036} INFO - Sync 1 DAGs
[2025-05-07T19:56:18.628+0000] {logging_mixin.py:188} INFO - [2025-05-07T19:56:18.628+0000] {dag.py:3823} INFO - Setting next_dagrun for example_short_circuit_operator to 2025-05-06 00:00:00+00:00, run_after=2025-05-07 00:00:00+00:00
[2025-05-07T19:56:18.655+0000] {processor.py:183} INFO - Processing /home/airflow/.local/lib/python3.8/site-packages/airflow/example_dags/example_short_circuit_operator.py took 0.235 seconds
[2025-05-07T19:56:48.762+0000] {processor.py:161} INFO - Started process (PID=2716) to work on /home/airflow/.local/lib/python3.8/site-packages/airflow/example_dags/example_short_circuit_operator.py
[2025-05-07T19:56:48.763+0000] {processor.py:830} INFO - Processing file /home/airflow/.local/lib/python3.8/site-packages/airflow/example_dags/example_short_circuit_operator.py for tasks to queue
[2025-05-07T19:56:48.766+0000] {logging_mixin.py:188} INFO - [2025-05-07T19:56:48.765+0000] {dagbag.py:538} INFO - Filling up the DagBag from /home/airflow/.local/lib/python3.8/site-packages/airflow/example_dags/example_short_circuit_operator.py
[2025-05-07T19:56:48.773+0000] {processor.py:840} INFO - DAG(s) 'example_short_circuit_operator' retrieved from /home/airflow/.local/lib/python3.8/site-packages/airflow/example_dags/example_short_circuit_operator.py
[2025-05-07T19:56:48.797+0000] {logging_mixin.py:188} INFO - [2025-05-07T19:56:48.797+0000] {dag.py:3036} INFO - Sync 1 DAGs
[2025-05-07T19:56:48.820+0000] {logging_mixin.py:188} INFO - [2025-05-07T19:56:48.819+0000] {dag.py:3823} INFO - Setting next_dagrun for example_short_circuit_operator to 2025-05-06 00:00:00+00:00, run_after=2025-05-07 00:00:00+00:00
[2025-05-07T19:56:48.841+0000] {processor.py:183} INFO - Processing /home/airflow/.local/lib/python3.8/site-packages/airflow/example_dags/example_short_circuit_operator.py took 0.084 seconds
[2025-05-07T19:57:19.090+0000] {processor.py:161} INFO - Started process (PID=2773) to work on /home/airflow/.local/lib/python3.8/site-packages/airflow/example_dags/example_short_circuit_operator.py
[2025-05-07T19:57:19.091+0000] {processor.py:830} INFO - Processing file /home/airflow/.local/lib/python3.8/site-packages/airflow/example_dags/example_short_circuit_operator.py for tasks to queue
[2025-05-07T19:57:19.094+0000] {logging_mixin.py:188} INFO - [2025-05-07T19:57:19.094+0000] {dagbag.py:538} INFO - Filling up the DagBag from /home/airflow/.local/lib/python3.8/site-packages/airflow/example_dags/example_short_circuit_operator.py
[2025-05-07T19:57:19.114+0000] {processor.py:840} INFO - DAG(s) 'example_short_circuit_operator' retrieved from /home/airflow/.local/lib/python3.8/site-packages/airflow/example_dags/example_short_circuit_operator.py
[2025-05-07T19:57:19.157+0000] {logging_mixin.py:188} INFO - [2025-05-07T19:57:19.157+0000] {dag.py:3036} INFO - Sync 1 DAGs
[2025-05-07T19:57:19.196+0000] {logging_mixin.py:188} INFO - [2025-05-07T19:57:19.196+0000] {dag.py:3823} INFO - Setting next_dagrun for example_short_circuit_operator to 2025-05-06 00:00:00+00:00, run_after=2025-05-07 00:00:00+00:00
[2025-05-07T19:57:19.237+0000] {processor.py:183} INFO - Processing /home/airflow/.local/lib/python3.8/site-packages/airflow/example_dags/example_short_circuit_operator.py took 0.153 seconds
[2025-05-07T19:57:50.002+0000] {processor.py:161} INFO - Started process (PID=2836) to work on /home/airflow/.local/lib/python3.8/site-packages/airflow/example_dags/example_short_circuit_operator.py
[2025-05-07T19:57:50.004+0000] {processor.py:830} INFO - Processing file /home/airflow/.local/lib/python3.8/site-packages/airflow/example_dags/example_short_circuit_operator.py for tasks to queue
[2025-05-07T19:57:50.007+0000] {logging_mixin.py:188} INFO - [2025-05-07T19:57:50.006+0000] {dagbag.py:538} INFO - Filling up the DagBag from /home/airflow/.local/lib/python3.8/site-packages/airflow/example_dags/example_short_circuit_operator.py
[2025-05-07T19:57:50.016+0000] {processor.py:840} INFO - DAG(s) 'example_short_circuit_operator' retrieved from /home/airflow/.local/lib/python3.8/site-packages/airflow/example_dags/example_short_circuit_operator.py
[2025-05-07T19:57:50.041+0000] {logging_mixin.py:188} INFO - [2025-05-07T19:57:50.041+0000] {dag.py:3036} INFO - Sync 1 DAGs
[2025-05-07T19:57:50.065+0000] {logging_mixin.py:188} INFO - [2025-05-07T19:57:50.065+0000] {dag.py:3823} INFO - Setting next_dagrun for example_short_circuit_operator to 2025-05-06 00:00:00+00:00, run_after=2025-05-07 00:00:00+00:00
[2025-05-07T19:57:50.086+0000] {processor.py:183} INFO - Processing /home/airflow/.local/lib/python3.8/site-packages/airflow/example_dags/example_short_circuit_operator.py took 0.087 seconds
[2025-05-07T19:58:20.860+0000] {processor.py:161} INFO - Started process (PID=2893) to work on /home/airflow/.local/lib/python3.8/site-packages/airflow/example_dags/example_short_circuit_operator.py
[2025-05-07T19:58:20.861+0000] {processor.py:830} INFO - Processing file /home/airflow/.local/lib/python3.8/site-packages/airflow/example_dags/example_short_circuit_operator.py for tasks to queue
[2025-05-07T19:58:20.863+0000] {logging_mixin.py:188} INFO - [2025-05-07T19:58:20.863+0000] {dagbag.py:538} INFO - Filling up the DagBag from /home/airflow/.local/lib/python3.8/site-packages/airflow/example_dags/example_short_circuit_operator.py
[2025-05-07T19:58:20.871+0000] {processor.py:840} INFO - DAG(s) 'example_short_circuit_operator' retrieved from /home/airflow/.local/lib/python3.8/site-packages/airflow/example_dags/example_short_circuit_operator.py
[2025-05-07T19:58:20.898+0000] {logging_mixin.py:188} INFO - [2025-05-07T19:58:20.898+0000] {dag.py:3036} INFO - Sync 1 DAGs
[2025-05-07T19:58:20.920+0000] {logging_mixin.py:188} INFO - [2025-05-07T19:58:20.920+0000] {dag.py:3823} INFO - Setting next_dagrun for example_short_circuit_operator to 2025-05-06 00:00:00+00:00, run_after=2025-05-07 00:00:00+00:00
[2025-05-07T19:58:20.940+0000] {processor.py:183} INFO - Processing /home/airflow/.local/lib/python3.8/site-packages/airflow/example_dags/example_short_circuit_operator.py took 0.084 seconds
[2025-05-07T19:58:51.145+0000] {processor.py:161} INFO - Started process (PID=2950) to work on /home/airflow/.local/lib/python3.8/site-packages/airflow/example_dags/example_short_circuit_operator.py
[2025-05-07T19:58:51.147+0000] {processor.py:830} INFO - Processing file /home/airflow/.local/lib/python3.8/site-packages/airflow/example_dags/example_short_circuit_operator.py for tasks to queue
[2025-05-07T19:58:51.149+0000] {logging_mixin.py:188} INFO - [2025-05-07T19:58:51.149+0000] {dagbag.py:538} INFO - Filling up the DagBag from /home/airflow/.local/lib/python3.8/site-packages/airflow/example_dags/example_short_circuit_operator.py
[2025-05-07T19:58:51.156+0000] {processor.py:840} INFO - DAG(s) 'example_short_circuit_operator' retrieved from /home/airflow/.local/lib/python3.8/site-packages/airflow/example_dags/example_short_circuit_operator.py
[2025-05-07T19:58:51.181+0000] {logging_mixin.py:188} INFO - [2025-05-07T19:58:51.181+0000] {dag.py:3036} INFO - Sync 1 DAGs
[2025-05-07T19:58:51.203+0000] {logging_mixin.py:188} INFO - [2025-05-07T19:58:51.203+0000] {dag.py:3823} INFO - Setting next_dagrun for example_short_circuit_operator to 2025-05-06 00:00:00+00:00, run_after=2025-05-07 00:00:00+00:00
[2025-05-07T19:58:51.226+0000] {processor.py:183} INFO - Processing /home/airflow/.local/lib/python3.8/site-packages/airflow/example_dags/example_short_circuit_operator.py took 0.084 seconds
[2025-05-07T19:59:21.436+0000] {processor.py:161} INFO - Started process (PID=3007) to work on /home/airflow/.local/lib/python3.8/site-packages/airflow/example_dags/example_short_circuit_operator.py
[2025-05-07T19:59:21.440+0000] {processor.py:830} INFO - Processing file /home/airflow/.local/lib/python3.8/site-packages/airflow/example_dags/example_short_circuit_operator.py for tasks to queue
[2025-05-07T19:59:21.444+0000] {logging_mixin.py:188} INFO - [2025-05-07T19:59:21.444+0000] {dagbag.py:538} INFO - Filling up the DagBag from /home/airflow/.local/lib/python3.8/site-packages/airflow/example_dags/example_short_circuit_operator.py
[2025-05-07T19:59:21.456+0000] {processor.py:840} INFO - DAG(s) 'example_short_circuit_operator' retrieved from /home/airflow/.local/lib/python3.8/site-packages/airflow/example_dags/example_short_circuit_operator.py
[2025-05-07T19:59:21.480+0000] {logging_mixin.py:188} INFO - [2025-05-07T19:59:21.479+0000] {dag.py:3036} INFO - Sync 1 DAGs
[2025-05-07T19:59:21.499+0000] {logging_mixin.py:188} INFO - [2025-05-07T19:59:21.499+0000] {dag.py:3823} INFO - Setting next_dagrun for example_short_circuit_operator to 2025-05-06 00:00:00+00:00, run_after=2025-05-07 00:00:00+00:00
[2025-05-07T19:59:21.523+0000] {processor.py:183} INFO - Processing /home/airflow/.local/lib/python3.8/site-packages/airflow/example_dags/example_short_circuit_operator.py took 0.092 seconds
[2025-05-07T19:59:52.025+0000] {processor.py:161} INFO - Started process (PID=3064) to work on /home/airflow/.local/lib/python3.8/site-packages/airflow/example_dags/example_short_circuit_operator.py
[2025-05-07T19:59:52.027+0000] {processor.py:830} INFO - Processing file /home/airflow/.local/lib/python3.8/site-packages/airflow/example_dags/example_short_circuit_operator.py for tasks to queue
[2025-05-07T19:59:52.029+0000] {logging_mixin.py:188} INFO - [2025-05-07T19:59:52.029+0000] {dagbag.py:538} INFO - Filling up the DagBag from /home/airflow/.local/lib/python3.8/site-packages/airflow/example_dags/example_short_circuit_operator.py
[2025-05-07T19:59:52.037+0000] {processor.py:840} INFO - DAG(s) 'example_short_circuit_operator' retrieved from /home/airflow/.local/lib/python3.8/site-packages/airflow/example_dags/example_short_circuit_operator.py
[2025-05-07T19:59:52.060+0000] {logging_mixin.py:188} INFO - [2025-05-07T19:59:52.060+0000] {dag.py:3036} INFO - Sync 1 DAGs
[2025-05-07T19:59:52.082+0000] {logging_mixin.py:188} INFO - [2025-05-07T19:59:52.082+0000] {dag.py:3823} INFO - Setting next_dagrun for example_short_circuit_operator to 2025-05-06 00:00:00+00:00, run_after=2025-05-07 00:00:00+00:00
[2025-05-07T19:59:52.103+0000] {processor.py:183} INFO - Processing /home/airflow/.local/lib/python3.8/site-packages/airflow/example_dags/example_short_circuit_operator.py took 0.081 seconds
[2025-05-07T20:00:22.732+0000] {processor.py:161} INFO - Started process (PID=3121) to work on /home/airflow/.local/lib/python3.8/site-packages/airflow/example_dags/example_short_circuit_operator.py
[2025-05-07T20:00:22.735+0000] {processor.py:830} INFO - Processing file /home/airflow/.local/lib/python3.8/site-packages/airflow/example_dags/example_short_circuit_operator.py for tasks to queue
[2025-05-07T20:00:22.739+0000] {logging_mixin.py:188} INFO - [2025-05-07T20:00:22.738+0000] {dagbag.py:538} INFO - Filling up the DagBag from /home/airflow/.local/lib/python3.8/site-packages/airflow/example_dags/example_short_circuit_operator.py
[2025-05-07T20:00:22.758+0000] {processor.py:840} INFO - DAG(s) 'example_short_circuit_operator' retrieved from /home/airflow/.local/lib/python3.8/site-packages/airflow/example_dags/example_short_circuit_operator.py
[2025-05-07T20:00:22.809+0000] {logging_mixin.py:188} INFO - [2025-05-07T20:00:22.809+0000] {dag.py:3036} INFO - Sync 1 DAGs
[2025-05-07T20:00:22.855+0000] {logging_mixin.py:188} INFO - [2025-05-07T20:00:22.855+0000] {dag.py:3823} INFO - Setting next_dagrun for example_short_circuit_operator to 2025-05-06 00:00:00+00:00, run_after=2025-05-07 00:00:00+00:00
[2025-05-07T20:00:22.895+0000] {processor.py:183} INFO - Processing /home/airflow/.local/lib/python3.8/site-packages/airflow/example_dags/example_short_circuit_operator.py took 0.168 seconds
[2025-05-07T20:00:53.398+0000] {processor.py:161} INFO - Started process (PID=3178) to work on /home/airflow/.local/lib/python3.8/site-packages/airflow/example_dags/example_short_circuit_operator.py
[2025-05-07T20:00:53.401+0000] {processor.py:830} INFO - Processing file /home/airflow/.local/lib/python3.8/site-packages/airflow/example_dags/example_short_circuit_operator.py for tasks to queue
[2025-05-07T20:00:53.405+0000] {logging_mixin.py:188} INFO - [2025-05-07T20:00:53.404+0000] {dagbag.py:538} INFO - Filling up the DagBag from /home/airflow/.local/lib/python3.8/site-packages/airflow/example_dags/example_short_circuit_operator.py
[2025-05-07T20:00:53.418+0000] {processor.py:840} INFO - DAG(s) 'example_short_circuit_operator' retrieved from /home/airflow/.local/lib/python3.8/site-packages/airflow/example_dags/example_short_circuit_operator.py
[2025-05-07T20:00:53.453+0000] {logging_mixin.py:188} INFO - [2025-05-07T20:00:53.452+0000] {dag.py:3036} INFO - Sync 1 DAGs
[2025-05-07T20:00:53.481+0000] {logging_mixin.py:188} INFO - [2025-05-07T20:00:53.480+0000] {dag.py:3823} INFO - Setting next_dagrun for example_short_circuit_operator to 2025-05-06 00:00:00+00:00, run_after=2025-05-07 00:00:00+00:00
[2025-05-07T20:00:53.512+0000] {processor.py:183} INFO - Processing /home/airflow/.local/lib/python3.8/site-packages/airflow/example_dags/example_short_circuit_operator.py took 0.120 seconds
[2025-05-07T20:01:23.768+0000] {processor.py:161} INFO - Started process (PID=3235) to work on /home/airflow/.local/lib/python3.8/site-packages/airflow/example_dags/example_short_circuit_operator.py
[2025-05-07T20:01:23.770+0000] {processor.py:830} INFO - Processing file /home/airflow/.local/lib/python3.8/site-packages/airflow/example_dags/example_short_circuit_operator.py for tasks to queue
[2025-05-07T20:01:23.772+0000] {logging_mixin.py:188} INFO - [2025-05-07T20:01:23.772+0000] {dagbag.py:538} INFO - Filling up the DagBag from /home/airflow/.local/lib/python3.8/site-packages/airflow/example_dags/example_short_circuit_operator.py
[2025-05-07T20:01:23.779+0000] {processor.py:840} INFO - DAG(s) 'example_short_circuit_operator' retrieved from /home/airflow/.local/lib/python3.8/site-packages/airflow/example_dags/example_short_circuit_operator.py
[2025-05-07T20:01:23.803+0000] {logging_mixin.py:188} INFO - [2025-05-07T20:01:23.803+0000] {dag.py:3036} INFO - Sync 1 DAGs
[2025-05-07T20:01:23.826+0000] {logging_mixin.py:188} INFO - [2025-05-07T20:01:23.826+0000] {dag.py:3823} INFO - Setting next_dagrun for example_short_circuit_operator to 2025-05-06 00:00:00+00:00, run_after=2025-05-07 00:00:00+00:00
[2025-05-07T20:01:23.845+0000] {processor.py:183} INFO - Processing /home/airflow/.local/lib/python3.8/site-packages/airflow/example_dags/example_short_circuit_operator.py took 0.081 seconds
[2025-05-07T20:01:54.341+0000] {processor.py:161} INFO - Started process (PID=3292) to work on /home/airflow/.local/lib/python3.8/site-packages/airflow/example_dags/example_short_circuit_operator.py
[2025-05-07T20:01:54.343+0000] {processor.py:830} INFO - Processing file /home/airflow/.local/lib/python3.8/site-packages/airflow/example_dags/example_short_circuit_operator.py for tasks to queue
[2025-05-07T20:01:54.348+0000] {logging_mixin.py:188} INFO - [2025-05-07T20:01:54.347+0000] {dagbag.py:538} INFO - Filling up the DagBag from /home/airflow/.local/lib/python3.8/site-packages/airflow/example_dags/example_short_circuit_operator.py
[2025-05-07T20:01:54.362+0000] {processor.py:840} INFO - DAG(s) 'example_short_circuit_operator' retrieved from /home/airflow/.local/lib/python3.8/site-packages/airflow/example_dags/example_short_circuit_operator.py
[2025-05-07T20:01:54.390+0000] {logging_mixin.py:188} INFO - [2025-05-07T20:01:54.389+0000] {dag.py:3036} INFO - Sync 1 DAGs
[2025-05-07T20:01:54.410+0000] {logging_mixin.py:188} INFO - [2025-05-07T20:01:54.410+0000] {dag.py:3823} INFO - Setting next_dagrun for example_short_circuit_operator to 2025-05-06 00:00:00+00:00, run_after=2025-05-07 00:00:00+00:00
[2025-05-07T20:01:54.432+0000] {processor.py:183} INFO - Processing /home/airflow/.local/lib/python3.8/site-packages/airflow/example_dags/example_short_circuit_operator.py took 0.099 seconds
[2025-05-07T20:02:24.657+0000] {processor.py:161} INFO - Started process (PID=3349) to work on /home/airflow/.local/lib/python3.8/site-packages/airflow/example_dags/example_short_circuit_operator.py
[2025-05-07T20:02:24.659+0000] {processor.py:830} INFO - Processing file /home/airflow/.local/lib/python3.8/site-packages/airflow/example_dags/example_short_circuit_operator.py for tasks to queue
[2025-05-07T20:02:24.661+0000] {logging_mixin.py:188} INFO - [2025-05-07T20:02:24.661+0000] {dagbag.py:538} INFO - Filling up the DagBag from /home/airflow/.local/lib/python3.8/site-packages/airflow/example_dags/example_short_circuit_operator.py
[2025-05-07T20:02:24.670+0000] {processor.py:840} INFO - DAG(s) 'example_short_circuit_operator' retrieved from /home/airflow/.local/lib/python3.8/site-packages/airflow/example_dags/example_short_circuit_operator.py
[2025-05-07T20:02:24.695+0000] {logging_mixin.py:188} INFO - [2025-05-07T20:02:24.694+0000] {dag.py:3036} INFO - Sync 1 DAGs
[2025-05-07T20:02:24.717+0000] {logging_mixin.py:188} INFO - [2025-05-07T20:02:24.717+0000] {dag.py:3823} INFO - Setting next_dagrun for example_short_circuit_operator to 2025-05-06 00:00:00+00:00, run_after=2025-05-07 00:00:00+00:00
[2025-05-07T20:02:24.740+0000] {processor.py:183} INFO - Processing /home/airflow/.local/lib/python3.8/site-packages/airflow/example_dags/example_short_circuit_operator.py took 0.087 seconds
[2025-05-07T20:02:55.553+0000] {processor.py:161} INFO - Started process (PID=3407) to work on /home/airflow/.local/lib/python3.8/site-packages/airflow/example_dags/example_short_circuit_operator.py
[2025-05-07T20:02:55.554+0000] {processor.py:830} INFO - Processing file /home/airflow/.local/lib/python3.8/site-packages/airflow/example_dags/example_short_circuit_operator.py for tasks to queue
[2025-05-07T20:02:55.557+0000] {logging_mixin.py:188} INFO - [2025-05-07T20:02:55.556+0000] {dagbag.py:538} INFO - Filling up the DagBag from /home/airflow/.local/lib/python3.8/site-packages/airflow/example_dags/example_short_circuit_operator.py
[2025-05-07T20:02:55.565+0000] {processor.py:840} INFO - DAG(s) 'example_short_circuit_operator' retrieved from /home/airflow/.local/lib/python3.8/site-packages/airflow/example_dags/example_short_circuit_operator.py
[2025-05-07T20:02:55.591+0000] {logging_mixin.py:188} INFO - [2025-05-07T20:02:55.590+0000] {dag.py:3036} INFO - Sync 1 DAGs
[2025-05-07T20:02:55.618+0000] {logging_mixin.py:188} INFO - [2025-05-07T20:02:55.618+0000] {dag.py:3823} INFO - Setting next_dagrun for example_short_circuit_operator to 2025-05-06 00:00:00+00:00, run_after=2025-05-07 00:00:00+00:00
[2025-05-07T20:02:55.645+0000] {processor.py:183} INFO - Processing /home/airflow/.local/lib/python3.8/site-packages/airflow/example_dags/example_short_circuit_operator.py took 0.095 seconds
[2025-05-07T20:03:25.812+0000] {processor.py:161} INFO - Started process (PID=3464) to work on /home/airflow/.local/lib/python3.8/site-packages/airflow/example_dags/example_short_circuit_operator.py
[2025-05-07T20:03:25.815+0000] {processor.py:830} INFO - Processing file /home/airflow/.local/lib/python3.8/site-packages/airflow/example_dags/example_short_circuit_operator.py for tasks to queue
[2025-05-07T20:03:25.818+0000] {logging_mixin.py:188} INFO - [2025-05-07T20:03:25.817+0000] {dagbag.py:538} INFO - Filling up the DagBag from /home/airflow/.local/lib/python3.8/site-packages/airflow/example_dags/example_short_circuit_operator.py
[2025-05-07T20:03:25.831+0000] {processor.py:840} INFO - DAG(s) 'example_short_circuit_operator' retrieved from /home/airflow/.local/lib/python3.8/site-packages/airflow/example_dags/example_short_circuit_operator.py
[2025-05-07T20:03:25.863+0000] {logging_mixin.py:188} INFO - [2025-05-07T20:03:25.863+0000] {dag.py:3036} INFO - Sync 1 DAGs
[2025-05-07T20:03:25.891+0000] {logging_mixin.py:188} INFO - [2025-05-07T20:03:25.890+0000] {dag.py:3823} INFO - Setting next_dagrun for example_short_circuit_operator to 2025-05-06 00:00:00+00:00, run_after=2025-05-07 00:00:00+00:00
[2025-05-07T20:03:26.037+0000] {processor.py:183} INFO - Processing /home/airflow/.local/lib/python3.8/site-packages/airflow/example_dags/example_short_circuit_operator.py took 0.229 seconds
[2025-05-07T20:03:57.017+0000] {processor.py:161} INFO - Started process (PID=3521) to work on /home/airflow/.local/lib/python3.8/site-packages/airflow/example_dags/example_short_circuit_operator.py
[2025-05-07T20:03:57.018+0000] {processor.py:830} INFO - Processing file /home/airflow/.local/lib/python3.8/site-packages/airflow/example_dags/example_short_circuit_operator.py for tasks to queue
[2025-05-07T20:03:57.021+0000] {logging_mixin.py:188} INFO - [2025-05-07T20:03:57.020+0000] {dagbag.py:538} INFO - Filling up the DagBag from /home/airflow/.local/lib/python3.8/site-packages/airflow/example_dags/example_short_circuit_operator.py
[2025-05-07T20:03:57.029+0000] {processor.py:840} INFO - DAG(s) 'example_short_circuit_operator' retrieved from /home/airflow/.local/lib/python3.8/site-packages/airflow/example_dags/example_short_circuit_operator.py
[2025-05-07T20:03:57.056+0000] {logging_mixin.py:188} INFO - [2025-05-07T20:03:57.056+0000] {dag.py:3036} INFO - Sync 1 DAGs
[2025-05-07T20:03:57.079+0000] {logging_mixin.py:188} INFO - [2025-05-07T20:03:57.079+0000] {dag.py:3823} INFO - Setting next_dagrun for example_short_circuit_operator to 2025-05-06 00:00:00+00:00, run_after=2025-05-07 00:00:00+00:00
[2025-05-07T20:03:57.102+0000] {processor.py:183} INFO - Processing /home/airflow/.local/lib/python3.8/site-packages/airflow/example_dags/example_short_circuit_operator.py took 0.087 seconds
[2025-05-07T20:04:27.236+0000] {processor.py:161} INFO - Started process (PID=3578) to work on /home/airflow/.local/lib/python3.8/site-packages/airflow/example_dags/example_short_circuit_operator.py
[2025-05-07T20:04:27.238+0000] {processor.py:830} INFO - Processing file /home/airflow/.local/lib/python3.8/site-packages/airflow/example_dags/example_short_circuit_operator.py for tasks to queue
[2025-05-07T20:04:27.240+0000] {logging_mixin.py:188} INFO - [2025-05-07T20:04:27.239+0000] {dagbag.py:538} INFO - Filling up the DagBag from /home/airflow/.local/lib/python3.8/site-packages/airflow/example_dags/example_short_circuit_operator.py
[2025-05-07T20:04:27.248+0000] {processor.py:840} INFO - DAG(s) 'example_short_circuit_operator' retrieved from /home/airflow/.local/lib/python3.8/site-packages/airflow/example_dags/example_short_circuit_operator.py
[2025-05-07T20:04:27.273+0000] {logging_mixin.py:188} INFO - [2025-05-07T20:04:27.273+0000] {dag.py:3036} INFO - Sync 1 DAGs
[2025-05-07T20:04:27.293+0000] {logging_mixin.py:188} INFO - [2025-05-07T20:04:27.293+0000] {dag.py:3823} INFO - Setting next_dagrun for example_short_circuit_operator to 2025-05-06 00:00:00+00:00, run_after=2025-05-07 00:00:00+00:00
[2025-05-07T20:04:27.311+0000] {processor.py:183} INFO - Processing /home/airflow/.local/lib/python3.8/site-packages/airflow/example_dags/example_short_circuit_operator.py took 0.078 seconds
[2025-05-07T20:04:57.432+0000] {processor.py:161} INFO - Started process (PID=3635) to work on /home/airflow/.local/lib/python3.8/site-packages/airflow/example_dags/example_short_circuit_operator.py
[2025-05-07T20:04:57.433+0000] {processor.py:830} INFO - Processing file /home/airflow/.local/lib/python3.8/site-packages/airflow/example_dags/example_short_circuit_operator.py for tasks to queue
[2025-05-07T20:04:57.436+0000] {logging_mixin.py:188} INFO - [2025-05-07T20:04:57.435+0000] {dagbag.py:538} INFO - Filling up the DagBag from /home/airflow/.local/lib/python3.8/site-packages/airflow/example_dags/example_short_circuit_operator.py
[2025-05-07T20:04:57.444+0000] {processor.py:840} INFO - DAG(s) 'example_short_circuit_operator' retrieved from /home/airflow/.local/lib/python3.8/site-packages/airflow/example_dags/example_short_circuit_operator.py
[2025-05-07T20:04:57.470+0000] {logging_mixin.py:188} INFO - [2025-05-07T20:04:57.470+0000] {dag.py:3036} INFO - Sync 1 DAGs
[2025-05-07T20:04:57.492+0000] {logging_mixin.py:188} INFO - [2025-05-07T20:04:57.492+0000] {dag.py:3823} INFO - Setting next_dagrun for example_short_circuit_operator to 2025-05-06 00:00:00+00:00, run_after=2025-05-07 00:00:00+00:00
[2025-05-07T20:04:57.517+0000] {processor.py:183} INFO - Processing /home/airflow/.local/lib/python3.8/site-packages/airflow/example_dags/example_short_circuit_operator.py took 0.089 seconds
[2025-05-07T20:05:28.479+0000] {processor.py:161} INFO - Started process (PID=3692) to work on /home/airflow/.local/lib/python3.8/site-packages/airflow/example_dags/example_short_circuit_operator.py
[2025-05-07T20:05:28.481+0000] {processor.py:830} INFO - Processing file /home/airflow/.local/lib/python3.8/site-packages/airflow/example_dags/example_short_circuit_operator.py for tasks to queue
[2025-05-07T20:05:28.484+0000] {logging_mixin.py:188} INFO - [2025-05-07T20:05:28.483+0000] {dagbag.py:538} INFO - Filling up the DagBag from /home/airflow/.local/lib/python3.8/site-packages/airflow/example_dags/example_short_circuit_operator.py
[2025-05-07T20:05:28.493+0000] {processor.py:840} INFO - DAG(s) 'example_short_circuit_operator' retrieved from /home/airflow/.local/lib/python3.8/site-packages/airflow/example_dags/example_short_circuit_operator.py
[2025-05-07T20:05:28.519+0000] {logging_mixin.py:188} INFO - [2025-05-07T20:05:28.519+0000] {dag.py:3036} INFO - Sync 1 DAGs
[2025-05-07T20:05:28.541+0000] {logging_mixin.py:188} INFO - [2025-05-07T20:05:28.541+0000] {dag.py:3823} INFO - Setting next_dagrun for example_short_circuit_operator to 2025-05-06 00:00:00+00:00, run_after=2025-05-07 00:00:00+00:00
[2025-05-07T20:05:28.561+0000] {processor.py:183} INFO - Processing /home/airflow/.local/lib/python3.8/site-packages/airflow/example_dags/example_short_circuit_operator.py took 0.085 seconds
[2025-05-07T20:05:58.637+0000] {processor.py:161} INFO - Started process (PID=3749) to work on /home/airflow/.local/lib/python3.8/site-packages/airflow/example_dags/example_short_circuit_operator.py
[2025-05-07T20:05:58.639+0000] {processor.py:830} INFO - Processing file /home/airflow/.local/lib/python3.8/site-packages/airflow/example_dags/example_short_circuit_operator.py for tasks to queue
[2025-05-07T20:05:58.641+0000] {logging_mixin.py:188} INFO - [2025-05-07T20:05:58.641+0000] {dagbag.py:538} INFO - Filling up the DagBag from /home/airflow/.local/lib/python3.8/site-packages/airflow/example_dags/example_short_circuit_operator.py
[2025-05-07T20:05:58.649+0000] {processor.py:840} INFO - DAG(s) 'example_short_circuit_operator' retrieved from /home/airflow/.local/lib/python3.8/site-packages/airflow/example_dags/example_short_circuit_operator.py
[2025-05-07T20:05:58.674+0000] {logging_mixin.py:188} INFO - [2025-05-07T20:05:58.673+0000] {dag.py:3036} INFO - Sync 1 DAGs
[2025-05-07T20:05:58.697+0000] {logging_mixin.py:188} INFO - [2025-05-07T20:05:58.697+0000] {dag.py:3823} INFO - Setting next_dagrun for example_short_circuit_operator to 2025-05-06 00:00:00+00:00, run_after=2025-05-07 00:00:00+00:00
[2025-05-07T20:05:58.716+0000] {processor.py:183} INFO - Processing /home/airflow/.local/lib/python3.8/site-packages/airflow/example_dags/example_short_circuit_operator.py took 0.082 seconds
[2025-05-07T20:06:28.986+0000] {processor.py:161} INFO - Started process (PID=3806) to work on /home/airflow/.local/lib/python3.8/site-packages/airflow/example_dags/example_short_circuit_operator.py
[2025-05-07T20:06:28.987+0000] {processor.py:830} INFO - Processing file /home/airflow/.local/lib/python3.8/site-packages/airflow/example_dags/example_short_circuit_operator.py for tasks to queue
[2025-05-07T20:06:28.990+0000] {logging_mixin.py:188} INFO - [2025-05-07T20:06:28.989+0000] {dagbag.py:538} INFO - Filling up the DagBag from /home/airflow/.local/lib/python3.8/site-packages/airflow/example_dags/example_short_circuit_operator.py
[2025-05-07T20:06:28.998+0000] {processor.py:840} INFO - DAG(s) 'example_short_circuit_operator' retrieved from /home/airflow/.local/lib/python3.8/site-packages/airflow/example_dags/example_short_circuit_operator.py
[2025-05-07T20:06:29.020+0000] {logging_mixin.py:188} INFO - [2025-05-07T20:06:29.020+0000] {dag.py:3036} INFO - Sync 1 DAGs
[2025-05-07T20:06:29.043+0000] {logging_mixin.py:188} INFO - [2025-05-07T20:06:29.043+0000] {dag.py:3823} INFO - Setting next_dagrun for example_short_circuit_operator to 2025-05-06 00:00:00+00:00, run_after=2025-05-07 00:00:00+00:00
[2025-05-07T20:06:29.062+0000] {processor.py:183} INFO - Processing /home/airflow/.local/lib/python3.8/site-packages/airflow/example_dags/example_short_circuit_operator.py took 0.080 seconds
[2025-05-07T20:06:59.345+0000] {processor.py:161} INFO - Started process (PID=3863) to work on /home/airflow/.local/lib/python3.8/site-packages/airflow/example_dags/example_short_circuit_operator.py
[2025-05-07T20:06:59.346+0000] {processor.py:830} INFO - Processing file /home/airflow/.local/lib/python3.8/site-packages/airflow/example_dags/example_short_circuit_operator.py for tasks to queue
[2025-05-07T20:06:59.348+0000] {logging_mixin.py:188} INFO - [2025-05-07T20:06:59.348+0000] {dagbag.py:538} INFO - Filling up the DagBag from /home/airflow/.local/lib/python3.8/site-packages/airflow/example_dags/example_short_circuit_operator.py
[2025-05-07T20:06:59.356+0000] {processor.py:840} INFO - DAG(s) 'example_short_circuit_operator' retrieved from /home/airflow/.local/lib/python3.8/site-packages/airflow/example_dags/example_short_circuit_operator.py
[2025-05-07T20:06:59.381+0000] {logging_mixin.py:188} INFO - [2025-05-07T20:06:59.381+0000] {dag.py:3036} INFO - Sync 1 DAGs
[2025-05-07T20:06:59.403+0000] {logging_mixin.py:188} INFO - [2025-05-07T20:06:59.403+0000] {dag.py:3823} INFO - Setting next_dagrun for example_short_circuit_operator to 2025-05-06 00:00:00+00:00, run_after=2025-05-07 00:00:00+00:00
[2025-05-07T20:06:59.424+0000] {processor.py:183} INFO - Processing /home/airflow/.local/lib/python3.8/site-packages/airflow/example_dags/example_short_circuit_operator.py took 0.082 seconds
[2025-05-07T20:07:31.499+0000] {processor.py:161} INFO - Started process (PID=3920) to work on /home/airflow/.local/lib/python3.8/site-packages/airflow/example_dags/example_short_circuit_operator.py
[2025-05-07T20:07:31.501+0000] {processor.py:830} INFO - Processing file /home/airflow/.local/lib/python3.8/site-packages/airflow/example_dags/example_short_circuit_operator.py for tasks to queue
[2025-05-07T20:07:31.504+0000] {logging_mixin.py:188} INFO - [2025-05-07T20:07:31.504+0000] {dagbag.py:538} INFO - Filling up the DagBag from /home/airflow/.local/lib/python3.8/site-packages/airflow/example_dags/example_short_circuit_operator.py
[2025-05-07T20:07:31.514+0000] {processor.py:840} INFO - DAG(s) 'example_short_circuit_operator' retrieved from /home/airflow/.local/lib/python3.8/site-packages/airflow/example_dags/example_short_circuit_operator.py
[2025-05-07T20:07:31.550+0000] {logging_mixin.py:188} INFO - [2025-05-07T20:07:31.550+0000] {dag.py:3036} INFO - Sync 1 DAGs
[2025-05-07T20:07:31.572+0000] {logging_mixin.py:188} INFO - [2025-05-07T20:07:31.572+0000] {dag.py:3823} INFO - Setting next_dagrun for example_short_circuit_operator to 2025-05-06 00:00:00+00:00, run_after=2025-05-07 00:00:00+00:00
[2025-05-07T20:07:31.596+0000] {processor.py:183} INFO - Processing /home/airflow/.local/lib/python3.8/site-packages/airflow/example_dags/example_short_circuit_operator.py took 0.103 seconds
[2025-05-07T20:08:02.237+0000] {processor.py:161} INFO - Started process (PID=3977) to work on /home/airflow/.local/lib/python3.8/site-packages/airflow/example_dags/example_short_circuit_operator.py
[2025-05-07T20:08:02.239+0000] {processor.py:830} INFO - Processing file /home/airflow/.local/lib/python3.8/site-packages/airflow/example_dags/example_short_circuit_operator.py for tasks to queue
[2025-05-07T20:08:02.241+0000] {logging_mixin.py:188} INFO - [2025-05-07T20:08:02.241+0000] {dagbag.py:538} INFO - Filling up the DagBag from /home/airflow/.local/lib/python3.8/site-packages/airflow/example_dags/example_short_circuit_operator.py
[2025-05-07T20:08:02.250+0000] {processor.py:840} INFO - DAG(s) 'example_short_circuit_operator' retrieved from /home/airflow/.local/lib/python3.8/site-packages/airflow/example_dags/example_short_circuit_operator.py
[2025-05-07T20:08:02.277+0000] {logging_mixin.py:188} INFO - [2025-05-07T20:08:02.276+0000] {dag.py:3036} INFO - Sync 1 DAGs
[2025-05-07T20:08:02.304+0000] {logging_mixin.py:188} INFO - [2025-05-07T20:08:02.303+0000] {dag.py:3823} INFO - Setting next_dagrun for example_short_circuit_operator to 2025-05-06 00:00:00+00:00, run_after=2025-05-07 00:00:00+00:00
[2025-05-07T20:08:02.327+0000] {processor.py:183} INFO - Processing /home/airflow/.local/lib/python3.8/site-packages/airflow/example_dags/example_short_circuit_operator.py took 0.094 seconds
[2025-05-07T20:08:33.095+0000] {processor.py:161} INFO - Started process (PID=4034) to work on /home/airflow/.local/lib/python3.8/site-packages/airflow/example_dags/example_short_circuit_operator.py
[2025-05-07T20:08:33.096+0000] {processor.py:830} INFO - Processing file /home/airflow/.local/lib/python3.8/site-packages/airflow/example_dags/example_short_circuit_operator.py for tasks to queue
[2025-05-07T20:08:33.098+0000] {logging_mixin.py:188} INFO - [2025-05-07T20:08:33.098+0000] {dagbag.py:538} INFO - Filling up the DagBag from /home/airflow/.local/lib/python3.8/site-packages/airflow/example_dags/example_short_circuit_operator.py
[2025-05-07T20:08:33.106+0000] {processor.py:840} INFO - DAG(s) 'example_short_circuit_operator' retrieved from /home/airflow/.local/lib/python3.8/site-packages/airflow/example_dags/example_short_circuit_operator.py
[2025-05-07T20:08:33.135+0000] {logging_mixin.py:188} INFO - [2025-05-07T20:08:33.135+0000] {dag.py:3036} INFO - Sync 1 DAGs
[2025-05-07T20:08:33.161+0000] {logging_mixin.py:188} INFO - [2025-05-07T20:08:33.161+0000] {dag.py:3823} INFO - Setting next_dagrun for example_short_circuit_operator to 2025-05-06 00:00:00+00:00, run_after=2025-05-07 00:00:00+00:00
[2025-05-07T20:08:33.184+0000] {processor.py:183} INFO - Processing /home/airflow/.local/lib/python3.8/site-packages/airflow/example_dags/example_short_circuit_operator.py took 0.093 seconds
[2025-05-07T20:09:04.376+0000] {processor.py:161} INFO - Started process (PID=4091) to work on /home/airflow/.local/lib/python3.8/site-packages/airflow/example_dags/example_short_circuit_operator.py
[2025-05-07T20:09:04.378+0000] {processor.py:830} INFO - Processing file /home/airflow/.local/lib/python3.8/site-packages/airflow/example_dags/example_short_circuit_operator.py for tasks to queue
[2025-05-07T20:09:04.380+0000] {logging_mixin.py:188} INFO - [2025-05-07T20:09:04.380+0000] {dagbag.py:538} INFO - Filling up the DagBag from /home/airflow/.local/lib/python3.8/site-packages/airflow/example_dags/example_short_circuit_operator.py
[2025-05-07T20:09:04.388+0000] {processor.py:840} INFO - DAG(s) 'example_short_circuit_operator' retrieved from /home/airflow/.local/lib/python3.8/site-packages/airflow/example_dags/example_short_circuit_operator.py
[2025-05-07T20:09:04.416+0000] {logging_mixin.py:188} INFO - [2025-05-07T20:09:04.415+0000] {dag.py:3036} INFO - Sync 1 DAGs
[2025-05-07T20:09:04.443+0000] {logging_mixin.py:188} INFO - [2025-05-07T20:09:04.443+0000] {dag.py:3823} INFO - Setting next_dagrun for example_short_circuit_operator to 2025-05-06 00:00:00+00:00, run_after=2025-05-07 00:00:00+00:00
[2025-05-07T20:09:04.477+0000] {processor.py:183} INFO - Processing /home/airflow/.local/lib/python3.8/site-packages/airflow/example_dags/example_short_circuit_operator.py took 0.104 seconds
[2025-05-07T20:09:34.700+0000] {processor.py:161} INFO - Started process (PID=4148) to work on /home/airflow/.local/lib/python3.8/site-packages/airflow/example_dags/example_short_circuit_operator.py
[2025-05-07T20:09:34.702+0000] {processor.py:830} INFO - Processing file /home/airflow/.local/lib/python3.8/site-packages/airflow/example_dags/example_short_circuit_operator.py for tasks to queue
[2025-05-07T20:09:34.706+0000] {logging_mixin.py:188} INFO - [2025-05-07T20:09:34.705+0000] {dagbag.py:538} INFO - Filling up the DagBag from /home/airflow/.local/lib/python3.8/site-packages/airflow/example_dags/example_short_circuit_operator.py
[2025-05-07T20:09:34.719+0000] {processor.py:840} INFO - DAG(s) 'example_short_circuit_operator' retrieved from /home/airflow/.local/lib/python3.8/site-packages/airflow/example_dags/example_short_circuit_operator.py
[2025-05-07T20:09:34.744+0000] {logging_mixin.py:188} INFO - [2025-05-07T20:09:34.744+0000] {dag.py:3036} INFO - Sync 1 DAGs
[2025-05-07T20:09:34.766+0000] {logging_mixin.py:188} INFO - [2025-05-07T20:09:34.766+0000] {dag.py:3823} INFO - Setting next_dagrun for example_short_circuit_operator to 2025-05-06 00:00:00+00:00, run_after=2025-05-07 00:00:00+00:00
[2025-05-07T20:09:34.787+0000] {processor.py:183} INFO - Processing /home/airflow/.local/lib/python3.8/site-packages/airflow/example_dags/example_short_circuit_operator.py took 0.092 seconds
[2025-05-07T20:10:05.727+0000] {processor.py:161} INFO - Started process (PID=4205) to work on /home/airflow/.local/lib/python3.8/site-packages/airflow/example_dags/example_short_circuit_operator.py
[2025-05-07T20:10:05.729+0000] {processor.py:830} INFO - Processing file /home/airflow/.local/lib/python3.8/site-packages/airflow/example_dags/example_short_circuit_operator.py for tasks to queue
[2025-05-07T20:10:05.733+0000] {logging_mixin.py:188} INFO - [2025-05-07T20:10:05.732+0000] {dagbag.py:538} INFO - Filling up the DagBag from /home/airflow/.local/lib/python3.8/site-packages/airflow/example_dags/example_short_circuit_operator.py
[2025-05-07T20:10:05.749+0000] {processor.py:840} INFO - DAG(s) 'example_short_circuit_operator' retrieved from /home/airflow/.local/lib/python3.8/site-packages/airflow/example_dags/example_short_circuit_operator.py
[2025-05-07T20:10:05.786+0000] {logging_mixin.py:188} INFO - [2025-05-07T20:10:05.786+0000] {dag.py:3036} INFO - Sync 1 DAGs
[2025-05-07T20:10:05.810+0000] {logging_mixin.py:188} INFO - [2025-05-07T20:10:05.810+0000] {dag.py:3823} INFO - Setting next_dagrun for example_short_circuit_operator to 2025-05-06 00:00:00+00:00, run_after=2025-05-07 00:00:00+00:00
[2025-05-07T20:10:05.839+0000] {processor.py:183} INFO - Processing /home/airflow/.local/lib/python3.8/site-packages/airflow/example_dags/example_short_circuit_operator.py took 0.119 seconds
[2025-05-07T20:10:36.073+0000] {processor.py:161} INFO - Started process (PID=4262) to work on /home/airflow/.local/lib/python3.8/site-packages/airflow/example_dags/example_short_circuit_operator.py
[2025-05-07T20:10:36.075+0000] {processor.py:830} INFO - Processing file /home/airflow/.local/lib/python3.8/site-packages/airflow/example_dags/example_short_circuit_operator.py for tasks to queue
[2025-05-07T20:10:36.077+0000] {logging_mixin.py:188} INFO - [2025-05-07T20:10:36.077+0000] {dagbag.py:538} INFO - Filling up the DagBag from /home/airflow/.local/lib/python3.8/site-packages/airflow/example_dags/example_short_circuit_operator.py
[2025-05-07T20:10:36.084+0000] {processor.py:840} INFO - DAG(s) 'example_short_circuit_operator' retrieved from /home/airflow/.local/lib/python3.8/site-packages/airflow/example_dags/example_short_circuit_operator.py
[2025-05-07T20:10:36.107+0000] {logging_mixin.py:188} INFO - [2025-05-07T20:10:36.107+0000] {dag.py:3036} INFO - Sync 1 DAGs
[2025-05-07T20:10:36.128+0000] {logging_mixin.py:188} INFO - [2025-05-07T20:10:36.128+0000] {dag.py:3823} INFO - Setting next_dagrun for example_short_circuit_operator to 2025-05-06 00:00:00+00:00, run_after=2025-05-07 00:00:00+00:00
[2025-05-07T20:10:36.150+0000] {processor.py:183} INFO - Processing /home/airflow/.local/lib/python3.8/site-packages/airflow/example_dags/example_short_circuit_operator.py took 0.081 seconds
[2025-05-07T20:11:06.700+0000] {processor.py:161} INFO - Started process (PID=4319) to work on /home/airflow/.local/lib/python3.8/site-packages/airflow/example_dags/example_short_circuit_operator.py
[2025-05-07T20:11:06.703+0000] {processor.py:830} INFO - Processing file /home/airflow/.local/lib/python3.8/site-packages/airflow/example_dags/example_short_circuit_operator.py for tasks to queue
[2025-05-07T20:11:06.707+0000] {logging_mixin.py:188} INFO - [2025-05-07T20:11:06.707+0000] {dagbag.py:538} INFO - Filling up the DagBag from /home/airflow/.local/lib/python3.8/site-packages/airflow/example_dags/example_short_circuit_operator.py
[2025-05-07T20:11:06.725+0000] {processor.py:840} INFO - DAG(s) 'example_short_circuit_operator' retrieved from /home/airflow/.local/lib/python3.8/site-packages/airflow/example_dags/example_short_circuit_operator.py
[2025-05-07T20:11:06.760+0000] {logging_mixin.py:188} INFO - [2025-05-07T20:11:06.760+0000] {dag.py:3036} INFO - Sync 1 DAGs
[2025-05-07T20:11:06.782+0000] {logging_mixin.py:188} INFO - [2025-05-07T20:11:06.782+0000] {dag.py:3823} INFO - Setting next_dagrun for example_short_circuit_operator to 2025-05-06 00:00:00+00:00, run_after=2025-05-07 00:00:00+00:00
[2025-05-07T20:11:06.807+0000] {processor.py:183} INFO - Processing /home/airflow/.local/lib/python3.8/site-packages/airflow/example_dags/example_short_circuit_operator.py took 0.114 seconds
[2025-05-07T20:11:37.850+0000] {processor.py:161} INFO - Started process (PID=4376) to work on /home/airflow/.local/lib/python3.8/site-packages/airflow/example_dags/example_short_circuit_operator.py
[2025-05-07T20:11:37.852+0000] {processor.py:830} INFO - Processing file /home/airflow/.local/lib/python3.8/site-packages/airflow/example_dags/example_short_circuit_operator.py for tasks to queue
[2025-05-07T20:11:37.857+0000] {logging_mixin.py:188} INFO - [2025-05-07T20:11:37.856+0000] {dagbag.py:538} INFO - Filling up the DagBag from /home/airflow/.local/lib/python3.8/site-packages/airflow/example_dags/example_short_circuit_operator.py
[2025-05-07T20:11:37.867+0000] {processor.py:840} INFO - DAG(s) 'example_short_circuit_operator' retrieved from /home/airflow/.local/lib/python3.8/site-packages/airflow/example_dags/example_short_circuit_operator.py
[2025-05-07T20:11:37.895+0000] {logging_mixin.py:188} INFO - [2025-05-07T20:11:37.894+0000] {dag.py:3036} INFO - Sync 1 DAGs
[2025-05-07T20:11:37.920+0000] {logging_mixin.py:188} INFO - [2025-05-07T20:11:37.920+0000] {dag.py:3823} INFO - Setting next_dagrun for example_short_circuit_operator to 2025-05-06 00:00:00+00:00, run_after=2025-05-07 00:00:00+00:00
[2025-05-07T20:11:37.944+0000] {processor.py:183} INFO - Processing /home/airflow/.local/lib/python3.8/site-packages/airflow/example_dags/example_short_circuit_operator.py took 0.098 seconds
[2025-05-07T20:12:08.306+0000] {processor.py:161} INFO - Started process (PID=4433) to work on /home/airflow/.local/lib/python3.8/site-packages/airflow/example_dags/example_short_circuit_operator.py
[2025-05-07T20:12:08.309+0000] {processor.py:830} INFO - Processing file /home/airflow/.local/lib/python3.8/site-packages/airflow/example_dags/example_short_circuit_operator.py for tasks to queue
[2025-05-07T20:12:08.315+0000] {logging_mixin.py:188} INFO - [2025-05-07T20:12:08.314+0000] {dagbag.py:538} INFO - Filling up the DagBag from /home/airflow/.local/lib/python3.8/site-packages/airflow/example_dags/example_short_circuit_operator.py
[2025-05-07T20:12:08.327+0000] {processor.py:840} INFO - DAG(s) 'example_short_circuit_operator' retrieved from /home/airflow/.local/lib/python3.8/site-packages/airflow/example_dags/example_short_circuit_operator.py
[2025-05-07T20:12:08.351+0000] {logging_mixin.py:188} INFO - [2025-05-07T20:12:08.351+0000] {dag.py:3036} INFO - Sync 1 DAGs
[2025-05-07T20:12:08.372+0000] {logging_mixin.py:188} INFO - [2025-05-07T20:12:08.371+0000] {dag.py:3823} INFO - Setting next_dagrun for example_short_circuit_operator to 2025-05-06 00:00:00+00:00, run_after=2025-05-07 00:00:00+00:00
[2025-05-07T20:12:08.398+0000] {processor.py:183} INFO - Processing /home/airflow/.local/lib/python3.8/site-packages/airflow/example_dags/example_short_circuit_operator.py took 0.098 seconds
[2025-05-07T20:12:38.700+0000] {processor.py:161} INFO - Started process (PID=4490) to work on /home/airflow/.local/lib/python3.8/site-packages/airflow/example_dags/example_short_circuit_operator.py
[2025-05-07T20:12:38.701+0000] {processor.py:830} INFO - Processing file /home/airflow/.local/lib/python3.8/site-packages/airflow/example_dags/example_short_circuit_operator.py for tasks to queue
[2025-05-07T20:12:38.704+0000] {logging_mixin.py:188} INFO - [2025-05-07T20:12:38.703+0000] {dagbag.py:538} INFO - Filling up the DagBag from /home/airflow/.local/lib/python3.8/site-packages/airflow/example_dags/example_short_circuit_operator.py
[2025-05-07T20:12:38.713+0000] {processor.py:840} INFO - DAG(s) 'example_short_circuit_operator' retrieved from /home/airflow/.local/lib/python3.8/site-packages/airflow/example_dags/example_short_circuit_operator.py
[2025-05-07T20:12:38.736+0000] {logging_mixin.py:188} INFO - [2025-05-07T20:12:38.736+0000] {dag.py:3036} INFO - Sync 1 DAGs
[2025-05-07T20:12:38.757+0000] {logging_mixin.py:188} INFO - [2025-05-07T20:12:38.757+0000] {dag.py:3823} INFO - Setting next_dagrun for example_short_circuit_operator to 2025-05-06 00:00:00+00:00, run_after=2025-05-07 00:00:00+00:00
[2025-05-07T20:12:38.776+0000] {processor.py:183} INFO - Processing /home/airflow/.local/lib/python3.8/site-packages/airflow/example_dags/example_short_circuit_operator.py took 0.080 seconds
[2025-05-07T20:13:09.459+0000] {processor.py:161} INFO - Started process (PID=4547) to work on /home/airflow/.local/lib/python3.8/site-packages/airflow/example_dags/example_short_circuit_operator.py
[2025-05-07T20:13:09.461+0000] {processor.py:830} INFO - Processing file /home/airflow/.local/lib/python3.8/site-packages/airflow/example_dags/example_short_circuit_operator.py for tasks to queue
[2025-05-07T20:13:09.464+0000] {logging_mixin.py:188} INFO - [2025-05-07T20:13:09.463+0000] {dagbag.py:538} INFO - Filling up the DagBag from /home/airflow/.local/lib/python3.8/site-packages/airflow/example_dags/example_short_circuit_operator.py
[2025-05-07T20:13:09.472+0000] {processor.py:840} INFO - DAG(s) 'example_short_circuit_operator' retrieved from /home/airflow/.local/lib/python3.8/site-packages/airflow/example_dags/example_short_circuit_operator.py
[2025-05-07T20:13:09.498+0000] {logging_mixin.py:188} INFO - [2025-05-07T20:13:09.497+0000] {dag.py:3036} INFO - Sync 1 DAGs
[2025-05-07T20:13:09.520+0000] {logging_mixin.py:188} INFO - [2025-05-07T20:13:09.520+0000] {dag.py:3823} INFO - Setting next_dagrun for example_short_circuit_operator to 2025-05-06 00:00:00+00:00, run_after=2025-05-07 00:00:00+00:00
[2025-05-07T20:13:09.543+0000] {processor.py:183} INFO - Processing /home/airflow/.local/lib/python3.8/site-packages/airflow/example_dags/example_short_circuit_operator.py took 0.088 seconds
[2025-05-07T20:13:39.954+0000] {processor.py:161} INFO - Started process (PID=4604) to work on /home/airflow/.local/lib/python3.8/site-packages/airflow/example_dags/example_short_circuit_operator.py
[2025-05-07T20:13:39.955+0000] {processor.py:830} INFO - Processing file /home/airflow/.local/lib/python3.8/site-packages/airflow/example_dags/example_short_circuit_operator.py for tasks to queue
[2025-05-07T20:13:39.957+0000] {logging_mixin.py:188} INFO - [2025-05-07T20:13:39.957+0000] {dagbag.py:538} INFO - Filling up the DagBag from /home/airflow/.local/lib/python3.8/site-packages/airflow/example_dags/example_short_circuit_operator.py
[2025-05-07T20:13:39.965+0000] {processor.py:840} INFO - DAG(s) 'example_short_circuit_operator' retrieved from /home/airflow/.local/lib/python3.8/site-packages/airflow/example_dags/example_short_circuit_operator.py
[2025-05-07T20:13:39.990+0000] {logging_mixin.py:188} INFO - [2025-05-07T20:13:39.989+0000] {dag.py:3036} INFO - Sync 1 DAGs
[2025-05-07T20:13:40.013+0000] {logging_mixin.py:188} INFO - [2025-05-07T20:13:40.012+0000] {dag.py:3823} INFO - Setting next_dagrun for example_short_circuit_operator to 2025-05-06 00:00:00+00:00, run_after=2025-05-07 00:00:00+00:00
[2025-05-07T20:13:40.034+0000] {processor.py:183} INFO - Processing /home/airflow/.local/lib/python3.8/site-packages/airflow/example_dags/example_short_circuit_operator.py took 0.084 seconds
[2025-05-07T20:14:10.685+0000] {processor.py:161} INFO - Started process (PID=4661) to work on /home/airflow/.local/lib/python3.8/site-packages/airflow/example_dags/example_short_circuit_operator.py
[2025-05-07T20:14:10.687+0000] {processor.py:830} INFO - Processing file /home/airflow/.local/lib/python3.8/site-packages/airflow/example_dags/example_short_circuit_operator.py for tasks to queue
[2025-05-07T20:14:10.689+0000] {logging_mixin.py:188} INFO - [2025-05-07T20:14:10.689+0000] {dagbag.py:538} INFO - Filling up the DagBag from /home/airflow/.local/lib/python3.8/site-packages/airflow/example_dags/example_short_circuit_operator.py
[2025-05-07T20:14:10.698+0000] {processor.py:840} INFO - DAG(s) 'example_short_circuit_operator' retrieved from /home/airflow/.local/lib/python3.8/site-packages/airflow/example_dags/example_short_circuit_operator.py
[2025-05-07T20:14:10.741+0000] {logging_mixin.py:188} INFO - [2025-05-07T20:14:10.741+0000] {dag.py:3036} INFO - Sync 1 DAGs
[2025-05-07T20:14:10.765+0000] {logging_mixin.py:188} INFO - [2025-05-07T20:14:10.765+0000] {dag.py:3823} INFO - Setting next_dagrun for example_short_circuit_operator to 2025-05-06 00:00:00+00:00, run_after=2025-05-07 00:00:00+00:00
[2025-05-07T20:14:10.791+0000] {processor.py:183} INFO - Processing /home/airflow/.local/lib/python3.8/site-packages/airflow/example_dags/example_short_circuit_operator.py took 0.110 seconds
[2025-05-07T20:14:41.284+0000] {processor.py:161} INFO - Started process (PID=4718) to work on /home/airflow/.local/lib/python3.8/site-packages/airflow/example_dags/example_short_circuit_operator.py
[2025-05-07T20:14:41.286+0000] {processor.py:830} INFO - Processing file /home/airflow/.local/lib/python3.8/site-packages/airflow/example_dags/example_short_circuit_operator.py for tasks to queue
[2025-05-07T20:14:41.288+0000] {logging_mixin.py:188} INFO - [2025-05-07T20:14:41.288+0000] {dagbag.py:538} INFO - Filling up the DagBag from /home/airflow/.local/lib/python3.8/site-packages/airflow/example_dags/example_short_circuit_operator.py
[2025-05-07T20:14:41.296+0000] {processor.py:840} INFO - DAG(s) 'example_short_circuit_operator' retrieved from /home/airflow/.local/lib/python3.8/site-packages/airflow/example_dags/example_short_circuit_operator.py
[2025-05-07T20:14:41.321+0000] {logging_mixin.py:188} INFO - [2025-05-07T20:14:41.321+0000] {dag.py:3036} INFO - Sync 1 DAGs
[2025-05-07T20:14:41.345+0000] {logging_mixin.py:188} INFO - [2025-05-07T20:14:41.344+0000] {dag.py:3823} INFO - Setting next_dagrun for example_short_circuit_operator to 2025-05-06 00:00:00+00:00, run_after=2025-05-07 00:00:00+00:00
[2025-05-07T20:14:41.364+0000] {processor.py:183} INFO - Processing /home/airflow/.local/lib/python3.8/site-packages/airflow/example_dags/example_short_circuit_operator.py took 0.083 seconds
[2025-05-07T20:15:12.136+0000] {processor.py:161} INFO - Started process (PID=4775) to work on /home/airflow/.local/lib/python3.8/site-packages/airflow/example_dags/example_short_circuit_operator.py
[2025-05-07T20:15:12.139+0000] {processor.py:830} INFO - Processing file /home/airflow/.local/lib/python3.8/site-packages/airflow/example_dags/example_short_circuit_operator.py for tasks to queue
[2025-05-07T20:15:12.143+0000] {logging_mixin.py:188} INFO - [2025-05-07T20:15:12.142+0000] {dagbag.py:538} INFO - Filling up the DagBag from /home/airflow/.local/lib/python3.8/site-packages/airflow/example_dags/example_short_circuit_operator.py
[2025-05-07T20:15:12.162+0000] {processor.py:840} INFO - DAG(s) 'example_short_circuit_operator' retrieved from /home/airflow/.local/lib/python3.8/site-packages/airflow/example_dags/example_short_circuit_operator.py
[2025-05-07T20:15:12.215+0000] {logging_mixin.py:188} INFO - [2025-05-07T20:15:12.215+0000] {dag.py:3036} INFO - Sync 1 DAGs
[2025-05-07T20:15:12.287+0000] {logging_mixin.py:188} INFO - [2025-05-07T20:15:12.286+0000] {dag.py:3823} INFO - Setting next_dagrun for example_short_circuit_operator to 2025-05-06 00:00:00+00:00, run_after=2025-05-07 00:00:00+00:00
[2025-05-07T20:15:12.318+0000] {processor.py:183} INFO - Processing /home/airflow/.local/lib/python3.8/site-packages/airflow/example_dags/example_short_circuit_operator.py took 0.189 seconds
[2025-05-07T20:15:43.167+0000] {processor.py:161} INFO - Started process (PID=4832) to work on /home/airflow/.local/lib/python3.8/site-packages/airflow/example_dags/example_short_circuit_operator.py
[2025-05-07T20:15:43.170+0000] {processor.py:830} INFO - Processing file /home/airflow/.local/lib/python3.8/site-packages/airflow/example_dags/example_short_circuit_operator.py for tasks to queue
[2025-05-07T20:15:43.174+0000] {logging_mixin.py:188} INFO - [2025-05-07T20:15:43.174+0000] {dagbag.py:538} INFO - Filling up the DagBag from /home/airflow/.local/lib/python3.8/site-packages/airflow/example_dags/example_short_circuit_operator.py
[2025-05-07T20:15:43.193+0000] {processor.py:840} INFO - DAG(s) 'example_short_circuit_operator' retrieved from /home/airflow/.local/lib/python3.8/site-packages/airflow/example_dags/example_short_circuit_operator.py
[2025-05-07T20:15:43.245+0000] {logging_mixin.py:188} INFO - [2025-05-07T20:15:43.244+0000] {dag.py:3036} INFO - Sync 1 DAGs
[2025-05-07T20:15:43.279+0000] {logging_mixin.py:188} INFO - [2025-05-07T20:15:43.279+0000] {dag.py:3823} INFO - Setting next_dagrun for example_short_circuit_operator to 2025-05-06 00:00:00+00:00, run_after=2025-05-07 00:00:00+00:00
[2025-05-07T20:15:43.307+0000] {processor.py:183} INFO - Processing /home/airflow/.local/lib/python3.8/site-packages/airflow/example_dags/example_short_circuit_operator.py took 0.148 seconds
[2025-05-07T20:16:13.733+0000] {processor.py:161} INFO - Started process (PID=4889) to work on /home/airflow/.local/lib/python3.8/site-packages/airflow/example_dags/example_short_circuit_operator.py
[2025-05-07T20:16:13.735+0000] {processor.py:830} INFO - Processing file /home/airflow/.local/lib/python3.8/site-packages/airflow/example_dags/example_short_circuit_operator.py for tasks to queue
[2025-05-07T20:16:13.737+0000] {logging_mixin.py:188} INFO - [2025-05-07T20:16:13.737+0000] {dagbag.py:538} INFO - Filling up the DagBag from /home/airflow/.local/lib/python3.8/site-packages/airflow/example_dags/example_short_circuit_operator.py
[2025-05-07T20:16:13.747+0000] {processor.py:840} INFO - DAG(s) 'example_short_circuit_operator' retrieved from /home/airflow/.local/lib/python3.8/site-packages/airflow/example_dags/example_short_circuit_operator.py
[2025-05-07T20:16:13.783+0000] {logging_mixin.py:188} INFO - [2025-05-07T20:16:13.782+0000] {dag.py:3036} INFO - Sync 1 DAGs
[2025-05-07T20:16:13.817+0000] {logging_mixin.py:188} INFO - [2025-05-07T20:16:13.817+0000] {dag.py:3823} INFO - Setting next_dagrun for example_short_circuit_operator to 2025-05-06 00:00:00+00:00, run_after=2025-05-07 00:00:00+00:00
[2025-05-07T20:16:13.848+0000] {processor.py:183} INFO - Processing /home/airflow/.local/lib/python3.8/site-packages/airflow/example_dags/example_short_circuit_operator.py took 0.119 seconds
[2025-05-07T20:16:43.928+0000] {processor.py:161} INFO - Started process (PID=4946) to work on /home/airflow/.local/lib/python3.8/site-packages/airflow/example_dags/example_short_circuit_operator.py
[2025-05-07T20:16:43.930+0000] {processor.py:830} INFO - Processing file /home/airflow/.local/lib/python3.8/site-packages/airflow/example_dags/example_short_circuit_operator.py for tasks to queue
[2025-05-07T20:16:43.934+0000] {logging_mixin.py:188} INFO - [2025-05-07T20:16:43.933+0000] {dagbag.py:538} INFO - Filling up the DagBag from /home/airflow/.local/lib/python3.8/site-packages/airflow/example_dags/example_short_circuit_operator.py
[2025-05-07T20:16:43.944+0000] {processor.py:840} INFO - DAG(s) 'example_short_circuit_operator' retrieved from /home/airflow/.local/lib/python3.8/site-packages/airflow/example_dags/example_short_circuit_operator.py
[2025-05-07T20:16:43.975+0000] {logging_mixin.py:188} INFO - [2025-05-07T20:16:43.974+0000] {dag.py:3036} INFO - Sync 1 DAGs
[2025-05-07T20:16:44.002+0000] {logging_mixin.py:188} INFO - [2025-05-07T20:16:44.002+0000] {dag.py:3823} INFO - Setting next_dagrun for example_short_circuit_operator to 2025-05-06 00:00:00+00:00, run_after=2025-05-07 00:00:00+00:00
[2025-05-07T20:16:44.027+0000] {processor.py:183} INFO - Processing /home/airflow/.local/lib/python3.8/site-packages/airflow/example_dags/example_short_circuit_operator.py took 0.105 seconds
[2025-05-07T20:17:14.629+0000] {processor.py:161} INFO - Started process (PID=5003) to work on /home/airflow/.local/lib/python3.8/site-packages/airflow/example_dags/example_short_circuit_operator.py
[2025-05-07T20:17:14.631+0000] {processor.py:830} INFO - Processing file /home/airflow/.local/lib/python3.8/site-packages/airflow/example_dags/example_short_circuit_operator.py for tasks to queue
[2025-05-07T20:17:14.635+0000] {logging_mixin.py:188} INFO - [2025-05-07T20:17:14.634+0000] {dagbag.py:538} INFO - Filling up the DagBag from /home/airflow/.local/lib/python3.8/site-packages/airflow/example_dags/example_short_circuit_operator.py
[2025-05-07T20:17:14.645+0000] {processor.py:840} INFO - DAG(s) 'example_short_circuit_operator' retrieved from /home/airflow/.local/lib/python3.8/site-packages/airflow/example_dags/example_short_circuit_operator.py
[2025-05-07T20:17:14.677+0000] {logging_mixin.py:188} INFO - [2025-05-07T20:17:14.677+0000] {dag.py:3036} INFO - Sync 1 DAGs
[2025-05-07T20:17:14.706+0000] {logging_mixin.py:188} INFO - [2025-05-07T20:17:14.705+0000] {dag.py:3823} INFO - Setting next_dagrun for example_short_circuit_operator to 2025-05-06 00:00:00+00:00, run_after=2025-05-07 00:00:00+00:00
[2025-05-07T20:17:14.732+0000] {processor.py:183} INFO - Processing /home/airflow/.local/lib/python3.8/site-packages/airflow/example_dags/example_short_circuit_operator.py took 0.108 seconds
[2025-05-07T20:17:45.695+0000] {processor.py:161} INFO - Started process (PID=5060) to work on /home/airflow/.local/lib/python3.8/site-packages/airflow/example_dags/example_short_circuit_operator.py
[2025-05-07T20:17:45.697+0000] {processor.py:830} INFO - Processing file /home/airflow/.local/lib/python3.8/site-packages/airflow/example_dags/example_short_circuit_operator.py for tasks to queue
[2025-05-07T20:17:45.704+0000] {logging_mixin.py:188} INFO - [2025-05-07T20:17:45.703+0000] {dagbag.py:538} INFO - Filling up the DagBag from /home/airflow/.local/lib/python3.8/site-packages/airflow/example_dags/example_short_circuit_operator.py
[2025-05-07T20:17:45.720+0000] {processor.py:840} INFO - DAG(s) 'example_short_circuit_operator' retrieved from /home/airflow/.local/lib/python3.8/site-packages/airflow/example_dags/example_short_circuit_operator.py
[2025-05-07T20:17:45.767+0000] {logging_mixin.py:188} INFO - [2025-05-07T20:17:45.766+0000] {dag.py:3036} INFO - Sync 1 DAGs
[2025-05-07T20:17:45.808+0000] {logging_mixin.py:188} INFO - [2025-05-07T20:17:45.808+0000] {dag.py:3823} INFO - Setting next_dagrun for example_short_circuit_operator to 2025-05-06 00:00:00+00:00, run_after=2025-05-07 00:00:00+00:00
[2025-05-07T20:17:45.843+0000] {processor.py:183} INFO - Processing /home/airflow/.local/lib/python3.8/site-packages/airflow/example_dags/example_short_circuit_operator.py took 0.156 seconds
[2025-05-07T20:18:16.394+0000] {processor.py:161} INFO - Started process (PID=5118) to work on /home/airflow/.local/lib/python3.8/site-packages/airflow/example_dags/example_short_circuit_operator.py
[2025-05-07T20:18:16.397+0000] {processor.py:830} INFO - Processing file /home/airflow/.local/lib/python3.8/site-packages/airflow/example_dags/example_short_circuit_operator.py for tasks to queue
[2025-05-07T20:18:16.403+0000] {logging_mixin.py:188} INFO - [2025-05-07T20:18:16.402+0000] {dagbag.py:538} INFO - Filling up the DagBag from /home/airflow/.local/lib/python3.8/site-packages/airflow/example_dags/example_short_circuit_operator.py
[2025-05-07T20:18:16.424+0000] {processor.py:840} INFO - DAG(s) 'example_short_circuit_operator' retrieved from /home/airflow/.local/lib/python3.8/site-packages/airflow/example_dags/example_short_circuit_operator.py
[2025-05-07T20:18:16.477+0000] {logging_mixin.py:188} INFO - [2025-05-07T20:18:16.476+0000] {dag.py:3036} INFO - Sync 1 DAGs
[2025-05-07T20:18:16.506+0000] {logging_mixin.py:188} INFO - [2025-05-07T20:18:16.506+0000] {dag.py:3823} INFO - Setting next_dagrun for example_short_circuit_operator to 2025-05-06 00:00:00+00:00, run_after=2025-05-07 00:00:00+00:00
[2025-05-07T20:18:16.536+0000] {processor.py:183} INFO - Processing /home/airflow/.local/lib/python3.8/site-packages/airflow/example_dags/example_short_circuit_operator.py took 0.152 seconds
[2025-05-07T20:18:46.821+0000] {processor.py:161} INFO - Started process (PID=5175) to work on /home/airflow/.local/lib/python3.8/site-packages/airflow/example_dags/example_short_circuit_operator.py
[2025-05-07T20:18:46.823+0000] {processor.py:830} INFO - Processing file /home/airflow/.local/lib/python3.8/site-packages/airflow/example_dags/example_short_circuit_operator.py for tasks to queue
[2025-05-07T20:18:46.828+0000] {logging_mixin.py:188} INFO - [2025-05-07T20:18:46.827+0000] {dagbag.py:538} INFO - Filling up the DagBag from /home/airflow/.local/lib/python3.8/site-packages/airflow/example_dags/example_short_circuit_operator.py
[2025-05-07T20:18:46.844+0000] {processor.py:840} INFO - DAG(s) 'example_short_circuit_operator' retrieved from /home/airflow/.local/lib/python3.8/site-packages/airflow/example_dags/example_short_circuit_operator.py
[2025-05-07T20:18:46.887+0000] {logging_mixin.py:188} INFO - [2025-05-07T20:18:46.887+0000] {dag.py:3036} INFO - Sync 1 DAGs
[2025-05-07T20:18:46.919+0000] {logging_mixin.py:188} INFO - [2025-05-07T20:18:46.918+0000] {dag.py:3823} INFO - Setting next_dagrun for example_short_circuit_operator to 2025-05-06 00:00:00+00:00, run_after=2025-05-07 00:00:00+00:00
[2025-05-07T20:18:46.956+0000] {processor.py:183} INFO - Processing /home/airflow/.local/lib/python3.8/site-packages/airflow/example_dags/example_short_circuit_operator.py took 0.141 seconds
