[2025-05-07T19:05:13.416+0000] {processor.py:161} INFO - Started process (PID=59) to work on /home/airflow/.local/lib/python3.8/site-packages/airflow/example_dags/example_task_group_decorator.py
[2025-05-07T19:05:13.418+0000] {processor.py:830} INFO - Processing file /home/airflow/.local/lib/python3.8/site-packages/airflow/example_dags/example_task_group_decorator.py for tasks to queue
[2025-05-07T19:05:13.421+0000] {logging_mixin.py:188} INFO - [2025-05-07T19:05:13.421+0000] {dagbag.py:538} INFO - Filling up the DagBag from /home/airflow/.local/lib/python3.8/site-packages/airflow/example_dags/example_task_group_decorator.py
[2025-05-07T19:05:13.449+0000] {processor.py:840} INFO - DAG(s) 'example_task_group_decorator' retrieved from /home/airflow/.local/lib/python3.8/site-packages/airflow/example_dags/example_task_group_decorator.py
[2025-05-07T19:05:13.484+0000] {logging_mixin.py:188} INFO - [2025-05-07T19:05:13.484+0000] {dag.py:3036} INFO - Sync 1 DAGs
[2025-05-07T19:05:13.511+0000] {logging_mixin.py:188} INFO - [2025-05-07T19:05:13.511+0000] {dag.py:3823} INFO - Setting next_dagrun for example_task_group_decorator to 2025-05-06 00:00:00+00:00, run_after=2025-05-07 00:00:00+00:00
[2025-05-07T19:05:13.554+0000] {processor.py:183} INFO - Processing /home/airflow/.local/lib/python3.8/site-packages/airflow/example_dags/example_task_group_decorator.py took 0.143 seconds
[2025-05-07T19:05:43.614+0000] {processor.py:161} INFO - Started process (PID=114) to work on /home/airflow/.local/lib/python3.8/site-packages/airflow/example_dags/example_task_group_decorator.py
[2025-05-07T19:05:43.616+0000] {processor.py:830} INFO - Processing file /home/airflow/.local/lib/python3.8/site-packages/airflow/example_dags/example_task_group_decorator.py for tasks to queue
[2025-05-07T19:05:43.619+0000] {logging_mixin.py:188} INFO - [2025-05-07T19:05:43.618+0000] {dagbag.py:538} INFO - Filling up the DagBag from /home/airflow/.local/lib/python3.8/site-packages/airflow/example_dags/example_task_group_decorator.py
[2025-05-07T19:05:43.639+0000] {processor.py:840} INFO - DAG(s) 'example_task_group_decorator' retrieved from /home/airflow/.local/lib/python3.8/site-packages/airflow/example_dags/example_task_group_decorator.py
[2025-05-07T19:05:43.816+0000] {logging_mixin.py:188} INFO - [2025-05-07T19:05:43.816+0000] {dag.py:3036} INFO - Sync 1 DAGs
[2025-05-07T19:05:43.838+0000] {logging_mixin.py:188} INFO - [2025-05-07T19:05:43.837+0000] {dag.py:3823} INFO - Setting next_dagrun for example_task_group_decorator to 2025-05-06 00:00:00+00:00, run_after=2025-05-07 00:00:00+00:00
[2025-05-07T19:05:43.859+0000] {processor.py:183} INFO - Processing /home/airflow/.local/lib/python3.8/site-packages/airflow/example_dags/example_task_group_decorator.py took 0.250 seconds
[2025-05-07T19:06:14.158+0000] {processor.py:161} INFO - Started process (PID=169) to work on /home/airflow/.local/lib/python3.8/site-packages/airflow/example_dags/example_task_group_decorator.py
[2025-05-07T19:06:14.160+0000] {processor.py:830} INFO - Processing file /home/airflow/.local/lib/python3.8/site-packages/airflow/example_dags/example_task_group_decorator.py for tasks to queue
[2025-05-07T19:06:14.164+0000] {logging_mixin.py:188} INFO - [2025-05-07T19:06:14.163+0000] {dagbag.py:538} INFO - Filling up the DagBag from /home/airflow/.local/lib/python3.8/site-packages/airflow/example_dags/example_task_group_decorator.py
[2025-05-07T19:06:14.179+0000] {processor.py:840} INFO - DAG(s) 'example_task_group_decorator' retrieved from /home/airflow/.local/lib/python3.8/site-packages/airflow/example_dags/example_task_group_decorator.py
[2025-05-07T19:06:14.229+0000] {logging_mixin.py:188} INFO - [2025-05-07T19:06:14.229+0000] {dag.py:3036} INFO - Sync 1 DAGs
[2025-05-07T19:06:14.282+0000] {logging_mixin.py:188} INFO - [2025-05-07T19:06:14.282+0000] {dag.py:3823} INFO - Setting next_dagrun for example_task_group_decorator to 2025-05-06 00:00:00+00:00, run_after=2025-05-07 00:00:00+00:00
[2025-05-07T19:06:14.323+0000] {processor.py:183} INFO - Processing /home/airflow/.local/lib/python3.8/site-packages/airflow/example_dags/example_task_group_decorator.py took 0.169 seconds
[2025-05-07T19:06:44.761+0000] {processor.py:161} INFO - Started process (PID=230) to work on /home/airflow/.local/lib/python3.8/site-packages/airflow/example_dags/example_task_group_decorator.py
[2025-05-07T19:06:44.764+0000] {processor.py:830} INFO - Processing file /home/airflow/.local/lib/python3.8/site-packages/airflow/example_dags/example_task_group_decorator.py for tasks to queue
[2025-05-07T19:06:44.769+0000] {logging_mixin.py:188} INFO - [2025-05-07T19:06:44.769+0000] {dagbag.py:538} INFO - Filling up the DagBag from /home/airflow/.local/lib/python3.8/site-packages/airflow/example_dags/example_task_group_decorator.py
[2025-05-07T19:06:44.784+0000] {processor.py:840} INFO - DAG(s) 'example_task_group_decorator' retrieved from /home/airflow/.local/lib/python3.8/site-packages/airflow/example_dags/example_task_group_decorator.py
[2025-05-07T19:06:44.815+0000] {logging_mixin.py:188} INFO - [2025-05-07T19:06:44.815+0000] {dag.py:3036} INFO - Sync 1 DAGs
[2025-05-07T19:06:44.841+0000] {logging_mixin.py:188} INFO - [2025-05-07T19:06:44.841+0000] {dag.py:3823} INFO - Setting next_dagrun for example_task_group_decorator to 2025-05-06 00:00:00+00:00, run_after=2025-05-07 00:00:00+00:00
[2025-05-07T19:06:44.865+0000] {processor.py:183} INFO - Processing /home/airflow/.local/lib/python3.8/site-packages/airflow/example_dags/example_task_group_decorator.py took 0.108 seconds
[2025-05-07T19:07:15.271+0000] {processor.py:161} INFO - Started process (PID=285) to work on /home/airflow/.local/lib/python3.8/site-packages/airflow/example_dags/example_task_group_decorator.py
[2025-05-07T19:07:15.273+0000] {processor.py:830} INFO - Processing file /home/airflow/.local/lib/python3.8/site-packages/airflow/example_dags/example_task_group_decorator.py for tasks to queue
[2025-05-07T19:07:15.275+0000] {logging_mixin.py:188} INFO - [2025-05-07T19:07:15.275+0000] {dagbag.py:538} INFO - Filling up the DagBag from /home/airflow/.local/lib/python3.8/site-packages/airflow/example_dags/example_task_group_decorator.py
[2025-05-07T19:07:15.290+0000] {processor.py:840} INFO - DAG(s) 'example_task_group_decorator' retrieved from /home/airflow/.local/lib/python3.8/site-packages/airflow/example_dags/example_task_group_decorator.py
[2025-05-07T19:07:15.316+0000] {logging_mixin.py:188} INFO - [2025-05-07T19:07:15.315+0000] {dag.py:3036} INFO - Sync 1 DAGs
[2025-05-07T19:07:15.339+0000] {logging_mixin.py:188} INFO - [2025-05-07T19:07:15.339+0000] {dag.py:3823} INFO - Setting next_dagrun for example_task_group_decorator to 2025-05-06 00:00:00+00:00, run_after=2025-05-07 00:00:00+00:00
[2025-05-07T19:07:15.360+0000] {processor.py:183} INFO - Processing /home/airflow/.local/lib/python3.8/site-packages/airflow/example_dags/example_task_group_decorator.py took 0.094 seconds
[2025-05-07T19:07:45.712+0000] {processor.py:161} INFO - Started process (PID=340) to work on /home/airflow/.local/lib/python3.8/site-packages/airflow/example_dags/example_task_group_decorator.py
[2025-05-07T19:07:45.717+0000] {processor.py:830} INFO - Processing file /home/airflow/.local/lib/python3.8/site-packages/airflow/example_dags/example_task_group_decorator.py for tasks to queue
[2025-05-07T19:07:45.721+0000] {logging_mixin.py:188} INFO - [2025-05-07T19:07:45.721+0000] {dagbag.py:538} INFO - Filling up the DagBag from /home/airflow/.local/lib/python3.8/site-packages/airflow/example_dags/example_task_group_decorator.py
[2025-05-07T19:07:45.744+0000] {processor.py:840} INFO - DAG(s) 'example_task_group_decorator' retrieved from /home/airflow/.local/lib/python3.8/site-packages/airflow/example_dags/example_task_group_decorator.py
[2025-05-07T19:07:45.775+0000] {logging_mixin.py:188} INFO - [2025-05-07T19:07:45.775+0000] {dag.py:3036} INFO - Sync 1 DAGs
[2025-05-07T19:07:45.800+0000] {logging_mixin.py:188} INFO - [2025-05-07T19:07:45.799+0000] {dag.py:3823} INFO - Setting next_dagrun for example_task_group_decorator to 2025-05-06 00:00:00+00:00, run_after=2025-05-07 00:00:00+00:00
[2025-05-07T19:07:45.834+0000] {processor.py:183} INFO - Processing /home/airflow/.local/lib/python3.8/site-packages/airflow/example_dags/example_task_group_decorator.py took 0.128 seconds
[2025-05-07T19:08:16.035+0000] {processor.py:161} INFO - Started process (PID=395) to work on /home/airflow/.local/lib/python3.8/site-packages/airflow/example_dags/example_task_group_decorator.py
[2025-05-07T19:08:16.038+0000] {processor.py:830} INFO - Processing file /home/airflow/.local/lib/python3.8/site-packages/airflow/example_dags/example_task_group_decorator.py for tasks to queue
[2025-05-07T19:08:16.044+0000] {logging_mixin.py:188} INFO - [2025-05-07T19:08:16.044+0000] {dagbag.py:538} INFO - Filling up the DagBag from /home/airflow/.local/lib/python3.8/site-packages/airflow/example_dags/example_task_group_decorator.py
[2025-05-07T19:08:16.069+0000] {processor.py:840} INFO - DAG(s) 'example_task_group_decorator' retrieved from /home/airflow/.local/lib/python3.8/site-packages/airflow/example_dags/example_task_group_decorator.py
[2025-05-07T19:08:16.092+0000] {logging_mixin.py:188} INFO - [2025-05-07T19:08:16.092+0000] {dag.py:3036} INFO - Sync 1 DAGs
[2025-05-07T19:08:16.114+0000] {logging_mixin.py:188} INFO - [2025-05-07T19:08:16.113+0000] {dag.py:3823} INFO - Setting next_dagrun for example_task_group_decorator to 2025-05-06 00:00:00+00:00, run_after=2025-05-07 00:00:00+00:00
[2025-05-07T19:08:16.150+0000] {processor.py:183} INFO - Processing /home/airflow/.local/lib/python3.8/site-packages/airflow/example_dags/example_task_group_decorator.py took 0.122 seconds
[2025-05-07T19:08:46.635+0000] {processor.py:161} INFO - Started process (PID=450) to work on /home/airflow/.local/lib/python3.8/site-packages/airflow/example_dags/example_task_group_decorator.py
[2025-05-07T19:08:46.638+0000] {processor.py:830} INFO - Processing file /home/airflow/.local/lib/python3.8/site-packages/airflow/example_dags/example_task_group_decorator.py for tasks to queue
[2025-05-07T19:08:46.643+0000] {logging_mixin.py:188} INFO - [2025-05-07T19:08:46.643+0000] {dagbag.py:538} INFO - Filling up the DagBag from /home/airflow/.local/lib/python3.8/site-packages/airflow/example_dags/example_task_group_decorator.py
[2025-05-07T19:08:46.664+0000] {processor.py:840} INFO - DAG(s) 'example_task_group_decorator' retrieved from /home/airflow/.local/lib/python3.8/site-packages/airflow/example_dags/example_task_group_decorator.py
[2025-05-07T19:08:46.695+0000] {logging_mixin.py:188} INFO - [2025-05-07T19:08:46.695+0000] {dag.py:3036} INFO - Sync 1 DAGs
[2025-05-07T19:08:46.716+0000] {logging_mixin.py:188} INFO - [2025-05-07T19:08:46.716+0000] {dag.py:3823} INFO - Setting next_dagrun for example_task_group_decorator to 2025-05-06 00:00:00+00:00, run_after=2025-05-07 00:00:00+00:00
[2025-05-07T19:08:46.739+0000] {processor.py:183} INFO - Processing /home/airflow/.local/lib/python3.8/site-packages/airflow/example_dags/example_task_group_decorator.py took 0.110 seconds
[2025-05-07T19:09:16.979+0000] {processor.py:161} INFO - Started process (PID=505) to work on /home/airflow/.local/lib/python3.8/site-packages/airflow/example_dags/example_task_group_decorator.py
[2025-05-07T19:09:16.980+0000] {processor.py:830} INFO - Processing file /home/airflow/.local/lib/python3.8/site-packages/airflow/example_dags/example_task_group_decorator.py for tasks to queue
[2025-05-07T19:09:16.984+0000] {logging_mixin.py:188} INFO - [2025-05-07T19:09:16.984+0000] {dagbag.py:538} INFO - Filling up the DagBag from /home/airflow/.local/lib/python3.8/site-packages/airflow/example_dags/example_task_group_decorator.py
[2025-05-07T19:09:16.997+0000] {processor.py:840} INFO - DAG(s) 'example_task_group_decorator' retrieved from /home/airflow/.local/lib/python3.8/site-packages/airflow/example_dags/example_task_group_decorator.py
[2025-05-07T19:09:17.022+0000] {logging_mixin.py:188} INFO - [2025-05-07T19:09:17.022+0000] {dag.py:3036} INFO - Sync 1 DAGs
[2025-05-07T19:09:17.042+0000] {logging_mixin.py:188} INFO - [2025-05-07T19:09:17.042+0000] {dag.py:3823} INFO - Setting next_dagrun for example_task_group_decorator to 2025-05-06 00:00:00+00:00, run_after=2025-05-07 00:00:00+00:00
[2025-05-07T19:09:17.095+0000] {processor.py:183} INFO - Processing /home/airflow/.local/lib/python3.8/site-packages/airflow/example_dags/example_task_group_decorator.py took 0.119 seconds
[2025-05-07T19:09:47.223+0000] {processor.py:161} INFO - Started process (PID=560) to work on /home/airflow/.local/lib/python3.8/site-packages/airflow/example_dags/example_task_group_decorator.py
[2025-05-07T19:09:47.225+0000] {processor.py:830} INFO - Processing file /home/airflow/.local/lib/python3.8/site-packages/airflow/example_dags/example_task_group_decorator.py for tasks to queue
[2025-05-07T19:09:47.228+0000] {logging_mixin.py:188} INFO - [2025-05-07T19:09:47.227+0000] {dagbag.py:538} INFO - Filling up the DagBag from /home/airflow/.local/lib/python3.8/site-packages/airflow/example_dags/example_task_group_decorator.py
[2025-05-07T19:09:47.246+0000] {processor.py:840} INFO - DAG(s) 'example_task_group_decorator' retrieved from /home/airflow/.local/lib/python3.8/site-packages/airflow/example_dags/example_task_group_decorator.py
[2025-05-07T19:09:47.273+0000] {logging_mixin.py:188} INFO - [2025-05-07T19:09:47.273+0000] {dag.py:3036} INFO - Sync 1 DAGs
[2025-05-07T19:09:47.296+0000] {logging_mixin.py:188} INFO - [2025-05-07T19:09:47.295+0000] {dag.py:3823} INFO - Setting next_dagrun for example_task_group_decorator to 2025-05-06 00:00:00+00:00, run_after=2025-05-07 00:00:00+00:00
[2025-05-07T19:09:47.317+0000] {processor.py:183} INFO - Processing /home/airflow/.local/lib/python3.8/site-packages/airflow/example_dags/example_task_group_decorator.py took 0.100 seconds
[2025-05-07T19:10:17.406+0000] {processor.py:161} INFO - Started process (PID=617) to work on /home/airflow/.local/lib/python3.8/site-packages/airflow/example_dags/example_task_group_decorator.py
[2025-05-07T19:10:17.408+0000] {processor.py:830} INFO - Processing file /home/airflow/.local/lib/python3.8/site-packages/airflow/example_dags/example_task_group_decorator.py for tasks to queue
[2025-05-07T19:10:17.411+0000] {logging_mixin.py:188} INFO - [2025-05-07T19:10:17.410+0000] {dagbag.py:538} INFO - Filling up the DagBag from /home/airflow/.local/lib/python3.8/site-packages/airflow/example_dags/example_task_group_decorator.py
[2025-05-07T19:10:17.429+0000] {processor.py:840} INFO - DAG(s) 'example_task_group_decorator' retrieved from /home/airflow/.local/lib/python3.8/site-packages/airflow/example_dags/example_task_group_decorator.py
[2025-05-07T19:10:17.456+0000] {logging_mixin.py:188} INFO - [2025-05-07T19:10:17.456+0000] {dag.py:3036} INFO - Sync 1 DAGs
[2025-05-07T19:10:17.479+0000] {logging_mixin.py:188} INFO - [2025-05-07T19:10:17.479+0000] {dag.py:3823} INFO - Setting next_dagrun for example_task_group_decorator to 2025-05-06 00:00:00+00:00, run_after=2025-05-07 00:00:00+00:00
[2025-05-07T19:10:17.502+0000] {processor.py:183} INFO - Processing /home/airflow/.local/lib/python3.8/site-packages/airflow/example_dags/example_task_group_decorator.py took 0.100 seconds
[2025-05-07T19:10:47.972+0000] {processor.py:161} INFO - Started process (PID=673) to work on /home/airflow/.local/lib/python3.8/site-packages/airflow/example_dags/example_task_group_decorator.py
[2025-05-07T19:10:47.975+0000] {processor.py:830} INFO - Processing file /home/airflow/.local/lib/python3.8/site-packages/airflow/example_dags/example_task_group_decorator.py for tasks to queue
[2025-05-07T19:10:47.980+0000] {logging_mixin.py:188} INFO - [2025-05-07T19:10:47.979+0000] {dagbag.py:538} INFO - Filling up the DagBag from /home/airflow/.local/lib/python3.8/site-packages/airflow/example_dags/example_task_group_decorator.py
[2025-05-07T19:10:48.007+0000] {processor.py:840} INFO - DAG(s) 'example_task_group_decorator' retrieved from /home/airflow/.local/lib/python3.8/site-packages/airflow/example_dags/example_task_group_decorator.py
[2025-05-07T19:10:48.042+0000] {logging_mixin.py:188} INFO - [2025-05-07T19:10:48.042+0000] {dag.py:3036} INFO - Sync 1 DAGs
[2025-05-07T19:10:48.063+0000] {logging_mixin.py:188} INFO - [2025-05-07T19:10:48.063+0000] {dag.py:3823} INFO - Setting next_dagrun for example_task_group_decorator to 2025-05-06 00:00:00+00:00, run_after=2025-05-07 00:00:00+00:00
[2025-05-07T19:10:48.087+0000] {processor.py:183} INFO - Processing /home/airflow/.local/lib/python3.8/site-packages/airflow/example_dags/example_task_group_decorator.py took 0.121 seconds
[2025-05-07T19:11:18.425+0000] {processor.py:161} INFO - Started process (PID=731) to work on /home/airflow/.local/lib/python3.8/site-packages/airflow/example_dags/example_task_group_decorator.py
[2025-05-07T19:11:18.427+0000] {processor.py:830} INFO - Processing file /home/airflow/.local/lib/python3.8/site-packages/airflow/example_dags/example_task_group_decorator.py for tasks to queue
[2025-05-07T19:11:18.429+0000] {logging_mixin.py:188} INFO - [2025-05-07T19:11:18.429+0000] {dagbag.py:538} INFO - Filling up the DagBag from /home/airflow/.local/lib/python3.8/site-packages/airflow/example_dags/example_task_group_decorator.py
[2025-05-07T19:11:18.443+0000] {processor.py:840} INFO - DAG(s) 'example_task_group_decorator' retrieved from /home/airflow/.local/lib/python3.8/site-packages/airflow/example_dags/example_task_group_decorator.py
[2025-05-07T19:11:18.467+0000] {logging_mixin.py:188} INFO - [2025-05-07T19:11:18.467+0000] {dag.py:3036} INFO - Sync 1 DAGs
[2025-05-07T19:11:18.489+0000] {logging_mixin.py:188} INFO - [2025-05-07T19:11:18.488+0000] {dag.py:3823} INFO - Setting next_dagrun for example_task_group_decorator to 2025-05-06 00:00:00+00:00, run_after=2025-05-07 00:00:00+00:00
[2025-05-07T19:11:18.514+0000] {processor.py:183} INFO - Processing /home/airflow/.local/lib/python3.8/site-packages/airflow/example_dags/example_task_group_decorator.py took 0.093 seconds
[2025-05-07T19:11:49.176+0000] {processor.py:161} INFO - Started process (PID=793) to work on /home/airflow/.local/lib/python3.8/site-packages/airflow/example_dags/example_task_group_decorator.py
[2025-05-07T19:11:49.179+0000] {processor.py:830} INFO - Processing file /home/airflow/.local/lib/python3.8/site-packages/airflow/example_dags/example_task_group_decorator.py for tasks to queue
[2025-05-07T19:11:49.185+0000] {logging_mixin.py:188} INFO - [2025-05-07T19:11:49.184+0000] {dagbag.py:538} INFO - Filling up the DagBag from /home/airflow/.local/lib/python3.8/site-packages/airflow/example_dags/example_task_group_decorator.py
[2025-05-07T19:11:49.202+0000] {processor.py:840} INFO - DAG(s) 'example_task_group_decorator' retrieved from /home/airflow/.local/lib/python3.8/site-packages/airflow/example_dags/example_task_group_decorator.py
[2025-05-07T19:11:49.225+0000] {logging_mixin.py:188} INFO - [2025-05-07T19:11:49.225+0000] {dag.py:3036} INFO - Sync 1 DAGs
[2025-05-07T19:11:49.248+0000] {logging_mixin.py:188} INFO - [2025-05-07T19:11:49.248+0000] {dag.py:3823} INFO - Setting next_dagrun for example_task_group_decorator to 2025-05-06 00:00:00+00:00, run_after=2025-05-07 00:00:00+00:00
[2025-05-07T19:11:49.268+0000] {processor.py:183} INFO - Processing /home/airflow/.local/lib/python3.8/site-packages/airflow/example_dags/example_task_group_decorator.py took 0.097 seconds
[2025-05-07T19:12:19.542+0000] {processor.py:161} INFO - Started process (PID=849) to work on /home/airflow/.local/lib/python3.8/site-packages/airflow/example_dags/example_task_group_decorator.py
[2025-05-07T19:12:19.544+0000] {processor.py:830} INFO - Processing file /home/airflow/.local/lib/python3.8/site-packages/airflow/example_dags/example_task_group_decorator.py for tasks to queue
[2025-05-07T19:12:19.546+0000] {logging_mixin.py:188} INFO - [2025-05-07T19:12:19.546+0000] {dagbag.py:538} INFO - Filling up the DagBag from /home/airflow/.local/lib/python3.8/site-packages/airflow/example_dags/example_task_group_decorator.py
[2025-05-07T19:12:19.563+0000] {processor.py:840} INFO - DAG(s) 'example_task_group_decorator' retrieved from /home/airflow/.local/lib/python3.8/site-packages/airflow/example_dags/example_task_group_decorator.py
[2025-05-07T19:12:19.591+0000] {logging_mixin.py:188} INFO - [2025-05-07T19:12:19.591+0000] {dag.py:3036} INFO - Sync 1 DAGs
[2025-05-07T19:12:19.616+0000] {logging_mixin.py:188} INFO - [2025-05-07T19:12:19.615+0000] {dag.py:3823} INFO - Setting next_dagrun for example_task_group_decorator to 2025-05-06 00:00:00+00:00, run_after=2025-05-07 00:00:00+00:00
[2025-05-07T19:12:19.637+0000] {processor.py:183} INFO - Processing /home/airflow/.local/lib/python3.8/site-packages/airflow/example_dags/example_task_group_decorator.py took 0.098 seconds
[2025-05-07T19:12:50.103+0000] {processor.py:161} INFO - Started process (PID=905) to work on /home/airflow/.local/lib/python3.8/site-packages/airflow/example_dags/example_task_group_decorator.py
[2025-05-07T19:12:50.106+0000] {processor.py:830} INFO - Processing file /home/airflow/.local/lib/python3.8/site-packages/airflow/example_dags/example_task_group_decorator.py for tasks to queue
[2025-05-07T19:12:50.109+0000] {logging_mixin.py:188} INFO - [2025-05-07T19:12:50.109+0000] {dagbag.py:538} INFO - Filling up the DagBag from /home/airflow/.local/lib/python3.8/site-packages/airflow/example_dags/example_task_group_decorator.py
[2025-05-07T19:12:50.127+0000] {processor.py:840} INFO - DAG(s) 'example_task_group_decorator' retrieved from /home/airflow/.local/lib/python3.8/site-packages/airflow/example_dags/example_task_group_decorator.py
[2025-05-07T19:12:50.160+0000] {logging_mixin.py:188} INFO - [2025-05-07T19:12:50.160+0000] {dag.py:3036} INFO - Sync 1 DAGs
[2025-05-07T19:12:50.185+0000] {logging_mixin.py:188} INFO - [2025-05-07T19:12:50.185+0000] {dag.py:3823} INFO - Setting next_dagrun for example_task_group_decorator to 2025-05-06 00:00:00+00:00, run_after=2025-05-07 00:00:00+00:00
[2025-05-07T19:12:50.210+0000] {processor.py:183} INFO - Processing /home/airflow/.local/lib/python3.8/site-packages/airflow/example_dags/example_task_group_decorator.py took 0.112 seconds
[2025-05-07T19:13:20.529+0000] {processor.py:161} INFO - Started process (PID=961) to work on /home/airflow/.local/lib/python3.8/site-packages/airflow/example_dags/example_task_group_decorator.py
[2025-05-07T19:13:20.531+0000] {processor.py:830} INFO - Processing file /home/airflow/.local/lib/python3.8/site-packages/airflow/example_dags/example_task_group_decorator.py for tasks to queue
[2025-05-07T19:13:20.534+0000] {logging_mixin.py:188} INFO - [2025-05-07T19:13:20.533+0000] {dagbag.py:538} INFO - Filling up the DagBag from /home/airflow/.local/lib/python3.8/site-packages/airflow/example_dags/example_task_group_decorator.py
[2025-05-07T19:13:20.549+0000] {processor.py:840} INFO - DAG(s) 'example_task_group_decorator' retrieved from /home/airflow/.local/lib/python3.8/site-packages/airflow/example_dags/example_task_group_decorator.py
[2025-05-07T19:13:20.574+0000] {logging_mixin.py:188} INFO - [2025-05-07T19:13:20.573+0000] {dag.py:3036} INFO - Sync 1 DAGs
[2025-05-07T19:13:20.594+0000] {logging_mixin.py:188} INFO - [2025-05-07T19:13:20.593+0000] {dag.py:3823} INFO - Setting next_dagrun for example_task_group_decorator to 2025-05-06 00:00:00+00:00, run_after=2025-05-07 00:00:00+00:00
[2025-05-07T19:13:20.615+0000] {processor.py:183} INFO - Processing /home/airflow/.local/lib/python3.8/site-packages/airflow/example_dags/example_task_group_decorator.py took 0.093 seconds
[2025-05-07T19:13:50.924+0000] {processor.py:161} INFO - Started process (PID=1017) to work on /home/airflow/.local/lib/python3.8/site-packages/airflow/example_dags/example_task_group_decorator.py
[2025-05-07T19:13:50.926+0000] {processor.py:830} INFO - Processing file /home/airflow/.local/lib/python3.8/site-packages/airflow/example_dags/example_task_group_decorator.py for tasks to queue
[2025-05-07T19:13:50.929+0000] {logging_mixin.py:188} INFO - [2025-05-07T19:13:50.929+0000] {dagbag.py:538} INFO - Filling up the DagBag from /home/airflow/.local/lib/python3.8/site-packages/airflow/example_dags/example_task_group_decorator.py
[2025-05-07T19:13:50.944+0000] {processor.py:840} INFO - DAG(s) 'example_task_group_decorator' retrieved from /home/airflow/.local/lib/python3.8/site-packages/airflow/example_dags/example_task_group_decorator.py
[2025-05-07T19:13:50.970+0000] {logging_mixin.py:188} INFO - [2025-05-07T19:13:50.969+0000] {dag.py:3036} INFO - Sync 1 DAGs
[2025-05-07T19:13:50.992+0000] {logging_mixin.py:188} INFO - [2025-05-07T19:13:50.992+0000] {dag.py:3823} INFO - Setting next_dagrun for example_task_group_decorator to 2025-05-06 00:00:00+00:00, run_after=2025-05-07 00:00:00+00:00
[2025-05-07T19:13:51.014+0000] {processor.py:183} INFO - Processing /home/airflow/.local/lib/python3.8/site-packages/airflow/example_dags/example_task_group_decorator.py took 0.095 seconds
[2025-05-07T19:14:21.214+0000] {processor.py:161} INFO - Started process (PID=1073) to work on /home/airflow/.local/lib/python3.8/site-packages/airflow/example_dags/example_task_group_decorator.py
[2025-05-07T19:14:21.217+0000] {processor.py:830} INFO - Processing file /home/airflow/.local/lib/python3.8/site-packages/airflow/example_dags/example_task_group_decorator.py for tasks to queue
[2025-05-07T19:14:21.221+0000] {logging_mixin.py:188} INFO - [2025-05-07T19:14:21.221+0000] {dagbag.py:538} INFO - Filling up the DagBag from /home/airflow/.local/lib/python3.8/site-packages/airflow/example_dags/example_task_group_decorator.py
[2025-05-07T19:14:21.239+0000] {processor.py:840} INFO - DAG(s) 'example_task_group_decorator' retrieved from /home/airflow/.local/lib/python3.8/site-packages/airflow/example_dags/example_task_group_decorator.py
[2025-05-07T19:14:21.273+0000] {logging_mixin.py:188} INFO - [2025-05-07T19:14:21.272+0000] {dag.py:3036} INFO - Sync 1 DAGs
[2025-05-07T19:14:21.299+0000] {logging_mixin.py:188} INFO - [2025-05-07T19:14:21.299+0000] {dag.py:3823} INFO - Setting next_dagrun for example_task_group_decorator to 2025-05-06 00:00:00+00:00, run_after=2025-05-07 00:00:00+00:00
[2025-05-07T19:14:21.322+0000] {processor.py:183} INFO - Processing /home/airflow/.local/lib/python3.8/site-packages/airflow/example_dags/example_task_group_decorator.py took 0.114 seconds
[2025-05-07T19:14:51.435+0000] {processor.py:161} INFO - Started process (PID=1129) to work on /home/airflow/.local/lib/python3.8/site-packages/airflow/example_dags/example_task_group_decorator.py
[2025-05-07T19:14:51.437+0000] {processor.py:830} INFO - Processing file /home/airflow/.local/lib/python3.8/site-packages/airflow/example_dags/example_task_group_decorator.py for tasks to queue
[2025-05-07T19:14:51.441+0000] {logging_mixin.py:188} INFO - [2025-05-07T19:14:51.441+0000] {dagbag.py:538} INFO - Filling up the DagBag from /home/airflow/.local/lib/python3.8/site-packages/airflow/example_dags/example_task_group_decorator.py
[2025-05-07T19:14:51.463+0000] {processor.py:840} INFO - DAG(s) 'example_task_group_decorator' retrieved from /home/airflow/.local/lib/python3.8/site-packages/airflow/example_dags/example_task_group_decorator.py
[2025-05-07T19:14:51.489+0000] {logging_mixin.py:188} INFO - [2025-05-07T19:14:51.489+0000] {dag.py:3036} INFO - Sync 1 DAGs
[2025-05-07T19:14:51.510+0000] {logging_mixin.py:188} INFO - [2025-05-07T19:14:51.510+0000] {dag.py:3823} INFO - Setting next_dagrun for example_task_group_decorator to 2025-05-06 00:00:00+00:00, run_after=2025-05-07 00:00:00+00:00
[2025-05-07T19:14:51.540+0000] {processor.py:183} INFO - Processing /home/airflow/.local/lib/python3.8/site-packages/airflow/example_dags/example_task_group_decorator.py took 0.113 seconds
[2025-05-07T19:15:22.177+0000] {processor.py:161} INFO - Started process (PID=1185) to work on /home/airflow/.local/lib/python3.8/site-packages/airflow/example_dags/example_task_group_decorator.py
[2025-05-07T19:15:22.179+0000] {processor.py:830} INFO - Processing file /home/airflow/.local/lib/python3.8/site-packages/airflow/example_dags/example_task_group_decorator.py for tasks to queue
[2025-05-07T19:15:22.182+0000] {logging_mixin.py:188} INFO - [2025-05-07T19:15:22.181+0000] {dagbag.py:538} INFO - Filling up the DagBag from /home/airflow/.local/lib/python3.8/site-packages/airflow/example_dags/example_task_group_decorator.py
[2025-05-07T19:15:22.198+0000] {processor.py:840} INFO - DAG(s) 'example_task_group_decorator' retrieved from /home/airflow/.local/lib/python3.8/site-packages/airflow/example_dags/example_task_group_decorator.py
[2025-05-07T19:15:22.225+0000] {logging_mixin.py:188} INFO - [2025-05-07T19:15:22.224+0000] {dag.py:3036} INFO - Sync 1 DAGs
[2025-05-07T19:15:22.247+0000] {logging_mixin.py:188} INFO - [2025-05-07T19:15:22.246+0000] {dag.py:3823} INFO - Setting next_dagrun for example_task_group_decorator to 2025-05-06 00:00:00+00:00, run_after=2025-05-07 00:00:00+00:00
[2025-05-07T19:15:22.269+0000] {processor.py:183} INFO - Processing /home/airflow/.local/lib/python3.8/site-packages/airflow/example_dags/example_task_group_decorator.py took 0.096 seconds
[2025-05-07T19:15:52.464+0000] {processor.py:161} INFO - Started process (PID=1241) to work on /home/airflow/.local/lib/python3.8/site-packages/airflow/example_dags/example_task_group_decorator.py
[2025-05-07T19:15:52.465+0000] {processor.py:830} INFO - Processing file /home/airflow/.local/lib/python3.8/site-packages/airflow/example_dags/example_task_group_decorator.py for tasks to queue
[2025-05-07T19:15:52.468+0000] {logging_mixin.py:188} INFO - [2025-05-07T19:15:52.467+0000] {dagbag.py:538} INFO - Filling up the DagBag from /home/airflow/.local/lib/python3.8/site-packages/airflow/example_dags/example_task_group_decorator.py
[2025-05-07T19:15:52.481+0000] {processor.py:840} INFO - DAG(s) 'example_task_group_decorator' retrieved from /home/airflow/.local/lib/python3.8/site-packages/airflow/example_dags/example_task_group_decorator.py
[2025-05-07T19:15:52.505+0000] {logging_mixin.py:188} INFO - [2025-05-07T19:15:52.505+0000] {dag.py:3036} INFO - Sync 1 DAGs
[2025-05-07T19:15:52.526+0000] {logging_mixin.py:188} INFO - [2025-05-07T19:15:52.526+0000] {dag.py:3823} INFO - Setting next_dagrun for example_task_group_decorator to 2025-05-06 00:00:00+00:00, run_after=2025-05-07 00:00:00+00:00
[2025-05-07T19:15:52.545+0000] {processor.py:183} INFO - Processing /home/airflow/.local/lib/python3.8/site-packages/airflow/example_dags/example_task_group_decorator.py took 0.086 seconds
[2025-05-07T19:16:22.714+0000] {processor.py:161} INFO - Started process (PID=1297) to work on /home/airflow/.local/lib/python3.8/site-packages/airflow/example_dags/example_task_group_decorator.py
[2025-05-07T19:16:22.715+0000] {processor.py:830} INFO - Processing file /home/airflow/.local/lib/python3.8/site-packages/airflow/example_dags/example_task_group_decorator.py for tasks to queue
[2025-05-07T19:16:22.717+0000] {logging_mixin.py:188} INFO - [2025-05-07T19:16:22.717+0000] {dagbag.py:538} INFO - Filling up the DagBag from /home/airflow/.local/lib/python3.8/site-packages/airflow/example_dags/example_task_group_decorator.py
[2025-05-07T19:16:22.730+0000] {processor.py:840} INFO - DAG(s) 'example_task_group_decorator' retrieved from /home/airflow/.local/lib/python3.8/site-packages/airflow/example_dags/example_task_group_decorator.py
[2025-05-07T19:16:22.757+0000] {logging_mixin.py:188} INFO - [2025-05-07T19:16:22.757+0000] {dag.py:3036} INFO - Sync 1 DAGs
[2025-05-07T19:16:22.778+0000] {logging_mixin.py:188} INFO - [2025-05-07T19:16:22.778+0000] {dag.py:3823} INFO - Setting next_dagrun for example_task_group_decorator to 2025-05-06 00:00:00+00:00, run_after=2025-05-07 00:00:00+00:00
[2025-05-07T19:16:22.799+0000] {processor.py:183} INFO - Processing /home/airflow/.local/lib/python3.8/site-packages/airflow/example_dags/example_task_group_decorator.py took 0.088 seconds
[2025-05-07T19:16:53.052+0000] {processor.py:161} INFO - Started process (PID=1353) to work on /home/airflow/.local/lib/python3.8/site-packages/airflow/example_dags/example_task_group_decorator.py
[2025-05-07T19:16:53.054+0000] {processor.py:830} INFO - Processing file /home/airflow/.local/lib/python3.8/site-packages/airflow/example_dags/example_task_group_decorator.py for tasks to queue
[2025-05-07T19:16:53.057+0000] {logging_mixin.py:188} INFO - [2025-05-07T19:16:53.056+0000] {dagbag.py:538} INFO - Filling up the DagBag from /home/airflow/.local/lib/python3.8/site-packages/airflow/example_dags/example_task_group_decorator.py
[2025-05-07T19:16:53.070+0000] {processor.py:840} INFO - DAG(s) 'example_task_group_decorator' retrieved from /home/airflow/.local/lib/python3.8/site-packages/airflow/example_dags/example_task_group_decorator.py
[2025-05-07T19:16:53.093+0000] {logging_mixin.py:188} INFO - [2025-05-07T19:16:53.092+0000] {dag.py:3036} INFO - Sync 1 DAGs
[2025-05-07T19:16:53.112+0000] {logging_mixin.py:188} INFO - [2025-05-07T19:16:53.112+0000] {dag.py:3823} INFO - Setting next_dagrun for example_task_group_decorator to 2025-05-06 00:00:00+00:00, run_after=2025-05-07 00:00:00+00:00
[2025-05-07T19:16:53.133+0000] {processor.py:183} INFO - Processing /home/airflow/.local/lib/python3.8/site-packages/airflow/example_dags/example_task_group_decorator.py took 0.087 seconds
[2025-05-07T19:17:23.730+0000] {processor.py:161} INFO - Started process (PID=1409) to work on /home/airflow/.local/lib/python3.8/site-packages/airflow/example_dags/example_task_group_decorator.py
[2025-05-07T19:17:23.733+0000] {processor.py:830} INFO - Processing file /home/airflow/.local/lib/python3.8/site-packages/airflow/example_dags/example_task_group_decorator.py for tasks to queue
[2025-05-07T19:17:23.736+0000] {logging_mixin.py:188} INFO - [2025-05-07T19:17:23.736+0000] {dagbag.py:538} INFO - Filling up the DagBag from /home/airflow/.local/lib/python3.8/site-packages/airflow/example_dags/example_task_group_decorator.py
[2025-05-07T19:17:23.752+0000] {processor.py:840} INFO - DAG(s) 'example_task_group_decorator' retrieved from /home/airflow/.local/lib/python3.8/site-packages/airflow/example_dags/example_task_group_decorator.py
[2025-05-07T19:17:23.775+0000] {logging_mixin.py:188} INFO - [2025-05-07T19:17:23.774+0000] {dag.py:3036} INFO - Sync 1 DAGs
[2025-05-07T19:17:23.795+0000] {logging_mixin.py:188} INFO - [2025-05-07T19:17:23.795+0000] {dag.py:3823} INFO - Setting next_dagrun for example_task_group_decorator to 2025-05-06 00:00:00+00:00, run_after=2025-05-07 00:00:00+00:00
[2025-05-07T19:17:23.818+0000] {processor.py:183} INFO - Processing /home/airflow/.local/lib/python3.8/site-packages/airflow/example_dags/example_task_group_decorator.py took 0.095 seconds
[2025-05-07T19:17:53.945+0000] {processor.py:161} INFO - Started process (PID=1465) to work on /home/airflow/.local/lib/python3.8/site-packages/airflow/example_dags/example_task_group_decorator.py
[2025-05-07T19:17:53.946+0000] {processor.py:830} INFO - Processing file /home/airflow/.local/lib/python3.8/site-packages/airflow/example_dags/example_task_group_decorator.py for tasks to queue
[2025-05-07T19:17:53.948+0000] {logging_mixin.py:188} INFO - [2025-05-07T19:17:53.948+0000] {dagbag.py:538} INFO - Filling up the DagBag from /home/airflow/.local/lib/python3.8/site-packages/airflow/example_dags/example_task_group_decorator.py
[2025-05-07T19:17:53.968+0000] {processor.py:840} INFO - DAG(s) 'example_task_group_decorator' retrieved from /home/airflow/.local/lib/python3.8/site-packages/airflow/example_dags/example_task_group_decorator.py
[2025-05-07T19:17:54.001+0000] {logging_mixin.py:188} INFO - [2025-05-07T19:17:54.001+0000] {dag.py:3036} INFO - Sync 1 DAGs
[2025-05-07T19:17:54.022+0000] {logging_mixin.py:188} INFO - [2025-05-07T19:17:54.022+0000] {dag.py:3823} INFO - Setting next_dagrun for example_task_group_decorator to 2025-05-06 00:00:00+00:00, run_after=2025-05-07 00:00:00+00:00
[2025-05-07T19:17:54.043+0000] {processor.py:183} INFO - Processing /home/airflow/.local/lib/python3.8/site-packages/airflow/example_dags/example_task_group_decorator.py took 0.101 seconds
[2025-05-07T19:18:24.510+0000] {processor.py:161} INFO - Started process (PID=1521) to work on /home/airflow/.local/lib/python3.8/site-packages/airflow/example_dags/example_task_group_decorator.py
[2025-05-07T19:18:24.513+0000] {processor.py:830} INFO - Processing file /home/airflow/.local/lib/python3.8/site-packages/airflow/example_dags/example_task_group_decorator.py for tasks to queue
[2025-05-07T19:18:24.517+0000] {logging_mixin.py:188} INFO - [2025-05-07T19:18:24.516+0000] {dagbag.py:538} INFO - Filling up the DagBag from /home/airflow/.local/lib/python3.8/site-packages/airflow/example_dags/example_task_group_decorator.py
[2025-05-07T19:18:24.535+0000] {processor.py:840} INFO - DAG(s) 'example_task_group_decorator' retrieved from /home/airflow/.local/lib/python3.8/site-packages/airflow/example_dags/example_task_group_decorator.py
[2025-05-07T19:18:24.564+0000] {logging_mixin.py:188} INFO - [2025-05-07T19:18:24.563+0000] {dag.py:3036} INFO - Sync 1 DAGs
[2025-05-07T19:18:24.587+0000] {logging_mixin.py:188} INFO - [2025-05-07T19:18:24.587+0000] {dag.py:3823} INFO - Setting next_dagrun for example_task_group_decorator to 2025-05-06 00:00:00+00:00, run_after=2025-05-07 00:00:00+00:00
[2025-05-07T19:18:24.613+0000] {processor.py:183} INFO - Processing /home/airflow/.local/lib/python3.8/site-packages/airflow/example_dags/example_task_group_decorator.py took 0.107 seconds
[2025-05-07T19:18:54.756+0000] {processor.py:161} INFO - Started process (PID=1577) to work on /home/airflow/.local/lib/python3.8/site-packages/airflow/example_dags/example_task_group_decorator.py
[2025-05-07T19:18:54.758+0000] {processor.py:830} INFO - Processing file /home/airflow/.local/lib/python3.8/site-packages/airflow/example_dags/example_task_group_decorator.py for tasks to queue
[2025-05-07T19:18:54.762+0000] {logging_mixin.py:188} INFO - [2025-05-07T19:18:54.761+0000] {dagbag.py:538} INFO - Filling up the DagBag from /home/airflow/.local/lib/python3.8/site-packages/airflow/example_dags/example_task_group_decorator.py
[2025-05-07T19:18:54.777+0000] {processor.py:840} INFO - DAG(s) 'example_task_group_decorator' retrieved from /home/airflow/.local/lib/python3.8/site-packages/airflow/example_dags/example_task_group_decorator.py
[2025-05-07T19:18:54.803+0000] {logging_mixin.py:188} INFO - [2025-05-07T19:18:54.803+0000] {dag.py:3036} INFO - Sync 1 DAGs
[2025-05-07T19:18:54.824+0000] {logging_mixin.py:188} INFO - [2025-05-07T19:18:54.823+0000] {dag.py:3823} INFO - Setting next_dagrun for example_task_group_decorator to 2025-05-06 00:00:00+00:00, run_after=2025-05-07 00:00:00+00:00
[2025-05-07T19:18:54.842+0000] {processor.py:183} INFO - Processing /home/airflow/.local/lib/python3.8/site-packages/airflow/example_dags/example_task_group_decorator.py took 0.089 seconds
[2025-05-07T19:19:25.182+0000] {processor.py:161} INFO - Started process (PID=1633) to work on /home/airflow/.local/lib/python3.8/site-packages/airflow/example_dags/example_task_group_decorator.py
[2025-05-07T19:19:25.186+0000] {processor.py:830} INFO - Processing file /home/airflow/.local/lib/python3.8/site-packages/airflow/example_dags/example_task_group_decorator.py for tasks to queue
[2025-05-07T19:19:25.188+0000] {logging_mixin.py:188} INFO - [2025-05-07T19:19:25.188+0000] {dagbag.py:538} INFO - Filling up the DagBag from /home/airflow/.local/lib/python3.8/site-packages/airflow/example_dags/example_task_group_decorator.py
[2025-05-07T19:19:25.201+0000] {processor.py:840} INFO - DAG(s) 'example_task_group_decorator' retrieved from /home/airflow/.local/lib/python3.8/site-packages/airflow/example_dags/example_task_group_decorator.py
[2025-05-07T19:19:25.224+0000] {logging_mixin.py:188} INFO - [2025-05-07T19:19:25.224+0000] {dag.py:3036} INFO - Sync 1 DAGs
[2025-05-07T19:19:25.244+0000] {logging_mixin.py:188} INFO - [2025-05-07T19:19:25.244+0000] {dag.py:3823} INFO - Setting next_dagrun for example_task_group_decorator to 2025-05-06 00:00:00+00:00, run_after=2025-05-07 00:00:00+00:00
[2025-05-07T19:19:25.263+0000] {processor.py:183} INFO - Processing /home/airflow/.local/lib/python3.8/site-packages/airflow/example_dags/example_task_group_decorator.py took 0.084 seconds
[2025-05-07T19:19:55.578+0000] {processor.py:161} INFO - Started process (PID=1689) to work on /home/airflow/.local/lib/python3.8/site-packages/airflow/example_dags/example_task_group_decorator.py
[2025-05-07T19:19:55.579+0000] {processor.py:830} INFO - Processing file /home/airflow/.local/lib/python3.8/site-packages/airflow/example_dags/example_task_group_decorator.py for tasks to queue
[2025-05-07T19:19:55.582+0000] {logging_mixin.py:188} INFO - [2025-05-07T19:19:55.582+0000] {dagbag.py:538} INFO - Filling up the DagBag from /home/airflow/.local/lib/python3.8/site-packages/airflow/example_dags/example_task_group_decorator.py
[2025-05-07T19:19:55.596+0000] {processor.py:840} INFO - DAG(s) 'example_task_group_decorator' retrieved from /home/airflow/.local/lib/python3.8/site-packages/airflow/example_dags/example_task_group_decorator.py
[2025-05-07T19:19:55.621+0000] {logging_mixin.py:188} INFO - [2025-05-07T19:19:55.621+0000] {dag.py:3036} INFO - Sync 1 DAGs
[2025-05-07T19:19:55.642+0000] {logging_mixin.py:188} INFO - [2025-05-07T19:19:55.642+0000] {dag.py:3823} INFO - Setting next_dagrun for example_task_group_decorator to 2025-05-06 00:00:00+00:00, run_after=2025-05-07 00:00:00+00:00
[2025-05-07T19:19:55.660+0000] {processor.py:183} INFO - Processing /home/airflow/.local/lib/python3.8/site-packages/airflow/example_dags/example_task_group_decorator.py took 0.086 seconds
[2025-05-07T19:20:25.896+0000] {processor.py:161} INFO - Started process (PID=1746) to work on /home/airflow/.local/lib/python3.8/site-packages/airflow/example_dags/example_task_group_decorator.py
[2025-05-07T19:20:25.899+0000] {processor.py:830} INFO - Processing file /home/airflow/.local/lib/python3.8/site-packages/airflow/example_dags/example_task_group_decorator.py for tasks to queue
[2025-05-07T19:20:25.902+0000] {logging_mixin.py:188} INFO - [2025-05-07T19:20:25.901+0000] {dagbag.py:538} INFO - Filling up the DagBag from /home/airflow/.local/lib/python3.8/site-packages/airflow/example_dags/example_task_group_decorator.py
[2025-05-07T19:20:25.916+0000] {processor.py:840} INFO - DAG(s) 'example_task_group_decorator' retrieved from /home/airflow/.local/lib/python3.8/site-packages/airflow/example_dags/example_task_group_decorator.py
[2025-05-07T19:20:25.938+0000] {logging_mixin.py:188} INFO - [2025-05-07T19:20:25.938+0000] {dag.py:3036} INFO - Sync 1 DAGs
[2025-05-07T19:20:25.958+0000] {logging_mixin.py:188} INFO - [2025-05-07T19:20:25.958+0000] {dag.py:3823} INFO - Setting next_dagrun for example_task_group_decorator to 2025-05-06 00:00:00+00:00, run_after=2025-05-07 00:00:00+00:00
[2025-05-07T19:20:25.976+0000] {processor.py:183} INFO - Processing /home/airflow/.local/lib/python3.8/site-packages/airflow/example_dags/example_task_group_decorator.py took 0.083 seconds
[2025-05-07T19:20:56.540+0000] {processor.py:161} INFO - Started process (PID=1803) to work on /home/airflow/.local/lib/python3.8/site-packages/airflow/example_dags/example_task_group_decorator.py
[2025-05-07T19:20:56.542+0000] {processor.py:830} INFO - Processing file /home/airflow/.local/lib/python3.8/site-packages/airflow/example_dags/example_task_group_decorator.py for tasks to queue
[2025-05-07T19:20:56.544+0000] {logging_mixin.py:188} INFO - [2025-05-07T19:20:56.544+0000] {dagbag.py:538} INFO - Filling up the DagBag from /home/airflow/.local/lib/python3.8/site-packages/airflow/example_dags/example_task_group_decorator.py
[2025-05-07T19:20:56.560+0000] {processor.py:840} INFO - DAG(s) 'example_task_group_decorator' retrieved from /home/airflow/.local/lib/python3.8/site-packages/airflow/example_dags/example_task_group_decorator.py
[2025-05-07T19:20:56.588+0000] {logging_mixin.py:188} INFO - [2025-05-07T19:20:56.588+0000] {dag.py:3036} INFO - Sync 1 DAGs
[2025-05-07T19:20:56.610+0000] {logging_mixin.py:188} INFO - [2025-05-07T19:20:56.610+0000] {dag.py:3823} INFO - Setting next_dagrun for example_task_group_decorator to 2025-05-06 00:00:00+00:00, run_after=2025-05-07 00:00:00+00:00
[2025-05-07T19:20:56.629+0000] {processor.py:183} INFO - Processing /home/airflow/.local/lib/python3.8/site-packages/airflow/example_dags/example_task_group_decorator.py took 0.092 seconds
[2025-05-07T19:22:01.931+0000] {processor.py:161} INFO - Started process (PID=68) to work on /home/airflow/.local/lib/python3.8/site-packages/airflow/example_dags/example_task_group_decorator.py
[2025-05-07T19:22:01.933+0000] {processor.py:830} INFO - Processing file /home/airflow/.local/lib/python3.8/site-packages/airflow/example_dags/example_task_group_decorator.py for tasks to queue
[2025-05-07T19:22:01.935+0000] {logging_mixin.py:188} INFO - [2025-05-07T19:22:01.935+0000] {dagbag.py:538} INFO - Filling up the DagBag from /home/airflow/.local/lib/python3.8/site-packages/airflow/example_dags/example_task_group_decorator.py
[2025-05-07T19:22:01.952+0000] {processor.py:840} INFO - DAG(s) 'example_task_group_decorator' retrieved from /home/airflow/.local/lib/python3.8/site-packages/airflow/example_dags/example_task_group_decorator.py
[2025-05-07T19:22:01.969+0000] {logging_mixin.py:188} INFO - [2025-05-07T19:22:01.969+0000] {dag.py:3036} INFO - Sync 1 DAGs
[2025-05-07T19:22:01.997+0000] {logging_mixin.py:188} INFO - [2025-05-07T19:22:01.997+0000] {dag.py:3823} INFO - Setting next_dagrun for example_task_group_decorator to 2025-05-06 00:00:00+00:00, run_after=2025-05-07 00:00:00+00:00
[2025-05-07T19:22:02.023+0000] {processor.py:183} INFO - Processing /home/airflow/.local/lib/python3.8/site-packages/airflow/example_dags/example_task_group_decorator.py took 0.095 seconds
[2025-05-07T19:22:32.140+0000] {processor.py:161} INFO - Started process (PID=125) to work on /home/airflow/.local/lib/python3.8/site-packages/airflow/example_dags/example_task_group_decorator.py
[2025-05-07T19:22:32.142+0000] {processor.py:830} INFO - Processing file /home/airflow/.local/lib/python3.8/site-packages/airflow/example_dags/example_task_group_decorator.py for tasks to queue
[2025-05-07T19:22:32.146+0000] {logging_mixin.py:188} INFO - [2025-05-07T19:22:32.145+0000] {dagbag.py:538} INFO - Filling up the DagBag from /home/airflow/.local/lib/python3.8/site-packages/airflow/example_dags/example_task_group_decorator.py
[2025-05-07T19:22:32.162+0000] {processor.py:840} INFO - DAG(s) 'example_task_group_decorator' retrieved from /home/airflow/.local/lib/python3.8/site-packages/airflow/example_dags/example_task_group_decorator.py
[2025-05-07T19:22:32.285+0000] {logging_mixin.py:188} INFO - [2025-05-07T19:22:32.284+0000] {dag.py:3036} INFO - Sync 1 DAGs
[2025-05-07T19:22:32.313+0000] {logging_mixin.py:188} INFO - [2025-05-07T19:22:32.312+0000] {dag.py:3823} INFO - Setting next_dagrun for example_task_group_decorator to 2025-05-06 00:00:00+00:00, run_after=2025-05-07 00:00:00+00:00
[2025-05-07T19:22:32.338+0000] {processor.py:183} INFO - Processing /home/airflow/.local/lib/python3.8/site-packages/airflow/example_dags/example_task_group_decorator.py took 0.202 seconds
[2025-05-07T19:23:03.249+0000] {processor.py:161} INFO - Started process (PID=182) to work on /home/airflow/.local/lib/python3.8/site-packages/airflow/example_dags/example_task_group_decorator.py
[2025-05-07T19:23:03.252+0000] {processor.py:830} INFO - Processing file /home/airflow/.local/lib/python3.8/site-packages/airflow/example_dags/example_task_group_decorator.py for tasks to queue
[2025-05-07T19:23:03.255+0000] {logging_mixin.py:188} INFO - [2025-05-07T19:23:03.254+0000] {dagbag.py:538} INFO - Filling up the DagBag from /home/airflow/.local/lib/python3.8/site-packages/airflow/example_dags/example_task_group_decorator.py
[2025-05-07T19:23:03.271+0000] {processor.py:840} INFO - DAG(s) 'example_task_group_decorator' retrieved from /home/airflow/.local/lib/python3.8/site-packages/airflow/example_dags/example_task_group_decorator.py
[2025-05-07T19:23:03.313+0000] {logging_mixin.py:188} INFO - [2025-05-07T19:23:03.312+0000] {dag.py:3036} INFO - Sync 1 DAGs
[2025-05-07T19:23:03.340+0000] {logging_mixin.py:188} INFO - [2025-05-07T19:23:03.340+0000] {dag.py:3823} INFO - Setting next_dagrun for example_task_group_decorator to 2025-05-06 00:00:00+00:00, run_after=2025-05-07 00:00:00+00:00
[2025-05-07T19:23:03.367+0000] {processor.py:183} INFO - Processing /home/airflow/.local/lib/python3.8/site-packages/airflow/example_dags/example_task_group_decorator.py took 0.122 seconds
[2025-05-07T19:23:33.483+0000] {processor.py:161} INFO - Started process (PID=242) to work on /home/airflow/.local/lib/python3.8/site-packages/airflow/example_dags/example_task_group_decorator.py
[2025-05-07T19:23:33.484+0000] {processor.py:830} INFO - Processing file /home/airflow/.local/lib/python3.8/site-packages/airflow/example_dags/example_task_group_decorator.py for tasks to queue
[2025-05-07T19:23:33.486+0000] {logging_mixin.py:188} INFO - [2025-05-07T19:23:33.486+0000] {dagbag.py:538} INFO - Filling up the DagBag from /home/airflow/.local/lib/python3.8/site-packages/airflow/example_dags/example_task_group_decorator.py
[2025-05-07T19:23:33.501+0000] {processor.py:840} INFO - DAG(s) 'example_task_group_decorator' retrieved from /home/airflow/.local/lib/python3.8/site-packages/airflow/example_dags/example_task_group_decorator.py
[2025-05-07T19:23:33.529+0000] {logging_mixin.py:188} INFO - [2025-05-07T19:23:33.529+0000] {dag.py:3036} INFO - Sync 1 DAGs
[2025-05-07T19:23:33.549+0000] {logging_mixin.py:188} INFO - [2025-05-07T19:23:33.549+0000] {dag.py:3823} INFO - Setting next_dagrun for example_task_group_decorator to 2025-05-06 00:00:00+00:00, run_after=2025-05-07 00:00:00+00:00
[2025-05-07T19:23:33.568+0000] {processor.py:183} INFO - Processing /home/airflow/.local/lib/python3.8/site-packages/airflow/example_dags/example_task_group_decorator.py took 0.088 seconds
[2025-05-07T19:24:04.000+0000] {processor.py:161} INFO - Started process (PID=301) to work on /home/airflow/.local/lib/python3.8/site-packages/airflow/example_dags/example_task_group_decorator.py
[2025-05-07T19:24:04.002+0000] {processor.py:830} INFO - Processing file /home/airflow/.local/lib/python3.8/site-packages/airflow/example_dags/example_task_group_decorator.py for tasks to queue
[2025-05-07T19:24:04.005+0000] {logging_mixin.py:188} INFO - [2025-05-07T19:24:04.004+0000] {dagbag.py:538} INFO - Filling up the DagBag from /home/airflow/.local/lib/python3.8/site-packages/airflow/example_dags/example_task_group_decorator.py
[2025-05-07T19:24:04.020+0000] {processor.py:840} INFO - DAG(s) 'example_task_group_decorator' retrieved from /home/airflow/.local/lib/python3.8/site-packages/airflow/example_dags/example_task_group_decorator.py
[2025-05-07T19:24:04.047+0000] {logging_mixin.py:188} INFO - [2025-05-07T19:24:04.046+0000] {dag.py:3036} INFO - Sync 1 DAGs
[2025-05-07T19:24:04.069+0000] {logging_mixin.py:188} INFO - [2025-05-07T19:24:04.069+0000] {dag.py:3823} INFO - Setting next_dagrun for example_task_group_decorator to 2025-05-06 00:00:00+00:00, run_after=2025-05-07 00:00:00+00:00
[2025-05-07T19:24:04.093+0000] {processor.py:183} INFO - Processing /home/airflow/.local/lib/python3.8/site-packages/airflow/example_dags/example_task_group_decorator.py took 0.099 seconds
[2025-05-07T19:24:34.514+0000] {processor.py:161} INFO - Started process (PID=362) to work on /home/airflow/.local/lib/python3.8/site-packages/airflow/example_dags/example_task_group_decorator.py
[2025-05-07T19:24:34.516+0000] {processor.py:830} INFO - Processing file /home/airflow/.local/lib/python3.8/site-packages/airflow/example_dags/example_task_group_decorator.py for tasks to queue
[2025-05-07T19:24:34.518+0000] {logging_mixin.py:188} INFO - [2025-05-07T19:24:34.517+0000] {dagbag.py:538} INFO - Filling up the DagBag from /home/airflow/.local/lib/python3.8/site-packages/airflow/example_dags/example_task_group_decorator.py
[2025-05-07T19:24:34.531+0000] {processor.py:840} INFO - DAG(s) 'example_task_group_decorator' retrieved from /home/airflow/.local/lib/python3.8/site-packages/airflow/example_dags/example_task_group_decorator.py
[2025-05-07T19:24:34.555+0000] {logging_mixin.py:188} INFO - [2025-05-07T19:24:34.555+0000] {dag.py:3036} INFO - Sync 1 DAGs
[2025-05-07T19:24:34.575+0000] {logging_mixin.py:188} INFO - [2025-05-07T19:24:34.575+0000] {dag.py:3823} INFO - Setting next_dagrun for example_task_group_decorator to 2025-05-06 00:00:00+00:00, run_after=2025-05-07 00:00:00+00:00
[2025-05-07T19:24:34.596+0000] {processor.py:183} INFO - Processing /home/airflow/.local/lib/python3.8/site-packages/airflow/example_dags/example_task_group_decorator.py took 0.086 seconds
[2025-05-07T19:25:04.657+0000] {processor.py:161} INFO - Started process (PID=421) to work on /home/airflow/.local/lib/python3.8/site-packages/airflow/example_dags/example_task_group_decorator.py
[2025-05-07T19:25:04.659+0000] {processor.py:830} INFO - Processing file /home/airflow/.local/lib/python3.8/site-packages/airflow/example_dags/example_task_group_decorator.py for tasks to queue
[2025-05-07T19:25:04.663+0000] {logging_mixin.py:188} INFO - [2025-05-07T19:25:04.662+0000] {dagbag.py:538} INFO - Filling up the DagBag from /home/airflow/.local/lib/python3.8/site-packages/airflow/example_dags/example_task_group_decorator.py
[2025-05-07T19:25:04.679+0000] {processor.py:840} INFO - DAG(s) 'example_task_group_decorator' retrieved from /home/airflow/.local/lib/python3.8/site-packages/airflow/example_dags/example_task_group_decorator.py
[2025-05-07T19:25:04.710+0000] {logging_mixin.py:188} INFO - [2025-05-07T19:25:04.709+0000] {dag.py:3036} INFO - Sync 1 DAGs
[2025-05-07T19:25:04.734+0000] {logging_mixin.py:188} INFO - [2025-05-07T19:25:04.733+0000] {dag.py:3823} INFO - Setting next_dagrun for example_task_group_decorator to 2025-05-06 00:00:00+00:00, run_after=2025-05-07 00:00:00+00:00
[2025-05-07T19:25:04.757+0000] {processor.py:183} INFO - Processing /home/airflow/.local/lib/python3.8/site-packages/airflow/example_dags/example_task_group_decorator.py took 0.105 seconds
[2025-05-07T19:25:35.044+0000] {processor.py:161} INFO - Started process (PID=478) to work on /home/airflow/.local/lib/python3.8/site-packages/airflow/example_dags/example_task_group_decorator.py
[2025-05-07T19:25:35.047+0000] {processor.py:830} INFO - Processing file /home/airflow/.local/lib/python3.8/site-packages/airflow/example_dags/example_task_group_decorator.py for tasks to queue
[2025-05-07T19:25:35.053+0000] {logging_mixin.py:188} INFO - [2025-05-07T19:25:35.053+0000] {dagbag.py:538} INFO - Filling up the DagBag from /home/airflow/.local/lib/python3.8/site-packages/airflow/example_dags/example_task_group_decorator.py
[2025-05-07T19:25:35.076+0000] {processor.py:840} INFO - DAG(s) 'example_task_group_decorator' retrieved from /home/airflow/.local/lib/python3.8/site-packages/airflow/example_dags/example_task_group_decorator.py
[2025-05-07T19:25:35.103+0000] {logging_mixin.py:188} INFO - [2025-05-07T19:25:35.103+0000] {dag.py:3036} INFO - Sync 1 DAGs
[2025-05-07T19:25:35.128+0000] {logging_mixin.py:188} INFO - [2025-05-07T19:25:35.128+0000] {dag.py:3823} INFO - Setting next_dagrun for example_task_group_decorator to 2025-05-06 00:00:00+00:00, run_after=2025-05-07 00:00:00+00:00
[2025-05-07T19:25:35.153+0000] {processor.py:183} INFO - Processing /home/airflow/.local/lib/python3.8/site-packages/airflow/example_dags/example_task_group_decorator.py took 0.114 seconds
[2025-05-07T19:26:05.308+0000] {processor.py:161} INFO - Started process (PID=539) to work on /home/airflow/.local/lib/python3.8/site-packages/airflow/example_dags/example_task_group_decorator.py
[2025-05-07T19:26:05.310+0000] {processor.py:830} INFO - Processing file /home/airflow/.local/lib/python3.8/site-packages/airflow/example_dags/example_task_group_decorator.py for tasks to queue
[2025-05-07T19:26:05.314+0000] {logging_mixin.py:188} INFO - [2025-05-07T19:26:05.313+0000] {dagbag.py:538} INFO - Filling up the DagBag from /home/airflow/.local/lib/python3.8/site-packages/airflow/example_dags/example_task_group_decorator.py
[2025-05-07T19:26:05.333+0000] {processor.py:840} INFO - DAG(s) 'example_task_group_decorator' retrieved from /home/airflow/.local/lib/python3.8/site-packages/airflow/example_dags/example_task_group_decorator.py
[2025-05-07T19:26:05.372+0000] {logging_mixin.py:188} INFO - [2025-05-07T19:26:05.372+0000] {dag.py:3036} INFO - Sync 1 DAGs
[2025-05-07T19:26:05.401+0000] {logging_mixin.py:188} INFO - [2025-05-07T19:26:05.401+0000] {dag.py:3823} INFO - Setting next_dagrun for example_task_group_decorator to 2025-05-06 00:00:00+00:00, run_after=2025-05-07 00:00:00+00:00
[2025-05-07T19:26:05.435+0000] {processor.py:183} INFO - Processing /home/airflow/.local/lib/python3.8/site-packages/airflow/example_dags/example_task_group_decorator.py took 0.132 seconds
[2025-05-07T19:26:35.617+0000] {processor.py:161} INFO - Started process (PID=606) to work on /home/airflow/.local/lib/python3.8/site-packages/airflow/example_dags/example_task_group_decorator.py
[2025-05-07T19:26:35.619+0000] {processor.py:830} INFO - Processing file /home/airflow/.local/lib/python3.8/site-packages/airflow/example_dags/example_task_group_decorator.py for tasks to queue
[2025-05-07T19:26:35.622+0000] {logging_mixin.py:188} INFO - [2025-05-07T19:26:35.621+0000] {dagbag.py:538} INFO - Filling up the DagBag from /home/airflow/.local/lib/python3.8/site-packages/airflow/example_dags/example_task_group_decorator.py
[2025-05-07T19:26:35.635+0000] {processor.py:840} INFO - DAG(s) 'example_task_group_decorator' retrieved from /home/airflow/.local/lib/python3.8/site-packages/airflow/example_dags/example_task_group_decorator.py
[2025-05-07T19:26:35.663+0000] {logging_mixin.py:188} INFO - [2025-05-07T19:26:35.662+0000] {dag.py:3036} INFO - Sync 1 DAGs
[2025-05-07T19:26:35.684+0000] {logging_mixin.py:188} INFO - [2025-05-07T19:26:35.684+0000] {dag.py:3823} INFO - Setting next_dagrun for example_task_group_decorator to 2025-05-06 00:00:00+00:00, run_after=2025-05-07 00:00:00+00:00
[2025-05-07T19:26:35.709+0000] {processor.py:183} INFO - Processing /home/airflow/.local/lib/python3.8/site-packages/airflow/example_dags/example_task_group_decorator.py took 0.095 seconds
[2025-05-07T19:27:06.217+0000] {processor.py:161} INFO - Started process (PID=667) to work on /home/airflow/.local/lib/python3.8/site-packages/airflow/example_dags/example_task_group_decorator.py
[2025-05-07T19:27:06.219+0000] {processor.py:830} INFO - Processing file /home/airflow/.local/lib/python3.8/site-packages/airflow/example_dags/example_task_group_decorator.py for tasks to queue
[2025-05-07T19:27:06.222+0000] {logging_mixin.py:188} INFO - [2025-05-07T19:27:06.222+0000] {dagbag.py:538} INFO - Filling up the DagBag from /home/airflow/.local/lib/python3.8/site-packages/airflow/example_dags/example_task_group_decorator.py
[2025-05-07T19:27:06.241+0000] {processor.py:840} INFO - DAG(s) 'example_task_group_decorator' retrieved from /home/airflow/.local/lib/python3.8/site-packages/airflow/example_dags/example_task_group_decorator.py
[2025-05-07T19:27:06.275+0000] {logging_mixin.py:188} INFO - [2025-05-07T19:27:06.274+0000] {dag.py:3036} INFO - Sync 1 DAGs
[2025-05-07T19:27:06.301+0000] {logging_mixin.py:188} INFO - [2025-05-07T19:27:06.301+0000] {dag.py:3823} INFO - Setting next_dagrun for example_task_group_decorator to 2025-05-06 00:00:00+00:00, run_after=2025-05-07 00:00:00+00:00
[2025-05-07T19:27:06.324+0000] {processor.py:183} INFO - Processing /home/airflow/.local/lib/python3.8/site-packages/airflow/example_dags/example_task_group_decorator.py took 0.111 seconds
[2025-05-07T19:27:36.818+0000] {processor.py:161} INFO - Started process (PID=724) to work on /home/airflow/.local/lib/python3.8/site-packages/airflow/example_dags/example_task_group_decorator.py
[2025-05-07T19:27:36.822+0000] {processor.py:830} INFO - Processing file /home/airflow/.local/lib/python3.8/site-packages/airflow/example_dags/example_task_group_decorator.py for tasks to queue
[2025-05-07T19:27:36.825+0000] {logging_mixin.py:188} INFO - [2025-05-07T19:27:36.825+0000] {dagbag.py:538} INFO - Filling up the DagBag from /home/airflow/.local/lib/python3.8/site-packages/airflow/example_dags/example_task_group_decorator.py
[2025-05-07T19:27:36.846+0000] {processor.py:840} INFO - DAG(s) 'example_task_group_decorator' retrieved from /home/airflow/.local/lib/python3.8/site-packages/airflow/example_dags/example_task_group_decorator.py
[2025-05-07T19:27:36.879+0000] {logging_mixin.py:188} INFO - [2025-05-07T19:27:36.879+0000] {dag.py:3036} INFO - Sync 1 DAGs
[2025-05-07T19:27:36.902+0000] {logging_mixin.py:188} INFO - [2025-05-07T19:27:36.902+0000] {dag.py:3823} INFO - Setting next_dagrun for example_task_group_decorator to 2025-05-06 00:00:00+00:00, run_after=2025-05-07 00:00:00+00:00
[2025-05-07T19:27:36.940+0000] {processor.py:183} INFO - Processing /home/airflow/.local/lib/python3.8/site-packages/airflow/example_dags/example_task_group_decorator.py took 0.129 seconds
[2025-05-07T19:28:07.413+0000] {processor.py:161} INFO - Started process (PID=781) to work on /home/airflow/.local/lib/python3.8/site-packages/airflow/example_dags/example_task_group_decorator.py
[2025-05-07T19:28:07.416+0000] {processor.py:830} INFO - Processing file /home/airflow/.local/lib/python3.8/site-packages/airflow/example_dags/example_task_group_decorator.py for tasks to queue
[2025-05-07T19:28:07.421+0000] {logging_mixin.py:188} INFO - [2025-05-07T19:28:07.420+0000] {dagbag.py:538} INFO - Filling up the DagBag from /home/airflow/.local/lib/python3.8/site-packages/airflow/example_dags/example_task_group_decorator.py
[2025-05-07T19:28:07.449+0000] {processor.py:840} INFO - DAG(s) 'example_task_group_decorator' retrieved from /home/airflow/.local/lib/python3.8/site-packages/airflow/example_dags/example_task_group_decorator.py
[2025-05-07T19:28:07.499+0000] {logging_mixin.py:188} INFO - [2025-05-07T19:28:07.499+0000] {dag.py:3036} INFO - Sync 1 DAGs
[2025-05-07T19:28:07.549+0000] {logging_mixin.py:188} INFO - [2025-05-07T19:28:07.549+0000] {dag.py:3823} INFO - Setting next_dagrun for example_task_group_decorator to 2025-05-06 00:00:00+00:00, run_after=2025-05-07 00:00:00+00:00
[2025-05-07T19:28:07.570+0000] {processor.py:183} INFO - Processing /home/airflow/.local/lib/python3.8/site-packages/airflow/example_dags/example_task_group_decorator.py took 0.165 seconds
[2025-05-07T19:28:38.009+0000] {processor.py:161} INFO - Started process (PID=838) to work on /home/airflow/.local/lib/python3.8/site-packages/airflow/example_dags/example_task_group_decorator.py
[2025-05-07T19:28:38.011+0000] {processor.py:830} INFO - Processing file /home/airflow/.local/lib/python3.8/site-packages/airflow/example_dags/example_task_group_decorator.py for tasks to queue
[2025-05-07T19:28:38.015+0000] {logging_mixin.py:188} INFO - [2025-05-07T19:28:38.014+0000] {dagbag.py:538} INFO - Filling up the DagBag from /home/airflow/.local/lib/python3.8/site-packages/airflow/example_dags/example_task_group_decorator.py
[2025-05-07T19:28:38.033+0000] {processor.py:840} INFO - DAG(s) 'example_task_group_decorator' retrieved from /home/airflow/.local/lib/python3.8/site-packages/airflow/example_dags/example_task_group_decorator.py
[2025-05-07T19:28:38.059+0000] {logging_mixin.py:188} INFO - [2025-05-07T19:28:38.059+0000] {dag.py:3036} INFO - Sync 1 DAGs
[2025-05-07T19:28:38.080+0000] {logging_mixin.py:188} INFO - [2025-05-07T19:28:38.079+0000] {dag.py:3823} INFO - Setting next_dagrun for example_task_group_decorator to 2025-05-06 00:00:00+00:00, run_after=2025-05-07 00:00:00+00:00
[2025-05-07T19:28:38.102+0000] {processor.py:183} INFO - Processing /home/airflow/.local/lib/python3.8/site-packages/airflow/example_dags/example_task_group_decorator.py took 0.096 seconds
[2025-05-07T19:29:08.693+0000] {processor.py:161} INFO - Started process (PID=895) to work on /home/airflow/.local/lib/python3.8/site-packages/airflow/example_dags/example_task_group_decorator.py
[2025-05-07T19:29:08.696+0000] {processor.py:830} INFO - Processing file /home/airflow/.local/lib/python3.8/site-packages/airflow/example_dags/example_task_group_decorator.py for tasks to queue
[2025-05-07T19:29:08.700+0000] {logging_mixin.py:188} INFO - [2025-05-07T19:29:08.700+0000] {dagbag.py:538} INFO - Filling up the DagBag from /home/airflow/.local/lib/python3.8/site-packages/airflow/example_dags/example_task_group_decorator.py
[2025-05-07T19:29:08.724+0000] {processor.py:840} INFO - DAG(s) 'example_task_group_decorator' retrieved from /home/airflow/.local/lib/python3.8/site-packages/airflow/example_dags/example_task_group_decorator.py
[2025-05-07T19:29:08.761+0000] {logging_mixin.py:188} INFO - [2025-05-07T19:29:08.760+0000] {dag.py:3036} INFO - Sync 1 DAGs
[2025-05-07T19:29:08.786+0000] {logging_mixin.py:188} INFO - [2025-05-07T19:29:08.786+0000] {dag.py:3823} INFO - Setting next_dagrun for example_task_group_decorator to 2025-05-06 00:00:00+00:00, run_after=2025-05-07 00:00:00+00:00
[2025-05-07T19:29:08.804+0000] {processor.py:183} INFO - Processing /home/airflow/.local/lib/python3.8/site-packages/airflow/example_dags/example_task_group_decorator.py took 0.118 seconds
[2025-05-07T19:29:39.262+0000] {processor.py:161} INFO - Started process (PID=952) to work on /home/airflow/.local/lib/python3.8/site-packages/airflow/example_dags/example_task_group_decorator.py
[2025-05-07T19:29:39.264+0000] {processor.py:830} INFO - Processing file /home/airflow/.local/lib/python3.8/site-packages/airflow/example_dags/example_task_group_decorator.py for tasks to queue
[2025-05-07T19:29:39.266+0000] {logging_mixin.py:188} INFO - [2025-05-07T19:29:39.265+0000] {dagbag.py:538} INFO - Filling up the DagBag from /home/airflow/.local/lib/python3.8/site-packages/airflow/example_dags/example_task_group_decorator.py
[2025-05-07T19:29:39.279+0000] {processor.py:840} INFO - DAG(s) 'example_task_group_decorator' retrieved from /home/airflow/.local/lib/python3.8/site-packages/airflow/example_dags/example_task_group_decorator.py
[2025-05-07T19:29:39.303+0000] {logging_mixin.py:188} INFO - [2025-05-07T19:29:39.303+0000] {dag.py:3036} INFO - Sync 1 DAGs
[2025-05-07T19:29:39.324+0000] {logging_mixin.py:188} INFO - [2025-05-07T19:29:39.323+0000] {dag.py:3823} INFO - Setting next_dagrun for example_task_group_decorator to 2025-05-06 00:00:00+00:00, run_after=2025-05-07 00:00:00+00:00
[2025-05-07T19:29:39.345+0000] {processor.py:183} INFO - Processing /home/airflow/.local/lib/python3.8/site-packages/airflow/example_dags/example_task_group_decorator.py took 0.086 seconds
[2025-05-07T19:33:15.928+0000] {processor.py:161} INFO - Started process (PID=62) to work on /home/airflow/.local/lib/python3.8/site-packages/airflow/example_dags/example_task_group_decorator.py
[2025-05-07T19:33:15.930+0000] {processor.py:830} INFO - Processing file /home/airflow/.local/lib/python3.8/site-packages/airflow/example_dags/example_task_group_decorator.py for tasks to queue
[2025-05-07T19:33:15.932+0000] {logging_mixin.py:188} INFO - [2025-05-07T19:33:15.932+0000] {dagbag.py:538} INFO - Filling up the DagBag from /home/airflow/.local/lib/python3.8/site-packages/airflow/example_dags/example_task_group_decorator.py
[2025-05-07T19:33:15.951+0000] {processor.py:840} INFO - DAG(s) 'example_task_group_decorator' retrieved from /home/airflow/.local/lib/python3.8/site-packages/airflow/example_dags/example_task_group_decorator.py
[2025-05-07T19:33:15.967+0000] {logging_mixin.py:188} INFO - [2025-05-07T19:33:15.966+0000] {dag.py:3036} INFO - Sync 1 DAGs
[2025-05-07T19:33:15.992+0000] {logging_mixin.py:188} INFO - [2025-05-07T19:33:15.991+0000] {dag.py:3823} INFO - Setting next_dagrun for example_task_group_decorator to 2025-05-06 00:00:00+00:00, run_after=2025-05-07 00:00:00+00:00
[2025-05-07T19:33:16.012+0000] {processor.py:183} INFO - Processing /home/airflow/.local/lib/python3.8/site-packages/airflow/example_dags/example_task_group_decorator.py took 0.089 seconds
[2025-05-07T19:33:46.943+0000] {processor.py:161} INFO - Started process (PID=126) to work on /home/airflow/.local/lib/python3.8/site-packages/airflow/example_dags/example_task_group_decorator.py
[2025-05-07T19:33:46.945+0000] {processor.py:830} INFO - Processing file /home/airflow/.local/lib/python3.8/site-packages/airflow/example_dags/example_task_group_decorator.py for tasks to queue
[2025-05-07T19:33:46.947+0000] {logging_mixin.py:188} INFO - [2025-05-07T19:33:46.947+0000] {dagbag.py:538} INFO - Filling up the DagBag from /home/airflow/.local/lib/python3.8/site-packages/airflow/example_dags/example_task_group_decorator.py
[2025-05-07T19:33:46.961+0000] {processor.py:840} INFO - DAG(s) 'example_task_group_decorator' retrieved from /home/airflow/.local/lib/python3.8/site-packages/airflow/example_dags/example_task_group_decorator.py
[2025-05-07T19:33:47.061+0000] {logging_mixin.py:188} INFO - [2025-05-07T19:33:47.060+0000] {dag.py:3036} INFO - Sync 1 DAGs
[2025-05-07T19:33:47.082+0000] {logging_mixin.py:188} INFO - [2025-05-07T19:33:47.081+0000] {dag.py:3823} INFO - Setting next_dagrun for example_task_group_decorator to 2025-05-06 00:00:00+00:00, run_after=2025-05-07 00:00:00+00:00
[2025-05-07T19:33:47.108+0000] {processor.py:183} INFO - Processing /home/airflow/.local/lib/python3.8/site-packages/airflow/example_dags/example_task_group_decorator.py took 0.169 seconds
[2025-05-07T19:34:17.401+0000] {processor.py:161} INFO - Started process (PID=183) to work on /home/airflow/.local/lib/python3.8/site-packages/airflow/example_dags/example_task_group_decorator.py
[2025-05-07T19:34:17.402+0000] {processor.py:830} INFO - Processing file /home/airflow/.local/lib/python3.8/site-packages/airflow/example_dags/example_task_group_decorator.py for tasks to queue
[2025-05-07T19:34:17.405+0000] {logging_mixin.py:188} INFO - [2025-05-07T19:34:17.404+0000] {dagbag.py:538} INFO - Filling up the DagBag from /home/airflow/.local/lib/python3.8/site-packages/airflow/example_dags/example_task_group_decorator.py
[2025-05-07T19:34:17.419+0000] {processor.py:840} INFO - DAG(s) 'example_task_group_decorator' retrieved from /home/airflow/.local/lib/python3.8/site-packages/airflow/example_dags/example_task_group_decorator.py
[2025-05-07T19:34:17.442+0000] {logging_mixin.py:188} INFO - [2025-05-07T19:34:17.441+0000] {dag.py:3036} INFO - Sync 1 DAGs
[2025-05-07T19:34:17.462+0000] {logging_mixin.py:188} INFO - [2025-05-07T19:34:17.462+0000] {dag.py:3823} INFO - Setting next_dagrun for example_task_group_decorator to 2025-05-06 00:00:00+00:00, run_after=2025-05-07 00:00:00+00:00
[2025-05-07T19:34:17.483+0000] {processor.py:183} INFO - Processing /home/airflow/.local/lib/python3.8/site-packages/airflow/example_dags/example_task_group_decorator.py took 0.086 seconds
[2025-05-07T19:34:47.737+0000] {processor.py:161} INFO - Started process (PID=240) to work on /home/airflow/.local/lib/python3.8/site-packages/airflow/example_dags/example_task_group_decorator.py
[2025-05-07T19:34:47.739+0000] {processor.py:830} INFO - Processing file /home/airflow/.local/lib/python3.8/site-packages/airflow/example_dags/example_task_group_decorator.py for tasks to queue
[2025-05-07T19:34:47.741+0000] {logging_mixin.py:188} INFO - [2025-05-07T19:34:47.741+0000] {dagbag.py:538} INFO - Filling up the DagBag from /home/airflow/.local/lib/python3.8/site-packages/airflow/example_dags/example_task_group_decorator.py
[2025-05-07T19:34:47.757+0000] {processor.py:840} INFO - DAG(s) 'example_task_group_decorator' retrieved from /home/airflow/.local/lib/python3.8/site-packages/airflow/example_dags/example_task_group_decorator.py
[2025-05-07T19:34:47.782+0000] {logging_mixin.py:188} INFO - [2025-05-07T19:34:47.782+0000] {dag.py:3036} INFO - Sync 1 DAGs
[2025-05-07T19:34:47.802+0000] {logging_mixin.py:188} INFO - [2025-05-07T19:34:47.802+0000] {dag.py:3823} INFO - Setting next_dagrun for example_task_group_decorator to 2025-05-06 00:00:00+00:00, run_after=2025-05-07 00:00:00+00:00
[2025-05-07T19:34:47.827+0000] {processor.py:183} INFO - Processing /home/airflow/.local/lib/python3.8/site-packages/airflow/example_dags/example_task_group_decorator.py took 0.093 seconds
[2025-05-07T19:35:17.938+0000] {processor.py:161} INFO - Started process (PID=297) to work on /home/airflow/.local/lib/python3.8/site-packages/airflow/example_dags/example_task_group_decorator.py
[2025-05-07T19:35:17.940+0000] {processor.py:830} INFO - Processing file /home/airflow/.local/lib/python3.8/site-packages/airflow/example_dags/example_task_group_decorator.py for tasks to queue
[2025-05-07T19:35:17.943+0000] {logging_mixin.py:188} INFO - [2025-05-07T19:35:17.942+0000] {dagbag.py:538} INFO - Filling up the DagBag from /home/airflow/.local/lib/python3.8/site-packages/airflow/example_dags/example_task_group_decorator.py
[2025-05-07T19:35:17.963+0000] {processor.py:840} INFO - DAG(s) 'example_task_group_decorator' retrieved from /home/airflow/.local/lib/python3.8/site-packages/airflow/example_dags/example_task_group_decorator.py
[2025-05-07T19:35:17.996+0000] {logging_mixin.py:188} INFO - [2025-05-07T19:35:17.996+0000] {dag.py:3036} INFO - Sync 1 DAGs
[2025-05-07T19:35:18.024+0000] {logging_mixin.py:188} INFO - [2025-05-07T19:35:18.023+0000] {dag.py:3823} INFO - Setting next_dagrun for example_task_group_decorator to 2025-05-06 00:00:00+00:00, run_after=2025-05-07 00:00:00+00:00
[2025-05-07T19:35:18.047+0000] {processor.py:183} INFO - Processing /home/airflow/.local/lib/python3.8/site-packages/airflow/example_dags/example_task_group_decorator.py took 0.112 seconds
[2025-05-07T19:35:48.374+0000] {processor.py:161} INFO - Started process (PID=354) to work on /home/airflow/.local/lib/python3.8/site-packages/airflow/example_dags/example_task_group_decorator.py
[2025-05-07T19:35:48.376+0000] {processor.py:830} INFO - Processing file /home/airflow/.local/lib/python3.8/site-packages/airflow/example_dags/example_task_group_decorator.py for tasks to queue
[2025-05-07T19:35:48.379+0000] {logging_mixin.py:188} INFO - [2025-05-07T19:35:48.379+0000] {dagbag.py:538} INFO - Filling up the DagBag from /home/airflow/.local/lib/python3.8/site-packages/airflow/example_dags/example_task_group_decorator.py
[2025-05-07T19:35:48.401+0000] {processor.py:840} INFO - DAG(s) 'example_task_group_decorator' retrieved from /home/airflow/.local/lib/python3.8/site-packages/airflow/example_dags/example_task_group_decorator.py
[2025-05-07T19:35:48.436+0000] {logging_mixin.py:188} INFO - [2025-05-07T19:35:48.436+0000] {dag.py:3036} INFO - Sync 1 DAGs
[2025-05-07T19:35:48.462+0000] {logging_mixin.py:188} INFO - [2025-05-07T19:35:48.462+0000] {dag.py:3823} INFO - Setting next_dagrun for example_task_group_decorator to 2025-05-06 00:00:00+00:00, run_after=2025-05-07 00:00:00+00:00
[2025-05-07T19:35:48.486+0000] {processor.py:183} INFO - Processing /home/airflow/.local/lib/python3.8/site-packages/airflow/example_dags/example_task_group_decorator.py took 0.118 seconds
[2025-05-07T19:36:19.029+0000] {processor.py:161} INFO - Started process (PID=411) to work on /home/airflow/.local/lib/python3.8/site-packages/airflow/example_dags/example_task_group_decorator.py
[2025-05-07T19:36:19.031+0000] {processor.py:830} INFO - Processing file /home/airflow/.local/lib/python3.8/site-packages/airflow/example_dags/example_task_group_decorator.py for tasks to queue
[2025-05-07T19:36:19.035+0000] {logging_mixin.py:188} INFO - [2025-05-07T19:36:19.034+0000] {dagbag.py:538} INFO - Filling up the DagBag from /home/airflow/.local/lib/python3.8/site-packages/airflow/example_dags/example_task_group_decorator.py
[2025-05-07T19:36:19.051+0000] {processor.py:840} INFO - DAG(s) 'example_task_group_decorator' retrieved from /home/airflow/.local/lib/python3.8/site-packages/airflow/example_dags/example_task_group_decorator.py
[2025-05-07T19:36:19.075+0000] {logging_mixin.py:188} INFO - [2025-05-07T19:36:19.075+0000] {dag.py:3036} INFO - Sync 1 DAGs
[2025-05-07T19:36:19.095+0000] {logging_mixin.py:188} INFO - [2025-05-07T19:36:19.095+0000] {dag.py:3823} INFO - Setting next_dagrun for example_task_group_decorator to 2025-05-06 00:00:00+00:00, run_after=2025-05-07 00:00:00+00:00
[2025-05-07T19:36:19.117+0000] {processor.py:183} INFO - Processing /home/airflow/.local/lib/python3.8/site-packages/airflow/example_dags/example_task_group_decorator.py took 0.095 seconds
[2025-05-07T19:36:49.476+0000] {processor.py:161} INFO - Started process (PID=468) to work on /home/airflow/.local/lib/python3.8/site-packages/airflow/example_dags/example_task_group_decorator.py
[2025-05-07T19:36:49.478+0000] {processor.py:830} INFO - Processing file /home/airflow/.local/lib/python3.8/site-packages/airflow/example_dags/example_task_group_decorator.py for tasks to queue
[2025-05-07T19:36:49.480+0000] {logging_mixin.py:188} INFO - [2025-05-07T19:36:49.479+0000] {dagbag.py:538} INFO - Filling up the DagBag from /home/airflow/.local/lib/python3.8/site-packages/airflow/example_dags/example_task_group_decorator.py
[2025-05-07T19:36:49.495+0000] {processor.py:840} INFO - DAG(s) 'example_task_group_decorator' retrieved from /home/airflow/.local/lib/python3.8/site-packages/airflow/example_dags/example_task_group_decorator.py
[2025-05-07T19:36:49.522+0000] {logging_mixin.py:188} INFO - [2025-05-07T19:36:49.522+0000] {dag.py:3036} INFO - Sync 1 DAGs
[2025-05-07T19:36:49.543+0000] {logging_mixin.py:188} INFO - [2025-05-07T19:36:49.543+0000] {dag.py:3823} INFO - Setting next_dagrun for example_task_group_decorator to 2025-05-06 00:00:00+00:00, run_after=2025-05-07 00:00:00+00:00
[2025-05-07T19:36:49.567+0000] {processor.py:183} INFO - Processing /home/airflow/.local/lib/python3.8/site-packages/airflow/example_dags/example_task_group_decorator.py took 0.094 seconds
[2025-05-07T19:37:20.366+0000] {processor.py:161} INFO - Started process (PID=525) to work on /home/airflow/.local/lib/python3.8/site-packages/airflow/example_dags/example_task_group_decorator.py
[2025-05-07T19:37:20.372+0000] {processor.py:830} INFO - Processing file /home/airflow/.local/lib/python3.8/site-packages/airflow/example_dags/example_task_group_decorator.py for tasks to queue
[2025-05-07T19:37:20.379+0000] {logging_mixin.py:188} INFO - [2025-05-07T19:37:20.379+0000] {dagbag.py:538} INFO - Filling up the DagBag from /home/airflow/.local/lib/python3.8/site-packages/airflow/example_dags/example_task_group_decorator.py
[2025-05-07T19:37:20.402+0000] {processor.py:840} INFO - DAG(s) 'example_task_group_decorator' retrieved from /home/airflow/.local/lib/python3.8/site-packages/airflow/example_dags/example_task_group_decorator.py
[2025-05-07T19:37:20.427+0000] {logging_mixin.py:188} INFO - [2025-05-07T19:37:20.427+0000] {dag.py:3036} INFO - Sync 1 DAGs
[2025-05-07T19:37:20.447+0000] {logging_mixin.py:188} INFO - [2025-05-07T19:37:20.447+0000] {dag.py:3823} INFO - Setting next_dagrun for example_task_group_decorator to 2025-05-06 00:00:00+00:00, run_after=2025-05-07 00:00:00+00:00
[2025-05-07T19:37:20.470+0000] {processor.py:183} INFO - Processing /home/airflow/.local/lib/python3.8/site-packages/airflow/example_dags/example_task_group_decorator.py took 0.108 seconds
[2025-05-07T19:37:50.844+0000] {processor.py:161} INFO - Started process (PID=582) to work on /home/airflow/.local/lib/python3.8/site-packages/airflow/example_dags/example_task_group_decorator.py
[2025-05-07T19:37:50.846+0000] {processor.py:830} INFO - Processing file /home/airflow/.local/lib/python3.8/site-packages/airflow/example_dags/example_task_group_decorator.py for tasks to queue
[2025-05-07T19:37:50.848+0000] {logging_mixin.py:188} INFO - [2025-05-07T19:37:50.847+0000] {dagbag.py:538} INFO - Filling up the DagBag from /home/airflow/.local/lib/python3.8/site-packages/airflow/example_dags/example_task_group_decorator.py
[2025-05-07T19:37:50.864+0000] {processor.py:840} INFO - DAG(s) 'example_task_group_decorator' retrieved from /home/airflow/.local/lib/python3.8/site-packages/airflow/example_dags/example_task_group_decorator.py
[2025-05-07T19:37:50.888+0000] {logging_mixin.py:188} INFO - [2025-05-07T19:37:50.888+0000] {dag.py:3036} INFO - Sync 1 DAGs
[2025-05-07T19:37:50.910+0000] {logging_mixin.py:188} INFO - [2025-05-07T19:37:50.909+0000] {dag.py:3823} INFO - Setting next_dagrun for example_task_group_decorator to 2025-05-06 00:00:00+00:00, run_after=2025-05-07 00:00:00+00:00
[2025-05-07T19:37:50.933+0000] {processor.py:183} INFO - Processing /home/airflow/.local/lib/python3.8/site-packages/airflow/example_dags/example_task_group_decorator.py took 0.094 seconds
[2025-05-07T19:38:21.676+0000] {processor.py:161} INFO - Started process (PID=639) to work on /home/airflow/.local/lib/python3.8/site-packages/airflow/example_dags/example_task_group_decorator.py
[2025-05-07T19:38:21.678+0000] {processor.py:830} INFO - Processing file /home/airflow/.local/lib/python3.8/site-packages/airflow/example_dags/example_task_group_decorator.py for tasks to queue
[2025-05-07T19:38:21.681+0000] {logging_mixin.py:188} INFO - [2025-05-07T19:38:21.680+0000] {dagbag.py:538} INFO - Filling up the DagBag from /home/airflow/.local/lib/python3.8/site-packages/airflow/example_dags/example_task_group_decorator.py
[2025-05-07T19:38:21.698+0000] {processor.py:840} INFO - DAG(s) 'example_task_group_decorator' retrieved from /home/airflow/.local/lib/python3.8/site-packages/airflow/example_dags/example_task_group_decorator.py
[2025-05-07T19:38:21.722+0000] {logging_mixin.py:188} INFO - [2025-05-07T19:38:21.721+0000] {dag.py:3036} INFO - Sync 1 DAGs
[2025-05-07T19:38:21.742+0000] {logging_mixin.py:188} INFO - [2025-05-07T19:38:21.742+0000] {dag.py:3823} INFO - Setting next_dagrun for example_task_group_decorator to 2025-05-06 00:00:00+00:00, run_after=2025-05-07 00:00:00+00:00
[2025-05-07T19:38:21.762+0000] {processor.py:183} INFO - Processing /home/airflow/.local/lib/python3.8/site-packages/airflow/example_dags/example_task_group_decorator.py took 0.090 seconds
[2025-05-07T19:38:52.046+0000] {processor.py:161} INFO - Started process (PID=696) to work on /home/airflow/.local/lib/python3.8/site-packages/airflow/example_dags/example_task_group_decorator.py
[2025-05-07T19:38:52.049+0000] {processor.py:830} INFO - Processing file /home/airflow/.local/lib/python3.8/site-packages/airflow/example_dags/example_task_group_decorator.py for tasks to queue
[2025-05-07T19:38:52.054+0000] {logging_mixin.py:188} INFO - [2025-05-07T19:38:52.054+0000] {dagbag.py:538} INFO - Filling up the DagBag from /home/airflow/.local/lib/python3.8/site-packages/airflow/example_dags/example_task_group_decorator.py
[2025-05-07T19:38:52.071+0000] {processor.py:840} INFO - DAG(s) 'example_task_group_decorator' retrieved from /home/airflow/.local/lib/python3.8/site-packages/airflow/example_dags/example_task_group_decorator.py
[2025-05-07T19:38:52.117+0000] {logging_mixin.py:188} INFO - [2025-05-07T19:38:52.117+0000] {dag.py:3036} INFO - Sync 1 DAGs
[2025-05-07T19:38:52.150+0000] {logging_mixin.py:188} INFO - [2025-05-07T19:38:52.149+0000] {dag.py:3823} INFO - Setting next_dagrun for example_task_group_decorator to 2025-05-06 00:00:00+00:00, run_after=2025-05-07 00:00:00+00:00
[2025-05-07T19:38:52.175+0000] {processor.py:183} INFO - Processing /home/airflow/.local/lib/python3.8/site-packages/airflow/example_dags/example_task_group_decorator.py took 0.135 seconds
[2025-05-07T19:39:22.414+0000] {processor.py:161} INFO - Started process (PID=753) to work on /home/airflow/.local/lib/python3.8/site-packages/airflow/example_dags/example_task_group_decorator.py
[2025-05-07T19:39:22.416+0000] {processor.py:830} INFO - Processing file /home/airflow/.local/lib/python3.8/site-packages/airflow/example_dags/example_task_group_decorator.py for tasks to queue
[2025-05-07T19:39:22.420+0000] {logging_mixin.py:188} INFO - [2025-05-07T19:39:22.419+0000] {dagbag.py:538} INFO - Filling up the DagBag from /home/airflow/.local/lib/python3.8/site-packages/airflow/example_dags/example_task_group_decorator.py
[2025-05-07T19:39:22.435+0000] {processor.py:840} INFO - DAG(s) 'example_task_group_decorator' retrieved from /home/airflow/.local/lib/python3.8/site-packages/airflow/example_dags/example_task_group_decorator.py
[2025-05-07T19:39:22.463+0000] {logging_mixin.py:188} INFO - [2025-05-07T19:39:22.463+0000] {dag.py:3036} INFO - Sync 1 DAGs
[2025-05-07T19:39:22.487+0000] {logging_mixin.py:188} INFO - [2025-05-07T19:39:22.486+0000] {dag.py:3823} INFO - Setting next_dagrun for example_task_group_decorator to 2025-05-06 00:00:00+00:00, run_after=2025-05-07 00:00:00+00:00
[2025-05-07T19:39:22.514+0000] {processor.py:183} INFO - Processing /home/airflow/.local/lib/python3.8/site-packages/airflow/example_dags/example_task_group_decorator.py took 0.103 seconds
[2025-05-07T19:39:52.744+0000] {processor.py:161} INFO - Started process (PID=810) to work on /home/airflow/.local/lib/python3.8/site-packages/airflow/example_dags/example_task_group_decorator.py
[2025-05-07T19:39:52.745+0000] {processor.py:830} INFO - Processing file /home/airflow/.local/lib/python3.8/site-packages/airflow/example_dags/example_task_group_decorator.py for tasks to queue
[2025-05-07T19:39:52.747+0000] {logging_mixin.py:188} INFO - [2025-05-07T19:39:52.747+0000] {dagbag.py:538} INFO - Filling up the DagBag from /home/airflow/.local/lib/python3.8/site-packages/airflow/example_dags/example_task_group_decorator.py
[2025-05-07T19:39:52.762+0000] {processor.py:840} INFO - DAG(s) 'example_task_group_decorator' retrieved from /home/airflow/.local/lib/python3.8/site-packages/airflow/example_dags/example_task_group_decorator.py
[2025-05-07T19:39:52.787+0000] {logging_mixin.py:188} INFO - [2025-05-07T19:39:52.787+0000] {dag.py:3036} INFO - Sync 1 DAGs
[2025-05-07T19:39:52.807+0000] {logging_mixin.py:188} INFO - [2025-05-07T19:39:52.807+0000] {dag.py:3823} INFO - Setting next_dagrun for example_task_group_decorator to 2025-05-06 00:00:00+00:00, run_after=2025-05-07 00:00:00+00:00
[2025-05-07T19:39:52.829+0000] {processor.py:183} INFO - Processing /home/airflow/.local/lib/python3.8/site-packages/airflow/example_dags/example_task_group_decorator.py took 0.089 seconds
[2025-05-07T19:40:23.332+0000] {processor.py:161} INFO - Started process (PID=867) to work on /home/airflow/.local/lib/python3.8/site-packages/airflow/example_dags/example_task_group_decorator.py
[2025-05-07T19:40:23.333+0000] {processor.py:830} INFO - Processing file /home/airflow/.local/lib/python3.8/site-packages/airflow/example_dags/example_task_group_decorator.py for tasks to queue
[2025-05-07T19:40:23.336+0000] {logging_mixin.py:188} INFO - [2025-05-07T19:40:23.335+0000] {dagbag.py:538} INFO - Filling up the DagBag from /home/airflow/.local/lib/python3.8/site-packages/airflow/example_dags/example_task_group_decorator.py
[2025-05-07T19:40:23.350+0000] {processor.py:840} INFO - DAG(s) 'example_task_group_decorator' retrieved from /home/airflow/.local/lib/python3.8/site-packages/airflow/example_dags/example_task_group_decorator.py
[2025-05-07T19:40:23.377+0000] {logging_mixin.py:188} INFO - [2025-05-07T19:40:23.377+0000] {dag.py:3036} INFO - Sync 1 DAGs
[2025-05-07T19:40:23.399+0000] {logging_mixin.py:188} INFO - [2025-05-07T19:40:23.399+0000] {dag.py:3823} INFO - Setting next_dagrun for example_task_group_decorator to 2025-05-06 00:00:00+00:00, run_after=2025-05-07 00:00:00+00:00
[2025-05-07T19:40:23.425+0000] {processor.py:183} INFO - Processing /home/airflow/.local/lib/python3.8/site-packages/airflow/example_dags/example_task_group_decorator.py took 0.097 seconds
[2025-05-07T19:40:53.986+0000] {processor.py:161} INFO - Started process (PID=924) to work on /home/airflow/.local/lib/python3.8/site-packages/airflow/example_dags/example_task_group_decorator.py
[2025-05-07T19:40:53.988+0000] {processor.py:830} INFO - Processing file /home/airflow/.local/lib/python3.8/site-packages/airflow/example_dags/example_task_group_decorator.py for tasks to queue
[2025-05-07T19:40:53.990+0000] {logging_mixin.py:188} INFO - [2025-05-07T19:40:53.990+0000] {dagbag.py:538} INFO - Filling up the DagBag from /home/airflow/.local/lib/python3.8/site-packages/airflow/example_dags/example_task_group_decorator.py
[2025-05-07T19:40:54.006+0000] {processor.py:840} INFO - DAG(s) 'example_task_group_decorator' retrieved from /home/airflow/.local/lib/python3.8/site-packages/airflow/example_dags/example_task_group_decorator.py
[2025-05-07T19:40:54.029+0000] {logging_mixin.py:188} INFO - [2025-05-07T19:40:54.028+0000] {dag.py:3036} INFO - Sync 1 DAGs
[2025-05-07T19:40:54.049+0000] {logging_mixin.py:188} INFO - [2025-05-07T19:40:54.049+0000] {dag.py:3823} INFO - Setting next_dagrun for example_task_group_decorator to 2025-05-06 00:00:00+00:00, run_after=2025-05-07 00:00:00+00:00
[2025-05-07T19:40:54.078+0000] {processor.py:183} INFO - Processing /home/airflow/.local/lib/python3.8/site-packages/airflow/example_dags/example_task_group_decorator.py took 0.095 seconds
[2025-05-07T19:41:24.524+0000] {processor.py:161} INFO - Started process (PID=981) to work on /home/airflow/.local/lib/python3.8/site-packages/airflow/example_dags/example_task_group_decorator.py
[2025-05-07T19:41:24.528+0000] {processor.py:830} INFO - Processing file /home/airflow/.local/lib/python3.8/site-packages/airflow/example_dags/example_task_group_decorator.py for tasks to queue
[2025-05-07T19:41:24.532+0000] {logging_mixin.py:188} INFO - [2025-05-07T19:41:24.532+0000] {dagbag.py:538} INFO - Filling up the DagBag from /home/airflow/.local/lib/python3.8/site-packages/airflow/example_dags/example_task_group_decorator.py
[2025-05-07T19:41:24.550+0000] {processor.py:840} INFO - DAG(s) 'example_task_group_decorator' retrieved from /home/airflow/.local/lib/python3.8/site-packages/airflow/example_dags/example_task_group_decorator.py
[2025-05-07T19:41:24.576+0000] {logging_mixin.py:188} INFO - [2025-05-07T19:41:24.576+0000] {dag.py:3036} INFO - Sync 1 DAGs
[2025-05-07T19:41:24.599+0000] {logging_mixin.py:188} INFO - [2025-05-07T19:41:24.599+0000] {dag.py:3823} INFO - Setting next_dagrun for example_task_group_decorator to 2025-05-06 00:00:00+00:00, run_after=2025-05-07 00:00:00+00:00
[2025-05-07T19:41:24.627+0000] {processor.py:183} INFO - Processing /home/airflow/.local/lib/python3.8/site-packages/airflow/example_dags/example_task_group_decorator.py took 0.106 seconds
[2025-05-07T19:41:55.016+0000] {processor.py:161} INFO - Started process (PID=1038) to work on /home/airflow/.local/lib/python3.8/site-packages/airflow/example_dags/example_task_group_decorator.py
[2025-05-07T19:41:55.018+0000] {processor.py:830} INFO - Processing file /home/airflow/.local/lib/python3.8/site-packages/airflow/example_dags/example_task_group_decorator.py for tasks to queue
[2025-05-07T19:41:55.023+0000] {logging_mixin.py:188} INFO - [2025-05-07T19:41:55.022+0000] {dagbag.py:538} INFO - Filling up the DagBag from /home/airflow/.local/lib/python3.8/site-packages/airflow/example_dags/example_task_group_decorator.py
[2025-05-07T19:41:55.042+0000] {processor.py:840} INFO - DAG(s) 'example_task_group_decorator' retrieved from /home/airflow/.local/lib/python3.8/site-packages/airflow/example_dags/example_task_group_decorator.py
[2025-05-07T19:41:55.085+0000] {logging_mixin.py:188} INFO - [2025-05-07T19:41:55.085+0000] {dag.py:3036} INFO - Sync 1 DAGs
[2025-05-07T19:41:55.122+0000] {logging_mixin.py:188} INFO - [2025-05-07T19:41:55.121+0000] {dag.py:3823} INFO - Setting next_dagrun for example_task_group_decorator to 2025-05-06 00:00:00+00:00, run_after=2025-05-07 00:00:00+00:00
[2025-05-07T19:41:55.148+0000] {processor.py:183} INFO - Processing /home/airflow/.local/lib/python3.8/site-packages/airflow/example_dags/example_task_group_decorator.py took 0.135 seconds
[2025-05-07T19:42:25.869+0000] {processor.py:161} INFO - Started process (PID=1095) to work on /home/airflow/.local/lib/python3.8/site-packages/airflow/example_dags/example_task_group_decorator.py
[2025-05-07T19:42:25.871+0000] {processor.py:830} INFO - Processing file /home/airflow/.local/lib/python3.8/site-packages/airflow/example_dags/example_task_group_decorator.py for tasks to queue
[2025-05-07T19:42:25.874+0000] {logging_mixin.py:188} INFO - [2025-05-07T19:42:25.874+0000] {dagbag.py:538} INFO - Filling up the DagBag from /home/airflow/.local/lib/python3.8/site-packages/airflow/example_dags/example_task_group_decorator.py
[2025-05-07T19:42:25.891+0000] {processor.py:840} INFO - DAG(s) 'example_task_group_decorator' retrieved from /home/airflow/.local/lib/python3.8/site-packages/airflow/example_dags/example_task_group_decorator.py
[2025-05-07T19:42:25.921+0000] {logging_mixin.py:188} INFO - [2025-05-07T19:42:25.920+0000] {dag.py:3036} INFO - Sync 1 DAGs
[2025-05-07T19:42:25.948+0000] {logging_mixin.py:188} INFO - [2025-05-07T19:42:25.948+0000] {dag.py:3823} INFO - Setting next_dagrun for example_task_group_decorator to 2025-05-06 00:00:00+00:00, run_after=2025-05-07 00:00:00+00:00
[2025-05-07T19:42:25.978+0000] {processor.py:183} INFO - Processing /home/airflow/.local/lib/python3.8/site-packages/airflow/example_dags/example_task_group_decorator.py took 0.113 seconds
[2025-05-07T19:42:56.404+0000] {processor.py:161} INFO - Started process (PID=1152) to work on /home/airflow/.local/lib/python3.8/site-packages/airflow/example_dags/example_task_group_decorator.py
[2025-05-07T19:42:56.406+0000] {processor.py:830} INFO - Processing file /home/airflow/.local/lib/python3.8/site-packages/airflow/example_dags/example_task_group_decorator.py for tasks to queue
[2025-05-07T19:42:56.410+0000] {logging_mixin.py:188} INFO - [2025-05-07T19:42:56.409+0000] {dagbag.py:538} INFO - Filling up the DagBag from /home/airflow/.local/lib/python3.8/site-packages/airflow/example_dags/example_task_group_decorator.py
[2025-05-07T19:42:56.431+0000] {processor.py:840} INFO - DAG(s) 'example_task_group_decorator' retrieved from /home/airflow/.local/lib/python3.8/site-packages/airflow/example_dags/example_task_group_decorator.py
[2025-05-07T19:42:56.463+0000] {logging_mixin.py:188} INFO - [2025-05-07T19:42:56.463+0000] {dag.py:3036} INFO - Sync 1 DAGs
[2025-05-07T19:42:56.497+0000] {logging_mixin.py:188} INFO - [2025-05-07T19:42:56.497+0000] {dag.py:3823} INFO - Setting next_dagrun for example_task_group_decorator to 2025-05-06 00:00:00+00:00, run_after=2025-05-07 00:00:00+00:00
[2025-05-07T19:42:56.521+0000] {processor.py:183} INFO - Processing /home/airflow/.local/lib/python3.8/site-packages/airflow/example_dags/example_task_group_decorator.py took 0.123 seconds
[2025-05-07T19:43:26.920+0000] {processor.py:161} INFO - Started process (PID=1209) to work on /home/airflow/.local/lib/python3.8/site-packages/airflow/example_dags/example_task_group_decorator.py
[2025-05-07T19:43:26.924+0000] {processor.py:830} INFO - Processing file /home/airflow/.local/lib/python3.8/site-packages/airflow/example_dags/example_task_group_decorator.py for tasks to queue
[2025-05-07T19:43:26.927+0000] {logging_mixin.py:188} INFO - [2025-05-07T19:43:26.927+0000] {dagbag.py:538} INFO - Filling up the DagBag from /home/airflow/.local/lib/python3.8/site-packages/airflow/example_dags/example_task_group_decorator.py
[2025-05-07T19:43:26.952+0000] {processor.py:840} INFO - DAG(s) 'example_task_group_decorator' retrieved from /home/airflow/.local/lib/python3.8/site-packages/airflow/example_dags/example_task_group_decorator.py
[2025-05-07T19:43:26.988+0000] {logging_mixin.py:188} INFO - [2025-05-07T19:43:26.987+0000] {dag.py:3036} INFO - Sync 1 DAGs
[2025-05-07T19:43:27.010+0000] {logging_mixin.py:188} INFO - [2025-05-07T19:43:27.010+0000] {dag.py:3823} INFO - Setting next_dagrun for example_task_group_decorator to 2025-05-06 00:00:00+00:00, run_after=2025-05-07 00:00:00+00:00
[2025-05-07T19:43:27.038+0000] {processor.py:183} INFO - Processing /home/airflow/.local/lib/python3.8/site-packages/airflow/example_dags/example_task_group_decorator.py took 0.124 seconds
[2025-05-07T19:43:57.902+0000] {processor.py:161} INFO - Started process (PID=1266) to work on /home/airflow/.local/lib/python3.8/site-packages/airflow/example_dags/example_task_group_decorator.py
[2025-05-07T19:43:57.905+0000] {processor.py:830} INFO - Processing file /home/airflow/.local/lib/python3.8/site-packages/airflow/example_dags/example_task_group_decorator.py for tasks to queue
[2025-05-07T19:43:57.910+0000] {logging_mixin.py:188} INFO - [2025-05-07T19:43:57.909+0000] {dagbag.py:538} INFO - Filling up the DagBag from /home/airflow/.local/lib/python3.8/site-packages/airflow/example_dags/example_task_group_decorator.py
[2025-05-07T19:43:57.932+0000] {processor.py:840} INFO - DAG(s) 'example_task_group_decorator' retrieved from /home/airflow/.local/lib/python3.8/site-packages/airflow/example_dags/example_task_group_decorator.py
[2025-05-07T19:43:57.958+0000] {logging_mixin.py:188} INFO - [2025-05-07T19:43:57.958+0000] {dag.py:3036} INFO - Sync 1 DAGs
[2025-05-07T19:43:57.980+0000] {logging_mixin.py:188} INFO - [2025-05-07T19:43:57.980+0000] {dag.py:3823} INFO - Setting next_dagrun for example_task_group_decorator to 2025-05-06 00:00:00+00:00, run_after=2025-05-07 00:00:00+00:00
[2025-05-07T19:43:58.003+0000] {processor.py:183} INFO - Processing /home/airflow/.local/lib/python3.8/site-packages/airflow/example_dags/example_task_group_decorator.py took 0.107 seconds
[2025-05-07T19:44:28.312+0000] {processor.py:161} INFO - Started process (PID=1323) to work on /home/airflow/.local/lib/python3.8/site-packages/airflow/example_dags/example_task_group_decorator.py
[2025-05-07T19:44:28.313+0000] {processor.py:830} INFO - Processing file /home/airflow/.local/lib/python3.8/site-packages/airflow/example_dags/example_task_group_decorator.py for tasks to queue
[2025-05-07T19:44:28.316+0000] {logging_mixin.py:188} INFO - [2025-05-07T19:44:28.315+0000] {dagbag.py:538} INFO - Filling up the DagBag from /home/airflow/.local/lib/python3.8/site-packages/airflow/example_dags/example_task_group_decorator.py
[2025-05-07T19:44:28.329+0000] {processor.py:840} INFO - DAG(s) 'example_task_group_decorator' retrieved from /home/airflow/.local/lib/python3.8/site-packages/airflow/example_dags/example_task_group_decorator.py
[2025-05-07T19:44:28.352+0000] {logging_mixin.py:188} INFO - [2025-05-07T19:44:28.352+0000] {dag.py:3036} INFO - Sync 1 DAGs
[2025-05-07T19:44:28.374+0000] {logging_mixin.py:188} INFO - [2025-05-07T19:44:28.373+0000] {dag.py:3823} INFO - Setting next_dagrun for example_task_group_decorator to 2025-05-06 00:00:00+00:00, run_after=2025-05-07 00:00:00+00:00
[2025-05-07T19:44:28.394+0000] {processor.py:183} INFO - Processing /home/airflow/.local/lib/python3.8/site-packages/airflow/example_dags/example_task_group_decorator.py took 0.085 seconds
[2025-05-07T19:44:58.963+0000] {processor.py:161} INFO - Started process (PID=1380) to work on /home/airflow/.local/lib/python3.8/site-packages/airflow/example_dags/example_task_group_decorator.py
[2025-05-07T19:44:58.964+0000] {processor.py:830} INFO - Processing file /home/airflow/.local/lib/python3.8/site-packages/airflow/example_dags/example_task_group_decorator.py for tasks to queue
[2025-05-07T19:44:58.966+0000] {logging_mixin.py:188} INFO - [2025-05-07T19:44:58.966+0000] {dagbag.py:538} INFO - Filling up the DagBag from /home/airflow/.local/lib/python3.8/site-packages/airflow/example_dags/example_task_group_decorator.py
[2025-05-07T19:44:58.979+0000] {processor.py:840} INFO - DAG(s) 'example_task_group_decorator' retrieved from /home/airflow/.local/lib/python3.8/site-packages/airflow/example_dags/example_task_group_decorator.py
[2025-05-07T19:44:59.005+0000] {logging_mixin.py:188} INFO - [2025-05-07T19:44:59.004+0000] {dag.py:3036} INFO - Sync 1 DAGs
[2025-05-07T19:44:59.026+0000] {logging_mixin.py:188} INFO - [2025-05-07T19:44:59.025+0000] {dag.py:3823} INFO - Setting next_dagrun for example_task_group_decorator to 2025-05-06 00:00:00+00:00, run_after=2025-05-07 00:00:00+00:00
[2025-05-07T19:44:59.045+0000] {processor.py:183} INFO - Processing /home/airflow/.local/lib/python3.8/site-packages/airflow/example_dags/example_task_group_decorator.py took 0.085 seconds
[2025-05-07T19:45:29.511+0000] {processor.py:161} INFO - Started process (PID=1437) to work on /home/airflow/.local/lib/python3.8/site-packages/airflow/example_dags/example_task_group_decorator.py
[2025-05-07T19:45:29.513+0000] {processor.py:830} INFO - Processing file /home/airflow/.local/lib/python3.8/site-packages/airflow/example_dags/example_task_group_decorator.py for tasks to queue
[2025-05-07T19:45:29.515+0000] {logging_mixin.py:188} INFO - [2025-05-07T19:45:29.515+0000] {dagbag.py:538} INFO - Filling up the DagBag from /home/airflow/.local/lib/python3.8/site-packages/airflow/example_dags/example_task_group_decorator.py
[2025-05-07T19:45:29.531+0000] {processor.py:840} INFO - DAG(s) 'example_task_group_decorator' retrieved from /home/airflow/.local/lib/python3.8/site-packages/airflow/example_dags/example_task_group_decorator.py
[2025-05-07T19:45:29.559+0000] {logging_mixin.py:188} INFO - [2025-05-07T19:45:29.559+0000] {dag.py:3036} INFO - Sync 1 DAGs
[2025-05-07T19:45:29.583+0000] {logging_mixin.py:188} INFO - [2025-05-07T19:45:29.583+0000] {dag.py:3823} INFO - Setting next_dagrun for example_task_group_decorator to 2025-05-06 00:00:00+00:00, run_after=2025-05-07 00:00:00+00:00
[2025-05-07T19:45:29.609+0000] {processor.py:183} INFO - Processing /home/airflow/.local/lib/python3.8/site-packages/airflow/example_dags/example_task_group_decorator.py took 0.101 seconds
[2025-05-07T19:46:00.216+0000] {processor.py:161} INFO - Started process (PID=1494) to work on /home/airflow/.local/lib/python3.8/site-packages/airflow/example_dags/example_task_group_decorator.py
[2025-05-07T19:46:00.218+0000] {processor.py:830} INFO - Processing file /home/airflow/.local/lib/python3.8/site-packages/airflow/example_dags/example_task_group_decorator.py for tasks to queue
[2025-05-07T19:46:00.220+0000] {logging_mixin.py:188} INFO - [2025-05-07T19:46:00.220+0000] {dagbag.py:538} INFO - Filling up the DagBag from /home/airflow/.local/lib/python3.8/site-packages/airflow/example_dags/example_task_group_decorator.py
[2025-05-07T19:46:00.235+0000] {processor.py:840} INFO - DAG(s) 'example_task_group_decorator' retrieved from /home/airflow/.local/lib/python3.8/site-packages/airflow/example_dags/example_task_group_decorator.py
[2025-05-07T19:46:00.260+0000] {logging_mixin.py:188} INFO - [2025-05-07T19:46:00.259+0000] {dag.py:3036} INFO - Sync 1 DAGs
[2025-05-07T19:46:00.281+0000] {logging_mixin.py:188} INFO - [2025-05-07T19:46:00.281+0000] {dag.py:3823} INFO - Setting next_dagrun for example_task_group_decorator to 2025-05-06 00:00:00+00:00, run_after=2025-05-07 00:00:00+00:00
[2025-05-07T19:46:00.301+0000] {processor.py:183} INFO - Processing /home/airflow/.local/lib/python3.8/site-packages/airflow/example_dags/example_task_group_decorator.py took 0.087 seconds
[2025-05-07T19:46:30.696+0000] {processor.py:161} INFO - Started process (PID=1551) to work on /home/airflow/.local/lib/python3.8/site-packages/airflow/example_dags/example_task_group_decorator.py
[2025-05-07T19:46:30.699+0000] {processor.py:830} INFO - Processing file /home/airflow/.local/lib/python3.8/site-packages/airflow/example_dags/example_task_group_decorator.py for tasks to queue
[2025-05-07T19:46:30.704+0000] {logging_mixin.py:188} INFO - [2025-05-07T19:46:30.704+0000] {dagbag.py:538} INFO - Filling up the DagBag from /home/airflow/.local/lib/python3.8/site-packages/airflow/example_dags/example_task_group_decorator.py
[2025-05-07T19:46:30.735+0000] {processor.py:840} INFO - DAG(s) 'example_task_group_decorator' retrieved from /home/airflow/.local/lib/python3.8/site-packages/airflow/example_dags/example_task_group_decorator.py
[2025-05-07T19:46:30.782+0000] {logging_mixin.py:188} INFO - [2025-05-07T19:46:30.782+0000] {dag.py:3036} INFO - Sync 1 DAGs
[2025-05-07T19:46:30.810+0000] {logging_mixin.py:188} INFO - [2025-05-07T19:46:30.809+0000] {dag.py:3823} INFO - Setting next_dagrun for example_task_group_decorator to 2025-05-06 00:00:00+00:00, run_after=2025-05-07 00:00:00+00:00
[2025-05-07T19:46:30.832+0000] {processor.py:183} INFO - Processing /home/airflow/.local/lib/python3.8/site-packages/airflow/example_dags/example_task_group_decorator.py took 0.145 seconds
[2025-05-07T19:47:01.451+0000] {processor.py:161} INFO - Started process (PID=1609) to work on /home/airflow/.local/lib/python3.8/site-packages/airflow/example_dags/example_task_group_decorator.py
[2025-05-07T19:47:01.453+0000] {processor.py:830} INFO - Processing file /home/airflow/.local/lib/python3.8/site-packages/airflow/example_dags/example_task_group_decorator.py for tasks to queue
[2025-05-07T19:47:01.456+0000] {logging_mixin.py:188} INFO - [2025-05-07T19:47:01.455+0000] {dagbag.py:538} INFO - Filling up the DagBag from /home/airflow/.local/lib/python3.8/site-packages/airflow/example_dags/example_task_group_decorator.py
[2025-05-07T19:47:01.471+0000] {processor.py:840} INFO - DAG(s) 'example_task_group_decorator' retrieved from /home/airflow/.local/lib/python3.8/site-packages/airflow/example_dags/example_task_group_decorator.py
[2025-05-07T19:47:01.500+0000] {logging_mixin.py:188} INFO - [2025-05-07T19:47:01.500+0000] {dag.py:3036} INFO - Sync 1 DAGs
[2025-05-07T19:47:01.524+0000] {logging_mixin.py:188} INFO - [2025-05-07T19:47:01.524+0000] {dag.py:3823} INFO - Setting next_dagrun for example_task_group_decorator to 2025-05-06 00:00:00+00:00, run_after=2025-05-07 00:00:00+00:00
[2025-05-07T19:47:01.552+0000] {processor.py:183} INFO - Processing /home/airflow/.local/lib/python3.8/site-packages/airflow/example_dags/example_task_group_decorator.py took 0.105 seconds
[2025-05-07T19:47:31.831+0000] {processor.py:161} INFO - Started process (PID=1666) to work on /home/airflow/.local/lib/python3.8/site-packages/airflow/example_dags/example_task_group_decorator.py
[2025-05-07T19:47:31.832+0000] {processor.py:830} INFO - Processing file /home/airflow/.local/lib/python3.8/site-packages/airflow/example_dags/example_task_group_decorator.py for tasks to queue
[2025-05-07T19:47:31.835+0000] {logging_mixin.py:188} INFO - [2025-05-07T19:47:31.834+0000] {dagbag.py:538} INFO - Filling up the DagBag from /home/airflow/.local/lib/python3.8/site-packages/airflow/example_dags/example_task_group_decorator.py
[2025-05-07T19:47:31.850+0000] {processor.py:840} INFO - DAG(s) 'example_task_group_decorator' retrieved from /home/airflow/.local/lib/python3.8/site-packages/airflow/example_dags/example_task_group_decorator.py
[2025-05-07T19:47:31.875+0000] {logging_mixin.py:188} INFO - [2025-05-07T19:47:31.875+0000] {dag.py:3036} INFO - Sync 1 DAGs
[2025-05-07T19:47:31.898+0000] {logging_mixin.py:188} INFO - [2025-05-07T19:47:31.897+0000] {dag.py:3823} INFO - Setting next_dagrun for example_task_group_decorator to 2025-05-06 00:00:00+00:00, run_after=2025-05-07 00:00:00+00:00
[2025-05-07T19:47:31.921+0000] {processor.py:183} INFO - Processing /home/airflow/.local/lib/python3.8/site-packages/airflow/example_dags/example_task_group_decorator.py took 0.093 seconds
[2025-05-07T19:48:02.416+0000] {processor.py:161} INFO - Started process (PID=1723) to work on /home/airflow/.local/lib/python3.8/site-packages/airflow/example_dags/example_task_group_decorator.py
[2025-05-07T19:48:02.418+0000] {processor.py:830} INFO - Processing file /home/airflow/.local/lib/python3.8/site-packages/airflow/example_dags/example_task_group_decorator.py for tasks to queue
[2025-05-07T19:48:02.420+0000] {logging_mixin.py:188} INFO - [2025-05-07T19:48:02.419+0000] {dagbag.py:538} INFO - Filling up the DagBag from /home/airflow/.local/lib/python3.8/site-packages/airflow/example_dags/example_task_group_decorator.py
[2025-05-07T19:48:02.435+0000] {processor.py:840} INFO - DAG(s) 'example_task_group_decorator' retrieved from /home/airflow/.local/lib/python3.8/site-packages/airflow/example_dags/example_task_group_decorator.py
[2025-05-07T19:48:02.459+0000] {logging_mixin.py:188} INFO - [2025-05-07T19:48:02.459+0000] {dag.py:3036} INFO - Sync 1 DAGs
[2025-05-07T19:48:02.484+0000] {logging_mixin.py:188} INFO - [2025-05-07T19:48:02.484+0000] {dag.py:3823} INFO - Setting next_dagrun for example_task_group_decorator to 2025-05-06 00:00:00+00:00, run_after=2025-05-07 00:00:00+00:00
[2025-05-07T19:48:02.510+0000] {processor.py:183} INFO - Processing /home/airflow/.local/lib/python3.8/site-packages/airflow/example_dags/example_task_group_decorator.py took 0.098 seconds
[2025-05-07T19:48:33.153+0000] {processor.py:161} INFO - Started process (PID=1780) to work on /home/airflow/.local/lib/python3.8/site-packages/airflow/example_dags/example_task_group_decorator.py
[2025-05-07T19:48:33.155+0000] {processor.py:830} INFO - Processing file /home/airflow/.local/lib/python3.8/site-packages/airflow/example_dags/example_task_group_decorator.py for tasks to queue
[2025-05-07T19:48:33.157+0000] {logging_mixin.py:188} INFO - [2025-05-07T19:48:33.157+0000] {dagbag.py:538} INFO - Filling up the DagBag from /home/airflow/.local/lib/python3.8/site-packages/airflow/example_dags/example_task_group_decorator.py
[2025-05-07T19:48:33.170+0000] {processor.py:840} INFO - DAG(s) 'example_task_group_decorator' retrieved from /home/airflow/.local/lib/python3.8/site-packages/airflow/example_dags/example_task_group_decorator.py
[2025-05-07T19:48:33.193+0000] {logging_mixin.py:188} INFO - [2025-05-07T19:48:33.193+0000] {dag.py:3036} INFO - Sync 1 DAGs
[2025-05-07T19:48:33.214+0000] {logging_mixin.py:188} INFO - [2025-05-07T19:48:33.213+0000] {dag.py:3823} INFO - Setting next_dagrun for example_task_group_decorator to 2025-05-06 00:00:00+00:00, run_after=2025-05-07 00:00:00+00:00
[2025-05-07T19:48:33.236+0000] {processor.py:183} INFO - Processing /home/airflow/.local/lib/python3.8/site-packages/airflow/example_dags/example_task_group_decorator.py took 0.086 seconds
[2025-05-07T19:49:03.411+0000] {processor.py:161} INFO - Started process (PID=1836) to work on /home/airflow/.local/lib/python3.8/site-packages/airflow/example_dags/example_task_group_decorator.py
[2025-05-07T19:49:03.414+0000] {processor.py:830} INFO - Processing file /home/airflow/.local/lib/python3.8/site-packages/airflow/example_dags/example_task_group_decorator.py for tasks to queue
[2025-05-07T19:49:03.417+0000] {logging_mixin.py:188} INFO - [2025-05-07T19:49:03.417+0000] {dagbag.py:538} INFO - Filling up the DagBag from /home/airflow/.local/lib/python3.8/site-packages/airflow/example_dags/example_task_group_decorator.py
[2025-05-07T19:49:03.436+0000] {processor.py:840} INFO - DAG(s) 'example_task_group_decorator' retrieved from /home/airflow/.local/lib/python3.8/site-packages/airflow/example_dags/example_task_group_decorator.py
[2025-05-07T19:49:03.465+0000] {logging_mixin.py:188} INFO - [2025-05-07T19:49:03.464+0000] {dag.py:3036} INFO - Sync 1 DAGs
[2025-05-07T19:49:03.490+0000] {logging_mixin.py:188} INFO - [2025-05-07T19:49:03.490+0000] {dag.py:3823} INFO - Setting next_dagrun for example_task_group_decorator to 2025-05-06 00:00:00+00:00, run_after=2025-05-07 00:00:00+00:00
[2025-05-07T19:49:03.518+0000] {processor.py:183} INFO - Processing /home/airflow/.local/lib/python3.8/site-packages/airflow/example_dags/example_task_group_decorator.py took 0.113 seconds
[2025-05-07T19:49:34.051+0000] {processor.py:161} INFO - Started process (PID=1893) to work on /home/airflow/.local/lib/python3.8/site-packages/airflow/example_dags/example_task_group_decorator.py
[2025-05-07T19:49:34.052+0000] {processor.py:830} INFO - Processing file /home/airflow/.local/lib/python3.8/site-packages/airflow/example_dags/example_task_group_decorator.py for tasks to queue
[2025-05-07T19:49:34.055+0000] {logging_mixin.py:188} INFO - [2025-05-07T19:49:34.054+0000] {dagbag.py:538} INFO - Filling up the DagBag from /home/airflow/.local/lib/python3.8/site-packages/airflow/example_dags/example_task_group_decorator.py
[2025-05-07T19:49:34.068+0000] {processor.py:840} INFO - DAG(s) 'example_task_group_decorator' retrieved from /home/airflow/.local/lib/python3.8/site-packages/airflow/example_dags/example_task_group_decorator.py
[2025-05-07T19:49:34.109+0000] {logging_mixin.py:188} INFO - [2025-05-07T19:49:34.109+0000] {dag.py:3036} INFO - Sync 1 DAGs
[2025-05-07T19:49:34.133+0000] {logging_mixin.py:188} INFO - [2025-05-07T19:49:34.133+0000] {dag.py:3823} INFO - Setting next_dagrun for example_task_group_decorator to 2025-05-06 00:00:00+00:00, run_after=2025-05-07 00:00:00+00:00
[2025-05-07T19:49:34.158+0000] {processor.py:183} INFO - Processing /home/airflow/.local/lib/python3.8/site-packages/airflow/example_dags/example_task_group_decorator.py took 0.110 seconds
[2025-05-07T19:50:04.813+0000] {processor.py:161} INFO - Started process (PID=1950) to work on /home/airflow/.local/lib/python3.8/site-packages/airflow/example_dags/example_task_group_decorator.py
[2025-05-07T19:50:04.814+0000] {processor.py:830} INFO - Processing file /home/airflow/.local/lib/python3.8/site-packages/airflow/example_dags/example_task_group_decorator.py for tasks to queue
[2025-05-07T19:50:04.817+0000] {logging_mixin.py:188} INFO - [2025-05-07T19:50:04.816+0000] {dagbag.py:538} INFO - Filling up the DagBag from /home/airflow/.local/lib/python3.8/site-packages/airflow/example_dags/example_task_group_decorator.py
[2025-05-07T19:50:04.830+0000] {processor.py:840} INFO - DAG(s) 'example_task_group_decorator' retrieved from /home/airflow/.local/lib/python3.8/site-packages/airflow/example_dags/example_task_group_decorator.py
[2025-05-07T19:50:04.854+0000] {logging_mixin.py:188} INFO - [2025-05-07T19:50:04.854+0000] {dag.py:3036} INFO - Sync 1 DAGs
[2025-05-07T19:50:04.879+0000] {logging_mixin.py:188} INFO - [2025-05-07T19:50:04.879+0000] {dag.py:3823} INFO - Setting next_dagrun for example_task_group_decorator to 2025-05-06 00:00:00+00:00, run_after=2025-05-07 00:00:00+00:00
[2025-05-07T19:50:04.904+0000] {processor.py:183} INFO - Processing /home/airflow/.local/lib/python3.8/site-packages/airflow/example_dags/example_task_group_decorator.py took 0.094 seconds
[2025-05-07T19:50:35.503+0000] {processor.py:161} INFO - Started process (PID=2007) to work on /home/airflow/.local/lib/python3.8/site-packages/airflow/example_dags/example_task_group_decorator.py
[2025-05-07T19:50:35.504+0000] {processor.py:830} INFO - Processing file /home/airflow/.local/lib/python3.8/site-packages/airflow/example_dags/example_task_group_decorator.py for tasks to queue
[2025-05-07T19:50:35.506+0000] {logging_mixin.py:188} INFO - [2025-05-07T19:50:35.506+0000] {dagbag.py:538} INFO - Filling up the DagBag from /home/airflow/.local/lib/python3.8/site-packages/airflow/example_dags/example_task_group_decorator.py
[2025-05-07T19:50:35.519+0000] {processor.py:840} INFO - DAG(s) 'example_task_group_decorator' retrieved from /home/airflow/.local/lib/python3.8/site-packages/airflow/example_dags/example_task_group_decorator.py
[2025-05-07T19:50:35.542+0000] {logging_mixin.py:188} INFO - [2025-05-07T19:50:35.542+0000] {dag.py:3036} INFO - Sync 1 DAGs
[2025-05-07T19:50:35.568+0000] {logging_mixin.py:188} INFO - [2025-05-07T19:50:35.567+0000] {dag.py:3823} INFO - Setting next_dagrun for example_task_group_decorator to 2025-05-06 00:00:00+00:00, run_after=2025-05-07 00:00:00+00:00
[2025-05-07T19:50:35.593+0000] {processor.py:183} INFO - Processing /home/airflow/.local/lib/python3.8/site-packages/airflow/example_dags/example_task_group_decorator.py took 0.093 seconds
[2025-05-07T19:51:06.023+0000] {processor.py:161} INFO - Started process (PID=2064) to work on /home/airflow/.local/lib/python3.8/site-packages/airflow/example_dags/example_task_group_decorator.py
[2025-05-07T19:51:06.024+0000] {processor.py:830} INFO - Processing file /home/airflow/.local/lib/python3.8/site-packages/airflow/example_dags/example_task_group_decorator.py for tasks to queue
[2025-05-07T19:51:06.028+0000] {logging_mixin.py:188} INFO - [2025-05-07T19:51:06.027+0000] {dagbag.py:538} INFO - Filling up the DagBag from /home/airflow/.local/lib/python3.8/site-packages/airflow/example_dags/example_task_group_decorator.py
[2025-05-07T19:51:06.054+0000] {processor.py:840} INFO - DAG(s) 'example_task_group_decorator' retrieved from /home/airflow/.local/lib/python3.8/site-packages/airflow/example_dags/example_task_group_decorator.py
[2025-05-07T19:51:06.090+0000] {logging_mixin.py:188} INFO - [2025-05-07T19:51:06.089+0000] {dag.py:3036} INFO - Sync 1 DAGs
[2025-05-07T19:51:06.110+0000] {logging_mixin.py:188} INFO - [2025-05-07T19:51:06.110+0000] {dag.py:3823} INFO - Setting next_dagrun for example_task_group_decorator to 2025-05-06 00:00:00+00:00, run_after=2025-05-07 00:00:00+00:00
[2025-05-07T19:51:06.131+0000] {processor.py:183} INFO - Processing /home/airflow/.local/lib/python3.8/site-packages/airflow/example_dags/example_task_group_decorator.py took 0.114 seconds
[2025-05-07T19:51:36.444+0000] {processor.py:161} INFO - Started process (PID=2121) to work on /home/airflow/.local/lib/python3.8/site-packages/airflow/example_dags/example_task_group_decorator.py
[2025-05-07T19:51:36.446+0000] {processor.py:830} INFO - Processing file /home/airflow/.local/lib/python3.8/site-packages/airflow/example_dags/example_task_group_decorator.py for tasks to queue
[2025-05-07T19:51:36.449+0000] {logging_mixin.py:188} INFO - [2025-05-07T19:51:36.449+0000] {dagbag.py:538} INFO - Filling up the DagBag from /home/airflow/.local/lib/python3.8/site-packages/airflow/example_dags/example_task_group_decorator.py
[2025-05-07T19:51:36.467+0000] {processor.py:840} INFO - DAG(s) 'example_task_group_decorator' retrieved from /home/airflow/.local/lib/python3.8/site-packages/airflow/example_dags/example_task_group_decorator.py
[2025-05-07T19:51:36.493+0000] {logging_mixin.py:188} INFO - [2025-05-07T19:51:36.493+0000] {dag.py:3036} INFO - Sync 1 DAGs
[2025-05-07T19:51:36.515+0000] {logging_mixin.py:188} INFO - [2025-05-07T19:51:36.515+0000] {dag.py:3823} INFO - Setting next_dagrun for example_task_group_decorator to 2025-05-06 00:00:00+00:00, run_after=2025-05-07 00:00:00+00:00
[2025-05-07T19:51:36.536+0000] {processor.py:183} INFO - Processing /home/airflow/.local/lib/python3.8/site-packages/airflow/example_dags/example_task_group_decorator.py took 0.098 seconds
[2025-05-07T19:52:06.700+0000] {processor.py:161} INFO - Started process (PID=2178) to work on /home/airflow/.local/lib/python3.8/site-packages/airflow/example_dags/example_task_group_decorator.py
[2025-05-07T19:52:06.702+0000] {processor.py:830} INFO - Processing file /home/airflow/.local/lib/python3.8/site-packages/airflow/example_dags/example_task_group_decorator.py for tasks to queue
[2025-05-07T19:52:06.704+0000] {logging_mixin.py:188} INFO - [2025-05-07T19:52:06.704+0000] {dagbag.py:538} INFO - Filling up the DagBag from /home/airflow/.local/lib/python3.8/site-packages/airflow/example_dags/example_task_group_decorator.py
[2025-05-07T19:52:06.718+0000] {processor.py:840} INFO - DAG(s) 'example_task_group_decorator' retrieved from /home/airflow/.local/lib/python3.8/site-packages/airflow/example_dags/example_task_group_decorator.py
[2025-05-07T19:52:06.744+0000] {logging_mixin.py:188} INFO - [2025-05-07T19:52:06.744+0000] {dag.py:3036} INFO - Sync 1 DAGs
[2025-05-07T19:52:06.766+0000] {logging_mixin.py:188} INFO - [2025-05-07T19:52:06.766+0000] {dag.py:3823} INFO - Setting next_dagrun for example_task_group_decorator to 2025-05-06 00:00:00+00:00, run_after=2025-05-07 00:00:00+00:00
[2025-05-07T19:52:06.788+0000] {processor.py:183} INFO - Processing /home/airflow/.local/lib/python3.8/site-packages/airflow/example_dags/example_task_group_decorator.py took 0.093 seconds
[2025-05-07T19:52:36.967+0000] {processor.py:161} INFO - Started process (PID=2235) to work on /home/airflow/.local/lib/python3.8/site-packages/airflow/example_dags/example_task_group_decorator.py
[2025-05-07T19:52:36.969+0000] {processor.py:830} INFO - Processing file /home/airflow/.local/lib/python3.8/site-packages/airflow/example_dags/example_task_group_decorator.py for tasks to queue
[2025-05-07T19:52:36.972+0000] {logging_mixin.py:188} INFO - [2025-05-07T19:52:36.972+0000] {dagbag.py:538} INFO - Filling up the DagBag from /home/airflow/.local/lib/python3.8/site-packages/airflow/example_dags/example_task_group_decorator.py
[2025-05-07T19:52:36.996+0000] {processor.py:840} INFO - DAG(s) 'example_task_group_decorator' retrieved from /home/airflow/.local/lib/python3.8/site-packages/airflow/example_dags/example_task_group_decorator.py
[2025-05-07T19:52:37.026+0000] {logging_mixin.py:188} INFO - [2025-05-07T19:52:37.026+0000] {dag.py:3036} INFO - Sync 1 DAGs
[2025-05-07T19:52:37.067+0000] {logging_mixin.py:188} INFO - [2025-05-07T19:52:37.067+0000] {dag.py:3823} INFO - Setting next_dagrun for example_task_group_decorator to 2025-05-06 00:00:00+00:00, run_after=2025-05-07 00:00:00+00:00
[2025-05-07T19:52:37.226+0000] {processor.py:183} INFO - Processing /home/airflow/.local/lib/python3.8/site-packages/airflow/example_dags/example_task_group_decorator.py took 0.266 seconds
[2025-05-07T19:53:08.099+0000] {processor.py:161} INFO - Started process (PID=2292) to work on /home/airflow/.local/lib/python3.8/site-packages/airflow/example_dags/example_task_group_decorator.py
[2025-05-07T19:53:08.101+0000] {processor.py:830} INFO - Processing file /home/airflow/.local/lib/python3.8/site-packages/airflow/example_dags/example_task_group_decorator.py for tasks to queue
[2025-05-07T19:53:08.104+0000] {logging_mixin.py:188} INFO - [2025-05-07T19:53:08.103+0000] {dagbag.py:538} INFO - Filling up the DagBag from /home/airflow/.local/lib/python3.8/site-packages/airflow/example_dags/example_task_group_decorator.py
[2025-05-07T19:53:08.120+0000] {processor.py:840} INFO - DAG(s) 'example_task_group_decorator' retrieved from /home/airflow/.local/lib/python3.8/site-packages/airflow/example_dags/example_task_group_decorator.py
[2025-05-07T19:53:08.147+0000] {logging_mixin.py:188} INFO - [2025-05-07T19:53:08.146+0000] {dag.py:3036} INFO - Sync 1 DAGs
[2025-05-07T19:53:08.169+0000] {logging_mixin.py:188} INFO - [2025-05-07T19:53:08.169+0000] {dag.py:3823} INFO - Setting next_dagrun for example_task_group_decorator to 2025-05-06 00:00:00+00:00, run_after=2025-05-07 00:00:00+00:00
[2025-05-07T19:53:08.192+0000] {processor.py:183} INFO - Processing /home/airflow/.local/lib/python3.8/site-packages/airflow/example_dags/example_task_group_decorator.py took 0.097 seconds
[2025-05-07T19:53:38.766+0000] {processor.py:161} INFO - Started process (PID=2349) to work on /home/airflow/.local/lib/python3.8/site-packages/airflow/example_dags/example_task_group_decorator.py
[2025-05-07T19:53:38.768+0000] {processor.py:830} INFO - Processing file /home/airflow/.local/lib/python3.8/site-packages/airflow/example_dags/example_task_group_decorator.py for tasks to queue
[2025-05-07T19:53:38.773+0000] {logging_mixin.py:188} INFO - [2025-05-07T19:53:38.773+0000] {dagbag.py:538} INFO - Filling up the DagBag from /home/airflow/.local/lib/python3.8/site-packages/airflow/example_dags/example_task_group_decorator.py
[2025-05-07T19:53:38.791+0000] {processor.py:840} INFO - DAG(s) 'example_task_group_decorator' retrieved from /home/airflow/.local/lib/python3.8/site-packages/airflow/example_dags/example_task_group_decorator.py
[2025-05-07T19:53:38.824+0000] {logging_mixin.py:188} INFO - [2025-05-07T19:53:38.823+0000] {dag.py:3036} INFO - Sync 1 DAGs
[2025-05-07T19:53:38.856+0000] {logging_mixin.py:188} INFO - [2025-05-07T19:53:38.856+0000] {dag.py:3823} INFO - Setting next_dagrun for example_task_group_decorator to 2025-05-06 00:00:00+00:00, run_after=2025-05-07 00:00:00+00:00
[2025-05-07T19:53:38.882+0000] {processor.py:183} INFO - Processing /home/airflow/.local/lib/python3.8/site-packages/airflow/example_dags/example_task_group_decorator.py took 0.122 seconds
[2025-05-07T19:54:09.637+0000] {processor.py:161} INFO - Started process (PID=2406) to work on /home/airflow/.local/lib/python3.8/site-packages/airflow/example_dags/example_task_group_decorator.py
[2025-05-07T19:54:09.639+0000] {processor.py:830} INFO - Processing file /home/airflow/.local/lib/python3.8/site-packages/airflow/example_dags/example_task_group_decorator.py for tasks to queue
[2025-05-07T19:54:09.644+0000] {logging_mixin.py:188} INFO - [2025-05-07T19:54:09.643+0000] {dagbag.py:538} INFO - Filling up the DagBag from /home/airflow/.local/lib/python3.8/site-packages/airflow/example_dags/example_task_group_decorator.py
[2025-05-07T19:54:09.666+0000] {processor.py:840} INFO - DAG(s) 'example_task_group_decorator' retrieved from /home/airflow/.local/lib/python3.8/site-packages/airflow/example_dags/example_task_group_decorator.py
[2025-05-07T19:54:09.695+0000] {logging_mixin.py:188} INFO - [2025-05-07T19:54:09.694+0000] {dag.py:3036} INFO - Sync 1 DAGs
[2025-05-07T19:54:09.716+0000] {logging_mixin.py:188} INFO - [2025-05-07T19:54:09.716+0000] {dag.py:3823} INFO - Setting next_dagrun for example_task_group_decorator to 2025-05-06 00:00:00+00:00, run_after=2025-05-07 00:00:00+00:00
[2025-05-07T19:54:09.739+0000] {processor.py:183} INFO - Processing /home/airflow/.local/lib/python3.8/site-packages/airflow/example_dags/example_task_group_decorator.py took 0.107 seconds
[2025-05-07T19:54:40.246+0000] {processor.py:161} INFO - Started process (PID=2463) to work on /home/airflow/.local/lib/python3.8/site-packages/airflow/example_dags/example_task_group_decorator.py
[2025-05-07T19:54:40.249+0000] {processor.py:830} INFO - Processing file /home/airflow/.local/lib/python3.8/site-packages/airflow/example_dags/example_task_group_decorator.py for tasks to queue
[2025-05-07T19:54:40.253+0000] {logging_mixin.py:188} INFO - [2025-05-07T19:54:40.253+0000] {dagbag.py:538} INFO - Filling up the DagBag from /home/airflow/.local/lib/python3.8/site-packages/airflow/example_dags/example_task_group_decorator.py
[2025-05-07T19:54:40.272+0000] {processor.py:840} INFO - DAG(s) 'example_task_group_decorator' retrieved from /home/airflow/.local/lib/python3.8/site-packages/airflow/example_dags/example_task_group_decorator.py
[2025-05-07T19:54:40.298+0000] {logging_mixin.py:188} INFO - [2025-05-07T19:54:40.298+0000] {dag.py:3036} INFO - Sync 1 DAGs
[2025-05-07T19:54:40.321+0000] {logging_mixin.py:188} INFO - [2025-05-07T19:54:40.321+0000] {dag.py:3823} INFO - Setting next_dagrun for example_task_group_decorator to 2025-05-06 00:00:00+00:00, run_after=2025-05-07 00:00:00+00:00
[2025-05-07T19:54:40.345+0000] {processor.py:183} INFO - Processing /home/airflow/.local/lib/python3.8/site-packages/airflow/example_dags/example_task_group_decorator.py took 0.103 seconds
[2025-05-07T19:55:11.182+0000] {processor.py:161} INFO - Started process (PID=2520) to work on /home/airflow/.local/lib/python3.8/site-packages/airflow/example_dags/example_task_group_decorator.py
[2025-05-07T19:55:11.183+0000] {processor.py:830} INFO - Processing file /home/airflow/.local/lib/python3.8/site-packages/airflow/example_dags/example_task_group_decorator.py for tasks to queue
[2025-05-07T19:55:11.186+0000] {logging_mixin.py:188} INFO - [2025-05-07T19:55:11.186+0000] {dagbag.py:538} INFO - Filling up the DagBag from /home/airflow/.local/lib/python3.8/site-packages/airflow/example_dags/example_task_group_decorator.py
[2025-05-07T19:55:11.200+0000] {processor.py:840} INFO - DAG(s) 'example_task_group_decorator' retrieved from /home/airflow/.local/lib/python3.8/site-packages/airflow/example_dags/example_task_group_decorator.py
[2025-05-07T19:55:11.224+0000] {logging_mixin.py:188} INFO - [2025-05-07T19:55:11.224+0000] {dag.py:3036} INFO - Sync 1 DAGs
[2025-05-07T19:55:11.367+0000] {logging_mixin.py:188} INFO - [2025-05-07T19:55:11.367+0000] {dag.py:3823} INFO - Setting next_dagrun for example_task_group_decorator to 2025-05-06 00:00:00+00:00, run_after=2025-05-07 00:00:00+00:00
[2025-05-07T19:55:11.394+0000] {processor.py:183} INFO - Processing /home/airflow/.local/lib/python3.8/site-packages/airflow/example_dags/example_task_group_decorator.py took 0.217 seconds
[2025-05-07T19:55:41.486+0000] {processor.py:161} INFO - Started process (PID=2577) to work on /home/airflow/.local/lib/python3.8/site-packages/airflow/example_dags/example_task_group_decorator.py
[2025-05-07T19:55:41.488+0000] {processor.py:830} INFO - Processing file /home/airflow/.local/lib/python3.8/site-packages/airflow/example_dags/example_task_group_decorator.py for tasks to queue
[2025-05-07T19:55:41.492+0000] {logging_mixin.py:188} INFO - [2025-05-07T19:55:41.491+0000] {dagbag.py:538} INFO - Filling up the DagBag from /home/airflow/.local/lib/python3.8/site-packages/airflow/example_dags/example_task_group_decorator.py
[2025-05-07T19:55:41.509+0000] {processor.py:840} INFO - DAG(s) 'example_task_group_decorator' retrieved from /home/airflow/.local/lib/python3.8/site-packages/airflow/example_dags/example_task_group_decorator.py
[2025-05-07T19:55:41.534+0000] {logging_mixin.py:188} INFO - [2025-05-07T19:55:41.534+0000] {dag.py:3036} INFO - Sync 1 DAGs
[2025-05-07T19:55:41.689+0000] {logging_mixin.py:188} INFO - [2025-05-07T19:55:41.689+0000] {dag.py:3823} INFO - Setting next_dagrun for example_task_group_decorator to 2025-05-06 00:00:00+00:00, run_after=2025-05-07 00:00:00+00:00
[2025-05-07T19:55:41.714+0000] {processor.py:183} INFO - Processing /home/airflow/.local/lib/python3.8/site-packages/airflow/example_dags/example_task_group_decorator.py took 0.232 seconds
[2025-05-07T19:56:12.580+0000] {processor.py:161} INFO - Started process (PID=2634) to work on /home/airflow/.local/lib/python3.8/site-packages/airflow/example_dags/example_task_group_decorator.py
[2025-05-07T19:56:12.582+0000] {processor.py:830} INFO - Processing file /home/airflow/.local/lib/python3.8/site-packages/airflow/example_dags/example_task_group_decorator.py for tasks to queue
[2025-05-07T19:56:12.586+0000] {logging_mixin.py:188} INFO - [2025-05-07T19:56:12.586+0000] {dagbag.py:538} INFO - Filling up the DagBag from /home/airflow/.local/lib/python3.8/site-packages/airflow/example_dags/example_task_group_decorator.py
[2025-05-07T19:56:12.604+0000] {processor.py:840} INFO - DAG(s) 'example_task_group_decorator' retrieved from /home/airflow/.local/lib/python3.8/site-packages/airflow/example_dags/example_task_group_decorator.py
[2025-05-07T19:56:12.628+0000] {logging_mixin.py:188} INFO - [2025-05-07T19:56:12.628+0000] {dag.py:3036} INFO - Sync 1 DAGs
[2025-05-07T19:56:12.648+0000] {logging_mixin.py:188} INFO - [2025-05-07T19:56:12.648+0000] {dag.py:3823} INFO - Setting next_dagrun for example_task_group_decorator to 2025-05-06 00:00:00+00:00, run_after=2025-05-07 00:00:00+00:00
[2025-05-07T19:56:12.805+0000] {processor.py:183} INFO - Processing /home/airflow/.local/lib/python3.8/site-packages/airflow/example_dags/example_task_group_decorator.py took 0.230 seconds
[2025-05-07T19:56:43.054+0000] {processor.py:161} INFO - Started process (PID=2691) to work on /home/airflow/.local/lib/python3.8/site-packages/airflow/example_dags/example_task_group_decorator.py
[2025-05-07T19:56:43.056+0000] {processor.py:830} INFO - Processing file /home/airflow/.local/lib/python3.8/site-packages/airflow/example_dags/example_task_group_decorator.py for tasks to queue
[2025-05-07T19:56:43.060+0000] {logging_mixin.py:188} INFO - [2025-05-07T19:56:43.060+0000] {dagbag.py:538} INFO - Filling up the DagBag from /home/airflow/.local/lib/python3.8/site-packages/airflow/example_dags/example_task_group_decorator.py
[2025-05-07T19:56:43.079+0000] {processor.py:840} INFO - DAG(s) 'example_task_group_decorator' retrieved from /home/airflow/.local/lib/python3.8/site-packages/airflow/example_dags/example_task_group_decorator.py
[2025-05-07T19:56:43.106+0000] {logging_mixin.py:188} INFO - [2025-05-07T19:56:43.106+0000] {dag.py:3036} INFO - Sync 1 DAGs
[2025-05-07T19:56:43.127+0000] {logging_mixin.py:188} INFO - [2025-05-07T19:56:43.126+0000] {dag.py:3823} INFO - Setting next_dagrun for example_task_group_decorator to 2025-05-06 00:00:00+00:00, run_after=2025-05-07 00:00:00+00:00
[2025-05-07T19:56:43.149+0000] {processor.py:183} INFO - Processing /home/airflow/.local/lib/python3.8/site-packages/airflow/example_dags/example_task_group_decorator.py took 0.103 seconds
[2025-05-07T19:57:13.291+0000] {processor.py:161} INFO - Started process (PID=2748) to work on /home/airflow/.local/lib/python3.8/site-packages/airflow/example_dags/example_task_group_decorator.py
[2025-05-07T19:57:13.293+0000] {processor.py:830} INFO - Processing file /home/airflow/.local/lib/python3.8/site-packages/airflow/example_dags/example_task_group_decorator.py for tasks to queue
[2025-05-07T19:57:13.301+0000] {logging_mixin.py:188} INFO - [2025-05-07T19:57:13.300+0000] {dagbag.py:538} INFO - Filling up the DagBag from /home/airflow/.local/lib/python3.8/site-packages/airflow/example_dags/example_task_group_decorator.py
[2025-05-07T19:57:13.325+0000] {processor.py:840} INFO - DAG(s) 'example_task_group_decorator' retrieved from /home/airflow/.local/lib/python3.8/site-packages/airflow/example_dags/example_task_group_decorator.py
[2025-05-07T19:57:13.351+0000] {logging_mixin.py:188} INFO - [2025-05-07T19:57:13.350+0000] {dag.py:3036} INFO - Sync 1 DAGs
[2025-05-07T19:57:13.372+0000] {logging_mixin.py:188} INFO - [2025-05-07T19:57:13.372+0000] {dag.py:3823} INFO - Setting next_dagrun for example_task_group_decorator to 2025-05-06 00:00:00+00:00, run_after=2025-05-07 00:00:00+00:00
[2025-05-07T19:57:13.396+0000] {processor.py:183} INFO - Processing /home/airflow/.local/lib/python3.8/site-packages/airflow/example_dags/example_task_group_decorator.py took 0.112 seconds
[2025-05-07T19:57:43.939+0000] {processor.py:161} INFO - Started process (PID=2805) to work on /home/airflow/.local/lib/python3.8/site-packages/airflow/example_dags/example_task_group_decorator.py
[2025-05-07T19:57:43.942+0000] {processor.py:830} INFO - Processing file /home/airflow/.local/lib/python3.8/site-packages/airflow/example_dags/example_task_group_decorator.py for tasks to queue
[2025-05-07T19:57:43.946+0000] {logging_mixin.py:188} INFO - [2025-05-07T19:57:43.945+0000] {dagbag.py:538} INFO - Filling up the DagBag from /home/airflow/.local/lib/python3.8/site-packages/airflow/example_dags/example_task_group_decorator.py
[2025-05-07T19:57:43.966+0000] {processor.py:840} INFO - DAG(s) 'example_task_group_decorator' retrieved from /home/airflow/.local/lib/python3.8/site-packages/airflow/example_dags/example_task_group_decorator.py
[2025-05-07T19:57:43.997+0000] {logging_mixin.py:188} INFO - [2025-05-07T19:57:43.997+0000] {dag.py:3036} INFO - Sync 1 DAGs
[2025-05-07T19:57:44.023+0000] {logging_mixin.py:188} INFO - [2025-05-07T19:57:44.023+0000] {dag.py:3823} INFO - Setting next_dagrun for example_task_group_decorator to 2025-05-06 00:00:00+00:00, run_after=2025-05-07 00:00:00+00:00
[2025-05-07T19:57:44.047+0000] {processor.py:183} INFO - Processing /home/airflow/.local/lib/python3.8/site-packages/airflow/example_dags/example_task_group_decorator.py took 0.116 seconds
[2025-05-07T19:58:14.825+0000] {processor.py:161} INFO - Started process (PID=2862) to work on /home/airflow/.local/lib/python3.8/site-packages/airflow/example_dags/example_task_group_decorator.py
[2025-05-07T19:58:14.827+0000] {processor.py:830} INFO - Processing file /home/airflow/.local/lib/python3.8/site-packages/airflow/example_dags/example_task_group_decorator.py for tasks to queue
[2025-05-07T19:58:14.830+0000] {logging_mixin.py:188} INFO - [2025-05-07T19:58:14.830+0000] {dagbag.py:538} INFO - Filling up the DagBag from /home/airflow/.local/lib/python3.8/site-packages/airflow/example_dags/example_task_group_decorator.py
[2025-05-07T19:58:14.848+0000] {processor.py:840} INFO - DAG(s) 'example_task_group_decorator' retrieved from /home/airflow/.local/lib/python3.8/site-packages/airflow/example_dags/example_task_group_decorator.py
[2025-05-07T19:58:14.878+0000] {logging_mixin.py:188} INFO - [2025-05-07T19:58:14.878+0000] {dag.py:3036} INFO - Sync 1 DAGs
[2025-05-07T19:58:14.908+0000] {logging_mixin.py:188} INFO - [2025-05-07T19:58:14.908+0000] {dag.py:3823} INFO - Setting next_dagrun for example_task_group_decorator to 2025-05-06 00:00:00+00:00, run_after=2025-05-07 00:00:00+00:00
[2025-05-07T19:58:14.936+0000] {processor.py:183} INFO - Processing /home/airflow/.local/lib/python3.8/site-packages/airflow/example_dags/example_task_group_decorator.py took 0.115 seconds
[2025-05-07T19:58:45.084+0000] {processor.py:161} INFO - Started process (PID=2919) to work on /home/airflow/.local/lib/python3.8/site-packages/airflow/example_dags/example_task_group_decorator.py
[2025-05-07T19:58:45.085+0000] {processor.py:830} INFO - Processing file /home/airflow/.local/lib/python3.8/site-packages/airflow/example_dags/example_task_group_decorator.py for tasks to queue
[2025-05-07T19:58:45.087+0000] {logging_mixin.py:188} INFO - [2025-05-07T19:58:45.087+0000] {dagbag.py:538} INFO - Filling up the DagBag from /home/airflow/.local/lib/python3.8/site-packages/airflow/example_dags/example_task_group_decorator.py
[2025-05-07T19:58:45.105+0000] {processor.py:840} INFO - DAG(s) 'example_task_group_decorator' retrieved from /home/airflow/.local/lib/python3.8/site-packages/airflow/example_dags/example_task_group_decorator.py
[2025-05-07T19:58:45.133+0000] {logging_mixin.py:188} INFO - [2025-05-07T19:58:45.133+0000] {dag.py:3036} INFO - Sync 1 DAGs
[2025-05-07T19:58:45.156+0000] {logging_mixin.py:188} INFO - [2025-05-07T19:58:45.155+0000] {dag.py:3823} INFO - Setting next_dagrun for example_task_group_decorator to 2025-05-06 00:00:00+00:00, run_after=2025-05-07 00:00:00+00:00
[2025-05-07T19:58:45.181+0000] {processor.py:183} INFO - Processing /home/airflow/.local/lib/python3.8/site-packages/airflow/example_dags/example_task_group_decorator.py took 0.101 seconds
[2025-05-07T19:59:15.584+0000] {processor.py:161} INFO - Started process (PID=2976) to work on /home/airflow/.local/lib/python3.8/site-packages/airflow/example_dags/example_task_group_decorator.py
[2025-05-07T19:59:15.586+0000] {processor.py:830} INFO - Processing file /home/airflow/.local/lib/python3.8/site-packages/airflow/example_dags/example_task_group_decorator.py for tasks to queue
[2025-05-07T19:59:15.591+0000] {logging_mixin.py:188} INFO - [2025-05-07T19:59:15.591+0000] {dagbag.py:538} INFO - Filling up the DagBag from /home/airflow/.local/lib/python3.8/site-packages/airflow/example_dags/example_task_group_decorator.py
[2025-05-07T19:59:15.613+0000] {processor.py:840} INFO - DAG(s) 'example_task_group_decorator' retrieved from /home/airflow/.local/lib/python3.8/site-packages/airflow/example_dags/example_task_group_decorator.py
[2025-05-07T19:59:15.639+0000] {logging_mixin.py:188} INFO - [2025-05-07T19:59:15.639+0000] {dag.py:3036} INFO - Sync 1 DAGs
[2025-05-07T19:59:15.661+0000] {logging_mixin.py:188} INFO - [2025-05-07T19:59:15.660+0000] {dag.py:3823} INFO - Setting next_dagrun for example_task_group_decorator to 2025-05-06 00:00:00+00:00, run_after=2025-05-07 00:00:00+00:00
[2025-05-07T19:59:15.685+0000] {processor.py:183} INFO - Processing /home/airflow/.local/lib/python3.8/site-packages/airflow/example_dags/example_task_group_decorator.py took 0.107 seconds
[2025-05-07T19:59:45.897+0000] {processor.py:161} INFO - Started process (PID=3033) to work on /home/airflow/.local/lib/python3.8/site-packages/airflow/example_dags/example_task_group_decorator.py
[2025-05-07T19:59:45.899+0000] {processor.py:830} INFO - Processing file /home/airflow/.local/lib/python3.8/site-packages/airflow/example_dags/example_task_group_decorator.py for tasks to queue
[2025-05-07T19:59:45.904+0000] {logging_mixin.py:188} INFO - [2025-05-07T19:59:45.903+0000] {dagbag.py:538} INFO - Filling up the DagBag from /home/airflow/.local/lib/python3.8/site-packages/airflow/example_dags/example_task_group_decorator.py
[2025-05-07T19:59:45.921+0000] {processor.py:840} INFO - DAG(s) 'example_task_group_decorator' retrieved from /home/airflow/.local/lib/python3.8/site-packages/airflow/example_dags/example_task_group_decorator.py
[2025-05-07T19:59:45.946+0000] {logging_mixin.py:188} INFO - [2025-05-07T19:59:45.946+0000] {dag.py:3036} INFO - Sync 1 DAGs
[2025-05-07T19:59:45.968+0000] {logging_mixin.py:188} INFO - [2025-05-07T19:59:45.968+0000] {dag.py:3823} INFO - Setting next_dagrun for example_task_group_decorator to 2025-05-06 00:00:00+00:00, run_after=2025-05-07 00:00:00+00:00
[2025-05-07T19:59:45.988+0000] {processor.py:183} INFO - Processing /home/airflow/.local/lib/python3.8/site-packages/airflow/example_dags/example_task_group_decorator.py took 0.096 seconds
[2025-05-07T20:00:16.228+0000] {processor.py:161} INFO - Started process (PID=3090) to work on /home/airflow/.local/lib/python3.8/site-packages/airflow/example_dags/example_task_group_decorator.py
[2025-05-07T20:00:16.232+0000] {processor.py:830} INFO - Processing file /home/airflow/.local/lib/python3.8/site-packages/airflow/example_dags/example_task_group_decorator.py for tasks to queue
[2025-05-07T20:00:16.236+0000] {logging_mixin.py:188} INFO - [2025-05-07T20:00:16.236+0000] {dagbag.py:538} INFO - Filling up the DagBag from /home/airflow/.local/lib/python3.8/site-packages/airflow/example_dags/example_task_group_decorator.py
[2025-05-07T20:00:16.257+0000] {processor.py:840} INFO - DAG(s) 'example_task_group_decorator' retrieved from /home/airflow/.local/lib/python3.8/site-packages/airflow/example_dags/example_task_group_decorator.py
[2025-05-07T20:00:16.286+0000] {logging_mixin.py:188} INFO - [2025-05-07T20:00:16.286+0000] {dag.py:3036} INFO - Sync 1 DAGs
[2025-05-07T20:00:16.308+0000] {logging_mixin.py:188} INFO - [2025-05-07T20:00:16.308+0000] {dag.py:3823} INFO - Setting next_dagrun for example_task_group_decorator to 2025-05-06 00:00:00+00:00, run_after=2025-05-07 00:00:00+00:00
[2025-05-07T20:00:16.331+0000] {processor.py:183} INFO - Processing /home/airflow/.local/lib/python3.8/site-packages/airflow/example_dags/example_task_group_decorator.py took 0.111 seconds
[2025-05-07T20:00:47.336+0000] {processor.py:161} INFO - Started process (PID=3147) to work on /home/airflow/.local/lib/python3.8/site-packages/airflow/example_dags/example_task_group_decorator.py
[2025-05-07T20:00:47.339+0000] {processor.py:830} INFO - Processing file /home/airflow/.local/lib/python3.8/site-packages/airflow/example_dags/example_task_group_decorator.py for tasks to queue
[2025-05-07T20:00:47.343+0000] {logging_mixin.py:188} INFO - [2025-05-07T20:00:47.342+0000] {dagbag.py:538} INFO - Filling up the DagBag from /home/airflow/.local/lib/python3.8/site-packages/airflow/example_dags/example_task_group_decorator.py
[2025-05-07T20:00:47.362+0000] {processor.py:840} INFO - DAG(s) 'example_task_group_decorator' retrieved from /home/airflow/.local/lib/python3.8/site-packages/airflow/example_dags/example_task_group_decorator.py
[2025-05-07T20:00:47.388+0000] {logging_mixin.py:188} INFO - [2025-05-07T20:00:47.388+0000] {dag.py:3036} INFO - Sync 1 DAGs
[2025-05-07T20:00:47.409+0000] {logging_mixin.py:188} INFO - [2025-05-07T20:00:47.409+0000] {dag.py:3823} INFO - Setting next_dagrun for example_task_group_decorator to 2025-05-06 00:00:00+00:00, run_after=2025-05-07 00:00:00+00:00
[2025-05-07T20:00:47.432+0000] {processor.py:183} INFO - Processing /home/airflow/.local/lib/python3.8/site-packages/airflow/example_dags/example_task_group_decorator.py took 0.101 seconds
[2025-05-07T20:01:18.172+0000] {processor.py:161} INFO - Started process (PID=3204) to work on /home/airflow/.local/lib/python3.8/site-packages/airflow/example_dags/example_task_group_decorator.py
[2025-05-07T20:01:18.173+0000] {processor.py:830} INFO - Processing file /home/airflow/.local/lib/python3.8/site-packages/airflow/example_dags/example_task_group_decorator.py for tasks to queue
[2025-05-07T20:01:18.176+0000] {logging_mixin.py:188} INFO - [2025-05-07T20:01:18.176+0000] {dagbag.py:538} INFO - Filling up the DagBag from /home/airflow/.local/lib/python3.8/site-packages/airflow/example_dags/example_task_group_decorator.py
[2025-05-07T20:01:18.191+0000] {processor.py:840} INFO - DAG(s) 'example_task_group_decorator' retrieved from /home/airflow/.local/lib/python3.8/site-packages/airflow/example_dags/example_task_group_decorator.py
[2025-05-07T20:01:18.217+0000] {logging_mixin.py:188} INFO - [2025-05-07T20:01:18.216+0000] {dag.py:3036} INFO - Sync 1 DAGs
[2025-05-07T20:01:18.239+0000] {logging_mixin.py:188} INFO - [2025-05-07T20:01:18.239+0000] {dag.py:3823} INFO - Setting next_dagrun for example_task_group_decorator to 2025-05-06 00:00:00+00:00, run_after=2025-05-07 00:00:00+00:00
[2025-05-07T20:01:18.265+0000] {processor.py:183} INFO - Processing /home/airflow/.local/lib/python3.8/site-packages/airflow/example_dags/example_task_group_decorator.py took 0.096 seconds
[2025-05-07T20:01:48.831+0000] {processor.py:161} INFO - Started process (PID=3261) to work on /home/airflow/.local/lib/python3.8/site-packages/airflow/example_dags/example_task_group_decorator.py
[2025-05-07T20:01:48.833+0000] {processor.py:830} INFO - Processing file /home/airflow/.local/lib/python3.8/site-packages/airflow/example_dags/example_task_group_decorator.py for tasks to queue
[2025-05-07T20:01:48.835+0000] {logging_mixin.py:188} INFO - [2025-05-07T20:01:48.835+0000] {dagbag.py:538} INFO - Filling up the DagBag from /home/airflow/.local/lib/python3.8/site-packages/airflow/example_dags/example_task_group_decorator.py
[2025-05-07T20:01:48.850+0000] {processor.py:840} INFO - DAG(s) 'example_task_group_decorator' retrieved from /home/airflow/.local/lib/python3.8/site-packages/airflow/example_dags/example_task_group_decorator.py
[2025-05-07T20:01:48.883+0000] {logging_mixin.py:188} INFO - [2025-05-07T20:01:48.883+0000] {dag.py:3036} INFO - Sync 1 DAGs
[2025-05-07T20:01:48.915+0000] {logging_mixin.py:188} INFO - [2025-05-07T20:01:48.914+0000] {dag.py:3823} INFO - Setting next_dagrun for example_task_group_decorator to 2025-05-06 00:00:00+00:00, run_after=2025-05-07 00:00:00+00:00
[2025-05-07T20:01:48.939+0000] {processor.py:183} INFO - Processing /home/airflow/.local/lib/python3.8/site-packages/airflow/example_dags/example_task_group_decorator.py took 0.112 seconds
[2025-05-07T20:02:19.272+0000] {processor.py:161} INFO - Started process (PID=3318) to work on /home/airflow/.local/lib/python3.8/site-packages/airflow/example_dags/example_task_group_decorator.py
[2025-05-07T20:02:19.274+0000] {processor.py:830} INFO - Processing file /home/airflow/.local/lib/python3.8/site-packages/airflow/example_dags/example_task_group_decorator.py for tasks to queue
[2025-05-07T20:02:19.276+0000] {logging_mixin.py:188} INFO - [2025-05-07T20:02:19.275+0000] {dagbag.py:538} INFO - Filling up the DagBag from /home/airflow/.local/lib/python3.8/site-packages/airflow/example_dags/example_task_group_decorator.py
[2025-05-07T20:02:19.289+0000] {processor.py:840} INFO - DAG(s) 'example_task_group_decorator' retrieved from /home/airflow/.local/lib/python3.8/site-packages/airflow/example_dags/example_task_group_decorator.py
[2025-05-07T20:02:19.314+0000] {logging_mixin.py:188} INFO - [2025-05-07T20:02:19.314+0000] {dag.py:3036} INFO - Sync 1 DAGs
[2025-05-07T20:02:19.336+0000] {logging_mixin.py:188} INFO - [2025-05-07T20:02:19.335+0000] {dag.py:3823} INFO - Setting next_dagrun for example_task_group_decorator to 2025-05-06 00:00:00+00:00, run_after=2025-05-07 00:00:00+00:00
[2025-05-07T20:02:19.359+0000] {processor.py:183} INFO - Processing /home/airflow/.local/lib/python3.8/site-packages/airflow/example_dags/example_task_group_decorator.py took 0.089 seconds
[2025-05-07T20:02:49.833+0000] {processor.py:161} INFO - Started process (PID=3375) to work on /home/airflow/.local/lib/python3.8/site-packages/airflow/example_dags/example_task_group_decorator.py
[2025-05-07T20:02:49.837+0000] {processor.py:830} INFO - Processing file /home/airflow/.local/lib/python3.8/site-packages/airflow/example_dags/example_task_group_decorator.py for tasks to queue
[2025-05-07T20:02:49.842+0000] {logging_mixin.py:188} INFO - [2025-05-07T20:02:49.841+0000] {dagbag.py:538} INFO - Filling up the DagBag from /home/airflow/.local/lib/python3.8/site-packages/airflow/example_dags/example_task_group_decorator.py
[2025-05-07T20:02:49.859+0000] {processor.py:840} INFO - DAG(s) 'example_task_group_decorator' retrieved from /home/airflow/.local/lib/python3.8/site-packages/airflow/example_dags/example_task_group_decorator.py
[2025-05-07T20:02:49.886+0000] {logging_mixin.py:188} INFO - [2025-05-07T20:02:49.886+0000] {dag.py:3036} INFO - Sync 1 DAGs
[2025-05-07T20:02:49.908+0000] {logging_mixin.py:188} INFO - [2025-05-07T20:02:49.907+0000] {dag.py:3823} INFO - Setting next_dagrun for example_task_group_decorator to 2025-05-06 00:00:00+00:00, run_after=2025-05-07 00:00:00+00:00
[2025-05-07T20:02:49.943+0000] {processor.py:183} INFO - Processing /home/airflow/.local/lib/python3.8/site-packages/airflow/example_dags/example_task_group_decorator.py took 0.118 seconds
[2025-05-07T20:03:20.914+0000] {processor.py:161} INFO - Started process (PID=3439) to work on /home/airflow/.local/lib/python3.8/site-packages/airflow/example_dags/example_task_group_decorator.py
[2025-05-07T20:03:20.916+0000] {processor.py:830} INFO - Processing file /home/airflow/.local/lib/python3.8/site-packages/airflow/example_dags/example_task_group_decorator.py for tasks to queue
[2025-05-07T20:03:20.918+0000] {logging_mixin.py:188} INFO - [2025-05-07T20:03:20.918+0000] {dagbag.py:538} INFO - Filling up the DagBag from /home/airflow/.local/lib/python3.8/site-packages/airflow/example_dags/example_task_group_decorator.py
[2025-05-07T20:03:20.940+0000] {processor.py:840} INFO - DAG(s) 'example_task_group_decorator' retrieved from /home/airflow/.local/lib/python3.8/site-packages/airflow/example_dags/example_task_group_decorator.py
[2025-05-07T20:03:20.966+0000] {logging_mixin.py:188} INFO - [2025-05-07T20:03:20.966+0000] {dag.py:3036} INFO - Sync 1 DAGs
[2025-05-07T20:03:20.988+0000] {logging_mixin.py:188} INFO - [2025-05-07T20:03:20.987+0000] {dag.py:3823} INFO - Setting next_dagrun for example_task_group_decorator to 2025-05-06 00:00:00+00:00, run_after=2025-05-07 00:00:00+00:00
[2025-05-07T20:03:21.011+0000] {processor.py:183} INFO - Processing /home/airflow/.local/lib/python3.8/site-packages/airflow/example_dags/example_task_group_decorator.py took 0.103 seconds
[2025-05-07T20:03:51.451+0000] {processor.py:161} INFO - Started process (PID=3496) to work on /home/airflow/.local/lib/python3.8/site-packages/airflow/example_dags/example_task_group_decorator.py
[2025-05-07T20:03:51.452+0000] {processor.py:830} INFO - Processing file /home/airflow/.local/lib/python3.8/site-packages/airflow/example_dags/example_task_group_decorator.py for tasks to queue
[2025-05-07T20:03:51.454+0000] {logging_mixin.py:188} INFO - [2025-05-07T20:03:51.454+0000] {dagbag.py:538} INFO - Filling up the DagBag from /home/airflow/.local/lib/python3.8/site-packages/airflow/example_dags/example_task_group_decorator.py
[2025-05-07T20:03:51.469+0000] {processor.py:840} INFO - DAG(s) 'example_task_group_decorator' retrieved from /home/airflow/.local/lib/python3.8/site-packages/airflow/example_dags/example_task_group_decorator.py
[2025-05-07T20:03:51.494+0000] {logging_mixin.py:188} INFO - [2025-05-07T20:03:51.494+0000] {dag.py:3036} INFO - Sync 1 DAGs
[2025-05-07T20:03:51.516+0000] {logging_mixin.py:188} INFO - [2025-05-07T20:03:51.515+0000] {dag.py:3823} INFO - Setting next_dagrun for example_task_group_decorator to 2025-05-06 00:00:00+00:00, run_after=2025-05-07 00:00:00+00:00
[2025-05-07T20:03:51.539+0000] {processor.py:183} INFO - Processing /home/airflow/.local/lib/python3.8/site-packages/airflow/example_dags/example_task_group_decorator.py took 0.092 seconds
[2025-05-07T20:04:22.122+0000] {processor.py:161} INFO - Started process (PID=3553) to work on /home/airflow/.local/lib/python3.8/site-packages/airflow/example_dags/example_task_group_decorator.py
[2025-05-07T20:04:22.124+0000] {processor.py:830} INFO - Processing file /home/airflow/.local/lib/python3.8/site-packages/airflow/example_dags/example_task_group_decorator.py for tasks to queue
[2025-05-07T20:04:22.127+0000] {logging_mixin.py:188} INFO - [2025-05-07T20:04:22.126+0000] {dagbag.py:538} INFO - Filling up the DagBag from /home/airflow/.local/lib/python3.8/site-packages/airflow/example_dags/example_task_group_decorator.py
[2025-05-07T20:04:22.144+0000] {processor.py:840} INFO - DAG(s) 'example_task_group_decorator' retrieved from /home/airflow/.local/lib/python3.8/site-packages/airflow/example_dags/example_task_group_decorator.py
[2025-05-07T20:04:22.175+0000] {logging_mixin.py:188} INFO - [2025-05-07T20:04:22.175+0000] {dag.py:3036} INFO - Sync 1 DAGs
[2025-05-07T20:04:22.203+0000] {logging_mixin.py:188} INFO - [2025-05-07T20:04:22.203+0000] {dag.py:3823} INFO - Setting next_dagrun for example_task_group_decorator to 2025-05-06 00:00:00+00:00, run_after=2025-05-07 00:00:00+00:00
[2025-05-07T20:04:22.230+0000] {processor.py:183} INFO - Processing /home/airflow/.local/lib/python3.8/site-packages/airflow/example_dags/example_task_group_decorator.py took 0.111 seconds
[2025-05-07T20:04:52.408+0000] {processor.py:161} INFO - Started process (PID=3610) to work on /home/airflow/.local/lib/python3.8/site-packages/airflow/example_dags/example_task_group_decorator.py
[2025-05-07T20:04:52.409+0000] {processor.py:830} INFO - Processing file /home/airflow/.local/lib/python3.8/site-packages/airflow/example_dags/example_task_group_decorator.py for tasks to queue
[2025-05-07T20:04:52.411+0000] {logging_mixin.py:188} INFO - [2025-05-07T20:04:52.411+0000] {dagbag.py:538} INFO - Filling up the DagBag from /home/airflow/.local/lib/python3.8/site-packages/airflow/example_dags/example_task_group_decorator.py
[2025-05-07T20:04:52.425+0000] {processor.py:840} INFO - DAG(s) 'example_task_group_decorator' retrieved from /home/airflow/.local/lib/python3.8/site-packages/airflow/example_dags/example_task_group_decorator.py
[2025-05-07T20:04:52.453+0000] {logging_mixin.py:188} INFO - [2025-05-07T20:04:52.453+0000] {dag.py:3036} INFO - Sync 1 DAGs
[2025-05-07T20:04:52.475+0000] {logging_mixin.py:188} INFO - [2025-05-07T20:04:52.475+0000] {dag.py:3823} INFO - Setting next_dagrun for example_task_group_decorator to 2025-05-06 00:00:00+00:00, run_after=2025-05-07 00:00:00+00:00
[2025-05-07T20:04:52.498+0000] {processor.py:183} INFO - Processing /home/airflow/.local/lib/python3.8/site-packages/airflow/example_dags/example_task_group_decorator.py took 0.093 seconds
[2025-05-07T20:05:22.637+0000] {processor.py:161} INFO - Started process (PID=3667) to work on /home/airflow/.local/lib/python3.8/site-packages/airflow/example_dags/example_task_group_decorator.py
[2025-05-07T20:05:22.639+0000] {processor.py:830} INFO - Processing file /home/airflow/.local/lib/python3.8/site-packages/airflow/example_dags/example_task_group_decorator.py for tasks to queue
[2025-05-07T20:05:22.643+0000] {logging_mixin.py:188} INFO - [2025-05-07T20:05:22.642+0000] {dagbag.py:538} INFO - Filling up the DagBag from /home/airflow/.local/lib/python3.8/site-packages/airflow/example_dags/example_task_group_decorator.py
[2025-05-07T20:05:22.660+0000] {processor.py:840} INFO - DAG(s) 'example_task_group_decorator' retrieved from /home/airflow/.local/lib/python3.8/site-packages/airflow/example_dags/example_task_group_decorator.py
[2025-05-07T20:05:22.686+0000] {logging_mixin.py:188} INFO - [2025-05-07T20:05:22.686+0000] {dag.py:3036} INFO - Sync 1 DAGs
[2025-05-07T20:05:22.709+0000] {logging_mixin.py:188} INFO - [2025-05-07T20:05:22.709+0000] {dag.py:3823} INFO - Setting next_dagrun for example_task_group_decorator to 2025-05-06 00:00:00+00:00, run_after=2025-05-07 00:00:00+00:00
[2025-05-07T20:05:22.734+0000] {processor.py:183} INFO - Processing /home/airflow/.local/lib/python3.8/site-packages/airflow/example_dags/example_task_group_decorator.py took 0.104 seconds
[2025-05-07T20:05:52.976+0000] {processor.py:161} INFO - Started process (PID=3724) to work on /home/airflow/.local/lib/python3.8/site-packages/airflow/example_dags/example_task_group_decorator.py
[2025-05-07T20:05:52.977+0000] {processor.py:830} INFO - Processing file /home/airflow/.local/lib/python3.8/site-packages/airflow/example_dags/example_task_group_decorator.py for tasks to queue
[2025-05-07T20:05:52.979+0000] {logging_mixin.py:188} INFO - [2025-05-07T20:05:52.979+0000] {dagbag.py:538} INFO - Filling up the DagBag from /home/airflow/.local/lib/python3.8/site-packages/airflow/example_dags/example_task_group_decorator.py
[2025-05-07T20:05:52.993+0000] {processor.py:840} INFO - DAG(s) 'example_task_group_decorator' retrieved from /home/airflow/.local/lib/python3.8/site-packages/airflow/example_dags/example_task_group_decorator.py
[2025-05-07T20:05:53.018+0000] {logging_mixin.py:188} INFO - [2025-05-07T20:05:53.017+0000] {dag.py:3036} INFO - Sync 1 DAGs
[2025-05-07T20:05:53.038+0000] {logging_mixin.py:188} INFO - [2025-05-07T20:05:53.038+0000] {dag.py:3823} INFO - Setting next_dagrun for example_task_group_decorator to 2025-05-06 00:00:00+00:00, run_after=2025-05-07 00:00:00+00:00
[2025-05-07T20:05:53.060+0000] {processor.py:183} INFO - Processing /home/airflow/.local/lib/python3.8/site-packages/airflow/example_dags/example_task_group_decorator.py took 0.087 seconds
[2025-05-07T20:06:23.497+0000] {processor.py:161} INFO - Started process (PID=3781) to work on /home/airflow/.local/lib/python3.8/site-packages/airflow/example_dags/example_task_group_decorator.py
[2025-05-07T20:06:23.499+0000] {processor.py:830} INFO - Processing file /home/airflow/.local/lib/python3.8/site-packages/airflow/example_dags/example_task_group_decorator.py for tasks to queue
[2025-05-07T20:06:23.501+0000] {logging_mixin.py:188} INFO - [2025-05-07T20:06:23.501+0000] {dagbag.py:538} INFO - Filling up the DagBag from /home/airflow/.local/lib/python3.8/site-packages/airflow/example_dags/example_task_group_decorator.py
[2025-05-07T20:06:23.518+0000] {processor.py:840} INFO - DAG(s) 'example_task_group_decorator' retrieved from /home/airflow/.local/lib/python3.8/site-packages/airflow/example_dags/example_task_group_decorator.py
[2025-05-07T20:06:23.544+0000] {logging_mixin.py:188} INFO - [2025-05-07T20:06:23.544+0000] {dag.py:3036} INFO - Sync 1 DAGs
[2025-05-07T20:06:23.565+0000] {logging_mixin.py:188} INFO - [2025-05-07T20:06:23.565+0000] {dag.py:3823} INFO - Setting next_dagrun for example_task_group_decorator to 2025-05-06 00:00:00+00:00, run_after=2025-05-07 00:00:00+00:00
[2025-05-07T20:06:23.586+0000] {processor.py:183} INFO - Processing /home/airflow/.local/lib/python3.8/site-packages/airflow/example_dags/example_task_group_decorator.py took 0.093 seconds
[2025-05-07T20:06:53.768+0000] {processor.py:161} INFO - Started process (PID=3838) to work on /home/airflow/.local/lib/python3.8/site-packages/airflow/example_dags/example_task_group_decorator.py
[2025-05-07T20:06:53.770+0000] {processor.py:830} INFO - Processing file /home/airflow/.local/lib/python3.8/site-packages/airflow/example_dags/example_task_group_decorator.py for tasks to queue
[2025-05-07T20:06:53.772+0000] {logging_mixin.py:188} INFO - [2025-05-07T20:06:53.772+0000] {dagbag.py:538} INFO - Filling up the DagBag from /home/airflow/.local/lib/python3.8/site-packages/airflow/example_dags/example_task_group_decorator.py
[2025-05-07T20:06:53.787+0000] {processor.py:840} INFO - DAG(s) 'example_task_group_decorator' retrieved from /home/airflow/.local/lib/python3.8/site-packages/airflow/example_dags/example_task_group_decorator.py
[2025-05-07T20:06:53.812+0000] {logging_mixin.py:188} INFO - [2025-05-07T20:06:53.812+0000] {dag.py:3036} INFO - Sync 1 DAGs
[2025-05-07T20:06:53.833+0000] {logging_mixin.py:188} INFO - [2025-05-07T20:06:53.833+0000] {dag.py:3823} INFO - Setting next_dagrun for example_task_group_decorator to 2025-05-06 00:00:00+00:00, run_after=2025-05-07 00:00:00+00:00
[2025-05-07T20:06:53.854+0000] {processor.py:183} INFO - Processing /home/airflow/.local/lib/python3.8/site-packages/airflow/example_dags/example_task_group_decorator.py took 0.091 seconds
[2025-05-07T20:07:24.809+0000] {processor.py:161} INFO - Started process (PID=3895) to work on /home/airflow/.local/lib/python3.8/site-packages/airflow/example_dags/example_task_group_decorator.py
[2025-05-07T20:07:24.814+0000] {processor.py:830} INFO - Processing file /home/airflow/.local/lib/python3.8/site-packages/airflow/example_dags/example_task_group_decorator.py for tasks to queue
[2025-05-07T20:07:24.819+0000] {logging_mixin.py:188} INFO - [2025-05-07T20:07:24.818+0000] {dagbag.py:538} INFO - Filling up the DagBag from /home/airflow/.local/lib/python3.8/site-packages/airflow/example_dags/example_task_group_decorator.py
[2025-05-07T20:07:24.840+0000] {processor.py:840} INFO - DAG(s) 'example_task_group_decorator' retrieved from /home/airflow/.local/lib/python3.8/site-packages/airflow/example_dags/example_task_group_decorator.py
[2025-05-07T20:07:24.867+0000] {logging_mixin.py:188} INFO - [2025-05-07T20:07:24.866+0000] {dag.py:3036} INFO - Sync 1 DAGs
[2025-05-07T20:07:24.887+0000] {logging_mixin.py:188} INFO - [2025-05-07T20:07:24.887+0000] {dag.py:3823} INFO - Setting next_dagrun for example_task_group_decorator to 2025-05-06 00:00:00+00:00, run_after=2025-05-07 00:00:00+00:00
[2025-05-07T20:07:24.910+0000] {processor.py:183} INFO - Processing /home/airflow/.local/lib/python3.8/site-packages/airflow/example_dags/example_task_group_decorator.py took 0.108 seconds
[2025-05-07T20:07:55.204+0000] {processor.py:161} INFO - Started process (PID=3952) to work on /home/airflow/.local/lib/python3.8/site-packages/airflow/example_dags/example_task_group_decorator.py
[2025-05-07T20:07:55.208+0000] {processor.py:830} INFO - Processing file /home/airflow/.local/lib/python3.8/site-packages/airflow/example_dags/example_task_group_decorator.py for tasks to queue
[2025-05-07T20:07:55.212+0000] {logging_mixin.py:188} INFO - [2025-05-07T20:07:55.212+0000] {dagbag.py:538} INFO - Filling up the DagBag from /home/airflow/.local/lib/python3.8/site-packages/airflow/example_dags/example_task_group_decorator.py
[2025-05-07T20:07:55.234+0000] {processor.py:840} INFO - DAG(s) 'example_task_group_decorator' retrieved from /home/airflow/.local/lib/python3.8/site-packages/airflow/example_dags/example_task_group_decorator.py
[2025-05-07T20:07:55.262+0000] {logging_mixin.py:188} INFO - [2025-05-07T20:07:55.262+0000] {dag.py:3036} INFO - Sync 1 DAGs
[2025-05-07T20:07:55.291+0000] {logging_mixin.py:188} INFO - [2025-05-07T20:07:55.290+0000] {dag.py:3823} INFO - Setting next_dagrun for example_task_group_decorator to 2025-05-06 00:00:00+00:00, run_after=2025-05-07 00:00:00+00:00
[2025-05-07T20:07:55.316+0000] {processor.py:183} INFO - Processing /home/airflow/.local/lib/python3.8/site-packages/airflow/example_dags/example_task_group_decorator.py took 0.117 seconds
[2025-05-07T20:08:26.097+0000] {processor.py:161} INFO - Started process (PID=4009) to work on /home/airflow/.local/lib/python3.8/site-packages/airflow/example_dags/example_task_group_decorator.py
[2025-05-07T20:08:26.101+0000] {processor.py:830} INFO - Processing file /home/airflow/.local/lib/python3.8/site-packages/airflow/example_dags/example_task_group_decorator.py for tasks to queue
[2025-05-07T20:08:26.107+0000] {logging_mixin.py:188} INFO - [2025-05-07T20:08:26.106+0000] {dagbag.py:538} INFO - Filling up the DagBag from /home/airflow/.local/lib/python3.8/site-packages/airflow/example_dags/example_task_group_decorator.py
[2025-05-07T20:08:26.128+0000] {processor.py:840} INFO - DAG(s) 'example_task_group_decorator' retrieved from /home/airflow/.local/lib/python3.8/site-packages/airflow/example_dags/example_task_group_decorator.py
[2025-05-07T20:08:26.154+0000] {logging_mixin.py:188} INFO - [2025-05-07T20:08:26.153+0000] {dag.py:3036} INFO - Sync 1 DAGs
[2025-05-07T20:08:26.175+0000] {logging_mixin.py:188} INFO - [2025-05-07T20:08:26.175+0000] {dag.py:3823} INFO - Setting next_dagrun for example_task_group_decorator to 2025-05-06 00:00:00+00:00, run_after=2025-05-07 00:00:00+00:00
[2025-05-07T20:08:26.198+0000] {processor.py:183} INFO - Processing /home/airflow/.local/lib/python3.8/site-packages/airflow/example_dags/example_task_group_decorator.py took 0.108 seconds
[2025-05-07T20:08:56.364+0000] {processor.py:161} INFO - Started process (PID=4066) to work on /home/airflow/.local/lib/python3.8/site-packages/airflow/example_dags/example_task_group_decorator.py
[2025-05-07T20:08:56.366+0000] {processor.py:830} INFO - Processing file /home/airflow/.local/lib/python3.8/site-packages/airflow/example_dags/example_task_group_decorator.py for tasks to queue
[2025-05-07T20:08:56.369+0000] {logging_mixin.py:188} INFO - [2025-05-07T20:08:56.369+0000] {dagbag.py:538} INFO - Filling up the DagBag from /home/airflow/.local/lib/python3.8/site-packages/airflow/example_dags/example_task_group_decorator.py
[2025-05-07T20:08:56.385+0000] {processor.py:840} INFO - DAG(s) 'example_task_group_decorator' retrieved from /home/airflow/.local/lib/python3.8/site-packages/airflow/example_dags/example_task_group_decorator.py
[2025-05-07T20:08:56.422+0000] {logging_mixin.py:188} INFO - [2025-05-07T20:08:56.422+0000] {dag.py:3036} INFO - Sync 1 DAGs
[2025-05-07T20:08:56.453+0000] {logging_mixin.py:188} INFO - [2025-05-07T20:08:56.453+0000] {dag.py:3823} INFO - Setting next_dagrun for example_task_group_decorator to 2025-05-06 00:00:00+00:00, run_after=2025-05-07 00:00:00+00:00
[2025-05-07T20:08:56.479+0000] {processor.py:183} INFO - Processing /home/airflow/.local/lib/python3.8/site-packages/airflow/example_dags/example_task_group_decorator.py took 0.121 seconds
[2025-05-07T20:09:26.698+0000] {processor.py:161} INFO - Started process (PID=4123) to work on /home/airflow/.local/lib/python3.8/site-packages/airflow/example_dags/example_task_group_decorator.py
[2025-05-07T20:09:26.700+0000] {processor.py:830} INFO - Processing file /home/airflow/.local/lib/python3.8/site-packages/airflow/example_dags/example_task_group_decorator.py for tasks to queue
[2025-05-07T20:09:26.702+0000] {logging_mixin.py:188} INFO - [2025-05-07T20:09:26.702+0000] {dagbag.py:538} INFO - Filling up the DagBag from /home/airflow/.local/lib/python3.8/site-packages/airflow/example_dags/example_task_group_decorator.py
[2025-05-07T20:09:26.721+0000] {processor.py:840} INFO - DAG(s) 'example_task_group_decorator' retrieved from /home/airflow/.local/lib/python3.8/site-packages/airflow/example_dags/example_task_group_decorator.py
[2025-05-07T20:09:26.759+0000] {logging_mixin.py:188} INFO - [2025-05-07T20:09:26.759+0000] {dag.py:3036} INFO - Sync 1 DAGs
[2025-05-07T20:09:26.783+0000] {logging_mixin.py:188} INFO - [2025-05-07T20:09:26.782+0000] {dag.py:3823} INFO - Setting next_dagrun for example_task_group_decorator to 2025-05-06 00:00:00+00:00, run_after=2025-05-07 00:00:00+00:00
[2025-05-07T20:09:26.811+0000] {processor.py:183} INFO - Processing /home/airflow/.local/lib/python3.8/site-packages/airflow/example_dags/example_task_group_decorator.py took 0.117 seconds
[2025-05-07T20:09:57.568+0000] {processor.py:161} INFO - Started process (PID=4180) to work on /home/airflow/.local/lib/python3.8/site-packages/airflow/example_dags/example_task_group_decorator.py
[2025-05-07T20:09:57.572+0000] {processor.py:830} INFO - Processing file /home/airflow/.local/lib/python3.8/site-packages/airflow/example_dags/example_task_group_decorator.py for tasks to queue
[2025-05-07T20:09:57.576+0000] {logging_mixin.py:188} INFO - [2025-05-07T20:09:57.575+0000] {dagbag.py:538} INFO - Filling up the DagBag from /home/airflow/.local/lib/python3.8/site-packages/airflow/example_dags/example_task_group_decorator.py
[2025-05-07T20:09:57.599+0000] {processor.py:840} INFO - DAG(s) 'example_task_group_decorator' retrieved from /home/airflow/.local/lib/python3.8/site-packages/airflow/example_dags/example_task_group_decorator.py
[2025-05-07T20:09:57.624+0000] {logging_mixin.py:188} INFO - [2025-05-07T20:09:57.624+0000] {dag.py:3036} INFO - Sync 1 DAGs
[2025-05-07T20:09:57.646+0000] {logging_mixin.py:188} INFO - [2025-05-07T20:09:57.646+0000] {dag.py:3823} INFO - Setting next_dagrun for example_task_group_decorator to 2025-05-06 00:00:00+00:00, run_after=2025-05-07 00:00:00+00:00
[2025-05-07T20:09:57.667+0000] {processor.py:183} INFO - Processing /home/airflow/.local/lib/python3.8/site-packages/airflow/example_dags/example_task_group_decorator.py took 0.108 seconds
[2025-05-07T20:10:27.954+0000] {processor.py:161} INFO - Started process (PID=4237) to work on /home/airflow/.local/lib/python3.8/site-packages/airflow/example_dags/example_task_group_decorator.py
[2025-05-07T20:10:27.956+0000] {processor.py:830} INFO - Processing file /home/airflow/.local/lib/python3.8/site-packages/airflow/example_dags/example_task_group_decorator.py for tasks to queue
[2025-05-07T20:10:27.959+0000] {logging_mixin.py:188} INFO - [2025-05-07T20:10:27.959+0000] {dagbag.py:538} INFO - Filling up the DagBag from /home/airflow/.local/lib/python3.8/site-packages/airflow/example_dags/example_task_group_decorator.py
[2025-05-07T20:10:27.975+0000] {processor.py:840} INFO - DAG(s) 'example_task_group_decorator' retrieved from /home/airflow/.local/lib/python3.8/site-packages/airflow/example_dags/example_task_group_decorator.py
[2025-05-07T20:10:28.005+0000] {logging_mixin.py:188} INFO - [2025-05-07T20:10:28.005+0000] {dag.py:3036} INFO - Sync 1 DAGs
[2025-05-07T20:10:28.036+0000] {logging_mixin.py:188} INFO - [2025-05-07T20:10:28.035+0000] {dag.py:3823} INFO - Setting next_dagrun for example_task_group_decorator to 2025-05-06 00:00:00+00:00, run_after=2025-05-07 00:00:00+00:00
[2025-05-07T20:10:28.069+0000] {processor.py:183} INFO - Processing /home/airflow/.local/lib/python3.8/site-packages/airflow/example_dags/example_task_group_decorator.py took 0.119 seconds
[2025-05-07T20:10:58.621+0000] {processor.py:161} INFO - Started process (PID=4294) to work on /home/airflow/.local/lib/python3.8/site-packages/airflow/example_dags/example_task_group_decorator.py
[2025-05-07T20:10:58.622+0000] {processor.py:830} INFO - Processing file /home/airflow/.local/lib/python3.8/site-packages/airflow/example_dags/example_task_group_decorator.py for tasks to queue
[2025-05-07T20:10:58.624+0000] {logging_mixin.py:188} INFO - [2025-05-07T20:10:58.624+0000] {dagbag.py:538} INFO - Filling up the DagBag from /home/airflow/.local/lib/python3.8/site-packages/airflow/example_dags/example_task_group_decorator.py
[2025-05-07T20:10:58.638+0000] {processor.py:840} INFO - DAG(s) 'example_task_group_decorator' retrieved from /home/airflow/.local/lib/python3.8/site-packages/airflow/example_dags/example_task_group_decorator.py
[2025-05-07T20:10:58.665+0000] {logging_mixin.py:188} INFO - [2025-05-07T20:10:58.665+0000] {dag.py:3036} INFO - Sync 1 DAGs
[2025-05-07T20:10:58.686+0000] {logging_mixin.py:188} INFO - [2025-05-07T20:10:58.686+0000] {dag.py:3823} INFO - Setting next_dagrun for example_task_group_decorator to 2025-05-06 00:00:00+00:00, run_after=2025-05-07 00:00:00+00:00
[2025-05-07T20:10:58.710+0000] {processor.py:183} INFO - Processing /home/airflow/.local/lib/python3.8/site-packages/airflow/example_dags/example_task_group_decorator.py took 0.092 seconds
[2025-05-07T20:11:29.574+0000] {processor.py:161} INFO - Started process (PID=4351) to work on /home/airflow/.local/lib/python3.8/site-packages/airflow/example_dags/example_task_group_decorator.py
[2025-05-07T20:11:29.576+0000] {processor.py:830} INFO - Processing file /home/airflow/.local/lib/python3.8/site-packages/airflow/example_dags/example_task_group_decorator.py for tasks to queue
[2025-05-07T20:11:29.581+0000] {logging_mixin.py:188} INFO - [2025-05-07T20:11:29.580+0000] {dagbag.py:538} INFO - Filling up the DagBag from /home/airflow/.local/lib/python3.8/site-packages/airflow/example_dags/example_task_group_decorator.py
[2025-05-07T20:11:29.606+0000] {processor.py:840} INFO - DAG(s) 'example_task_group_decorator' retrieved from /home/airflow/.local/lib/python3.8/site-packages/airflow/example_dags/example_task_group_decorator.py
[2025-05-07T20:11:29.631+0000] {logging_mixin.py:188} INFO - [2025-05-07T20:11:29.631+0000] {dag.py:3036} INFO - Sync 1 DAGs
[2025-05-07T20:11:29.653+0000] {logging_mixin.py:188} INFO - [2025-05-07T20:11:29.653+0000] {dag.py:3823} INFO - Setting next_dagrun for example_task_group_decorator to 2025-05-06 00:00:00+00:00, run_after=2025-05-07 00:00:00+00:00
[2025-05-07T20:11:29.678+0000] {processor.py:183} INFO - Processing /home/airflow/.local/lib/python3.8/site-packages/airflow/example_dags/example_task_group_decorator.py took 0.108 seconds
[2025-05-07T20:11:59.911+0000] {processor.py:161} INFO - Started process (PID=4408) to work on /home/airflow/.local/lib/python3.8/site-packages/airflow/example_dags/example_task_group_decorator.py
[2025-05-07T20:11:59.912+0000] {processor.py:830} INFO - Processing file /home/airflow/.local/lib/python3.8/site-packages/airflow/example_dags/example_task_group_decorator.py for tasks to queue
[2025-05-07T20:11:59.916+0000] {logging_mixin.py:188} INFO - [2025-05-07T20:11:59.916+0000] {dagbag.py:538} INFO - Filling up the DagBag from /home/airflow/.local/lib/python3.8/site-packages/airflow/example_dags/example_task_group_decorator.py
[2025-05-07T20:11:59.933+0000] {processor.py:840} INFO - DAG(s) 'example_task_group_decorator' retrieved from /home/airflow/.local/lib/python3.8/site-packages/airflow/example_dags/example_task_group_decorator.py
[2025-05-07T20:11:59.964+0000] {logging_mixin.py:188} INFO - [2025-05-07T20:11:59.964+0000] {dag.py:3036} INFO - Sync 1 DAGs
[2025-05-07T20:11:59.989+0000] {logging_mixin.py:188} INFO - [2025-05-07T20:11:59.989+0000] {dag.py:3823} INFO - Setting next_dagrun for example_task_group_decorator to 2025-05-06 00:00:00+00:00, run_after=2025-05-07 00:00:00+00:00
[2025-05-07T20:12:00.009+0000] {processor.py:183} INFO - Processing /home/airflow/.local/lib/python3.8/site-packages/airflow/example_dags/example_task_group_decorator.py took 0.103 seconds
[2025-05-07T20:12:30.675+0000] {processor.py:161} INFO - Started process (PID=4465) to work on /home/airflow/.local/lib/python3.8/site-packages/airflow/example_dags/example_task_group_decorator.py
[2025-05-07T20:12:30.676+0000] {processor.py:830} INFO - Processing file /home/airflow/.local/lib/python3.8/site-packages/airflow/example_dags/example_task_group_decorator.py for tasks to queue
[2025-05-07T20:12:30.678+0000] {logging_mixin.py:188} INFO - [2025-05-07T20:12:30.678+0000] {dagbag.py:538} INFO - Filling up the DagBag from /home/airflow/.local/lib/python3.8/site-packages/airflow/example_dags/example_task_group_decorator.py
[2025-05-07T20:12:30.694+0000] {processor.py:840} INFO - DAG(s) 'example_task_group_decorator' retrieved from /home/airflow/.local/lib/python3.8/site-packages/airflow/example_dags/example_task_group_decorator.py
[2025-05-07T20:12:30.717+0000] {logging_mixin.py:188} INFO - [2025-05-07T20:12:30.717+0000] {dag.py:3036} INFO - Sync 1 DAGs
[2025-05-07T20:12:30.740+0000] {logging_mixin.py:188} INFO - [2025-05-07T20:12:30.740+0000] {dag.py:3823} INFO - Setting next_dagrun for example_task_group_decorator to 2025-05-06 00:00:00+00:00, run_after=2025-05-07 00:00:00+00:00
[2025-05-07T20:12:30.762+0000] {processor.py:183} INFO - Processing /home/airflow/.local/lib/python3.8/site-packages/airflow/example_dags/example_task_group_decorator.py took 0.091 seconds
[2025-05-07T20:13:01.356+0000] {processor.py:161} INFO - Started process (PID=4522) to work on /home/airflow/.local/lib/python3.8/site-packages/airflow/example_dags/example_task_group_decorator.py
[2025-05-07T20:13:01.358+0000] {processor.py:830} INFO - Processing file /home/airflow/.local/lib/python3.8/site-packages/airflow/example_dags/example_task_group_decorator.py for tasks to queue
[2025-05-07T20:13:01.360+0000] {logging_mixin.py:188} INFO - [2025-05-07T20:13:01.360+0000] {dagbag.py:538} INFO - Filling up the DagBag from /home/airflow/.local/lib/python3.8/site-packages/airflow/example_dags/example_task_group_decorator.py
[2025-05-07T20:13:01.377+0000] {processor.py:840} INFO - DAG(s) 'example_task_group_decorator' retrieved from /home/airflow/.local/lib/python3.8/site-packages/airflow/example_dags/example_task_group_decorator.py
[2025-05-07T20:13:01.410+0000] {logging_mixin.py:188} INFO - [2025-05-07T20:13:01.410+0000] {dag.py:3036} INFO - Sync 1 DAGs
[2025-05-07T20:13:01.441+0000] {logging_mixin.py:188} INFO - [2025-05-07T20:13:01.441+0000] {dag.py:3823} INFO - Setting next_dagrun for example_task_group_decorator to 2025-05-06 00:00:00+00:00, run_after=2025-05-07 00:00:00+00:00
[2025-05-07T20:13:01.481+0000] {processor.py:183} INFO - Processing /home/airflow/.local/lib/python3.8/site-packages/airflow/example_dags/example_task_group_decorator.py took 0.130 seconds
[2025-05-07T20:13:32.215+0000] {processor.py:161} INFO - Started process (PID=4579) to work on /home/airflow/.local/lib/python3.8/site-packages/airflow/example_dags/example_task_group_decorator.py
[2025-05-07T20:13:32.216+0000] {processor.py:830} INFO - Processing file /home/airflow/.local/lib/python3.8/site-packages/airflow/example_dags/example_task_group_decorator.py for tasks to queue
[2025-05-07T20:13:32.218+0000] {logging_mixin.py:188} INFO - [2025-05-07T20:13:32.217+0000] {dagbag.py:538} INFO - Filling up the DagBag from /home/airflow/.local/lib/python3.8/site-packages/airflow/example_dags/example_task_group_decorator.py
[2025-05-07T20:13:32.231+0000] {processor.py:840} INFO - DAG(s) 'example_task_group_decorator' retrieved from /home/airflow/.local/lib/python3.8/site-packages/airflow/example_dags/example_task_group_decorator.py
[2025-05-07T20:13:32.254+0000] {logging_mixin.py:188} INFO - [2025-05-07T20:13:32.254+0000] {dag.py:3036} INFO - Sync 1 DAGs
[2025-05-07T20:13:32.274+0000] {logging_mixin.py:188} INFO - [2025-05-07T20:13:32.274+0000] {dag.py:3823} INFO - Setting next_dagrun for example_task_group_decorator to 2025-05-06 00:00:00+00:00, run_after=2025-05-07 00:00:00+00:00
[2025-05-07T20:13:32.296+0000] {processor.py:183} INFO - Processing /home/airflow/.local/lib/python3.8/site-packages/airflow/example_dags/example_task_group_decorator.py took 0.084 seconds
[2025-05-07T20:14:02.666+0000] {processor.py:161} INFO - Started process (PID=4636) to work on /home/airflow/.local/lib/python3.8/site-packages/airflow/example_dags/example_task_group_decorator.py
[2025-05-07T20:14:02.667+0000] {processor.py:830} INFO - Processing file /home/airflow/.local/lib/python3.8/site-packages/airflow/example_dags/example_task_group_decorator.py for tasks to queue
[2025-05-07T20:14:02.670+0000] {logging_mixin.py:188} INFO - [2025-05-07T20:14:02.669+0000] {dagbag.py:538} INFO - Filling up the DagBag from /home/airflow/.local/lib/python3.8/site-packages/airflow/example_dags/example_task_group_decorator.py
[2025-05-07T20:14:02.687+0000] {processor.py:840} INFO - DAG(s) 'example_task_group_decorator' retrieved from /home/airflow/.local/lib/python3.8/site-packages/airflow/example_dags/example_task_group_decorator.py
[2025-05-07T20:14:02.713+0000] {logging_mixin.py:188} INFO - [2025-05-07T20:14:02.713+0000] {dag.py:3036} INFO - Sync 1 DAGs
[2025-05-07T20:14:02.738+0000] {logging_mixin.py:188} INFO - [2025-05-07T20:14:02.738+0000] {dag.py:3823} INFO - Setting next_dagrun for example_task_group_decorator to 2025-05-06 00:00:00+00:00, run_after=2025-05-07 00:00:00+00:00
[2025-05-07T20:14:02.764+0000] {processor.py:183} INFO - Processing /home/airflow/.local/lib/python3.8/site-packages/airflow/example_dags/example_task_group_decorator.py took 0.103 seconds
[2025-05-07T20:14:33.260+0000] {processor.py:161} INFO - Started process (PID=4693) to work on /home/airflow/.local/lib/python3.8/site-packages/airflow/example_dags/example_task_group_decorator.py
[2025-05-07T20:14:33.263+0000] {processor.py:830} INFO - Processing file /home/airflow/.local/lib/python3.8/site-packages/airflow/example_dags/example_task_group_decorator.py for tasks to queue
[2025-05-07T20:14:33.265+0000] {logging_mixin.py:188} INFO - [2025-05-07T20:14:33.265+0000] {dagbag.py:538} INFO - Filling up the DagBag from /home/airflow/.local/lib/python3.8/site-packages/airflow/example_dags/example_task_group_decorator.py
[2025-05-07T20:14:33.283+0000] {processor.py:840} INFO - DAG(s) 'example_task_group_decorator' retrieved from /home/airflow/.local/lib/python3.8/site-packages/airflow/example_dags/example_task_group_decorator.py
[2025-05-07T20:14:33.312+0000] {logging_mixin.py:188} INFO - [2025-05-07T20:14:33.311+0000] {dag.py:3036} INFO - Sync 1 DAGs
[2025-05-07T20:14:33.338+0000] {logging_mixin.py:188} INFO - [2025-05-07T20:14:33.337+0000] {dag.py:3823} INFO - Setting next_dagrun for example_task_group_decorator to 2025-05-06 00:00:00+00:00, run_after=2025-05-07 00:00:00+00:00
[2025-05-07T20:14:33.363+0000] {processor.py:183} INFO - Processing /home/airflow/.local/lib/python3.8/site-packages/airflow/example_dags/example_task_group_decorator.py took 0.108 seconds
[2025-05-07T20:15:04.014+0000] {processor.py:161} INFO - Started process (PID=4750) to work on /home/airflow/.local/lib/python3.8/site-packages/airflow/example_dags/example_task_group_decorator.py
[2025-05-07T20:15:04.017+0000] {processor.py:830} INFO - Processing file /home/airflow/.local/lib/python3.8/site-packages/airflow/example_dags/example_task_group_decorator.py for tasks to queue
[2025-05-07T20:15:04.022+0000] {logging_mixin.py:188} INFO - [2025-05-07T20:15:04.022+0000] {dagbag.py:538} INFO - Filling up the DagBag from /home/airflow/.local/lib/python3.8/site-packages/airflow/example_dags/example_task_group_decorator.py
[2025-05-07T20:15:04.059+0000] {processor.py:840} INFO - DAG(s) 'example_task_group_decorator' retrieved from /home/airflow/.local/lib/python3.8/site-packages/airflow/example_dags/example_task_group_decorator.py
[2025-05-07T20:15:04.097+0000] {logging_mixin.py:188} INFO - [2025-05-07T20:15:04.096+0000] {dag.py:3036} INFO - Sync 1 DAGs
[2025-05-07T20:15:04.143+0000] {logging_mixin.py:188} INFO - [2025-05-07T20:15:04.143+0000] {dag.py:3823} INFO - Setting next_dagrun for example_task_group_decorator to 2025-05-06 00:00:00+00:00, run_after=2025-05-07 00:00:00+00:00
[2025-05-07T20:15:04.173+0000] {processor.py:183} INFO - Processing /home/airflow/.local/lib/python3.8/site-packages/airflow/example_dags/example_task_group_decorator.py took 0.164 seconds
[2025-05-07T20:15:34.765+0000] {processor.py:161} INFO - Started process (PID=4807) to work on /home/airflow/.local/lib/python3.8/site-packages/airflow/example_dags/example_task_group_decorator.py
[2025-05-07T20:15:34.768+0000] {processor.py:830} INFO - Processing file /home/airflow/.local/lib/python3.8/site-packages/airflow/example_dags/example_task_group_decorator.py for tasks to queue
[2025-05-07T20:15:34.773+0000] {logging_mixin.py:188} INFO - [2025-05-07T20:15:34.772+0000] {dagbag.py:538} INFO - Filling up the DagBag from /home/airflow/.local/lib/python3.8/site-packages/airflow/example_dags/example_task_group_decorator.py
[2025-05-07T20:15:34.807+0000] {processor.py:840} INFO - DAG(s) 'example_task_group_decorator' retrieved from /home/airflow/.local/lib/python3.8/site-packages/airflow/example_dags/example_task_group_decorator.py
[2025-05-07T20:15:34.858+0000] {logging_mixin.py:188} INFO - [2025-05-07T20:15:34.857+0000] {dag.py:3036} INFO - Sync 1 DAGs
[2025-05-07T20:15:34.891+0000] {logging_mixin.py:188} INFO - [2025-05-07T20:15:34.891+0000] {dag.py:3823} INFO - Setting next_dagrun for example_task_group_decorator to 2025-05-06 00:00:00+00:00, run_after=2025-05-07 00:00:00+00:00
[2025-05-07T20:15:34.930+0000] {processor.py:183} INFO - Processing /home/airflow/.local/lib/python3.8/site-packages/airflow/example_dags/example_task_group_decorator.py took 0.174 seconds
[2025-05-07T20:16:05.413+0000] {processor.py:161} INFO - Started process (PID=4864) to work on /home/airflow/.local/lib/python3.8/site-packages/airflow/example_dags/example_task_group_decorator.py
[2025-05-07T20:16:05.417+0000] {processor.py:830} INFO - Processing file /home/airflow/.local/lib/python3.8/site-packages/airflow/example_dags/example_task_group_decorator.py for tasks to queue
[2025-05-07T20:16:05.424+0000] {logging_mixin.py:188} INFO - [2025-05-07T20:16:05.423+0000] {dagbag.py:538} INFO - Filling up the DagBag from /home/airflow/.local/lib/python3.8/site-packages/airflow/example_dags/example_task_group_decorator.py
[2025-05-07T20:16:05.446+0000] {processor.py:840} INFO - DAG(s) 'example_task_group_decorator' retrieved from /home/airflow/.local/lib/python3.8/site-packages/airflow/example_dags/example_task_group_decorator.py
[2025-05-07T20:16:05.483+0000] {logging_mixin.py:188} INFO - [2025-05-07T20:16:05.483+0000] {dag.py:3036} INFO - Sync 1 DAGs
[2025-05-07T20:16:05.516+0000] {logging_mixin.py:188} INFO - [2025-05-07T20:16:05.516+0000] {dag.py:3823} INFO - Setting next_dagrun for example_task_group_decorator to 2025-05-06 00:00:00+00:00, run_after=2025-05-07 00:00:00+00:00
[2025-05-07T20:16:05.544+0000] {processor.py:183} INFO - Processing /home/airflow/.local/lib/python3.8/site-packages/airflow/example_dags/example_task_group_decorator.py took 0.140 seconds
[2025-05-07T20:16:35.677+0000] {processor.py:161} INFO - Started process (PID=4921) to work on /home/airflow/.local/lib/python3.8/site-packages/airflow/example_dags/example_task_group_decorator.py
[2025-05-07T20:16:35.679+0000] {processor.py:830} INFO - Processing file /home/airflow/.local/lib/python3.8/site-packages/airflow/example_dags/example_task_group_decorator.py for tasks to queue
[2025-05-07T20:16:35.682+0000] {logging_mixin.py:188} INFO - [2025-05-07T20:16:35.682+0000] {dagbag.py:538} INFO - Filling up the DagBag from /home/airflow/.local/lib/python3.8/site-packages/airflow/example_dags/example_task_group_decorator.py
[2025-05-07T20:16:35.702+0000] {processor.py:840} INFO - DAG(s) 'example_task_group_decorator' retrieved from /home/airflow/.local/lib/python3.8/site-packages/airflow/example_dags/example_task_group_decorator.py
[2025-05-07T20:16:35.736+0000] {logging_mixin.py:188} INFO - [2025-05-07T20:16:35.735+0000] {dag.py:3036} INFO - Sync 1 DAGs
[2025-05-07T20:16:35.766+0000] {logging_mixin.py:188} INFO - [2025-05-07T20:16:35.765+0000] {dag.py:3823} INFO - Setting next_dagrun for example_task_group_decorator to 2025-05-06 00:00:00+00:00, run_after=2025-05-07 00:00:00+00:00
[2025-05-07T20:16:35.796+0000] {processor.py:183} INFO - Processing /home/airflow/.local/lib/python3.8/site-packages/airflow/example_dags/example_task_group_decorator.py took 0.124 seconds
[2025-05-07T20:17:06.673+0000] {processor.py:161} INFO - Started process (PID=4978) to work on /home/airflow/.local/lib/python3.8/site-packages/airflow/example_dags/example_task_group_decorator.py
[2025-05-07T20:17:06.675+0000] {processor.py:830} INFO - Processing file /home/airflow/.local/lib/python3.8/site-packages/airflow/example_dags/example_task_group_decorator.py for tasks to queue
[2025-05-07T20:17:06.678+0000] {logging_mixin.py:188} INFO - [2025-05-07T20:17:06.678+0000] {dagbag.py:538} INFO - Filling up the DagBag from /home/airflow/.local/lib/python3.8/site-packages/airflow/example_dags/example_task_group_decorator.py
[2025-05-07T20:17:06.698+0000] {processor.py:840} INFO - DAG(s) 'example_task_group_decorator' retrieved from /home/airflow/.local/lib/python3.8/site-packages/airflow/example_dags/example_task_group_decorator.py
[2025-05-07T20:17:06.732+0000] {logging_mixin.py:188} INFO - [2025-05-07T20:17:06.732+0000] {dag.py:3036} INFO - Sync 1 DAGs
[2025-05-07T20:17:06.761+0000] {logging_mixin.py:188} INFO - [2025-05-07T20:17:06.760+0000] {dag.py:3823} INFO - Setting next_dagrun for example_task_group_decorator to 2025-05-06 00:00:00+00:00, run_after=2025-05-07 00:00:00+00:00
[2025-05-07T20:17:06.791+0000] {processor.py:183} INFO - Processing /home/airflow/.local/lib/python3.8/site-packages/airflow/example_dags/example_task_group_decorator.py took 0.123 seconds
[2025-05-07T20:17:37.246+0000] {processor.py:161} INFO - Started process (PID=5035) to work on /home/airflow/.local/lib/python3.8/site-packages/airflow/example_dags/example_task_group_decorator.py
[2025-05-07T20:17:37.248+0000] {processor.py:830} INFO - Processing file /home/airflow/.local/lib/python3.8/site-packages/airflow/example_dags/example_task_group_decorator.py for tasks to queue
[2025-05-07T20:17:37.251+0000] {logging_mixin.py:188} INFO - [2025-05-07T20:17:37.250+0000] {dagbag.py:538} INFO - Filling up the DagBag from /home/airflow/.local/lib/python3.8/site-packages/airflow/example_dags/example_task_group_decorator.py
[2025-05-07T20:17:37.270+0000] {processor.py:840} INFO - DAG(s) 'example_task_group_decorator' retrieved from /home/airflow/.local/lib/python3.8/site-packages/airflow/example_dags/example_task_group_decorator.py
[2025-05-07T20:17:37.307+0000] {logging_mixin.py:188} INFO - [2025-05-07T20:17:37.306+0000] {dag.py:3036} INFO - Sync 1 DAGs
[2025-05-07T20:17:37.336+0000] {logging_mixin.py:188} INFO - [2025-05-07T20:17:37.335+0000] {dag.py:3823} INFO - Setting next_dagrun for example_task_group_decorator to 2025-05-06 00:00:00+00:00, run_after=2025-05-07 00:00:00+00:00
[2025-05-07T20:17:37.363+0000] {processor.py:183} INFO - Processing /home/airflow/.local/lib/python3.8/site-packages/airflow/example_dags/example_task_group_decorator.py took 0.122 seconds
[2025-05-07T20:18:08.188+0000] {processor.py:161} INFO - Started process (PID=5093) to work on /home/airflow/.local/lib/python3.8/site-packages/airflow/example_dags/example_task_group_decorator.py
[2025-05-07T20:18:08.191+0000] {processor.py:830} INFO - Processing file /home/airflow/.local/lib/python3.8/site-packages/airflow/example_dags/example_task_group_decorator.py for tasks to queue
[2025-05-07T20:18:08.198+0000] {logging_mixin.py:188} INFO - [2025-05-07T20:18:08.197+0000] {dagbag.py:538} INFO - Filling up the DagBag from /home/airflow/.local/lib/python3.8/site-packages/airflow/example_dags/example_task_group_decorator.py
[2025-05-07T20:18:08.225+0000] {processor.py:840} INFO - DAG(s) 'example_task_group_decorator' retrieved from /home/airflow/.local/lib/python3.8/site-packages/airflow/example_dags/example_task_group_decorator.py
[2025-05-07T20:18:08.262+0000] {logging_mixin.py:188} INFO - [2025-05-07T20:18:08.261+0000] {dag.py:3036} INFO - Sync 1 DAGs
[2025-05-07T20:18:08.293+0000] {logging_mixin.py:188} INFO - [2025-05-07T20:18:08.293+0000] {dag.py:3823} INFO - Setting next_dagrun for example_task_group_decorator to 2025-05-06 00:00:00+00:00, run_after=2025-05-07 00:00:00+00:00
[2025-05-07T20:18:08.331+0000] {processor.py:183} INFO - Processing /home/airflow/.local/lib/python3.8/site-packages/airflow/example_dags/example_task_group_decorator.py took 0.149 seconds
[2025-05-07T20:18:38.498+0000] {processor.py:161} INFO - Started process (PID=5150) to work on /home/airflow/.local/lib/python3.8/site-packages/airflow/example_dags/example_task_group_decorator.py
[2025-05-07T20:18:38.500+0000] {processor.py:830} INFO - Processing file /home/airflow/.local/lib/python3.8/site-packages/airflow/example_dags/example_task_group_decorator.py for tasks to queue
[2025-05-07T20:18:38.503+0000] {logging_mixin.py:188} INFO - [2025-05-07T20:18:38.502+0000] {dagbag.py:538} INFO - Filling up the DagBag from /home/airflow/.local/lib/python3.8/site-packages/airflow/example_dags/example_task_group_decorator.py
[2025-05-07T20:18:38.526+0000] {processor.py:840} INFO - DAG(s) 'example_task_group_decorator' retrieved from /home/airflow/.local/lib/python3.8/site-packages/airflow/example_dags/example_task_group_decorator.py
[2025-05-07T20:18:38.558+0000] {logging_mixin.py:188} INFO - [2025-05-07T20:18:38.558+0000] {dag.py:3036} INFO - Sync 1 DAGs
[2025-05-07T20:18:38.592+0000] {logging_mixin.py:188} INFO - [2025-05-07T20:18:38.591+0000] {dag.py:3823} INFO - Setting next_dagrun for example_task_group_decorator to 2025-05-06 00:00:00+00:00, run_after=2025-05-07 00:00:00+00:00
[2025-05-07T20:18:38.619+0000] {processor.py:183} INFO - Processing /home/airflow/.local/lib/python3.8/site-packages/airflow/example_dags/example_task_group_decorator.py took 0.126 seconds
