[2025-05-07T19:05:16.378+0000] {processor.py:161} INFO - Started process (PID=97) to work on /home/airflow/.local/lib/python3.8/site-packages/airflow/example_dags/example_trigger_target_dag.py
[2025-05-07T19:05:16.380+0000] {processor.py:830} INFO - Processing file /home/airflow/.local/lib/python3.8/site-packages/airflow/example_dags/example_trigger_target_dag.py for tasks to queue
[2025-05-07T19:05:16.382+0000] {logging_mixin.py:188} INFO - [2025-05-07T19:05:16.381+0000] {dagbag.py:538} INFO - Filling up the DagBag from /home/airflow/.local/lib/python3.8/site-packages/airflow/example_dags/example_trigger_target_dag.py
[2025-05-07T19:05:16.389+0000] {processor.py:840} INFO - DAG(s) 'example_trigger_target_dag' retrieved from /home/airflow/.local/lib/python3.8/site-packages/airflow/example_dags/example_trigger_target_dag.py
[2025-05-07T19:05:16.404+0000] {logging_mixin.py:188} INFO - [2025-05-07T19:05:16.403+0000] {dag.py:3036} INFO - Sync 1 DAGs
[2025-05-07T19:05:16.417+0000] {logging_mixin.py:188} INFO - [2025-05-07T19:05:16.417+0000] {dag.py:3823} INFO - Setting next_dagrun for example_trigger_target_dag to None, run_after=None
[2025-05-07T19:05:16.437+0000] {processor.py:183} INFO - Processing /home/airflow/.local/lib/python3.8/site-packages/airflow/example_dags/example_trigger_target_dag.py took 0.063 seconds
[2025-05-07T19:05:47.422+0000] {processor.py:161} INFO - Started process (PID=152) to work on /home/airflow/.local/lib/python3.8/site-packages/airflow/example_dags/example_trigger_target_dag.py
[2025-05-07T19:05:47.425+0000] {processor.py:830} INFO - Processing file /home/airflow/.local/lib/python3.8/site-packages/airflow/example_dags/example_trigger_target_dag.py for tasks to queue
[2025-05-07T19:05:47.428+0000] {logging_mixin.py:188} INFO - [2025-05-07T19:05:47.427+0000] {dagbag.py:538} INFO - Filling up the DagBag from /home/airflow/.local/lib/python3.8/site-packages/airflow/example_dags/example_trigger_target_dag.py
[2025-05-07T19:05:47.435+0000] {processor.py:840} INFO - DAG(s) 'example_trigger_target_dag' retrieved from /home/airflow/.local/lib/python3.8/site-packages/airflow/example_dags/example_trigger_target_dag.py
[2025-05-07T19:05:47.533+0000] {logging_mixin.py:188} INFO - [2025-05-07T19:05:47.533+0000] {dag.py:3036} INFO - Sync 1 DAGs
[2025-05-07T19:05:47.544+0000] {logging_mixin.py:188} INFO - [2025-05-07T19:05:47.543+0000] {dag.py:3823} INFO - Setting next_dagrun for example_trigger_target_dag to None, run_after=None
[2025-05-07T19:05:47.564+0000] {processor.py:183} INFO - Processing /home/airflow/.local/lib/python3.8/site-packages/airflow/example_dags/example_trigger_target_dag.py took 0.146 seconds
[2025-05-07T19:06:18.643+0000] {processor.py:161} INFO - Started process (PID=207) to work on /home/airflow/.local/lib/python3.8/site-packages/airflow/example_dags/example_trigger_target_dag.py
[2025-05-07T19:06:18.646+0000] {processor.py:830} INFO - Processing file /home/airflow/.local/lib/python3.8/site-packages/airflow/example_dags/example_trigger_target_dag.py for tasks to queue
[2025-05-07T19:06:18.649+0000] {logging_mixin.py:188} INFO - [2025-05-07T19:06:18.649+0000] {dagbag.py:538} INFO - Filling up the DagBag from /home/airflow/.local/lib/python3.8/site-packages/airflow/example_dags/example_trigger_target_dag.py
[2025-05-07T19:06:18.657+0000] {processor.py:840} INFO - DAG(s) 'example_trigger_target_dag' retrieved from /home/airflow/.local/lib/python3.8/site-packages/airflow/example_dags/example_trigger_target_dag.py
[2025-05-07T19:06:18.681+0000] {logging_mixin.py:188} INFO - [2025-05-07T19:06:18.681+0000] {dag.py:3036} INFO - Sync 1 DAGs
[2025-05-07T19:06:18.695+0000] {logging_mixin.py:188} INFO - [2025-05-07T19:06:18.694+0000] {dag.py:3823} INFO - Setting next_dagrun for example_trigger_target_dag to None, run_after=None
[2025-05-07T19:06:18.717+0000] {processor.py:183} INFO - Processing /home/airflow/.local/lib/python3.8/site-packages/airflow/example_dags/example_trigger_target_dag.py took 0.079 seconds
[2025-05-07T19:06:49.662+0000] {processor.py:161} INFO - Started process (PID=262) to work on /home/airflow/.local/lib/python3.8/site-packages/airflow/example_dags/example_trigger_target_dag.py
[2025-05-07T19:06:49.663+0000] {processor.py:830} INFO - Processing file /home/airflow/.local/lib/python3.8/site-packages/airflow/example_dags/example_trigger_target_dag.py for tasks to queue
[2025-05-07T19:06:49.666+0000] {logging_mixin.py:188} INFO - [2025-05-07T19:06:49.666+0000] {dagbag.py:538} INFO - Filling up the DagBag from /home/airflow/.local/lib/python3.8/site-packages/airflow/example_dags/example_trigger_target_dag.py
[2025-05-07T19:06:49.673+0000] {processor.py:840} INFO - DAG(s) 'example_trigger_target_dag' retrieved from /home/airflow/.local/lib/python3.8/site-packages/airflow/example_dags/example_trigger_target_dag.py
[2025-05-07T19:06:49.698+0000] {logging_mixin.py:188} INFO - [2025-05-07T19:06:49.697+0000] {dag.py:3036} INFO - Sync 1 DAGs
[2025-05-07T19:06:49.711+0000] {logging_mixin.py:188} INFO - [2025-05-07T19:06:49.711+0000] {dag.py:3823} INFO - Setting next_dagrun for example_trigger_target_dag to None, run_after=None
[2025-05-07T19:06:49.734+0000] {processor.py:183} INFO - Processing /home/airflow/.local/lib/python3.8/site-packages/airflow/example_dags/example_trigger_target_dag.py took 0.076 seconds
[2025-05-07T19:07:20.305+0000] {processor.py:161} INFO - Started process (PID=317) to work on /home/airflow/.local/lib/python3.8/site-packages/airflow/example_dags/example_trigger_target_dag.py
[2025-05-07T19:07:20.308+0000] {processor.py:830} INFO - Processing file /home/airflow/.local/lib/python3.8/site-packages/airflow/example_dags/example_trigger_target_dag.py for tasks to queue
[2025-05-07T19:07:20.312+0000] {logging_mixin.py:188} INFO - [2025-05-07T19:07:20.312+0000] {dagbag.py:538} INFO - Filling up the DagBag from /home/airflow/.local/lib/python3.8/site-packages/airflow/example_dags/example_trigger_target_dag.py
[2025-05-07T19:07:20.324+0000] {processor.py:840} INFO - DAG(s) 'example_trigger_target_dag' retrieved from /home/airflow/.local/lib/python3.8/site-packages/airflow/example_dags/example_trigger_target_dag.py
[2025-05-07T19:07:20.348+0000] {logging_mixin.py:188} INFO - [2025-05-07T19:07:20.347+0000] {dag.py:3036} INFO - Sync 1 DAGs
[2025-05-07T19:07:20.361+0000] {logging_mixin.py:188} INFO - [2025-05-07T19:07:20.360+0000] {dag.py:3823} INFO - Setting next_dagrun for example_trigger_target_dag to None, run_after=None
[2025-05-07T19:07:20.385+0000] {processor.py:183} INFO - Processing /home/airflow/.local/lib/python3.8/site-packages/airflow/example_dags/example_trigger_target_dag.py took 0.088 seconds
[2025-05-07T19:07:50.645+0000] {processor.py:161} INFO - Started process (PID=372) to work on /home/airflow/.local/lib/python3.8/site-packages/airflow/example_dags/example_trigger_target_dag.py
[2025-05-07T19:07:50.646+0000] {processor.py:830} INFO - Processing file /home/airflow/.local/lib/python3.8/site-packages/airflow/example_dags/example_trigger_target_dag.py for tasks to queue
[2025-05-07T19:07:50.649+0000] {logging_mixin.py:188} INFO - [2025-05-07T19:07:50.648+0000] {dagbag.py:538} INFO - Filling up the DagBag from /home/airflow/.local/lib/python3.8/site-packages/airflow/example_dags/example_trigger_target_dag.py
[2025-05-07T19:07:50.659+0000] {processor.py:840} INFO - DAG(s) 'example_trigger_target_dag' retrieved from /home/airflow/.local/lib/python3.8/site-packages/airflow/example_dags/example_trigger_target_dag.py
[2025-05-07T19:07:50.680+0000] {logging_mixin.py:188} INFO - [2025-05-07T19:07:50.680+0000] {dag.py:3036} INFO - Sync 1 DAGs
[2025-05-07T19:07:50.696+0000] {logging_mixin.py:188} INFO - [2025-05-07T19:07:50.696+0000] {dag.py:3823} INFO - Setting next_dagrun for example_trigger_target_dag to None, run_after=None
[2025-05-07T19:07:50.726+0000] {processor.py:183} INFO - Processing /home/airflow/.local/lib/python3.8/site-packages/airflow/example_dags/example_trigger_target_dag.py took 0.087 seconds
[2025-05-07T19:08:21.305+0000] {processor.py:161} INFO - Started process (PID=427) to work on /home/airflow/.local/lib/python3.8/site-packages/airflow/example_dags/example_trigger_target_dag.py
[2025-05-07T19:08:21.308+0000] {processor.py:830} INFO - Processing file /home/airflow/.local/lib/python3.8/site-packages/airflow/example_dags/example_trigger_target_dag.py for tasks to queue
[2025-05-07T19:08:21.311+0000] {logging_mixin.py:188} INFO - [2025-05-07T19:08:21.311+0000] {dagbag.py:538} INFO - Filling up the DagBag from /home/airflow/.local/lib/python3.8/site-packages/airflow/example_dags/example_trigger_target_dag.py
[2025-05-07T19:08:21.321+0000] {processor.py:840} INFO - DAG(s) 'example_trigger_target_dag' retrieved from /home/airflow/.local/lib/python3.8/site-packages/airflow/example_dags/example_trigger_target_dag.py
[2025-05-07T19:08:21.344+0000] {logging_mixin.py:188} INFO - [2025-05-07T19:08:21.344+0000] {dag.py:3036} INFO - Sync 1 DAGs
[2025-05-07T19:08:21.357+0000] {logging_mixin.py:188} INFO - [2025-05-07T19:08:21.357+0000] {dag.py:3823} INFO - Setting next_dagrun for example_trigger_target_dag to None, run_after=None
[2025-05-07T19:08:21.377+0000] {processor.py:183} INFO - Processing /home/airflow/.local/lib/python3.8/site-packages/airflow/example_dags/example_trigger_target_dag.py took 0.076 seconds
[2025-05-07T19:08:51.505+0000] {processor.py:161} INFO - Started process (PID=482) to work on /home/airflow/.local/lib/python3.8/site-packages/airflow/example_dags/example_trigger_target_dag.py
[2025-05-07T19:08:51.508+0000] {processor.py:830} INFO - Processing file /home/airflow/.local/lib/python3.8/site-packages/airflow/example_dags/example_trigger_target_dag.py for tasks to queue
[2025-05-07T19:08:51.512+0000] {logging_mixin.py:188} INFO - [2025-05-07T19:08:51.511+0000] {dagbag.py:538} INFO - Filling up the DagBag from /home/airflow/.local/lib/python3.8/site-packages/airflow/example_dags/example_trigger_target_dag.py
[2025-05-07T19:08:51.522+0000] {processor.py:840} INFO - DAG(s) 'example_trigger_target_dag' retrieved from /home/airflow/.local/lib/python3.8/site-packages/airflow/example_dags/example_trigger_target_dag.py
[2025-05-07T19:08:51.544+0000] {logging_mixin.py:188} INFO - [2025-05-07T19:08:51.544+0000] {dag.py:3036} INFO - Sync 1 DAGs
[2025-05-07T19:08:51.558+0000] {logging_mixin.py:188} INFO - [2025-05-07T19:08:51.558+0000] {dag.py:3823} INFO - Setting next_dagrun for example_trigger_target_dag to None, run_after=None
[2025-05-07T19:08:51.582+0000] {processor.py:183} INFO - Processing /home/airflow/.local/lib/python3.8/site-packages/airflow/example_dags/example_trigger_target_dag.py took 0.083 seconds
[2025-05-07T19:09:22.022+0000] {processor.py:161} INFO - Started process (PID=537) to work on /home/airflow/.local/lib/python3.8/site-packages/airflow/example_dags/example_trigger_target_dag.py
[2025-05-07T19:09:22.025+0000] {processor.py:830} INFO - Processing file /home/airflow/.local/lib/python3.8/site-packages/airflow/example_dags/example_trigger_target_dag.py for tasks to queue
[2025-05-07T19:09:22.029+0000] {logging_mixin.py:188} INFO - [2025-05-07T19:09:22.028+0000] {dagbag.py:538} INFO - Filling up the DagBag from /home/airflow/.local/lib/python3.8/site-packages/airflow/example_dags/example_trigger_target_dag.py
[2025-05-07T19:09:22.039+0000] {processor.py:840} INFO - DAG(s) 'example_trigger_target_dag' retrieved from /home/airflow/.local/lib/python3.8/site-packages/airflow/example_dags/example_trigger_target_dag.py
[2025-05-07T19:09:22.062+0000] {logging_mixin.py:188} INFO - [2025-05-07T19:09:22.062+0000] {dag.py:3036} INFO - Sync 1 DAGs
[2025-05-07T19:09:22.074+0000] {logging_mixin.py:188} INFO - [2025-05-07T19:09:22.074+0000] {dag.py:3823} INFO - Setting next_dagrun for example_trigger_target_dag to None, run_after=None
[2025-05-07T19:09:22.097+0000] {processor.py:183} INFO - Processing /home/airflow/.local/lib/python3.8/site-packages/airflow/example_dags/example_trigger_target_dag.py took 0.081 seconds
[2025-05-07T19:09:52.567+0000] {processor.py:161} INFO - Started process (PID=592) to work on /home/airflow/.local/lib/python3.8/site-packages/airflow/example_dags/example_trigger_target_dag.py
[2025-05-07T19:09:52.569+0000] {processor.py:830} INFO - Processing file /home/airflow/.local/lib/python3.8/site-packages/airflow/example_dags/example_trigger_target_dag.py for tasks to queue
[2025-05-07T19:09:52.572+0000] {logging_mixin.py:188} INFO - [2025-05-07T19:09:52.572+0000] {dagbag.py:538} INFO - Filling up the DagBag from /home/airflow/.local/lib/python3.8/site-packages/airflow/example_dags/example_trigger_target_dag.py
[2025-05-07T19:09:52.580+0000] {processor.py:840} INFO - DAG(s) 'example_trigger_target_dag' retrieved from /home/airflow/.local/lib/python3.8/site-packages/airflow/example_dags/example_trigger_target_dag.py
[2025-05-07T19:09:52.606+0000] {logging_mixin.py:188} INFO - [2025-05-07T19:09:52.606+0000] {dag.py:3036} INFO - Sync 1 DAGs
[2025-05-07T19:09:52.622+0000] {logging_mixin.py:188} INFO - [2025-05-07T19:09:52.621+0000] {dag.py:3823} INFO - Setting next_dagrun for example_trigger_target_dag to None, run_after=None
[2025-05-07T19:09:52.653+0000] {processor.py:183} INFO - Processing /home/airflow/.local/lib/python3.8/site-packages/airflow/example_dags/example_trigger_target_dag.py took 0.089 seconds
[2025-05-07T19:10:23.161+0000] {processor.py:161} INFO - Started process (PID=649) to work on /home/airflow/.local/lib/python3.8/site-packages/airflow/example_dags/example_trigger_target_dag.py
[2025-05-07T19:10:23.162+0000] {processor.py:830} INFO - Processing file /home/airflow/.local/lib/python3.8/site-packages/airflow/example_dags/example_trigger_target_dag.py for tasks to queue
[2025-05-07T19:10:23.164+0000] {logging_mixin.py:188} INFO - [2025-05-07T19:10:23.164+0000] {dagbag.py:538} INFO - Filling up the DagBag from /home/airflow/.local/lib/python3.8/site-packages/airflow/example_dags/example_trigger_target_dag.py
[2025-05-07T19:10:23.171+0000] {processor.py:840} INFO - DAG(s) 'example_trigger_target_dag' retrieved from /home/airflow/.local/lib/python3.8/site-packages/airflow/example_dags/example_trigger_target_dag.py
[2025-05-07T19:10:23.195+0000] {logging_mixin.py:188} INFO - [2025-05-07T19:10:23.195+0000] {dag.py:3036} INFO - Sync 1 DAGs
[2025-05-07T19:10:23.208+0000] {logging_mixin.py:188} INFO - [2025-05-07T19:10:23.208+0000] {dag.py:3823} INFO - Setting next_dagrun for example_trigger_target_dag to None, run_after=None
[2025-05-07T19:10:23.231+0000] {processor.py:183} INFO - Processing /home/airflow/.local/lib/python3.8/site-packages/airflow/example_dags/example_trigger_target_dag.py took 0.074 seconds
[2025-05-07T19:10:54.488+0000] {processor.py:161} INFO - Started process (PID=706) to work on /home/airflow/.local/lib/python3.8/site-packages/airflow/example_dags/example_trigger_target_dag.py
[2025-05-07T19:10:54.489+0000] {processor.py:830} INFO - Processing file /home/airflow/.local/lib/python3.8/site-packages/airflow/example_dags/example_trigger_target_dag.py for tasks to queue
[2025-05-07T19:10:54.492+0000] {logging_mixin.py:188} INFO - [2025-05-07T19:10:54.492+0000] {dagbag.py:538} INFO - Filling up the DagBag from /home/airflow/.local/lib/python3.8/site-packages/airflow/example_dags/example_trigger_target_dag.py
[2025-05-07T19:10:54.499+0000] {processor.py:840} INFO - DAG(s) 'example_trigger_target_dag' retrieved from /home/airflow/.local/lib/python3.8/site-packages/airflow/example_dags/example_trigger_target_dag.py
[2025-05-07T19:10:54.523+0000] {logging_mixin.py:188} INFO - [2025-05-07T19:10:54.522+0000] {dag.py:3036} INFO - Sync 1 DAGs
[2025-05-07T19:10:54.537+0000] {logging_mixin.py:188} INFO - [2025-05-07T19:10:54.536+0000] {dag.py:3823} INFO - Setting next_dagrun for example_trigger_target_dag to None, run_after=None
[2025-05-07T19:10:54.563+0000] {processor.py:183} INFO - Processing /home/airflow/.local/lib/python3.8/site-packages/airflow/example_dags/example_trigger_target_dag.py took 0.079 seconds
[2025-05-07T19:11:24.958+0000] {processor.py:161} INFO - Started process (PID=765) to work on /home/airflow/.local/lib/python3.8/site-packages/airflow/example_dags/example_trigger_target_dag.py
[2025-05-07T19:11:24.960+0000] {processor.py:830} INFO - Processing file /home/airflow/.local/lib/python3.8/site-packages/airflow/example_dags/example_trigger_target_dag.py for tasks to queue
[2025-05-07T19:11:24.970+0000] {logging_mixin.py:188} INFO - [2025-05-07T19:11:24.966+0000] {dagbag.py:538} INFO - Filling up the DagBag from /home/airflow/.local/lib/python3.8/site-packages/airflow/example_dags/example_trigger_target_dag.py
[2025-05-07T19:11:25.009+0000] {processor.py:840} INFO - DAG(s) 'example_trigger_target_dag' retrieved from /home/airflow/.local/lib/python3.8/site-packages/airflow/example_dags/example_trigger_target_dag.py
[2025-05-07T19:11:25.158+0000] {logging_mixin.py:188} INFO - [2025-05-07T19:11:25.158+0000] {dag.py:3036} INFO - Sync 1 DAGs
[2025-05-07T19:11:25.253+0000] {logging_mixin.py:188} INFO - [2025-05-07T19:11:25.253+0000] {dag.py:3823} INFO - Setting next_dagrun for example_trigger_target_dag to None, run_after=None
[2025-05-07T19:11:25.276+0000] {processor.py:183} INFO - Processing /home/airflow/.local/lib/python3.8/site-packages/airflow/example_dags/example_trigger_target_dag.py took 0.321 seconds
[2025-05-07T19:11:55.643+0000] {processor.py:161} INFO - Started process (PID=825) to work on /home/airflow/.local/lib/python3.8/site-packages/airflow/example_dags/example_trigger_target_dag.py
[2025-05-07T19:11:55.644+0000] {processor.py:830} INFO - Processing file /home/airflow/.local/lib/python3.8/site-packages/airflow/example_dags/example_trigger_target_dag.py for tasks to queue
[2025-05-07T19:11:55.646+0000] {logging_mixin.py:188} INFO - [2025-05-07T19:11:55.646+0000] {dagbag.py:538} INFO - Filling up the DagBag from /home/airflow/.local/lib/python3.8/site-packages/airflow/example_dags/example_trigger_target_dag.py
[2025-05-07T19:11:55.652+0000] {processor.py:840} INFO - DAG(s) 'example_trigger_target_dag' retrieved from /home/airflow/.local/lib/python3.8/site-packages/airflow/example_dags/example_trigger_target_dag.py
[2025-05-07T19:11:55.671+0000] {logging_mixin.py:188} INFO - [2025-05-07T19:11:55.671+0000] {dag.py:3036} INFO - Sync 1 DAGs
[2025-05-07T19:11:55.685+0000] {logging_mixin.py:188} INFO - [2025-05-07T19:11:55.685+0000] {dag.py:3823} INFO - Setting next_dagrun for example_trigger_target_dag to None, run_after=None
[2025-05-07T19:11:55.710+0000] {processor.py:183} INFO - Processing /home/airflow/.local/lib/python3.8/site-packages/airflow/example_dags/example_trigger_target_dag.py took 0.071 seconds
[2025-05-07T19:12:26.734+0000] {processor.py:161} INFO - Started process (PID=882) to work on /home/airflow/.local/lib/python3.8/site-packages/airflow/example_dags/example_trigger_target_dag.py
[2025-05-07T19:12:26.737+0000] {processor.py:830} INFO - Processing file /home/airflow/.local/lib/python3.8/site-packages/airflow/example_dags/example_trigger_target_dag.py for tasks to queue
[2025-05-07T19:12:26.741+0000] {logging_mixin.py:188} INFO - [2025-05-07T19:12:26.741+0000] {dagbag.py:538} INFO - Filling up the DagBag from /home/airflow/.local/lib/python3.8/site-packages/airflow/example_dags/example_trigger_target_dag.py
[2025-05-07T19:12:26.751+0000] {processor.py:840} INFO - DAG(s) 'example_trigger_target_dag' retrieved from /home/airflow/.local/lib/python3.8/site-packages/airflow/example_dags/example_trigger_target_dag.py
[2025-05-07T19:12:26.776+0000] {logging_mixin.py:188} INFO - [2025-05-07T19:12:26.776+0000] {dag.py:3036} INFO - Sync 1 DAGs
[2025-05-07T19:12:26.789+0000] {logging_mixin.py:188} INFO - [2025-05-07T19:12:26.788+0000] {dag.py:3823} INFO - Setting next_dagrun for example_trigger_target_dag to None, run_after=None
[2025-05-07T19:12:26.812+0000] {processor.py:183} INFO - Processing /home/airflow/.local/lib/python3.8/site-packages/airflow/example_dags/example_trigger_target_dag.py took 0.082 seconds
[2025-05-07T19:12:57.179+0000] {processor.py:161} INFO - Started process (PID=938) to work on /home/airflow/.local/lib/python3.8/site-packages/airflow/example_dags/example_trigger_target_dag.py
[2025-05-07T19:12:57.182+0000] {processor.py:830} INFO - Processing file /home/airflow/.local/lib/python3.8/site-packages/airflow/example_dags/example_trigger_target_dag.py for tasks to queue
[2025-05-07T19:12:57.187+0000] {logging_mixin.py:188} INFO - [2025-05-07T19:12:57.186+0000] {dagbag.py:538} INFO - Filling up the DagBag from /home/airflow/.local/lib/python3.8/site-packages/airflow/example_dags/example_trigger_target_dag.py
[2025-05-07T19:12:57.198+0000] {processor.py:840} INFO - DAG(s) 'example_trigger_target_dag' retrieved from /home/airflow/.local/lib/python3.8/site-packages/airflow/example_dags/example_trigger_target_dag.py
[2025-05-07T19:12:57.232+0000] {logging_mixin.py:188} INFO - [2025-05-07T19:12:57.232+0000] {dag.py:3036} INFO - Sync 1 DAGs
[2025-05-07T19:12:57.245+0000] {logging_mixin.py:188} INFO - [2025-05-07T19:12:57.245+0000] {dag.py:3823} INFO - Setting next_dagrun for example_trigger_target_dag to None, run_after=None
[2025-05-07T19:12:57.272+0000] {processor.py:183} INFO - Processing /home/airflow/.local/lib/python3.8/site-packages/airflow/example_dags/example_trigger_target_dag.py took 0.101 seconds
[2025-05-07T19:13:27.871+0000] {processor.py:161} INFO - Started process (PID=994) to work on /home/airflow/.local/lib/python3.8/site-packages/airflow/example_dags/example_trigger_target_dag.py
[2025-05-07T19:13:27.873+0000] {processor.py:830} INFO - Processing file /home/airflow/.local/lib/python3.8/site-packages/airflow/example_dags/example_trigger_target_dag.py for tasks to queue
[2025-05-07T19:13:27.875+0000] {logging_mixin.py:188} INFO - [2025-05-07T19:13:27.874+0000] {dagbag.py:538} INFO - Filling up the DagBag from /home/airflow/.local/lib/python3.8/site-packages/airflow/example_dags/example_trigger_target_dag.py
[2025-05-07T19:13:27.880+0000] {processor.py:840} INFO - DAG(s) 'example_trigger_target_dag' retrieved from /home/airflow/.local/lib/python3.8/site-packages/airflow/example_dags/example_trigger_target_dag.py
[2025-05-07T19:13:27.899+0000] {logging_mixin.py:188} INFO - [2025-05-07T19:13:27.899+0000] {dag.py:3036} INFO - Sync 1 DAGs
[2025-05-07T19:13:27.911+0000] {logging_mixin.py:188} INFO - [2025-05-07T19:13:27.911+0000] {dag.py:3823} INFO - Setting next_dagrun for example_trigger_target_dag to None, run_after=None
[2025-05-07T19:13:27.929+0000] {processor.py:183} INFO - Processing /home/airflow/.local/lib/python3.8/site-packages/airflow/example_dags/example_trigger_target_dag.py took 0.061 seconds
[2025-05-07T19:13:58.165+0000] {processor.py:161} INFO - Started process (PID=1050) to work on /home/airflow/.local/lib/python3.8/site-packages/airflow/example_dags/example_trigger_target_dag.py
[2025-05-07T19:13:58.167+0000] {processor.py:830} INFO - Processing file /home/airflow/.local/lib/python3.8/site-packages/airflow/example_dags/example_trigger_target_dag.py for tasks to queue
[2025-05-07T19:13:58.169+0000] {logging_mixin.py:188} INFO - [2025-05-07T19:13:58.169+0000] {dagbag.py:538} INFO - Filling up the DagBag from /home/airflow/.local/lib/python3.8/site-packages/airflow/example_dags/example_trigger_target_dag.py
[2025-05-07T19:13:58.176+0000] {processor.py:840} INFO - DAG(s) 'example_trigger_target_dag' retrieved from /home/airflow/.local/lib/python3.8/site-packages/airflow/example_dags/example_trigger_target_dag.py
[2025-05-07T19:13:58.196+0000] {logging_mixin.py:188} INFO - [2025-05-07T19:13:58.196+0000] {dag.py:3036} INFO - Sync 1 DAGs
[2025-05-07T19:13:58.209+0000] {logging_mixin.py:188} INFO - [2025-05-07T19:13:58.208+0000] {dag.py:3823} INFO - Setting next_dagrun for example_trigger_target_dag to None, run_after=None
[2025-05-07T19:13:58.231+0000] {processor.py:183} INFO - Processing /home/airflow/.local/lib/python3.8/site-packages/airflow/example_dags/example_trigger_target_dag.py took 0.069 seconds
[2025-05-07T19:14:28.524+0000] {processor.py:161} INFO - Started process (PID=1106) to work on /home/airflow/.local/lib/python3.8/site-packages/airflow/example_dags/example_trigger_target_dag.py
[2025-05-07T19:14:28.525+0000] {processor.py:830} INFO - Processing file /home/airflow/.local/lib/python3.8/site-packages/airflow/example_dags/example_trigger_target_dag.py for tasks to queue
[2025-05-07T19:14:28.528+0000] {logging_mixin.py:188} INFO - [2025-05-07T19:14:28.527+0000] {dagbag.py:538} INFO - Filling up the DagBag from /home/airflow/.local/lib/python3.8/site-packages/airflow/example_dags/example_trigger_target_dag.py
[2025-05-07T19:14:28.535+0000] {processor.py:840} INFO - DAG(s) 'example_trigger_target_dag' retrieved from /home/airflow/.local/lib/python3.8/site-packages/airflow/example_dags/example_trigger_target_dag.py
[2025-05-07T19:14:28.555+0000] {logging_mixin.py:188} INFO - [2025-05-07T19:14:28.555+0000] {dag.py:3036} INFO - Sync 1 DAGs
[2025-05-07T19:14:28.570+0000] {logging_mixin.py:188} INFO - [2025-05-07T19:14:28.570+0000] {dag.py:3823} INFO - Setting next_dagrun for example_trigger_target_dag to None, run_after=None
[2025-05-07T19:14:28.591+0000] {processor.py:183} INFO - Processing /home/airflow/.local/lib/python3.8/site-packages/airflow/example_dags/example_trigger_target_dag.py took 0.070 seconds
[2025-05-07T19:14:58.955+0000] {processor.py:161} INFO - Started process (PID=1162) to work on /home/airflow/.local/lib/python3.8/site-packages/airflow/example_dags/example_trigger_target_dag.py
[2025-05-07T19:14:58.956+0000] {processor.py:830} INFO - Processing file /home/airflow/.local/lib/python3.8/site-packages/airflow/example_dags/example_trigger_target_dag.py for tasks to queue
[2025-05-07T19:14:58.958+0000] {logging_mixin.py:188} INFO - [2025-05-07T19:14:58.958+0000] {dagbag.py:538} INFO - Filling up the DagBag from /home/airflow/.local/lib/python3.8/site-packages/airflow/example_dags/example_trigger_target_dag.py
[2025-05-07T19:14:58.965+0000] {processor.py:840} INFO - DAG(s) 'example_trigger_target_dag' retrieved from /home/airflow/.local/lib/python3.8/site-packages/airflow/example_dags/example_trigger_target_dag.py
[2025-05-07T19:14:58.989+0000] {logging_mixin.py:188} INFO - [2025-05-07T19:14:58.989+0000] {dag.py:3036} INFO - Sync 1 DAGs
[2025-05-07T19:14:59.004+0000] {logging_mixin.py:188} INFO - [2025-05-07T19:14:59.004+0000] {dag.py:3823} INFO - Setting next_dagrun for example_trigger_target_dag to None, run_after=None
[2025-05-07T19:14:59.031+0000] {processor.py:183} INFO - Processing /home/airflow/.local/lib/python3.8/site-packages/airflow/example_dags/example_trigger_target_dag.py took 0.080 seconds
[2025-05-07T19:15:29.425+0000] {processor.py:161} INFO - Started process (PID=1218) to work on /home/airflow/.local/lib/python3.8/site-packages/airflow/example_dags/example_trigger_target_dag.py
[2025-05-07T19:15:29.427+0000] {processor.py:830} INFO - Processing file /home/airflow/.local/lib/python3.8/site-packages/airflow/example_dags/example_trigger_target_dag.py for tasks to queue
[2025-05-07T19:15:29.432+0000] {logging_mixin.py:188} INFO - [2025-05-07T19:15:29.431+0000] {dagbag.py:538} INFO - Filling up the DagBag from /home/airflow/.local/lib/python3.8/site-packages/airflow/example_dags/example_trigger_target_dag.py
[2025-05-07T19:15:29.440+0000] {processor.py:840} INFO - DAG(s) 'example_trigger_target_dag' retrieved from /home/airflow/.local/lib/python3.8/site-packages/airflow/example_dags/example_trigger_target_dag.py
[2025-05-07T19:15:29.458+0000] {logging_mixin.py:188} INFO - [2025-05-07T19:15:29.458+0000] {dag.py:3036} INFO - Sync 1 DAGs
[2025-05-07T19:15:29.469+0000] {logging_mixin.py:188} INFO - [2025-05-07T19:15:29.469+0000] {dag.py:3823} INFO - Setting next_dagrun for example_trigger_target_dag to None, run_after=None
[2025-05-07T19:15:29.493+0000] {processor.py:183} INFO - Processing /home/airflow/.local/lib/python3.8/site-packages/airflow/example_dags/example_trigger_target_dag.py took 0.074 seconds
[2025-05-07T19:16:00.308+0000] {processor.py:161} INFO - Started process (PID=1274) to work on /home/airflow/.local/lib/python3.8/site-packages/airflow/example_dags/example_trigger_target_dag.py
[2025-05-07T19:16:00.310+0000] {processor.py:830} INFO - Processing file /home/airflow/.local/lib/python3.8/site-packages/airflow/example_dags/example_trigger_target_dag.py for tasks to queue
[2025-05-07T19:16:00.312+0000] {logging_mixin.py:188} INFO - [2025-05-07T19:16:00.312+0000] {dagbag.py:538} INFO - Filling up the DagBag from /home/airflow/.local/lib/python3.8/site-packages/airflow/example_dags/example_trigger_target_dag.py
[2025-05-07T19:16:00.318+0000] {processor.py:840} INFO - DAG(s) 'example_trigger_target_dag' retrieved from /home/airflow/.local/lib/python3.8/site-packages/airflow/example_dags/example_trigger_target_dag.py
[2025-05-07T19:16:00.336+0000] {logging_mixin.py:188} INFO - [2025-05-07T19:16:00.336+0000] {dag.py:3036} INFO - Sync 1 DAGs
[2025-05-07T19:16:00.348+0000] {logging_mixin.py:188} INFO - [2025-05-07T19:16:00.348+0000] {dag.py:3823} INFO - Setting next_dagrun for example_trigger_target_dag to None, run_after=None
[2025-05-07T19:16:00.367+0000] {processor.py:183} INFO - Processing /home/airflow/.local/lib/python3.8/site-packages/airflow/example_dags/example_trigger_target_dag.py took 0.062 seconds
[2025-05-07T19:16:30.891+0000] {processor.py:161} INFO - Started process (PID=1330) to work on /home/airflow/.local/lib/python3.8/site-packages/airflow/example_dags/example_trigger_target_dag.py
[2025-05-07T19:16:30.892+0000] {processor.py:830} INFO - Processing file /home/airflow/.local/lib/python3.8/site-packages/airflow/example_dags/example_trigger_target_dag.py for tasks to queue
[2025-05-07T19:16:30.895+0000] {logging_mixin.py:188} INFO - [2025-05-07T19:16:30.894+0000] {dagbag.py:538} INFO - Filling up the DagBag from /home/airflow/.local/lib/python3.8/site-packages/airflow/example_dags/example_trigger_target_dag.py
[2025-05-07T19:16:30.901+0000] {processor.py:840} INFO - DAG(s) 'example_trigger_target_dag' retrieved from /home/airflow/.local/lib/python3.8/site-packages/airflow/example_dags/example_trigger_target_dag.py
[2025-05-07T19:16:30.922+0000] {logging_mixin.py:188} INFO - [2025-05-07T19:16:30.922+0000] {dag.py:3036} INFO - Sync 1 DAGs
[2025-05-07T19:16:30.935+0000] {logging_mixin.py:188} INFO - [2025-05-07T19:16:30.934+0000] {dag.py:3823} INFO - Setting next_dagrun for example_trigger_target_dag to None, run_after=None
[2025-05-07T19:16:30.964+0000] {processor.py:183} INFO - Processing /home/airflow/.local/lib/python3.8/site-packages/airflow/example_dags/example_trigger_target_dag.py took 0.076 seconds
[2025-05-07T19:17:01.451+0000] {processor.py:161} INFO - Started process (PID=1386) to work on /home/airflow/.local/lib/python3.8/site-packages/airflow/example_dags/example_trigger_target_dag.py
[2025-05-07T19:17:01.453+0000] {processor.py:830} INFO - Processing file /home/airflow/.local/lib/python3.8/site-packages/airflow/example_dags/example_trigger_target_dag.py for tasks to queue
[2025-05-07T19:17:01.455+0000] {logging_mixin.py:188} INFO - [2025-05-07T19:17:01.455+0000] {dagbag.py:538} INFO - Filling up the DagBag from /home/airflow/.local/lib/python3.8/site-packages/airflow/example_dags/example_trigger_target_dag.py
[2025-05-07T19:17:01.462+0000] {processor.py:840} INFO - DAG(s) 'example_trigger_target_dag' retrieved from /home/airflow/.local/lib/python3.8/site-packages/airflow/example_dags/example_trigger_target_dag.py
[2025-05-07T19:17:01.503+0000] {logging_mixin.py:188} INFO - [2025-05-07T19:17:01.503+0000] {dag.py:3036} INFO - Sync 1 DAGs
[2025-05-07T19:17:01.525+0000] {logging_mixin.py:188} INFO - [2025-05-07T19:17:01.524+0000] {dag.py:3823} INFO - Setting next_dagrun for example_trigger_target_dag to None, run_after=None
[2025-05-07T19:17:01.581+0000] {processor.py:183} INFO - Processing /home/airflow/.local/lib/python3.8/site-packages/airflow/example_dags/example_trigger_target_dag.py took 0.134 seconds
[2025-05-07T19:17:32.214+0000] {processor.py:161} INFO - Started process (PID=1442) to work on /home/airflow/.local/lib/python3.8/site-packages/airflow/example_dags/example_trigger_target_dag.py
[2025-05-07T19:17:32.216+0000] {processor.py:830} INFO - Processing file /home/airflow/.local/lib/python3.8/site-packages/airflow/example_dags/example_trigger_target_dag.py for tasks to queue
[2025-05-07T19:17:32.219+0000] {logging_mixin.py:188} INFO - [2025-05-07T19:17:32.218+0000] {dagbag.py:538} INFO - Filling up the DagBag from /home/airflow/.local/lib/python3.8/site-packages/airflow/example_dags/example_trigger_target_dag.py
[2025-05-07T19:17:32.225+0000] {processor.py:840} INFO - DAG(s) 'example_trigger_target_dag' retrieved from /home/airflow/.local/lib/python3.8/site-packages/airflow/example_dags/example_trigger_target_dag.py
[2025-05-07T19:17:32.246+0000] {logging_mixin.py:188} INFO - [2025-05-07T19:17:32.245+0000] {dag.py:3036} INFO - Sync 1 DAGs
[2025-05-07T19:17:32.259+0000] {logging_mixin.py:188} INFO - [2025-05-07T19:17:32.259+0000] {dag.py:3823} INFO - Setting next_dagrun for example_trigger_target_dag to None, run_after=None
[2025-05-07T19:17:32.291+0000] {processor.py:183} INFO - Processing /home/airflow/.local/lib/python3.8/site-packages/airflow/example_dags/example_trigger_target_dag.py took 0.080 seconds
[2025-05-07T19:18:03.089+0000] {processor.py:161} INFO - Started process (PID=1498) to work on /home/airflow/.local/lib/python3.8/site-packages/airflow/example_dags/example_trigger_target_dag.py
[2025-05-07T19:18:03.090+0000] {processor.py:830} INFO - Processing file /home/airflow/.local/lib/python3.8/site-packages/airflow/example_dags/example_trigger_target_dag.py for tasks to queue
[2025-05-07T19:18:03.092+0000] {logging_mixin.py:188} INFO - [2025-05-07T19:18:03.092+0000] {dagbag.py:538} INFO - Filling up the DagBag from /home/airflow/.local/lib/python3.8/site-packages/airflow/example_dags/example_trigger_target_dag.py
[2025-05-07T19:18:03.098+0000] {processor.py:840} INFO - DAG(s) 'example_trigger_target_dag' retrieved from /home/airflow/.local/lib/python3.8/site-packages/airflow/example_dags/example_trigger_target_dag.py
[2025-05-07T19:18:03.117+0000] {logging_mixin.py:188} INFO - [2025-05-07T19:18:03.117+0000] {dag.py:3036} INFO - Sync 1 DAGs
[2025-05-07T19:18:03.129+0000] {logging_mixin.py:188} INFO - [2025-05-07T19:18:03.129+0000] {dag.py:3823} INFO - Setting next_dagrun for example_trigger_target_dag to None, run_after=None
[2025-05-07T19:18:03.149+0000] {processor.py:183} INFO - Processing /home/airflow/.local/lib/python3.8/site-packages/airflow/example_dags/example_trigger_target_dag.py took 0.064 seconds
[2025-05-07T19:18:33.600+0000] {processor.py:161} INFO - Started process (PID=1554) to work on /home/airflow/.local/lib/python3.8/site-packages/airflow/example_dags/example_trigger_target_dag.py
[2025-05-07T19:18:33.601+0000] {processor.py:830} INFO - Processing file /home/airflow/.local/lib/python3.8/site-packages/airflow/example_dags/example_trigger_target_dag.py for tasks to queue
[2025-05-07T19:18:33.603+0000] {logging_mixin.py:188} INFO - [2025-05-07T19:18:33.603+0000] {dagbag.py:538} INFO - Filling up the DagBag from /home/airflow/.local/lib/python3.8/site-packages/airflow/example_dags/example_trigger_target_dag.py
[2025-05-07T19:18:33.609+0000] {processor.py:840} INFO - DAG(s) 'example_trigger_target_dag' retrieved from /home/airflow/.local/lib/python3.8/site-packages/airflow/example_dags/example_trigger_target_dag.py
[2025-05-07T19:18:33.627+0000] {logging_mixin.py:188} INFO - [2025-05-07T19:18:33.627+0000] {dag.py:3036} INFO - Sync 1 DAGs
[2025-05-07T19:18:33.639+0000] {logging_mixin.py:188} INFO - [2025-05-07T19:18:33.638+0000] {dag.py:3823} INFO - Setting next_dagrun for example_trigger_target_dag to None, run_after=None
[2025-05-07T19:18:33.658+0000] {processor.py:183} INFO - Processing /home/airflow/.local/lib/python3.8/site-packages/airflow/example_dags/example_trigger_target_dag.py took 0.061 seconds
[2025-05-07T19:19:04.029+0000] {processor.py:161} INFO - Started process (PID=1610) to work on /home/airflow/.local/lib/python3.8/site-packages/airflow/example_dags/example_trigger_target_dag.py
[2025-05-07T19:19:04.031+0000] {processor.py:830} INFO - Processing file /home/airflow/.local/lib/python3.8/site-packages/airflow/example_dags/example_trigger_target_dag.py for tasks to queue
[2025-05-07T19:19:04.032+0000] {logging_mixin.py:188} INFO - [2025-05-07T19:19:04.032+0000] {dagbag.py:538} INFO - Filling up the DagBag from /home/airflow/.local/lib/python3.8/site-packages/airflow/example_dags/example_trigger_target_dag.py
[2025-05-07T19:19:04.039+0000] {processor.py:840} INFO - DAG(s) 'example_trigger_target_dag' retrieved from /home/airflow/.local/lib/python3.8/site-packages/airflow/example_dags/example_trigger_target_dag.py
[2025-05-07T19:19:04.059+0000] {logging_mixin.py:188} INFO - [2025-05-07T19:19:04.058+0000] {dag.py:3036} INFO - Sync 1 DAGs
[2025-05-07T19:19:04.071+0000] {logging_mixin.py:188} INFO - [2025-05-07T19:19:04.071+0000] {dag.py:3823} INFO - Setting next_dagrun for example_trigger_target_dag to None, run_after=None
[2025-05-07T19:19:04.094+0000] {processor.py:183} INFO - Processing /home/airflow/.local/lib/python3.8/site-packages/airflow/example_dags/example_trigger_target_dag.py took 0.069 seconds
[2025-05-07T19:19:35.768+0000] {processor.py:161} INFO - Started process (PID=1666) to work on /home/airflow/.local/lib/python3.8/site-packages/airflow/example_dags/example_trigger_target_dag.py
[2025-05-07T19:19:35.770+0000] {processor.py:830} INFO - Processing file /home/airflow/.local/lib/python3.8/site-packages/airflow/example_dags/example_trigger_target_dag.py for tasks to queue
[2025-05-07T19:19:35.773+0000] {logging_mixin.py:188} INFO - [2025-05-07T19:19:35.773+0000] {dagbag.py:538} INFO - Filling up the DagBag from /home/airflow/.local/lib/python3.8/site-packages/airflow/example_dags/example_trigger_target_dag.py
[2025-05-07T19:19:35.783+0000] {processor.py:840} INFO - DAG(s) 'example_trigger_target_dag' retrieved from /home/airflow/.local/lib/python3.8/site-packages/airflow/example_dags/example_trigger_target_dag.py
[2025-05-07T19:19:35.819+0000] {logging_mixin.py:188} INFO - [2025-05-07T19:19:35.819+0000] {dag.py:3036} INFO - Sync 1 DAGs
[2025-05-07T19:19:35.842+0000] {logging_mixin.py:188} INFO - [2025-05-07T19:19:35.842+0000] {dag.py:3823} INFO - Setting next_dagrun for example_trigger_target_dag to None, run_after=None
[2025-05-07T19:19:35.882+0000] {processor.py:183} INFO - Processing /home/airflow/.local/lib/python3.8/site-packages/airflow/example_dags/example_trigger_target_dag.py took 0.119 seconds
[2025-05-07T19:20:06.745+0000] {processor.py:161} INFO - Started process (PID=1722) to work on /home/airflow/.local/lib/python3.8/site-packages/airflow/example_dags/example_trigger_target_dag.py
[2025-05-07T19:20:06.747+0000] {processor.py:830} INFO - Processing file /home/airflow/.local/lib/python3.8/site-packages/airflow/example_dags/example_trigger_target_dag.py for tasks to queue
[2025-05-07T19:20:06.751+0000] {logging_mixin.py:188} INFO - [2025-05-07T19:20:06.751+0000] {dagbag.py:538} INFO - Filling up the DagBag from /home/airflow/.local/lib/python3.8/site-packages/airflow/example_dags/example_trigger_target_dag.py
[2025-05-07T19:20:06.759+0000] {processor.py:840} INFO - DAG(s) 'example_trigger_target_dag' retrieved from /home/airflow/.local/lib/python3.8/site-packages/airflow/example_dags/example_trigger_target_dag.py
[2025-05-07T19:20:06.784+0000] {logging_mixin.py:188} INFO - [2025-05-07T19:20:06.783+0000] {dag.py:3036} INFO - Sync 1 DAGs
[2025-05-07T19:20:06.798+0000] {logging_mixin.py:188} INFO - [2025-05-07T19:20:06.797+0000] {dag.py:3823} INFO - Setting next_dagrun for example_trigger_target_dag to None, run_after=None
[2025-05-07T19:20:06.821+0000] {processor.py:183} INFO - Processing /home/airflow/.local/lib/python3.8/site-packages/airflow/example_dags/example_trigger_target_dag.py took 0.080 seconds
[2025-05-07T19:20:36.956+0000] {processor.py:161} INFO - Started process (PID=1779) to work on /home/airflow/.local/lib/python3.8/site-packages/airflow/example_dags/example_trigger_target_dag.py
[2025-05-07T19:20:36.960+0000] {processor.py:830} INFO - Processing file /home/airflow/.local/lib/python3.8/site-packages/airflow/example_dags/example_trigger_target_dag.py for tasks to queue
[2025-05-07T19:20:36.965+0000] {logging_mixin.py:188} INFO - [2025-05-07T19:20:36.965+0000] {dagbag.py:538} INFO - Filling up the DagBag from /home/airflow/.local/lib/python3.8/site-packages/airflow/example_dags/example_trigger_target_dag.py
[2025-05-07T19:20:36.975+0000] {processor.py:840} INFO - DAG(s) 'example_trigger_target_dag' retrieved from /home/airflow/.local/lib/python3.8/site-packages/airflow/example_dags/example_trigger_target_dag.py
[2025-05-07T19:20:37.002+0000] {logging_mixin.py:188} INFO - [2025-05-07T19:20:37.002+0000] {dag.py:3036} INFO - Sync 1 DAGs
[2025-05-07T19:20:37.016+0000] {logging_mixin.py:188} INFO - [2025-05-07T19:20:37.015+0000] {dag.py:3823} INFO - Setting next_dagrun for example_trigger_target_dag to None, run_after=None
[2025-05-07T19:20:37.039+0000] {processor.py:183} INFO - Processing /home/airflow/.local/lib/python3.8/site-packages/airflow/example_dags/example_trigger_target_dag.py took 0.087 seconds
[2025-05-07T19:22:04.453+0000] {processor.py:161} INFO - Started process (PID=100) to work on /home/airflow/.local/lib/python3.8/site-packages/airflow/example_dags/example_trigger_target_dag.py
[2025-05-07T19:22:04.455+0000] {processor.py:830} INFO - Processing file /home/airflow/.local/lib/python3.8/site-packages/airflow/example_dags/example_trigger_target_dag.py for tasks to queue
[2025-05-07T19:22:04.459+0000] {logging_mixin.py:188} INFO - [2025-05-07T19:22:04.458+0000] {dagbag.py:538} INFO - Filling up the DagBag from /home/airflow/.local/lib/python3.8/site-packages/airflow/example_dags/example_trigger_target_dag.py
[2025-05-07T19:22:04.469+0000] {processor.py:840} INFO - DAG(s) 'example_trigger_target_dag' retrieved from /home/airflow/.local/lib/python3.8/site-packages/airflow/example_dags/example_trigger_target_dag.py
[2025-05-07T19:22:04.489+0000] {logging_mixin.py:188} INFO - [2025-05-07T19:22:04.489+0000] {dag.py:3036} INFO - Sync 1 DAGs
[2025-05-07T19:22:04.508+0000] {logging_mixin.py:188} INFO - [2025-05-07T19:22:04.508+0000] {dag.py:3823} INFO - Setting next_dagrun for example_trigger_target_dag to None, run_after=None
[2025-05-07T19:22:04.538+0000] {processor.py:183} INFO - Processing /home/airflow/.local/lib/python3.8/site-packages/airflow/example_dags/example_trigger_target_dag.py took 0.089 seconds
[2025-05-07T19:22:35.685+0000] {processor.py:161} INFO - Started process (PID=163) to work on /home/airflow/.local/lib/python3.8/site-packages/airflow/example_dags/example_trigger_target_dag.py
[2025-05-07T19:22:35.687+0000] {processor.py:830} INFO - Processing file /home/airflow/.local/lib/python3.8/site-packages/airflow/example_dags/example_trigger_target_dag.py for tasks to queue
[2025-05-07T19:22:35.689+0000] {logging_mixin.py:188} INFO - [2025-05-07T19:22:35.689+0000] {dagbag.py:538} INFO - Filling up the DagBag from /home/airflow/.local/lib/python3.8/site-packages/airflow/example_dags/example_trigger_target_dag.py
[2025-05-07T19:22:35.698+0000] {processor.py:840} INFO - DAG(s) 'example_trigger_target_dag' retrieved from /home/airflow/.local/lib/python3.8/site-packages/airflow/example_dags/example_trigger_target_dag.py
[2025-05-07T19:22:35.806+0000] {logging_mixin.py:188} INFO - [2025-05-07T19:22:35.805+0000] {dag.py:3036} INFO - Sync 1 DAGs
[2025-05-07T19:22:35.816+0000] {logging_mixin.py:188} INFO - [2025-05-07T19:22:35.816+0000] {dag.py:3823} INFO - Setting next_dagrun for example_trigger_target_dag to None, run_after=None
[2025-05-07T19:22:35.836+0000] {processor.py:183} INFO - Processing /home/airflow/.local/lib/python3.8/site-packages/airflow/example_dags/example_trigger_target_dag.py took 0.155 seconds
[2025-05-07T19:23:06.041+0000] {processor.py:161} INFO - Started process (PID=219) to work on /home/airflow/.local/lib/python3.8/site-packages/airflow/example_dags/example_trigger_target_dag.py
[2025-05-07T19:23:06.043+0000] {processor.py:830} INFO - Processing file /home/airflow/.local/lib/python3.8/site-packages/airflow/example_dags/example_trigger_target_dag.py for tasks to queue
[2025-05-07T19:23:06.045+0000] {logging_mixin.py:188} INFO - [2025-05-07T19:23:06.045+0000] {dagbag.py:538} INFO - Filling up the DagBag from /home/airflow/.local/lib/python3.8/site-packages/airflow/example_dags/example_trigger_target_dag.py
[2025-05-07T19:23:06.051+0000] {processor.py:840} INFO - DAG(s) 'example_trigger_target_dag' retrieved from /home/airflow/.local/lib/python3.8/site-packages/airflow/example_dags/example_trigger_target_dag.py
[2025-05-07T19:23:06.074+0000] {logging_mixin.py:188} INFO - [2025-05-07T19:23:06.074+0000] {dag.py:3036} INFO - Sync 1 DAGs
[2025-05-07T19:23:06.087+0000] {logging_mixin.py:188} INFO - [2025-05-07T19:23:06.086+0000] {dag.py:3823} INFO - Setting next_dagrun for example_trigger_target_dag to None, run_after=None
[2025-05-07T19:23:06.114+0000] {processor.py:183} INFO - Processing /home/airflow/.local/lib/python3.8/site-packages/airflow/example_dags/example_trigger_target_dag.py took 0.076 seconds
[2025-05-07T19:23:36.253+0000] {processor.py:161} INFO - Started process (PID=280) to work on /home/airflow/.local/lib/python3.8/site-packages/airflow/example_dags/example_trigger_target_dag.py
[2025-05-07T19:23:36.254+0000] {processor.py:830} INFO - Processing file /home/airflow/.local/lib/python3.8/site-packages/airflow/example_dags/example_trigger_target_dag.py for tasks to queue
[2025-05-07T19:23:36.256+0000] {logging_mixin.py:188} INFO - [2025-05-07T19:23:36.256+0000] {dagbag.py:538} INFO - Filling up the DagBag from /home/airflow/.local/lib/python3.8/site-packages/airflow/example_dags/example_trigger_target_dag.py
[2025-05-07T19:23:36.263+0000] {processor.py:840} INFO - DAG(s) 'example_trigger_target_dag' retrieved from /home/airflow/.local/lib/python3.8/site-packages/airflow/example_dags/example_trigger_target_dag.py
[2025-05-07T19:23:36.288+0000] {logging_mixin.py:188} INFO - [2025-05-07T19:23:36.288+0000] {dag.py:3036} INFO - Sync 1 DAGs
[2025-05-07T19:23:36.302+0000] {logging_mixin.py:188} INFO - [2025-05-07T19:23:36.302+0000] {dag.py:3823} INFO - Setting next_dagrun for example_trigger_target_dag to None, run_after=None
[2025-05-07T19:23:36.328+0000] {processor.py:183} INFO - Processing /home/airflow/.local/lib/python3.8/site-packages/airflow/example_dags/example_trigger_target_dag.py took 0.079 seconds
[2025-05-07T19:24:06.978+0000] {processor.py:161} INFO - Started process (PID=339) to work on /home/airflow/.local/lib/python3.8/site-packages/airflow/example_dags/example_trigger_target_dag.py
[2025-05-07T19:24:06.980+0000] {processor.py:830} INFO - Processing file /home/airflow/.local/lib/python3.8/site-packages/airflow/example_dags/example_trigger_target_dag.py for tasks to queue
[2025-05-07T19:24:06.983+0000] {logging_mixin.py:188} INFO - [2025-05-07T19:24:06.982+0000] {dagbag.py:538} INFO - Filling up the DagBag from /home/airflow/.local/lib/python3.8/site-packages/airflow/example_dags/example_trigger_target_dag.py
[2025-05-07T19:24:06.990+0000] {processor.py:840} INFO - DAG(s) 'example_trigger_target_dag' retrieved from /home/airflow/.local/lib/python3.8/site-packages/airflow/example_dags/example_trigger_target_dag.py
[2025-05-07T19:24:07.015+0000] {logging_mixin.py:188} INFO - [2025-05-07T19:24:07.014+0000] {dag.py:3036} INFO - Sync 1 DAGs
[2025-05-07T19:24:07.029+0000] {logging_mixin.py:188} INFO - [2025-05-07T19:24:07.029+0000] {dag.py:3823} INFO - Setting next_dagrun for example_trigger_target_dag to None, run_after=None
[2025-05-07T19:24:07.052+0000] {processor.py:183} INFO - Processing /home/airflow/.local/lib/python3.8/site-packages/airflow/example_dags/example_trigger_target_dag.py took 0.077 seconds
[2025-05-07T19:24:37.485+0000] {processor.py:161} INFO - Started process (PID=402) to work on /home/airflow/.local/lib/python3.8/site-packages/airflow/example_dags/example_trigger_target_dag.py
[2025-05-07T19:24:37.488+0000] {processor.py:830} INFO - Processing file /home/airflow/.local/lib/python3.8/site-packages/airflow/example_dags/example_trigger_target_dag.py for tasks to queue
[2025-05-07T19:24:37.491+0000] {logging_mixin.py:188} INFO - [2025-05-07T19:24:37.490+0000] {dagbag.py:538} INFO - Filling up the DagBag from /home/airflow/.local/lib/python3.8/site-packages/airflow/example_dags/example_trigger_target_dag.py
[2025-05-07T19:24:37.500+0000] {processor.py:840} INFO - DAG(s) 'example_trigger_target_dag' retrieved from /home/airflow/.local/lib/python3.8/site-packages/airflow/example_dags/example_trigger_target_dag.py
[2025-05-07T19:24:37.522+0000] {logging_mixin.py:188} INFO - [2025-05-07T19:24:37.522+0000] {dag.py:3036} INFO - Sync 1 DAGs
[2025-05-07T19:24:37.535+0000] {logging_mixin.py:188} INFO - [2025-05-07T19:24:37.535+0000] {dag.py:3823} INFO - Setting next_dagrun for example_trigger_target_dag to None, run_after=None
[2025-05-07T19:24:37.557+0000] {processor.py:183} INFO - Processing /home/airflow/.local/lib/python3.8/site-packages/airflow/example_dags/example_trigger_target_dag.py took 0.080 seconds
[2025-05-07T19:25:07.984+0000] {processor.py:161} INFO - Started process (PID=459) to work on /home/airflow/.local/lib/python3.8/site-packages/airflow/example_dags/example_trigger_target_dag.py
[2025-05-07T19:25:07.985+0000] {processor.py:830} INFO - Processing file /home/airflow/.local/lib/python3.8/site-packages/airflow/example_dags/example_trigger_target_dag.py for tasks to queue
[2025-05-07T19:25:07.987+0000] {logging_mixin.py:188} INFO - [2025-05-07T19:25:07.987+0000] {dagbag.py:538} INFO - Filling up the DagBag from /home/airflow/.local/lib/python3.8/site-packages/airflow/example_dags/example_trigger_target_dag.py
[2025-05-07T19:25:07.993+0000] {processor.py:840} INFO - DAG(s) 'example_trigger_target_dag' retrieved from /home/airflow/.local/lib/python3.8/site-packages/airflow/example_dags/example_trigger_target_dag.py
[2025-05-07T19:25:08.015+0000] {logging_mixin.py:188} INFO - [2025-05-07T19:25:08.015+0000] {dag.py:3036} INFO - Sync 1 DAGs
[2025-05-07T19:25:08.028+0000] {logging_mixin.py:188} INFO - [2025-05-07T19:25:08.028+0000] {dag.py:3823} INFO - Setting next_dagrun for example_trigger_target_dag to None, run_after=None
[2025-05-07T19:25:08.050+0000] {processor.py:183} INFO - Processing /home/airflow/.local/lib/python3.8/site-packages/airflow/example_dags/example_trigger_target_dag.py took 0.070 seconds
[2025-05-07T19:25:38.875+0000] {processor.py:161} INFO - Started process (PID=516) to work on /home/airflow/.local/lib/python3.8/site-packages/airflow/example_dags/example_trigger_target_dag.py
[2025-05-07T19:25:38.876+0000] {processor.py:830} INFO - Processing file /home/airflow/.local/lib/python3.8/site-packages/airflow/example_dags/example_trigger_target_dag.py for tasks to queue
[2025-05-07T19:25:38.878+0000] {logging_mixin.py:188} INFO - [2025-05-07T19:25:38.878+0000] {dagbag.py:538} INFO - Filling up the DagBag from /home/airflow/.local/lib/python3.8/site-packages/airflow/example_dags/example_trigger_target_dag.py
[2025-05-07T19:25:38.884+0000] {processor.py:840} INFO - DAG(s) 'example_trigger_target_dag' retrieved from /home/airflow/.local/lib/python3.8/site-packages/airflow/example_dags/example_trigger_target_dag.py
[2025-05-07T19:25:38.904+0000] {logging_mixin.py:188} INFO - [2025-05-07T19:25:38.903+0000] {dag.py:3036} INFO - Sync 1 DAGs
[2025-05-07T19:25:38.916+0000] {logging_mixin.py:188} INFO - [2025-05-07T19:25:38.916+0000] {dag.py:3823} INFO - Setting next_dagrun for example_trigger_target_dag to None, run_after=None
[2025-05-07T19:25:38.938+0000] {processor.py:183} INFO - Processing /home/airflow/.local/lib/python3.8/site-packages/airflow/example_dags/example_trigger_target_dag.py took 0.066 seconds
[2025-05-07T19:26:09.110+0000] {processor.py:161} INFO - Started process (PID=577) to work on /home/airflow/.local/lib/python3.8/site-packages/airflow/example_dags/example_trigger_target_dag.py
[2025-05-07T19:26:09.111+0000] {processor.py:830} INFO - Processing file /home/airflow/.local/lib/python3.8/site-packages/airflow/example_dags/example_trigger_target_dag.py for tasks to queue
[2025-05-07T19:26:09.113+0000] {logging_mixin.py:188} INFO - [2025-05-07T19:26:09.113+0000] {dagbag.py:538} INFO - Filling up the DagBag from /home/airflow/.local/lib/python3.8/site-packages/airflow/example_dags/example_trigger_target_dag.py
[2025-05-07T19:26:09.120+0000] {processor.py:840} INFO - DAG(s) 'example_trigger_target_dag' retrieved from /home/airflow/.local/lib/python3.8/site-packages/airflow/example_dags/example_trigger_target_dag.py
[2025-05-07T19:26:09.141+0000] {logging_mixin.py:188} INFO - [2025-05-07T19:26:09.141+0000] {dag.py:3036} INFO - Sync 1 DAGs
[2025-05-07T19:26:09.155+0000] {logging_mixin.py:188} INFO - [2025-05-07T19:26:09.154+0000] {dag.py:3823} INFO - Setting next_dagrun for example_trigger_target_dag to None, run_after=None
[2025-05-07T19:26:09.177+0000] {processor.py:183} INFO - Processing /home/airflow/.local/lib/python3.8/site-packages/airflow/example_dags/example_trigger_target_dag.py took 0.070 seconds
[2025-05-07T19:26:40.668+0000] {processor.py:161} INFO - Started process (PID=642) to work on /home/airflow/.local/lib/python3.8/site-packages/airflow/example_dags/example_trigger_target_dag.py
[2025-05-07T19:26:40.670+0000] {processor.py:830} INFO - Processing file /home/airflow/.local/lib/python3.8/site-packages/airflow/example_dags/example_trigger_target_dag.py for tasks to queue
[2025-05-07T19:26:40.671+0000] {logging_mixin.py:188} INFO - [2025-05-07T19:26:40.671+0000] {dagbag.py:538} INFO - Filling up the DagBag from /home/airflow/.local/lib/python3.8/site-packages/airflow/example_dags/example_trigger_target_dag.py
[2025-05-07T19:26:40.677+0000] {processor.py:840} INFO - DAG(s) 'example_trigger_target_dag' retrieved from /home/airflow/.local/lib/python3.8/site-packages/airflow/example_dags/example_trigger_target_dag.py
[2025-05-07T19:26:40.698+0000] {logging_mixin.py:188} INFO - [2025-05-07T19:26:40.698+0000] {dag.py:3036} INFO - Sync 1 DAGs
[2025-05-07T19:26:40.711+0000] {logging_mixin.py:188} INFO - [2025-05-07T19:26:40.710+0000] {dag.py:3823} INFO - Setting next_dagrun for example_trigger_target_dag to None, run_after=None
[2025-05-07T19:26:40.730+0000] {processor.py:183} INFO - Processing /home/airflow/.local/lib/python3.8/site-packages/airflow/example_dags/example_trigger_target_dag.py took 0.065 seconds
[2025-05-07T19:27:11.562+0000] {processor.py:161} INFO - Started process (PID=699) to work on /home/airflow/.local/lib/python3.8/site-packages/airflow/example_dags/example_trigger_target_dag.py
[2025-05-07T19:27:11.564+0000] {processor.py:830} INFO - Processing file /home/airflow/.local/lib/python3.8/site-packages/airflow/example_dags/example_trigger_target_dag.py for tasks to queue
[2025-05-07T19:27:11.567+0000] {logging_mixin.py:188} INFO - [2025-05-07T19:27:11.567+0000] {dagbag.py:538} INFO - Filling up the DagBag from /home/airflow/.local/lib/python3.8/site-packages/airflow/example_dags/example_trigger_target_dag.py
[2025-05-07T19:27:11.576+0000] {processor.py:840} INFO - DAG(s) 'example_trigger_target_dag' retrieved from /home/airflow/.local/lib/python3.8/site-packages/airflow/example_dags/example_trigger_target_dag.py
[2025-05-07T19:27:11.601+0000] {logging_mixin.py:188} INFO - [2025-05-07T19:27:11.601+0000] {dag.py:3036} INFO - Sync 1 DAGs
[2025-05-07T19:27:11.615+0000] {logging_mixin.py:188} INFO - [2025-05-07T19:27:11.615+0000] {dag.py:3823} INFO - Setting next_dagrun for example_trigger_target_dag to None, run_after=None
[2025-05-07T19:27:11.638+0000] {processor.py:183} INFO - Processing /home/airflow/.local/lib/python3.8/site-packages/airflow/example_dags/example_trigger_target_dag.py took 0.083 seconds
[2025-05-07T19:27:42.191+0000] {processor.py:161} INFO - Started process (PID=756) to work on /home/airflow/.local/lib/python3.8/site-packages/airflow/example_dags/example_trigger_target_dag.py
[2025-05-07T19:27:42.193+0000] {processor.py:830} INFO - Processing file /home/airflow/.local/lib/python3.8/site-packages/airflow/example_dags/example_trigger_target_dag.py for tasks to queue
[2025-05-07T19:27:42.195+0000] {logging_mixin.py:188} INFO - [2025-05-07T19:27:42.195+0000] {dagbag.py:538} INFO - Filling up the DagBag from /home/airflow/.local/lib/python3.8/site-packages/airflow/example_dags/example_trigger_target_dag.py
[2025-05-07T19:27:42.205+0000] {processor.py:840} INFO - DAG(s) 'example_trigger_target_dag' retrieved from /home/airflow/.local/lib/python3.8/site-packages/airflow/example_dags/example_trigger_target_dag.py
[2025-05-07T19:27:42.233+0000] {logging_mixin.py:188} INFO - [2025-05-07T19:27:42.233+0000] {dag.py:3036} INFO - Sync 1 DAGs
[2025-05-07T19:27:42.249+0000] {logging_mixin.py:188} INFO - [2025-05-07T19:27:42.248+0000] {dag.py:3823} INFO - Setting next_dagrun for example_trigger_target_dag to None, run_after=None
[2025-05-07T19:27:42.277+0000] {processor.py:183} INFO - Processing /home/airflow/.local/lib/python3.8/site-packages/airflow/example_dags/example_trigger_target_dag.py took 0.090 seconds
[2025-05-07T19:28:12.634+0000] {processor.py:161} INFO - Started process (PID=813) to work on /home/airflow/.local/lib/python3.8/site-packages/airflow/example_dags/example_trigger_target_dag.py
[2025-05-07T19:28:12.637+0000] {processor.py:830} INFO - Processing file /home/airflow/.local/lib/python3.8/site-packages/airflow/example_dags/example_trigger_target_dag.py for tasks to queue
[2025-05-07T19:28:12.642+0000] {logging_mixin.py:188} INFO - [2025-05-07T19:28:12.641+0000] {dagbag.py:538} INFO - Filling up the DagBag from /home/airflow/.local/lib/python3.8/site-packages/airflow/example_dags/example_trigger_target_dag.py
[2025-05-07T19:28:12.651+0000] {processor.py:840} INFO - DAG(s) 'example_trigger_target_dag' retrieved from /home/airflow/.local/lib/python3.8/site-packages/airflow/example_dags/example_trigger_target_dag.py
[2025-05-07T19:28:12.674+0000] {logging_mixin.py:188} INFO - [2025-05-07T19:28:12.674+0000] {dag.py:3036} INFO - Sync 1 DAGs
[2025-05-07T19:28:12.686+0000] {logging_mixin.py:188} INFO - [2025-05-07T19:28:12.686+0000] {dag.py:3823} INFO - Setting next_dagrun for example_trigger_target_dag to None, run_after=None
[2025-05-07T19:28:12.709+0000] {processor.py:183} INFO - Processing /home/airflow/.local/lib/python3.8/site-packages/airflow/example_dags/example_trigger_target_dag.py took 0.081 seconds
[2025-05-07T19:28:42.931+0000] {processor.py:161} INFO - Started process (PID=870) to work on /home/airflow/.local/lib/python3.8/site-packages/airflow/example_dags/example_trigger_target_dag.py
[2025-05-07T19:28:42.935+0000] {processor.py:830} INFO - Processing file /home/airflow/.local/lib/python3.8/site-packages/airflow/example_dags/example_trigger_target_dag.py for tasks to queue
[2025-05-07T19:28:42.942+0000] {logging_mixin.py:188} INFO - [2025-05-07T19:28:42.941+0000] {dagbag.py:538} INFO - Filling up the DagBag from /home/airflow/.local/lib/python3.8/site-packages/airflow/example_dags/example_trigger_target_dag.py
[2025-05-07T19:28:42.953+0000] {processor.py:840} INFO - DAG(s) 'example_trigger_target_dag' retrieved from /home/airflow/.local/lib/python3.8/site-packages/airflow/example_dags/example_trigger_target_dag.py
[2025-05-07T19:28:42.977+0000] {logging_mixin.py:188} INFO - [2025-05-07T19:28:42.977+0000] {dag.py:3036} INFO - Sync 1 DAGs
[2025-05-07T19:28:42.991+0000] {logging_mixin.py:188} INFO - [2025-05-07T19:28:42.991+0000] {dag.py:3823} INFO - Setting next_dagrun for example_trigger_target_dag to None, run_after=None
[2025-05-07T19:28:43.014+0000] {processor.py:183} INFO - Processing /home/airflow/.local/lib/python3.8/site-packages/airflow/example_dags/example_trigger_target_dag.py took 0.092 seconds
[2025-05-07T19:29:14.056+0000] {processor.py:161} INFO - Started process (PID=927) to work on /home/airflow/.local/lib/python3.8/site-packages/airflow/example_dags/example_trigger_target_dag.py
[2025-05-07T19:29:14.059+0000] {processor.py:830} INFO - Processing file /home/airflow/.local/lib/python3.8/site-packages/airflow/example_dags/example_trigger_target_dag.py for tasks to queue
[2025-05-07T19:29:14.063+0000] {logging_mixin.py:188} INFO - [2025-05-07T19:29:14.062+0000] {dagbag.py:538} INFO - Filling up the DagBag from /home/airflow/.local/lib/python3.8/site-packages/airflow/example_dags/example_trigger_target_dag.py
[2025-05-07T19:29:14.074+0000] {processor.py:840} INFO - DAG(s) 'example_trigger_target_dag' retrieved from /home/airflow/.local/lib/python3.8/site-packages/airflow/example_dags/example_trigger_target_dag.py
[2025-05-07T19:29:14.111+0000] {logging_mixin.py:188} INFO - [2025-05-07T19:29:14.111+0000] {dag.py:3036} INFO - Sync 1 DAGs
[2025-05-07T19:29:14.124+0000] {logging_mixin.py:188} INFO - [2025-05-07T19:29:14.124+0000] {dag.py:3823} INFO - Setting next_dagrun for example_trigger_target_dag to None, run_after=None
[2025-05-07T19:29:14.148+0000] {processor.py:183} INFO - Processing /home/airflow/.local/lib/python3.8/site-packages/airflow/example_dags/example_trigger_target_dag.py took 0.098 seconds
[2025-05-07T19:29:44.337+0000] {processor.py:161} INFO - Started process (PID=984) to work on /home/airflow/.local/lib/python3.8/site-packages/airflow/example_dags/example_trigger_target_dag.py
[2025-05-07T19:29:44.338+0000] {processor.py:830} INFO - Processing file /home/airflow/.local/lib/python3.8/site-packages/airflow/example_dags/example_trigger_target_dag.py for tasks to queue
[2025-05-07T19:29:44.340+0000] {logging_mixin.py:188} INFO - [2025-05-07T19:29:44.340+0000] {dagbag.py:538} INFO - Filling up the DagBag from /home/airflow/.local/lib/python3.8/site-packages/airflow/example_dags/example_trigger_target_dag.py
[2025-05-07T19:29:44.346+0000] {processor.py:840} INFO - DAG(s) 'example_trigger_target_dag' retrieved from /home/airflow/.local/lib/python3.8/site-packages/airflow/example_dags/example_trigger_target_dag.py
[2025-05-07T19:29:44.364+0000] {logging_mixin.py:188} INFO - [2025-05-07T19:29:44.364+0000] {dag.py:3036} INFO - Sync 1 DAGs
[2025-05-07T19:29:44.376+0000] {logging_mixin.py:188} INFO - [2025-05-07T19:29:44.376+0000] {dag.py:3823} INFO - Setting next_dagrun for example_trigger_target_dag to None, run_after=None
[2025-05-07T19:29:44.394+0000] {processor.py:183} INFO - Processing /home/airflow/.local/lib/python3.8/site-packages/airflow/example_dags/example_trigger_target_dag.py took 0.060 seconds
[2025-05-07T19:33:18.334+0000] {processor.py:161} INFO - Started process (PID=101) to work on /home/airflow/.local/lib/python3.8/site-packages/airflow/example_dags/example_trigger_target_dag.py
[2025-05-07T19:33:18.336+0000] {processor.py:830} INFO - Processing file /home/airflow/.local/lib/python3.8/site-packages/airflow/example_dags/example_trigger_target_dag.py for tasks to queue
[2025-05-07T19:33:18.338+0000] {logging_mixin.py:188} INFO - [2025-05-07T19:33:18.338+0000] {dagbag.py:538} INFO - Filling up the DagBag from /home/airflow/.local/lib/python3.8/site-packages/airflow/example_dags/example_trigger_target_dag.py
[2025-05-07T19:33:18.345+0000] {processor.py:840} INFO - DAG(s) 'example_trigger_target_dag' retrieved from /home/airflow/.local/lib/python3.8/site-packages/airflow/example_dags/example_trigger_target_dag.py
[2025-05-07T19:33:18.359+0000] {logging_mixin.py:188} INFO - [2025-05-07T19:33:18.358+0000] {dag.py:3036} INFO - Sync 1 DAGs
[2025-05-07T19:33:18.373+0000] {logging_mixin.py:188} INFO - [2025-05-07T19:33:18.373+0000] {dag.py:3823} INFO - Setting next_dagrun for example_trigger_target_dag to None, run_after=None
[2025-05-07T19:33:18.398+0000] {processor.py:183} INFO - Processing /home/airflow/.local/lib/python3.8/site-packages/airflow/example_dags/example_trigger_target_dag.py took 0.067 seconds
[2025-05-07T19:33:50.924+0000] {processor.py:161} INFO - Started process (PID=158) to work on /home/airflow/.local/lib/python3.8/site-packages/airflow/example_dags/example_trigger_target_dag.py
[2025-05-07T19:33:50.926+0000] {processor.py:830} INFO - Processing file /home/airflow/.local/lib/python3.8/site-packages/airflow/example_dags/example_trigger_target_dag.py for tasks to queue
[2025-05-07T19:33:50.928+0000] {logging_mixin.py:188} INFO - [2025-05-07T19:33:50.927+0000] {dagbag.py:538} INFO - Filling up the DagBag from /home/airflow/.local/lib/python3.8/site-packages/airflow/example_dags/example_trigger_target_dag.py
[2025-05-07T19:33:50.936+0000] {processor.py:840} INFO - DAG(s) 'example_trigger_target_dag' retrieved from /home/airflow/.local/lib/python3.8/site-packages/airflow/example_dags/example_trigger_target_dag.py
[2025-05-07T19:33:51.040+0000] {logging_mixin.py:188} INFO - [2025-05-07T19:33:51.040+0000] {dag.py:3036} INFO - Sync 1 DAGs
[2025-05-07T19:33:51.052+0000] {logging_mixin.py:188} INFO - [2025-05-07T19:33:51.051+0000] {dag.py:3823} INFO - Setting next_dagrun for example_trigger_target_dag to None, run_after=None
[2025-05-07T19:33:51.074+0000] {processor.py:183} INFO - Processing /home/airflow/.local/lib/python3.8/site-packages/airflow/example_dags/example_trigger_target_dag.py took 0.154 seconds
[2025-05-07T19:34:21.909+0000] {processor.py:161} INFO - Started process (PID=215) to work on /home/airflow/.local/lib/python3.8/site-packages/airflow/example_dags/example_trigger_target_dag.py
[2025-05-07T19:34:21.911+0000] {processor.py:830} INFO - Processing file /home/airflow/.local/lib/python3.8/site-packages/airflow/example_dags/example_trigger_target_dag.py for tasks to queue
[2025-05-07T19:34:21.913+0000] {logging_mixin.py:188} INFO - [2025-05-07T19:34:21.913+0000] {dagbag.py:538} INFO - Filling up the DagBag from /home/airflow/.local/lib/python3.8/site-packages/airflow/example_dags/example_trigger_target_dag.py
[2025-05-07T19:34:21.919+0000] {processor.py:840} INFO - DAG(s) 'example_trigger_target_dag' retrieved from /home/airflow/.local/lib/python3.8/site-packages/airflow/example_dags/example_trigger_target_dag.py
[2025-05-07T19:34:21.938+0000] {logging_mixin.py:188} INFO - [2025-05-07T19:34:21.938+0000] {dag.py:3036} INFO - Sync 1 DAGs
[2025-05-07T19:34:21.950+0000] {logging_mixin.py:188} INFO - [2025-05-07T19:34:21.950+0000] {dag.py:3823} INFO - Setting next_dagrun for example_trigger_target_dag to None, run_after=None
[2025-05-07T19:34:21.970+0000] {processor.py:183} INFO - Processing /home/airflow/.local/lib/python3.8/site-packages/airflow/example_dags/example_trigger_target_dag.py took 0.064 seconds
[2025-05-07T19:34:52.428+0000] {processor.py:161} INFO - Started process (PID=272) to work on /home/airflow/.local/lib/python3.8/site-packages/airflow/example_dags/example_trigger_target_dag.py
[2025-05-07T19:34:52.429+0000] {processor.py:830} INFO - Processing file /home/airflow/.local/lib/python3.8/site-packages/airflow/example_dags/example_trigger_target_dag.py for tasks to queue
[2025-05-07T19:34:52.431+0000] {logging_mixin.py:188} INFO - [2025-05-07T19:34:52.431+0000] {dagbag.py:538} INFO - Filling up the DagBag from /home/airflow/.local/lib/python3.8/site-packages/airflow/example_dags/example_trigger_target_dag.py
[2025-05-07T19:34:52.438+0000] {processor.py:840} INFO - DAG(s) 'example_trigger_target_dag' retrieved from /home/airflow/.local/lib/python3.8/site-packages/airflow/example_dags/example_trigger_target_dag.py
[2025-05-07T19:34:52.463+0000] {logging_mixin.py:188} INFO - [2025-05-07T19:34:52.462+0000] {dag.py:3036} INFO - Sync 1 DAGs
[2025-05-07T19:34:52.477+0000] {logging_mixin.py:188} INFO - [2025-05-07T19:34:52.477+0000] {dag.py:3823} INFO - Setting next_dagrun for example_trigger_target_dag to None, run_after=None
[2025-05-07T19:34:52.499+0000] {processor.py:183} INFO - Processing /home/airflow/.local/lib/python3.8/site-packages/airflow/example_dags/example_trigger_target_dag.py took 0.074 seconds
[2025-05-07T19:35:22.779+0000] {processor.py:161} INFO - Started process (PID=329) to work on /home/airflow/.local/lib/python3.8/site-packages/airflow/example_dags/example_trigger_target_dag.py
[2025-05-07T19:35:22.783+0000] {processor.py:830} INFO - Processing file /home/airflow/.local/lib/python3.8/site-packages/airflow/example_dags/example_trigger_target_dag.py for tasks to queue
[2025-05-07T19:35:22.788+0000] {logging_mixin.py:188} INFO - [2025-05-07T19:35:22.788+0000] {dagbag.py:538} INFO - Filling up the DagBag from /home/airflow/.local/lib/python3.8/site-packages/airflow/example_dags/example_trigger_target_dag.py
[2025-05-07T19:35:22.804+0000] {processor.py:840} INFO - DAG(s) 'example_trigger_target_dag' retrieved from /home/airflow/.local/lib/python3.8/site-packages/airflow/example_dags/example_trigger_target_dag.py
[2025-05-07T19:35:22.832+0000] {logging_mixin.py:188} INFO - [2025-05-07T19:35:22.832+0000] {dag.py:3036} INFO - Sync 1 DAGs
[2025-05-07T19:35:22.845+0000] {logging_mixin.py:188} INFO - [2025-05-07T19:35:22.845+0000] {dag.py:3823} INFO - Setting next_dagrun for example_trigger_target_dag to None, run_after=None
[2025-05-07T19:35:22.873+0000] {processor.py:183} INFO - Processing /home/airflow/.local/lib/python3.8/site-packages/airflow/example_dags/example_trigger_target_dag.py took 0.100 seconds
[2025-05-07T19:35:53.418+0000] {processor.py:161} INFO - Started process (PID=386) to work on /home/airflow/.local/lib/python3.8/site-packages/airflow/example_dags/example_trigger_target_dag.py
[2025-05-07T19:35:53.419+0000] {processor.py:830} INFO - Processing file /home/airflow/.local/lib/python3.8/site-packages/airflow/example_dags/example_trigger_target_dag.py for tasks to queue
[2025-05-07T19:35:53.421+0000] {logging_mixin.py:188} INFO - [2025-05-07T19:35:53.421+0000] {dagbag.py:538} INFO - Filling up the DagBag from /home/airflow/.local/lib/python3.8/site-packages/airflow/example_dags/example_trigger_target_dag.py
[2025-05-07T19:35:53.427+0000] {processor.py:840} INFO - DAG(s) 'example_trigger_target_dag' retrieved from /home/airflow/.local/lib/python3.8/site-packages/airflow/example_dags/example_trigger_target_dag.py
[2025-05-07T19:35:53.447+0000] {logging_mixin.py:188} INFO - [2025-05-07T19:35:53.447+0000] {dag.py:3036} INFO - Sync 1 DAGs
[2025-05-07T19:35:53.459+0000] {logging_mixin.py:188} INFO - [2025-05-07T19:35:53.459+0000] {dag.py:3823} INFO - Setting next_dagrun for example_trigger_target_dag to None, run_after=None
[2025-05-07T19:35:53.478+0000] {processor.py:183} INFO - Processing /home/airflow/.local/lib/python3.8/site-packages/airflow/example_dags/example_trigger_target_dag.py took 0.063 seconds
[2025-05-07T19:36:23.968+0000] {processor.py:161} INFO - Started process (PID=443) to work on /home/airflow/.local/lib/python3.8/site-packages/airflow/example_dags/example_trigger_target_dag.py
[2025-05-07T19:36:23.969+0000] {processor.py:830} INFO - Processing file /home/airflow/.local/lib/python3.8/site-packages/airflow/example_dags/example_trigger_target_dag.py for tasks to queue
[2025-05-07T19:36:23.971+0000] {logging_mixin.py:188} INFO - [2025-05-07T19:36:23.971+0000] {dagbag.py:538} INFO - Filling up the DagBag from /home/airflow/.local/lib/python3.8/site-packages/airflow/example_dags/example_trigger_target_dag.py
[2025-05-07T19:36:23.977+0000] {processor.py:840} INFO - DAG(s) 'example_trigger_target_dag' retrieved from /home/airflow/.local/lib/python3.8/site-packages/airflow/example_dags/example_trigger_target_dag.py
[2025-05-07T19:36:23.997+0000] {logging_mixin.py:188} INFO - [2025-05-07T19:36:23.997+0000] {dag.py:3036} INFO - Sync 1 DAGs
[2025-05-07T19:36:24.008+0000] {logging_mixin.py:188} INFO - [2025-05-07T19:36:24.008+0000] {dag.py:3823} INFO - Setting next_dagrun for example_trigger_target_dag to None, run_after=None
[2025-05-07T19:36:24.025+0000] {processor.py:183} INFO - Processing /home/airflow/.local/lib/python3.8/site-packages/airflow/example_dags/example_trigger_target_dag.py took 0.060 seconds
[2025-05-07T19:36:54.598+0000] {processor.py:161} INFO - Started process (PID=500) to work on /home/airflow/.local/lib/python3.8/site-packages/airflow/example_dags/example_trigger_target_dag.py
[2025-05-07T19:36:54.601+0000] {processor.py:830} INFO - Processing file /home/airflow/.local/lib/python3.8/site-packages/airflow/example_dags/example_trigger_target_dag.py for tasks to queue
[2025-05-07T19:36:54.604+0000] {logging_mixin.py:188} INFO - [2025-05-07T19:36:54.604+0000] {dagbag.py:538} INFO - Filling up the DagBag from /home/airflow/.local/lib/python3.8/site-packages/airflow/example_dags/example_trigger_target_dag.py
[2025-05-07T19:36:54.613+0000] {processor.py:840} INFO - DAG(s) 'example_trigger_target_dag' retrieved from /home/airflow/.local/lib/python3.8/site-packages/airflow/example_dags/example_trigger_target_dag.py
[2025-05-07T19:36:54.636+0000] {logging_mixin.py:188} INFO - [2025-05-07T19:36:54.635+0000] {dag.py:3036} INFO - Sync 1 DAGs
[2025-05-07T19:36:54.648+0000] {logging_mixin.py:188} INFO - [2025-05-07T19:36:54.648+0000] {dag.py:3823} INFO - Setting next_dagrun for example_trigger_target_dag to None, run_after=None
[2025-05-07T19:36:54.667+0000] {processor.py:183} INFO - Processing /home/airflow/.local/lib/python3.8/site-packages/airflow/example_dags/example_trigger_target_dag.py took 0.075 seconds
[2025-05-07T19:37:25.017+0000] {processor.py:161} INFO - Started process (PID=557) to work on /home/airflow/.local/lib/python3.8/site-packages/airflow/example_dags/example_trigger_target_dag.py
[2025-05-07T19:37:25.019+0000] {processor.py:830} INFO - Processing file /home/airflow/.local/lib/python3.8/site-packages/airflow/example_dags/example_trigger_target_dag.py for tasks to queue
[2025-05-07T19:37:25.023+0000] {logging_mixin.py:188} INFO - [2025-05-07T19:37:25.023+0000] {dagbag.py:538} INFO - Filling up the DagBag from /home/airflow/.local/lib/python3.8/site-packages/airflow/example_dags/example_trigger_target_dag.py
[2025-05-07T19:37:25.029+0000] {processor.py:840} INFO - DAG(s) 'example_trigger_target_dag' retrieved from /home/airflow/.local/lib/python3.8/site-packages/airflow/example_dags/example_trigger_target_dag.py
[2025-05-07T19:37:25.050+0000] {logging_mixin.py:188} INFO - [2025-05-07T19:37:25.050+0000] {dag.py:3036} INFO - Sync 1 DAGs
[2025-05-07T19:37:25.062+0000] {logging_mixin.py:188} INFO - [2025-05-07T19:37:25.062+0000] {dag.py:3823} INFO - Setting next_dagrun for example_trigger_target_dag to None, run_after=None
[2025-05-07T19:37:25.085+0000] {processor.py:183} INFO - Processing /home/airflow/.local/lib/python3.8/site-packages/airflow/example_dags/example_trigger_target_dag.py took 0.072 seconds
[2025-05-07T19:37:55.395+0000] {processor.py:161} INFO - Started process (PID=614) to work on /home/airflow/.local/lib/python3.8/site-packages/airflow/example_dags/example_trigger_target_dag.py
[2025-05-07T19:37:55.396+0000] {processor.py:830} INFO - Processing file /home/airflow/.local/lib/python3.8/site-packages/airflow/example_dags/example_trigger_target_dag.py for tasks to queue
[2025-05-07T19:37:55.398+0000] {logging_mixin.py:188} INFO - [2025-05-07T19:37:55.398+0000] {dagbag.py:538} INFO - Filling up the DagBag from /home/airflow/.local/lib/python3.8/site-packages/airflow/example_dags/example_trigger_target_dag.py
[2025-05-07T19:37:55.405+0000] {processor.py:840} INFO - DAG(s) 'example_trigger_target_dag' retrieved from /home/airflow/.local/lib/python3.8/site-packages/airflow/example_dags/example_trigger_target_dag.py
[2025-05-07T19:37:55.428+0000] {logging_mixin.py:188} INFO - [2025-05-07T19:37:55.428+0000] {dag.py:3036} INFO - Sync 1 DAGs
[2025-05-07T19:37:55.441+0000] {logging_mixin.py:188} INFO - [2025-05-07T19:37:55.441+0000] {dag.py:3823} INFO - Setting next_dagrun for example_trigger_target_dag to None, run_after=None
[2025-05-07T19:37:55.463+0000] {processor.py:183} INFO - Processing /home/airflow/.local/lib/python3.8/site-packages/airflow/example_dags/example_trigger_target_dag.py took 0.071 seconds
[2025-05-07T19:38:26.167+0000] {processor.py:161} INFO - Started process (PID=671) to work on /home/airflow/.local/lib/python3.8/site-packages/airflow/example_dags/example_trigger_target_dag.py
[2025-05-07T19:38:26.172+0000] {processor.py:830} INFO - Processing file /home/airflow/.local/lib/python3.8/site-packages/airflow/example_dags/example_trigger_target_dag.py for tasks to queue
[2025-05-07T19:38:26.177+0000] {logging_mixin.py:188} INFO - [2025-05-07T19:38:26.177+0000] {dagbag.py:538} INFO - Filling up the DagBag from /home/airflow/.local/lib/python3.8/site-packages/airflow/example_dags/example_trigger_target_dag.py
[2025-05-07T19:38:26.193+0000] {processor.py:840} INFO - DAG(s) 'example_trigger_target_dag' retrieved from /home/airflow/.local/lib/python3.8/site-packages/airflow/example_dags/example_trigger_target_dag.py
[2025-05-07T19:38:26.232+0000] {logging_mixin.py:188} INFO - [2025-05-07T19:38:26.232+0000] {dag.py:3036} INFO - Sync 1 DAGs
[2025-05-07T19:38:26.249+0000] {logging_mixin.py:188} INFO - [2025-05-07T19:38:26.249+0000] {dag.py:3823} INFO - Setting next_dagrun for example_trigger_target_dag to None, run_after=None
[2025-05-07T19:38:26.273+0000] {processor.py:183} INFO - Processing /home/airflow/.local/lib/python3.8/site-packages/airflow/example_dags/example_trigger_target_dag.py took 0.112 seconds
[2025-05-07T19:38:56.410+0000] {processor.py:161} INFO - Started process (PID=728) to work on /home/airflow/.local/lib/python3.8/site-packages/airflow/example_dags/example_trigger_target_dag.py
[2025-05-07T19:38:56.412+0000] {processor.py:830} INFO - Processing file /home/airflow/.local/lib/python3.8/site-packages/airflow/example_dags/example_trigger_target_dag.py for tasks to queue
[2025-05-07T19:38:56.414+0000] {logging_mixin.py:188} INFO - [2025-05-07T19:38:56.414+0000] {dagbag.py:538} INFO - Filling up the DagBag from /home/airflow/.local/lib/python3.8/site-packages/airflow/example_dags/example_trigger_target_dag.py
[2025-05-07T19:38:56.425+0000] {processor.py:840} INFO - DAG(s) 'example_trigger_target_dag' retrieved from /home/airflow/.local/lib/python3.8/site-packages/airflow/example_dags/example_trigger_target_dag.py
[2025-05-07T19:38:56.444+0000] {logging_mixin.py:188} INFO - [2025-05-07T19:38:56.443+0000] {dag.py:3036} INFO - Sync 1 DAGs
[2025-05-07T19:38:56.455+0000] {logging_mixin.py:188} INFO - [2025-05-07T19:38:56.455+0000] {dag.py:3823} INFO - Setting next_dagrun for example_trigger_target_dag to None, run_after=None
[2025-05-07T19:38:56.477+0000] {processor.py:183} INFO - Processing /home/airflow/.local/lib/python3.8/site-packages/airflow/example_dags/example_trigger_target_dag.py took 0.070 seconds
[2025-05-07T19:39:27.059+0000] {processor.py:161} INFO - Started process (PID=785) to work on /home/airflow/.local/lib/python3.8/site-packages/airflow/example_dags/example_trigger_target_dag.py
[2025-05-07T19:39:27.061+0000] {processor.py:830} INFO - Processing file /home/airflow/.local/lib/python3.8/site-packages/airflow/example_dags/example_trigger_target_dag.py for tasks to queue
[2025-05-07T19:39:27.062+0000] {logging_mixin.py:188} INFO - [2025-05-07T19:39:27.062+0000] {dagbag.py:538} INFO - Filling up the DagBag from /home/airflow/.local/lib/python3.8/site-packages/airflow/example_dags/example_trigger_target_dag.py
[2025-05-07T19:39:27.069+0000] {processor.py:840} INFO - DAG(s) 'example_trigger_target_dag' retrieved from /home/airflow/.local/lib/python3.8/site-packages/airflow/example_dags/example_trigger_target_dag.py
[2025-05-07T19:39:27.088+0000] {logging_mixin.py:188} INFO - [2025-05-07T19:39:27.088+0000] {dag.py:3036} INFO - Sync 1 DAGs
[2025-05-07T19:39:27.101+0000] {logging_mixin.py:188} INFO - [2025-05-07T19:39:27.101+0000] {dag.py:3823} INFO - Setting next_dagrun for example_trigger_target_dag to None, run_after=None
[2025-05-07T19:39:27.134+0000] {processor.py:183} INFO - Processing /home/airflow/.local/lib/python3.8/site-packages/airflow/example_dags/example_trigger_target_dag.py took 0.078 seconds
[2025-05-07T19:39:57.538+0000] {processor.py:161} INFO - Started process (PID=842) to work on /home/airflow/.local/lib/python3.8/site-packages/airflow/example_dags/example_trigger_target_dag.py
[2025-05-07T19:39:57.540+0000] {processor.py:830} INFO - Processing file /home/airflow/.local/lib/python3.8/site-packages/airflow/example_dags/example_trigger_target_dag.py for tasks to queue
[2025-05-07T19:39:57.545+0000] {logging_mixin.py:188} INFO - [2025-05-07T19:39:57.545+0000] {dagbag.py:538} INFO - Filling up the DagBag from /home/airflow/.local/lib/python3.8/site-packages/airflow/example_dags/example_trigger_target_dag.py
[2025-05-07T19:39:57.557+0000] {processor.py:840} INFO - DAG(s) 'example_trigger_target_dag' retrieved from /home/airflow/.local/lib/python3.8/site-packages/airflow/example_dags/example_trigger_target_dag.py
[2025-05-07T19:39:57.582+0000] {logging_mixin.py:188} INFO - [2025-05-07T19:39:57.582+0000] {dag.py:3036} INFO - Sync 1 DAGs
[2025-05-07T19:39:57.602+0000] {logging_mixin.py:188} INFO - [2025-05-07T19:39:57.601+0000] {dag.py:3823} INFO - Setting next_dagrun for example_trigger_target_dag to None, run_after=None
[2025-05-07T19:39:57.628+0000] {processor.py:183} INFO - Processing /home/airflow/.local/lib/python3.8/site-packages/airflow/example_dags/example_trigger_target_dag.py took 0.093 seconds
[2025-05-07T19:40:28.517+0000] {processor.py:161} INFO - Started process (PID=899) to work on /home/airflow/.local/lib/python3.8/site-packages/airflow/example_dags/example_trigger_target_dag.py
[2025-05-07T19:40:28.520+0000] {processor.py:830} INFO - Processing file /home/airflow/.local/lib/python3.8/site-packages/airflow/example_dags/example_trigger_target_dag.py for tasks to queue
[2025-05-07T19:40:28.525+0000] {logging_mixin.py:188} INFO - [2025-05-07T19:40:28.524+0000] {dagbag.py:538} INFO - Filling up the DagBag from /home/airflow/.local/lib/python3.8/site-packages/airflow/example_dags/example_trigger_target_dag.py
[2025-05-07T19:40:28.536+0000] {processor.py:840} INFO - DAG(s) 'example_trigger_target_dag' retrieved from /home/airflow/.local/lib/python3.8/site-packages/airflow/example_dags/example_trigger_target_dag.py
[2025-05-07T19:40:28.564+0000] {logging_mixin.py:188} INFO - [2025-05-07T19:40:28.564+0000] {dag.py:3036} INFO - Sync 1 DAGs
[2025-05-07T19:40:28.578+0000] {logging_mixin.py:188} INFO - [2025-05-07T19:40:28.578+0000] {dag.py:3823} INFO - Setting next_dagrun for example_trigger_target_dag to None, run_after=None
[2025-05-07T19:40:28.601+0000] {processor.py:183} INFO - Processing /home/airflow/.local/lib/python3.8/site-packages/airflow/example_dags/example_trigger_target_dag.py took 0.089 seconds
[2025-05-07T19:40:58.896+0000] {processor.py:161} INFO - Started process (PID=956) to work on /home/airflow/.local/lib/python3.8/site-packages/airflow/example_dags/example_trigger_target_dag.py
[2025-05-07T19:40:58.898+0000] {processor.py:830} INFO - Processing file /home/airflow/.local/lib/python3.8/site-packages/airflow/example_dags/example_trigger_target_dag.py for tasks to queue
[2025-05-07T19:40:58.901+0000] {logging_mixin.py:188} INFO - [2025-05-07T19:40:58.901+0000] {dagbag.py:538} INFO - Filling up the DagBag from /home/airflow/.local/lib/python3.8/site-packages/airflow/example_dags/example_trigger_target_dag.py
[2025-05-07T19:40:58.909+0000] {processor.py:840} INFO - DAG(s) 'example_trigger_target_dag' retrieved from /home/airflow/.local/lib/python3.8/site-packages/airflow/example_dags/example_trigger_target_dag.py
[2025-05-07T19:40:58.935+0000] {logging_mixin.py:188} INFO - [2025-05-07T19:40:58.935+0000] {dag.py:3036} INFO - Sync 1 DAGs
[2025-05-07T19:40:58.950+0000] {logging_mixin.py:188} INFO - [2025-05-07T19:40:58.950+0000] {dag.py:3823} INFO - Setting next_dagrun for example_trigger_target_dag to None, run_after=None
[2025-05-07T19:40:58.972+0000] {processor.py:183} INFO - Processing /home/airflow/.local/lib/python3.8/site-packages/airflow/example_dags/example_trigger_target_dag.py took 0.080 seconds
[2025-05-07T19:41:29.422+0000] {processor.py:161} INFO - Started process (PID=1013) to work on /home/airflow/.local/lib/python3.8/site-packages/airflow/example_dags/example_trigger_target_dag.py
[2025-05-07T19:41:29.425+0000] {processor.py:830} INFO - Processing file /home/airflow/.local/lib/python3.8/site-packages/airflow/example_dags/example_trigger_target_dag.py for tasks to queue
[2025-05-07T19:41:29.428+0000] {logging_mixin.py:188} INFO - [2025-05-07T19:41:29.428+0000] {dagbag.py:538} INFO - Filling up the DagBag from /home/airflow/.local/lib/python3.8/site-packages/airflow/example_dags/example_trigger_target_dag.py
[2025-05-07T19:41:29.436+0000] {processor.py:840} INFO - DAG(s) 'example_trigger_target_dag' retrieved from /home/airflow/.local/lib/python3.8/site-packages/airflow/example_dags/example_trigger_target_dag.py
[2025-05-07T19:41:29.458+0000] {logging_mixin.py:188} INFO - [2025-05-07T19:41:29.458+0000] {dag.py:3036} INFO - Sync 1 DAGs
[2025-05-07T19:41:29.473+0000] {logging_mixin.py:188} INFO - [2025-05-07T19:41:29.472+0000] {dag.py:3823} INFO - Setting next_dagrun for example_trigger_target_dag to None, run_after=None
[2025-05-07T19:41:29.499+0000] {processor.py:183} INFO - Processing /home/airflow/.local/lib/python3.8/site-packages/airflow/example_dags/example_trigger_target_dag.py took 0.082 seconds
[2025-05-07T19:41:59.747+0000] {processor.py:161} INFO - Started process (PID=1070) to work on /home/airflow/.local/lib/python3.8/site-packages/airflow/example_dags/example_trigger_target_dag.py
[2025-05-07T19:41:59.749+0000] {processor.py:830} INFO - Processing file /home/airflow/.local/lib/python3.8/site-packages/airflow/example_dags/example_trigger_target_dag.py for tasks to queue
[2025-05-07T19:41:59.752+0000] {logging_mixin.py:188} INFO - [2025-05-07T19:41:59.752+0000] {dagbag.py:538} INFO - Filling up the DagBag from /home/airflow/.local/lib/python3.8/site-packages/airflow/example_dags/example_trigger_target_dag.py
[2025-05-07T19:41:59.760+0000] {processor.py:840} INFO - DAG(s) 'example_trigger_target_dag' retrieved from /home/airflow/.local/lib/python3.8/site-packages/airflow/example_dags/example_trigger_target_dag.py
[2025-05-07T19:41:59.783+0000] {logging_mixin.py:188} INFO - [2025-05-07T19:41:59.782+0000] {dag.py:3036} INFO - Sync 1 DAGs
[2025-05-07T19:41:59.795+0000] {logging_mixin.py:188} INFO - [2025-05-07T19:41:59.795+0000] {dag.py:3823} INFO - Setting next_dagrun for example_trigger_target_dag to None, run_after=None
[2025-05-07T19:41:59.818+0000] {processor.py:183} INFO - Processing /home/airflow/.local/lib/python3.8/site-packages/airflow/example_dags/example_trigger_target_dag.py took 0.076 seconds
[2025-05-07T19:42:30.169+0000] {processor.py:161} INFO - Started process (PID=1127) to work on /home/airflow/.local/lib/python3.8/site-packages/airflow/example_dags/example_trigger_target_dag.py
[2025-05-07T19:42:30.170+0000] {processor.py:830} INFO - Processing file /home/airflow/.local/lib/python3.8/site-packages/airflow/example_dags/example_trigger_target_dag.py for tasks to queue
[2025-05-07T19:42:30.172+0000] {logging_mixin.py:188} INFO - [2025-05-07T19:42:30.172+0000] {dagbag.py:538} INFO - Filling up the DagBag from /home/airflow/.local/lib/python3.8/site-packages/airflow/example_dags/example_trigger_target_dag.py
[2025-05-07T19:42:30.178+0000] {processor.py:840} INFO - DAG(s) 'example_trigger_target_dag' retrieved from /home/airflow/.local/lib/python3.8/site-packages/airflow/example_dags/example_trigger_target_dag.py
[2025-05-07T19:42:30.197+0000] {logging_mixin.py:188} INFO - [2025-05-07T19:42:30.197+0000] {dag.py:3036} INFO - Sync 1 DAGs
[2025-05-07T19:42:30.209+0000] {logging_mixin.py:188} INFO - [2025-05-07T19:42:30.209+0000] {dag.py:3823} INFO - Setting next_dagrun for example_trigger_target_dag to None, run_after=None
[2025-05-07T19:42:30.229+0000] {processor.py:183} INFO - Processing /home/airflow/.local/lib/python3.8/site-packages/airflow/example_dags/example_trigger_target_dag.py took 0.064 seconds
[2025-05-07T19:43:00.952+0000] {processor.py:161} INFO - Started process (PID=1184) to work on /home/airflow/.local/lib/python3.8/site-packages/airflow/example_dags/example_trigger_target_dag.py
[2025-05-07T19:43:00.954+0000] {processor.py:830} INFO - Processing file /home/airflow/.local/lib/python3.8/site-packages/airflow/example_dags/example_trigger_target_dag.py for tasks to queue
[2025-05-07T19:43:00.961+0000] {logging_mixin.py:188} INFO - [2025-05-07T19:43:00.960+0000] {dagbag.py:538} INFO - Filling up the DagBag from /home/airflow/.local/lib/python3.8/site-packages/airflow/example_dags/example_trigger_target_dag.py
[2025-05-07T19:43:00.971+0000] {processor.py:840} INFO - DAG(s) 'example_trigger_target_dag' retrieved from /home/airflow/.local/lib/python3.8/site-packages/airflow/example_dags/example_trigger_target_dag.py
[2025-05-07T19:43:01.001+0000] {logging_mixin.py:188} INFO - [2025-05-07T19:43:01.001+0000] {dag.py:3036} INFO - Sync 1 DAGs
[2025-05-07T19:43:01.013+0000] {logging_mixin.py:188} INFO - [2025-05-07T19:43:01.013+0000] {dag.py:3823} INFO - Setting next_dagrun for example_trigger_target_dag to None, run_after=None
[2025-05-07T19:43:01.037+0000] {processor.py:183} INFO - Processing /home/airflow/.local/lib/python3.8/site-packages/airflow/example_dags/example_trigger_target_dag.py took 0.090 seconds
[2025-05-07T19:43:32.040+0000] {processor.py:161} INFO - Started process (PID=1241) to work on /home/airflow/.local/lib/python3.8/site-packages/airflow/example_dags/example_trigger_target_dag.py
[2025-05-07T19:43:32.042+0000] {processor.py:830} INFO - Processing file /home/airflow/.local/lib/python3.8/site-packages/airflow/example_dags/example_trigger_target_dag.py for tasks to queue
[2025-05-07T19:43:32.044+0000] {logging_mixin.py:188} INFO - [2025-05-07T19:43:32.043+0000] {dagbag.py:538} INFO - Filling up the DagBag from /home/airflow/.local/lib/python3.8/site-packages/airflow/example_dags/example_trigger_target_dag.py
[2025-05-07T19:43:32.050+0000] {processor.py:840} INFO - DAG(s) 'example_trigger_target_dag' retrieved from /home/airflow/.local/lib/python3.8/site-packages/airflow/example_dags/example_trigger_target_dag.py
[2025-05-07T19:43:32.068+0000] {logging_mixin.py:188} INFO - [2025-05-07T19:43:32.068+0000] {dag.py:3036} INFO - Sync 1 DAGs
[2025-05-07T19:43:32.080+0000] {logging_mixin.py:188} INFO - [2025-05-07T19:43:32.080+0000] {dag.py:3823} INFO - Setting next_dagrun for example_trigger_target_dag to None, run_after=None
[2025-05-07T19:43:32.102+0000] {processor.py:183} INFO - Processing /home/airflow/.local/lib/python3.8/site-packages/airflow/example_dags/example_trigger_target_dag.py took 0.065 seconds
[2025-05-07T19:44:02.375+0000] {processor.py:161} INFO - Started process (PID=1298) to work on /home/airflow/.local/lib/python3.8/site-packages/airflow/example_dags/example_trigger_target_dag.py
[2025-05-07T19:44:02.376+0000] {processor.py:830} INFO - Processing file /home/airflow/.local/lib/python3.8/site-packages/airflow/example_dags/example_trigger_target_dag.py for tasks to queue
[2025-05-07T19:44:02.378+0000] {logging_mixin.py:188} INFO - [2025-05-07T19:44:02.378+0000] {dagbag.py:538} INFO - Filling up the DagBag from /home/airflow/.local/lib/python3.8/site-packages/airflow/example_dags/example_trigger_target_dag.py
[2025-05-07T19:44:02.384+0000] {processor.py:840} INFO - DAG(s) 'example_trigger_target_dag' retrieved from /home/airflow/.local/lib/python3.8/site-packages/airflow/example_dags/example_trigger_target_dag.py
[2025-05-07T19:44:02.404+0000] {logging_mixin.py:188} INFO - [2025-05-07T19:44:02.404+0000] {dag.py:3036} INFO - Sync 1 DAGs
[2025-05-07T19:44:02.419+0000] {logging_mixin.py:188} INFO - [2025-05-07T19:44:02.419+0000] {dag.py:3823} INFO - Setting next_dagrun for example_trigger_target_dag to None, run_after=None
[2025-05-07T19:44:02.441+0000] {processor.py:183} INFO - Processing /home/airflow/.local/lib/python3.8/site-packages/airflow/example_dags/example_trigger_target_dag.py took 0.070 seconds
[2025-05-07T19:44:32.805+0000] {processor.py:161} INFO - Started process (PID=1355) to work on /home/airflow/.local/lib/python3.8/site-packages/airflow/example_dags/example_trigger_target_dag.py
[2025-05-07T19:44:32.815+0000] {processor.py:830} INFO - Processing file /home/airflow/.local/lib/python3.8/site-packages/airflow/example_dags/example_trigger_target_dag.py for tasks to queue
[2025-05-07T19:44:32.822+0000] {logging_mixin.py:188} INFO - [2025-05-07T19:44:32.821+0000] {dagbag.py:538} INFO - Filling up the DagBag from /home/airflow/.local/lib/python3.8/site-packages/airflow/example_dags/example_trigger_target_dag.py
[2025-05-07T19:44:32.831+0000] {processor.py:840} INFO - DAG(s) 'example_trigger_target_dag' retrieved from /home/airflow/.local/lib/python3.8/site-packages/airflow/example_dags/example_trigger_target_dag.py
[2025-05-07T19:44:32.856+0000] {logging_mixin.py:188} INFO - [2025-05-07T19:44:32.855+0000] {dag.py:3036} INFO - Sync 1 DAGs
[2025-05-07T19:44:32.871+0000] {logging_mixin.py:188} INFO - [2025-05-07T19:44:32.871+0000] {dag.py:3823} INFO - Setting next_dagrun for example_trigger_target_dag to None, run_after=None
[2025-05-07T19:44:32.896+0000] {processor.py:183} INFO - Processing /home/airflow/.local/lib/python3.8/site-packages/airflow/example_dags/example_trigger_target_dag.py took 0.096 seconds
[2025-05-07T19:45:03.359+0000] {processor.py:161} INFO - Started process (PID=1412) to work on /home/airflow/.local/lib/python3.8/site-packages/airflow/example_dags/example_trigger_target_dag.py
[2025-05-07T19:45:03.360+0000] {processor.py:830} INFO - Processing file /home/airflow/.local/lib/python3.8/site-packages/airflow/example_dags/example_trigger_target_dag.py for tasks to queue
[2025-05-07T19:45:03.363+0000] {logging_mixin.py:188} INFO - [2025-05-07T19:45:03.362+0000] {dagbag.py:538} INFO - Filling up the DagBag from /home/airflow/.local/lib/python3.8/site-packages/airflow/example_dags/example_trigger_target_dag.py
[2025-05-07T19:45:03.369+0000] {processor.py:840} INFO - DAG(s) 'example_trigger_target_dag' retrieved from /home/airflow/.local/lib/python3.8/site-packages/airflow/example_dags/example_trigger_target_dag.py
[2025-05-07T19:45:03.392+0000] {logging_mixin.py:188} INFO - [2025-05-07T19:45:03.392+0000] {dag.py:3036} INFO - Sync 1 DAGs
[2025-05-07T19:45:03.406+0000] {logging_mixin.py:188} INFO - [2025-05-07T19:45:03.406+0000] {dag.py:3823} INFO - Setting next_dagrun for example_trigger_target_dag to None, run_after=None
[2025-05-07T19:45:03.428+0000] {processor.py:183} INFO - Processing /home/airflow/.local/lib/python3.8/site-packages/airflow/example_dags/example_trigger_target_dag.py took 0.074 seconds
[2025-05-07T19:45:33.948+0000] {processor.py:161} INFO - Started process (PID=1469) to work on /home/airflow/.local/lib/python3.8/site-packages/airflow/example_dags/example_trigger_target_dag.py
[2025-05-07T19:45:33.950+0000] {processor.py:830} INFO - Processing file /home/airflow/.local/lib/python3.8/site-packages/airflow/example_dags/example_trigger_target_dag.py for tasks to queue
[2025-05-07T19:45:33.952+0000] {logging_mixin.py:188} INFO - [2025-05-07T19:45:33.952+0000] {dagbag.py:538} INFO - Filling up the DagBag from /home/airflow/.local/lib/python3.8/site-packages/airflow/example_dags/example_trigger_target_dag.py
[2025-05-07T19:45:33.958+0000] {processor.py:840} INFO - DAG(s) 'example_trigger_target_dag' retrieved from /home/airflow/.local/lib/python3.8/site-packages/airflow/example_dags/example_trigger_target_dag.py
[2025-05-07T19:45:33.978+0000] {logging_mixin.py:188} INFO - [2025-05-07T19:45:33.977+0000] {dag.py:3036} INFO - Sync 1 DAGs
[2025-05-07T19:45:33.989+0000] {logging_mixin.py:188} INFO - [2025-05-07T19:45:33.989+0000] {dag.py:3823} INFO - Setting next_dagrun for example_trigger_target_dag to None, run_after=None
[2025-05-07T19:45:34.010+0000] {processor.py:183} INFO - Processing /home/airflow/.local/lib/python3.8/site-packages/airflow/example_dags/example_trigger_target_dag.py took 0.065 seconds
[2025-05-07T19:46:04.573+0000] {processor.py:161} INFO - Started process (PID=1526) to work on /home/airflow/.local/lib/python3.8/site-packages/airflow/example_dags/example_trigger_target_dag.py
[2025-05-07T19:46:04.576+0000] {processor.py:830} INFO - Processing file /home/airflow/.local/lib/python3.8/site-packages/airflow/example_dags/example_trigger_target_dag.py for tasks to queue
[2025-05-07T19:46:04.579+0000] {logging_mixin.py:188} INFO - [2025-05-07T19:46:04.579+0000] {dagbag.py:538} INFO - Filling up the DagBag from /home/airflow/.local/lib/python3.8/site-packages/airflow/example_dags/example_trigger_target_dag.py
[2025-05-07T19:46:04.588+0000] {processor.py:840} INFO - DAG(s) 'example_trigger_target_dag' retrieved from /home/airflow/.local/lib/python3.8/site-packages/airflow/example_dags/example_trigger_target_dag.py
[2025-05-07T19:46:04.613+0000] {logging_mixin.py:188} INFO - [2025-05-07T19:46:04.613+0000] {dag.py:3036} INFO - Sync 1 DAGs
[2025-05-07T19:46:04.631+0000] {logging_mixin.py:188} INFO - [2025-05-07T19:46:04.631+0000] {dag.py:3823} INFO - Setting next_dagrun for example_trigger_target_dag to None, run_after=None
[2025-05-07T19:46:04.659+0000] {processor.py:183} INFO - Processing /home/airflow/.local/lib/python3.8/site-packages/airflow/example_dags/example_trigger_target_dag.py took 0.090 seconds
[2025-05-07T19:46:34.937+0000] {processor.py:161} INFO - Started process (PID=1583) to work on /home/airflow/.local/lib/python3.8/site-packages/airflow/example_dags/example_trigger_target_dag.py
[2025-05-07T19:46:34.939+0000] {processor.py:830} INFO - Processing file /home/airflow/.local/lib/python3.8/site-packages/airflow/example_dags/example_trigger_target_dag.py for tasks to queue
[2025-05-07T19:46:34.941+0000] {logging_mixin.py:188} INFO - [2025-05-07T19:46:34.940+0000] {dagbag.py:538} INFO - Filling up the DagBag from /home/airflow/.local/lib/python3.8/site-packages/airflow/example_dags/example_trigger_target_dag.py
[2025-05-07T19:46:34.948+0000] {processor.py:840} INFO - DAG(s) 'example_trigger_target_dag' retrieved from /home/airflow/.local/lib/python3.8/site-packages/airflow/example_dags/example_trigger_target_dag.py
[2025-05-07T19:46:34.969+0000] {logging_mixin.py:188} INFO - [2025-05-07T19:46:34.968+0000] {dag.py:3036} INFO - Sync 1 DAGs
[2025-05-07T19:46:34.981+0000] {logging_mixin.py:188} INFO - [2025-05-07T19:46:34.980+0000] {dag.py:3823} INFO - Setting next_dagrun for example_trigger_target_dag to None, run_after=None
[2025-05-07T19:46:35.002+0000] {processor.py:183} INFO - Processing /home/airflow/.local/lib/python3.8/site-packages/airflow/example_dags/example_trigger_target_dag.py took 0.068 seconds
[2025-05-07T19:47:05.943+0000] {processor.py:161} INFO - Started process (PID=1641) to work on /home/airflow/.local/lib/python3.8/site-packages/airflow/example_dags/example_trigger_target_dag.py
[2025-05-07T19:47:05.944+0000] {processor.py:830} INFO - Processing file /home/airflow/.local/lib/python3.8/site-packages/airflow/example_dags/example_trigger_target_dag.py for tasks to queue
[2025-05-07T19:47:05.947+0000] {logging_mixin.py:188} INFO - [2025-05-07T19:47:05.946+0000] {dagbag.py:538} INFO - Filling up the DagBag from /home/airflow/.local/lib/python3.8/site-packages/airflow/example_dags/example_trigger_target_dag.py
[2025-05-07T19:47:05.954+0000] {processor.py:840} INFO - DAG(s) 'example_trigger_target_dag' retrieved from /home/airflow/.local/lib/python3.8/site-packages/airflow/example_dags/example_trigger_target_dag.py
[2025-05-07T19:47:05.972+0000] {logging_mixin.py:188} INFO - [2025-05-07T19:47:05.972+0000] {dag.py:3036} INFO - Sync 1 DAGs
[2025-05-07T19:47:05.984+0000] {logging_mixin.py:188} INFO - [2025-05-07T19:47:05.984+0000] {dag.py:3823} INFO - Setting next_dagrun for example_trigger_target_dag to None, run_after=None
[2025-05-07T19:47:06.006+0000] {processor.py:183} INFO - Processing /home/airflow/.local/lib/python3.8/site-packages/airflow/example_dags/example_trigger_target_dag.py took 0.066 seconds
[2025-05-07T19:47:36.942+0000] {processor.py:161} INFO - Started process (PID=1698) to work on /home/airflow/.local/lib/python3.8/site-packages/airflow/example_dags/example_trigger_target_dag.py
[2025-05-07T19:47:36.944+0000] {processor.py:830} INFO - Processing file /home/airflow/.local/lib/python3.8/site-packages/airflow/example_dags/example_trigger_target_dag.py for tasks to queue
[2025-05-07T19:47:36.947+0000] {logging_mixin.py:188} INFO - [2025-05-07T19:47:36.947+0000] {dagbag.py:538} INFO - Filling up the DagBag from /home/airflow/.local/lib/python3.8/site-packages/airflow/example_dags/example_trigger_target_dag.py
[2025-05-07T19:47:36.959+0000] {processor.py:840} INFO - DAG(s) 'example_trigger_target_dag' retrieved from /home/airflow/.local/lib/python3.8/site-packages/airflow/example_dags/example_trigger_target_dag.py
[2025-05-07T19:47:36.985+0000] {logging_mixin.py:188} INFO - [2025-05-07T19:47:36.985+0000] {dag.py:3036} INFO - Sync 1 DAGs
[2025-05-07T19:47:36.997+0000] {logging_mixin.py:188} INFO - [2025-05-07T19:47:36.997+0000] {dag.py:3823} INFO - Setting next_dagrun for example_trigger_target_dag to None, run_after=None
[2025-05-07T19:47:37.021+0000] {processor.py:183} INFO - Processing /home/airflow/.local/lib/python3.8/site-packages/airflow/example_dags/example_trigger_target_dag.py took 0.085 seconds
[2025-05-07T19:48:07.074+0000] {processor.py:161} INFO - Started process (PID=1755) to work on /home/airflow/.local/lib/python3.8/site-packages/airflow/example_dags/example_trigger_target_dag.py
[2025-05-07T19:48:07.076+0000] {processor.py:830} INFO - Processing file /home/airflow/.local/lib/python3.8/site-packages/airflow/example_dags/example_trigger_target_dag.py for tasks to queue
[2025-05-07T19:48:07.078+0000] {logging_mixin.py:188} INFO - [2025-05-07T19:48:07.078+0000] {dagbag.py:538} INFO - Filling up the DagBag from /home/airflow/.local/lib/python3.8/site-packages/airflow/example_dags/example_trigger_target_dag.py
[2025-05-07T19:48:07.085+0000] {processor.py:840} INFO - DAG(s) 'example_trigger_target_dag' retrieved from /home/airflow/.local/lib/python3.8/site-packages/airflow/example_dags/example_trigger_target_dag.py
[2025-05-07T19:48:07.104+0000] {logging_mixin.py:188} INFO - [2025-05-07T19:48:07.104+0000] {dag.py:3036} INFO - Sync 1 DAGs
[2025-05-07T19:48:07.121+0000] {logging_mixin.py:188} INFO - [2025-05-07T19:48:07.121+0000] {dag.py:3823} INFO - Setting next_dagrun for example_trigger_target_dag to None, run_after=None
[2025-05-07T19:48:07.150+0000] {processor.py:183} INFO - Processing /home/airflow/.local/lib/python3.8/site-packages/airflow/example_dags/example_trigger_target_dag.py took 0.080 seconds
[2025-05-07T19:48:37.322+0000] {processor.py:161} INFO - Started process (PID=1812) to work on /home/airflow/.local/lib/python3.8/site-packages/airflow/example_dags/example_trigger_target_dag.py
[2025-05-07T19:48:37.324+0000] {processor.py:830} INFO - Processing file /home/airflow/.local/lib/python3.8/site-packages/airflow/example_dags/example_trigger_target_dag.py for tasks to queue
[2025-05-07T19:48:37.326+0000] {logging_mixin.py:188} INFO - [2025-05-07T19:48:37.325+0000] {dagbag.py:538} INFO - Filling up the DagBag from /home/airflow/.local/lib/python3.8/site-packages/airflow/example_dags/example_trigger_target_dag.py
[2025-05-07T19:48:37.332+0000] {processor.py:840} INFO - DAG(s) 'example_trigger_target_dag' retrieved from /home/airflow/.local/lib/python3.8/site-packages/airflow/example_dags/example_trigger_target_dag.py
[2025-05-07T19:48:37.351+0000] {logging_mixin.py:188} INFO - [2025-05-07T19:48:37.350+0000] {dag.py:3036} INFO - Sync 1 DAGs
[2025-05-07T19:48:37.363+0000] {logging_mixin.py:188} INFO - [2025-05-07T19:48:37.362+0000] {dag.py:3823} INFO - Setting next_dagrun for example_trigger_target_dag to None, run_after=None
[2025-05-07T19:48:37.380+0000] {processor.py:183} INFO - Processing /home/airflow/.local/lib/python3.8/site-packages/airflow/example_dags/example_trigger_target_dag.py took 0.061 seconds
[2025-05-07T19:49:08.224+0000] {processor.py:161} INFO - Started process (PID=1868) to work on /home/airflow/.local/lib/python3.8/site-packages/airflow/example_dags/example_trigger_target_dag.py
[2025-05-07T19:49:08.226+0000] {processor.py:830} INFO - Processing file /home/airflow/.local/lib/python3.8/site-packages/airflow/example_dags/example_trigger_target_dag.py for tasks to queue
[2025-05-07T19:49:08.230+0000] {logging_mixin.py:188} INFO - [2025-05-07T19:49:08.230+0000] {dagbag.py:538} INFO - Filling up the DagBag from /home/airflow/.local/lib/python3.8/site-packages/airflow/example_dags/example_trigger_target_dag.py
[2025-05-07T19:49:08.242+0000] {processor.py:840} INFO - DAG(s) 'example_trigger_target_dag' retrieved from /home/airflow/.local/lib/python3.8/site-packages/airflow/example_dags/example_trigger_target_dag.py
[2025-05-07T19:49:08.270+0000] {logging_mixin.py:188} INFO - [2025-05-07T19:49:08.270+0000] {dag.py:3036} INFO - Sync 1 DAGs
[2025-05-07T19:49:08.284+0000] {logging_mixin.py:188} INFO - [2025-05-07T19:49:08.284+0000] {dag.py:3823} INFO - Setting next_dagrun for example_trigger_target_dag to None, run_after=None
[2025-05-07T19:49:08.305+0000] {processor.py:183} INFO - Processing /home/airflow/.local/lib/python3.8/site-packages/airflow/example_dags/example_trigger_target_dag.py took 0.086 seconds
[2025-05-07T19:49:38.494+0000] {processor.py:161} INFO - Started process (PID=1925) to work on /home/airflow/.local/lib/python3.8/site-packages/airflow/example_dags/example_trigger_target_dag.py
[2025-05-07T19:49:38.496+0000] {processor.py:830} INFO - Processing file /home/airflow/.local/lib/python3.8/site-packages/airflow/example_dags/example_trigger_target_dag.py for tasks to queue
[2025-05-07T19:49:38.498+0000] {logging_mixin.py:188} INFO - [2025-05-07T19:49:38.497+0000] {dagbag.py:538} INFO - Filling up the DagBag from /home/airflow/.local/lib/python3.8/site-packages/airflow/example_dags/example_trigger_target_dag.py
[2025-05-07T19:49:38.505+0000] {processor.py:840} INFO - DAG(s) 'example_trigger_target_dag' retrieved from /home/airflow/.local/lib/python3.8/site-packages/airflow/example_dags/example_trigger_target_dag.py
[2025-05-07T19:49:38.524+0000] {logging_mixin.py:188} INFO - [2025-05-07T19:49:38.524+0000] {dag.py:3036} INFO - Sync 1 DAGs
[2025-05-07T19:49:38.537+0000] {logging_mixin.py:188} INFO - [2025-05-07T19:49:38.536+0000] {dag.py:3823} INFO - Setting next_dagrun for example_trigger_target_dag to None, run_after=None
[2025-05-07T19:49:38.556+0000] {processor.py:183} INFO - Processing /home/airflow/.local/lib/python3.8/site-packages/airflow/example_dags/example_trigger_target_dag.py took 0.065 seconds
[2025-05-07T19:50:09.287+0000] {processor.py:161} INFO - Started process (PID=1982) to work on /home/airflow/.local/lib/python3.8/site-packages/airflow/example_dags/example_trigger_target_dag.py
[2025-05-07T19:50:09.289+0000] {processor.py:830} INFO - Processing file /home/airflow/.local/lib/python3.8/site-packages/airflow/example_dags/example_trigger_target_dag.py for tasks to queue
[2025-05-07T19:50:09.291+0000] {logging_mixin.py:188} INFO - [2025-05-07T19:50:09.291+0000] {dagbag.py:538} INFO - Filling up the DagBag from /home/airflow/.local/lib/python3.8/site-packages/airflow/example_dags/example_trigger_target_dag.py
[2025-05-07T19:50:09.297+0000] {processor.py:840} INFO - DAG(s) 'example_trigger_target_dag' retrieved from /home/airflow/.local/lib/python3.8/site-packages/airflow/example_dags/example_trigger_target_dag.py
[2025-05-07T19:50:09.318+0000] {logging_mixin.py:188} INFO - [2025-05-07T19:50:09.318+0000] {dag.py:3036} INFO - Sync 1 DAGs
[2025-05-07T19:50:09.330+0000] {logging_mixin.py:188} INFO - [2025-05-07T19:50:09.330+0000] {dag.py:3823} INFO - Setting next_dagrun for example_trigger_target_dag to None, run_after=None
[2025-05-07T19:50:09.350+0000] {processor.py:183} INFO - Processing /home/airflow/.local/lib/python3.8/site-packages/airflow/example_dags/example_trigger_target_dag.py took 0.066 seconds
[2025-05-07T19:50:40.149+0000] {processor.py:161} INFO - Started process (PID=2039) to work on /home/airflow/.local/lib/python3.8/site-packages/airflow/example_dags/example_trigger_target_dag.py
[2025-05-07T19:50:40.151+0000] {processor.py:830} INFO - Processing file /home/airflow/.local/lib/python3.8/site-packages/airflow/example_dags/example_trigger_target_dag.py for tasks to queue
[2025-05-07T19:50:40.155+0000] {logging_mixin.py:188} INFO - [2025-05-07T19:50:40.154+0000] {dagbag.py:538} INFO - Filling up the DagBag from /home/airflow/.local/lib/python3.8/site-packages/airflow/example_dags/example_trigger_target_dag.py
[2025-05-07T19:50:40.165+0000] {processor.py:840} INFO - DAG(s) 'example_trigger_target_dag' retrieved from /home/airflow/.local/lib/python3.8/site-packages/airflow/example_dags/example_trigger_target_dag.py
[2025-05-07T19:50:40.188+0000] {logging_mixin.py:188} INFO - [2025-05-07T19:50:40.188+0000] {dag.py:3036} INFO - Sync 1 DAGs
[2025-05-07T19:50:40.200+0000] {logging_mixin.py:188} INFO - [2025-05-07T19:50:40.200+0000] {dag.py:3823} INFO - Setting next_dagrun for example_trigger_target_dag to None, run_after=None
[2025-05-07T19:50:40.223+0000] {processor.py:183} INFO - Processing /home/airflow/.local/lib/python3.8/site-packages/airflow/example_dags/example_trigger_target_dag.py took 0.079 seconds
[2025-05-07T19:51:10.286+0000] {processor.py:161} INFO - Started process (PID=2096) to work on /home/airflow/.local/lib/python3.8/site-packages/airflow/example_dags/example_trigger_target_dag.py
[2025-05-07T19:51:10.287+0000] {processor.py:830} INFO - Processing file /home/airflow/.local/lib/python3.8/site-packages/airflow/example_dags/example_trigger_target_dag.py for tasks to queue
[2025-05-07T19:51:10.289+0000] {logging_mixin.py:188} INFO - [2025-05-07T19:51:10.289+0000] {dagbag.py:538} INFO - Filling up the DagBag from /home/airflow/.local/lib/python3.8/site-packages/airflow/example_dags/example_trigger_target_dag.py
[2025-05-07T19:51:10.295+0000] {processor.py:840} INFO - DAG(s) 'example_trigger_target_dag' retrieved from /home/airflow/.local/lib/python3.8/site-packages/airflow/example_dags/example_trigger_target_dag.py
[2025-05-07T19:51:10.314+0000] {logging_mixin.py:188} INFO - [2025-05-07T19:51:10.313+0000] {dag.py:3036} INFO - Sync 1 DAGs
[2025-05-07T19:51:10.326+0000] {logging_mixin.py:188} INFO - [2025-05-07T19:51:10.326+0000] {dag.py:3823} INFO - Setting next_dagrun for example_trigger_target_dag to None, run_after=None
[2025-05-07T19:51:10.345+0000] {processor.py:183} INFO - Processing /home/airflow/.local/lib/python3.8/site-packages/airflow/example_dags/example_trigger_target_dag.py took 0.062 seconds
[2025-05-07T19:51:40.840+0000] {processor.py:161} INFO - Started process (PID=2153) to work on /home/airflow/.local/lib/python3.8/site-packages/airflow/example_dags/example_trigger_target_dag.py
[2025-05-07T19:51:40.842+0000] {processor.py:830} INFO - Processing file /home/airflow/.local/lib/python3.8/site-packages/airflow/example_dags/example_trigger_target_dag.py for tasks to queue
[2025-05-07T19:51:40.844+0000] {logging_mixin.py:188} INFO - [2025-05-07T19:51:40.844+0000] {dagbag.py:538} INFO - Filling up the DagBag from /home/airflow/.local/lib/python3.8/site-packages/airflow/example_dags/example_trigger_target_dag.py
[2025-05-07T19:51:40.851+0000] {processor.py:840} INFO - DAG(s) 'example_trigger_target_dag' retrieved from /home/airflow/.local/lib/python3.8/site-packages/airflow/example_dags/example_trigger_target_dag.py
[2025-05-07T19:51:40.872+0000] {logging_mixin.py:188} INFO - [2025-05-07T19:51:40.871+0000] {dag.py:3036} INFO - Sync 1 DAGs
[2025-05-07T19:51:40.884+0000] {logging_mixin.py:188} INFO - [2025-05-07T19:51:40.884+0000] {dag.py:3823} INFO - Setting next_dagrun for example_trigger_target_dag to None, run_after=None
[2025-05-07T19:51:40.908+0000] {processor.py:183} INFO - Processing /home/airflow/.local/lib/python3.8/site-packages/airflow/example_dags/example_trigger_target_dag.py took 0.070 seconds
[2025-05-07T19:52:12.287+0000] {processor.py:161} INFO - Started process (PID=2210) to work on /home/airflow/.local/lib/python3.8/site-packages/airflow/example_dags/example_trigger_target_dag.py
[2025-05-07T19:52:12.291+0000] {processor.py:830} INFO - Processing file /home/airflow/.local/lib/python3.8/site-packages/airflow/example_dags/example_trigger_target_dag.py for tasks to queue
[2025-05-07T19:52:12.294+0000] {logging_mixin.py:188} INFO - [2025-05-07T19:52:12.294+0000] {dagbag.py:538} INFO - Filling up the DagBag from /home/airflow/.local/lib/python3.8/site-packages/airflow/example_dags/example_trigger_target_dag.py
[2025-05-07T19:52:12.302+0000] {processor.py:840} INFO - DAG(s) 'example_trigger_target_dag' retrieved from /home/airflow/.local/lib/python3.8/site-packages/airflow/example_dags/example_trigger_target_dag.py
[2025-05-07T19:52:12.324+0000] {logging_mixin.py:188} INFO - [2025-05-07T19:52:12.323+0000] {dag.py:3036} INFO - Sync 1 DAGs
[2025-05-07T19:52:12.337+0000] {logging_mixin.py:188} INFO - [2025-05-07T19:52:12.337+0000] {dag.py:3823} INFO - Setting next_dagrun for example_trigger_target_dag to None, run_after=None
[2025-05-07T19:52:12.360+0000] {processor.py:183} INFO - Processing /home/airflow/.local/lib/python3.8/site-packages/airflow/example_dags/example_trigger_target_dag.py took 0.077 seconds
[2025-05-07T19:52:42.982+0000] {processor.py:161} INFO - Started process (PID=2267) to work on /home/airflow/.local/lib/python3.8/site-packages/airflow/example_dags/example_trigger_target_dag.py
[2025-05-07T19:52:42.985+0000] {processor.py:830} INFO - Processing file /home/airflow/.local/lib/python3.8/site-packages/airflow/example_dags/example_trigger_target_dag.py for tasks to queue
[2025-05-07T19:52:42.992+0000] {logging_mixin.py:188} INFO - [2025-05-07T19:52:42.991+0000] {dagbag.py:538} INFO - Filling up the DagBag from /home/airflow/.local/lib/python3.8/site-packages/airflow/example_dags/example_trigger_target_dag.py
[2025-05-07T19:52:43.005+0000] {processor.py:840} INFO - DAG(s) 'example_trigger_target_dag' retrieved from /home/airflow/.local/lib/python3.8/site-packages/airflow/example_dags/example_trigger_target_dag.py
[2025-05-07T19:52:43.034+0000] {logging_mixin.py:188} INFO - [2025-05-07T19:52:43.034+0000] {dag.py:3036} INFO - Sync 1 DAGs
[2025-05-07T19:52:43.049+0000] {logging_mixin.py:188} INFO - [2025-05-07T19:52:43.049+0000] {dag.py:3823} INFO - Setting next_dagrun for example_trigger_target_dag to None, run_after=None
[2025-05-07T19:52:43.077+0000] {processor.py:183} INFO - Processing /home/airflow/.local/lib/python3.8/site-packages/airflow/example_dags/example_trigger_target_dag.py took 0.100 seconds
[2025-05-07T19:53:14.169+0000] {processor.py:161} INFO - Started process (PID=2324) to work on /home/airflow/.local/lib/python3.8/site-packages/airflow/example_dags/example_trigger_target_dag.py
[2025-05-07T19:53:14.170+0000] {processor.py:830} INFO - Processing file /home/airflow/.local/lib/python3.8/site-packages/airflow/example_dags/example_trigger_target_dag.py for tasks to queue
[2025-05-07T19:53:14.172+0000] {logging_mixin.py:188} INFO - [2025-05-07T19:53:14.172+0000] {dagbag.py:538} INFO - Filling up the DagBag from /home/airflow/.local/lib/python3.8/site-packages/airflow/example_dags/example_trigger_target_dag.py
[2025-05-07T19:53:14.180+0000] {processor.py:840} INFO - DAG(s) 'example_trigger_target_dag' retrieved from /home/airflow/.local/lib/python3.8/site-packages/airflow/example_dags/example_trigger_target_dag.py
[2025-05-07T19:53:14.202+0000] {logging_mixin.py:188} INFO - [2025-05-07T19:53:14.202+0000] {dag.py:3036} INFO - Sync 1 DAGs
[2025-05-07T19:53:14.215+0000] {logging_mixin.py:188} INFO - [2025-05-07T19:53:14.215+0000] {dag.py:3823} INFO - Setting next_dagrun for example_trigger_target_dag to None, run_after=None
[2025-05-07T19:53:14.237+0000] {processor.py:183} INFO - Processing /home/airflow/.local/lib/python3.8/site-packages/airflow/example_dags/example_trigger_target_dag.py took 0.072 seconds
[2025-05-07T19:53:45.506+0000] {processor.py:161} INFO - Started process (PID=2381) to work on /home/airflow/.local/lib/python3.8/site-packages/airflow/example_dags/example_trigger_target_dag.py
[2025-05-07T19:53:45.509+0000] {processor.py:830} INFO - Processing file /home/airflow/.local/lib/python3.8/site-packages/airflow/example_dags/example_trigger_target_dag.py for tasks to queue
[2025-05-07T19:53:45.514+0000] {logging_mixin.py:188} INFO - [2025-05-07T19:53:45.513+0000] {dagbag.py:538} INFO - Filling up the DagBag from /home/airflow/.local/lib/python3.8/site-packages/airflow/example_dags/example_trigger_target_dag.py
[2025-05-07T19:53:45.527+0000] {processor.py:840} INFO - DAG(s) 'example_trigger_target_dag' retrieved from /home/airflow/.local/lib/python3.8/site-packages/airflow/example_dags/example_trigger_target_dag.py
[2025-05-07T19:53:45.568+0000] {logging_mixin.py:188} INFO - [2025-05-07T19:53:45.568+0000] {dag.py:3036} INFO - Sync 1 DAGs
[2025-05-07T19:53:45.585+0000] {logging_mixin.py:188} INFO - [2025-05-07T19:53:45.585+0000] {dag.py:3823} INFO - Setting next_dagrun for example_trigger_target_dag to None, run_after=None
[2025-05-07T19:53:45.607+0000] {processor.py:183} INFO - Processing /home/airflow/.local/lib/python3.8/site-packages/airflow/example_dags/example_trigger_target_dag.py took 0.109 seconds
[2025-05-07T19:54:16.494+0000] {processor.py:161} INFO - Started process (PID=2438) to work on /home/airflow/.local/lib/python3.8/site-packages/airflow/example_dags/example_trigger_target_dag.py
[2025-05-07T19:54:16.496+0000] {processor.py:830} INFO - Processing file /home/airflow/.local/lib/python3.8/site-packages/airflow/example_dags/example_trigger_target_dag.py for tasks to queue
[2025-05-07T19:54:16.498+0000] {logging_mixin.py:188} INFO - [2025-05-07T19:54:16.498+0000] {dagbag.py:538} INFO - Filling up the DagBag from /home/airflow/.local/lib/python3.8/site-packages/airflow/example_dags/example_trigger_target_dag.py
[2025-05-07T19:54:16.507+0000] {processor.py:840} INFO - DAG(s) 'example_trigger_target_dag' retrieved from /home/airflow/.local/lib/python3.8/site-packages/airflow/example_dags/example_trigger_target_dag.py
[2025-05-07T19:54:16.531+0000] {logging_mixin.py:188} INFO - [2025-05-07T19:54:16.531+0000] {dag.py:3036} INFO - Sync 1 DAGs
[2025-05-07T19:54:16.545+0000] {logging_mixin.py:188} INFO - [2025-05-07T19:54:16.545+0000] {dag.py:3823} INFO - Setting next_dagrun for example_trigger_target_dag to None, run_after=None
[2025-05-07T19:54:16.571+0000] {processor.py:183} INFO - Processing /home/airflow/.local/lib/python3.8/site-packages/airflow/example_dags/example_trigger_target_dag.py took 0.081 seconds
[2025-05-07T19:54:47.245+0000] {processor.py:161} INFO - Started process (PID=2495) to work on /home/airflow/.local/lib/python3.8/site-packages/airflow/example_dags/example_trigger_target_dag.py
[2025-05-07T19:54:47.246+0000] {processor.py:830} INFO - Processing file /home/airflow/.local/lib/python3.8/site-packages/airflow/example_dags/example_trigger_target_dag.py for tasks to queue
[2025-05-07T19:54:47.248+0000] {logging_mixin.py:188} INFO - [2025-05-07T19:54:47.248+0000] {dagbag.py:538} INFO - Filling up the DagBag from /home/airflow/.local/lib/python3.8/site-packages/airflow/example_dags/example_trigger_target_dag.py
[2025-05-07T19:54:47.254+0000] {processor.py:840} INFO - DAG(s) 'example_trigger_target_dag' retrieved from /home/airflow/.local/lib/python3.8/site-packages/airflow/example_dags/example_trigger_target_dag.py
[2025-05-07T19:54:47.275+0000] {logging_mixin.py:188} INFO - [2025-05-07T19:54:47.275+0000] {dag.py:3036} INFO - Sync 1 DAGs
[2025-05-07T19:54:47.289+0000] {logging_mixin.py:188} INFO - [2025-05-07T19:54:47.288+0000] {dag.py:3823} INFO - Setting next_dagrun for example_trigger_target_dag to None, run_after=None
[2025-05-07T19:54:47.314+0000] {processor.py:183} INFO - Processing /home/airflow/.local/lib/python3.8/site-packages/airflow/example_dags/example_trigger_target_dag.py took 0.072 seconds
[2025-05-07T19:55:17.447+0000] {processor.py:161} INFO - Started process (PID=2552) to work on /home/airflow/.local/lib/python3.8/site-packages/airflow/example_dags/example_trigger_target_dag.py
[2025-05-07T19:55:17.448+0000] {processor.py:830} INFO - Processing file /home/airflow/.local/lib/python3.8/site-packages/airflow/example_dags/example_trigger_target_dag.py for tasks to queue
[2025-05-07T19:55:17.451+0000] {logging_mixin.py:188} INFO - [2025-05-07T19:55:17.451+0000] {dagbag.py:538} INFO - Filling up the DagBag from /home/airflow/.local/lib/python3.8/site-packages/airflow/example_dags/example_trigger_target_dag.py
[2025-05-07T19:55:17.459+0000] {processor.py:840} INFO - DAG(s) 'example_trigger_target_dag' retrieved from /home/airflow/.local/lib/python3.8/site-packages/airflow/example_dags/example_trigger_target_dag.py
[2025-05-07T19:55:17.482+0000] {logging_mixin.py:188} INFO - [2025-05-07T19:55:17.482+0000] {dag.py:3036} INFO - Sync 1 DAGs
[2025-05-07T19:55:17.495+0000] {logging_mixin.py:188} INFO - [2025-05-07T19:55:17.495+0000] {dag.py:3823} INFO - Setting next_dagrun for example_trigger_target_dag to None, run_after=None
[2025-05-07T19:55:17.520+0000] {processor.py:183} INFO - Processing /home/airflow/.local/lib/python3.8/site-packages/airflow/example_dags/example_trigger_target_dag.py took 0.080 seconds
[2025-05-07T19:55:48.978+0000] {processor.py:161} INFO - Started process (PID=2609) to work on /home/airflow/.local/lib/python3.8/site-packages/airflow/example_dags/example_trigger_target_dag.py
[2025-05-07T19:55:48.980+0000] {processor.py:830} INFO - Processing file /home/airflow/.local/lib/python3.8/site-packages/airflow/example_dags/example_trigger_target_dag.py for tasks to queue
[2025-05-07T19:55:48.984+0000] {logging_mixin.py:188} INFO - [2025-05-07T19:55:48.984+0000] {dagbag.py:538} INFO - Filling up the DagBag from /home/airflow/.local/lib/python3.8/site-packages/airflow/example_dags/example_trigger_target_dag.py
[2025-05-07T19:55:48.992+0000] {processor.py:840} INFO - DAG(s) 'example_trigger_target_dag' retrieved from /home/airflow/.local/lib/python3.8/site-packages/airflow/example_dags/example_trigger_target_dag.py
[2025-05-07T19:55:49.013+0000] {logging_mixin.py:188} INFO - [2025-05-07T19:55:49.013+0000] {dag.py:3036} INFO - Sync 1 DAGs
[2025-05-07T19:55:49.026+0000] {logging_mixin.py:188} INFO - [2025-05-07T19:55:49.026+0000] {dag.py:3823} INFO - Setting next_dagrun for example_trigger_target_dag to None, run_after=None
[2025-05-07T19:55:49.060+0000] {processor.py:183} INFO - Processing /home/airflow/.local/lib/python3.8/site-packages/airflow/example_dags/example_trigger_target_dag.py took 0.089 seconds
[2025-05-07T19:56:19.912+0000] {processor.py:161} INFO - Started process (PID=2672) to work on /home/airflow/.local/lib/python3.8/site-packages/airflow/example_dags/example_trigger_target_dag.py
[2025-05-07T19:56:19.914+0000] {processor.py:830} INFO - Processing file /home/airflow/.local/lib/python3.8/site-packages/airflow/example_dags/example_trigger_target_dag.py for tasks to queue
[2025-05-07T19:56:19.917+0000] {logging_mixin.py:188} INFO - [2025-05-07T19:56:19.917+0000] {dagbag.py:538} INFO - Filling up the DagBag from /home/airflow/.local/lib/python3.8/site-packages/airflow/example_dags/example_trigger_target_dag.py
[2025-05-07T19:56:19.926+0000] {processor.py:840} INFO - DAG(s) 'example_trigger_target_dag' retrieved from /home/airflow/.local/lib/python3.8/site-packages/airflow/example_dags/example_trigger_target_dag.py
[2025-05-07T19:56:20.006+0000] {logging_mixin.py:188} INFO - [2025-05-07T19:56:20.006+0000] {dag.py:3036} INFO - Sync 1 DAGs
[2025-05-07T19:56:20.145+0000] {logging_mixin.py:188} INFO - [2025-05-07T19:56:20.145+0000] {dag.py:3823} INFO - Setting next_dagrun for example_trigger_target_dag to None, run_after=None
[2025-05-07T19:56:20.169+0000] {processor.py:183} INFO - Processing /home/airflow/.local/lib/python3.8/site-packages/airflow/example_dags/example_trigger_target_dag.py took 0.260 seconds
[2025-05-07T19:56:50.731+0000] {processor.py:161} INFO - Started process (PID=2729) to work on /home/airflow/.local/lib/python3.8/site-packages/airflow/example_dags/example_trigger_target_dag.py
[2025-05-07T19:56:50.734+0000] {processor.py:830} INFO - Processing file /home/airflow/.local/lib/python3.8/site-packages/airflow/example_dags/example_trigger_target_dag.py for tasks to queue
[2025-05-07T19:56:50.738+0000] {logging_mixin.py:188} INFO - [2025-05-07T19:56:50.738+0000] {dagbag.py:538} INFO - Filling up the DagBag from /home/airflow/.local/lib/python3.8/site-packages/airflow/example_dags/example_trigger_target_dag.py
[2025-05-07T19:56:50.749+0000] {processor.py:840} INFO - DAG(s) 'example_trigger_target_dag' retrieved from /home/airflow/.local/lib/python3.8/site-packages/airflow/example_dags/example_trigger_target_dag.py
[2025-05-07T19:56:50.782+0000] {logging_mixin.py:188} INFO - [2025-05-07T19:56:50.782+0000] {dag.py:3036} INFO - Sync 1 DAGs
[2025-05-07T19:56:50.807+0000] {logging_mixin.py:188} INFO - [2025-05-07T19:56:50.806+0000] {dag.py:3823} INFO - Setting next_dagrun for example_trigger_target_dag to None, run_after=None
[2025-05-07T19:56:50.842+0000] {processor.py:183} INFO - Processing /home/airflow/.local/lib/python3.8/site-packages/airflow/example_dags/example_trigger_target_dag.py took 0.118 seconds
[2025-05-07T19:57:21.675+0000] {processor.py:161} INFO - Started process (PID=2786) to work on /home/airflow/.local/lib/python3.8/site-packages/airflow/example_dags/example_trigger_target_dag.py
[2025-05-07T19:57:21.678+0000] {processor.py:830} INFO - Processing file /home/airflow/.local/lib/python3.8/site-packages/airflow/example_dags/example_trigger_target_dag.py for tasks to queue
[2025-05-07T19:57:21.683+0000] {logging_mixin.py:188} INFO - [2025-05-07T19:57:21.683+0000] {dagbag.py:538} INFO - Filling up the DagBag from /home/airflow/.local/lib/python3.8/site-packages/airflow/example_dags/example_trigger_target_dag.py
[2025-05-07T19:57:21.700+0000] {processor.py:840} INFO - DAG(s) 'example_trigger_target_dag' retrieved from /home/airflow/.local/lib/python3.8/site-packages/airflow/example_dags/example_trigger_target_dag.py
[2025-05-07T19:57:21.732+0000] {logging_mixin.py:188} INFO - [2025-05-07T19:57:21.732+0000] {dag.py:3036} INFO - Sync 1 DAGs
[2025-05-07T19:57:21.749+0000] {logging_mixin.py:188} INFO - [2025-05-07T19:57:21.749+0000] {dag.py:3823} INFO - Setting next_dagrun for example_trigger_target_dag to None, run_after=None
[2025-05-07T19:57:21.787+0000] {processor.py:183} INFO - Processing /home/airflow/.local/lib/python3.8/site-packages/airflow/example_dags/example_trigger_target_dag.py took 0.120 seconds
[2025-05-07T19:57:52.668+0000] {processor.py:161} INFO - Started process (PID=2843) to work on /home/airflow/.local/lib/python3.8/site-packages/airflow/example_dags/example_trigger_target_dag.py
[2025-05-07T19:57:52.671+0000] {processor.py:830} INFO - Processing file /home/airflow/.local/lib/python3.8/site-packages/airflow/example_dags/example_trigger_target_dag.py for tasks to queue
[2025-05-07T19:57:52.675+0000] {logging_mixin.py:188} INFO - [2025-05-07T19:57:52.675+0000] {dagbag.py:538} INFO - Filling up the DagBag from /home/airflow/.local/lib/python3.8/site-packages/airflow/example_dags/example_trigger_target_dag.py
[2025-05-07T19:57:52.686+0000] {processor.py:840} INFO - DAG(s) 'example_trigger_target_dag' retrieved from /home/airflow/.local/lib/python3.8/site-packages/airflow/example_dags/example_trigger_target_dag.py
[2025-05-07T19:57:52.710+0000] {logging_mixin.py:188} INFO - [2025-05-07T19:57:52.710+0000] {dag.py:3036} INFO - Sync 1 DAGs
[2025-05-07T19:57:52.723+0000] {logging_mixin.py:188} INFO - [2025-05-07T19:57:52.722+0000] {dag.py:3823} INFO - Setting next_dagrun for example_trigger_target_dag to None, run_after=None
[2025-05-07T19:57:52.746+0000] {processor.py:183} INFO - Processing /home/airflow/.local/lib/python3.8/site-packages/airflow/example_dags/example_trigger_target_dag.py took 0.084 seconds
[2025-05-07T19:58:23.665+0000] {processor.py:161} INFO - Started process (PID=2900) to work on /home/airflow/.local/lib/python3.8/site-packages/airflow/example_dags/example_trigger_target_dag.py
[2025-05-07T19:58:23.668+0000] {processor.py:830} INFO - Processing file /home/airflow/.local/lib/python3.8/site-packages/airflow/example_dags/example_trigger_target_dag.py for tasks to queue
[2025-05-07T19:58:23.674+0000] {logging_mixin.py:188} INFO - [2025-05-07T19:58:23.673+0000] {dagbag.py:538} INFO - Filling up the DagBag from /home/airflow/.local/lib/python3.8/site-packages/airflow/example_dags/example_trigger_target_dag.py
[2025-05-07T19:58:23.680+0000] {processor.py:840} INFO - DAG(s) 'example_trigger_target_dag' retrieved from /home/airflow/.local/lib/python3.8/site-packages/airflow/example_dags/example_trigger_target_dag.py
[2025-05-07T19:58:23.708+0000] {logging_mixin.py:188} INFO - [2025-05-07T19:58:23.708+0000] {dag.py:3036} INFO - Sync 1 DAGs
[2025-05-07T19:58:23.721+0000] {logging_mixin.py:188} INFO - [2025-05-07T19:58:23.721+0000] {dag.py:3823} INFO - Setting next_dagrun for example_trigger_target_dag to None, run_after=None
[2025-05-07T19:58:23.749+0000] {processor.py:183} INFO - Processing /home/airflow/.local/lib/python3.8/site-packages/airflow/example_dags/example_trigger_target_dag.py took 0.092 seconds
[2025-05-07T19:58:54.637+0000] {processor.py:161} INFO - Started process (PID=2957) to work on /home/airflow/.local/lib/python3.8/site-packages/airflow/example_dags/example_trigger_target_dag.py
[2025-05-07T19:58:54.639+0000] {processor.py:830} INFO - Processing file /home/airflow/.local/lib/python3.8/site-packages/airflow/example_dags/example_trigger_target_dag.py for tasks to queue
[2025-05-07T19:58:54.641+0000] {logging_mixin.py:188} INFO - [2025-05-07T19:58:54.641+0000] {dagbag.py:538} INFO - Filling up the DagBag from /home/airflow/.local/lib/python3.8/site-packages/airflow/example_dags/example_trigger_target_dag.py
[2025-05-07T19:58:54.647+0000] {processor.py:840} INFO - DAG(s) 'example_trigger_target_dag' retrieved from /home/airflow/.local/lib/python3.8/site-packages/airflow/example_dags/example_trigger_target_dag.py
[2025-05-07T19:58:54.671+0000] {logging_mixin.py:188} INFO - [2025-05-07T19:58:54.670+0000] {dag.py:3036} INFO - Sync 1 DAGs
[2025-05-07T19:58:54.685+0000] {logging_mixin.py:188} INFO - [2025-05-07T19:58:54.684+0000] {dag.py:3823} INFO - Setting next_dagrun for example_trigger_target_dag to None, run_after=None
[2025-05-07T19:58:54.708+0000] {processor.py:183} INFO - Processing /home/airflow/.local/lib/python3.8/site-packages/airflow/example_dags/example_trigger_target_dag.py took 0.074 seconds
[2025-05-07T19:59:24.858+0000] {processor.py:161} INFO - Started process (PID=3014) to work on /home/airflow/.local/lib/python3.8/site-packages/airflow/example_dags/example_trigger_target_dag.py
[2025-05-07T19:59:24.861+0000] {processor.py:830} INFO - Processing file /home/airflow/.local/lib/python3.8/site-packages/airflow/example_dags/example_trigger_target_dag.py for tasks to queue
[2025-05-07T19:59:24.865+0000] {logging_mixin.py:188} INFO - [2025-05-07T19:59:24.865+0000] {dagbag.py:538} INFO - Filling up the DagBag from /home/airflow/.local/lib/python3.8/site-packages/airflow/example_dags/example_trigger_target_dag.py
[2025-05-07T19:59:24.876+0000] {processor.py:840} INFO - DAG(s) 'example_trigger_target_dag' retrieved from /home/airflow/.local/lib/python3.8/site-packages/airflow/example_dags/example_trigger_target_dag.py
[2025-05-07T19:59:24.906+0000] {logging_mixin.py:188} INFO - [2025-05-07T19:59:24.906+0000] {dag.py:3036} INFO - Sync 1 DAGs
[2025-05-07T19:59:24.923+0000] {logging_mixin.py:188} INFO - [2025-05-07T19:59:24.923+0000] {dag.py:3823} INFO - Setting next_dagrun for example_trigger_target_dag to None, run_after=None
[2025-05-07T19:59:24.947+0000] {processor.py:183} INFO - Processing /home/airflow/.local/lib/python3.8/site-packages/airflow/example_dags/example_trigger_target_dag.py took 0.095 seconds
[2025-05-07T19:59:55.615+0000] {processor.py:161} INFO - Started process (PID=3071) to work on /home/airflow/.local/lib/python3.8/site-packages/airflow/example_dags/example_trigger_target_dag.py
[2025-05-07T19:59:55.617+0000] {processor.py:830} INFO - Processing file /home/airflow/.local/lib/python3.8/site-packages/airflow/example_dags/example_trigger_target_dag.py for tasks to queue
[2025-05-07T19:59:55.618+0000] {logging_mixin.py:188} INFO - [2025-05-07T19:59:55.618+0000] {dagbag.py:538} INFO - Filling up the DagBag from /home/airflow/.local/lib/python3.8/site-packages/airflow/example_dags/example_trigger_target_dag.py
[2025-05-07T19:59:55.624+0000] {processor.py:840} INFO - DAG(s) 'example_trigger_target_dag' retrieved from /home/airflow/.local/lib/python3.8/site-packages/airflow/example_dags/example_trigger_target_dag.py
[2025-05-07T19:59:55.644+0000] {logging_mixin.py:188} INFO - [2025-05-07T19:59:55.644+0000] {dag.py:3036} INFO - Sync 1 DAGs
[2025-05-07T19:59:55.657+0000] {logging_mixin.py:188} INFO - [2025-05-07T19:59:55.656+0000] {dag.py:3823} INFO - Setting next_dagrun for example_trigger_target_dag to None, run_after=None
[2025-05-07T19:59:55.677+0000] {processor.py:183} INFO - Processing /home/airflow/.local/lib/python3.8/site-packages/airflow/example_dags/example_trigger_target_dag.py took 0.065 seconds
[2025-05-07T20:00:26.104+0000] {processor.py:161} INFO - Started process (PID=3128) to work on /home/airflow/.local/lib/python3.8/site-packages/airflow/example_dags/example_trigger_target_dag.py
[2025-05-07T20:00:26.106+0000] {processor.py:830} INFO - Processing file /home/airflow/.local/lib/python3.8/site-packages/airflow/example_dags/example_trigger_target_dag.py for tasks to queue
[2025-05-07T20:00:26.108+0000] {logging_mixin.py:188} INFO - [2025-05-07T20:00:26.108+0000] {dagbag.py:538} INFO - Filling up the DagBag from /home/airflow/.local/lib/python3.8/site-packages/airflow/example_dags/example_trigger_target_dag.py
[2025-05-07T20:00:26.114+0000] {processor.py:840} INFO - DAG(s) 'example_trigger_target_dag' retrieved from /home/airflow/.local/lib/python3.8/site-packages/airflow/example_dags/example_trigger_target_dag.py
[2025-05-07T20:00:26.137+0000] {logging_mixin.py:188} INFO - [2025-05-07T20:00:26.136+0000] {dag.py:3036} INFO - Sync 1 DAGs
[2025-05-07T20:00:26.150+0000] {logging_mixin.py:188} INFO - [2025-05-07T20:00:26.150+0000] {dag.py:3823} INFO - Setting next_dagrun for example_trigger_target_dag to None, run_after=None
[2025-05-07T20:00:26.175+0000] {processor.py:183} INFO - Processing /home/airflow/.local/lib/python3.8/site-packages/airflow/example_dags/example_trigger_target_dag.py took 0.074 seconds
[2025-05-07T20:00:56.705+0000] {processor.py:161} INFO - Started process (PID=3185) to work on /home/airflow/.local/lib/python3.8/site-packages/airflow/example_dags/example_trigger_target_dag.py
[2025-05-07T20:00:56.707+0000] {processor.py:830} INFO - Processing file /home/airflow/.local/lib/python3.8/site-packages/airflow/example_dags/example_trigger_target_dag.py for tasks to queue
[2025-05-07T20:00:56.709+0000] {logging_mixin.py:188} INFO - [2025-05-07T20:00:56.709+0000] {dagbag.py:538} INFO - Filling up the DagBag from /home/airflow/.local/lib/python3.8/site-packages/airflow/example_dags/example_trigger_target_dag.py
[2025-05-07T20:00:56.717+0000] {processor.py:840} INFO - DAG(s) 'example_trigger_target_dag' retrieved from /home/airflow/.local/lib/python3.8/site-packages/airflow/example_dags/example_trigger_target_dag.py
[2025-05-07T20:00:56.743+0000] {logging_mixin.py:188} INFO - [2025-05-07T20:00:56.743+0000] {dag.py:3036} INFO - Sync 1 DAGs
[2025-05-07T20:00:56.759+0000] {logging_mixin.py:188} INFO - [2025-05-07T20:00:56.759+0000] {dag.py:3823} INFO - Setting next_dagrun for example_trigger_target_dag to None, run_after=None
[2025-05-07T20:00:56.786+0000] {processor.py:183} INFO - Processing /home/airflow/.local/lib/python3.8/site-packages/airflow/example_dags/example_trigger_target_dag.py took 0.084 seconds
[2025-05-07T20:01:27.103+0000] {processor.py:161} INFO - Started process (PID=3242) to work on /home/airflow/.local/lib/python3.8/site-packages/airflow/example_dags/example_trigger_target_dag.py
[2025-05-07T20:01:27.105+0000] {processor.py:830} INFO - Processing file /home/airflow/.local/lib/python3.8/site-packages/airflow/example_dags/example_trigger_target_dag.py for tasks to queue
[2025-05-07T20:01:27.108+0000] {logging_mixin.py:188} INFO - [2025-05-07T20:01:27.108+0000] {dagbag.py:538} INFO - Filling up the DagBag from /home/airflow/.local/lib/python3.8/site-packages/airflow/example_dags/example_trigger_target_dag.py
[2025-05-07T20:01:27.114+0000] {processor.py:840} INFO - DAG(s) 'example_trigger_target_dag' retrieved from /home/airflow/.local/lib/python3.8/site-packages/airflow/example_dags/example_trigger_target_dag.py
[2025-05-07T20:01:27.135+0000] {logging_mixin.py:188} INFO - [2025-05-07T20:01:27.135+0000] {dag.py:3036} INFO - Sync 1 DAGs
[2025-05-07T20:01:27.148+0000] {logging_mixin.py:188} INFO - [2025-05-07T20:01:27.147+0000] {dag.py:3823} INFO - Setting next_dagrun for example_trigger_target_dag to None, run_after=None
[2025-05-07T20:01:27.167+0000] {processor.py:183} INFO - Processing /home/airflow/.local/lib/python3.8/site-packages/airflow/example_dags/example_trigger_target_dag.py took 0.067 seconds
[2025-05-07T20:01:57.684+0000] {processor.py:161} INFO - Started process (PID=3299) to work on /home/airflow/.local/lib/python3.8/site-packages/airflow/example_dags/example_trigger_target_dag.py
[2025-05-07T20:01:57.686+0000] {processor.py:830} INFO - Processing file /home/airflow/.local/lib/python3.8/site-packages/airflow/example_dags/example_trigger_target_dag.py for tasks to queue
[2025-05-07T20:01:57.689+0000] {logging_mixin.py:188} INFO - [2025-05-07T20:01:57.688+0000] {dagbag.py:538} INFO - Filling up the DagBag from /home/airflow/.local/lib/python3.8/site-packages/airflow/example_dags/example_trigger_target_dag.py
[2025-05-07T20:01:57.695+0000] {processor.py:840} INFO - DAG(s) 'example_trigger_target_dag' retrieved from /home/airflow/.local/lib/python3.8/site-packages/airflow/example_dags/example_trigger_target_dag.py
[2025-05-07T20:01:57.718+0000] {logging_mixin.py:188} INFO - [2025-05-07T20:01:57.718+0000] {dag.py:3036} INFO - Sync 1 DAGs
[2025-05-07T20:01:57.731+0000] {logging_mixin.py:188} INFO - [2025-05-07T20:01:57.731+0000] {dag.py:3823} INFO - Setting next_dagrun for example_trigger_target_dag to None, run_after=None
[2025-05-07T20:01:57.755+0000] {processor.py:183} INFO - Processing /home/airflow/.local/lib/python3.8/site-packages/airflow/example_dags/example_trigger_target_dag.py took 0.075 seconds
[2025-05-07T20:02:27.946+0000] {processor.py:161} INFO - Started process (PID=3356) to work on /home/airflow/.local/lib/python3.8/site-packages/airflow/example_dags/example_trigger_target_dag.py
[2025-05-07T20:02:27.948+0000] {processor.py:830} INFO - Processing file /home/airflow/.local/lib/python3.8/site-packages/airflow/example_dags/example_trigger_target_dag.py for tasks to queue
[2025-05-07T20:02:27.950+0000] {logging_mixin.py:188} INFO - [2025-05-07T20:02:27.949+0000] {dagbag.py:538} INFO - Filling up the DagBag from /home/airflow/.local/lib/python3.8/site-packages/airflow/example_dags/example_trigger_target_dag.py
[2025-05-07T20:02:27.955+0000] {processor.py:840} INFO - DAG(s) 'example_trigger_target_dag' retrieved from /home/airflow/.local/lib/python3.8/site-packages/airflow/example_dags/example_trigger_target_dag.py
[2025-05-07T20:02:27.977+0000] {logging_mixin.py:188} INFO - [2025-05-07T20:02:27.976+0000] {dag.py:3036} INFO - Sync 1 DAGs
[2025-05-07T20:02:27.989+0000] {logging_mixin.py:188} INFO - [2025-05-07T20:02:27.989+0000] {dag.py:3823} INFO - Setting next_dagrun for example_trigger_target_dag to None, run_after=None
[2025-05-07T20:02:28.012+0000] {processor.py:183} INFO - Processing /home/airflow/.local/lib/python3.8/site-packages/airflow/example_dags/example_trigger_target_dag.py took 0.069 seconds
[2025-05-07T20:02:58.186+0000] {processor.py:161} INFO - Started process (PID=3414) to work on /home/airflow/.local/lib/python3.8/site-packages/airflow/example_dags/example_trigger_target_dag.py
[2025-05-07T20:02:58.190+0000] {processor.py:830} INFO - Processing file /home/airflow/.local/lib/python3.8/site-packages/airflow/example_dags/example_trigger_target_dag.py for tasks to queue
[2025-05-07T20:02:58.195+0000] {logging_mixin.py:188} INFO - [2025-05-07T20:02:58.195+0000] {dagbag.py:538} INFO - Filling up the DagBag from /home/airflow/.local/lib/python3.8/site-packages/airflow/example_dags/example_trigger_target_dag.py
[2025-05-07T20:02:58.210+0000] {processor.py:840} INFO - DAG(s) 'example_trigger_target_dag' retrieved from /home/airflow/.local/lib/python3.8/site-packages/airflow/example_dags/example_trigger_target_dag.py
[2025-05-07T20:02:58.241+0000] {logging_mixin.py:188} INFO - [2025-05-07T20:02:58.241+0000] {dag.py:3036} INFO - Sync 1 DAGs
[2025-05-07T20:02:58.267+0000] {logging_mixin.py:188} INFO - [2025-05-07T20:02:58.266+0000] {dag.py:3823} INFO - Setting next_dagrun for example_trigger_target_dag to None, run_after=None
[2025-05-07T20:02:58.307+0000] {processor.py:183} INFO - Processing /home/airflow/.local/lib/python3.8/site-packages/airflow/example_dags/example_trigger_target_dag.py took 0.127 seconds
[2025-05-07T20:03:28.664+0000] {processor.py:161} INFO - Started process (PID=3471) to work on /home/airflow/.local/lib/python3.8/site-packages/airflow/example_dags/example_trigger_target_dag.py
[2025-05-07T20:03:28.667+0000] {processor.py:830} INFO - Processing file /home/airflow/.local/lib/python3.8/site-packages/airflow/example_dags/example_trigger_target_dag.py for tasks to queue
[2025-05-07T20:03:28.673+0000] {logging_mixin.py:188} INFO - [2025-05-07T20:03:28.672+0000] {dagbag.py:538} INFO - Filling up the DagBag from /home/airflow/.local/lib/python3.8/site-packages/airflow/example_dags/example_trigger_target_dag.py
[2025-05-07T20:03:28.681+0000] {processor.py:840} INFO - DAG(s) 'example_trigger_target_dag' retrieved from /home/airflow/.local/lib/python3.8/site-packages/airflow/example_dags/example_trigger_target_dag.py
[2025-05-07T20:03:28.704+0000] {logging_mixin.py:188} INFO - [2025-05-07T20:03:28.704+0000] {dag.py:3036} INFO - Sync 1 DAGs
[2025-05-07T20:03:28.718+0000] {logging_mixin.py:188} INFO - [2025-05-07T20:03:28.718+0000] {dag.py:3823} INFO - Setting next_dagrun for example_trigger_target_dag to None, run_after=None
[2025-05-07T20:03:28.741+0000] {processor.py:183} INFO - Processing /home/airflow/.local/lib/python3.8/site-packages/airflow/example_dags/example_trigger_target_dag.py took 0.085 seconds
[2025-05-07T20:03:59.437+0000] {processor.py:161} INFO - Started process (PID=3528) to work on /home/airflow/.local/lib/python3.8/site-packages/airflow/example_dags/example_trigger_target_dag.py
[2025-05-07T20:03:59.439+0000] {processor.py:830} INFO - Processing file /home/airflow/.local/lib/python3.8/site-packages/airflow/example_dags/example_trigger_target_dag.py for tasks to queue
[2025-05-07T20:03:59.442+0000] {logging_mixin.py:188} INFO - [2025-05-07T20:03:59.442+0000] {dagbag.py:538} INFO - Filling up the DagBag from /home/airflow/.local/lib/python3.8/site-packages/airflow/example_dags/example_trigger_target_dag.py
[2025-05-07T20:03:59.451+0000] {processor.py:840} INFO - DAG(s) 'example_trigger_target_dag' retrieved from /home/airflow/.local/lib/python3.8/site-packages/airflow/example_dags/example_trigger_target_dag.py
[2025-05-07T20:03:59.471+0000] {logging_mixin.py:188} INFO - [2025-05-07T20:03:59.471+0000] {dag.py:3036} INFO - Sync 1 DAGs
[2025-05-07T20:03:59.483+0000] {logging_mixin.py:188} INFO - [2025-05-07T20:03:59.483+0000] {dag.py:3823} INFO - Setting next_dagrun for example_trigger_target_dag to None, run_after=None
[2025-05-07T20:03:59.505+0000] {processor.py:183} INFO - Processing /home/airflow/.local/lib/python3.8/site-packages/airflow/example_dags/example_trigger_target_dag.py took 0.074 seconds
[2025-05-07T20:04:29.675+0000] {processor.py:161} INFO - Started process (PID=3585) to work on /home/airflow/.local/lib/python3.8/site-packages/airflow/example_dags/example_trigger_target_dag.py
[2025-05-07T20:04:29.676+0000] {processor.py:830} INFO - Processing file /home/airflow/.local/lib/python3.8/site-packages/airflow/example_dags/example_trigger_target_dag.py for tasks to queue
[2025-05-07T20:04:29.679+0000] {logging_mixin.py:188} INFO - [2025-05-07T20:04:29.679+0000] {dagbag.py:538} INFO - Filling up the DagBag from /home/airflow/.local/lib/python3.8/site-packages/airflow/example_dags/example_trigger_target_dag.py
[2025-05-07T20:04:29.690+0000] {processor.py:840} INFO - DAG(s) 'example_trigger_target_dag' retrieved from /home/airflow/.local/lib/python3.8/site-packages/airflow/example_dags/example_trigger_target_dag.py
[2025-05-07T20:04:29.711+0000] {logging_mixin.py:188} INFO - [2025-05-07T20:04:29.711+0000] {dag.py:3036} INFO - Sync 1 DAGs
[2025-05-07T20:04:29.724+0000] {logging_mixin.py:188} INFO - [2025-05-07T20:04:29.723+0000] {dag.py:3823} INFO - Setting next_dagrun for example_trigger_target_dag to None, run_after=None
[2025-05-07T20:04:29.743+0000] {processor.py:183} INFO - Processing /home/airflow/.local/lib/python3.8/site-packages/airflow/example_dags/example_trigger_target_dag.py took 0.072 seconds
[2025-05-07T20:04:59.886+0000] {processor.py:161} INFO - Started process (PID=3642) to work on /home/airflow/.local/lib/python3.8/site-packages/airflow/example_dags/example_trigger_target_dag.py
[2025-05-07T20:04:59.887+0000] {processor.py:830} INFO - Processing file /home/airflow/.local/lib/python3.8/site-packages/airflow/example_dags/example_trigger_target_dag.py for tasks to queue
[2025-05-07T20:04:59.890+0000] {logging_mixin.py:188} INFO - [2025-05-07T20:04:59.889+0000] {dagbag.py:538} INFO - Filling up the DagBag from /home/airflow/.local/lib/python3.8/site-packages/airflow/example_dags/example_trigger_target_dag.py
[2025-05-07T20:04:59.895+0000] {processor.py:840} INFO - DAG(s) 'example_trigger_target_dag' retrieved from /home/airflow/.local/lib/python3.8/site-packages/airflow/example_dags/example_trigger_target_dag.py
[2025-05-07T20:04:59.915+0000] {logging_mixin.py:188} INFO - [2025-05-07T20:04:59.915+0000] {dag.py:3036} INFO - Sync 1 DAGs
[2025-05-07T20:04:59.929+0000] {logging_mixin.py:188} INFO - [2025-05-07T20:04:59.929+0000] {dag.py:3823} INFO - Setting next_dagrun for example_trigger_target_dag to None, run_after=None
[2025-05-07T20:04:59.952+0000] {processor.py:183} INFO - Processing /home/airflow/.local/lib/python3.8/site-packages/airflow/example_dags/example_trigger_target_dag.py took 0.069 seconds
[2025-05-07T20:05:30.447+0000] {processor.py:161} INFO - Started process (PID=3699) to work on /home/airflow/.local/lib/python3.8/site-packages/airflow/example_dags/example_trigger_target_dag.py
[2025-05-07T20:05:30.456+0000] {processor.py:830} INFO - Processing file /home/airflow/.local/lib/python3.8/site-packages/airflow/example_dags/example_trigger_target_dag.py for tasks to queue
[2025-05-07T20:05:30.462+0000] {logging_mixin.py:188} INFO - [2025-05-07T20:05:30.462+0000] {dagbag.py:538} INFO - Filling up the DagBag from /home/airflow/.local/lib/python3.8/site-packages/airflow/example_dags/example_trigger_target_dag.py
[2025-05-07T20:05:30.483+0000] {processor.py:840} INFO - DAG(s) 'example_trigger_target_dag' retrieved from /home/airflow/.local/lib/python3.8/site-packages/airflow/example_dags/example_trigger_target_dag.py
[2025-05-07T20:05:30.509+0000] {logging_mixin.py:188} INFO - [2025-05-07T20:05:30.508+0000] {dag.py:3036} INFO - Sync 1 DAGs
[2025-05-07T20:05:30.529+0000] {logging_mixin.py:188} INFO - [2025-05-07T20:05:30.529+0000] {dag.py:3823} INFO - Setting next_dagrun for example_trigger_target_dag to None, run_after=None
[2025-05-07T20:05:30.550+0000] {processor.py:183} INFO - Processing /home/airflow/.local/lib/python3.8/site-packages/airflow/example_dags/example_trigger_target_dag.py took 0.111 seconds
[2025-05-07T20:06:01.163+0000] {processor.py:161} INFO - Started process (PID=3756) to work on /home/airflow/.local/lib/python3.8/site-packages/airflow/example_dags/example_trigger_target_dag.py
[2025-05-07T20:06:01.165+0000] {processor.py:830} INFO - Processing file /home/airflow/.local/lib/python3.8/site-packages/airflow/example_dags/example_trigger_target_dag.py for tasks to queue
[2025-05-07T20:06:01.167+0000] {logging_mixin.py:188} INFO - [2025-05-07T20:06:01.167+0000] {dagbag.py:538} INFO - Filling up the DagBag from /home/airflow/.local/lib/python3.8/site-packages/airflow/example_dags/example_trigger_target_dag.py
[2025-05-07T20:06:01.173+0000] {processor.py:840} INFO - DAG(s) 'example_trigger_target_dag' retrieved from /home/airflow/.local/lib/python3.8/site-packages/airflow/example_dags/example_trigger_target_dag.py
[2025-05-07T20:06:01.193+0000] {logging_mixin.py:188} INFO - [2025-05-07T20:06:01.193+0000] {dag.py:3036} INFO - Sync 1 DAGs
[2025-05-07T20:06:01.205+0000] {logging_mixin.py:188} INFO - [2025-05-07T20:06:01.205+0000] {dag.py:3823} INFO - Setting next_dagrun for example_trigger_target_dag to None, run_after=None
[2025-05-07T20:06:01.226+0000] {processor.py:183} INFO - Processing /home/airflow/.local/lib/python3.8/site-packages/airflow/example_dags/example_trigger_target_dag.py took 0.066 seconds
[2025-05-07T20:06:31.477+0000] {processor.py:161} INFO - Started process (PID=3813) to work on /home/airflow/.local/lib/python3.8/site-packages/airflow/example_dags/example_trigger_target_dag.py
[2025-05-07T20:06:31.479+0000] {processor.py:830} INFO - Processing file /home/airflow/.local/lib/python3.8/site-packages/airflow/example_dags/example_trigger_target_dag.py for tasks to queue
[2025-05-07T20:06:31.482+0000] {logging_mixin.py:188} INFO - [2025-05-07T20:06:31.481+0000] {dagbag.py:538} INFO - Filling up the DagBag from /home/airflow/.local/lib/python3.8/site-packages/airflow/example_dags/example_trigger_target_dag.py
[2025-05-07T20:06:31.489+0000] {processor.py:840} INFO - DAG(s) 'example_trigger_target_dag' retrieved from /home/airflow/.local/lib/python3.8/site-packages/airflow/example_dags/example_trigger_target_dag.py
[2025-05-07T20:06:31.511+0000] {logging_mixin.py:188} INFO - [2025-05-07T20:06:31.511+0000] {dag.py:3036} INFO - Sync 1 DAGs
[2025-05-07T20:06:31.525+0000] {logging_mixin.py:188} INFO - [2025-05-07T20:06:31.524+0000] {dag.py:3823} INFO - Setting next_dagrun for example_trigger_target_dag to None, run_after=None
[2025-05-07T20:06:31.548+0000] {processor.py:183} INFO - Processing /home/airflow/.local/lib/python3.8/site-packages/airflow/example_dags/example_trigger_target_dag.py took 0.075 seconds
[2025-05-07T20:07:01.963+0000] {processor.py:161} INFO - Started process (PID=3870) to work on /home/airflow/.local/lib/python3.8/site-packages/airflow/example_dags/example_trigger_target_dag.py
[2025-05-07T20:07:01.965+0000] {processor.py:830} INFO - Processing file /home/airflow/.local/lib/python3.8/site-packages/airflow/example_dags/example_trigger_target_dag.py for tasks to queue
[2025-05-07T20:07:01.967+0000] {logging_mixin.py:188} INFO - [2025-05-07T20:07:01.967+0000] {dagbag.py:538} INFO - Filling up the DagBag from /home/airflow/.local/lib/python3.8/site-packages/airflow/example_dags/example_trigger_target_dag.py
[2025-05-07T20:07:01.974+0000] {processor.py:840} INFO - DAG(s) 'example_trigger_target_dag' retrieved from /home/airflow/.local/lib/python3.8/site-packages/airflow/example_dags/example_trigger_target_dag.py
[2025-05-07T20:07:01.996+0000] {logging_mixin.py:188} INFO - [2025-05-07T20:07:01.996+0000] {dag.py:3036} INFO - Sync 1 DAGs
[2025-05-07T20:07:02.010+0000] {logging_mixin.py:188} INFO - [2025-05-07T20:07:02.009+0000] {dag.py:3823} INFO - Setting next_dagrun for example_trigger_target_dag to None, run_after=None
[2025-05-07T20:07:02.032+0000] {processor.py:183} INFO - Processing /home/airflow/.local/lib/python3.8/site-packages/airflow/example_dags/example_trigger_target_dag.py took 0.072 seconds
[2025-05-07T20:07:32.468+0000] {processor.py:161} INFO - Started process (PID=3927) to work on /home/airflow/.local/lib/python3.8/site-packages/airflow/example_dags/example_trigger_target_dag.py
[2025-05-07T20:07:32.470+0000] {processor.py:830} INFO - Processing file /home/airflow/.local/lib/python3.8/site-packages/airflow/example_dags/example_trigger_target_dag.py for tasks to queue
[2025-05-07T20:07:32.473+0000] {logging_mixin.py:188} INFO - [2025-05-07T20:07:32.472+0000] {dagbag.py:538} INFO - Filling up the DagBag from /home/airflow/.local/lib/python3.8/site-packages/airflow/example_dags/example_trigger_target_dag.py
[2025-05-07T20:07:32.481+0000] {processor.py:840} INFO - DAG(s) 'example_trigger_target_dag' retrieved from /home/airflow/.local/lib/python3.8/site-packages/airflow/example_dags/example_trigger_target_dag.py
[2025-05-07T20:07:32.501+0000] {logging_mixin.py:188} INFO - [2025-05-07T20:07:32.501+0000] {dag.py:3036} INFO - Sync 1 DAGs
[2025-05-07T20:07:32.513+0000] {logging_mixin.py:188} INFO - [2025-05-07T20:07:32.513+0000] {dag.py:3823} INFO - Setting next_dagrun for example_trigger_target_dag to None, run_after=None
[2025-05-07T20:07:32.537+0000] {processor.py:183} INFO - Processing /home/airflow/.local/lib/python3.8/site-packages/airflow/example_dags/example_trigger_target_dag.py took 0.073 seconds
[2025-05-07T20:08:02.752+0000] {processor.py:161} INFO - Started process (PID=3984) to work on /home/airflow/.local/lib/python3.8/site-packages/airflow/example_dags/example_trigger_target_dag.py
[2025-05-07T20:08:02.754+0000] {processor.py:830} INFO - Processing file /home/airflow/.local/lib/python3.8/site-packages/airflow/example_dags/example_trigger_target_dag.py for tasks to queue
[2025-05-07T20:08:02.757+0000] {logging_mixin.py:188} INFO - [2025-05-07T20:08:02.757+0000] {dagbag.py:538} INFO - Filling up the DagBag from /home/airflow/.local/lib/python3.8/site-packages/airflow/example_dags/example_trigger_target_dag.py
[2025-05-07T20:08:02.766+0000] {processor.py:840} INFO - DAG(s) 'example_trigger_target_dag' retrieved from /home/airflow/.local/lib/python3.8/site-packages/airflow/example_dags/example_trigger_target_dag.py
[2025-05-07T20:08:02.787+0000] {logging_mixin.py:188} INFO - [2025-05-07T20:08:02.786+0000] {dag.py:3036} INFO - Sync 1 DAGs
[2025-05-07T20:08:02.800+0000] {logging_mixin.py:188} INFO - [2025-05-07T20:08:02.800+0000] {dag.py:3823} INFO - Setting next_dagrun for example_trigger_target_dag to None, run_after=None
[2025-05-07T20:08:02.824+0000] {processor.py:183} INFO - Processing /home/airflow/.local/lib/python3.8/site-packages/airflow/example_dags/example_trigger_target_dag.py took 0.077 seconds
[2025-05-07T20:08:33.494+0000] {processor.py:161} INFO - Started process (PID=4041) to work on /home/airflow/.local/lib/python3.8/site-packages/airflow/example_dags/example_trigger_target_dag.py
[2025-05-07T20:08:33.495+0000] {processor.py:830} INFO - Processing file /home/airflow/.local/lib/python3.8/site-packages/airflow/example_dags/example_trigger_target_dag.py for tasks to queue
[2025-05-07T20:08:33.498+0000] {logging_mixin.py:188} INFO - [2025-05-07T20:08:33.498+0000] {dagbag.py:538} INFO - Filling up the DagBag from /home/airflow/.local/lib/python3.8/site-packages/airflow/example_dags/example_trigger_target_dag.py
[2025-05-07T20:08:33.505+0000] {processor.py:840} INFO - DAG(s) 'example_trigger_target_dag' retrieved from /home/airflow/.local/lib/python3.8/site-packages/airflow/example_dags/example_trigger_target_dag.py
[2025-05-07T20:08:33.526+0000] {logging_mixin.py:188} INFO - [2025-05-07T20:08:33.526+0000] {dag.py:3036} INFO - Sync 1 DAGs
[2025-05-07T20:08:33.539+0000] {logging_mixin.py:188} INFO - [2025-05-07T20:08:33.539+0000] {dag.py:3823} INFO - Setting next_dagrun for example_trigger_target_dag to None, run_after=None
[2025-05-07T20:08:33.560+0000] {processor.py:183} INFO - Processing /home/airflow/.local/lib/python3.8/site-packages/airflow/example_dags/example_trigger_target_dag.py took 0.070 seconds
[2025-05-07T20:09:05.066+0000] {processor.py:161} INFO - Started process (PID=4098) to work on /home/airflow/.local/lib/python3.8/site-packages/airflow/example_dags/example_trigger_target_dag.py
[2025-05-07T20:09:05.070+0000] {processor.py:830} INFO - Processing file /home/airflow/.local/lib/python3.8/site-packages/airflow/example_dags/example_trigger_target_dag.py for tasks to queue
[2025-05-07T20:09:05.074+0000] {logging_mixin.py:188} INFO - [2025-05-07T20:09:05.073+0000] {dagbag.py:538} INFO - Filling up the DagBag from /home/airflow/.local/lib/python3.8/site-packages/airflow/example_dags/example_trigger_target_dag.py
[2025-05-07T20:09:05.080+0000] {processor.py:840} INFO - DAG(s) 'example_trigger_target_dag' retrieved from /home/airflow/.local/lib/python3.8/site-packages/airflow/example_dags/example_trigger_target_dag.py
[2025-05-07T20:09:05.098+0000] {logging_mixin.py:188} INFO - [2025-05-07T20:09:05.098+0000] {dag.py:3036} INFO - Sync 1 DAGs
[2025-05-07T20:09:05.111+0000] {logging_mixin.py:188} INFO - [2025-05-07T20:09:05.110+0000] {dag.py:3823} INFO - Setting next_dagrun for example_trigger_target_dag to None, run_after=None
[2025-05-07T20:09:05.135+0000] {processor.py:183} INFO - Processing /home/airflow/.local/lib/python3.8/site-packages/airflow/example_dags/example_trigger_target_dag.py took 0.073 seconds
[2025-05-07T20:09:35.413+0000] {processor.py:161} INFO - Started process (PID=4155) to work on /home/airflow/.local/lib/python3.8/site-packages/airflow/example_dags/example_trigger_target_dag.py
[2025-05-07T20:09:35.415+0000] {processor.py:830} INFO - Processing file /home/airflow/.local/lib/python3.8/site-packages/airflow/example_dags/example_trigger_target_dag.py for tasks to queue
[2025-05-07T20:09:35.417+0000] {logging_mixin.py:188} INFO - [2025-05-07T20:09:35.417+0000] {dagbag.py:538} INFO - Filling up the DagBag from /home/airflow/.local/lib/python3.8/site-packages/airflow/example_dags/example_trigger_target_dag.py
[2025-05-07T20:09:35.424+0000] {processor.py:840} INFO - DAG(s) 'example_trigger_target_dag' retrieved from /home/airflow/.local/lib/python3.8/site-packages/airflow/example_dags/example_trigger_target_dag.py
[2025-05-07T20:09:35.450+0000] {logging_mixin.py:188} INFO - [2025-05-07T20:09:35.450+0000] {dag.py:3036} INFO - Sync 1 DAGs
[2025-05-07T20:09:35.466+0000] {logging_mixin.py:188} INFO - [2025-05-07T20:09:35.465+0000] {dag.py:3823} INFO - Setting next_dagrun for example_trigger_target_dag to None, run_after=None
[2025-05-07T20:09:35.498+0000] {processor.py:183} INFO - Processing /home/airflow/.local/lib/python3.8/site-packages/airflow/example_dags/example_trigger_target_dag.py took 0.089 seconds
[2025-05-07T20:10:06.672+0000] {processor.py:161} INFO - Started process (PID=4212) to work on /home/airflow/.local/lib/python3.8/site-packages/airflow/example_dags/example_trigger_target_dag.py
[2025-05-07T20:10:06.676+0000] {processor.py:830} INFO - Processing file /home/airflow/.local/lib/python3.8/site-packages/airflow/example_dags/example_trigger_target_dag.py for tasks to queue
[2025-05-07T20:10:06.683+0000] {logging_mixin.py:188} INFO - [2025-05-07T20:10:06.682+0000] {dagbag.py:538} INFO - Filling up the DagBag from /home/airflow/.local/lib/python3.8/site-packages/airflow/example_dags/example_trigger_target_dag.py
[2025-05-07T20:10:06.692+0000] {processor.py:840} INFO - DAG(s) 'example_trigger_target_dag' retrieved from /home/airflow/.local/lib/python3.8/site-packages/airflow/example_dags/example_trigger_target_dag.py
[2025-05-07T20:10:06.713+0000] {logging_mixin.py:188} INFO - [2025-05-07T20:10:06.713+0000] {dag.py:3036} INFO - Sync 1 DAGs
[2025-05-07T20:10:06.728+0000] {logging_mixin.py:188} INFO - [2025-05-07T20:10:06.728+0000] {dag.py:3823} INFO - Setting next_dagrun for example_trigger_target_dag to None, run_after=None
[2025-05-07T20:10:06.756+0000] {processor.py:183} INFO - Processing /home/airflow/.local/lib/python3.8/site-packages/airflow/example_dags/example_trigger_target_dag.py took 0.091 seconds
[2025-05-07T20:10:37.026+0000] {processor.py:161} INFO - Started process (PID=4269) to work on /home/airflow/.local/lib/python3.8/site-packages/airflow/example_dags/example_trigger_target_dag.py
[2025-05-07T20:10:37.029+0000] {processor.py:830} INFO - Processing file /home/airflow/.local/lib/python3.8/site-packages/airflow/example_dags/example_trigger_target_dag.py for tasks to queue
[2025-05-07T20:10:37.033+0000] {logging_mixin.py:188} INFO - [2025-05-07T20:10:37.032+0000] {dagbag.py:538} INFO - Filling up the DagBag from /home/airflow/.local/lib/python3.8/site-packages/airflow/example_dags/example_trigger_target_dag.py
[2025-05-07T20:10:37.042+0000] {processor.py:840} INFO - DAG(s) 'example_trigger_target_dag' retrieved from /home/airflow/.local/lib/python3.8/site-packages/airflow/example_dags/example_trigger_target_dag.py
[2025-05-07T20:10:37.066+0000] {logging_mixin.py:188} INFO - [2025-05-07T20:10:37.066+0000] {dag.py:3036} INFO - Sync 1 DAGs
[2025-05-07T20:10:37.079+0000] {logging_mixin.py:188} INFO - [2025-05-07T20:10:37.079+0000] {dag.py:3823} INFO - Setting next_dagrun for example_trigger_target_dag to None, run_after=None
[2025-05-07T20:10:37.103+0000] {processor.py:183} INFO - Processing /home/airflow/.local/lib/python3.8/site-packages/airflow/example_dags/example_trigger_target_dag.py took 0.082 seconds
[2025-05-07T20:11:07.429+0000] {processor.py:161} INFO - Started process (PID=4326) to work on /home/airflow/.local/lib/python3.8/site-packages/airflow/example_dags/example_trigger_target_dag.py
[2025-05-07T20:11:07.430+0000] {processor.py:830} INFO - Processing file /home/airflow/.local/lib/python3.8/site-packages/airflow/example_dags/example_trigger_target_dag.py for tasks to queue
[2025-05-07T20:11:07.432+0000] {logging_mixin.py:188} INFO - [2025-05-07T20:11:07.432+0000] {dagbag.py:538} INFO - Filling up the DagBag from /home/airflow/.local/lib/python3.8/site-packages/airflow/example_dags/example_trigger_target_dag.py
[2025-05-07T20:11:07.439+0000] {processor.py:840} INFO - DAG(s) 'example_trigger_target_dag' retrieved from /home/airflow/.local/lib/python3.8/site-packages/airflow/example_dags/example_trigger_target_dag.py
[2025-05-07T20:11:07.462+0000] {logging_mixin.py:188} INFO - [2025-05-07T20:11:07.462+0000] {dag.py:3036} INFO - Sync 1 DAGs
[2025-05-07T20:11:07.477+0000] {logging_mixin.py:188} INFO - [2025-05-07T20:11:07.476+0000] {dag.py:3823} INFO - Setting next_dagrun for example_trigger_target_dag to None, run_after=None
[2025-05-07T20:11:07.689+0000] {processor.py:183} INFO - Processing /home/airflow/.local/lib/python3.8/site-packages/airflow/example_dags/example_trigger_target_dag.py took 0.264 seconds
[2025-05-07T20:11:38.678+0000] {processor.py:161} INFO - Started process (PID=4383) to work on /home/airflow/.local/lib/python3.8/site-packages/airflow/example_dags/example_trigger_target_dag.py
[2025-05-07T20:11:38.681+0000] {processor.py:830} INFO - Processing file /home/airflow/.local/lib/python3.8/site-packages/airflow/example_dags/example_trigger_target_dag.py for tasks to queue
[2025-05-07T20:11:38.684+0000] {logging_mixin.py:188} INFO - [2025-05-07T20:11:38.684+0000] {dagbag.py:538} INFO - Filling up the DagBag from /home/airflow/.local/lib/python3.8/site-packages/airflow/example_dags/example_trigger_target_dag.py
[2025-05-07T20:11:38.691+0000] {processor.py:840} INFO - DAG(s) 'example_trigger_target_dag' retrieved from /home/airflow/.local/lib/python3.8/site-packages/airflow/example_dags/example_trigger_target_dag.py
[2025-05-07T20:11:38.715+0000] {logging_mixin.py:188} INFO - [2025-05-07T20:11:38.715+0000] {dag.py:3036} INFO - Sync 1 DAGs
[2025-05-07T20:11:38.728+0000] {logging_mixin.py:188} INFO - [2025-05-07T20:11:38.727+0000] {dag.py:3823} INFO - Setting next_dagrun for example_trigger_target_dag to None, run_after=None
[2025-05-07T20:11:38.750+0000] {processor.py:183} INFO - Processing /home/airflow/.local/lib/python3.8/site-packages/airflow/example_dags/example_trigger_target_dag.py took 0.075 seconds
[2025-05-07T20:12:09.308+0000] {processor.py:161} INFO - Started process (PID=4440) to work on /home/airflow/.local/lib/python3.8/site-packages/airflow/example_dags/example_trigger_target_dag.py
[2025-05-07T20:12:09.310+0000] {processor.py:830} INFO - Processing file /home/airflow/.local/lib/python3.8/site-packages/airflow/example_dags/example_trigger_target_dag.py for tasks to queue
[2025-05-07T20:12:09.315+0000] {logging_mixin.py:188} INFO - [2025-05-07T20:12:09.314+0000] {dagbag.py:538} INFO - Filling up the DagBag from /home/airflow/.local/lib/python3.8/site-packages/airflow/example_dags/example_trigger_target_dag.py
[2025-05-07T20:12:09.327+0000] {processor.py:840} INFO - DAG(s) 'example_trigger_target_dag' retrieved from /home/airflow/.local/lib/python3.8/site-packages/airflow/example_dags/example_trigger_target_dag.py
[2025-05-07T20:12:09.353+0000] {logging_mixin.py:188} INFO - [2025-05-07T20:12:09.353+0000] {dag.py:3036} INFO - Sync 1 DAGs
[2025-05-07T20:12:09.365+0000] {logging_mixin.py:188} INFO - [2025-05-07T20:12:09.364+0000] {dag.py:3823} INFO - Setting next_dagrun for example_trigger_target_dag to None, run_after=None
[2025-05-07T20:12:09.388+0000] {processor.py:183} INFO - Processing /home/airflow/.local/lib/python3.8/site-packages/airflow/example_dags/example_trigger_target_dag.py took 0.085 seconds
[2025-05-07T20:12:39.945+0000] {processor.py:161} INFO - Started process (PID=4497) to work on /home/airflow/.local/lib/python3.8/site-packages/airflow/example_dags/example_trigger_target_dag.py
[2025-05-07T20:12:39.948+0000] {processor.py:830} INFO - Processing file /home/airflow/.local/lib/python3.8/site-packages/airflow/example_dags/example_trigger_target_dag.py for tasks to queue
[2025-05-07T20:12:39.955+0000] {logging_mixin.py:188} INFO - [2025-05-07T20:12:39.954+0000] {dagbag.py:538} INFO - Filling up the DagBag from /home/airflow/.local/lib/python3.8/site-packages/airflow/example_dags/example_trigger_target_dag.py
[2025-05-07T20:12:39.973+0000] {processor.py:840} INFO - DAG(s) 'example_trigger_target_dag' retrieved from /home/airflow/.local/lib/python3.8/site-packages/airflow/example_dags/example_trigger_target_dag.py
[2025-05-07T20:12:40.004+0000] {logging_mixin.py:188} INFO - [2025-05-07T20:12:40.004+0000] {dag.py:3036} INFO - Sync 1 DAGs
[2025-05-07T20:12:40.020+0000] {logging_mixin.py:188} INFO - [2025-05-07T20:12:40.020+0000] {dag.py:3823} INFO - Setting next_dagrun for example_trigger_target_dag to None, run_after=None
[2025-05-07T20:12:40.056+0000] {processor.py:183} INFO - Processing /home/airflow/.local/lib/python3.8/site-packages/airflow/example_dags/example_trigger_target_dag.py took 0.121 seconds
[2025-05-07T20:13:10.236+0000] {processor.py:161} INFO - Started process (PID=4554) to work on /home/airflow/.local/lib/python3.8/site-packages/airflow/example_dags/example_trigger_target_dag.py
[2025-05-07T20:13:10.239+0000] {processor.py:830} INFO - Processing file /home/airflow/.local/lib/python3.8/site-packages/airflow/example_dags/example_trigger_target_dag.py for tasks to queue
[2025-05-07T20:13:10.242+0000] {logging_mixin.py:188} INFO - [2025-05-07T20:13:10.241+0000] {dagbag.py:538} INFO - Filling up the DagBag from /home/airflow/.local/lib/python3.8/site-packages/airflow/example_dags/example_trigger_target_dag.py
[2025-05-07T20:13:10.253+0000] {processor.py:840} INFO - DAG(s) 'example_trigger_target_dag' retrieved from /home/airflow/.local/lib/python3.8/site-packages/airflow/example_dags/example_trigger_target_dag.py
[2025-05-07T20:13:10.285+0000] {logging_mixin.py:188} INFO - [2025-05-07T20:13:10.285+0000] {dag.py:3036} INFO - Sync 1 DAGs
[2025-05-07T20:13:10.299+0000] {logging_mixin.py:188} INFO - [2025-05-07T20:13:10.299+0000] {dag.py:3823} INFO - Setting next_dagrun for example_trigger_target_dag to None, run_after=None
[2025-05-07T20:13:10.322+0000] {processor.py:183} INFO - Processing /home/airflow/.local/lib/python3.8/site-packages/airflow/example_dags/example_trigger_target_dag.py took 0.090 seconds
[2025-05-07T20:13:40.939+0000] {processor.py:161} INFO - Started process (PID=4611) to work on /home/airflow/.local/lib/python3.8/site-packages/airflow/example_dags/example_trigger_target_dag.py
[2025-05-07T20:13:40.943+0000] {processor.py:830} INFO - Processing file /home/airflow/.local/lib/python3.8/site-packages/airflow/example_dags/example_trigger_target_dag.py for tasks to queue
[2025-05-07T20:13:40.948+0000] {logging_mixin.py:188} INFO - [2025-05-07T20:13:40.947+0000] {dagbag.py:538} INFO - Filling up the DagBag from /home/airflow/.local/lib/python3.8/site-packages/airflow/example_dags/example_trigger_target_dag.py
[2025-05-07T20:13:40.959+0000] {processor.py:840} INFO - DAG(s) 'example_trigger_target_dag' retrieved from /home/airflow/.local/lib/python3.8/site-packages/airflow/example_dags/example_trigger_target_dag.py
[2025-05-07T20:13:40.985+0000] {logging_mixin.py:188} INFO - [2025-05-07T20:13:40.985+0000] {dag.py:3036} INFO - Sync 1 DAGs
[2025-05-07T20:13:40.998+0000] {logging_mixin.py:188} INFO - [2025-05-07T20:13:40.998+0000] {dag.py:3823} INFO - Setting next_dagrun for example_trigger_target_dag to None, run_after=None
[2025-05-07T20:13:41.019+0000] {processor.py:183} INFO - Processing /home/airflow/.local/lib/python3.8/site-packages/airflow/example_dags/example_trigger_target_dag.py took 0.086 seconds
[2025-05-07T20:14:11.355+0000] {processor.py:161} INFO - Started process (PID=4668) to work on /home/airflow/.local/lib/python3.8/site-packages/airflow/example_dags/example_trigger_target_dag.py
[2025-05-07T20:14:11.357+0000] {processor.py:830} INFO - Processing file /home/airflow/.local/lib/python3.8/site-packages/airflow/example_dags/example_trigger_target_dag.py for tasks to queue
[2025-05-07T20:14:11.361+0000] {logging_mixin.py:188} INFO - [2025-05-07T20:14:11.360+0000] {dagbag.py:538} INFO - Filling up the DagBag from /home/airflow/.local/lib/python3.8/site-packages/airflow/example_dags/example_trigger_target_dag.py
[2025-05-07T20:14:11.368+0000] {processor.py:840} INFO - DAG(s) 'example_trigger_target_dag' retrieved from /home/airflow/.local/lib/python3.8/site-packages/airflow/example_dags/example_trigger_target_dag.py
[2025-05-07T20:14:11.393+0000] {logging_mixin.py:188} INFO - [2025-05-07T20:14:11.392+0000] {dag.py:3036} INFO - Sync 1 DAGs
[2025-05-07T20:14:11.405+0000] {logging_mixin.py:188} INFO - [2025-05-07T20:14:11.405+0000] {dag.py:3823} INFO - Setting next_dagrun for example_trigger_target_dag to None, run_after=None
[2025-05-07T20:14:11.429+0000] {processor.py:183} INFO - Processing /home/airflow/.local/lib/python3.8/site-packages/airflow/example_dags/example_trigger_target_dag.py took 0.080 seconds
[2025-05-07T20:14:41.728+0000] {processor.py:161} INFO - Started process (PID=4725) to work on /home/airflow/.local/lib/python3.8/site-packages/airflow/example_dags/example_trigger_target_dag.py
[2025-05-07T20:14:41.729+0000] {processor.py:830} INFO - Processing file /home/airflow/.local/lib/python3.8/site-packages/airflow/example_dags/example_trigger_target_dag.py for tasks to queue
[2025-05-07T20:14:41.731+0000] {logging_mixin.py:188} INFO - [2025-05-07T20:14:41.731+0000] {dagbag.py:538} INFO - Filling up the DagBag from /home/airflow/.local/lib/python3.8/site-packages/airflow/example_dags/example_trigger_target_dag.py
[2025-05-07T20:14:41.738+0000] {processor.py:840} INFO - DAG(s) 'example_trigger_target_dag' retrieved from /home/airflow/.local/lib/python3.8/site-packages/airflow/example_dags/example_trigger_target_dag.py
[2025-05-07T20:14:41.758+0000] {logging_mixin.py:188} INFO - [2025-05-07T20:14:41.757+0000] {dag.py:3036} INFO - Sync 1 DAGs
[2025-05-07T20:14:41.770+0000] {logging_mixin.py:188} INFO - [2025-05-07T20:14:41.769+0000] {dag.py:3823} INFO - Setting next_dagrun for example_trigger_target_dag to None, run_after=None
[2025-05-07T20:14:41.795+0000] {processor.py:183} INFO - Processing /home/airflow/.local/lib/python3.8/site-packages/airflow/example_dags/example_trigger_target_dag.py took 0.070 seconds
[2025-05-07T20:15:12.755+0000] {processor.py:161} INFO - Started process (PID=4782) to work on /home/airflow/.local/lib/python3.8/site-packages/airflow/example_dags/example_trigger_target_dag.py
[2025-05-07T20:15:12.758+0000] {processor.py:830} INFO - Processing file /home/airflow/.local/lib/python3.8/site-packages/airflow/example_dags/example_trigger_target_dag.py for tasks to queue
[2025-05-07T20:15:12.761+0000] {logging_mixin.py:188} INFO - [2025-05-07T20:15:12.760+0000] {dagbag.py:538} INFO - Filling up the DagBag from /home/airflow/.local/lib/python3.8/site-packages/airflow/example_dags/example_trigger_target_dag.py
[2025-05-07T20:15:12.770+0000] {processor.py:840} INFO - DAG(s) 'example_trigger_target_dag' retrieved from /home/airflow/.local/lib/python3.8/site-packages/airflow/example_dags/example_trigger_target_dag.py
[2025-05-07T20:15:12.795+0000] {logging_mixin.py:188} INFO - [2025-05-07T20:15:12.795+0000] {dag.py:3036} INFO - Sync 1 DAGs
[2025-05-07T20:15:12.812+0000] {logging_mixin.py:188} INFO - [2025-05-07T20:15:12.811+0000] {dag.py:3823} INFO - Setting next_dagrun for example_trigger_target_dag to None, run_after=None
[2025-05-07T20:15:12.839+0000] {processor.py:183} INFO - Processing /home/airflow/.local/lib/python3.8/site-packages/airflow/example_dags/example_trigger_target_dag.py took 0.092 seconds
[2025-05-07T20:15:43.888+0000] {processor.py:161} INFO - Started process (PID=4839) to work on /home/airflow/.local/lib/python3.8/site-packages/airflow/example_dags/example_trigger_target_dag.py
[2025-05-07T20:15:43.890+0000] {processor.py:830} INFO - Processing file /home/airflow/.local/lib/python3.8/site-packages/airflow/example_dags/example_trigger_target_dag.py for tasks to queue
[2025-05-07T20:15:43.893+0000] {logging_mixin.py:188} INFO - [2025-05-07T20:15:43.892+0000] {dagbag.py:538} INFO - Filling up the DagBag from /home/airflow/.local/lib/python3.8/site-packages/airflow/example_dags/example_trigger_target_dag.py
[2025-05-07T20:15:43.900+0000] {processor.py:840} INFO - DAG(s) 'example_trigger_target_dag' retrieved from /home/airflow/.local/lib/python3.8/site-packages/airflow/example_dags/example_trigger_target_dag.py
[2025-05-07T20:15:43.925+0000] {logging_mixin.py:188} INFO - [2025-05-07T20:15:43.925+0000] {dag.py:3036} INFO - Sync 1 DAGs
[2025-05-07T20:15:43.941+0000] {logging_mixin.py:188} INFO - [2025-05-07T20:15:43.940+0000] {dag.py:3823} INFO - Setting next_dagrun for example_trigger_target_dag to None, run_after=None
[2025-05-07T20:15:43.968+0000] {processor.py:183} INFO - Processing /home/airflow/.local/lib/python3.8/site-packages/airflow/example_dags/example_trigger_target_dag.py took 0.084 seconds
[2025-05-07T20:16:14.752+0000] {processor.py:161} INFO - Started process (PID=4896) to work on /home/airflow/.local/lib/python3.8/site-packages/airflow/example_dags/example_trigger_target_dag.py
[2025-05-07T20:16:14.756+0000] {processor.py:830} INFO - Processing file /home/airflow/.local/lib/python3.8/site-packages/airflow/example_dags/example_trigger_target_dag.py for tasks to queue
[2025-05-07T20:16:14.760+0000] {logging_mixin.py:188} INFO - [2025-05-07T20:16:14.759+0000] {dagbag.py:538} INFO - Filling up the DagBag from /home/airflow/.local/lib/python3.8/site-packages/airflow/example_dags/example_trigger_target_dag.py
[2025-05-07T20:16:14.771+0000] {processor.py:840} INFO - DAG(s) 'example_trigger_target_dag' retrieved from /home/airflow/.local/lib/python3.8/site-packages/airflow/example_dags/example_trigger_target_dag.py
[2025-05-07T20:16:14.805+0000] {logging_mixin.py:188} INFO - [2025-05-07T20:16:14.805+0000] {dag.py:3036} INFO - Sync 1 DAGs
[2025-05-07T20:16:14.823+0000] {logging_mixin.py:188} INFO - [2025-05-07T20:16:14.822+0000] {dag.py:3823} INFO - Setting next_dagrun for example_trigger_target_dag to None, run_after=None
[2025-05-07T20:16:14.857+0000] {processor.py:183} INFO - Processing /home/airflow/.local/lib/python3.8/site-packages/airflow/example_dags/example_trigger_target_dag.py took 0.111 seconds
[2025-05-07T20:16:45.718+0000] {processor.py:161} INFO - Started process (PID=4953) to work on /home/airflow/.local/lib/python3.8/site-packages/airflow/example_dags/example_trigger_target_dag.py
[2025-05-07T20:16:45.720+0000] {processor.py:830} INFO - Processing file /home/airflow/.local/lib/python3.8/site-packages/airflow/example_dags/example_trigger_target_dag.py for tasks to queue
[2025-05-07T20:16:45.723+0000] {logging_mixin.py:188} INFO - [2025-05-07T20:16:45.723+0000] {dagbag.py:538} INFO - Filling up the DagBag from /home/airflow/.local/lib/python3.8/site-packages/airflow/example_dags/example_trigger_target_dag.py
[2025-05-07T20:16:45.731+0000] {processor.py:840} INFO - DAG(s) 'example_trigger_target_dag' retrieved from /home/airflow/.local/lib/python3.8/site-packages/airflow/example_dags/example_trigger_target_dag.py
[2025-05-07T20:16:45.761+0000] {logging_mixin.py:188} INFO - [2025-05-07T20:16:45.761+0000] {dag.py:3036} INFO - Sync 1 DAGs
[2025-05-07T20:16:45.781+0000] {logging_mixin.py:188} INFO - [2025-05-07T20:16:45.780+0000] {dag.py:3823} INFO - Setting next_dagrun for example_trigger_target_dag to None, run_after=None
[2025-05-07T20:16:45.812+0000] {processor.py:183} INFO - Processing /home/airflow/.local/lib/python3.8/site-packages/airflow/example_dags/example_trigger_target_dag.py took 0.099 seconds
[2025-05-07T20:17:16.330+0000] {processor.py:161} INFO - Started process (PID=5010) to work on /home/airflow/.local/lib/python3.8/site-packages/airflow/example_dags/example_trigger_target_dag.py
[2025-05-07T20:17:16.331+0000] {processor.py:830} INFO - Processing file /home/airflow/.local/lib/python3.8/site-packages/airflow/example_dags/example_trigger_target_dag.py for tasks to queue
[2025-05-07T20:17:16.334+0000] {logging_mixin.py:188} INFO - [2025-05-07T20:17:16.334+0000] {dagbag.py:538} INFO - Filling up the DagBag from /home/airflow/.local/lib/python3.8/site-packages/airflow/example_dags/example_trigger_target_dag.py
[2025-05-07T20:17:16.342+0000] {processor.py:840} INFO - DAG(s) 'example_trigger_target_dag' retrieved from /home/airflow/.local/lib/python3.8/site-packages/airflow/example_dags/example_trigger_target_dag.py
[2025-05-07T20:17:16.370+0000] {logging_mixin.py:188} INFO - [2025-05-07T20:17:16.369+0000] {dag.py:3036} INFO - Sync 1 DAGs
[2025-05-07T20:17:16.386+0000] {logging_mixin.py:188} INFO - [2025-05-07T20:17:16.385+0000] {dag.py:3823} INFO - Setting next_dagrun for example_trigger_target_dag to None, run_after=None
[2025-05-07T20:17:16.415+0000] {processor.py:183} INFO - Processing /home/airflow/.local/lib/python3.8/site-packages/airflow/example_dags/example_trigger_target_dag.py took 0.090 seconds
[2025-05-07T20:17:47.176+0000] {processor.py:161} INFO - Started process (PID=5067) to work on /home/airflow/.local/lib/python3.8/site-packages/airflow/example_dags/example_trigger_target_dag.py
[2025-05-07T20:17:47.179+0000] {processor.py:830} INFO - Processing file /home/airflow/.local/lib/python3.8/site-packages/airflow/example_dags/example_trigger_target_dag.py for tasks to queue
[2025-05-07T20:17:47.183+0000] {logging_mixin.py:188} INFO - [2025-05-07T20:17:47.182+0000] {dagbag.py:538} INFO - Filling up the DagBag from /home/airflow/.local/lib/python3.8/site-packages/airflow/example_dags/example_trigger_target_dag.py
[2025-05-07T20:17:47.193+0000] {processor.py:840} INFO - DAG(s) 'example_trigger_target_dag' retrieved from /home/airflow/.local/lib/python3.8/site-packages/airflow/example_dags/example_trigger_target_dag.py
[2025-05-07T20:17:47.222+0000] {logging_mixin.py:188} INFO - [2025-05-07T20:17:47.221+0000] {dag.py:3036} INFO - Sync 1 DAGs
[2025-05-07T20:17:47.241+0000] {logging_mixin.py:188} INFO - [2025-05-07T20:17:47.241+0000] {dag.py:3823} INFO - Setting next_dagrun for example_trigger_target_dag to None, run_after=None
[2025-05-07T20:17:47.271+0000] {processor.py:183} INFO - Processing /home/airflow/.local/lib/python3.8/site-packages/airflow/example_dags/example_trigger_target_dag.py took 0.102 seconds
[2025-05-07T20:18:17.392+0000] {processor.py:161} INFO - Started process (PID=5124) to work on /home/airflow/.local/lib/python3.8/site-packages/airflow/example_dags/example_trigger_target_dag.py
[2025-05-07T20:18:17.396+0000] {processor.py:830} INFO - Processing file /home/airflow/.local/lib/python3.8/site-packages/airflow/example_dags/example_trigger_target_dag.py for tasks to queue
[2025-05-07T20:18:17.402+0000] {logging_mixin.py:188} INFO - [2025-05-07T20:18:17.401+0000] {dagbag.py:538} INFO - Filling up the DagBag from /home/airflow/.local/lib/python3.8/site-packages/airflow/example_dags/example_trigger_target_dag.py
[2025-05-07T20:18:17.426+0000] {processor.py:840} INFO - DAG(s) 'example_trigger_target_dag' retrieved from /home/airflow/.local/lib/python3.8/site-packages/airflow/example_dags/example_trigger_target_dag.py
[2025-05-07T20:18:17.488+0000] {logging_mixin.py:188} INFO - [2025-05-07T20:18:17.488+0000] {dag.py:3036} INFO - Sync 1 DAGs
[2025-05-07T20:18:17.513+0000] {logging_mixin.py:188} INFO - [2025-05-07T20:18:17.513+0000] {dag.py:3823} INFO - Setting next_dagrun for example_trigger_target_dag to None, run_after=None
[2025-05-07T20:18:17.554+0000] {processor.py:183} INFO - Processing /home/airflow/.local/lib/python3.8/site-packages/airflow/example_dags/example_trigger_target_dag.py took 0.174 seconds
[2025-05-07T20:18:48.593+0000] {processor.py:161} INFO - Started process (PID=5182) to work on /home/airflow/.local/lib/python3.8/site-packages/airflow/example_dags/example_trigger_target_dag.py
[2025-05-07T20:18:48.595+0000] {processor.py:830} INFO - Processing file /home/airflow/.local/lib/python3.8/site-packages/airflow/example_dags/example_trigger_target_dag.py for tasks to queue
[2025-05-07T20:18:48.598+0000] {logging_mixin.py:188} INFO - [2025-05-07T20:18:48.598+0000] {dagbag.py:538} INFO - Filling up the DagBag from /home/airflow/.local/lib/python3.8/site-packages/airflow/example_dags/example_trigger_target_dag.py
[2025-05-07T20:18:48.607+0000] {processor.py:840} INFO - DAG(s) 'example_trigger_target_dag' retrieved from /home/airflow/.local/lib/python3.8/site-packages/airflow/example_dags/example_trigger_target_dag.py
[2025-05-07T20:18:48.637+0000] {logging_mixin.py:188} INFO - [2025-05-07T20:18:48.637+0000] {dag.py:3036} INFO - Sync 1 DAGs
[2025-05-07T20:18:48.655+0000] {logging_mixin.py:188} INFO - [2025-05-07T20:18:48.654+0000] {dag.py:3823} INFO - Setting next_dagrun for example_trigger_target_dag to None, run_after=None
[2025-05-07T20:18:48.684+0000] {processor.py:183} INFO - Processing /home/airflow/.local/lib/python3.8/site-packages/airflow/example_dags/example_trigger_target_dag.py took 0.096 seconds
