[2025-05-07T19:05:17.039+0000] {processor.py:161} INFO - Started process (PID=105) to work on /home/airflow/.local/lib/python3.8/site-packages/airflow/example_dags/tutorial_dag.py
[2025-05-07T19:05:17.041+0000] {processor.py:830} INFO - Processing file /home/airflow/.local/lib/python3.8/site-packages/airflow/example_dags/tutorial_dag.py for tasks to queue
[2025-05-07T19:05:17.043+0000] {logging_mixin.py:188} INFO - [2025-05-07T19:05:17.042+0000] {dagbag.py:538} INFO - Filling up the DagBag from /home/airflow/.local/lib/python3.8/site-packages/airflow/example_dags/tutorial_dag.py
[2025-05-07T19:05:17.065+0000] {processor.py:840} INFO - DAG(s) 'tutorial_dag' retrieved from /home/airflow/.local/lib/python3.8/site-packages/airflow/example_dags/tutorial_dag.py
[2025-05-07T19:05:17.081+0000] {logging_mixin.py:188} INFO - [2025-05-07T19:05:17.080+0000] {dag.py:3036} INFO - Sync 1 DAGs
[2025-05-07T19:05:17.096+0000] {logging_mixin.py:188} INFO - [2025-05-07T19:05:17.096+0000] {dag.py:3823} INFO - Setting next_dagrun for tutorial_dag to None, run_after=None
[2025-05-07T19:05:17.127+0000] {processor.py:183} INFO - Processing /home/airflow/.local/lib/python3.8/site-packages/airflow/example_dags/tutorial_dag.py took 0.091 seconds
[2025-05-07T19:05:48.532+0000] {processor.py:161} INFO - Started process (PID=160) to work on /home/airflow/.local/lib/python3.8/site-packages/airflow/example_dags/tutorial_dag.py
[2025-05-07T19:05:48.534+0000] {processor.py:830} INFO - Processing file /home/airflow/.local/lib/python3.8/site-packages/airflow/example_dags/tutorial_dag.py for tasks to queue
[2025-05-07T19:05:48.536+0000] {logging_mixin.py:188} INFO - [2025-05-07T19:05:48.536+0000] {dagbag.py:538} INFO - Filling up the DagBag from /home/airflow/.local/lib/python3.8/site-packages/airflow/example_dags/tutorial_dag.py
[2025-05-07T19:05:48.542+0000] {processor.py:840} INFO - DAG(s) 'tutorial_dag' retrieved from /home/airflow/.local/lib/python3.8/site-packages/airflow/example_dags/tutorial_dag.py
[2025-05-07T19:05:48.633+0000] {logging_mixin.py:188} INFO - [2025-05-07T19:05:48.633+0000] {dag.py:3036} INFO - Sync 1 DAGs
[2025-05-07T19:05:48.643+0000] {logging_mixin.py:188} INFO - [2025-05-07T19:05:48.643+0000] {dag.py:3823} INFO - Setting next_dagrun for tutorial_dag to None, run_after=None
[2025-05-07T19:05:48.665+0000] {processor.py:183} INFO - Processing /home/airflow/.local/lib/python3.8/site-packages/airflow/example_dags/tutorial_dag.py took 0.136 seconds
[2025-05-07T19:06:19.162+0000] {processor.py:161} INFO - Started process (PID=215) to work on /home/airflow/.local/lib/python3.8/site-packages/airflow/example_dags/tutorial_dag.py
[2025-05-07T19:06:19.163+0000] {processor.py:830} INFO - Processing file /home/airflow/.local/lib/python3.8/site-packages/airflow/example_dags/tutorial_dag.py for tasks to queue
[2025-05-07T19:06:19.166+0000] {logging_mixin.py:188} INFO - [2025-05-07T19:06:19.165+0000] {dagbag.py:538} INFO - Filling up the DagBag from /home/airflow/.local/lib/python3.8/site-packages/airflow/example_dags/tutorial_dag.py
[2025-05-07T19:06:19.172+0000] {processor.py:840} INFO - DAG(s) 'tutorial_dag' retrieved from /home/airflow/.local/lib/python3.8/site-packages/airflow/example_dags/tutorial_dag.py
[2025-05-07T19:06:19.192+0000] {logging_mixin.py:188} INFO - [2025-05-07T19:06:19.192+0000] {dag.py:3036} INFO - Sync 1 DAGs
[2025-05-07T19:06:19.204+0000] {logging_mixin.py:188} INFO - [2025-05-07T19:06:19.203+0000] {dag.py:3823} INFO - Setting next_dagrun for tutorial_dag to None, run_after=None
[2025-05-07T19:06:19.223+0000] {processor.py:183} INFO - Processing /home/airflow/.local/lib/python3.8/site-packages/airflow/example_dags/tutorial_dag.py took 0.065 seconds
[2025-05-07T19:06:50.308+0000] {processor.py:161} INFO - Started process (PID=270) to work on /home/airflow/.local/lib/python3.8/site-packages/airflow/example_dags/tutorial_dag.py
[2025-05-07T19:06:50.310+0000] {processor.py:830} INFO - Processing file /home/airflow/.local/lib/python3.8/site-packages/airflow/example_dags/tutorial_dag.py for tasks to queue
[2025-05-07T19:06:50.312+0000] {logging_mixin.py:188} INFO - [2025-05-07T19:06:50.312+0000] {dagbag.py:538} INFO - Filling up the DagBag from /home/airflow/.local/lib/python3.8/site-packages/airflow/example_dags/tutorial_dag.py
[2025-05-07T19:06:50.317+0000] {processor.py:840} INFO - DAG(s) 'tutorial_dag' retrieved from /home/airflow/.local/lib/python3.8/site-packages/airflow/example_dags/tutorial_dag.py
[2025-05-07T19:06:50.339+0000] {logging_mixin.py:188} INFO - [2025-05-07T19:06:50.338+0000] {dag.py:3036} INFO - Sync 1 DAGs
[2025-05-07T19:06:50.353+0000] {logging_mixin.py:188} INFO - [2025-05-07T19:06:50.352+0000] {dag.py:3823} INFO - Setting next_dagrun for tutorial_dag to None, run_after=None
[2025-05-07T19:06:50.377+0000] {processor.py:183} INFO - Processing /home/airflow/.local/lib/python3.8/site-packages/airflow/example_dags/tutorial_dag.py took 0.072 seconds
[2025-05-07T19:07:20.864+0000] {processor.py:161} INFO - Started process (PID=325) to work on /home/airflow/.local/lib/python3.8/site-packages/airflow/example_dags/tutorial_dag.py
[2025-05-07T19:07:20.866+0000] {processor.py:830} INFO - Processing file /home/airflow/.local/lib/python3.8/site-packages/airflow/example_dags/tutorial_dag.py for tasks to queue
[2025-05-07T19:07:20.868+0000] {logging_mixin.py:188} INFO - [2025-05-07T19:07:20.868+0000] {dagbag.py:538} INFO - Filling up the DagBag from /home/airflow/.local/lib/python3.8/site-packages/airflow/example_dags/tutorial_dag.py
[2025-05-07T19:07:20.874+0000] {processor.py:840} INFO - DAG(s) 'tutorial_dag' retrieved from /home/airflow/.local/lib/python3.8/site-packages/airflow/example_dags/tutorial_dag.py
[2025-05-07T19:07:20.895+0000] {logging_mixin.py:188} INFO - [2025-05-07T19:07:20.895+0000] {dag.py:3036} INFO - Sync 1 DAGs
[2025-05-07T19:07:20.909+0000] {logging_mixin.py:188} INFO - [2025-05-07T19:07:20.909+0000] {dag.py:3823} INFO - Setting next_dagrun for tutorial_dag to None, run_after=None
[2025-05-07T19:07:20.932+0000] {processor.py:183} INFO - Processing /home/airflow/.local/lib/python3.8/site-packages/airflow/example_dags/tutorial_dag.py took 0.070 seconds
[2025-05-07T19:07:51.539+0000] {processor.py:161} INFO - Started process (PID=380) to work on /home/airflow/.local/lib/python3.8/site-packages/airflow/example_dags/tutorial_dag.py
[2025-05-07T19:07:51.543+0000] {processor.py:830} INFO - Processing file /home/airflow/.local/lib/python3.8/site-packages/airflow/example_dags/tutorial_dag.py for tasks to queue
[2025-05-07T19:07:51.548+0000] {logging_mixin.py:188} INFO - [2025-05-07T19:07:51.547+0000] {dagbag.py:538} INFO - Filling up the DagBag from /home/airflow/.local/lib/python3.8/site-packages/airflow/example_dags/tutorial_dag.py
[2025-05-07T19:07:51.558+0000] {processor.py:840} INFO - DAG(s) 'tutorial_dag' retrieved from /home/airflow/.local/lib/python3.8/site-packages/airflow/example_dags/tutorial_dag.py
[2025-05-07T19:07:51.583+0000] {logging_mixin.py:188} INFO - [2025-05-07T19:07:51.582+0000] {dag.py:3036} INFO - Sync 1 DAGs
[2025-05-07T19:07:51.595+0000] {logging_mixin.py:188} INFO - [2025-05-07T19:07:51.595+0000] {dag.py:3823} INFO - Setting next_dagrun for tutorial_dag to None, run_after=None
[2025-05-07T19:07:51.623+0000] {processor.py:183} INFO - Processing /home/airflow/.local/lib/python3.8/site-packages/airflow/example_dags/tutorial_dag.py took 0.090 seconds
[2025-05-07T19:08:21.908+0000] {processor.py:161} INFO - Started process (PID=435) to work on /home/airflow/.local/lib/python3.8/site-packages/airflow/example_dags/tutorial_dag.py
[2025-05-07T19:08:21.911+0000] {processor.py:830} INFO - Processing file /home/airflow/.local/lib/python3.8/site-packages/airflow/example_dags/tutorial_dag.py for tasks to queue
[2025-05-07T19:08:21.916+0000] {logging_mixin.py:188} INFO - [2025-05-07T19:08:21.916+0000] {dagbag.py:538} INFO - Filling up the DagBag from /home/airflow/.local/lib/python3.8/site-packages/airflow/example_dags/tutorial_dag.py
[2025-05-07T19:08:21.927+0000] {processor.py:840} INFO - DAG(s) 'tutorial_dag' retrieved from /home/airflow/.local/lib/python3.8/site-packages/airflow/example_dags/tutorial_dag.py
[2025-05-07T19:08:21.962+0000] {logging_mixin.py:188} INFO - [2025-05-07T19:08:21.962+0000] {dag.py:3036} INFO - Sync 1 DAGs
[2025-05-07T19:08:21.977+0000] {logging_mixin.py:188} INFO - [2025-05-07T19:08:21.977+0000] {dag.py:3823} INFO - Setting next_dagrun for tutorial_dag to None, run_after=None
[2025-05-07T19:08:21.999+0000] {processor.py:183} INFO - Processing /home/airflow/.local/lib/python3.8/site-packages/airflow/example_dags/tutorial_dag.py took 0.097 seconds
[2025-05-07T19:08:52.230+0000] {processor.py:161} INFO - Started process (PID=490) to work on /home/airflow/.local/lib/python3.8/site-packages/airflow/example_dags/tutorial_dag.py
[2025-05-07T19:08:52.231+0000] {processor.py:830} INFO - Processing file /home/airflow/.local/lib/python3.8/site-packages/airflow/example_dags/tutorial_dag.py for tasks to queue
[2025-05-07T19:08:52.233+0000] {logging_mixin.py:188} INFO - [2025-05-07T19:08:52.233+0000] {dagbag.py:538} INFO - Filling up the DagBag from /home/airflow/.local/lib/python3.8/site-packages/airflow/example_dags/tutorial_dag.py
[2025-05-07T19:08:52.239+0000] {processor.py:840} INFO - DAG(s) 'tutorial_dag' retrieved from /home/airflow/.local/lib/python3.8/site-packages/airflow/example_dags/tutorial_dag.py
[2025-05-07T19:08:52.264+0000] {logging_mixin.py:188} INFO - [2025-05-07T19:08:52.263+0000] {dag.py:3036} INFO - Sync 1 DAGs
[2025-05-07T19:08:52.277+0000] {logging_mixin.py:188} INFO - [2025-05-07T19:08:52.277+0000] {dag.py:3823} INFO - Setting next_dagrun for tutorial_dag to None, run_after=None
[2025-05-07T19:08:52.298+0000] {processor.py:183} INFO - Processing /home/airflow/.local/lib/python3.8/site-packages/airflow/example_dags/tutorial_dag.py took 0.071 seconds
[2025-05-07T19:09:22.497+0000] {processor.py:161} INFO - Started process (PID=545) to work on /home/airflow/.local/lib/python3.8/site-packages/airflow/example_dags/tutorial_dag.py
[2025-05-07T19:09:22.503+0000] {processor.py:830} INFO - Processing file /home/airflow/.local/lib/python3.8/site-packages/airflow/example_dags/tutorial_dag.py for tasks to queue
[2025-05-07T19:09:22.507+0000] {logging_mixin.py:188} INFO - [2025-05-07T19:09:22.506+0000] {dagbag.py:538} INFO - Filling up the DagBag from /home/airflow/.local/lib/python3.8/site-packages/airflow/example_dags/tutorial_dag.py
[2025-05-07T19:09:22.513+0000] {processor.py:840} INFO - DAG(s) 'tutorial_dag' retrieved from /home/airflow/.local/lib/python3.8/site-packages/airflow/example_dags/tutorial_dag.py
[2025-05-07T19:09:22.534+0000] {logging_mixin.py:188} INFO - [2025-05-07T19:09:22.534+0000] {dag.py:3036} INFO - Sync 1 DAGs
[2025-05-07T19:09:22.546+0000] {logging_mixin.py:188} INFO - [2025-05-07T19:09:22.546+0000] {dag.py:3823} INFO - Setting next_dagrun for tutorial_dag to None, run_after=None
[2025-05-07T19:09:22.567+0000] {processor.py:183} INFO - Processing /home/airflow/.local/lib/python3.8/site-packages/airflow/example_dags/tutorial_dag.py took 0.073 seconds
[2025-05-07T19:09:53.242+0000] {processor.py:161} INFO - Started process (PID=600) to work on /home/airflow/.local/lib/python3.8/site-packages/airflow/example_dags/tutorial_dag.py
[2025-05-07T19:09:53.244+0000] {processor.py:830} INFO - Processing file /home/airflow/.local/lib/python3.8/site-packages/airflow/example_dags/tutorial_dag.py for tasks to queue
[2025-05-07T19:09:53.246+0000] {logging_mixin.py:188} INFO - [2025-05-07T19:09:53.246+0000] {dagbag.py:538} INFO - Filling up the DagBag from /home/airflow/.local/lib/python3.8/site-packages/airflow/example_dags/tutorial_dag.py
[2025-05-07T19:09:53.253+0000] {processor.py:840} INFO - DAG(s) 'tutorial_dag' retrieved from /home/airflow/.local/lib/python3.8/site-packages/airflow/example_dags/tutorial_dag.py
[2025-05-07T19:09:53.278+0000] {logging_mixin.py:188} INFO - [2025-05-07T19:09:53.277+0000] {dag.py:3036} INFO - Sync 1 DAGs
[2025-05-07T19:09:53.292+0000] {logging_mixin.py:188} INFO - [2025-05-07T19:09:53.291+0000] {dag.py:3823} INFO - Setting next_dagrun for tutorial_dag to None, run_after=None
[2025-05-07T19:09:53.311+0000] {processor.py:183} INFO - Processing /home/airflow/.local/lib/python3.8/site-packages/airflow/example_dags/tutorial_dag.py took 0.072 seconds
[2025-05-07T19:10:23.787+0000] {processor.py:161} INFO - Started process (PID=657) to work on /home/airflow/.local/lib/python3.8/site-packages/airflow/example_dags/tutorial_dag.py
[2025-05-07T19:10:23.789+0000] {processor.py:830} INFO - Processing file /home/airflow/.local/lib/python3.8/site-packages/airflow/example_dags/tutorial_dag.py for tasks to queue
[2025-05-07T19:10:23.792+0000] {logging_mixin.py:188} INFO - [2025-05-07T19:10:23.792+0000] {dagbag.py:538} INFO - Filling up the DagBag from /home/airflow/.local/lib/python3.8/site-packages/airflow/example_dags/tutorial_dag.py
[2025-05-07T19:10:23.799+0000] {processor.py:840} INFO - DAG(s) 'tutorial_dag' retrieved from /home/airflow/.local/lib/python3.8/site-packages/airflow/example_dags/tutorial_dag.py
[2025-05-07T19:10:23.826+0000] {logging_mixin.py:188} INFO - [2025-05-07T19:10:23.825+0000] {dag.py:3036} INFO - Sync 1 DAGs
[2025-05-07T19:10:23.840+0000] {logging_mixin.py:188} INFO - [2025-05-07T19:10:23.840+0000] {dag.py:3823} INFO - Setting next_dagrun for tutorial_dag to None, run_after=None
[2025-05-07T19:10:23.862+0000] {processor.py:183} INFO - Processing /home/airflow/.local/lib/python3.8/site-packages/airflow/example_dags/tutorial_dag.py took 0.079 seconds
[2025-05-07T19:10:55.132+0000] {processor.py:161} INFO - Started process (PID=714) to work on /home/airflow/.local/lib/python3.8/site-packages/airflow/example_dags/tutorial_dag.py
[2025-05-07T19:10:55.133+0000] {processor.py:830} INFO - Processing file /home/airflow/.local/lib/python3.8/site-packages/airflow/example_dags/tutorial_dag.py for tasks to queue
[2025-05-07T19:10:55.135+0000] {logging_mixin.py:188} INFO - [2025-05-07T19:10:55.135+0000] {dagbag.py:538} INFO - Filling up the DagBag from /home/airflow/.local/lib/python3.8/site-packages/airflow/example_dags/tutorial_dag.py
[2025-05-07T19:10:55.142+0000] {processor.py:840} INFO - DAG(s) 'tutorial_dag' retrieved from /home/airflow/.local/lib/python3.8/site-packages/airflow/example_dags/tutorial_dag.py
[2025-05-07T19:10:55.166+0000] {logging_mixin.py:188} INFO - [2025-05-07T19:10:55.166+0000] {dag.py:3036} INFO - Sync 1 DAGs
[2025-05-07T19:10:55.179+0000] {logging_mixin.py:188} INFO - [2025-05-07T19:10:55.179+0000] {dag.py:3823} INFO - Setting next_dagrun for tutorial_dag to None, run_after=None
[2025-05-07T19:10:55.202+0000] {processor.py:183} INFO - Processing /home/airflow/.local/lib/python3.8/site-packages/airflow/example_dags/tutorial_dag.py took 0.074 seconds
[2025-05-07T19:11:25.636+0000] {processor.py:161} INFO - Started process (PID=773) to work on /home/airflow/.local/lib/python3.8/site-packages/airflow/example_dags/tutorial_dag.py
[2025-05-07T19:11:25.638+0000] {processor.py:830} INFO - Processing file /home/airflow/.local/lib/python3.8/site-packages/airflow/example_dags/tutorial_dag.py for tasks to queue
[2025-05-07T19:11:25.640+0000] {logging_mixin.py:188} INFO - [2025-05-07T19:11:25.640+0000] {dagbag.py:538} INFO - Filling up the DagBag from /home/airflow/.local/lib/python3.8/site-packages/airflow/example_dags/tutorial_dag.py
[2025-05-07T19:11:25.647+0000] {processor.py:840} INFO - DAG(s) 'tutorial_dag' retrieved from /home/airflow/.local/lib/python3.8/site-packages/airflow/example_dags/tutorial_dag.py
[2025-05-07T19:11:25.666+0000] {logging_mixin.py:188} INFO - [2025-05-07T19:11:25.666+0000] {dag.py:3036} INFO - Sync 1 DAGs
[2025-05-07T19:11:25.678+0000] {logging_mixin.py:188} INFO - [2025-05-07T19:11:25.678+0000] {dag.py:3823} INFO - Setting next_dagrun for tutorial_dag to None, run_after=None
[2025-05-07T19:11:25.696+0000] {processor.py:183} INFO - Processing /home/airflow/.local/lib/python3.8/site-packages/airflow/example_dags/tutorial_dag.py took 0.063 seconds
[2025-05-07T19:11:56.370+0000] {processor.py:161} INFO - Started process (PID=834) to work on /home/airflow/.local/lib/python3.8/site-packages/airflow/example_dags/tutorial_dag.py
[2025-05-07T19:11:56.371+0000] {processor.py:830} INFO - Processing file /home/airflow/.local/lib/python3.8/site-packages/airflow/example_dags/tutorial_dag.py for tasks to queue
[2025-05-07T19:11:56.374+0000] {logging_mixin.py:188} INFO - [2025-05-07T19:11:56.373+0000] {dagbag.py:538} INFO - Filling up the DagBag from /home/airflow/.local/lib/python3.8/site-packages/airflow/example_dags/tutorial_dag.py
[2025-05-07T19:11:56.380+0000] {processor.py:840} INFO - DAG(s) 'tutorial_dag' retrieved from /home/airflow/.local/lib/python3.8/site-packages/airflow/example_dags/tutorial_dag.py
[2025-05-07T19:11:56.402+0000] {logging_mixin.py:188} INFO - [2025-05-07T19:11:56.401+0000] {dag.py:3036} INFO - Sync 1 DAGs
[2025-05-07T19:11:56.415+0000] {logging_mixin.py:188} INFO - [2025-05-07T19:11:56.415+0000] {dag.py:3823} INFO - Setting next_dagrun for tutorial_dag to None, run_after=None
[2025-05-07T19:11:56.440+0000] {processor.py:183} INFO - Processing /home/airflow/.local/lib/python3.8/site-packages/airflow/example_dags/tutorial_dag.py took 0.073 seconds
[2025-05-07T19:12:27.373+0000] {processor.py:161} INFO - Started process (PID=890) to work on /home/airflow/.local/lib/python3.8/site-packages/airflow/example_dags/tutorial_dag.py
[2025-05-07T19:12:27.375+0000] {processor.py:830} INFO - Processing file /home/airflow/.local/lib/python3.8/site-packages/airflow/example_dags/tutorial_dag.py for tasks to queue
[2025-05-07T19:12:27.377+0000] {logging_mixin.py:188} INFO - [2025-05-07T19:12:27.377+0000] {dagbag.py:538} INFO - Filling up the DagBag from /home/airflow/.local/lib/python3.8/site-packages/airflow/example_dags/tutorial_dag.py
[2025-05-07T19:12:27.383+0000] {processor.py:840} INFO - DAG(s) 'tutorial_dag' retrieved from /home/airflow/.local/lib/python3.8/site-packages/airflow/example_dags/tutorial_dag.py
[2025-05-07T19:12:27.404+0000] {logging_mixin.py:188} INFO - [2025-05-07T19:12:27.404+0000] {dag.py:3036} INFO - Sync 1 DAGs
[2025-05-07T19:12:27.417+0000] {logging_mixin.py:188} INFO - [2025-05-07T19:12:27.416+0000] {dag.py:3823} INFO - Setting next_dagrun for tutorial_dag to None, run_after=None
[2025-05-07T19:12:27.439+0000] {processor.py:183} INFO - Processing /home/airflow/.local/lib/python3.8/site-packages/airflow/example_dags/tutorial_dag.py took 0.069 seconds
[2025-05-07T19:12:57.853+0000] {processor.py:161} INFO - Started process (PID=946) to work on /home/airflow/.local/lib/python3.8/site-packages/airflow/example_dags/tutorial_dag.py
[2025-05-07T19:12:57.855+0000] {processor.py:830} INFO - Processing file /home/airflow/.local/lib/python3.8/site-packages/airflow/example_dags/tutorial_dag.py for tasks to queue
[2025-05-07T19:12:57.857+0000] {logging_mixin.py:188} INFO - [2025-05-07T19:12:57.857+0000] {dagbag.py:538} INFO - Filling up the DagBag from /home/airflow/.local/lib/python3.8/site-packages/airflow/example_dags/tutorial_dag.py
[2025-05-07T19:12:57.863+0000] {processor.py:840} INFO - DAG(s) 'tutorial_dag' retrieved from /home/airflow/.local/lib/python3.8/site-packages/airflow/example_dags/tutorial_dag.py
[2025-05-07T19:12:57.883+0000] {logging_mixin.py:188} INFO - [2025-05-07T19:12:57.883+0000] {dag.py:3036} INFO - Sync 1 DAGs
[2025-05-07T19:12:57.898+0000] {logging_mixin.py:188} INFO - [2025-05-07T19:12:57.898+0000] {dag.py:3823} INFO - Setting next_dagrun for tutorial_dag to None, run_after=None
[2025-05-07T19:12:57.919+0000] {processor.py:183} INFO - Processing /home/airflow/.local/lib/python3.8/site-packages/airflow/example_dags/tutorial_dag.py took 0.069 seconds
[2025-05-07T19:13:28.621+0000] {processor.py:161} INFO - Started process (PID=1002) to work on /home/airflow/.local/lib/python3.8/site-packages/airflow/example_dags/tutorial_dag.py
[2025-05-07T19:13:28.623+0000] {processor.py:830} INFO - Processing file /home/airflow/.local/lib/python3.8/site-packages/airflow/example_dags/tutorial_dag.py for tasks to queue
[2025-05-07T19:13:28.627+0000] {logging_mixin.py:188} INFO - [2025-05-07T19:13:28.626+0000] {dagbag.py:538} INFO - Filling up the DagBag from /home/airflow/.local/lib/python3.8/site-packages/airflow/example_dags/tutorial_dag.py
[2025-05-07T19:13:28.642+0000] {processor.py:840} INFO - DAG(s) 'tutorial_dag' retrieved from /home/airflow/.local/lib/python3.8/site-packages/airflow/example_dags/tutorial_dag.py
[2025-05-07T19:13:28.689+0000] {logging_mixin.py:188} INFO - [2025-05-07T19:13:28.688+0000] {dag.py:3036} INFO - Sync 1 DAGs
[2025-05-07T19:13:28.705+0000] {logging_mixin.py:188} INFO - [2025-05-07T19:13:28.705+0000] {dag.py:3823} INFO - Setting next_dagrun for tutorial_dag to None, run_after=None
[2025-05-07T19:13:28.733+0000] {processor.py:183} INFO - Processing /home/airflow/.local/lib/python3.8/site-packages/airflow/example_dags/tutorial_dag.py took 0.117 seconds
[2025-05-07T19:13:58.902+0000] {processor.py:161} INFO - Started process (PID=1058) to work on /home/airflow/.local/lib/python3.8/site-packages/airflow/example_dags/tutorial_dag.py
[2025-05-07T19:13:58.904+0000] {processor.py:830} INFO - Processing file /home/airflow/.local/lib/python3.8/site-packages/airflow/example_dags/tutorial_dag.py for tasks to queue
[2025-05-07T19:13:58.906+0000] {logging_mixin.py:188} INFO - [2025-05-07T19:13:58.906+0000] {dagbag.py:538} INFO - Filling up the DagBag from /home/airflow/.local/lib/python3.8/site-packages/airflow/example_dags/tutorial_dag.py
[2025-05-07T19:13:58.912+0000] {processor.py:840} INFO - DAG(s) 'tutorial_dag' retrieved from /home/airflow/.local/lib/python3.8/site-packages/airflow/example_dags/tutorial_dag.py
[2025-05-07T19:13:58.940+0000] {logging_mixin.py:188} INFO - [2025-05-07T19:13:58.940+0000] {dag.py:3036} INFO - Sync 1 DAGs
[2025-05-07T19:13:58.954+0000] {logging_mixin.py:188} INFO - [2025-05-07T19:13:58.954+0000] {dag.py:3823} INFO - Setting next_dagrun for tutorial_dag to None, run_after=None
[2025-05-07T19:13:58.975+0000] {processor.py:183} INFO - Processing /home/airflow/.local/lib/python3.8/site-packages/airflow/example_dags/tutorial_dag.py took 0.077 seconds
[2025-05-07T19:14:29.262+0000] {processor.py:161} INFO - Started process (PID=1114) to work on /home/airflow/.local/lib/python3.8/site-packages/airflow/example_dags/tutorial_dag.py
[2025-05-07T19:14:29.264+0000] {processor.py:830} INFO - Processing file /home/airflow/.local/lib/python3.8/site-packages/airflow/example_dags/tutorial_dag.py for tasks to queue
[2025-05-07T19:14:29.269+0000] {logging_mixin.py:188} INFO - [2025-05-07T19:14:29.269+0000] {dagbag.py:538} INFO - Filling up the DagBag from /home/airflow/.local/lib/python3.8/site-packages/airflow/example_dags/tutorial_dag.py
[2025-05-07T19:14:29.276+0000] {processor.py:840} INFO - DAG(s) 'tutorial_dag' retrieved from /home/airflow/.local/lib/python3.8/site-packages/airflow/example_dags/tutorial_dag.py
[2025-05-07T19:14:29.305+0000] {logging_mixin.py:188} INFO - [2025-05-07T19:14:29.305+0000] {dag.py:3036} INFO - Sync 1 DAGs
[2025-05-07T19:14:29.319+0000] {logging_mixin.py:188} INFO - [2025-05-07T19:14:29.319+0000] {dag.py:3823} INFO - Setting next_dagrun for tutorial_dag to None, run_after=None
[2025-05-07T19:14:29.346+0000] {processor.py:183} INFO - Processing /home/airflow/.local/lib/python3.8/site-packages/airflow/example_dags/tutorial_dag.py took 0.088 seconds
[2025-05-07T19:14:59.774+0000] {processor.py:161} INFO - Started process (PID=1170) to work on /home/airflow/.local/lib/python3.8/site-packages/airflow/example_dags/tutorial_dag.py
[2025-05-07T19:14:59.777+0000] {processor.py:830} INFO - Processing file /home/airflow/.local/lib/python3.8/site-packages/airflow/example_dags/tutorial_dag.py for tasks to queue
[2025-05-07T19:14:59.783+0000] {logging_mixin.py:188} INFO - [2025-05-07T19:14:59.782+0000] {dagbag.py:538} INFO - Filling up the DagBag from /home/airflow/.local/lib/python3.8/site-packages/airflow/example_dags/tutorial_dag.py
[2025-05-07T19:14:59.795+0000] {processor.py:840} INFO - DAG(s) 'tutorial_dag' retrieved from /home/airflow/.local/lib/python3.8/site-packages/airflow/example_dags/tutorial_dag.py
[2025-05-07T19:14:59.819+0000] {logging_mixin.py:188} INFO - [2025-05-07T19:14:59.819+0000] {dag.py:3036} INFO - Sync 1 DAGs
[2025-05-07T19:14:59.832+0000] {logging_mixin.py:188} INFO - [2025-05-07T19:14:59.832+0000] {dag.py:3823} INFO - Setting next_dagrun for tutorial_dag to None, run_after=None
[2025-05-07T19:14:59.854+0000] {processor.py:183} INFO - Processing /home/airflow/.local/lib/python3.8/site-packages/airflow/example_dags/tutorial_dag.py took 0.086 seconds
[2025-05-07T19:15:30.260+0000] {processor.py:161} INFO - Started process (PID=1226) to work on /home/airflow/.local/lib/python3.8/site-packages/airflow/example_dags/tutorial_dag.py
[2025-05-07T19:15:30.261+0000] {processor.py:830} INFO - Processing file /home/airflow/.local/lib/python3.8/site-packages/airflow/example_dags/tutorial_dag.py for tasks to queue
[2025-05-07T19:15:30.264+0000] {logging_mixin.py:188} INFO - [2025-05-07T19:15:30.264+0000] {dagbag.py:538} INFO - Filling up the DagBag from /home/airflow/.local/lib/python3.8/site-packages/airflow/example_dags/tutorial_dag.py
[2025-05-07T19:15:30.271+0000] {processor.py:840} INFO - DAG(s) 'tutorial_dag' retrieved from /home/airflow/.local/lib/python3.8/site-packages/airflow/example_dags/tutorial_dag.py
[2025-05-07T19:15:30.294+0000] {logging_mixin.py:188} INFO - [2025-05-07T19:15:30.293+0000] {dag.py:3036} INFO - Sync 1 DAGs
[2025-05-07T19:15:30.306+0000] {logging_mixin.py:188} INFO - [2025-05-07T19:15:30.306+0000] {dag.py:3823} INFO - Setting next_dagrun for tutorial_dag to None, run_after=None
[2025-05-07T19:15:30.341+0000] {processor.py:183} INFO - Processing /home/airflow/.local/lib/python3.8/site-packages/airflow/example_dags/tutorial_dag.py took 0.085 seconds
[2025-05-07T19:16:00.979+0000] {processor.py:161} INFO - Started process (PID=1282) to work on /home/airflow/.local/lib/python3.8/site-packages/airflow/example_dags/tutorial_dag.py
[2025-05-07T19:16:00.981+0000] {processor.py:830} INFO - Processing file /home/airflow/.local/lib/python3.8/site-packages/airflow/example_dags/tutorial_dag.py for tasks to queue
[2025-05-07T19:16:00.985+0000] {logging_mixin.py:188} INFO - [2025-05-07T19:16:00.984+0000] {dagbag.py:538} INFO - Filling up the DagBag from /home/airflow/.local/lib/python3.8/site-packages/airflow/example_dags/tutorial_dag.py
[2025-05-07T19:16:00.996+0000] {processor.py:840} INFO - DAG(s) 'tutorial_dag' retrieved from /home/airflow/.local/lib/python3.8/site-packages/airflow/example_dags/tutorial_dag.py
[2025-05-07T19:16:01.032+0000] {logging_mixin.py:188} INFO - [2025-05-07T19:16:01.032+0000] {dag.py:3036} INFO - Sync 1 DAGs
[2025-05-07T19:16:01.046+0000] {logging_mixin.py:188} INFO - [2025-05-07T19:16:01.045+0000] {dag.py:3823} INFO - Setting next_dagrun for tutorial_dag to None, run_after=None
[2025-05-07T19:16:01.070+0000] {processor.py:183} INFO - Processing /home/airflow/.local/lib/python3.8/site-packages/airflow/example_dags/tutorial_dag.py took 0.099 seconds
[2025-05-07T19:16:31.365+0000] {processor.py:161} INFO - Started process (PID=1338) to work on /home/airflow/.local/lib/python3.8/site-packages/airflow/example_dags/tutorial_dag.py
[2025-05-07T19:16:31.368+0000] {processor.py:830} INFO - Processing file /home/airflow/.local/lib/python3.8/site-packages/airflow/example_dags/tutorial_dag.py for tasks to queue
[2025-05-07T19:16:31.370+0000] {logging_mixin.py:188} INFO - [2025-05-07T19:16:31.370+0000] {dagbag.py:538} INFO - Filling up the DagBag from /home/airflow/.local/lib/python3.8/site-packages/airflow/example_dags/tutorial_dag.py
[2025-05-07T19:16:31.376+0000] {processor.py:840} INFO - DAG(s) 'tutorial_dag' retrieved from /home/airflow/.local/lib/python3.8/site-packages/airflow/example_dags/tutorial_dag.py
[2025-05-07T19:16:31.397+0000] {logging_mixin.py:188} INFO - [2025-05-07T19:16:31.397+0000] {dag.py:3036} INFO - Sync 1 DAGs
[2025-05-07T19:16:31.410+0000] {logging_mixin.py:188} INFO - [2025-05-07T19:16:31.409+0000] {dag.py:3823} INFO - Setting next_dagrun for tutorial_dag to None, run_after=None
[2025-05-07T19:16:31.433+0000] {processor.py:183} INFO - Processing /home/airflow/.local/lib/python3.8/site-packages/airflow/example_dags/tutorial_dag.py took 0.072 seconds
[2025-05-07T19:17:02.126+0000] {processor.py:161} INFO - Started process (PID=1394) to work on /home/airflow/.local/lib/python3.8/site-packages/airflow/example_dags/tutorial_dag.py
[2025-05-07T19:17:02.127+0000] {processor.py:830} INFO - Processing file /home/airflow/.local/lib/python3.8/site-packages/airflow/example_dags/tutorial_dag.py for tasks to queue
[2025-05-07T19:17:02.130+0000] {logging_mixin.py:188} INFO - [2025-05-07T19:17:02.129+0000] {dagbag.py:538} INFO - Filling up the DagBag from /home/airflow/.local/lib/python3.8/site-packages/airflow/example_dags/tutorial_dag.py
[2025-05-07T19:17:02.136+0000] {processor.py:840} INFO - DAG(s) 'tutorial_dag' retrieved from /home/airflow/.local/lib/python3.8/site-packages/airflow/example_dags/tutorial_dag.py
[2025-05-07T19:17:02.158+0000] {logging_mixin.py:188} INFO - [2025-05-07T19:17:02.157+0000] {dag.py:3036} INFO - Sync 1 DAGs
[2025-05-07T19:17:02.173+0000] {logging_mixin.py:188} INFO - [2025-05-07T19:17:02.172+0000] {dag.py:3823} INFO - Setting next_dagrun for tutorial_dag to None, run_after=None
[2025-05-07T19:17:02.197+0000] {processor.py:183} INFO - Processing /home/airflow/.local/lib/python3.8/site-packages/airflow/example_dags/tutorial_dag.py took 0.075 seconds
[2025-05-07T19:17:32.860+0000] {processor.py:161} INFO - Started process (PID=1450) to work on /home/airflow/.local/lib/python3.8/site-packages/airflow/example_dags/tutorial_dag.py
[2025-05-07T19:17:32.863+0000] {processor.py:830} INFO - Processing file /home/airflow/.local/lib/python3.8/site-packages/airflow/example_dags/tutorial_dag.py for tasks to queue
[2025-05-07T19:17:32.866+0000] {logging_mixin.py:188} INFO - [2025-05-07T19:17:32.866+0000] {dagbag.py:538} INFO - Filling up the DagBag from /home/airflow/.local/lib/python3.8/site-packages/airflow/example_dags/tutorial_dag.py
[2025-05-07T19:17:32.877+0000] {processor.py:840} INFO - DAG(s) 'tutorial_dag' retrieved from /home/airflow/.local/lib/python3.8/site-packages/airflow/example_dags/tutorial_dag.py
[2025-05-07T19:17:32.908+0000] {logging_mixin.py:188} INFO - [2025-05-07T19:17:32.908+0000] {dag.py:3036} INFO - Sync 1 DAGs
[2025-05-07T19:17:32.937+0000] {logging_mixin.py:188} INFO - [2025-05-07T19:17:32.937+0000] {dag.py:3823} INFO - Setting next_dagrun for tutorial_dag to None, run_after=None
[2025-05-07T19:17:32.967+0000] {processor.py:183} INFO - Processing /home/airflow/.local/lib/python3.8/site-packages/airflow/example_dags/tutorial_dag.py took 0.110 seconds
[2025-05-07T19:18:03.829+0000] {processor.py:161} INFO - Started process (PID=1506) to work on /home/airflow/.local/lib/python3.8/site-packages/airflow/example_dags/tutorial_dag.py
[2025-05-07T19:18:03.831+0000] {processor.py:830} INFO - Processing file /home/airflow/.local/lib/python3.8/site-packages/airflow/example_dags/tutorial_dag.py for tasks to queue
[2025-05-07T19:18:03.833+0000] {logging_mixin.py:188} INFO - [2025-05-07T19:18:03.833+0000] {dagbag.py:538} INFO - Filling up the DagBag from /home/airflow/.local/lib/python3.8/site-packages/airflow/example_dags/tutorial_dag.py
[2025-05-07T19:18:03.841+0000] {processor.py:840} INFO - DAG(s) 'tutorial_dag' retrieved from /home/airflow/.local/lib/python3.8/site-packages/airflow/example_dags/tutorial_dag.py
[2025-05-07T19:18:03.860+0000] {logging_mixin.py:188} INFO - [2025-05-07T19:18:03.860+0000] {dag.py:3036} INFO - Sync 1 DAGs
[2025-05-07T19:18:03.872+0000] {logging_mixin.py:188} INFO - [2025-05-07T19:18:03.871+0000] {dag.py:3823} INFO - Setting next_dagrun for tutorial_dag to None, run_after=None
[2025-05-07T19:18:03.889+0000] {processor.py:183} INFO - Processing /home/airflow/.local/lib/python3.8/site-packages/airflow/example_dags/tutorial_dag.py took 0.065 seconds
[2025-05-07T19:18:34.237+0000] {processor.py:161} INFO - Started process (PID=1562) to work on /home/airflow/.local/lib/python3.8/site-packages/airflow/example_dags/tutorial_dag.py
[2025-05-07T19:18:34.238+0000] {processor.py:830} INFO - Processing file /home/airflow/.local/lib/python3.8/site-packages/airflow/example_dags/tutorial_dag.py for tasks to queue
[2025-05-07T19:18:34.240+0000] {logging_mixin.py:188} INFO - [2025-05-07T19:18:34.240+0000] {dagbag.py:538} INFO - Filling up the DagBag from /home/airflow/.local/lib/python3.8/site-packages/airflow/example_dags/tutorial_dag.py
[2025-05-07T19:18:34.246+0000] {processor.py:840} INFO - DAG(s) 'tutorial_dag' retrieved from /home/airflow/.local/lib/python3.8/site-packages/airflow/example_dags/tutorial_dag.py
[2025-05-07T19:18:34.264+0000] {logging_mixin.py:188} INFO - [2025-05-07T19:18:34.263+0000] {dag.py:3036} INFO - Sync 1 DAGs
[2025-05-07T19:18:34.275+0000] {logging_mixin.py:188} INFO - [2025-05-07T19:18:34.274+0000] {dag.py:3823} INFO - Setting next_dagrun for tutorial_dag to None, run_after=None
[2025-05-07T19:18:34.294+0000] {processor.py:183} INFO - Processing /home/airflow/.local/lib/python3.8/site-packages/airflow/example_dags/tutorial_dag.py took 0.060 seconds
[2025-05-07T19:19:04.689+0000] {processor.py:161} INFO - Started process (PID=1618) to work on /home/airflow/.local/lib/python3.8/site-packages/airflow/example_dags/tutorial_dag.py
[2025-05-07T19:19:04.690+0000] {processor.py:830} INFO - Processing file /home/airflow/.local/lib/python3.8/site-packages/airflow/example_dags/tutorial_dag.py for tasks to queue
[2025-05-07T19:19:04.692+0000] {logging_mixin.py:188} INFO - [2025-05-07T19:19:04.692+0000] {dagbag.py:538} INFO - Filling up the DagBag from /home/airflow/.local/lib/python3.8/site-packages/airflow/example_dags/tutorial_dag.py
[2025-05-07T19:19:04.698+0000] {processor.py:840} INFO - DAG(s) 'tutorial_dag' retrieved from /home/airflow/.local/lib/python3.8/site-packages/airflow/example_dags/tutorial_dag.py
[2025-05-07T19:19:04.718+0000] {logging_mixin.py:188} INFO - [2025-05-07T19:19:04.717+0000] {dag.py:3036} INFO - Sync 1 DAGs
[2025-05-07T19:19:04.730+0000] {logging_mixin.py:188} INFO - [2025-05-07T19:19:04.729+0000] {dag.py:3823} INFO - Setting next_dagrun for tutorial_dag to None, run_after=None
[2025-05-07T19:19:04.747+0000] {processor.py:183} INFO - Processing /home/airflow/.local/lib/python3.8/site-packages/airflow/example_dags/tutorial_dag.py took 0.062 seconds
[2025-05-07T19:19:36.729+0000] {processor.py:161} INFO - Started process (PID=1674) to work on /home/airflow/.local/lib/python3.8/site-packages/airflow/example_dags/tutorial_dag.py
[2025-05-07T19:19:36.733+0000] {processor.py:830} INFO - Processing file /home/airflow/.local/lib/python3.8/site-packages/airflow/example_dags/tutorial_dag.py for tasks to queue
[2025-05-07T19:19:36.738+0000] {logging_mixin.py:188} INFO - [2025-05-07T19:19:36.737+0000] {dagbag.py:538} INFO - Filling up the DagBag from /home/airflow/.local/lib/python3.8/site-packages/airflow/example_dags/tutorial_dag.py
[2025-05-07T19:19:36.746+0000] {processor.py:840} INFO - DAG(s) 'tutorial_dag' retrieved from /home/airflow/.local/lib/python3.8/site-packages/airflow/example_dags/tutorial_dag.py
[2025-05-07T19:19:36.766+0000] {logging_mixin.py:188} INFO - [2025-05-07T19:19:36.766+0000] {dag.py:3036} INFO - Sync 1 DAGs
[2025-05-07T19:19:36.778+0000] {logging_mixin.py:188} INFO - [2025-05-07T19:19:36.778+0000] {dag.py:3823} INFO - Setting next_dagrun for tutorial_dag to None, run_after=None
[2025-05-07T19:19:36.797+0000] {processor.py:183} INFO - Processing /home/airflow/.local/lib/python3.8/site-packages/airflow/example_dags/tutorial_dag.py took 0.074 seconds
[2025-05-07T19:20:07.492+0000] {processor.py:161} INFO - Started process (PID=1730) to work on /home/airflow/.local/lib/python3.8/site-packages/airflow/example_dags/tutorial_dag.py
[2025-05-07T19:20:07.494+0000] {processor.py:830} INFO - Processing file /home/airflow/.local/lib/python3.8/site-packages/airflow/example_dags/tutorial_dag.py for tasks to queue
[2025-05-07T19:20:07.496+0000] {logging_mixin.py:188} INFO - [2025-05-07T19:20:07.496+0000] {dagbag.py:538} INFO - Filling up the DagBag from /home/airflow/.local/lib/python3.8/site-packages/airflow/example_dags/tutorial_dag.py
[2025-05-07T19:20:07.502+0000] {processor.py:840} INFO - DAG(s) 'tutorial_dag' retrieved from /home/airflow/.local/lib/python3.8/site-packages/airflow/example_dags/tutorial_dag.py
[2025-05-07T19:20:07.525+0000] {logging_mixin.py:188} INFO - [2025-05-07T19:20:07.525+0000] {dag.py:3036} INFO - Sync 1 DAGs
[2025-05-07T19:20:07.537+0000] {logging_mixin.py:188} INFO - [2025-05-07T19:20:07.537+0000] {dag.py:3823} INFO - Setting next_dagrun for tutorial_dag to None, run_after=None
[2025-05-07T19:20:07.558+0000] {processor.py:183} INFO - Processing /home/airflow/.local/lib/python3.8/site-packages/airflow/example_dags/tutorial_dag.py took 0.069 seconds
[2025-05-07T19:20:37.854+0000] {processor.py:161} INFO - Started process (PID=1787) to work on /home/airflow/.local/lib/python3.8/site-packages/airflow/example_dags/tutorial_dag.py
[2025-05-07T19:20:37.855+0000] {processor.py:830} INFO - Processing file /home/airflow/.local/lib/python3.8/site-packages/airflow/example_dags/tutorial_dag.py for tasks to queue
[2025-05-07T19:20:37.858+0000] {logging_mixin.py:188} INFO - [2025-05-07T19:20:37.858+0000] {dagbag.py:538} INFO - Filling up the DagBag from /home/airflow/.local/lib/python3.8/site-packages/airflow/example_dags/tutorial_dag.py
[2025-05-07T19:20:37.865+0000] {processor.py:840} INFO - DAG(s) 'tutorial_dag' retrieved from /home/airflow/.local/lib/python3.8/site-packages/airflow/example_dags/tutorial_dag.py
[2025-05-07T19:20:37.886+0000] {logging_mixin.py:188} INFO - [2025-05-07T19:20:37.886+0000] {dag.py:3036} INFO - Sync 1 DAGs
[2025-05-07T19:20:37.899+0000] {logging_mixin.py:188} INFO - [2025-05-07T19:20:37.899+0000] {dag.py:3823} INFO - Setting next_dagrun for tutorial_dag to None, run_after=None
[2025-05-07T19:20:37.921+0000] {processor.py:183} INFO - Processing /home/airflow/.local/lib/python3.8/site-packages/airflow/example_dags/tutorial_dag.py took 0.071 seconds
[2025-05-07T19:22:05.071+0000] {processor.py:161} INFO - Started process (PID=108) to work on /home/airflow/.local/lib/python3.8/site-packages/airflow/example_dags/tutorial_dag.py
[2025-05-07T19:22:05.073+0000] {processor.py:830} INFO - Processing file /home/airflow/.local/lib/python3.8/site-packages/airflow/example_dags/tutorial_dag.py for tasks to queue
[2025-05-07T19:22:05.075+0000] {logging_mixin.py:188} INFO - [2025-05-07T19:22:05.075+0000] {dagbag.py:538} INFO - Filling up the DagBag from /home/airflow/.local/lib/python3.8/site-packages/airflow/example_dags/tutorial_dag.py
[2025-05-07T19:22:05.083+0000] {processor.py:840} INFO - DAG(s) 'tutorial_dag' retrieved from /home/airflow/.local/lib/python3.8/site-packages/airflow/example_dags/tutorial_dag.py
[2025-05-07T19:22:05.102+0000] {logging_mixin.py:188} INFO - [2025-05-07T19:22:05.102+0000] {dag.py:3036} INFO - Sync 1 DAGs
[2025-05-07T19:22:05.122+0000] {logging_mixin.py:188} INFO - [2025-05-07T19:22:05.122+0000] {dag.py:3823} INFO - Setting next_dagrun for tutorial_dag to None, run_after=None
[2025-05-07T19:22:05.159+0000] {processor.py:183} INFO - Processing /home/airflow/.local/lib/python3.8/site-packages/airflow/example_dags/tutorial_dag.py took 0.093 seconds
[2025-05-07T19:22:36.536+0000] {processor.py:161} INFO - Started process (PID=171) to work on /home/airflow/.local/lib/python3.8/site-packages/airflow/example_dags/tutorial_dag.py
[2025-05-07T19:22:36.538+0000] {processor.py:830} INFO - Processing file /home/airflow/.local/lib/python3.8/site-packages/airflow/example_dags/tutorial_dag.py for tasks to queue
[2025-05-07T19:22:36.541+0000] {logging_mixin.py:188} INFO - [2025-05-07T19:22:36.540+0000] {dagbag.py:538} INFO - Filling up the DagBag from /home/airflow/.local/lib/python3.8/site-packages/airflow/example_dags/tutorial_dag.py
[2025-05-07T19:22:36.548+0000] {processor.py:840} INFO - DAG(s) 'tutorial_dag' retrieved from /home/airflow/.local/lib/python3.8/site-packages/airflow/example_dags/tutorial_dag.py
[2025-05-07T19:22:36.662+0000] {logging_mixin.py:188} INFO - [2025-05-07T19:22:36.662+0000] {dag.py:3036} INFO - Sync 1 DAGs
[2025-05-07T19:22:36.675+0000] {logging_mixin.py:188} INFO - [2025-05-07T19:22:36.674+0000] {dag.py:3823} INFO - Setting next_dagrun for tutorial_dag to None, run_after=None
[2025-05-07T19:22:36.702+0000] {processor.py:183} INFO - Processing /home/airflow/.local/lib/python3.8/site-packages/airflow/example_dags/tutorial_dag.py took 0.169 seconds
[2025-05-07T19:23:06.822+0000] {processor.py:161} INFO - Started process (PID=227) to work on /home/airflow/.local/lib/python3.8/site-packages/airflow/example_dags/tutorial_dag.py
[2025-05-07T19:23:06.824+0000] {processor.py:830} INFO - Processing file /home/airflow/.local/lib/python3.8/site-packages/airflow/example_dags/tutorial_dag.py for tasks to queue
[2025-05-07T19:23:06.827+0000] {logging_mixin.py:188} INFO - [2025-05-07T19:23:06.826+0000] {dagbag.py:538} INFO - Filling up the DagBag from /home/airflow/.local/lib/python3.8/site-packages/airflow/example_dags/tutorial_dag.py
[2025-05-07T19:23:06.835+0000] {processor.py:840} INFO - DAG(s) 'tutorial_dag' retrieved from /home/airflow/.local/lib/python3.8/site-packages/airflow/example_dags/tutorial_dag.py
[2025-05-07T19:23:06.861+0000] {logging_mixin.py:188} INFO - [2025-05-07T19:23:06.861+0000] {dag.py:3036} INFO - Sync 1 DAGs
[2025-05-07T19:23:06.880+0000] {logging_mixin.py:188} INFO - [2025-05-07T19:23:06.879+0000] {dag.py:3823} INFO - Setting next_dagrun for tutorial_dag to None, run_after=None
[2025-05-07T19:23:06.903+0000] {processor.py:183} INFO - Processing /home/airflow/.local/lib/python3.8/site-packages/airflow/example_dags/tutorial_dag.py took 0.084 seconds
[2025-05-07T19:23:37.141+0000] {processor.py:161} INFO - Started process (PID=288) to work on /home/airflow/.local/lib/python3.8/site-packages/airflow/example_dags/tutorial_dag.py
[2025-05-07T19:23:37.142+0000] {processor.py:830} INFO - Processing file /home/airflow/.local/lib/python3.8/site-packages/airflow/example_dags/tutorial_dag.py for tasks to queue
[2025-05-07T19:23:37.145+0000] {logging_mixin.py:188} INFO - [2025-05-07T19:23:37.144+0000] {dagbag.py:538} INFO - Filling up the DagBag from /home/airflow/.local/lib/python3.8/site-packages/airflow/example_dags/tutorial_dag.py
[2025-05-07T19:23:37.151+0000] {processor.py:840} INFO - DAG(s) 'tutorial_dag' retrieved from /home/airflow/.local/lib/python3.8/site-packages/airflow/example_dags/tutorial_dag.py
[2025-05-07T19:23:37.174+0000] {logging_mixin.py:188} INFO - [2025-05-07T19:23:37.174+0000] {dag.py:3036} INFO - Sync 1 DAGs
[2025-05-07T19:23:37.186+0000] {logging_mixin.py:188} INFO - [2025-05-07T19:23:37.186+0000] {dag.py:3823} INFO - Setting next_dagrun for tutorial_dag to None, run_after=None
[2025-05-07T19:23:37.211+0000] {processor.py:183} INFO - Processing /home/airflow/.local/lib/python3.8/site-packages/airflow/example_dags/tutorial_dag.py took 0.075 seconds
[2025-05-07T19:24:07.778+0000] {processor.py:161} INFO - Started process (PID=346) to work on /home/airflow/.local/lib/python3.8/site-packages/airflow/example_dags/tutorial_dag.py
[2025-05-07T19:24:07.779+0000] {processor.py:830} INFO - Processing file /home/airflow/.local/lib/python3.8/site-packages/airflow/example_dags/tutorial_dag.py for tasks to queue
[2025-05-07T19:24:07.783+0000] {logging_mixin.py:188} INFO - [2025-05-07T19:24:07.782+0000] {dagbag.py:538} INFO - Filling up the DagBag from /home/airflow/.local/lib/python3.8/site-packages/airflow/example_dags/tutorial_dag.py
[2025-05-07T19:24:07.790+0000] {processor.py:840} INFO - DAG(s) 'tutorial_dag' retrieved from /home/airflow/.local/lib/python3.8/site-packages/airflow/example_dags/tutorial_dag.py
[2025-05-07T19:24:07.818+0000] {logging_mixin.py:188} INFO - [2025-05-07T19:24:07.818+0000] {dag.py:3036} INFO - Sync 1 DAGs
[2025-05-07T19:24:07.831+0000] {logging_mixin.py:188} INFO - [2025-05-07T19:24:07.831+0000] {dag.py:3823} INFO - Setting next_dagrun for tutorial_dag to None, run_after=None
[2025-05-07T19:24:07.855+0000] {processor.py:183} INFO - Processing /home/airflow/.local/lib/python3.8/site-packages/airflow/example_dags/tutorial_dag.py took 0.083 seconds
[2025-05-07T19:24:38.272+0000] {processor.py:161} INFO - Started process (PID=410) to work on /home/airflow/.local/lib/python3.8/site-packages/airflow/example_dags/tutorial_dag.py
[2025-05-07T19:24:38.274+0000] {processor.py:830} INFO - Processing file /home/airflow/.local/lib/python3.8/site-packages/airflow/example_dags/tutorial_dag.py for tasks to queue
[2025-05-07T19:24:38.277+0000] {logging_mixin.py:188} INFO - [2025-05-07T19:24:38.276+0000] {dagbag.py:538} INFO - Filling up the DagBag from /home/airflow/.local/lib/python3.8/site-packages/airflow/example_dags/tutorial_dag.py
[2025-05-07T19:24:38.283+0000] {processor.py:840} INFO - DAG(s) 'tutorial_dag' retrieved from /home/airflow/.local/lib/python3.8/site-packages/airflow/example_dags/tutorial_dag.py
[2025-05-07T19:24:38.304+0000] {logging_mixin.py:188} INFO - [2025-05-07T19:24:38.304+0000] {dag.py:3036} INFO - Sync 1 DAGs
[2025-05-07T19:24:38.315+0000] {logging_mixin.py:188} INFO - [2025-05-07T19:24:38.315+0000] {dag.py:3823} INFO - Setting next_dagrun for tutorial_dag to None, run_after=None
[2025-05-07T19:24:38.337+0000] {processor.py:183} INFO - Processing /home/airflow/.local/lib/python3.8/site-packages/airflow/example_dags/tutorial_dag.py took 0.069 seconds
[2025-05-07T19:25:08.633+0000] {processor.py:161} INFO - Started process (PID=467) to work on /home/airflow/.local/lib/python3.8/site-packages/airflow/example_dags/tutorial_dag.py
[2025-05-07T19:25:08.636+0000] {processor.py:830} INFO - Processing file /home/airflow/.local/lib/python3.8/site-packages/airflow/example_dags/tutorial_dag.py for tasks to queue
[2025-05-07T19:25:08.640+0000] {logging_mixin.py:188} INFO - [2025-05-07T19:25:08.640+0000] {dagbag.py:538} INFO - Filling up the DagBag from /home/airflow/.local/lib/python3.8/site-packages/airflow/example_dags/tutorial_dag.py
[2025-05-07T19:25:08.649+0000] {processor.py:840} INFO - DAG(s) 'tutorial_dag' retrieved from /home/airflow/.local/lib/python3.8/site-packages/airflow/example_dags/tutorial_dag.py
[2025-05-07T19:25:08.677+0000] {logging_mixin.py:188} INFO - [2025-05-07T19:25:08.677+0000] {dag.py:3036} INFO - Sync 1 DAGs
[2025-05-07T19:25:08.691+0000] {logging_mixin.py:188} INFO - [2025-05-07T19:25:08.691+0000] {dag.py:3823} INFO - Setting next_dagrun for tutorial_dag to None, run_after=None
[2025-05-07T19:25:08.715+0000] {processor.py:183} INFO - Processing /home/airflow/.local/lib/python3.8/site-packages/airflow/example_dags/tutorial_dag.py took 0.085 seconds
[2025-05-07T19:25:39.559+0000] {processor.py:161} INFO - Started process (PID=524) to work on /home/airflow/.local/lib/python3.8/site-packages/airflow/example_dags/tutorial_dag.py
[2025-05-07T19:25:39.561+0000] {processor.py:830} INFO - Processing file /home/airflow/.local/lib/python3.8/site-packages/airflow/example_dags/tutorial_dag.py for tasks to queue
[2025-05-07T19:25:39.563+0000] {logging_mixin.py:188} INFO - [2025-05-07T19:25:39.563+0000] {dagbag.py:538} INFO - Filling up the DagBag from /home/airflow/.local/lib/python3.8/site-packages/airflow/example_dags/tutorial_dag.py
[2025-05-07T19:25:39.569+0000] {processor.py:840} INFO - DAG(s) 'tutorial_dag' retrieved from /home/airflow/.local/lib/python3.8/site-packages/airflow/example_dags/tutorial_dag.py
[2025-05-07T19:25:39.589+0000] {logging_mixin.py:188} INFO - [2025-05-07T19:25:39.589+0000] {dag.py:3036} INFO - Sync 1 DAGs
[2025-05-07T19:25:39.600+0000] {logging_mixin.py:188} INFO - [2025-05-07T19:25:39.600+0000] {dag.py:3823} INFO - Setting next_dagrun for tutorial_dag to None, run_after=None
[2025-05-07T19:25:39.622+0000] {processor.py:183} INFO - Processing /home/airflow/.local/lib/python3.8/site-packages/airflow/example_dags/tutorial_dag.py took 0.066 seconds
[2025-05-07T19:26:09.990+0000] {processor.py:161} INFO - Started process (PID=585) to work on /home/airflow/.local/lib/python3.8/site-packages/airflow/example_dags/tutorial_dag.py
[2025-05-07T19:26:09.992+0000] {processor.py:830} INFO - Processing file /home/airflow/.local/lib/python3.8/site-packages/airflow/example_dags/tutorial_dag.py for tasks to queue
[2025-05-07T19:26:09.994+0000] {logging_mixin.py:188} INFO - [2025-05-07T19:26:09.994+0000] {dagbag.py:538} INFO - Filling up the DagBag from /home/airflow/.local/lib/python3.8/site-packages/airflow/example_dags/tutorial_dag.py
[2025-05-07T19:26:10.001+0000] {processor.py:840} INFO - DAG(s) 'tutorial_dag' retrieved from /home/airflow/.local/lib/python3.8/site-packages/airflow/example_dags/tutorial_dag.py
[2025-05-07T19:26:10.032+0000] {logging_mixin.py:188} INFO - [2025-05-07T19:26:10.031+0000] {dag.py:3036} INFO - Sync 1 DAGs
[2025-05-07T19:26:10.048+0000] {logging_mixin.py:188} INFO - [2025-05-07T19:26:10.047+0000] {dag.py:3823} INFO - Setting next_dagrun for tutorial_dag to None, run_after=None
[2025-05-07T19:26:10.075+0000] {processor.py:183} INFO - Processing /home/airflow/.local/lib/python3.8/site-packages/airflow/example_dags/tutorial_dag.py took 0.088 seconds
[2025-05-07T19:26:41.562+0000] {processor.py:161} INFO - Started process (PID=650) to work on /home/airflow/.local/lib/python3.8/site-packages/airflow/example_dags/tutorial_dag.py
[2025-05-07T19:26:41.566+0000] {processor.py:830} INFO - Processing file /home/airflow/.local/lib/python3.8/site-packages/airflow/example_dags/tutorial_dag.py for tasks to queue
[2025-05-07T19:26:41.570+0000] {logging_mixin.py:188} INFO - [2025-05-07T19:26:41.570+0000] {dagbag.py:538} INFO - Filling up the DagBag from /home/airflow/.local/lib/python3.8/site-packages/airflow/example_dags/tutorial_dag.py
[2025-05-07T19:26:41.578+0000] {processor.py:840} INFO - DAG(s) 'tutorial_dag' retrieved from /home/airflow/.local/lib/python3.8/site-packages/airflow/example_dags/tutorial_dag.py
[2025-05-07T19:26:41.604+0000] {logging_mixin.py:188} INFO - [2025-05-07T19:26:41.603+0000] {dag.py:3036} INFO - Sync 1 DAGs
[2025-05-07T19:26:41.619+0000] {logging_mixin.py:188} INFO - [2025-05-07T19:26:41.619+0000] {dag.py:3823} INFO - Setting next_dagrun for tutorial_dag to None, run_after=None
[2025-05-07T19:26:41.639+0000] {processor.py:183} INFO - Processing /home/airflow/.local/lib/python3.8/site-packages/airflow/example_dags/tutorial_dag.py took 0.085 seconds
[2025-05-07T19:27:12.180+0000] {processor.py:161} INFO - Started process (PID=707) to work on /home/airflow/.local/lib/python3.8/site-packages/airflow/example_dags/tutorial_dag.py
[2025-05-07T19:27:12.181+0000] {processor.py:830} INFO - Processing file /home/airflow/.local/lib/python3.8/site-packages/airflow/example_dags/tutorial_dag.py for tasks to queue
[2025-05-07T19:27:12.184+0000] {logging_mixin.py:188} INFO - [2025-05-07T19:27:12.184+0000] {dagbag.py:538} INFO - Filling up the DagBag from /home/airflow/.local/lib/python3.8/site-packages/airflow/example_dags/tutorial_dag.py
[2025-05-07T19:27:12.191+0000] {processor.py:840} INFO - DAG(s) 'tutorial_dag' retrieved from /home/airflow/.local/lib/python3.8/site-packages/airflow/example_dags/tutorial_dag.py
[2025-05-07T19:27:12.220+0000] {logging_mixin.py:188} INFO - [2025-05-07T19:27:12.219+0000] {dag.py:3036} INFO - Sync 1 DAGs
[2025-05-07T19:27:12.241+0000] {logging_mixin.py:188} INFO - [2025-05-07T19:27:12.241+0000] {dag.py:3823} INFO - Setting next_dagrun for tutorial_dag to None, run_after=None
[2025-05-07T19:27:12.273+0000] {processor.py:183} INFO - Processing /home/airflow/.local/lib/python3.8/site-packages/airflow/example_dags/tutorial_dag.py took 0.096 seconds
[2025-05-07T19:27:43.412+0000] {processor.py:161} INFO - Started process (PID=765) to work on /home/airflow/.local/lib/python3.8/site-packages/airflow/example_dags/tutorial_dag.py
[2025-05-07T19:27:43.414+0000] {processor.py:830} INFO - Processing file /home/airflow/.local/lib/python3.8/site-packages/airflow/example_dags/tutorial_dag.py for tasks to queue
[2025-05-07T19:27:43.416+0000] {logging_mixin.py:188} INFO - [2025-05-07T19:27:43.416+0000] {dagbag.py:538} INFO - Filling up the DagBag from /home/airflow/.local/lib/python3.8/site-packages/airflow/example_dags/tutorial_dag.py
[2025-05-07T19:27:43.425+0000] {processor.py:840} INFO - DAG(s) 'tutorial_dag' retrieved from /home/airflow/.local/lib/python3.8/site-packages/airflow/example_dags/tutorial_dag.py
[2025-05-07T19:27:43.453+0000] {logging_mixin.py:188} INFO - [2025-05-07T19:27:43.453+0000] {dag.py:3036} INFO - Sync 1 DAGs
[2025-05-07T19:27:43.474+0000] {logging_mixin.py:188} INFO - [2025-05-07T19:27:43.473+0000] {dag.py:3823} INFO - Setting next_dagrun for tutorial_dag to None, run_after=None
[2025-05-07T19:27:43.500+0000] {processor.py:183} INFO - Processing /home/airflow/.local/lib/python3.8/site-packages/airflow/example_dags/tutorial_dag.py took 0.093 seconds
[2025-05-07T19:28:13.736+0000] {processor.py:161} INFO - Started process (PID=822) to work on /home/airflow/.local/lib/python3.8/site-packages/airflow/example_dags/tutorial_dag.py
[2025-05-07T19:28:13.737+0000] {processor.py:830} INFO - Processing file /home/airflow/.local/lib/python3.8/site-packages/airflow/example_dags/tutorial_dag.py for tasks to queue
[2025-05-07T19:28:13.741+0000] {logging_mixin.py:188} INFO - [2025-05-07T19:28:13.740+0000] {dagbag.py:538} INFO - Filling up the DagBag from /home/airflow/.local/lib/python3.8/site-packages/airflow/example_dags/tutorial_dag.py
[2025-05-07T19:28:13.747+0000] {processor.py:840} INFO - DAG(s) 'tutorial_dag' retrieved from /home/airflow/.local/lib/python3.8/site-packages/airflow/example_dags/tutorial_dag.py
[2025-05-07T19:28:13.769+0000] {logging_mixin.py:188} INFO - [2025-05-07T19:28:13.768+0000] {dag.py:3036} INFO - Sync 1 DAGs
[2025-05-07T19:28:13.781+0000] {logging_mixin.py:188} INFO - [2025-05-07T19:28:13.781+0000] {dag.py:3823} INFO - Setting next_dagrun for tutorial_dag to None, run_after=None
[2025-05-07T19:28:13.801+0000] {processor.py:183} INFO - Processing /home/airflow/.local/lib/python3.8/site-packages/airflow/example_dags/tutorial_dag.py took 0.071 seconds
[2025-05-07T19:28:44.747+0000] {processor.py:161} INFO - Started process (PID=879) to work on /home/airflow/.local/lib/python3.8/site-packages/airflow/example_dags/tutorial_dag.py
[2025-05-07T19:28:44.749+0000] {processor.py:830} INFO - Processing file /home/airflow/.local/lib/python3.8/site-packages/airflow/example_dags/tutorial_dag.py for tasks to queue
[2025-05-07T19:28:44.752+0000] {logging_mixin.py:188} INFO - [2025-05-07T19:28:44.752+0000] {dagbag.py:538} INFO - Filling up the DagBag from /home/airflow/.local/lib/python3.8/site-packages/airflow/example_dags/tutorial_dag.py
[2025-05-07T19:28:44.759+0000] {processor.py:840} INFO - DAG(s) 'tutorial_dag' retrieved from /home/airflow/.local/lib/python3.8/site-packages/airflow/example_dags/tutorial_dag.py
[2025-05-07T19:28:44.782+0000] {logging_mixin.py:188} INFO - [2025-05-07T19:28:44.782+0000] {dag.py:3036} INFO - Sync 1 DAGs
[2025-05-07T19:28:44.796+0000] {logging_mixin.py:188} INFO - [2025-05-07T19:28:44.796+0000] {dag.py:3823} INFO - Setting next_dagrun for tutorial_dag to None, run_after=None
[2025-05-07T19:28:44.820+0000] {processor.py:183} INFO - Processing /home/airflow/.local/lib/python3.8/site-packages/airflow/example_dags/tutorial_dag.py took 0.078 seconds
[2025-05-07T19:29:15.119+0000] {processor.py:161} INFO - Started process (PID=936) to work on /home/airflow/.local/lib/python3.8/site-packages/airflow/example_dags/tutorial_dag.py
[2025-05-07T19:29:15.120+0000] {processor.py:830} INFO - Processing file /home/airflow/.local/lib/python3.8/site-packages/airflow/example_dags/tutorial_dag.py for tasks to queue
[2025-05-07T19:29:15.122+0000] {logging_mixin.py:188} INFO - [2025-05-07T19:29:15.122+0000] {dagbag.py:538} INFO - Filling up the DagBag from /home/airflow/.local/lib/python3.8/site-packages/airflow/example_dags/tutorial_dag.py
[2025-05-07T19:29:15.128+0000] {processor.py:840} INFO - DAG(s) 'tutorial_dag' retrieved from /home/airflow/.local/lib/python3.8/site-packages/airflow/example_dags/tutorial_dag.py
[2025-05-07T19:29:15.146+0000] {logging_mixin.py:188} INFO - [2025-05-07T19:29:15.146+0000] {dag.py:3036} INFO - Sync 1 DAGs
[2025-05-07T19:29:15.158+0000] {logging_mixin.py:188} INFO - [2025-05-07T19:29:15.157+0000] {dag.py:3823} INFO - Setting next_dagrun for tutorial_dag to None, run_after=None
[2025-05-07T19:29:15.180+0000] {processor.py:183} INFO - Processing /home/airflow/.local/lib/python3.8/site-packages/airflow/example_dags/tutorial_dag.py took 0.064 seconds
[2025-05-07T19:29:45.937+0000] {processor.py:161} INFO - Started process (PID=993) to work on /home/airflow/.local/lib/python3.8/site-packages/airflow/example_dags/tutorial_dag.py
[2025-05-07T19:29:45.939+0000] {processor.py:830} INFO - Processing file /home/airflow/.local/lib/python3.8/site-packages/airflow/example_dags/tutorial_dag.py for tasks to queue
[2025-05-07T19:29:45.944+0000] {logging_mixin.py:188} INFO - [2025-05-07T19:29:45.943+0000] {dagbag.py:538} INFO - Filling up the DagBag from /home/airflow/.local/lib/python3.8/site-packages/airflow/example_dags/tutorial_dag.py
[2025-05-07T19:29:45.951+0000] {processor.py:840} INFO - DAG(s) 'tutorial_dag' retrieved from /home/airflow/.local/lib/python3.8/site-packages/airflow/example_dags/tutorial_dag.py
[2025-05-07T19:29:45.978+0000] {logging_mixin.py:188} INFO - [2025-05-07T19:29:45.978+0000] {dag.py:3036} INFO - Sync 1 DAGs
[2025-05-07T19:29:45.991+0000] {logging_mixin.py:188} INFO - [2025-05-07T19:29:45.991+0000] {dag.py:3823} INFO - Setting next_dagrun for tutorial_dag to None, run_after=None
[2025-05-07T19:29:46.014+0000] {processor.py:183} INFO - Processing /home/airflow/.local/lib/python3.8/site-packages/airflow/example_dags/tutorial_dag.py took 0.080 seconds
[2025-05-07T19:33:18.839+0000] {processor.py:161} INFO - Started process (PID=109) to work on /home/airflow/.local/lib/python3.8/site-packages/airflow/example_dags/tutorial_dag.py
[2025-05-07T19:33:18.840+0000] {processor.py:830} INFO - Processing file /home/airflow/.local/lib/python3.8/site-packages/airflow/example_dags/tutorial_dag.py for tasks to queue
[2025-05-07T19:33:18.842+0000] {logging_mixin.py:188} INFO - [2025-05-07T19:33:18.842+0000] {dagbag.py:538} INFO - Filling up the DagBag from /home/airflow/.local/lib/python3.8/site-packages/airflow/example_dags/tutorial_dag.py
[2025-05-07T19:33:18.851+0000] {processor.py:840} INFO - DAG(s) 'tutorial_dag' retrieved from /home/airflow/.local/lib/python3.8/site-packages/airflow/example_dags/tutorial_dag.py
[2025-05-07T19:33:18.867+0000] {logging_mixin.py:188} INFO - [2025-05-07T19:33:18.867+0000] {dag.py:3036} INFO - Sync 1 DAGs
[2025-05-07T19:33:18.883+0000] {logging_mixin.py:188} INFO - [2025-05-07T19:33:18.882+0000] {dag.py:3823} INFO - Setting next_dagrun for tutorial_dag to None, run_after=None
[2025-05-07T19:33:18.907+0000] {processor.py:183} INFO - Processing /home/airflow/.local/lib/python3.8/site-packages/airflow/example_dags/tutorial_dag.py took 0.071 seconds
[2025-05-07T19:33:51.739+0000] {processor.py:161} INFO - Started process (PID=166) to work on /home/airflow/.local/lib/python3.8/site-packages/airflow/example_dags/tutorial_dag.py
[2025-05-07T19:33:51.740+0000] {processor.py:830} INFO - Processing file /home/airflow/.local/lib/python3.8/site-packages/airflow/example_dags/tutorial_dag.py for tasks to queue
[2025-05-07T19:33:51.742+0000] {logging_mixin.py:188} INFO - [2025-05-07T19:33:51.742+0000] {dagbag.py:538} INFO - Filling up the DagBag from /home/airflow/.local/lib/python3.8/site-packages/airflow/example_dags/tutorial_dag.py
[2025-05-07T19:33:51.749+0000] {processor.py:840} INFO - DAG(s) 'tutorial_dag' retrieved from /home/airflow/.local/lib/python3.8/site-packages/airflow/example_dags/tutorial_dag.py
[2025-05-07T19:33:51.873+0000] {logging_mixin.py:188} INFO - [2025-05-07T19:33:51.873+0000] {dag.py:3036} INFO - Sync 1 DAGs
[2025-05-07T19:33:51.886+0000] {logging_mixin.py:188} INFO - [2025-05-07T19:33:51.886+0000] {dag.py:3823} INFO - Setting next_dagrun for tutorial_dag to None, run_after=None
[2025-05-07T19:33:51.912+0000] {processor.py:183} INFO - Processing /home/airflow/.local/lib/python3.8/site-packages/airflow/example_dags/tutorial_dag.py took 0.177 seconds
[2025-05-07T19:34:22.453+0000] {processor.py:161} INFO - Started process (PID=223) to work on /home/airflow/.local/lib/python3.8/site-packages/airflow/example_dags/tutorial_dag.py
[2025-05-07T19:34:22.455+0000] {processor.py:830} INFO - Processing file /home/airflow/.local/lib/python3.8/site-packages/airflow/example_dags/tutorial_dag.py for tasks to queue
[2025-05-07T19:34:22.457+0000] {logging_mixin.py:188} INFO - [2025-05-07T19:34:22.457+0000] {dagbag.py:538} INFO - Filling up the DagBag from /home/airflow/.local/lib/python3.8/site-packages/airflow/example_dags/tutorial_dag.py
[2025-05-07T19:34:22.463+0000] {processor.py:840} INFO - DAG(s) 'tutorial_dag' retrieved from /home/airflow/.local/lib/python3.8/site-packages/airflow/example_dags/tutorial_dag.py
[2025-05-07T19:34:22.484+0000] {logging_mixin.py:188} INFO - [2025-05-07T19:34:22.483+0000] {dag.py:3036} INFO - Sync 1 DAGs
[2025-05-07T19:34:22.498+0000] {logging_mixin.py:188} INFO - [2025-05-07T19:34:22.498+0000] {dag.py:3823} INFO - Setting next_dagrun for tutorial_dag to None, run_after=None
[2025-05-07T19:34:22.517+0000] {processor.py:183} INFO - Processing /home/airflow/.local/lib/python3.8/site-packages/airflow/example_dags/tutorial_dag.py took 0.068 seconds
[2025-05-07T19:34:52.962+0000] {processor.py:161} INFO - Started process (PID=280) to work on /home/airflow/.local/lib/python3.8/site-packages/airflow/example_dags/tutorial_dag.py
[2025-05-07T19:34:52.964+0000] {processor.py:830} INFO - Processing file /home/airflow/.local/lib/python3.8/site-packages/airflow/example_dags/tutorial_dag.py for tasks to queue
[2025-05-07T19:34:52.966+0000] {logging_mixin.py:188} INFO - [2025-05-07T19:34:52.966+0000] {dagbag.py:538} INFO - Filling up the DagBag from /home/airflow/.local/lib/python3.8/site-packages/airflow/example_dags/tutorial_dag.py
[2025-05-07T19:34:52.973+0000] {processor.py:840} INFO - DAG(s) 'tutorial_dag' retrieved from /home/airflow/.local/lib/python3.8/site-packages/airflow/example_dags/tutorial_dag.py
[2025-05-07T19:34:52.996+0000] {logging_mixin.py:188} INFO - [2025-05-07T19:34:52.996+0000] {dag.py:3036} INFO - Sync 1 DAGs
[2025-05-07T19:34:53.008+0000] {logging_mixin.py:188} INFO - [2025-05-07T19:34:53.007+0000] {dag.py:3823} INFO - Setting next_dagrun for tutorial_dag to None, run_after=None
[2025-05-07T19:34:53.026+0000] {processor.py:183} INFO - Processing /home/airflow/.local/lib/python3.8/site-packages/airflow/example_dags/tutorial_dag.py took 0.067 seconds
[2025-05-07T19:35:23.978+0000] {processor.py:161} INFO - Started process (PID=337) to work on /home/airflow/.local/lib/python3.8/site-packages/airflow/example_dags/tutorial_dag.py
[2025-05-07T19:35:23.981+0000] {processor.py:830} INFO - Processing file /home/airflow/.local/lib/python3.8/site-packages/airflow/example_dags/tutorial_dag.py for tasks to queue
[2025-05-07T19:35:23.986+0000] {logging_mixin.py:188} INFO - [2025-05-07T19:35:23.985+0000] {dagbag.py:538} INFO - Filling up the DagBag from /home/airflow/.local/lib/python3.8/site-packages/airflow/example_dags/tutorial_dag.py
[2025-05-07T19:35:23.996+0000] {processor.py:840} INFO - DAG(s) 'tutorial_dag' retrieved from /home/airflow/.local/lib/python3.8/site-packages/airflow/example_dags/tutorial_dag.py
[2025-05-07T19:35:24.019+0000] {logging_mixin.py:188} INFO - [2025-05-07T19:35:24.019+0000] {dag.py:3036} INFO - Sync 1 DAGs
[2025-05-07T19:35:24.034+0000] {logging_mixin.py:188} INFO - [2025-05-07T19:35:24.033+0000] {dag.py:3823} INFO - Setting next_dagrun for tutorial_dag to None, run_after=None
[2025-05-07T19:35:24.057+0000] {processor.py:183} INFO - Processing /home/airflow/.local/lib/python3.8/site-packages/airflow/example_dags/tutorial_dag.py took 0.086 seconds
[2025-05-07T19:35:54.964+0000] {processor.py:161} INFO - Started process (PID=394) to work on /home/airflow/.local/lib/python3.8/site-packages/airflow/example_dags/tutorial_dag.py
[2025-05-07T19:35:54.966+0000] {processor.py:830} INFO - Processing file /home/airflow/.local/lib/python3.8/site-packages/airflow/example_dags/tutorial_dag.py for tasks to queue
[2025-05-07T19:35:54.969+0000] {logging_mixin.py:188} INFO - [2025-05-07T19:35:54.968+0000] {dagbag.py:538} INFO - Filling up the DagBag from /home/airflow/.local/lib/python3.8/site-packages/airflow/example_dags/tutorial_dag.py
[2025-05-07T19:35:54.974+0000] {processor.py:840} INFO - DAG(s) 'tutorial_dag' retrieved from /home/airflow/.local/lib/python3.8/site-packages/airflow/example_dags/tutorial_dag.py
[2025-05-07T19:35:54.996+0000] {logging_mixin.py:188} INFO - [2025-05-07T19:35:54.995+0000] {dag.py:3036} INFO - Sync 1 DAGs
[2025-05-07T19:35:55.009+0000] {logging_mixin.py:188} INFO - [2025-05-07T19:35:55.009+0000] {dag.py:3823} INFO - Setting next_dagrun for tutorial_dag to None, run_after=None
[2025-05-07T19:35:55.032+0000] {processor.py:183} INFO - Processing /home/airflow/.local/lib/python3.8/site-packages/airflow/example_dags/tutorial_dag.py took 0.072 seconds
[2025-05-07T19:36:25.510+0000] {processor.py:161} INFO - Started process (PID=451) to work on /home/airflow/.local/lib/python3.8/site-packages/airflow/example_dags/tutorial_dag.py
[2025-05-07T19:36:25.512+0000] {processor.py:830} INFO - Processing file /home/airflow/.local/lib/python3.8/site-packages/airflow/example_dags/tutorial_dag.py for tasks to queue
[2025-05-07T19:36:25.516+0000] {logging_mixin.py:188} INFO - [2025-05-07T19:36:25.516+0000] {dagbag.py:538} INFO - Filling up the DagBag from /home/airflow/.local/lib/python3.8/site-packages/airflow/example_dags/tutorial_dag.py
[2025-05-07T19:36:25.523+0000] {processor.py:840} INFO - DAG(s) 'tutorial_dag' retrieved from /home/airflow/.local/lib/python3.8/site-packages/airflow/example_dags/tutorial_dag.py
[2025-05-07T19:36:25.546+0000] {logging_mixin.py:188} INFO - [2025-05-07T19:36:25.546+0000] {dag.py:3036} INFO - Sync 1 DAGs
[2025-05-07T19:36:25.557+0000] {logging_mixin.py:188} INFO - [2025-05-07T19:36:25.557+0000] {dag.py:3823} INFO - Setting next_dagrun for tutorial_dag to None, run_after=None
[2025-05-07T19:36:25.577+0000] {processor.py:183} INFO - Processing /home/airflow/.local/lib/python3.8/site-packages/airflow/example_dags/tutorial_dag.py took 0.070 seconds
[2025-05-07T19:36:56.121+0000] {processor.py:161} INFO - Started process (PID=508) to work on /home/airflow/.local/lib/python3.8/site-packages/airflow/example_dags/tutorial_dag.py
[2025-05-07T19:36:56.123+0000] {processor.py:830} INFO - Processing file /home/airflow/.local/lib/python3.8/site-packages/airflow/example_dags/tutorial_dag.py for tasks to queue
[2025-05-07T19:36:56.126+0000] {logging_mixin.py:188} INFO - [2025-05-07T19:36:56.126+0000] {dagbag.py:538} INFO - Filling up the DagBag from /home/airflow/.local/lib/python3.8/site-packages/airflow/example_dags/tutorial_dag.py
[2025-05-07T19:36:56.134+0000] {processor.py:840} INFO - DAG(s) 'tutorial_dag' retrieved from /home/airflow/.local/lib/python3.8/site-packages/airflow/example_dags/tutorial_dag.py
[2025-05-07T19:36:56.155+0000] {logging_mixin.py:188} INFO - [2025-05-07T19:36:56.155+0000] {dag.py:3036} INFO - Sync 1 DAGs
[2025-05-07T19:36:56.167+0000] {logging_mixin.py:188} INFO - [2025-05-07T19:36:56.166+0000] {dag.py:3823} INFO - Setting next_dagrun for tutorial_dag to None, run_after=None
[2025-05-07T19:36:56.191+0000] {processor.py:183} INFO - Processing /home/airflow/.local/lib/python3.8/site-packages/airflow/example_dags/tutorial_dag.py took 0.076 seconds
[2025-05-07T19:37:26.665+0000] {processor.py:161} INFO - Started process (PID=565) to work on /home/airflow/.local/lib/python3.8/site-packages/airflow/example_dags/tutorial_dag.py
[2025-05-07T19:37:26.666+0000] {processor.py:830} INFO - Processing file /home/airflow/.local/lib/python3.8/site-packages/airflow/example_dags/tutorial_dag.py for tasks to queue
[2025-05-07T19:37:26.669+0000] {logging_mixin.py:188} INFO - [2025-05-07T19:37:26.668+0000] {dagbag.py:538} INFO - Filling up the DagBag from /home/airflow/.local/lib/python3.8/site-packages/airflow/example_dags/tutorial_dag.py
[2025-05-07T19:37:26.674+0000] {processor.py:840} INFO - DAG(s) 'tutorial_dag' retrieved from /home/airflow/.local/lib/python3.8/site-packages/airflow/example_dags/tutorial_dag.py
[2025-05-07T19:37:26.695+0000] {logging_mixin.py:188} INFO - [2025-05-07T19:37:26.695+0000] {dag.py:3036} INFO - Sync 1 DAGs
[2025-05-07T19:37:26.709+0000] {logging_mixin.py:188} INFO - [2025-05-07T19:37:26.709+0000] {dag.py:3823} INFO - Setting next_dagrun for tutorial_dag to None, run_after=None
[2025-05-07T19:37:26.736+0000] {processor.py:183} INFO - Processing /home/airflow/.local/lib/python3.8/site-packages/airflow/example_dags/tutorial_dag.py took 0.074 seconds
[2025-05-07T19:37:57.493+0000] {processor.py:161} INFO - Started process (PID=622) to work on /home/airflow/.local/lib/python3.8/site-packages/airflow/example_dags/tutorial_dag.py
[2025-05-07T19:37:57.495+0000] {processor.py:830} INFO - Processing file /home/airflow/.local/lib/python3.8/site-packages/airflow/example_dags/tutorial_dag.py for tasks to queue
[2025-05-07T19:37:57.497+0000] {logging_mixin.py:188} INFO - [2025-05-07T19:37:57.497+0000] {dagbag.py:538} INFO - Filling up the DagBag from /home/airflow/.local/lib/python3.8/site-packages/airflow/example_dags/tutorial_dag.py
[2025-05-07T19:37:57.509+0000] {processor.py:840} INFO - DAG(s) 'tutorial_dag' retrieved from /home/airflow/.local/lib/python3.8/site-packages/airflow/example_dags/tutorial_dag.py
[2025-05-07T19:37:57.551+0000] {logging_mixin.py:188} INFO - [2025-05-07T19:37:57.551+0000] {dag.py:3036} INFO - Sync 1 DAGs
[2025-05-07T19:37:57.567+0000] {logging_mixin.py:188} INFO - [2025-05-07T19:37:57.566+0000] {dag.py:3823} INFO - Setting next_dagrun for tutorial_dag to None, run_after=None
[2025-05-07T19:37:57.592+0000] {processor.py:183} INFO - Processing /home/airflow/.local/lib/python3.8/site-packages/airflow/example_dags/tutorial_dag.py took 0.107 seconds
[2025-05-07T19:38:27.916+0000] {processor.py:161} INFO - Started process (PID=679) to work on /home/airflow/.local/lib/python3.8/site-packages/airflow/example_dags/tutorial_dag.py
[2025-05-07T19:38:27.917+0000] {processor.py:830} INFO - Processing file /home/airflow/.local/lib/python3.8/site-packages/airflow/example_dags/tutorial_dag.py for tasks to queue
[2025-05-07T19:38:27.920+0000] {logging_mixin.py:188} INFO - [2025-05-07T19:38:27.919+0000] {dagbag.py:538} INFO - Filling up the DagBag from /home/airflow/.local/lib/python3.8/site-packages/airflow/example_dags/tutorial_dag.py
[2025-05-07T19:38:27.926+0000] {processor.py:840} INFO - DAG(s) 'tutorial_dag' retrieved from /home/airflow/.local/lib/python3.8/site-packages/airflow/example_dags/tutorial_dag.py
[2025-05-07T19:38:27.945+0000] {logging_mixin.py:188} INFO - [2025-05-07T19:38:27.945+0000] {dag.py:3036} INFO - Sync 1 DAGs
[2025-05-07T19:38:27.956+0000] {logging_mixin.py:188} INFO - [2025-05-07T19:38:27.956+0000] {dag.py:3823} INFO - Setting next_dagrun for tutorial_dag to None, run_after=None
[2025-05-07T19:38:27.978+0000] {processor.py:183} INFO - Processing /home/airflow/.local/lib/python3.8/site-packages/airflow/example_dags/tutorial_dag.py took 0.067 seconds
[2025-05-07T19:38:58.071+0000] {processor.py:161} INFO - Started process (PID=736) to work on /home/airflow/.local/lib/python3.8/site-packages/airflow/example_dags/tutorial_dag.py
[2025-05-07T19:38:58.073+0000] {processor.py:830} INFO - Processing file /home/airflow/.local/lib/python3.8/site-packages/airflow/example_dags/tutorial_dag.py for tasks to queue
[2025-05-07T19:38:58.075+0000] {logging_mixin.py:188} INFO - [2025-05-07T19:38:58.075+0000] {dagbag.py:538} INFO - Filling up the DagBag from /home/airflow/.local/lib/python3.8/site-packages/airflow/example_dags/tutorial_dag.py
[2025-05-07T19:38:58.080+0000] {processor.py:840} INFO - DAG(s) 'tutorial_dag' retrieved from /home/airflow/.local/lib/python3.8/site-packages/airflow/example_dags/tutorial_dag.py
[2025-05-07T19:38:58.098+0000] {logging_mixin.py:188} INFO - [2025-05-07T19:38:58.098+0000] {dag.py:3036} INFO - Sync 1 DAGs
[2025-05-07T19:38:58.109+0000] {logging_mixin.py:188} INFO - [2025-05-07T19:38:58.109+0000] {dag.py:3823} INFO - Setting next_dagrun for tutorial_dag to None, run_after=None
[2025-05-07T19:38:58.129+0000] {processor.py:183} INFO - Processing /home/airflow/.local/lib/python3.8/site-packages/airflow/example_dags/tutorial_dag.py took 0.062 seconds
[2025-05-07T19:39:28.614+0000] {processor.py:161} INFO - Started process (PID=793) to work on /home/airflow/.local/lib/python3.8/site-packages/airflow/example_dags/tutorial_dag.py
[2025-05-07T19:39:28.616+0000] {processor.py:830} INFO - Processing file /home/airflow/.local/lib/python3.8/site-packages/airflow/example_dags/tutorial_dag.py for tasks to queue
[2025-05-07T19:39:28.618+0000] {logging_mixin.py:188} INFO - [2025-05-07T19:39:28.618+0000] {dagbag.py:538} INFO - Filling up the DagBag from /home/airflow/.local/lib/python3.8/site-packages/airflow/example_dags/tutorial_dag.py
[2025-05-07T19:39:28.624+0000] {processor.py:840} INFO - DAG(s) 'tutorial_dag' retrieved from /home/airflow/.local/lib/python3.8/site-packages/airflow/example_dags/tutorial_dag.py
[2025-05-07T19:39:28.645+0000] {logging_mixin.py:188} INFO - [2025-05-07T19:39:28.645+0000] {dag.py:3036} INFO - Sync 1 DAGs
[2025-05-07T19:39:28.658+0000] {logging_mixin.py:188} INFO - [2025-05-07T19:39:28.658+0000] {dag.py:3823} INFO - Setting next_dagrun for tutorial_dag to None, run_after=None
[2025-05-07T19:39:28.678+0000] {processor.py:183} INFO - Processing /home/airflow/.local/lib/python3.8/site-packages/airflow/example_dags/tutorial_dag.py took 0.067 seconds
[2025-05-07T19:39:59.106+0000] {processor.py:161} INFO - Started process (PID=850) to work on /home/airflow/.local/lib/python3.8/site-packages/airflow/example_dags/tutorial_dag.py
[2025-05-07T19:39:59.107+0000] {processor.py:830} INFO - Processing file /home/airflow/.local/lib/python3.8/site-packages/airflow/example_dags/tutorial_dag.py for tasks to queue
[2025-05-07T19:39:59.109+0000] {logging_mixin.py:188} INFO - [2025-05-07T19:39:59.109+0000] {dagbag.py:538} INFO - Filling up the DagBag from /home/airflow/.local/lib/python3.8/site-packages/airflow/example_dags/tutorial_dag.py
[2025-05-07T19:39:59.116+0000] {processor.py:840} INFO - DAG(s) 'tutorial_dag' retrieved from /home/airflow/.local/lib/python3.8/site-packages/airflow/example_dags/tutorial_dag.py
[2025-05-07T19:39:59.136+0000] {logging_mixin.py:188} INFO - [2025-05-07T19:39:59.136+0000] {dag.py:3036} INFO - Sync 1 DAGs
[2025-05-07T19:39:59.147+0000] {logging_mixin.py:188} INFO - [2025-05-07T19:39:59.147+0000] {dag.py:3823} INFO - Setting next_dagrun for tutorial_dag to None, run_after=None
[2025-05-07T19:39:59.170+0000] {processor.py:183} INFO - Processing /home/airflow/.local/lib/python3.8/site-packages/airflow/example_dags/tutorial_dag.py took 0.068 seconds
[2025-05-07T19:40:30.111+0000] {processor.py:161} INFO - Started process (PID=907) to work on /home/airflow/.local/lib/python3.8/site-packages/airflow/example_dags/tutorial_dag.py
[2025-05-07T19:40:30.115+0000] {processor.py:830} INFO - Processing file /home/airflow/.local/lib/python3.8/site-packages/airflow/example_dags/tutorial_dag.py for tasks to queue
[2025-05-07T19:40:30.121+0000] {logging_mixin.py:188} INFO - [2025-05-07T19:40:30.121+0000] {dagbag.py:538} INFO - Filling up the DagBag from /home/airflow/.local/lib/python3.8/site-packages/airflow/example_dags/tutorial_dag.py
[2025-05-07T19:40:30.135+0000] {processor.py:840} INFO - DAG(s) 'tutorial_dag' retrieved from /home/airflow/.local/lib/python3.8/site-packages/airflow/example_dags/tutorial_dag.py
[2025-05-07T19:40:30.171+0000] {logging_mixin.py:188} INFO - [2025-05-07T19:40:30.171+0000] {dag.py:3036} INFO - Sync 1 DAGs
[2025-05-07T19:40:30.184+0000] {logging_mixin.py:188} INFO - [2025-05-07T19:40:30.184+0000] {dag.py:3823} INFO - Setting next_dagrun for tutorial_dag to None, run_after=None
[2025-05-07T19:40:30.206+0000] {processor.py:183} INFO - Processing /home/airflow/.local/lib/python3.8/site-packages/airflow/example_dags/tutorial_dag.py took 0.102 seconds
[2025-05-07T19:41:00.583+0000] {processor.py:161} INFO - Started process (PID=964) to work on /home/airflow/.local/lib/python3.8/site-packages/airflow/example_dags/tutorial_dag.py
[2025-05-07T19:41:00.585+0000] {processor.py:830} INFO - Processing file /home/airflow/.local/lib/python3.8/site-packages/airflow/example_dags/tutorial_dag.py for tasks to queue
[2025-05-07T19:41:00.592+0000] {logging_mixin.py:188} INFO - [2025-05-07T19:41:00.591+0000] {dagbag.py:538} INFO - Filling up the DagBag from /home/airflow/.local/lib/python3.8/site-packages/airflow/example_dags/tutorial_dag.py
[2025-05-07T19:41:00.606+0000] {processor.py:840} INFO - DAG(s) 'tutorial_dag' retrieved from /home/airflow/.local/lib/python3.8/site-packages/airflow/example_dags/tutorial_dag.py
[2025-05-07T19:41:00.638+0000] {logging_mixin.py:188} INFO - [2025-05-07T19:41:00.638+0000] {dag.py:3036} INFO - Sync 1 DAGs
[2025-05-07T19:41:00.657+0000] {logging_mixin.py:188} INFO - [2025-05-07T19:41:00.657+0000] {dag.py:3823} INFO - Setting next_dagrun for tutorial_dag to None, run_after=None
[2025-05-07T19:41:00.692+0000] {processor.py:183} INFO - Processing /home/airflow/.local/lib/python3.8/site-packages/airflow/example_dags/tutorial_dag.py took 0.113 seconds
[2025-05-07T19:41:31.063+0000] {processor.py:161} INFO - Started process (PID=1021) to work on /home/airflow/.local/lib/python3.8/site-packages/airflow/example_dags/tutorial_dag.py
[2025-05-07T19:41:31.065+0000] {processor.py:830} INFO - Processing file /home/airflow/.local/lib/python3.8/site-packages/airflow/example_dags/tutorial_dag.py for tasks to queue
[2025-05-07T19:41:31.067+0000] {logging_mixin.py:188} INFO - [2025-05-07T19:41:31.067+0000] {dagbag.py:538} INFO - Filling up the DagBag from /home/airflow/.local/lib/python3.8/site-packages/airflow/example_dags/tutorial_dag.py
[2025-05-07T19:41:31.074+0000] {processor.py:840} INFO - DAG(s) 'tutorial_dag' retrieved from /home/airflow/.local/lib/python3.8/site-packages/airflow/example_dags/tutorial_dag.py
[2025-05-07T19:41:31.094+0000] {logging_mixin.py:188} INFO - [2025-05-07T19:41:31.094+0000] {dag.py:3036} INFO - Sync 1 DAGs
[2025-05-07T19:41:31.106+0000] {logging_mixin.py:188} INFO - [2025-05-07T19:41:31.106+0000] {dag.py:3823} INFO - Setting next_dagrun for tutorial_dag to None, run_after=None
[2025-05-07T19:41:31.128+0000] {processor.py:183} INFO - Processing /home/airflow/.local/lib/python3.8/site-packages/airflow/example_dags/tutorial_dag.py took 0.068 seconds
[2025-05-07T19:42:01.677+0000] {processor.py:161} INFO - Started process (PID=1078) to work on /home/airflow/.local/lib/python3.8/site-packages/airflow/example_dags/tutorial_dag.py
[2025-05-07T19:42:01.679+0000] {processor.py:830} INFO - Processing file /home/airflow/.local/lib/python3.8/site-packages/airflow/example_dags/tutorial_dag.py for tasks to queue
[2025-05-07T19:42:01.683+0000] {logging_mixin.py:188} INFO - [2025-05-07T19:42:01.682+0000] {dagbag.py:538} INFO - Filling up the DagBag from /home/airflow/.local/lib/python3.8/site-packages/airflow/example_dags/tutorial_dag.py
[2025-05-07T19:42:01.692+0000] {processor.py:840} INFO - DAG(s) 'tutorial_dag' retrieved from /home/airflow/.local/lib/python3.8/site-packages/airflow/example_dags/tutorial_dag.py
[2025-05-07T19:42:01.717+0000] {logging_mixin.py:188} INFO - [2025-05-07T19:42:01.717+0000] {dag.py:3036} INFO - Sync 1 DAGs
[2025-05-07T19:42:01.730+0000] {logging_mixin.py:188} INFO - [2025-05-07T19:42:01.730+0000] {dag.py:3823} INFO - Setting next_dagrun for tutorial_dag to None, run_after=None
[2025-05-07T19:42:01.759+0000] {processor.py:183} INFO - Processing /home/airflow/.local/lib/python3.8/site-packages/airflow/example_dags/tutorial_dag.py took 0.086 seconds
[2025-05-07T19:42:32.099+0000] {processor.py:161} INFO - Started process (PID=1135) to work on /home/airflow/.local/lib/python3.8/site-packages/airflow/example_dags/tutorial_dag.py
[2025-05-07T19:42:32.101+0000] {processor.py:830} INFO - Processing file /home/airflow/.local/lib/python3.8/site-packages/airflow/example_dags/tutorial_dag.py for tasks to queue
[2025-05-07T19:42:32.106+0000] {logging_mixin.py:188} INFO - [2025-05-07T19:42:32.105+0000] {dagbag.py:538} INFO - Filling up the DagBag from /home/airflow/.local/lib/python3.8/site-packages/airflow/example_dags/tutorial_dag.py
[2025-05-07T19:42:32.117+0000] {processor.py:840} INFO - DAG(s) 'tutorial_dag' retrieved from /home/airflow/.local/lib/python3.8/site-packages/airflow/example_dags/tutorial_dag.py
[2025-05-07T19:42:32.144+0000] {logging_mixin.py:188} INFO - [2025-05-07T19:42:32.143+0000] {dag.py:3036} INFO - Sync 1 DAGs
[2025-05-07T19:42:32.158+0000] {logging_mixin.py:188} INFO - [2025-05-07T19:42:32.158+0000] {dag.py:3823} INFO - Setting next_dagrun for tutorial_dag to None, run_after=None
[2025-05-07T19:42:32.180+0000] {processor.py:183} INFO - Processing /home/airflow/.local/lib/python3.8/site-packages/airflow/example_dags/tutorial_dag.py took 0.086 seconds
[2025-05-07T19:43:02.560+0000] {processor.py:161} INFO - Started process (PID=1192) to work on /home/airflow/.local/lib/python3.8/site-packages/airflow/example_dags/tutorial_dag.py
[2025-05-07T19:43:02.561+0000] {processor.py:830} INFO - Processing file /home/airflow/.local/lib/python3.8/site-packages/airflow/example_dags/tutorial_dag.py for tasks to queue
[2025-05-07T19:43:02.564+0000] {logging_mixin.py:188} INFO - [2025-05-07T19:43:02.563+0000] {dagbag.py:538} INFO - Filling up the DagBag from /home/airflow/.local/lib/python3.8/site-packages/airflow/example_dags/tutorial_dag.py
[2025-05-07T19:43:02.570+0000] {processor.py:840} INFO - DAG(s) 'tutorial_dag' retrieved from /home/airflow/.local/lib/python3.8/site-packages/airflow/example_dags/tutorial_dag.py
[2025-05-07T19:43:02.593+0000] {logging_mixin.py:188} INFO - [2025-05-07T19:43:02.593+0000] {dag.py:3036} INFO - Sync 1 DAGs
[2025-05-07T19:43:02.606+0000] {logging_mixin.py:188} INFO - [2025-05-07T19:43:02.606+0000] {dag.py:3823} INFO - Setting next_dagrun for tutorial_dag to None, run_after=None
[2025-05-07T19:43:02.627+0000] {processor.py:183} INFO - Processing /home/airflow/.local/lib/python3.8/site-packages/airflow/example_dags/tutorial_dag.py took 0.071 seconds
[2025-05-07T19:43:32.898+0000] {processor.py:161} INFO - Started process (PID=1249) to work on /home/airflow/.local/lib/python3.8/site-packages/airflow/example_dags/tutorial_dag.py
[2025-05-07T19:43:32.899+0000] {processor.py:830} INFO - Processing file /home/airflow/.local/lib/python3.8/site-packages/airflow/example_dags/tutorial_dag.py for tasks to queue
[2025-05-07T19:43:32.901+0000] {logging_mixin.py:188} INFO - [2025-05-07T19:43:32.901+0000] {dagbag.py:538} INFO - Filling up the DagBag from /home/airflow/.local/lib/python3.8/site-packages/airflow/example_dags/tutorial_dag.py
[2025-05-07T19:43:32.908+0000] {processor.py:840} INFO - DAG(s) 'tutorial_dag' retrieved from /home/airflow/.local/lib/python3.8/site-packages/airflow/example_dags/tutorial_dag.py
[2025-05-07T19:43:32.930+0000] {logging_mixin.py:188} INFO - [2025-05-07T19:43:32.930+0000] {dag.py:3036} INFO - Sync 1 DAGs
[2025-05-07T19:43:32.945+0000] {logging_mixin.py:188} INFO - [2025-05-07T19:43:32.944+0000] {dag.py:3823} INFO - Setting next_dagrun for tutorial_dag to None, run_after=None
[2025-05-07T19:43:32.976+0000] {processor.py:183} INFO - Processing /home/airflow/.local/lib/python3.8/site-packages/airflow/example_dags/tutorial_dag.py took 0.081 seconds
[2025-05-07T19:44:04.190+0000] {processor.py:161} INFO - Started process (PID=1306) to work on /home/airflow/.local/lib/python3.8/site-packages/airflow/example_dags/tutorial_dag.py
[2025-05-07T19:44:04.192+0000] {processor.py:830} INFO - Processing file /home/airflow/.local/lib/python3.8/site-packages/airflow/example_dags/tutorial_dag.py for tasks to queue
[2025-05-07T19:44:04.194+0000] {logging_mixin.py:188} INFO - [2025-05-07T19:44:04.194+0000] {dagbag.py:538} INFO - Filling up the DagBag from /home/airflow/.local/lib/python3.8/site-packages/airflow/example_dags/tutorial_dag.py
[2025-05-07T19:44:04.200+0000] {processor.py:840} INFO - DAG(s) 'tutorial_dag' retrieved from /home/airflow/.local/lib/python3.8/site-packages/airflow/example_dags/tutorial_dag.py
[2025-05-07T19:44:04.235+0000] {logging_mixin.py:188} INFO - [2025-05-07T19:44:04.235+0000] {dag.py:3036} INFO - Sync 1 DAGs
[2025-05-07T19:44:04.255+0000] {logging_mixin.py:188} INFO - [2025-05-07T19:44:04.255+0000] {dag.py:3823} INFO - Setting next_dagrun for tutorial_dag to None, run_after=None
[2025-05-07T19:44:04.285+0000] {processor.py:183} INFO - Processing /home/airflow/.local/lib/python3.8/site-packages/airflow/example_dags/tutorial_dag.py took 0.098 seconds
[2025-05-07T19:44:34.465+0000] {processor.py:161} INFO - Started process (PID=1363) to work on /home/airflow/.local/lib/python3.8/site-packages/airflow/example_dags/tutorial_dag.py
[2025-05-07T19:44:34.466+0000] {processor.py:830} INFO - Processing file /home/airflow/.local/lib/python3.8/site-packages/airflow/example_dags/tutorial_dag.py for tasks to queue
[2025-05-07T19:44:34.469+0000] {logging_mixin.py:188} INFO - [2025-05-07T19:44:34.468+0000] {dagbag.py:538} INFO - Filling up the DagBag from /home/airflow/.local/lib/python3.8/site-packages/airflow/example_dags/tutorial_dag.py
[2025-05-07T19:44:34.477+0000] {processor.py:840} INFO - DAG(s) 'tutorial_dag' retrieved from /home/airflow/.local/lib/python3.8/site-packages/airflow/example_dags/tutorial_dag.py
[2025-05-07T19:44:34.497+0000] {logging_mixin.py:188} INFO - [2025-05-07T19:44:34.497+0000] {dag.py:3036} INFO - Sync 1 DAGs
[2025-05-07T19:44:34.510+0000] {logging_mixin.py:188} INFO - [2025-05-07T19:44:34.510+0000] {dag.py:3823} INFO - Setting next_dagrun for tutorial_dag to None, run_after=None
[2025-05-07T19:44:34.533+0000] {processor.py:183} INFO - Processing /home/airflow/.local/lib/python3.8/site-packages/airflow/example_dags/tutorial_dag.py took 0.072 seconds
[2025-05-07T19:45:04.949+0000] {processor.py:161} INFO - Started process (PID=1420) to work on /home/airflow/.local/lib/python3.8/site-packages/airflow/example_dags/tutorial_dag.py
[2025-05-07T19:45:04.951+0000] {processor.py:830} INFO - Processing file /home/airflow/.local/lib/python3.8/site-packages/airflow/example_dags/tutorial_dag.py for tasks to queue
[2025-05-07T19:45:04.953+0000] {logging_mixin.py:188} INFO - [2025-05-07T19:45:04.953+0000] {dagbag.py:538} INFO - Filling up the DagBag from /home/airflow/.local/lib/python3.8/site-packages/airflow/example_dags/tutorial_dag.py
[2025-05-07T19:45:04.960+0000] {processor.py:840} INFO - DAG(s) 'tutorial_dag' retrieved from /home/airflow/.local/lib/python3.8/site-packages/airflow/example_dags/tutorial_dag.py
[2025-05-07T19:45:04.981+0000] {logging_mixin.py:188} INFO - [2025-05-07T19:45:04.981+0000] {dag.py:3036} INFO - Sync 1 DAGs
[2025-05-07T19:45:04.997+0000] {logging_mixin.py:188} INFO - [2025-05-07T19:45:04.996+0000] {dag.py:3823} INFO - Setting next_dagrun for tutorial_dag to None, run_after=None
[2025-05-07T19:45:05.024+0000] {processor.py:183} INFO - Processing /home/airflow/.local/lib/python3.8/site-packages/airflow/example_dags/tutorial_dag.py took 0.078 seconds
[2025-05-07T19:45:35.563+0000] {processor.py:161} INFO - Started process (PID=1477) to work on /home/airflow/.local/lib/python3.8/site-packages/airflow/example_dags/tutorial_dag.py
[2025-05-07T19:45:35.564+0000] {processor.py:830} INFO - Processing file /home/airflow/.local/lib/python3.8/site-packages/airflow/example_dags/tutorial_dag.py for tasks to queue
[2025-05-07T19:45:35.567+0000] {logging_mixin.py:188} INFO - [2025-05-07T19:45:35.566+0000] {dagbag.py:538} INFO - Filling up the DagBag from /home/airflow/.local/lib/python3.8/site-packages/airflow/example_dags/tutorial_dag.py
[2025-05-07T19:45:35.573+0000] {processor.py:840} INFO - DAG(s) 'tutorial_dag' retrieved from /home/airflow/.local/lib/python3.8/site-packages/airflow/example_dags/tutorial_dag.py
[2025-05-07T19:45:35.606+0000] {logging_mixin.py:188} INFO - [2025-05-07T19:45:35.606+0000] {dag.py:3036} INFO - Sync 1 DAGs
[2025-05-07T19:45:35.623+0000] {logging_mixin.py:188} INFO - [2025-05-07T19:45:35.623+0000] {dag.py:3823} INFO - Setting next_dagrun for tutorial_dag to None, run_after=None
[2025-05-07T19:45:35.651+0000] {processor.py:183} INFO - Processing /home/airflow/.local/lib/python3.8/site-packages/airflow/example_dags/tutorial_dag.py took 0.092 seconds
[2025-05-07T19:46:06.460+0000] {processor.py:161} INFO - Started process (PID=1534) to work on /home/airflow/.local/lib/python3.8/site-packages/airflow/example_dags/tutorial_dag.py
[2025-05-07T19:46:06.461+0000] {processor.py:830} INFO - Processing file /home/airflow/.local/lib/python3.8/site-packages/airflow/example_dags/tutorial_dag.py for tasks to queue
[2025-05-07T19:46:06.463+0000] {logging_mixin.py:188} INFO - [2025-05-07T19:46:06.463+0000] {dagbag.py:538} INFO - Filling up the DagBag from /home/airflow/.local/lib/python3.8/site-packages/airflow/example_dags/tutorial_dag.py
[2025-05-07T19:46:06.469+0000] {processor.py:840} INFO - DAG(s) 'tutorial_dag' retrieved from /home/airflow/.local/lib/python3.8/site-packages/airflow/example_dags/tutorial_dag.py
[2025-05-07T19:46:06.490+0000] {logging_mixin.py:188} INFO - [2025-05-07T19:46:06.490+0000] {dag.py:3036} INFO - Sync 1 DAGs
[2025-05-07T19:46:06.503+0000] {logging_mixin.py:188} INFO - [2025-05-07T19:46:06.503+0000] {dag.py:3823} INFO - Setting next_dagrun for tutorial_dag to None, run_after=None
[2025-05-07T19:46:06.525+0000] {processor.py:183} INFO - Processing /home/airflow/.local/lib/python3.8/site-packages/airflow/example_dags/tutorial_dag.py took 0.069 seconds
[2025-05-07T19:46:37.481+0000] {processor.py:161} INFO - Started process (PID=1591) to work on /home/airflow/.local/lib/python3.8/site-packages/airflow/example_dags/tutorial_dag.py
[2025-05-07T19:46:37.482+0000] {processor.py:830} INFO - Processing file /home/airflow/.local/lib/python3.8/site-packages/airflow/example_dags/tutorial_dag.py for tasks to queue
[2025-05-07T19:46:37.485+0000] {logging_mixin.py:188} INFO - [2025-05-07T19:46:37.485+0000] {dagbag.py:538} INFO - Filling up the DagBag from /home/airflow/.local/lib/python3.8/site-packages/airflow/example_dags/tutorial_dag.py
[2025-05-07T19:46:37.492+0000] {processor.py:840} INFO - DAG(s) 'tutorial_dag' retrieved from /home/airflow/.local/lib/python3.8/site-packages/airflow/example_dags/tutorial_dag.py
[2025-05-07T19:46:37.517+0000] {logging_mixin.py:188} INFO - [2025-05-07T19:46:37.517+0000] {dag.py:3036} INFO - Sync 1 DAGs
[2025-05-07T19:46:37.531+0000] {logging_mixin.py:188} INFO - [2025-05-07T19:46:37.531+0000] {dag.py:3823} INFO - Setting next_dagrun for tutorial_dag to None, run_after=None
[2025-05-07T19:46:37.556+0000] {processor.py:183} INFO - Processing /home/airflow/.local/lib/python3.8/site-packages/airflow/example_dags/tutorial_dag.py took 0.079 seconds
[2025-05-07T19:47:08.413+0000] {processor.py:161} INFO - Started process (PID=1649) to work on /home/airflow/.local/lib/python3.8/site-packages/airflow/example_dags/tutorial_dag.py
[2025-05-07T19:47:08.414+0000] {processor.py:830} INFO - Processing file /home/airflow/.local/lib/python3.8/site-packages/airflow/example_dags/tutorial_dag.py for tasks to queue
[2025-05-07T19:47:08.417+0000] {logging_mixin.py:188} INFO - [2025-05-07T19:47:08.417+0000] {dagbag.py:538} INFO - Filling up the DagBag from /home/airflow/.local/lib/python3.8/site-packages/airflow/example_dags/tutorial_dag.py
[2025-05-07T19:47:08.424+0000] {processor.py:840} INFO - DAG(s) 'tutorial_dag' retrieved from /home/airflow/.local/lib/python3.8/site-packages/airflow/example_dags/tutorial_dag.py
[2025-05-07T19:47:08.448+0000] {logging_mixin.py:188} INFO - [2025-05-07T19:47:08.448+0000] {dag.py:3036} INFO - Sync 1 DAGs
[2025-05-07T19:47:08.462+0000] {logging_mixin.py:188} INFO - [2025-05-07T19:47:08.462+0000] {dag.py:3823} INFO - Setting next_dagrun for tutorial_dag to None, run_after=None
[2025-05-07T19:47:08.483+0000] {processor.py:183} INFO - Processing /home/airflow/.local/lib/python3.8/site-packages/airflow/example_dags/tutorial_dag.py took 0.074 seconds
[2025-05-07T19:47:39.505+0000] {processor.py:161} INFO - Started process (PID=1706) to work on /home/airflow/.local/lib/python3.8/site-packages/airflow/example_dags/tutorial_dag.py
[2025-05-07T19:47:39.507+0000] {processor.py:830} INFO - Processing file /home/airflow/.local/lib/python3.8/site-packages/airflow/example_dags/tutorial_dag.py for tasks to queue
[2025-05-07T19:47:39.509+0000] {logging_mixin.py:188} INFO - [2025-05-07T19:47:39.509+0000] {dagbag.py:538} INFO - Filling up the DagBag from /home/airflow/.local/lib/python3.8/site-packages/airflow/example_dags/tutorial_dag.py
[2025-05-07T19:47:39.516+0000] {processor.py:840} INFO - DAG(s) 'tutorial_dag' retrieved from /home/airflow/.local/lib/python3.8/site-packages/airflow/example_dags/tutorial_dag.py
[2025-05-07T19:47:39.537+0000] {logging_mixin.py:188} INFO - [2025-05-07T19:47:39.537+0000] {dag.py:3036} INFO - Sync 1 DAGs
[2025-05-07T19:47:39.550+0000] {logging_mixin.py:188} INFO - [2025-05-07T19:47:39.550+0000] {dag.py:3823} INFO - Setting next_dagrun for tutorial_dag to None, run_after=None
[2025-05-07T19:47:39.572+0000] {processor.py:183} INFO - Processing /home/airflow/.local/lib/python3.8/site-packages/airflow/example_dags/tutorial_dag.py took 0.072 seconds
[2025-05-07T19:48:09.741+0000] {processor.py:161} INFO - Started process (PID=1763) to work on /home/airflow/.local/lib/python3.8/site-packages/airflow/example_dags/tutorial_dag.py
[2025-05-07T19:48:09.743+0000] {processor.py:830} INFO - Processing file /home/airflow/.local/lib/python3.8/site-packages/airflow/example_dags/tutorial_dag.py for tasks to queue
[2025-05-07T19:48:09.747+0000] {logging_mixin.py:188} INFO - [2025-05-07T19:48:09.746+0000] {dagbag.py:538} INFO - Filling up the DagBag from /home/airflow/.local/lib/python3.8/site-packages/airflow/example_dags/tutorial_dag.py
[2025-05-07T19:48:09.754+0000] {processor.py:840} INFO - DAG(s) 'tutorial_dag' retrieved from /home/airflow/.local/lib/python3.8/site-packages/airflow/example_dags/tutorial_dag.py
[2025-05-07T19:48:09.779+0000] {logging_mixin.py:188} INFO - [2025-05-07T19:48:09.779+0000] {dag.py:3036} INFO - Sync 1 DAGs
[2025-05-07T19:48:09.796+0000] {logging_mixin.py:188} INFO - [2025-05-07T19:48:09.796+0000] {dag.py:3823} INFO - Setting next_dagrun for tutorial_dag to None, run_after=None
[2025-05-07T19:48:09.824+0000] {processor.py:183} INFO - Processing /home/airflow/.local/lib/python3.8/site-packages/airflow/example_dags/tutorial_dag.py took 0.086 seconds
[2025-05-07T19:48:39.953+0000] {processor.py:161} INFO - Started process (PID=1819) to work on /home/airflow/.local/lib/python3.8/site-packages/airflow/example_dags/tutorial_dag.py
[2025-05-07T19:48:39.954+0000] {processor.py:830} INFO - Processing file /home/airflow/.local/lib/python3.8/site-packages/airflow/example_dags/tutorial_dag.py for tasks to queue
[2025-05-07T19:48:39.957+0000] {logging_mixin.py:188} INFO - [2025-05-07T19:48:39.956+0000] {dagbag.py:538} INFO - Filling up the DagBag from /home/airflow/.local/lib/python3.8/site-packages/airflow/example_dags/tutorial_dag.py
[2025-05-07T19:48:39.963+0000] {processor.py:840} INFO - DAG(s) 'tutorial_dag' retrieved from /home/airflow/.local/lib/python3.8/site-packages/airflow/example_dags/tutorial_dag.py
[2025-05-07T19:48:39.982+0000] {logging_mixin.py:188} INFO - [2025-05-07T19:48:39.982+0000] {dag.py:3036} INFO - Sync 1 DAGs
[2025-05-07T19:48:39.994+0000] {logging_mixin.py:188} INFO - [2025-05-07T19:48:39.994+0000] {dag.py:3823} INFO - Setting next_dagrun for tutorial_dag to None, run_after=None
[2025-05-07T19:48:40.018+0000] {processor.py:183} INFO - Processing /home/airflow/.local/lib/python3.8/site-packages/airflow/example_dags/tutorial_dag.py took 0.068 seconds
[2025-05-07T19:49:10.536+0000] {processor.py:161} INFO - Started process (PID=1875) to work on /home/airflow/.local/lib/python3.8/site-packages/airflow/example_dags/tutorial_dag.py
[2025-05-07T19:49:10.537+0000] {processor.py:830} INFO - Processing file /home/airflow/.local/lib/python3.8/site-packages/airflow/example_dags/tutorial_dag.py for tasks to queue
[2025-05-07T19:49:10.539+0000] {logging_mixin.py:188} INFO - [2025-05-07T19:49:10.539+0000] {dagbag.py:538} INFO - Filling up the DagBag from /home/airflow/.local/lib/python3.8/site-packages/airflow/example_dags/tutorial_dag.py
[2025-05-07T19:49:10.545+0000] {processor.py:840} INFO - DAG(s) 'tutorial_dag' retrieved from /home/airflow/.local/lib/python3.8/site-packages/airflow/example_dags/tutorial_dag.py
[2025-05-07T19:49:10.568+0000] {logging_mixin.py:188} INFO - [2025-05-07T19:49:10.567+0000] {dag.py:3036} INFO - Sync 1 DAGs
[2025-05-07T19:49:10.585+0000] {logging_mixin.py:188} INFO - [2025-05-07T19:49:10.585+0000] {dag.py:3823} INFO - Setting next_dagrun for tutorial_dag to None, run_after=None
[2025-05-07T19:49:10.609+0000] {processor.py:183} INFO - Processing /home/airflow/.local/lib/python3.8/site-packages/airflow/example_dags/tutorial_dag.py took 0.077 seconds
[2025-05-07T19:49:40.855+0000] {processor.py:161} INFO - Started process (PID=1932) to work on /home/airflow/.local/lib/python3.8/site-packages/airflow/example_dags/tutorial_dag.py
[2025-05-07T19:49:40.857+0000] {processor.py:830} INFO - Processing file /home/airflow/.local/lib/python3.8/site-packages/airflow/example_dags/tutorial_dag.py for tasks to queue
[2025-05-07T19:49:40.859+0000] {logging_mixin.py:188} INFO - [2025-05-07T19:49:40.859+0000] {dagbag.py:538} INFO - Filling up the DagBag from /home/airflow/.local/lib/python3.8/site-packages/airflow/example_dags/tutorial_dag.py
[2025-05-07T19:49:40.864+0000] {processor.py:840} INFO - DAG(s) 'tutorial_dag' retrieved from /home/airflow/.local/lib/python3.8/site-packages/airflow/example_dags/tutorial_dag.py
[2025-05-07T19:49:40.884+0000] {logging_mixin.py:188} INFO - [2025-05-07T19:49:40.884+0000] {dag.py:3036} INFO - Sync 1 DAGs
[2025-05-07T19:49:40.896+0000] {logging_mixin.py:188} INFO - [2025-05-07T19:49:40.895+0000] {dag.py:3823} INFO - Setting next_dagrun for tutorial_dag to None, run_after=None
[2025-05-07T19:49:40.920+0000] {processor.py:183} INFO - Processing /home/airflow/.local/lib/python3.8/site-packages/airflow/example_dags/tutorial_dag.py took 0.067 seconds
[2025-05-07T19:50:11.761+0000] {processor.py:161} INFO - Started process (PID=1989) to work on /home/airflow/.local/lib/python3.8/site-packages/airflow/example_dags/tutorial_dag.py
[2025-05-07T19:50:11.763+0000] {processor.py:830} INFO - Processing file /home/airflow/.local/lib/python3.8/site-packages/airflow/example_dags/tutorial_dag.py for tasks to queue
[2025-05-07T19:50:11.765+0000] {logging_mixin.py:188} INFO - [2025-05-07T19:50:11.765+0000] {dagbag.py:538} INFO - Filling up the DagBag from /home/airflow/.local/lib/python3.8/site-packages/airflow/example_dags/tutorial_dag.py
[2025-05-07T19:50:11.772+0000] {processor.py:840} INFO - DAG(s) 'tutorial_dag' retrieved from /home/airflow/.local/lib/python3.8/site-packages/airflow/example_dags/tutorial_dag.py
[2025-05-07T19:50:11.798+0000] {logging_mixin.py:188} INFO - [2025-05-07T19:50:11.798+0000] {dag.py:3036} INFO - Sync 1 DAGs
[2025-05-07T19:50:11.811+0000] {logging_mixin.py:188} INFO - [2025-05-07T19:50:11.811+0000] {dag.py:3823} INFO - Setting next_dagrun for tutorial_dag to None, run_after=None
[2025-05-07T19:50:11.833+0000] {processor.py:183} INFO - Processing /home/airflow/.local/lib/python3.8/site-packages/airflow/example_dags/tutorial_dag.py took 0.076 seconds
[2025-05-07T19:50:42.574+0000] {processor.py:161} INFO - Started process (PID=2046) to work on /home/airflow/.local/lib/python3.8/site-packages/airflow/example_dags/tutorial_dag.py
[2025-05-07T19:50:42.576+0000] {processor.py:830} INFO - Processing file /home/airflow/.local/lib/python3.8/site-packages/airflow/example_dags/tutorial_dag.py for tasks to queue
[2025-05-07T19:50:42.578+0000] {logging_mixin.py:188} INFO - [2025-05-07T19:50:42.578+0000] {dagbag.py:538} INFO - Filling up the DagBag from /home/airflow/.local/lib/python3.8/site-packages/airflow/example_dags/tutorial_dag.py
[2025-05-07T19:50:42.585+0000] {processor.py:840} INFO - DAG(s) 'tutorial_dag' retrieved from /home/airflow/.local/lib/python3.8/site-packages/airflow/example_dags/tutorial_dag.py
[2025-05-07T19:50:42.605+0000] {logging_mixin.py:188} INFO - [2025-05-07T19:50:42.605+0000] {dag.py:3036} INFO - Sync 1 DAGs
[2025-05-07T19:50:42.617+0000] {logging_mixin.py:188} INFO - [2025-05-07T19:50:42.617+0000] {dag.py:3823} INFO - Setting next_dagrun for tutorial_dag to None, run_after=None
[2025-05-07T19:50:42.640+0000] {processor.py:183} INFO - Processing /home/airflow/.local/lib/python3.8/site-packages/airflow/example_dags/tutorial_dag.py took 0.071 seconds
[2025-05-07T19:51:12.709+0000] {processor.py:161} INFO - Started process (PID=2103) to work on /home/airflow/.local/lib/python3.8/site-packages/airflow/example_dags/tutorial_dag.py
[2025-05-07T19:51:12.710+0000] {processor.py:830} INFO - Processing file /home/airflow/.local/lib/python3.8/site-packages/airflow/example_dags/tutorial_dag.py for tasks to queue
[2025-05-07T19:51:12.712+0000] {logging_mixin.py:188} INFO - [2025-05-07T19:51:12.712+0000] {dagbag.py:538} INFO - Filling up the DagBag from /home/airflow/.local/lib/python3.8/site-packages/airflow/example_dags/tutorial_dag.py
[2025-05-07T19:51:12.718+0000] {processor.py:840} INFO - DAG(s) 'tutorial_dag' retrieved from /home/airflow/.local/lib/python3.8/site-packages/airflow/example_dags/tutorial_dag.py
[2025-05-07T19:51:12.737+0000] {logging_mixin.py:188} INFO - [2025-05-07T19:51:12.737+0000] {dag.py:3036} INFO - Sync 1 DAGs
[2025-05-07T19:51:12.749+0000] {logging_mixin.py:188} INFO - [2025-05-07T19:51:12.749+0000] {dag.py:3823} INFO - Setting next_dagrun for tutorial_dag to None, run_after=None
[2025-05-07T19:51:12.770+0000] {processor.py:183} INFO - Processing /home/airflow/.local/lib/python3.8/site-packages/airflow/example_dags/tutorial_dag.py took 0.064 seconds
[2025-05-07T19:51:43.265+0000] {processor.py:161} INFO - Started process (PID=2160) to work on /home/airflow/.local/lib/python3.8/site-packages/airflow/example_dags/tutorial_dag.py
[2025-05-07T19:51:43.268+0000] {processor.py:830} INFO - Processing file /home/airflow/.local/lib/python3.8/site-packages/airflow/example_dags/tutorial_dag.py for tasks to queue
[2025-05-07T19:51:43.271+0000] {logging_mixin.py:188} INFO - [2025-05-07T19:51:43.271+0000] {dagbag.py:538} INFO - Filling up the DagBag from /home/airflow/.local/lib/python3.8/site-packages/airflow/example_dags/tutorial_dag.py
[2025-05-07T19:51:43.282+0000] {processor.py:840} INFO - DAG(s) 'tutorial_dag' retrieved from /home/airflow/.local/lib/python3.8/site-packages/airflow/example_dags/tutorial_dag.py
[2025-05-07T19:51:43.317+0000] {logging_mixin.py:188} INFO - [2025-05-07T19:51:43.317+0000] {dag.py:3036} INFO - Sync 1 DAGs
[2025-05-07T19:51:43.340+0000] {logging_mixin.py:188} INFO - [2025-05-07T19:51:43.339+0000] {dag.py:3823} INFO - Setting next_dagrun for tutorial_dag to None, run_after=None
[2025-05-07T19:51:43.375+0000] {processor.py:183} INFO - Processing /home/airflow/.local/lib/python3.8/site-packages/airflow/example_dags/tutorial_dag.py took 0.115 seconds
[2025-05-07T19:52:13.743+0000] {processor.py:161} INFO - Started process (PID=2217) to work on /home/airflow/.local/lib/python3.8/site-packages/airflow/example_dags/tutorial_dag.py
[2025-05-07T19:52:13.744+0000] {processor.py:830} INFO - Processing file /home/airflow/.local/lib/python3.8/site-packages/airflow/example_dags/tutorial_dag.py for tasks to queue
[2025-05-07T19:52:13.746+0000] {logging_mixin.py:188} INFO - [2025-05-07T19:52:13.746+0000] {dagbag.py:538} INFO - Filling up the DagBag from /home/airflow/.local/lib/python3.8/site-packages/airflow/example_dags/tutorial_dag.py
[2025-05-07T19:52:13.752+0000] {processor.py:840} INFO - DAG(s) 'tutorial_dag' retrieved from /home/airflow/.local/lib/python3.8/site-packages/airflow/example_dags/tutorial_dag.py
[2025-05-07T19:52:13.773+0000] {logging_mixin.py:188} INFO - [2025-05-07T19:52:13.773+0000] {dag.py:3036} INFO - Sync 1 DAGs
[2025-05-07T19:52:13.786+0000] {logging_mixin.py:188} INFO - [2025-05-07T19:52:13.786+0000] {dag.py:3823} INFO - Setting next_dagrun for tutorial_dag to None, run_after=None
[2025-05-07T19:52:13.811+0000] {processor.py:183} INFO - Processing /home/airflow/.local/lib/python3.8/site-packages/airflow/example_dags/tutorial_dag.py took 0.071 seconds
[2025-05-07T19:52:44.749+0000] {processor.py:161} INFO - Started process (PID=2274) to work on /home/airflow/.local/lib/python3.8/site-packages/airflow/example_dags/tutorial_dag.py
[2025-05-07T19:52:44.753+0000] {processor.py:830} INFO - Processing file /home/airflow/.local/lib/python3.8/site-packages/airflow/example_dags/tutorial_dag.py for tasks to queue
[2025-05-07T19:52:44.760+0000] {logging_mixin.py:188} INFO - [2025-05-07T19:52:44.760+0000] {dagbag.py:538} INFO - Filling up the DagBag from /home/airflow/.local/lib/python3.8/site-packages/airflow/example_dags/tutorial_dag.py
[2025-05-07T19:52:44.771+0000] {processor.py:840} INFO - DAG(s) 'tutorial_dag' retrieved from /home/airflow/.local/lib/python3.8/site-packages/airflow/example_dags/tutorial_dag.py
[2025-05-07T19:52:44.799+0000] {logging_mixin.py:188} INFO - [2025-05-07T19:52:44.798+0000] {dag.py:3036} INFO - Sync 1 DAGs
[2025-05-07T19:52:44.814+0000] {logging_mixin.py:188} INFO - [2025-05-07T19:52:44.813+0000] {dag.py:3823} INFO - Setting next_dagrun for tutorial_dag to None, run_after=None
[2025-05-07T19:52:44.837+0000] {processor.py:183} INFO - Processing /home/airflow/.local/lib/python3.8/site-packages/airflow/example_dags/tutorial_dag.py took 0.094 seconds
[2025-05-07T19:53:15.625+0000] {processor.py:161} INFO - Started process (PID=2331) to work on /home/airflow/.local/lib/python3.8/site-packages/airflow/example_dags/tutorial_dag.py
[2025-05-07T19:53:15.627+0000] {processor.py:830} INFO - Processing file /home/airflow/.local/lib/python3.8/site-packages/airflow/example_dags/tutorial_dag.py for tasks to queue
[2025-05-07T19:53:15.630+0000] {logging_mixin.py:188} INFO - [2025-05-07T19:53:15.629+0000] {dagbag.py:538} INFO - Filling up the DagBag from /home/airflow/.local/lib/python3.8/site-packages/airflow/example_dags/tutorial_dag.py
[2025-05-07T19:53:15.637+0000] {processor.py:840} INFO - DAG(s) 'tutorial_dag' retrieved from /home/airflow/.local/lib/python3.8/site-packages/airflow/example_dags/tutorial_dag.py
[2025-05-07T19:53:15.658+0000] {logging_mixin.py:188} INFO - [2025-05-07T19:53:15.658+0000] {dag.py:3036} INFO - Sync 1 DAGs
[2025-05-07T19:53:15.671+0000] {logging_mixin.py:188} INFO - [2025-05-07T19:53:15.671+0000] {dag.py:3823} INFO - Setting next_dagrun for tutorial_dag to None, run_after=None
[2025-05-07T19:53:15.690+0000] {processor.py:183} INFO - Processing /home/airflow/.local/lib/python3.8/site-packages/airflow/example_dags/tutorial_dag.py took 0.069 seconds
[2025-05-07T19:53:46.319+0000] {processor.py:161} INFO - Started process (PID=2388) to work on /home/airflow/.local/lib/python3.8/site-packages/airflow/example_dags/tutorial_dag.py
[2025-05-07T19:53:46.322+0000] {processor.py:830} INFO - Processing file /home/airflow/.local/lib/python3.8/site-packages/airflow/example_dags/tutorial_dag.py for tasks to queue
[2025-05-07T19:53:46.324+0000] {logging_mixin.py:188} INFO - [2025-05-07T19:53:46.324+0000] {dagbag.py:538} INFO - Filling up the DagBag from /home/airflow/.local/lib/python3.8/site-packages/airflow/example_dags/tutorial_dag.py
[2025-05-07T19:53:46.330+0000] {processor.py:840} INFO - DAG(s) 'tutorial_dag' retrieved from /home/airflow/.local/lib/python3.8/site-packages/airflow/example_dags/tutorial_dag.py
[2025-05-07T19:53:46.351+0000] {logging_mixin.py:188} INFO - [2025-05-07T19:53:46.350+0000] {dag.py:3036} INFO - Sync 1 DAGs
[2025-05-07T19:53:46.363+0000] {logging_mixin.py:188} INFO - [2025-05-07T19:53:46.363+0000] {dag.py:3823} INFO - Setting next_dagrun for tutorial_dag to None, run_after=None
[2025-05-07T19:53:46.386+0000] {processor.py:183} INFO - Processing /home/airflow/.local/lib/python3.8/site-packages/airflow/example_dags/tutorial_dag.py took 0.071 seconds
[2025-05-07T19:54:17.297+0000] {processor.py:161} INFO - Started process (PID=2445) to work on /home/airflow/.local/lib/python3.8/site-packages/airflow/example_dags/tutorial_dag.py
[2025-05-07T19:54:17.299+0000] {processor.py:830} INFO - Processing file /home/airflow/.local/lib/python3.8/site-packages/airflow/example_dags/tutorial_dag.py for tasks to queue
[2025-05-07T19:54:17.303+0000] {logging_mixin.py:188} INFO - [2025-05-07T19:54:17.302+0000] {dagbag.py:538} INFO - Filling up the DagBag from /home/airflow/.local/lib/python3.8/site-packages/airflow/example_dags/tutorial_dag.py
[2025-05-07T19:54:17.315+0000] {processor.py:840} INFO - DAG(s) 'tutorial_dag' retrieved from /home/airflow/.local/lib/python3.8/site-packages/airflow/example_dags/tutorial_dag.py
[2025-05-07T19:54:17.344+0000] {logging_mixin.py:188} INFO - [2025-05-07T19:54:17.344+0000] {dag.py:3036} INFO - Sync 1 DAGs
[2025-05-07T19:54:17.359+0000] {logging_mixin.py:188} INFO - [2025-05-07T19:54:17.359+0000] {dag.py:3823} INFO - Setting next_dagrun for tutorial_dag to None, run_after=None
[2025-05-07T19:54:17.391+0000] {processor.py:183} INFO - Processing /home/airflow/.local/lib/python3.8/site-packages/airflow/example_dags/tutorial_dag.py took 0.101 seconds
[2025-05-07T19:54:47.760+0000] {processor.py:161} INFO - Started process (PID=2502) to work on /home/airflow/.local/lib/python3.8/site-packages/airflow/example_dags/tutorial_dag.py
[2025-05-07T19:54:47.761+0000] {processor.py:830} INFO - Processing file /home/airflow/.local/lib/python3.8/site-packages/airflow/example_dags/tutorial_dag.py for tasks to queue
[2025-05-07T19:54:47.764+0000] {logging_mixin.py:188} INFO - [2025-05-07T19:54:47.764+0000] {dagbag.py:538} INFO - Filling up the DagBag from /home/airflow/.local/lib/python3.8/site-packages/airflow/example_dags/tutorial_dag.py
[2025-05-07T19:54:47.771+0000] {processor.py:840} INFO - DAG(s) 'tutorial_dag' retrieved from /home/airflow/.local/lib/python3.8/site-packages/airflow/example_dags/tutorial_dag.py
[2025-05-07T19:54:47.797+0000] {logging_mixin.py:188} INFO - [2025-05-07T19:54:47.796+0000] {dag.py:3036} INFO - Sync 1 DAGs
[2025-05-07T19:54:47.810+0000] {logging_mixin.py:188} INFO - [2025-05-07T19:54:47.810+0000] {dag.py:3823} INFO - Setting next_dagrun for tutorial_dag to None, run_after=None
[2025-05-07T19:54:47.833+0000] {processor.py:183} INFO - Processing /home/airflow/.local/lib/python3.8/site-packages/airflow/example_dags/tutorial_dag.py took 0.077 seconds
[2025-05-07T19:55:18.302+0000] {processor.py:161} INFO - Started process (PID=2559) to work on /home/airflow/.local/lib/python3.8/site-packages/airflow/example_dags/tutorial_dag.py
[2025-05-07T19:55:18.306+0000] {processor.py:830} INFO - Processing file /home/airflow/.local/lib/python3.8/site-packages/airflow/example_dags/tutorial_dag.py for tasks to queue
[2025-05-07T19:55:18.311+0000] {logging_mixin.py:188} INFO - [2025-05-07T19:55:18.310+0000] {dagbag.py:538} INFO - Filling up the DagBag from /home/airflow/.local/lib/python3.8/site-packages/airflow/example_dags/tutorial_dag.py
[2025-05-07T19:55:18.323+0000] {processor.py:840} INFO - DAG(s) 'tutorial_dag' retrieved from /home/airflow/.local/lib/python3.8/site-packages/airflow/example_dags/tutorial_dag.py
[2025-05-07T19:55:18.360+0000] {logging_mixin.py:188} INFO - [2025-05-07T19:55:18.360+0000] {dag.py:3036} INFO - Sync 1 DAGs
[2025-05-07T19:55:18.383+0000] {logging_mixin.py:188} INFO - [2025-05-07T19:55:18.382+0000] {dag.py:3823} INFO - Setting next_dagrun for tutorial_dag to None, run_after=None
[2025-05-07T19:55:18.416+0000] {processor.py:183} INFO - Processing /home/airflow/.local/lib/python3.8/site-packages/airflow/example_dags/tutorial_dag.py took 0.120 seconds
[2025-05-07T19:55:49.592+0000] {processor.py:161} INFO - Started process (PID=2622) to work on /home/airflow/.local/lib/python3.8/site-packages/airflow/example_dags/tutorial_dag.py
[2025-05-07T19:55:49.594+0000] {processor.py:830} INFO - Processing file /home/airflow/.local/lib/python3.8/site-packages/airflow/example_dags/tutorial_dag.py for tasks to queue
[2025-05-07T19:55:49.596+0000] {logging_mixin.py:188} INFO - [2025-05-07T19:55:49.596+0000] {dagbag.py:538} INFO - Filling up the DagBag from /home/airflow/.local/lib/python3.8/site-packages/airflow/example_dags/tutorial_dag.py
[2025-05-07T19:55:49.602+0000] {processor.py:840} INFO - DAG(s) 'tutorial_dag' retrieved from /home/airflow/.local/lib/python3.8/site-packages/airflow/example_dags/tutorial_dag.py
[2025-05-07T19:55:49.623+0000] {logging_mixin.py:188} INFO - [2025-05-07T19:55:49.623+0000] {dag.py:3036} INFO - Sync 1 DAGs
[2025-05-07T19:55:49.636+0000] {logging_mixin.py:188} INFO - [2025-05-07T19:55:49.636+0000] {dag.py:3823} INFO - Setting next_dagrun for tutorial_dag to None, run_after=None
[2025-05-07T19:55:49.658+0000] {processor.py:183} INFO - Processing /home/airflow/.local/lib/python3.8/site-packages/airflow/example_dags/tutorial_dag.py took 0.069 seconds
[2025-05-07T19:56:20.992+0000] {processor.py:161} INFO - Started process (PID=2679) to work on /home/airflow/.local/lib/python3.8/site-packages/airflow/example_dags/tutorial_dag.py
[2025-05-07T19:56:20.994+0000] {processor.py:830} INFO - Processing file /home/airflow/.local/lib/python3.8/site-packages/airflow/example_dags/tutorial_dag.py for tasks to queue
[2025-05-07T19:56:20.996+0000] {logging_mixin.py:188} INFO - [2025-05-07T19:56:20.995+0000] {dagbag.py:538} INFO - Filling up the DagBag from /home/airflow/.local/lib/python3.8/site-packages/airflow/example_dags/tutorial_dag.py
[2025-05-07T19:56:21.001+0000] {processor.py:840} INFO - DAG(s) 'tutorial_dag' retrieved from /home/airflow/.local/lib/python3.8/site-packages/airflow/example_dags/tutorial_dag.py
[2025-05-07T19:56:21.141+0000] {logging_mixin.py:188} INFO - [2025-05-07T19:56:21.141+0000] {dag.py:3036} INFO - Sync 1 DAGs
[2025-05-07T19:56:21.152+0000] {logging_mixin.py:188} INFO - [2025-05-07T19:56:21.152+0000] {dag.py:3823} INFO - Setting next_dagrun for tutorial_dag to None, run_after=None
[2025-05-07T19:56:21.173+0000] {processor.py:183} INFO - Processing /home/airflow/.local/lib/python3.8/site-packages/airflow/example_dags/tutorial_dag.py took 0.183 seconds
[2025-05-07T19:56:51.649+0000] {processor.py:161} INFO - Started process (PID=2736) to work on /home/airflow/.local/lib/python3.8/site-packages/airflow/example_dags/tutorial_dag.py
[2025-05-07T19:56:51.650+0000] {processor.py:830} INFO - Processing file /home/airflow/.local/lib/python3.8/site-packages/airflow/example_dags/tutorial_dag.py for tasks to queue
[2025-05-07T19:56:51.653+0000] {logging_mixin.py:188} INFO - [2025-05-07T19:56:51.652+0000] {dagbag.py:538} INFO - Filling up the DagBag from /home/airflow/.local/lib/python3.8/site-packages/airflow/example_dags/tutorial_dag.py
[2025-05-07T19:56:51.658+0000] {processor.py:840} INFO - DAG(s) 'tutorial_dag' retrieved from /home/airflow/.local/lib/python3.8/site-packages/airflow/example_dags/tutorial_dag.py
[2025-05-07T19:56:51.681+0000] {logging_mixin.py:188} INFO - [2025-05-07T19:56:51.680+0000] {dag.py:3036} INFO - Sync 1 DAGs
[2025-05-07T19:56:51.694+0000] {logging_mixin.py:188} INFO - [2025-05-07T19:56:51.693+0000] {dag.py:3823} INFO - Setting next_dagrun for tutorial_dag to None, run_after=None
[2025-05-07T19:56:51.715+0000] {processor.py:183} INFO - Processing /home/airflow/.local/lib/python3.8/site-packages/airflow/example_dags/tutorial_dag.py took 0.070 seconds
[2025-05-07T19:57:22.603+0000] {processor.py:161} INFO - Started process (PID=2793) to work on /home/airflow/.local/lib/python3.8/site-packages/airflow/example_dags/tutorial_dag.py
[2025-05-07T19:57:22.606+0000] {processor.py:830} INFO - Processing file /home/airflow/.local/lib/python3.8/site-packages/airflow/example_dags/tutorial_dag.py for tasks to queue
[2025-05-07T19:57:22.608+0000] {logging_mixin.py:188} INFO - [2025-05-07T19:57:22.608+0000] {dagbag.py:538} INFO - Filling up the DagBag from /home/airflow/.local/lib/python3.8/site-packages/airflow/example_dags/tutorial_dag.py
[2025-05-07T19:57:22.616+0000] {processor.py:840} INFO - DAG(s) 'tutorial_dag' retrieved from /home/airflow/.local/lib/python3.8/site-packages/airflow/example_dags/tutorial_dag.py
[2025-05-07T19:57:22.637+0000] {logging_mixin.py:188} INFO - [2025-05-07T19:57:22.637+0000] {dag.py:3036} INFO - Sync 1 DAGs
[2025-05-07T19:57:22.656+0000] {logging_mixin.py:188} INFO - [2025-05-07T19:57:22.656+0000] {dag.py:3823} INFO - Setting next_dagrun for tutorial_dag to None, run_after=None
[2025-05-07T19:57:22.690+0000] {processor.py:183} INFO - Processing /home/airflow/.local/lib/python3.8/site-packages/airflow/example_dags/tutorial_dag.py took 0.091 seconds
[2025-05-07T19:57:53.215+0000] {processor.py:161} INFO - Started process (PID=2850) to work on /home/airflow/.local/lib/python3.8/site-packages/airflow/example_dags/tutorial_dag.py
[2025-05-07T19:57:53.217+0000] {processor.py:830} INFO - Processing file /home/airflow/.local/lib/python3.8/site-packages/airflow/example_dags/tutorial_dag.py for tasks to queue
[2025-05-07T19:57:53.219+0000] {logging_mixin.py:188} INFO - [2025-05-07T19:57:53.219+0000] {dagbag.py:538} INFO - Filling up the DagBag from /home/airflow/.local/lib/python3.8/site-packages/airflow/example_dags/tutorial_dag.py
[2025-05-07T19:57:53.225+0000] {processor.py:840} INFO - DAG(s) 'tutorial_dag' retrieved from /home/airflow/.local/lib/python3.8/site-packages/airflow/example_dags/tutorial_dag.py
[2025-05-07T19:57:53.247+0000] {logging_mixin.py:188} INFO - [2025-05-07T19:57:53.246+0000] {dag.py:3036} INFO - Sync 1 DAGs
[2025-05-07T19:57:53.260+0000] {logging_mixin.py:188} INFO - [2025-05-07T19:57:53.260+0000] {dag.py:3823} INFO - Setting next_dagrun for tutorial_dag to None, run_after=None
[2025-05-07T19:57:53.282+0000] {processor.py:183} INFO - Processing /home/airflow/.local/lib/python3.8/site-packages/airflow/example_dags/tutorial_dag.py took 0.070 seconds
[2025-05-07T19:58:24.257+0000] {processor.py:161} INFO - Started process (PID=2907) to work on /home/airflow/.local/lib/python3.8/site-packages/airflow/example_dags/tutorial_dag.py
[2025-05-07T19:58:24.259+0000] {processor.py:830} INFO - Processing file /home/airflow/.local/lib/python3.8/site-packages/airflow/example_dags/tutorial_dag.py for tasks to queue
[2025-05-07T19:58:24.261+0000] {logging_mixin.py:188} INFO - [2025-05-07T19:58:24.261+0000] {dagbag.py:538} INFO - Filling up the DagBag from /home/airflow/.local/lib/python3.8/site-packages/airflow/example_dags/tutorial_dag.py
[2025-05-07T19:58:24.270+0000] {processor.py:840} INFO - DAG(s) 'tutorial_dag' retrieved from /home/airflow/.local/lib/python3.8/site-packages/airflow/example_dags/tutorial_dag.py
[2025-05-07T19:58:24.306+0000] {logging_mixin.py:188} INFO - [2025-05-07T19:58:24.305+0000] {dag.py:3036} INFO - Sync 1 DAGs
[2025-05-07T19:58:24.322+0000] {logging_mixin.py:188} INFO - [2025-05-07T19:58:24.321+0000] {dag.py:3823} INFO - Setting next_dagrun for tutorial_dag to None, run_after=None
[2025-05-07T19:58:24.355+0000] {processor.py:183} INFO - Processing /home/airflow/.local/lib/python3.8/site-packages/airflow/example_dags/tutorial_dag.py took 0.102 seconds
[2025-05-07T19:58:55.180+0000] {processor.py:161} INFO - Started process (PID=2964) to work on /home/airflow/.local/lib/python3.8/site-packages/airflow/example_dags/tutorial_dag.py
[2025-05-07T19:58:55.182+0000] {processor.py:830} INFO - Processing file /home/airflow/.local/lib/python3.8/site-packages/airflow/example_dags/tutorial_dag.py for tasks to queue
[2025-05-07T19:58:55.184+0000] {logging_mixin.py:188} INFO - [2025-05-07T19:58:55.184+0000] {dagbag.py:538} INFO - Filling up the DagBag from /home/airflow/.local/lib/python3.8/site-packages/airflow/example_dags/tutorial_dag.py
[2025-05-07T19:58:55.191+0000] {processor.py:840} INFO - DAG(s) 'tutorial_dag' retrieved from /home/airflow/.local/lib/python3.8/site-packages/airflow/example_dags/tutorial_dag.py
[2025-05-07T19:58:55.215+0000] {logging_mixin.py:188} INFO - [2025-05-07T19:58:55.214+0000] {dag.py:3036} INFO - Sync 1 DAGs
[2025-05-07T19:58:55.227+0000] {logging_mixin.py:188} INFO - [2025-05-07T19:58:55.227+0000] {dag.py:3823} INFO - Setting next_dagrun for tutorial_dag to None, run_after=None
[2025-05-07T19:58:55.255+0000] {processor.py:183} INFO - Processing /home/airflow/.local/lib/python3.8/site-packages/airflow/example_dags/tutorial_dag.py took 0.084 seconds
[2025-05-07T19:59:25.511+0000] {processor.py:161} INFO - Started process (PID=3021) to work on /home/airflow/.local/lib/python3.8/site-packages/airflow/example_dags/tutorial_dag.py
[2025-05-07T19:59:25.512+0000] {processor.py:830} INFO - Processing file /home/airflow/.local/lib/python3.8/site-packages/airflow/example_dags/tutorial_dag.py for tasks to queue
[2025-05-07T19:59:25.514+0000] {logging_mixin.py:188} INFO - [2025-05-07T19:59:25.513+0000] {dagbag.py:538} INFO - Filling up the DagBag from /home/airflow/.local/lib/python3.8/site-packages/airflow/example_dags/tutorial_dag.py
[2025-05-07T19:59:25.519+0000] {processor.py:840} INFO - DAG(s) 'tutorial_dag' retrieved from /home/airflow/.local/lib/python3.8/site-packages/airflow/example_dags/tutorial_dag.py
[2025-05-07T19:59:25.538+0000] {logging_mixin.py:188} INFO - [2025-05-07T19:59:25.537+0000] {dag.py:3036} INFO - Sync 1 DAGs
[2025-05-07T19:59:25.551+0000] {logging_mixin.py:188} INFO - [2025-05-07T19:59:25.551+0000] {dag.py:3823} INFO - Setting next_dagrun for tutorial_dag to None, run_after=None
[2025-05-07T19:59:25.573+0000] {processor.py:183} INFO - Processing /home/airflow/.local/lib/python3.8/site-packages/airflow/example_dags/tutorial_dag.py took 0.066 seconds
[2025-05-07T19:59:56.129+0000] {processor.py:161} INFO - Started process (PID=3078) to work on /home/airflow/.local/lib/python3.8/site-packages/airflow/example_dags/tutorial_dag.py
[2025-05-07T19:59:56.132+0000] {processor.py:830} INFO - Processing file /home/airflow/.local/lib/python3.8/site-packages/airflow/example_dags/tutorial_dag.py for tasks to queue
[2025-05-07T19:59:56.135+0000] {logging_mixin.py:188} INFO - [2025-05-07T19:59:56.134+0000] {dagbag.py:538} INFO - Filling up the DagBag from /home/airflow/.local/lib/python3.8/site-packages/airflow/example_dags/tutorial_dag.py
[2025-05-07T19:59:56.142+0000] {processor.py:840} INFO - DAG(s) 'tutorial_dag' retrieved from /home/airflow/.local/lib/python3.8/site-packages/airflow/example_dags/tutorial_dag.py
[2025-05-07T19:59:56.166+0000] {logging_mixin.py:188} INFO - [2025-05-07T19:59:56.165+0000] {dag.py:3036} INFO - Sync 1 DAGs
[2025-05-07T19:59:56.179+0000] {logging_mixin.py:188} INFO - [2025-05-07T19:59:56.179+0000] {dag.py:3823} INFO - Setting next_dagrun for tutorial_dag to None, run_after=None
[2025-05-07T19:59:56.201+0000] {processor.py:183} INFO - Processing /home/airflow/.local/lib/python3.8/site-packages/airflow/example_dags/tutorial_dag.py took 0.076 seconds
[2025-05-07T20:00:26.757+0000] {processor.py:161} INFO - Started process (PID=3135) to work on /home/airflow/.local/lib/python3.8/site-packages/airflow/example_dags/tutorial_dag.py
[2025-05-07T20:00:26.759+0000] {processor.py:830} INFO - Processing file /home/airflow/.local/lib/python3.8/site-packages/airflow/example_dags/tutorial_dag.py for tasks to queue
[2025-05-07T20:00:26.761+0000] {logging_mixin.py:188} INFO - [2025-05-07T20:00:26.761+0000] {dagbag.py:538} INFO - Filling up the DagBag from /home/airflow/.local/lib/python3.8/site-packages/airflow/example_dags/tutorial_dag.py
[2025-05-07T20:00:26.767+0000] {processor.py:840} INFO - DAG(s) 'tutorial_dag' retrieved from /home/airflow/.local/lib/python3.8/site-packages/airflow/example_dags/tutorial_dag.py
[2025-05-07T20:00:26.808+0000] {logging_mixin.py:188} INFO - [2025-05-07T20:00:26.807+0000] {dag.py:3036} INFO - Sync 1 DAGs
[2025-05-07T20:00:26.827+0000] {logging_mixin.py:188} INFO - [2025-05-07T20:00:26.827+0000] {dag.py:3823} INFO - Setting next_dagrun for tutorial_dag to None, run_after=None
[2025-05-07T20:00:26.854+0000] {processor.py:183} INFO - Processing /home/airflow/.local/lib/python3.8/site-packages/airflow/example_dags/tutorial_dag.py took 0.101 seconds
[2025-05-07T20:00:57.322+0000] {processor.py:161} INFO - Started process (PID=3192) to work on /home/airflow/.local/lib/python3.8/site-packages/airflow/example_dags/tutorial_dag.py
[2025-05-07T20:00:57.326+0000] {processor.py:830} INFO - Processing file /home/airflow/.local/lib/python3.8/site-packages/airflow/example_dags/tutorial_dag.py for tasks to queue
[2025-05-07T20:00:57.328+0000] {logging_mixin.py:188} INFO - [2025-05-07T20:00:57.328+0000] {dagbag.py:538} INFO - Filling up the DagBag from /home/airflow/.local/lib/python3.8/site-packages/airflow/example_dags/tutorial_dag.py
[2025-05-07T20:00:57.334+0000] {processor.py:840} INFO - DAG(s) 'tutorial_dag' retrieved from /home/airflow/.local/lib/python3.8/site-packages/airflow/example_dags/tutorial_dag.py
[2025-05-07T20:00:57.358+0000] {logging_mixin.py:188} INFO - [2025-05-07T20:00:57.357+0000] {dag.py:3036} INFO - Sync 1 DAGs
[2025-05-07T20:00:57.372+0000] {logging_mixin.py:188} INFO - [2025-05-07T20:00:57.372+0000] {dag.py:3823} INFO - Setting next_dagrun for tutorial_dag to None, run_after=None
[2025-05-07T20:00:57.396+0000] {processor.py:183} INFO - Processing /home/airflow/.local/lib/python3.8/site-packages/airflow/example_dags/tutorial_dag.py took 0.077 seconds
[2025-05-07T20:01:27.667+0000] {processor.py:161} INFO - Started process (PID=3249) to work on /home/airflow/.local/lib/python3.8/site-packages/airflow/example_dags/tutorial_dag.py
[2025-05-07T20:01:27.671+0000] {processor.py:830} INFO - Processing file /home/airflow/.local/lib/python3.8/site-packages/airflow/example_dags/tutorial_dag.py for tasks to queue
[2025-05-07T20:01:27.674+0000] {logging_mixin.py:188} INFO - [2025-05-07T20:01:27.673+0000] {dagbag.py:538} INFO - Filling up the DagBag from /home/airflow/.local/lib/python3.8/site-packages/airflow/example_dags/tutorial_dag.py
[2025-05-07T20:01:27.681+0000] {processor.py:840} INFO - DAG(s) 'tutorial_dag' retrieved from /home/airflow/.local/lib/python3.8/site-packages/airflow/example_dags/tutorial_dag.py
[2025-05-07T20:01:27.702+0000] {logging_mixin.py:188} INFO - [2025-05-07T20:01:27.701+0000] {dag.py:3036} INFO - Sync 1 DAGs
[2025-05-07T20:01:27.714+0000] {logging_mixin.py:188} INFO - [2025-05-07T20:01:27.714+0000] {dag.py:3823} INFO - Setting next_dagrun for tutorial_dag to None, run_after=None
[2025-05-07T20:01:27.734+0000] {processor.py:183} INFO - Processing /home/airflow/.local/lib/python3.8/site-packages/airflow/example_dags/tutorial_dag.py took 0.071 seconds
[2025-05-07T20:01:58.238+0000] {processor.py:161} INFO - Started process (PID=3306) to work on /home/airflow/.local/lib/python3.8/site-packages/airflow/example_dags/tutorial_dag.py
[2025-05-07T20:01:58.239+0000] {processor.py:830} INFO - Processing file /home/airflow/.local/lib/python3.8/site-packages/airflow/example_dags/tutorial_dag.py for tasks to queue
[2025-05-07T20:01:58.241+0000] {logging_mixin.py:188} INFO - [2025-05-07T20:01:58.241+0000] {dagbag.py:538} INFO - Filling up the DagBag from /home/airflow/.local/lib/python3.8/site-packages/airflow/example_dags/tutorial_dag.py
[2025-05-07T20:01:58.248+0000] {processor.py:840} INFO - DAG(s) 'tutorial_dag' retrieved from /home/airflow/.local/lib/python3.8/site-packages/airflow/example_dags/tutorial_dag.py
[2025-05-07T20:01:58.272+0000] {logging_mixin.py:188} INFO - [2025-05-07T20:01:58.271+0000] {dag.py:3036} INFO - Sync 1 DAGs
[2025-05-07T20:01:58.286+0000] {logging_mixin.py:188} INFO - [2025-05-07T20:01:58.286+0000] {dag.py:3823} INFO - Setting next_dagrun for tutorial_dag to None, run_after=None
[2025-05-07T20:01:58.313+0000] {processor.py:183} INFO - Processing /home/airflow/.local/lib/python3.8/site-packages/airflow/example_dags/tutorial_dag.py took 0.079 seconds
[2025-05-07T20:02:28.706+0000] {processor.py:161} INFO - Started process (PID=3363) to work on /home/airflow/.local/lib/python3.8/site-packages/airflow/example_dags/tutorial_dag.py
[2025-05-07T20:02:28.707+0000] {processor.py:830} INFO - Processing file /home/airflow/.local/lib/python3.8/site-packages/airflow/example_dags/tutorial_dag.py for tasks to queue
[2025-05-07T20:02:28.709+0000] {logging_mixin.py:188} INFO - [2025-05-07T20:02:28.709+0000] {dagbag.py:538} INFO - Filling up the DagBag from /home/airflow/.local/lib/python3.8/site-packages/airflow/example_dags/tutorial_dag.py
[2025-05-07T20:02:28.715+0000] {processor.py:840} INFO - DAG(s) 'tutorial_dag' retrieved from /home/airflow/.local/lib/python3.8/site-packages/airflow/example_dags/tutorial_dag.py
[2025-05-07T20:02:28.736+0000] {logging_mixin.py:188} INFO - [2025-05-07T20:02:28.736+0000] {dag.py:3036} INFO - Sync 1 DAGs
[2025-05-07T20:02:28.749+0000] {logging_mixin.py:188} INFO - [2025-05-07T20:02:28.748+0000] {dag.py:3823} INFO - Setting next_dagrun for tutorial_dag to None, run_after=None
[2025-05-07T20:02:28.771+0000] {processor.py:183} INFO - Processing /home/airflow/.local/lib/python3.8/site-packages/airflow/example_dags/tutorial_dag.py took 0.068 seconds
[2025-05-07T20:02:59.231+0000] {processor.py:161} INFO - Started process (PID=3421) to work on /home/airflow/.local/lib/python3.8/site-packages/airflow/example_dags/tutorial_dag.py
[2025-05-07T20:02:59.235+0000] {processor.py:830} INFO - Processing file /home/airflow/.local/lib/python3.8/site-packages/airflow/example_dags/tutorial_dag.py for tasks to queue
[2025-05-07T20:02:59.239+0000] {logging_mixin.py:188} INFO - [2025-05-07T20:02:59.238+0000] {dagbag.py:538} INFO - Filling up the DagBag from /home/airflow/.local/lib/python3.8/site-packages/airflow/example_dags/tutorial_dag.py
[2025-05-07T20:02:59.247+0000] {processor.py:840} INFO - DAG(s) 'tutorial_dag' retrieved from /home/airflow/.local/lib/python3.8/site-packages/airflow/example_dags/tutorial_dag.py
[2025-05-07T20:02:59.271+0000] {logging_mixin.py:188} INFO - [2025-05-07T20:02:59.271+0000] {dag.py:3036} INFO - Sync 1 DAGs
[2025-05-07T20:02:59.284+0000] {logging_mixin.py:188} INFO - [2025-05-07T20:02:59.284+0000] {dag.py:3823} INFO - Setting next_dagrun for tutorial_dag to None, run_after=None
[2025-05-07T20:02:59.309+0000] {processor.py:183} INFO - Processing /home/airflow/.local/lib/python3.8/site-packages/airflow/example_dags/tutorial_dag.py took 0.083 seconds
[2025-05-07T20:03:30.234+0000] {processor.py:161} INFO - Started process (PID=3478) to work on /home/airflow/.local/lib/python3.8/site-packages/airflow/example_dags/tutorial_dag.py
[2025-05-07T20:03:30.238+0000] {processor.py:830} INFO - Processing file /home/airflow/.local/lib/python3.8/site-packages/airflow/example_dags/tutorial_dag.py for tasks to queue
[2025-05-07T20:03:30.245+0000] {logging_mixin.py:188} INFO - [2025-05-07T20:03:30.244+0000] {dagbag.py:538} INFO - Filling up the DagBag from /home/airflow/.local/lib/python3.8/site-packages/airflow/example_dags/tutorial_dag.py
[2025-05-07T20:03:30.258+0000] {processor.py:840} INFO - DAG(s) 'tutorial_dag' retrieved from /home/airflow/.local/lib/python3.8/site-packages/airflow/example_dags/tutorial_dag.py
[2025-05-07T20:03:30.287+0000] {logging_mixin.py:188} INFO - [2025-05-07T20:03:30.287+0000] {dag.py:3036} INFO - Sync 1 DAGs
[2025-05-07T20:03:30.311+0000] {logging_mixin.py:188} INFO - [2025-05-07T20:03:30.311+0000] {dag.py:3823} INFO - Setting next_dagrun for tutorial_dag to None, run_after=None
[2025-05-07T20:03:30.339+0000] {processor.py:183} INFO - Processing /home/airflow/.local/lib/python3.8/site-packages/airflow/example_dags/tutorial_dag.py took 0.114 seconds
[2025-05-07T20:04:01.012+0000] {processor.py:161} INFO - Started process (PID=3535) to work on /home/airflow/.local/lib/python3.8/site-packages/airflow/example_dags/tutorial_dag.py
[2025-05-07T20:04:01.014+0000] {processor.py:830} INFO - Processing file /home/airflow/.local/lib/python3.8/site-packages/airflow/example_dags/tutorial_dag.py for tasks to queue
[2025-05-07T20:04:01.016+0000] {logging_mixin.py:188} INFO - [2025-05-07T20:04:01.015+0000] {dagbag.py:538} INFO - Filling up the DagBag from /home/airflow/.local/lib/python3.8/site-packages/airflow/example_dags/tutorial_dag.py
[2025-05-07T20:04:01.021+0000] {processor.py:840} INFO - DAG(s) 'tutorial_dag' retrieved from /home/airflow/.local/lib/python3.8/site-packages/airflow/example_dags/tutorial_dag.py
[2025-05-07T20:04:01.041+0000] {logging_mixin.py:188} INFO - [2025-05-07T20:04:01.041+0000] {dag.py:3036} INFO - Sync 1 DAGs
[2025-05-07T20:04:01.054+0000] {logging_mixin.py:188} INFO - [2025-05-07T20:04:01.054+0000] {dag.py:3823} INFO - Setting next_dagrun for tutorial_dag to None, run_after=None
[2025-05-07T20:04:01.077+0000] {processor.py:183} INFO - Processing /home/airflow/.local/lib/python3.8/site-packages/airflow/example_dags/tutorial_dag.py took 0.069 seconds
[2025-05-07T20:04:31.249+0000] {processor.py:161} INFO - Started process (PID=3592) to work on /home/airflow/.local/lib/python3.8/site-packages/airflow/example_dags/tutorial_dag.py
[2025-05-07T20:04:31.251+0000] {processor.py:830} INFO - Processing file /home/airflow/.local/lib/python3.8/site-packages/airflow/example_dags/tutorial_dag.py for tasks to queue
[2025-05-07T20:04:31.253+0000] {logging_mixin.py:188} INFO - [2025-05-07T20:04:31.253+0000] {dagbag.py:538} INFO - Filling up the DagBag from /home/airflow/.local/lib/python3.8/site-packages/airflow/example_dags/tutorial_dag.py
[2025-05-07T20:04:31.259+0000] {processor.py:840} INFO - DAG(s) 'tutorial_dag' retrieved from /home/airflow/.local/lib/python3.8/site-packages/airflow/example_dags/tutorial_dag.py
[2025-05-07T20:04:31.283+0000] {logging_mixin.py:188} INFO - [2025-05-07T20:04:31.283+0000] {dag.py:3036} INFO - Sync 1 DAGs
[2025-05-07T20:04:31.296+0000] {logging_mixin.py:188} INFO - [2025-05-07T20:04:31.295+0000] {dag.py:3823} INFO - Setting next_dagrun for tutorial_dag to None, run_after=None
[2025-05-07T20:04:31.320+0000] {processor.py:183} INFO - Processing /home/airflow/.local/lib/python3.8/site-packages/airflow/example_dags/tutorial_dag.py took 0.075 seconds
[2025-05-07T20:05:01.465+0000] {processor.py:161} INFO - Started process (PID=3649) to work on /home/airflow/.local/lib/python3.8/site-packages/airflow/example_dags/tutorial_dag.py
[2025-05-07T20:05:01.466+0000] {processor.py:830} INFO - Processing file /home/airflow/.local/lib/python3.8/site-packages/airflow/example_dags/tutorial_dag.py for tasks to queue
[2025-05-07T20:05:01.470+0000] {logging_mixin.py:188} INFO - [2025-05-07T20:05:01.470+0000] {dagbag.py:538} INFO - Filling up the DagBag from /home/airflow/.local/lib/python3.8/site-packages/airflow/example_dags/tutorial_dag.py
[2025-05-07T20:05:01.479+0000] {processor.py:840} INFO - DAG(s) 'tutorial_dag' retrieved from /home/airflow/.local/lib/python3.8/site-packages/airflow/example_dags/tutorial_dag.py
[2025-05-07T20:05:01.504+0000] {logging_mixin.py:188} INFO - [2025-05-07T20:05:01.504+0000] {dag.py:3036} INFO - Sync 1 DAGs
[2025-05-07T20:05:01.519+0000] {logging_mixin.py:188} INFO - [2025-05-07T20:05:01.519+0000] {dag.py:3823} INFO - Setting next_dagrun for tutorial_dag to None, run_after=None
[2025-05-07T20:05:01.544+0000] {processor.py:183} INFO - Processing /home/airflow/.local/lib/python3.8/site-packages/airflow/example_dags/tutorial_dag.py took 0.085 seconds
[2025-05-07T20:05:31.921+0000] {processor.py:161} INFO - Started process (PID=3706) to work on /home/airflow/.local/lib/python3.8/site-packages/airflow/example_dags/tutorial_dag.py
[2025-05-07T20:05:31.923+0000] {processor.py:830} INFO - Processing file /home/airflow/.local/lib/python3.8/site-packages/airflow/example_dags/tutorial_dag.py for tasks to queue
[2025-05-07T20:05:31.926+0000] {logging_mixin.py:188} INFO - [2025-05-07T20:05:31.925+0000] {dagbag.py:538} INFO - Filling up the DagBag from /home/airflow/.local/lib/python3.8/site-packages/airflow/example_dags/tutorial_dag.py
[2025-05-07T20:05:31.933+0000] {processor.py:840} INFO - DAG(s) 'tutorial_dag' retrieved from /home/airflow/.local/lib/python3.8/site-packages/airflow/example_dags/tutorial_dag.py
[2025-05-07T20:05:31.959+0000] {logging_mixin.py:188} INFO - [2025-05-07T20:05:31.959+0000] {dag.py:3036} INFO - Sync 1 DAGs
[2025-05-07T20:05:31.973+0000] {logging_mixin.py:188} INFO - [2025-05-07T20:05:31.973+0000] {dag.py:3823} INFO - Setting next_dagrun for tutorial_dag to None, run_after=None
[2025-05-07T20:05:32.003+0000] {processor.py:183} INFO - Processing /home/airflow/.local/lib/python3.8/site-packages/airflow/example_dags/tutorial_dag.py took 0.085 seconds
[2025-05-07T20:06:02.771+0000] {processor.py:161} INFO - Started process (PID=3763) to work on /home/airflow/.local/lib/python3.8/site-packages/airflow/example_dags/tutorial_dag.py
[2025-05-07T20:06:02.772+0000] {processor.py:830} INFO - Processing file /home/airflow/.local/lib/python3.8/site-packages/airflow/example_dags/tutorial_dag.py for tasks to queue
[2025-05-07T20:06:02.774+0000] {logging_mixin.py:188} INFO - [2025-05-07T20:06:02.774+0000] {dagbag.py:538} INFO - Filling up the DagBag from /home/airflow/.local/lib/python3.8/site-packages/airflow/example_dags/tutorial_dag.py
[2025-05-07T20:06:02.780+0000] {processor.py:840} INFO - DAG(s) 'tutorial_dag' retrieved from /home/airflow/.local/lib/python3.8/site-packages/airflow/example_dags/tutorial_dag.py
[2025-05-07T20:06:02.802+0000] {logging_mixin.py:188} INFO - [2025-05-07T20:06:02.802+0000] {dag.py:3036} INFO - Sync 1 DAGs
[2025-05-07T20:06:02.814+0000] {logging_mixin.py:188} INFO - [2025-05-07T20:06:02.814+0000] {dag.py:3823} INFO - Setting next_dagrun for tutorial_dag to None, run_after=None
[2025-05-07T20:06:02.839+0000] {processor.py:183} INFO - Processing /home/airflow/.local/lib/python3.8/site-packages/airflow/example_dags/tutorial_dag.py took 0.072 seconds
[2025-05-07T20:06:32.976+0000] {processor.py:161} INFO - Started process (PID=3820) to work on /home/airflow/.local/lib/python3.8/site-packages/airflow/example_dags/tutorial_dag.py
[2025-05-07T20:06:32.977+0000] {processor.py:830} INFO - Processing file /home/airflow/.local/lib/python3.8/site-packages/airflow/example_dags/tutorial_dag.py for tasks to queue
[2025-05-07T20:06:32.979+0000] {logging_mixin.py:188} INFO - [2025-05-07T20:06:32.978+0000] {dagbag.py:538} INFO - Filling up the DagBag from /home/airflow/.local/lib/python3.8/site-packages/airflow/example_dags/tutorial_dag.py
[2025-05-07T20:06:32.985+0000] {processor.py:840} INFO - DAG(s) 'tutorial_dag' retrieved from /home/airflow/.local/lib/python3.8/site-packages/airflow/example_dags/tutorial_dag.py
[2025-05-07T20:06:33.006+0000] {logging_mixin.py:188} INFO - [2025-05-07T20:06:33.005+0000] {dag.py:3036} INFO - Sync 1 DAGs
[2025-05-07T20:06:33.018+0000] {logging_mixin.py:188} INFO - [2025-05-07T20:06:33.018+0000] {dag.py:3823} INFO - Setting next_dagrun for tutorial_dag to None, run_after=None
[2025-05-07T20:06:33.041+0000] {processor.py:183} INFO - Processing /home/airflow/.local/lib/python3.8/site-packages/airflow/example_dags/tutorial_dag.py took 0.069 seconds
[2025-05-07T20:07:03.435+0000] {processor.py:161} INFO - Started process (PID=3877) to work on /home/airflow/.local/lib/python3.8/site-packages/airflow/example_dags/tutorial_dag.py
[2025-05-07T20:07:03.437+0000] {processor.py:830} INFO - Processing file /home/airflow/.local/lib/python3.8/site-packages/airflow/example_dags/tutorial_dag.py for tasks to queue
[2025-05-07T20:07:03.439+0000] {logging_mixin.py:188} INFO - [2025-05-07T20:07:03.439+0000] {dagbag.py:538} INFO - Filling up the DagBag from /home/airflow/.local/lib/python3.8/site-packages/airflow/example_dags/tutorial_dag.py
[2025-05-07T20:07:03.445+0000] {processor.py:840} INFO - DAG(s) 'tutorial_dag' retrieved from /home/airflow/.local/lib/python3.8/site-packages/airflow/example_dags/tutorial_dag.py
[2025-05-07T20:07:03.468+0000] {logging_mixin.py:188} INFO - [2025-05-07T20:07:03.468+0000] {dag.py:3036} INFO - Sync 1 DAGs
[2025-05-07T20:07:03.481+0000] {logging_mixin.py:188} INFO - [2025-05-07T20:07:03.481+0000] {dag.py:3823} INFO - Setting next_dagrun for tutorial_dag to None, run_after=None
[2025-05-07T20:07:03.502+0000] {processor.py:183} INFO - Processing /home/airflow/.local/lib/python3.8/site-packages/airflow/example_dags/tutorial_dag.py took 0.073 seconds
[2025-05-07T20:07:34.243+0000] {processor.py:161} INFO - Started process (PID=3934) to work on /home/airflow/.local/lib/python3.8/site-packages/airflow/example_dags/tutorial_dag.py
[2025-05-07T20:07:34.246+0000] {processor.py:830} INFO - Processing file /home/airflow/.local/lib/python3.8/site-packages/airflow/example_dags/tutorial_dag.py for tasks to queue
[2025-05-07T20:07:34.252+0000] {logging_mixin.py:188} INFO - [2025-05-07T20:07:34.251+0000] {dagbag.py:538} INFO - Filling up the DagBag from /home/airflow/.local/lib/python3.8/site-packages/airflow/example_dags/tutorial_dag.py
[2025-05-07T20:07:34.266+0000] {processor.py:840} INFO - DAG(s) 'tutorial_dag' retrieved from /home/airflow/.local/lib/python3.8/site-packages/airflow/example_dags/tutorial_dag.py
[2025-05-07T20:07:34.302+0000] {logging_mixin.py:188} INFO - [2025-05-07T20:07:34.302+0000] {dag.py:3036} INFO - Sync 1 DAGs
[2025-05-07T20:07:34.315+0000] {logging_mixin.py:188} INFO - [2025-05-07T20:07:34.315+0000] {dag.py:3823} INFO - Setting next_dagrun for tutorial_dag to None, run_after=None
[2025-05-07T20:07:34.340+0000] {processor.py:183} INFO - Processing /home/airflow/.local/lib/python3.8/site-packages/airflow/example_dags/tutorial_dag.py took 0.103 seconds
[2025-05-07T20:08:04.484+0000] {processor.py:161} INFO - Started process (PID=3991) to work on /home/airflow/.local/lib/python3.8/site-packages/airflow/example_dags/tutorial_dag.py
[2025-05-07T20:08:04.485+0000] {processor.py:830} INFO - Processing file /home/airflow/.local/lib/python3.8/site-packages/airflow/example_dags/tutorial_dag.py for tasks to queue
[2025-05-07T20:08:04.487+0000] {logging_mixin.py:188} INFO - [2025-05-07T20:08:04.487+0000] {dagbag.py:538} INFO - Filling up the DagBag from /home/airflow/.local/lib/python3.8/site-packages/airflow/example_dags/tutorial_dag.py
[2025-05-07T20:08:04.493+0000] {processor.py:840} INFO - DAG(s) 'tutorial_dag' retrieved from /home/airflow/.local/lib/python3.8/site-packages/airflow/example_dags/tutorial_dag.py
[2025-05-07T20:08:04.512+0000] {logging_mixin.py:188} INFO - [2025-05-07T20:08:04.511+0000] {dag.py:3036} INFO - Sync 1 DAGs
[2025-05-07T20:08:04.523+0000] {logging_mixin.py:188} INFO - [2025-05-07T20:08:04.523+0000] {dag.py:3823} INFO - Setting next_dagrun for tutorial_dag to None, run_after=None
[2025-05-07T20:08:04.541+0000] {processor.py:183} INFO - Processing /home/airflow/.local/lib/python3.8/site-packages/airflow/example_dags/tutorial_dag.py took 0.062 seconds
[2025-05-07T20:08:34.863+0000] {processor.py:161} INFO - Started process (PID=4048) to work on /home/airflow/.local/lib/python3.8/site-packages/airflow/example_dags/tutorial_dag.py
[2025-05-07T20:08:34.865+0000] {processor.py:830} INFO - Processing file /home/airflow/.local/lib/python3.8/site-packages/airflow/example_dags/tutorial_dag.py for tasks to queue
[2025-05-07T20:08:34.867+0000] {logging_mixin.py:188} INFO - [2025-05-07T20:08:34.867+0000] {dagbag.py:538} INFO - Filling up the DagBag from /home/airflow/.local/lib/python3.8/site-packages/airflow/example_dags/tutorial_dag.py
[2025-05-07T20:08:34.894+0000] {processor.py:840} INFO - DAG(s) 'tutorial_dag' retrieved from /home/airflow/.local/lib/python3.8/site-packages/airflow/example_dags/tutorial_dag.py
[2025-05-07T20:08:34.946+0000] {logging_mixin.py:188} INFO - [2025-05-07T20:08:34.945+0000] {dag.py:3036} INFO - Sync 1 DAGs
[2025-05-07T20:08:34.963+0000] {logging_mixin.py:188} INFO - [2025-05-07T20:08:34.963+0000] {dag.py:3823} INFO - Setting next_dagrun for tutorial_dag to None, run_after=None
[2025-05-07T20:08:34.993+0000] {processor.py:183} INFO - Processing /home/airflow/.local/lib/python3.8/site-packages/airflow/example_dags/tutorial_dag.py took 0.133 seconds
[2025-05-07T20:09:05.505+0000] {processor.py:161} INFO - Started process (PID=4105) to work on /home/airflow/.local/lib/python3.8/site-packages/airflow/example_dags/tutorial_dag.py
[2025-05-07T20:09:05.506+0000] {processor.py:830} INFO - Processing file /home/airflow/.local/lib/python3.8/site-packages/airflow/example_dags/tutorial_dag.py for tasks to queue
[2025-05-07T20:09:05.508+0000] {logging_mixin.py:188} INFO - [2025-05-07T20:09:05.507+0000] {dagbag.py:538} INFO - Filling up the DagBag from /home/airflow/.local/lib/python3.8/site-packages/airflow/example_dags/tutorial_dag.py
[2025-05-07T20:09:05.513+0000] {processor.py:840} INFO - DAG(s) 'tutorial_dag' retrieved from /home/airflow/.local/lib/python3.8/site-packages/airflow/example_dags/tutorial_dag.py
[2025-05-07T20:09:05.533+0000] {logging_mixin.py:188} INFO - [2025-05-07T20:09:05.533+0000] {dag.py:3036} INFO - Sync 1 DAGs
[2025-05-07T20:09:05.544+0000] {logging_mixin.py:188} INFO - [2025-05-07T20:09:05.544+0000] {dag.py:3823} INFO - Setting next_dagrun for tutorial_dag to None, run_after=None
[2025-05-07T20:09:05.565+0000] {processor.py:183} INFO - Processing /home/airflow/.local/lib/python3.8/site-packages/airflow/example_dags/tutorial_dag.py took 0.064 seconds
[2025-05-07T20:09:36.179+0000] {processor.py:161} INFO - Started process (PID=4162) to work on /home/airflow/.local/lib/python3.8/site-packages/airflow/example_dags/tutorial_dag.py
[2025-05-07T20:09:36.180+0000] {processor.py:830} INFO - Processing file /home/airflow/.local/lib/python3.8/site-packages/airflow/example_dags/tutorial_dag.py for tasks to queue
[2025-05-07T20:09:36.183+0000] {logging_mixin.py:188} INFO - [2025-05-07T20:09:36.182+0000] {dagbag.py:538} INFO - Filling up the DagBag from /home/airflow/.local/lib/python3.8/site-packages/airflow/example_dags/tutorial_dag.py
[2025-05-07T20:09:36.189+0000] {processor.py:840} INFO - DAG(s) 'tutorial_dag' retrieved from /home/airflow/.local/lib/python3.8/site-packages/airflow/example_dags/tutorial_dag.py
[2025-05-07T20:09:36.212+0000] {logging_mixin.py:188} INFO - [2025-05-07T20:09:36.212+0000] {dag.py:3036} INFO - Sync 1 DAGs
[2025-05-07T20:09:36.227+0000] {logging_mixin.py:188} INFO - [2025-05-07T20:09:36.226+0000] {dag.py:3823} INFO - Setting next_dagrun for tutorial_dag to None, run_after=None
[2025-05-07T20:09:36.256+0000] {processor.py:183} INFO - Processing /home/airflow/.local/lib/python3.8/site-packages/airflow/example_dags/tutorial_dag.py took 0.082 seconds
[2025-05-07T20:10:07.361+0000] {processor.py:161} INFO - Started process (PID=4219) to work on /home/airflow/.local/lib/python3.8/site-packages/airflow/example_dags/tutorial_dag.py
[2025-05-07T20:10:07.362+0000] {processor.py:830} INFO - Processing file /home/airflow/.local/lib/python3.8/site-packages/airflow/example_dags/tutorial_dag.py for tasks to queue
[2025-05-07T20:10:07.364+0000] {logging_mixin.py:188} INFO - [2025-05-07T20:10:07.364+0000] {dagbag.py:538} INFO - Filling up the DagBag from /home/airflow/.local/lib/python3.8/site-packages/airflow/example_dags/tutorial_dag.py
[2025-05-07T20:10:07.370+0000] {processor.py:840} INFO - DAG(s) 'tutorial_dag' retrieved from /home/airflow/.local/lib/python3.8/site-packages/airflow/example_dags/tutorial_dag.py
[2025-05-07T20:10:07.392+0000] {logging_mixin.py:188} INFO - [2025-05-07T20:10:07.392+0000] {dag.py:3036} INFO - Sync 1 DAGs
[2025-05-07T20:10:07.404+0000] {logging_mixin.py:188} INFO - [2025-05-07T20:10:07.404+0000] {dag.py:3823} INFO - Setting next_dagrun for tutorial_dag to None, run_after=None
[2025-05-07T20:10:07.423+0000] {processor.py:183} INFO - Processing /home/airflow/.local/lib/python3.8/site-packages/airflow/example_dags/tutorial_dag.py took 0.065 seconds
[2025-05-07T20:10:37.797+0000] {processor.py:161} INFO - Started process (PID=4276) to work on /home/airflow/.local/lib/python3.8/site-packages/airflow/example_dags/tutorial_dag.py
[2025-05-07T20:10:37.798+0000] {processor.py:830} INFO - Processing file /home/airflow/.local/lib/python3.8/site-packages/airflow/example_dags/tutorial_dag.py for tasks to queue
[2025-05-07T20:10:37.800+0000] {logging_mixin.py:188} INFO - [2025-05-07T20:10:37.800+0000] {dagbag.py:538} INFO - Filling up the DagBag from /home/airflow/.local/lib/python3.8/site-packages/airflow/example_dags/tutorial_dag.py
[2025-05-07T20:10:37.806+0000] {processor.py:840} INFO - DAG(s) 'tutorial_dag' retrieved from /home/airflow/.local/lib/python3.8/site-packages/airflow/example_dags/tutorial_dag.py
[2025-05-07T20:10:37.826+0000] {logging_mixin.py:188} INFO - [2025-05-07T20:10:37.825+0000] {dag.py:3036} INFO - Sync 1 DAGs
[2025-05-07T20:10:37.839+0000] {logging_mixin.py:188} INFO - [2025-05-07T20:10:37.838+0000] {dag.py:3823} INFO - Setting next_dagrun for tutorial_dag to None, run_after=None
[2025-05-07T20:10:37.862+0000] {processor.py:183} INFO - Processing /home/airflow/.local/lib/python3.8/site-packages/airflow/example_dags/tutorial_dag.py took 0.068 seconds
[2025-05-07T20:11:08.195+0000] {processor.py:161} INFO - Started process (PID=4333) to work on /home/airflow/.local/lib/python3.8/site-packages/airflow/example_dags/tutorial_dag.py
[2025-05-07T20:11:08.196+0000] {processor.py:830} INFO - Processing file /home/airflow/.local/lib/python3.8/site-packages/airflow/example_dags/tutorial_dag.py for tasks to queue
[2025-05-07T20:11:08.199+0000] {logging_mixin.py:188} INFO - [2025-05-07T20:11:08.199+0000] {dagbag.py:538} INFO - Filling up the DagBag from /home/airflow/.local/lib/python3.8/site-packages/airflow/example_dags/tutorial_dag.py
[2025-05-07T20:11:08.206+0000] {processor.py:840} INFO - DAG(s) 'tutorial_dag' retrieved from /home/airflow/.local/lib/python3.8/site-packages/airflow/example_dags/tutorial_dag.py
[2025-05-07T20:11:08.229+0000] {logging_mixin.py:188} INFO - [2025-05-07T20:11:08.228+0000] {dag.py:3036} INFO - Sync 1 DAGs
[2025-05-07T20:11:08.242+0000] {logging_mixin.py:188} INFO - [2025-05-07T20:11:08.242+0000] {dag.py:3823} INFO - Setting next_dagrun for tutorial_dag to None, run_after=None
[2025-05-07T20:11:08.269+0000] {processor.py:183} INFO - Processing /home/airflow/.local/lib/python3.8/site-packages/airflow/example_dags/tutorial_dag.py took 0.079 seconds
[2025-05-07T20:11:39.733+0000] {processor.py:161} INFO - Started process (PID=4390) to work on /home/airflow/.local/lib/python3.8/site-packages/airflow/example_dags/tutorial_dag.py
[2025-05-07T20:11:39.735+0000] {processor.py:830} INFO - Processing file /home/airflow/.local/lib/python3.8/site-packages/airflow/example_dags/tutorial_dag.py for tasks to queue
[2025-05-07T20:11:39.739+0000] {logging_mixin.py:188} INFO - [2025-05-07T20:11:39.738+0000] {dagbag.py:538} INFO - Filling up the DagBag from /home/airflow/.local/lib/python3.8/site-packages/airflow/example_dags/tutorial_dag.py
[2025-05-07T20:11:39.746+0000] {processor.py:840} INFO - DAG(s) 'tutorial_dag' retrieved from /home/airflow/.local/lib/python3.8/site-packages/airflow/example_dags/tutorial_dag.py
[2025-05-07T20:11:39.770+0000] {logging_mixin.py:188} INFO - [2025-05-07T20:11:39.770+0000] {dag.py:3036} INFO - Sync 1 DAGs
[2025-05-07T20:11:39.783+0000] {logging_mixin.py:188} INFO - [2025-05-07T20:11:39.783+0000] {dag.py:3823} INFO - Setting next_dagrun for tutorial_dag to None, run_after=None
[2025-05-07T20:11:39.809+0000] {processor.py:183} INFO - Processing /home/airflow/.local/lib/python3.8/site-packages/airflow/example_dags/tutorial_dag.py took 0.083 seconds
[2025-05-07T20:12:09.981+0000] {processor.py:161} INFO - Started process (PID=4447) to work on /home/airflow/.local/lib/python3.8/site-packages/airflow/example_dags/tutorial_dag.py
[2025-05-07T20:12:09.982+0000] {processor.py:830} INFO - Processing file /home/airflow/.local/lib/python3.8/site-packages/airflow/example_dags/tutorial_dag.py for tasks to queue
[2025-05-07T20:12:09.984+0000] {logging_mixin.py:188} INFO - [2025-05-07T20:12:09.984+0000] {dagbag.py:538} INFO - Filling up the DagBag from /home/airflow/.local/lib/python3.8/site-packages/airflow/example_dags/tutorial_dag.py
[2025-05-07T20:12:09.990+0000] {processor.py:840} INFO - DAG(s) 'tutorial_dag' retrieved from /home/airflow/.local/lib/python3.8/site-packages/airflow/example_dags/tutorial_dag.py
[2025-05-07T20:12:10.010+0000] {logging_mixin.py:188} INFO - [2025-05-07T20:12:10.010+0000] {dag.py:3036} INFO - Sync 1 DAGs
[2025-05-07T20:12:10.023+0000] {logging_mixin.py:188} INFO - [2025-05-07T20:12:10.023+0000] {dag.py:3823} INFO - Setting next_dagrun for tutorial_dag to None, run_after=None
[2025-05-07T20:12:10.047+0000] {processor.py:183} INFO - Processing /home/airflow/.local/lib/python3.8/site-packages/airflow/example_dags/tutorial_dag.py took 0.070 seconds
[2025-05-07T20:12:40.976+0000] {processor.py:161} INFO - Started process (PID=4504) to work on /home/airflow/.local/lib/python3.8/site-packages/airflow/example_dags/tutorial_dag.py
[2025-05-07T20:12:40.980+0000] {processor.py:830} INFO - Processing file /home/airflow/.local/lib/python3.8/site-packages/airflow/example_dags/tutorial_dag.py for tasks to queue
[2025-05-07T20:12:40.984+0000] {logging_mixin.py:188} INFO - [2025-05-07T20:12:40.984+0000] {dagbag.py:538} INFO - Filling up the DagBag from /home/airflow/.local/lib/python3.8/site-packages/airflow/example_dags/tutorial_dag.py
[2025-05-07T20:12:40.995+0000] {processor.py:840} INFO - DAG(s) 'tutorial_dag' retrieved from /home/airflow/.local/lib/python3.8/site-packages/airflow/example_dags/tutorial_dag.py
[2025-05-07T20:12:41.022+0000] {logging_mixin.py:188} INFO - [2025-05-07T20:12:41.022+0000] {dag.py:3036} INFO - Sync 1 DAGs
[2025-05-07T20:12:41.037+0000] {logging_mixin.py:188} INFO - [2025-05-07T20:12:41.037+0000] {dag.py:3823} INFO - Setting next_dagrun for tutorial_dag to None, run_after=None
[2025-05-07T20:12:41.068+0000] {processor.py:183} INFO - Processing /home/airflow/.local/lib/python3.8/site-packages/airflow/example_dags/tutorial_dag.py took 0.099 seconds
[2025-05-07T20:13:11.412+0000] {processor.py:161} INFO - Started process (PID=4561) to work on /home/airflow/.local/lib/python3.8/site-packages/airflow/example_dags/tutorial_dag.py
[2025-05-07T20:13:11.415+0000] {processor.py:830} INFO - Processing file /home/airflow/.local/lib/python3.8/site-packages/airflow/example_dags/tutorial_dag.py for tasks to queue
[2025-05-07T20:13:11.421+0000] {logging_mixin.py:188} INFO - [2025-05-07T20:13:11.420+0000] {dagbag.py:538} INFO - Filling up the DagBag from /home/airflow/.local/lib/python3.8/site-packages/airflow/example_dags/tutorial_dag.py
[2025-05-07T20:13:11.437+0000] {processor.py:840} INFO - DAG(s) 'tutorial_dag' retrieved from /home/airflow/.local/lib/python3.8/site-packages/airflow/example_dags/tutorial_dag.py
[2025-05-07T20:13:11.463+0000] {logging_mixin.py:188} INFO - [2025-05-07T20:13:11.463+0000] {dag.py:3036} INFO - Sync 1 DAGs
[2025-05-07T20:13:11.481+0000] {logging_mixin.py:188} INFO - [2025-05-07T20:13:11.481+0000] {dag.py:3823} INFO - Setting next_dagrun for tutorial_dag to None, run_after=None
[2025-05-07T20:13:11.518+0000] {processor.py:183} INFO - Processing /home/airflow/.local/lib/python3.8/site-packages/airflow/example_dags/tutorial_dag.py took 0.116 seconds
[2025-05-07T20:13:41.777+0000] {processor.py:161} INFO - Started process (PID=4618) to work on /home/airflow/.local/lib/python3.8/site-packages/airflow/example_dags/tutorial_dag.py
[2025-05-07T20:13:41.780+0000] {processor.py:830} INFO - Processing file /home/airflow/.local/lib/python3.8/site-packages/airflow/example_dags/tutorial_dag.py for tasks to queue
[2025-05-07T20:13:41.784+0000] {logging_mixin.py:188} INFO - [2025-05-07T20:13:41.784+0000] {dagbag.py:538} INFO - Filling up the DagBag from /home/airflow/.local/lib/python3.8/site-packages/airflow/example_dags/tutorial_dag.py
[2025-05-07T20:13:41.794+0000] {processor.py:840} INFO - DAG(s) 'tutorial_dag' retrieved from /home/airflow/.local/lib/python3.8/site-packages/airflow/example_dags/tutorial_dag.py
[2025-05-07T20:13:41.815+0000] {logging_mixin.py:188} INFO - [2025-05-07T20:13:41.815+0000] {dag.py:3036} INFO - Sync 1 DAGs
[2025-05-07T20:13:41.827+0000] {logging_mixin.py:188} INFO - [2025-05-07T20:13:41.827+0000] {dag.py:3823} INFO - Setting next_dagrun for tutorial_dag to None, run_after=None
[2025-05-07T20:13:41.849+0000] {processor.py:183} INFO - Processing /home/airflow/.local/lib/python3.8/site-packages/airflow/example_dags/tutorial_dag.py took 0.078 seconds
[2025-05-07T20:14:12.487+0000] {processor.py:161} INFO - Started process (PID=4675) to work on /home/airflow/.local/lib/python3.8/site-packages/airflow/example_dags/tutorial_dag.py
[2025-05-07T20:14:12.490+0000] {processor.py:830} INFO - Processing file /home/airflow/.local/lib/python3.8/site-packages/airflow/example_dags/tutorial_dag.py for tasks to queue
[2025-05-07T20:14:12.495+0000] {logging_mixin.py:188} INFO - [2025-05-07T20:14:12.494+0000] {dagbag.py:538} INFO - Filling up the DagBag from /home/airflow/.local/lib/python3.8/site-packages/airflow/example_dags/tutorial_dag.py
[2025-05-07T20:14:12.508+0000] {processor.py:840} INFO - DAG(s) 'tutorial_dag' retrieved from /home/airflow/.local/lib/python3.8/site-packages/airflow/example_dags/tutorial_dag.py
[2025-05-07T20:14:12.534+0000] {logging_mixin.py:188} INFO - [2025-05-07T20:14:12.534+0000] {dag.py:3036} INFO - Sync 1 DAGs
[2025-05-07T20:14:12.548+0000] {logging_mixin.py:188} INFO - [2025-05-07T20:14:12.548+0000] {dag.py:3823} INFO - Setting next_dagrun for tutorial_dag to None, run_after=None
[2025-05-07T20:14:12.571+0000] {processor.py:183} INFO - Processing /home/airflow/.local/lib/python3.8/site-packages/airflow/example_dags/tutorial_dag.py took 0.090 seconds
[2025-05-07T20:14:43.294+0000] {processor.py:161} INFO - Started process (PID=4732) to work on /home/airflow/.local/lib/python3.8/site-packages/airflow/example_dags/tutorial_dag.py
[2025-05-07T20:14:43.297+0000] {processor.py:830} INFO - Processing file /home/airflow/.local/lib/python3.8/site-packages/airflow/example_dags/tutorial_dag.py for tasks to queue
[2025-05-07T20:14:43.304+0000] {logging_mixin.py:188} INFO - [2025-05-07T20:14:43.303+0000] {dagbag.py:538} INFO - Filling up the DagBag from /home/airflow/.local/lib/python3.8/site-packages/airflow/example_dags/tutorial_dag.py
[2025-05-07T20:14:43.317+0000] {processor.py:840} INFO - DAG(s) 'tutorial_dag' retrieved from /home/airflow/.local/lib/python3.8/site-packages/airflow/example_dags/tutorial_dag.py
[2025-05-07T20:14:43.343+0000] {logging_mixin.py:188} INFO - [2025-05-07T20:14:43.343+0000] {dag.py:3036} INFO - Sync 1 DAGs
[2025-05-07T20:14:43.357+0000] {logging_mixin.py:188} INFO - [2025-05-07T20:14:43.357+0000] {dag.py:3823} INFO - Setting next_dagrun for tutorial_dag to None, run_after=None
[2025-05-07T20:14:43.380+0000] {processor.py:183} INFO - Processing /home/airflow/.local/lib/python3.8/site-packages/airflow/example_dags/tutorial_dag.py took 0.094 seconds
[2025-05-07T20:15:14.360+0000] {processor.py:161} INFO - Started process (PID=4789) to work on /home/airflow/.local/lib/python3.8/site-packages/airflow/example_dags/tutorial_dag.py
[2025-05-07T20:15:14.362+0000] {processor.py:830} INFO - Processing file /home/airflow/.local/lib/python3.8/site-packages/airflow/example_dags/tutorial_dag.py for tasks to queue
[2025-05-07T20:15:14.365+0000] {logging_mixin.py:188} INFO - [2025-05-07T20:15:14.365+0000] {dagbag.py:538} INFO - Filling up the DagBag from /home/airflow/.local/lib/python3.8/site-packages/airflow/example_dags/tutorial_dag.py
[2025-05-07T20:15:14.373+0000] {processor.py:840} INFO - DAG(s) 'tutorial_dag' retrieved from /home/airflow/.local/lib/python3.8/site-packages/airflow/example_dags/tutorial_dag.py
[2025-05-07T20:15:14.400+0000] {logging_mixin.py:188} INFO - [2025-05-07T20:15:14.399+0000] {dag.py:3036} INFO - Sync 1 DAGs
[2025-05-07T20:15:14.418+0000] {logging_mixin.py:188} INFO - [2025-05-07T20:15:14.417+0000] {dag.py:3823} INFO - Setting next_dagrun for tutorial_dag to None, run_after=None
[2025-05-07T20:15:14.452+0000] {processor.py:183} INFO - Processing /home/airflow/.local/lib/python3.8/site-packages/airflow/example_dags/tutorial_dag.py took 0.096 seconds
[2025-05-07T20:15:45.689+0000] {processor.py:161} INFO - Started process (PID=4846) to work on /home/airflow/.local/lib/python3.8/site-packages/airflow/example_dags/tutorial_dag.py
[2025-05-07T20:15:45.691+0000] {processor.py:830} INFO - Processing file /home/airflow/.local/lib/python3.8/site-packages/airflow/example_dags/tutorial_dag.py for tasks to queue
[2025-05-07T20:15:45.694+0000] {logging_mixin.py:188} INFO - [2025-05-07T20:15:45.693+0000] {dagbag.py:538} INFO - Filling up the DagBag from /home/airflow/.local/lib/python3.8/site-packages/airflow/example_dags/tutorial_dag.py
[2025-05-07T20:15:45.701+0000] {processor.py:840} INFO - DAG(s) 'tutorial_dag' retrieved from /home/airflow/.local/lib/python3.8/site-packages/airflow/example_dags/tutorial_dag.py
[2025-05-07T20:15:45.732+0000] {logging_mixin.py:188} INFO - [2025-05-07T20:15:45.732+0000] {dag.py:3036} INFO - Sync 1 DAGs
[2025-05-07T20:15:45.750+0000] {logging_mixin.py:188} INFO - [2025-05-07T20:15:45.750+0000] {dag.py:3823} INFO - Setting next_dagrun for tutorial_dag to None, run_after=None
[2025-05-07T20:15:45.783+0000] {processor.py:183} INFO - Processing /home/airflow/.local/lib/python3.8/site-packages/airflow/example_dags/tutorial_dag.py took 0.098 seconds
[2025-05-07T20:16:16.460+0000] {processor.py:161} INFO - Started process (PID=4903) to work on /home/airflow/.local/lib/python3.8/site-packages/airflow/example_dags/tutorial_dag.py
[2025-05-07T20:16:16.464+0000] {processor.py:830} INFO - Processing file /home/airflow/.local/lib/python3.8/site-packages/airflow/example_dags/tutorial_dag.py for tasks to queue
[2025-05-07T20:16:16.470+0000] {logging_mixin.py:188} INFO - [2025-05-07T20:16:16.469+0000] {dagbag.py:538} INFO - Filling up the DagBag from /home/airflow/.local/lib/python3.8/site-packages/airflow/example_dags/tutorial_dag.py
[2025-05-07T20:16:16.483+0000] {processor.py:840} INFO - DAG(s) 'tutorial_dag' retrieved from /home/airflow/.local/lib/python3.8/site-packages/airflow/example_dags/tutorial_dag.py
[2025-05-07T20:16:16.520+0000] {logging_mixin.py:188} INFO - [2025-05-07T20:16:16.520+0000] {dag.py:3036} INFO - Sync 1 DAGs
[2025-05-07T20:16:16.544+0000] {logging_mixin.py:188} INFO - [2025-05-07T20:16:16.544+0000] {dag.py:3823} INFO - Setting next_dagrun for tutorial_dag to None, run_after=None
[2025-05-07T20:16:16.584+0000] {processor.py:183} INFO - Processing /home/airflow/.local/lib/python3.8/site-packages/airflow/example_dags/tutorial_dag.py took 0.133 seconds
[2025-05-07T20:16:47.239+0000] {processor.py:161} INFO - Started process (PID=4960) to work on /home/airflow/.local/lib/python3.8/site-packages/airflow/example_dags/tutorial_dag.py
[2025-05-07T20:16:47.241+0000] {processor.py:830} INFO - Processing file /home/airflow/.local/lib/python3.8/site-packages/airflow/example_dags/tutorial_dag.py for tasks to queue
[2025-05-07T20:16:47.244+0000] {logging_mixin.py:188} INFO - [2025-05-07T20:16:47.243+0000] {dagbag.py:538} INFO - Filling up the DagBag from /home/airflow/.local/lib/python3.8/site-packages/airflow/example_dags/tutorial_dag.py
[2025-05-07T20:16:47.252+0000] {processor.py:840} INFO - DAG(s) 'tutorial_dag' retrieved from /home/airflow/.local/lib/python3.8/site-packages/airflow/example_dags/tutorial_dag.py
[2025-05-07T20:16:47.281+0000] {logging_mixin.py:188} INFO - [2025-05-07T20:16:47.281+0000] {dag.py:3036} INFO - Sync 1 DAGs
[2025-05-07T20:16:47.298+0000] {logging_mixin.py:188} INFO - [2025-05-07T20:16:47.297+0000] {dag.py:3823} INFO - Setting next_dagrun for tutorial_dag to None, run_after=None
[2025-05-07T20:16:47.325+0000] {processor.py:183} INFO - Processing /home/airflow/.local/lib/python3.8/site-packages/airflow/example_dags/tutorial_dag.py took 0.092 seconds
[2025-05-07T20:17:17.830+0000] {processor.py:161} INFO - Started process (PID=5017) to work on /home/airflow/.local/lib/python3.8/site-packages/airflow/example_dags/tutorial_dag.py
[2025-05-07T20:17:17.831+0000] {processor.py:830} INFO - Processing file /home/airflow/.local/lib/python3.8/site-packages/airflow/example_dags/tutorial_dag.py for tasks to queue
[2025-05-07T20:17:17.835+0000] {logging_mixin.py:188} INFO - [2025-05-07T20:17:17.835+0000] {dagbag.py:538} INFO - Filling up the DagBag from /home/airflow/.local/lib/python3.8/site-packages/airflow/example_dags/tutorial_dag.py
[2025-05-07T20:17:17.843+0000] {processor.py:840} INFO - DAG(s) 'tutorial_dag' retrieved from /home/airflow/.local/lib/python3.8/site-packages/airflow/example_dags/tutorial_dag.py
[2025-05-07T20:17:17.879+0000] {logging_mixin.py:188} INFO - [2025-05-07T20:17:17.878+0000] {dag.py:3036} INFO - Sync 1 DAGs
[2025-05-07T20:17:17.894+0000] {logging_mixin.py:188} INFO - [2025-05-07T20:17:17.894+0000] {dag.py:3823} INFO - Setting next_dagrun for tutorial_dag to None, run_after=None
[2025-05-07T20:17:17.924+0000] {processor.py:183} INFO - Processing /home/airflow/.local/lib/python3.8/site-packages/airflow/example_dags/tutorial_dag.py took 0.099 seconds
[2025-05-07T20:17:48.753+0000] {processor.py:161} INFO - Started process (PID=5074) to work on /home/airflow/.local/lib/python3.8/site-packages/airflow/example_dags/tutorial_dag.py
[2025-05-07T20:17:48.755+0000] {processor.py:830} INFO - Processing file /home/airflow/.local/lib/python3.8/site-packages/airflow/example_dags/tutorial_dag.py for tasks to queue
[2025-05-07T20:17:48.758+0000] {logging_mixin.py:188} INFO - [2025-05-07T20:17:48.757+0000] {dagbag.py:538} INFO - Filling up the DagBag from /home/airflow/.local/lib/python3.8/site-packages/airflow/example_dags/tutorial_dag.py
[2025-05-07T20:17:48.766+0000] {processor.py:840} INFO - DAG(s) 'tutorial_dag' retrieved from /home/airflow/.local/lib/python3.8/site-packages/airflow/example_dags/tutorial_dag.py
[2025-05-07T20:17:48.794+0000] {logging_mixin.py:188} INFO - [2025-05-07T20:17:48.793+0000] {dag.py:3036} INFO - Sync 1 DAGs
[2025-05-07T20:17:48.809+0000] {logging_mixin.py:188} INFO - [2025-05-07T20:17:48.809+0000] {dag.py:3823} INFO - Setting next_dagrun for tutorial_dag to None, run_after=None
[2025-05-07T20:17:48.836+0000] {processor.py:183} INFO - Processing /home/airflow/.local/lib/python3.8/site-packages/airflow/example_dags/tutorial_dag.py took 0.088 seconds
[2025-05-07T20:18:19.873+0000] {processor.py:161} INFO - Started process (PID=5132) to work on /home/airflow/.local/lib/python3.8/site-packages/airflow/example_dags/tutorial_dag.py
[2025-05-07T20:18:19.875+0000] {processor.py:830} INFO - Processing file /home/airflow/.local/lib/python3.8/site-packages/airflow/example_dags/tutorial_dag.py for tasks to queue
[2025-05-07T20:18:19.878+0000] {logging_mixin.py:188} INFO - [2025-05-07T20:18:19.877+0000] {dagbag.py:538} INFO - Filling up the DagBag from /home/airflow/.local/lib/python3.8/site-packages/airflow/example_dags/tutorial_dag.py
[2025-05-07T20:18:19.886+0000] {processor.py:840} INFO - DAG(s) 'tutorial_dag' retrieved from /home/airflow/.local/lib/python3.8/site-packages/airflow/example_dags/tutorial_dag.py
[2025-05-07T20:18:19.917+0000] {logging_mixin.py:188} INFO - [2025-05-07T20:18:19.917+0000] {dag.py:3036} INFO - Sync 1 DAGs
[2025-05-07T20:18:19.935+0000] {logging_mixin.py:188} INFO - [2025-05-07T20:18:19.934+0000] {dag.py:3823} INFO - Setting next_dagrun for tutorial_dag to None, run_after=None
[2025-05-07T20:18:19.961+0000] {processor.py:183} INFO - Processing /home/airflow/.local/lib/python3.8/site-packages/airflow/example_dags/tutorial_dag.py took 0.092 seconds
[2025-05-07T20:18:50.319+0000] {processor.py:161} INFO - Started process (PID=5189) to work on /home/airflow/.local/lib/python3.8/site-packages/airflow/example_dags/tutorial_dag.py
[2025-05-07T20:18:50.321+0000] {processor.py:830} INFO - Processing file /home/airflow/.local/lib/python3.8/site-packages/airflow/example_dags/tutorial_dag.py for tasks to queue
[2025-05-07T20:18:50.324+0000] {logging_mixin.py:188} INFO - [2025-05-07T20:18:50.324+0000] {dagbag.py:538} INFO - Filling up the DagBag from /home/airflow/.local/lib/python3.8/site-packages/airflow/example_dags/tutorial_dag.py
[2025-05-07T20:18:50.333+0000] {processor.py:840} INFO - DAG(s) 'tutorial_dag' retrieved from /home/airflow/.local/lib/python3.8/site-packages/airflow/example_dags/tutorial_dag.py
[2025-05-07T20:18:50.364+0000] {logging_mixin.py:188} INFO - [2025-05-07T20:18:50.364+0000] {dag.py:3036} INFO - Sync 1 DAGs
[2025-05-07T20:18:50.383+0000] {logging_mixin.py:188} INFO - [2025-05-07T20:18:50.382+0000] {dag.py:3823} INFO - Setting next_dagrun for tutorial_dag to None, run_after=None
[2025-05-07T20:18:50.436+0000] {processor.py:183} INFO - Processing /home/airflow/.local/lib/python3.8/site-packages/airflow/example_dags/tutorial_dag.py took 0.122 seconds
