[2025-05-07T19:05:15.585+0000] {processor.py:161} INFO - Started process (PID=89) to work on /home/airflow/.local/lib/python3.8/site-packages/airflow/example_dags/tutorial.py
[2025-05-07T19:05:15.589+0000] {processor.py:830} INFO - Processing file /home/airflow/.local/lib/python3.8/site-packages/airflow/example_dags/tutorial.py for tasks to queue
[2025-05-07T19:05:15.594+0000] {logging_mixin.py:188} INFO - [2025-05-07T19:05:15.593+0000] {dagbag.py:538} INFO - Filling up the DagBag from /home/airflow/.local/lib/python3.8/site-packages/airflow/example_dags/tutorial.py
[2025-05-07T19:05:15.604+0000] {processor.py:840} INFO - DAG(s) 'tutorial' retrieved from /home/airflow/.local/lib/python3.8/site-packages/airflow/example_dags/tutorial.py
[2025-05-07T19:05:15.627+0000] {logging_mixin.py:188} INFO - [2025-05-07T19:05:15.627+0000] {dag.py:3036} INFO - Sync 1 DAGs
[2025-05-07T19:05:15.670+0000] {logging_mixin.py:188} INFO - [2025-05-07T19:05:15.669+0000] {dag.py:3823} INFO - Setting next_dagrun for tutorial to 2025-05-06 00:00:00+00:00, run_after=2025-05-07 00:00:00+00:00
[2025-05-07T19:05:15.703+0000] {processor.py:183} INFO - Processing /home/airflow/.local/lib/python3.8/site-packages/airflow/example_dags/tutorial.py took 0.126 seconds
[2025-05-07T19:05:46.692+0000] {processor.py:161} INFO - Started process (PID=144) to work on /home/airflow/.local/lib/python3.8/site-packages/airflow/example_dags/tutorial.py
[2025-05-07T19:05:46.693+0000] {processor.py:830} INFO - Processing file /home/airflow/.local/lib/python3.8/site-packages/airflow/example_dags/tutorial.py for tasks to queue
[2025-05-07T19:05:46.696+0000] {logging_mixin.py:188} INFO - [2025-05-07T19:05:46.696+0000] {dagbag.py:538} INFO - Filling up the DagBag from /home/airflow/.local/lib/python3.8/site-packages/airflow/example_dags/tutorial.py
[2025-05-07T19:05:46.702+0000] {processor.py:840} INFO - DAG(s) 'tutorial' retrieved from /home/airflow/.local/lib/python3.8/site-packages/airflow/example_dags/tutorial.py
[2025-05-07T19:05:46.789+0000] {logging_mixin.py:188} INFO - [2025-05-07T19:05:46.789+0000] {dag.py:3036} INFO - Sync 1 DAGs
[2025-05-07T19:05:46.806+0000] {logging_mixin.py:188} INFO - [2025-05-07T19:05:46.806+0000] {dag.py:3823} INFO - Setting next_dagrun for tutorial to 2025-05-06 00:00:00+00:00, run_after=2025-05-07 00:00:00+00:00
[2025-05-07T19:05:46.827+0000] {processor.py:183} INFO - Processing /home/airflow/.local/lib/python3.8/site-packages/airflow/example_dags/tutorial.py took 0.139 seconds
[2025-05-07T19:06:16.918+0000] {processor.py:161} INFO - Started process (PID=199) to work on /home/airflow/.local/lib/python3.8/site-packages/airflow/example_dags/tutorial.py
[2025-05-07T19:06:16.919+0000] {processor.py:830} INFO - Processing file /home/airflow/.local/lib/python3.8/site-packages/airflow/example_dags/tutorial.py for tasks to queue
[2025-05-07T19:06:16.921+0000] {logging_mixin.py:188} INFO - [2025-05-07T19:06:16.921+0000] {dagbag.py:538} INFO - Filling up the DagBag from /home/airflow/.local/lib/python3.8/site-packages/airflow/example_dags/tutorial.py
[2025-05-07T19:06:16.927+0000] {processor.py:840} INFO - DAG(s) 'tutorial' retrieved from /home/airflow/.local/lib/python3.8/site-packages/airflow/example_dags/tutorial.py
[2025-05-07T19:06:16.947+0000] {logging_mixin.py:188} INFO - [2025-05-07T19:06:16.947+0000] {dag.py:3036} INFO - Sync 1 DAGs
[2025-05-07T19:06:16.969+0000] {logging_mixin.py:188} INFO - [2025-05-07T19:06:16.969+0000] {dag.py:3823} INFO - Setting next_dagrun for tutorial to 2025-05-06 00:00:00+00:00, run_after=2025-05-07 00:00:00+00:00
[2025-05-07T19:06:16.990+0000] {processor.py:183} INFO - Processing /home/airflow/.local/lib/python3.8/site-packages/airflow/example_dags/tutorial.py took 0.076 seconds
[2025-05-07T19:06:48.107+0000] {processor.py:161} INFO - Started process (PID=254) to work on /home/airflow/.local/lib/python3.8/site-packages/airflow/example_dags/tutorial.py
[2025-05-07T19:06:48.108+0000] {processor.py:830} INFO - Processing file /home/airflow/.local/lib/python3.8/site-packages/airflow/example_dags/tutorial.py for tasks to queue
[2025-05-07T19:06:48.111+0000] {logging_mixin.py:188} INFO - [2025-05-07T19:06:48.111+0000] {dagbag.py:538} INFO - Filling up the DagBag from /home/airflow/.local/lib/python3.8/site-packages/airflow/example_dags/tutorial.py
[2025-05-07T19:06:48.117+0000] {processor.py:840} INFO - DAG(s) 'tutorial' retrieved from /home/airflow/.local/lib/python3.8/site-packages/airflow/example_dags/tutorial.py
[2025-05-07T19:06:48.138+0000] {logging_mixin.py:188} INFO - [2025-05-07T19:06:48.137+0000] {dag.py:3036} INFO - Sync 1 DAGs
[2025-05-07T19:06:48.158+0000] {logging_mixin.py:188} INFO - [2025-05-07T19:06:48.158+0000] {dag.py:3823} INFO - Setting next_dagrun for tutorial to 2025-05-06 00:00:00+00:00, run_after=2025-05-07 00:00:00+00:00
[2025-05-07T19:06:48.176+0000] {processor.py:183} INFO - Processing /home/airflow/.local/lib/python3.8/site-packages/airflow/example_dags/tutorial.py took 0.072 seconds
[2025-05-07T19:07:18.690+0000] {processor.py:161} INFO - Started process (PID=309) to work on /home/airflow/.local/lib/python3.8/site-packages/airflow/example_dags/tutorial.py
[2025-05-07T19:07:18.692+0000] {processor.py:830} INFO - Processing file /home/airflow/.local/lib/python3.8/site-packages/airflow/example_dags/tutorial.py for tasks to queue
[2025-05-07T19:07:18.695+0000] {logging_mixin.py:188} INFO - [2025-05-07T19:07:18.695+0000] {dagbag.py:538} INFO - Filling up the DagBag from /home/airflow/.local/lib/python3.8/site-packages/airflow/example_dags/tutorial.py
[2025-05-07T19:07:18.704+0000] {processor.py:840} INFO - DAG(s) 'tutorial' retrieved from /home/airflow/.local/lib/python3.8/site-packages/airflow/example_dags/tutorial.py
[2025-05-07T19:07:18.741+0000] {logging_mixin.py:188} INFO - [2025-05-07T19:07:18.740+0000] {dag.py:3036} INFO - Sync 1 DAGs
[2025-05-07T19:07:18.771+0000] {logging_mixin.py:188} INFO - [2025-05-07T19:07:18.770+0000] {dag.py:3823} INFO - Setting next_dagrun for tutorial to 2025-05-06 00:00:00+00:00, run_after=2025-05-07 00:00:00+00:00
[2025-05-07T19:07:18.802+0000] {processor.py:183} INFO - Processing /home/airflow/.local/lib/python3.8/site-packages/airflow/example_dags/tutorial.py took 0.123 seconds
[2025-05-07T19:07:49.055+0000] {processor.py:161} INFO - Started process (PID=364) to work on /home/airflow/.local/lib/python3.8/site-packages/airflow/example_dags/tutorial.py
[2025-05-07T19:07:49.057+0000] {processor.py:830} INFO - Processing file /home/airflow/.local/lib/python3.8/site-packages/airflow/example_dags/tutorial.py for tasks to queue
[2025-05-07T19:07:49.059+0000] {logging_mixin.py:188} INFO - [2025-05-07T19:07:49.059+0000] {dagbag.py:538} INFO - Filling up the DagBag from /home/airflow/.local/lib/python3.8/site-packages/airflow/example_dags/tutorial.py
[2025-05-07T19:07:49.067+0000] {processor.py:840} INFO - DAG(s) 'tutorial' retrieved from /home/airflow/.local/lib/python3.8/site-packages/airflow/example_dags/tutorial.py
[2025-05-07T19:07:49.089+0000] {logging_mixin.py:188} INFO - [2025-05-07T19:07:49.089+0000] {dag.py:3036} INFO - Sync 1 DAGs
[2025-05-07T19:07:49.112+0000] {logging_mixin.py:188} INFO - [2025-05-07T19:07:49.112+0000] {dag.py:3823} INFO - Setting next_dagrun for tutorial to 2025-05-06 00:00:00+00:00, run_after=2025-05-07 00:00:00+00:00
[2025-05-07T19:07:49.140+0000] {processor.py:183} INFO - Processing /home/airflow/.local/lib/python3.8/site-packages/airflow/example_dags/tutorial.py took 0.089 seconds
[2025-05-07T19:08:19.608+0000] {processor.py:161} INFO - Started process (PID=419) to work on /home/airflow/.local/lib/python3.8/site-packages/airflow/example_dags/tutorial.py
[2025-05-07T19:08:19.611+0000] {processor.py:830} INFO - Processing file /home/airflow/.local/lib/python3.8/site-packages/airflow/example_dags/tutorial.py for tasks to queue
[2025-05-07T19:08:19.614+0000] {logging_mixin.py:188} INFO - [2025-05-07T19:08:19.614+0000] {dagbag.py:538} INFO - Filling up the DagBag from /home/airflow/.local/lib/python3.8/site-packages/airflow/example_dags/tutorial.py
[2025-05-07T19:08:19.622+0000] {processor.py:840} INFO - DAG(s) 'tutorial' retrieved from /home/airflow/.local/lib/python3.8/site-packages/airflow/example_dags/tutorial.py
[2025-05-07T19:08:19.641+0000] {logging_mixin.py:188} INFO - [2025-05-07T19:08:19.641+0000] {dag.py:3036} INFO - Sync 1 DAGs
[2025-05-07T19:08:19.661+0000] {logging_mixin.py:188} INFO - [2025-05-07T19:08:19.661+0000] {dag.py:3823} INFO - Setting next_dagrun for tutorial to 2025-05-06 00:00:00+00:00, run_after=2025-05-07 00:00:00+00:00
[2025-05-07T19:08:19.683+0000] {processor.py:183} INFO - Processing /home/airflow/.local/lib/python3.8/site-packages/airflow/example_dags/tutorial.py took 0.081 seconds
[2025-05-07T19:08:49.734+0000] {processor.py:161} INFO - Started process (PID=474) to work on /home/airflow/.local/lib/python3.8/site-packages/airflow/example_dags/tutorial.py
[2025-05-07T19:08:49.735+0000] {processor.py:830} INFO - Processing file /home/airflow/.local/lib/python3.8/site-packages/airflow/example_dags/tutorial.py for tasks to queue
[2025-05-07T19:08:49.737+0000] {logging_mixin.py:188} INFO - [2025-05-07T19:08:49.736+0000] {dagbag.py:538} INFO - Filling up the DagBag from /home/airflow/.local/lib/python3.8/site-packages/airflow/example_dags/tutorial.py
[2025-05-07T19:08:49.742+0000] {processor.py:840} INFO - DAG(s) 'tutorial' retrieved from /home/airflow/.local/lib/python3.8/site-packages/airflow/example_dags/tutorial.py
[2025-05-07T19:08:49.761+0000] {logging_mixin.py:188} INFO - [2025-05-07T19:08:49.761+0000] {dag.py:3036} INFO - Sync 1 DAGs
[2025-05-07T19:08:49.781+0000] {logging_mixin.py:188} INFO - [2025-05-07T19:08:49.781+0000] {dag.py:3823} INFO - Setting next_dagrun for tutorial to 2025-05-06 00:00:00+00:00, run_after=2025-05-07 00:00:00+00:00
[2025-05-07T19:08:49.800+0000] {processor.py:183} INFO - Processing /home/airflow/.local/lib/python3.8/site-packages/airflow/example_dags/tutorial.py took 0.070 seconds
[2025-05-07T19:09:20.547+0000] {processor.py:161} INFO - Started process (PID=529) to work on /home/airflow/.local/lib/python3.8/site-packages/airflow/example_dags/tutorial.py
[2025-05-07T19:09:20.548+0000] {processor.py:830} INFO - Processing file /home/airflow/.local/lib/python3.8/site-packages/airflow/example_dags/tutorial.py for tasks to queue
[2025-05-07T19:09:20.551+0000] {logging_mixin.py:188} INFO - [2025-05-07T19:09:20.550+0000] {dagbag.py:538} INFO - Filling up the DagBag from /home/airflow/.local/lib/python3.8/site-packages/airflow/example_dags/tutorial.py
[2025-05-07T19:09:20.560+0000] {processor.py:840} INFO - DAG(s) 'tutorial' retrieved from /home/airflow/.local/lib/python3.8/site-packages/airflow/example_dags/tutorial.py
[2025-05-07T19:09:20.589+0000] {logging_mixin.py:188} INFO - [2025-05-07T19:09:20.589+0000] {dag.py:3036} INFO - Sync 1 DAGs
[2025-05-07T19:09:20.636+0000] {logging_mixin.py:188} INFO - [2025-05-07T19:09:20.635+0000] {dag.py:3823} INFO - Setting next_dagrun for tutorial to 2025-05-06 00:00:00+00:00, run_after=2025-05-07 00:00:00+00:00
[2025-05-07T19:09:20.660+0000] {processor.py:183} INFO - Processing /home/airflow/.local/lib/python3.8/site-packages/airflow/example_dags/tutorial.py took 0.117 seconds
[2025-05-07T19:09:51.745+0000] {processor.py:161} INFO - Started process (PID=584) to work on /home/airflow/.local/lib/python3.8/site-packages/airflow/example_dags/tutorial.py
[2025-05-07T19:09:51.748+0000] {processor.py:830} INFO - Processing file /home/airflow/.local/lib/python3.8/site-packages/airflow/example_dags/tutorial.py for tasks to queue
[2025-05-07T19:09:51.754+0000] {logging_mixin.py:188} INFO - [2025-05-07T19:09:51.753+0000] {dagbag.py:538} INFO - Filling up the DagBag from /home/airflow/.local/lib/python3.8/site-packages/airflow/example_dags/tutorial.py
[2025-05-07T19:09:51.768+0000] {processor.py:840} INFO - DAG(s) 'tutorial' retrieved from /home/airflow/.local/lib/python3.8/site-packages/airflow/example_dags/tutorial.py
[2025-05-07T19:09:51.805+0000] {logging_mixin.py:188} INFO - [2025-05-07T19:09:51.805+0000] {dag.py:3036} INFO - Sync 1 DAGs
[2025-05-07T19:09:51.833+0000] {logging_mixin.py:188} INFO - [2025-05-07T19:09:51.833+0000] {dag.py:3823} INFO - Setting next_dagrun for tutorial to 2025-05-06 00:00:00+00:00, run_after=2025-05-07 00:00:00+00:00
[2025-05-07T19:09:51.859+0000] {processor.py:183} INFO - Processing /home/airflow/.local/lib/python3.8/site-packages/airflow/example_dags/tutorial.py took 0.121 seconds
[2025-05-07T19:10:22.637+0000] {processor.py:161} INFO - Started process (PID=641) to work on /home/airflow/.local/lib/python3.8/site-packages/airflow/example_dags/tutorial.py
[2025-05-07T19:10:22.638+0000] {processor.py:830} INFO - Processing file /home/airflow/.local/lib/python3.8/site-packages/airflow/example_dags/tutorial.py for tasks to queue
[2025-05-07T19:10:22.641+0000] {logging_mixin.py:188} INFO - [2025-05-07T19:10:22.641+0000] {dagbag.py:538} INFO - Filling up the DagBag from /home/airflow/.local/lib/python3.8/site-packages/airflow/example_dags/tutorial.py
[2025-05-07T19:10:22.651+0000] {processor.py:840} INFO - DAG(s) 'tutorial' retrieved from /home/airflow/.local/lib/python3.8/site-packages/airflow/example_dags/tutorial.py
[2025-05-07T19:10:22.684+0000] {logging_mixin.py:188} INFO - [2025-05-07T19:10:22.684+0000] {dag.py:3036} INFO - Sync 1 DAGs
[2025-05-07T19:10:22.717+0000] {logging_mixin.py:188} INFO - [2025-05-07T19:10:22.717+0000] {dag.py:3823} INFO - Setting next_dagrun for tutorial to 2025-05-06 00:00:00+00:00, run_after=2025-05-07 00:00:00+00:00
[2025-05-07T19:10:22.748+0000] {processor.py:183} INFO - Processing /home/airflow/.local/lib/python3.8/site-packages/airflow/example_dags/tutorial.py took 0.117 seconds
[2025-05-07T19:10:53.324+0000] {processor.py:161} INFO - Started process (PID=697) to work on /home/airflow/.local/lib/python3.8/site-packages/airflow/example_dags/tutorial.py
[2025-05-07T19:10:53.327+0000] {processor.py:830} INFO - Processing file /home/airflow/.local/lib/python3.8/site-packages/airflow/example_dags/tutorial.py for tasks to queue
[2025-05-07T19:10:53.329+0000] {logging_mixin.py:188} INFO - [2025-05-07T19:10:53.329+0000] {dagbag.py:538} INFO - Filling up the DagBag from /home/airflow/.local/lib/python3.8/site-packages/airflow/example_dags/tutorial.py
[2025-05-07T19:10:53.338+0000] {processor.py:840} INFO - DAG(s) 'tutorial' retrieved from /home/airflow/.local/lib/python3.8/site-packages/airflow/example_dags/tutorial.py
[2025-05-07T19:10:53.362+0000] {logging_mixin.py:188} INFO - [2025-05-07T19:10:53.362+0000] {dag.py:3036} INFO - Sync 1 DAGs
[2025-05-07T19:10:53.384+0000] {logging_mixin.py:188} INFO - [2025-05-07T19:10:53.383+0000] {dag.py:3823} INFO - Setting next_dagrun for tutorial to 2025-05-06 00:00:00+00:00, run_after=2025-05-07 00:00:00+00:00
[2025-05-07T19:10:53.406+0000] {processor.py:183} INFO - Processing /home/airflow/.local/lib/python3.8/site-packages/airflow/example_dags/tutorial.py took 0.085 seconds
[2025-05-07T19:11:24.230+0000] {processor.py:161} INFO - Started process (PID=757) to work on /home/airflow/.local/lib/python3.8/site-packages/airflow/example_dags/tutorial.py
[2025-05-07T19:11:24.232+0000] {processor.py:830} INFO - Processing file /home/airflow/.local/lib/python3.8/site-packages/airflow/example_dags/tutorial.py for tasks to queue
[2025-05-07T19:11:24.234+0000] {logging_mixin.py:188} INFO - [2025-05-07T19:11:24.234+0000] {dagbag.py:538} INFO - Filling up the DagBag from /home/airflow/.local/lib/python3.8/site-packages/airflow/example_dags/tutorial.py
[2025-05-07T19:11:24.240+0000] {processor.py:840} INFO - DAG(s) 'tutorial' retrieved from /home/airflow/.local/lib/python3.8/site-packages/airflow/example_dags/tutorial.py
[2025-05-07T19:11:24.264+0000] {logging_mixin.py:188} INFO - [2025-05-07T19:11:24.264+0000] {dag.py:3036} INFO - Sync 1 DAGs
[2025-05-07T19:11:24.285+0000] {logging_mixin.py:188} INFO - [2025-05-07T19:11:24.285+0000] {dag.py:3823} INFO - Setting next_dagrun for tutorial to 2025-05-06 00:00:00+00:00, run_after=2025-05-07 00:00:00+00:00
[2025-05-07T19:11:24.311+0000] {processor.py:183} INFO - Processing /home/airflow/.local/lib/python3.8/site-packages/airflow/example_dags/tutorial.py took 0.083 seconds
[2025-05-07T19:11:55.111+0000] {processor.py:161} INFO - Started process (PID=817) to work on /home/airflow/.local/lib/python3.8/site-packages/airflow/example_dags/tutorial.py
[2025-05-07T19:11:55.112+0000] {processor.py:830} INFO - Processing file /home/airflow/.local/lib/python3.8/site-packages/airflow/example_dags/tutorial.py for tasks to queue
[2025-05-07T19:11:55.114+0000] {logging_mixin.py:188} INFO - [2025-05-07T19:11:55.114+0000] {dagbag.py:538} INFO - Filling up the DagBag from /home/airflow/.local/lib/python3.8/site-packages/airflow/example_dags/tutorial.py
[2025-05-07T19:11:55.120+0000] {processor.py:840} INFO - DAG(s) 'tutorial' retrieved from /home/airflow/.local/lib/python3.8/site-packages/airflow/example_dags/tutorial.py
[2025-05-07T19:11:55.139+0000] {logging_mixin.py:188} INFO - [2025-05-07T19:11:55.139+0000] {dag.py:3036} INFO - Sync 1 DAGs
[2025-05-07T19:11:55.160+0000] {logging_mixin.py:188} INFO - [2025-05-07T19:11:55.160+0000] {dag.py:3823} INFO - Setting next_dagrun for tutorial to 2025-05-06 00:00:00+00:00, run_after=2025-05-07 00:00:00+00:00
[2025-05-07T19:11:55.185+0000] {processor.py:183} INFO - Processing /home/airflow/.local/lib/python3.8/site-packages/airflow/example_dags/tutorial.py took 0.078 seconds
[2025-05-07T19:12:25.927+0000] {processor.py:161} INFO - Started process (PID=873) to work on /home/airflow/.local/lib/python3.8/site-packages/airflow/example_dags/tutorial.py
[2025-05-07T19:12:25.929+0000] {processor.py:830} INFO - Processing file /home/airflow/.local/lib/python3.8/site-packages/airflow/example_dags/tutorial.py for tasks to queue
[2025-05-07T19:12:25.934+0000] {logging_mixin.py:188} INFO - [2025-05-07T19:12:25.933+0000] {dagbag.py:538} INFO - Filling up the DagBag from /home/airflow/.local/lib/python3.8/site-packages/airflow/example_dags/tutorial.py
[2025-05-07T19:12:25.947+0000] {processor.py:840} INFO - DAG(s) 'tutorial' retrieved from /home/airflow/.local/lib/python3.8/site-packages/airflow/example_dags/tutorial.py
[2025-05-07T19:12:25.971+0000] {logging_mixin.py:188} INFO - [2025-05-07T19:12:25.971+0000] {dag.py:3036} INFO - Sync 1 DAGs
[2025-05-07T19:12:26.000+0000] {logging_mixin.py:188} INFO - [2025-05-07T19:12:26.000+0000] {dag.py:3823} INFO - Setting next_dagrun for tutorial to 2025-05-06 00:00:00+00:00, run_after=2025-05-07 00:00:00+00:00
[2025-05-07T19:12:26.041+0000] {processor.py:183} INFO - Processing /home/airflow/.local/lib/python3.8/site-packages/airflow/example_dags/tutorial.py took 0.121 seconds
[2025-05-07T19:12:56.325+0000] {processor.py:161} INFO - Started process (PID=929) to work on /home/airflow/.local/lib/python3.8/site-packages/airflow/example_dags/tutorial.py
[2025-05-07T19:12:56.326+0000] {processor.py:830} INFO - Processing file /home/airflow/.local/lib/python3.8/site-packages/airflow/example_dags/tutorial.py for tasks to queue
[2025-05-07T19:12:56.329+0000] {logging_mixin.py:188} INFO - [2025-05-07T19:12:56.328+0000] {dagbag.py:538} INFO - Filling up the DagBag from /home/airflow/.local/lib/python3.8/site-packages/airflow/example_dags/tutorial.py
[2025-05-07T19:12:56.335+0000] {processor.py:840} INFO - DAG(s) 'tutorial' retrieved from /home/airflow/.local/lib/python3.8/site-packages/airflow/example_dags/tutorial.py
[2025-05-07T19:12:56.356+0000] {logging_mixin.py:188} INFO - [2025-05-07T19:12:56.355+0000] {dag.py:3036} INFO - Sync 1 DAGs
[2025-05-07T19:12:56.379+0000] {logging_mixin.py:188} INFO - [2025-05-07T19:12:56.379+0000] {dag.py:3823} INFO - Setting next_dagrun for tutorial to 2025-05-06 00:00:00+00:00, run_after=2025-05-07 00:00:00+00:00
[2025-05-07T19:12:56.401+0000] {processor.py:183} INFO - Processing /home/airflow/.local/lib/python3.8/site-packages/airflow/example_dags/tutorial.py took 0.080 seconds
[2025-05-07T19:13:27.417+0000] {processor.py:161} INFO - Started process (PID=986) to work on /home/airflow/.local/lib/python3.8/site-packages/airflow/example_dags/tutorial.py
[2025-05-07T19:13:27.420+0000] {processor.py:830} INFO - Processing file /home/airflow/.local/lib/python3.8/site-packages/airflow/example_dags/tutorial.py for tasks to queue
[2025-05-07T19:13:27.424+0000] {logging_mixin.py:188} INFO - [2025-05-07T19:13:27.423+0000] {dagbag.py:538} INFO - Filling up the DagBag from /home/airflow/.local/lib/python3.8/site-packages/airflow/example_dags/tutorial.py
[2025-05-07T19:13:27.434+0000] {processor.py:840} INFO - DAG(s) 'tutorial' retrieved from /home/airflow/.local/lib/python3.8/site-packages/airflow/example_dags/tutorial.py
[2025-05-07T19:13:27.463+0000] {logging_mixin.py:188} INFO - [2025-05-07T19:13:27.463+0000] {dag.py:3036} INFO - Sync 1 DAGs
[2025-05-07T19:13:27.486+0000] {logging_mixin.py:188} INFO - [2025-05-07T19:13:27.486+0000] {dag.py:3823} INFO - Setting next_dagrun for tutorial to 2025-05-06 00:00:00+00:00, run_after=2025-05-07 00:00:00+00:00
[2025-05-07T19:13:27.509+0000] {processor.py:183} INFO - Processing /home/airflow/.local/lib/python3.8/site-packages/airflow/example_dags/tutorial.py took 0.098 seconds
[2025-05-07T19:13:57.625+0000] {processor.py:161} INFO - Started process (PID=1042) to work on /home/airflow/.local/lib/python3.8/site-packages/airflow/example_dags/tutorial.py
[2025-05-07T19:13:57.626+0000] {processor.py:830} INFO - Processing file /home/airflow/.local/lib/python3.8/site-packages/airflow/example_dags/tutorial.py for tasks to queue
[2025-05-07T19:13:57.629+0000] {logging_mixin.py:188} INFO - [2025-05-07T19:13:57.628+0000] {dagbag.py:538} INFO - Filling up the DagBag from /home/airflow/.local/lib/python3.8/site-packages/airflow/example_dags/tutorial.py
[2025-05-07T19:13:57.635+0000] {processor.py:840} INFO - DAG(s) 'tutorial' retrieved from /home/airflow/.local/lib/python3.8/site-packages/airflow/example_dags/tutorial.py
[2025-05-07T19:13:57.659+0000] {logging_mixin.py:188} INFO - [2025-05-07T19:13:57.658+0000] {dag.py:3036} INFO - Sync 1 DAGs
[2025-05-07T19:13:57.683+0000] {logging_mixin.py:188} INFO - [2025-05-07T19:13:57.682+0000] {dag.py:3823} INFO - Setting next_dagrun for tutorial to 2025-05-06 00:00:00+00:00, run_after=2025-05-07 00:00:00+00:00
[2025-05-07T19:13:57.707+0000] {processor.py:183} INFO - Processing /home/airflow/.local/lib/python3.8/site-packages/airflow/example_dags/tutorial.py took 0.085 seconds
[2025-05-07T19:14:27.998+0000] {processor.py:161} INFO - Started process (PID=1098) to work on /home/airflow/.local/lib/python3.8/site-packages/airflow/example_dags/tutorial.py
[2025-05-07T19:14:27.999+0000] {processor.py:830} INFO - Processing file /home/airflow/.local/lib/python3.8/site-packages/airflow/example_dags/tutorial.py for tasks to queue
[2025-05-07T19:14:28.001+0000] {logging_mixin.py:188} INFO - [2025-05-07T19:14:28.001+0000] {dagbag.py:538} INFO - Filling up the DagBag from /home/airflow/.local/lib/python3.8/site-packages/airflow/example_dags/tutorial.py
[2025-05-07T19:14:28.007+0000] {processor.py:840} INFO - DAG(s) 'tutorial' retrieved from /home/airflow/.local/lib/python3.8/site-packages/airflow/example_dags/tutorial.py
[2025-05-07T19:14:28.027+0000] {logging_mixin.py:188} INFO - [2025-05-07T19:14:28.026+0000] {dag.py:3036} INFO - Sync 1 DAGs
[2025-05-07T19:14:28.056+0000] {logging_mixin.py:188} INFO - [2025-05-07T19:14:28.056+0000] {dag.py:3823} INFO - Setting next_dagrun for tutorial to 2025-05-06 00:00:00+00:00, run_after=2025-05-07 00:00:00+00:00
[2025-05-07T19:14:28.085+0000] {processor.py:183} INFO - Processing /home/airflow/.local/lib/python3.8/site-packages/airflow/example_dags/tutorial.py took 0.090 seconds
[2025-05-07T19:14:58.422+0000] {processor.py:161} INFO - Started process (PID=1154) to work on /home/airflow/.local/lib/python3.8/site-packages/airflow/example_dags/tutorial.py
[2025-05-07T19:14:58.424+0000] {processor.py:830} INFO - Processing file /home/airflow/.local/lib/python3.8/site-packages/airflow/example_dags/tutorial.py for tasks to queue
[2025-05-07T19:14:58.426+0000] {logging_mixin.py:188} INFO - [2025-05-07T19:14:58.426+0000] {dagbag.py:538} INFO - Filling up the DagBag from /home/airflow/.local/lib/python3.8/site-packages/airflow/example_dags/tutorial.py
[2025-05-07T19:14:58.435+0000] {processor.py:840} INFO - DAG(s) 'tutorial' retrieved from /home/airflow/.local/lib/python3.8/site-packages/airflow/example_dags/tutorial.py
[2025-05-07T19:14:58.467+0000] {logging_mixin.py:188} INFO - [2025-05-07T19:14:58.467+0000] {dag.py:3036} INFO - Sync 1 DAGs
[2025-05-07T19:14:58.493+0000] {logging_mixin.py:188} INFO - [2025-05-07T19:14:58.493+0000] {dag.py:3823} INFO - Setting next_dagrun for tutorial to 2025-05-06 00:00:00+00:00, run_after=2025-05-07 00:00:00+00:00
[2025-05-07T19:14:58.519+0000] {processor.py:183} INFO - Processing /home/airflow/.local/lib/python3.8/site-packages/airflow/example_dags/tutorial.py took 0.102 seconds
[2025-05-07T19:15:28.908+0000] {processor.py:161} INFO - Started process (PID=1210) to work on /home/airflow/.local/lib/python3.8/site-packages/airflow/example_dags/tutorial.py
[2025-05-07T19:15:28.910+0000] {processor.py:830} INFO - Processing file /home/airflow/.local/lib/python3.8/site-packages/airflow/example_dags/tutorial.py for tasks to queue
[2025-05-07T19:15:28.912+0000] {logging_mixin.py:188} INFO - [2025-05-07T19:15:28.911+0000] {dagbag.py:538} INFO - Filling up the DagBag from /home/airflow/.local/lib/python3.8/site-packages/airflow/example_dags/tutorial.py
[2025-05-07T19:15:28.918+0000] {processor.py:840} INFO - DAG(s) 'tutorial' retrieved from /home/airflow/.local/lib/python3.8/site-packages/airflow/example_dags/tutorial.py
[2025-05-07T19:15:28.937+0000] {logging_mixin.py:188} INFO - [2025-05-07T19:15:28.937+0000] {dag.py:3036} INFO - Sync 1 DAGs
[2025-05-07T19:15:28.958+0000] {logging_mixin.py:188} INFO - [2025-05-07T19:15:28.957+0000] {dag.py:3823} INFO - Setting next_dagrun for tutorial to 2025-05-06 00:00:00+00:00, run_after=2025-05-07 00:00:00+00:00
[2025-05-07T19:15:28.978+0000] {processor.py:183} INFO - Processing /home/airflow/.local/lib/python3.8/site-packages/airflow/example_dags/tutorial.py took 0.073 seconds
[2025-05-07T19:15:59.892+0000] {processor.py:161} INFO - Started process (PID=1266) to work on /home/airflow/.local/lib/python3.8/site-packages/airflow/example_dags/tutorial.py
[2025-05-07T19:15:59.893+0000] {processor.py:830} INFO - Processing file /home/airflow/.local/lib/python3.8/site-packages/airflow/example_dags/tutorial.py for tasks to queue
[2025-05-07T19:15:59.895+0000] {logging_mixin.py:188} INFO - [2025-05-07T19:15:59.895+0000] {dagbag.py:538} INFO - Filling up the DagBag from /home/airflow/.local/lib/python3.8/site-packages/airflow/example_dags/tutorial.py
[2025-05-07T19:15:59.901+0000] {processor.py:840} INFO - DAG(s) 'tutorial' retrieved from /home/airflow/.local/lib/python3.8/site-packages/airflow/example_dags/tutorial.py
[2025-05-07T19:15:59.920+0000] {logging_mixin.py:188} INFO - [2025-05-07T19:15:59.919+0000] {dag.py:3036} INFO - Sync 1 DAGs
[2025-05-07T19:15:59.939+0000] {logging_mixin.py:188} INFO - [2025-05-07T19:15:59.938+0000] {dag.py:3823} INFO - Setting next_dagrun for tutorial to 2025-05-06 00:00:00+00:00, run_after=2025-05-07 00:00:00+00:00
[2025-05-07T19:15:59.958+0000] {processor.py:183} INFO - Processing /home/airflow/.local/lib/python3.8/site-packages/airflow/example_dags/tutorial.py took 0.069 seconds
[2025-05-07T19:16:30.439+0000] {processor.py:161} INFO - Started process (PID=1322) to work on /home/airflow/.local/lib/python3.8/site-packages/airflow/example_dags/tutorial.py
[2025-05-07T19:16:30.440+0000] {processor.py:830} INFO - Processing file /home/airflow/.local/lib/python3.8/site-packages/airflow/example_dags/tutorial.py for tasks to queue
[2025-05-07T19:16:30.442+0000] {logging_mixin.py:188} INFO - [2025-05-07T19:16:30.442+0000] {dagbag.py:538} INFO - Filling up the DagBag from /home/airflow/.local/lib/python3.8/site-packages/airflow/example_dags/tutorial.py
[2025-05-07T19:16:30.448+0000] {processor.py:840} INFO - DAG(s) 'tutorial' retrieved from /home/airflow/.local/lib/python3.8/site-packages/airflow/example_dags/tutorial.py
[2025-05-07T19:16:30.467+0000] {logging_mixin.py:188} INFO - [2025-05-07T19:16:30.467+0000] {dag.py:3036} INFO - Sync 1 DAGs
[2025-05-07T19:16:30.487+0000] {logging_mixin.py:188} INFO - [2025-05-07T19:16:30.486+0000] {dag.py:3823} INFO - Setting next_dagrun for tutorial to 2025-05-06 00:00:00+00:00, run_after=2025-05-07 00:00:00+00:00
[2025-05-07T19:16:30.515+0000] {processor.py:183} INFO - Processing /home/airflow/.local/lib/python3.8/site-packages/airflow/example_dags/tutorial.py took 0.079 seconds
[2025-05-07T19:17:00.914+0000] {processor.py:161} INFO - Started process (PID=1378) to work on /home/airflow/.local/lib/python3.8/site-packages/airflow/example_dags/tutorial.py
[2025-05-07T19:17:00.916+0000] {processor.py:830} INFO - Processing file /home/airflow/.local/lib/python3.8/site-packages/airflow/example_dags/tutorial.py for tasks to queue
[2025-05-07T19:17:00.919+0000] {logging_mixin.py:188} INFO - [2025-05-07T19:17:00.918+0000] {dagbag.py:538} INFO - Filling up the DagBag from /home/airflow/.local/lib/python3.8/site-packages/airflow/example_dags/tutorial.py
[2025-05-07T19:17:00.926+0000] {processor.py:840} INFO - DAG(s) 'tutorial' retrieved from /home/airflow/.local/lib/python3.8/site-packages/airflow/example_dags/tutorial.py
[2025-05-07T19:17:00.966+0000] {logging_mixin.py:188} INFO - [2025-05-07T19:17:00.966+0000] {dag.py:3036} INFO - Sync 1 DAGs
[2025-05-07T19:17:00.993+0000] {logging_mixin.py:188} INFO - [2025-05-07T19:17:00.992+0000] {dag.py:3823} INFO - Setting next_dagrun for tutorial to 2025-05-06 00:00:00+00:00, run_after=2025-05-07 00:00:00+00:00
[2025-05-07T19:17:01.022+0000] {processor.py:183} INFO - Processing /home/airflow/.local/lib/python3.8/site-packages/airflow/example_dags/tutorial.py took 0.111 seconds
[2025-05-07T19:17:31.686+0000] {processor.py:161} INFO - Started process (PID=1434) to work on /home/airflow/.local/lib/python3.8/site-packages/airflow/example_dags/tutorial.py
[2025-05-07T19:17:31.687+0000] {processor.py:830} INFO - Processing file /home/airflow/.local/lib/python3.8/site-packages/airflow/example_dags/tutorial.py for tasks to queue
[2025-05-07T19:17:31.689+0000] {logging_mixin.py:188} INFO - [2025-05-07T19:17:31.689+0000] {dagbag.py:538} INFO - Filling up the DagBag from /home/airflow/.local/lib/python3.8/site-packages/airflow/example_dags/tutorial.py
[2025-05-07T19:17:31.695+0000] {processor.py:840} INFO - DAG(s) 'tutorial' retrieved from /home/airflow/.local/lib/python3.8/site-packages/airflow/example_dags/tutorial.py
[2025-05-07T19:17:31.717+0000] {logging_mixin.py:188} INFO - [2025-05-07T19:17:31.717+0000] {dag.py:3036} INFO - Sync 1 DAGs
[2025-05-07T19:17:31.740+0000] {logging_mixin.py:188} INFO - [2025-05-07T19:17:31.739+0000] {dag.py:3823} INFO - Setting next_dagrun for tutorial to 2025-05-06 00:00:00+00:00, run_after=2025-05-07 00:00:00+00:00
[2025-05-07T19:17:31.762+0000] {processor.py:183} INFO - Processing /home/airflow/.local/lib/python3.8/site-packages/airflow/example_dags/tutorial.py took 0.080 seconds
[2025-05-07T19:18:02.640+0000] {processor.py:161} INFO - Started process (PID=1490) to work on /home/airflow/.local/lib/python3.8/site-packages/airflow/example_dags/tutorial.py
[2025-05-07T19:18:02.641+0000] {processor.py:830} INFO - Processing file /home/airflow/.local/lib/python3.8/site-packages/airflow/example_dags/tutorial.py for tasks to queue
[2025-05-07T19:18:02.643+0000] {logging_mixin.py:188} INFO - [2025-05-07T19:18:02.643+0000] {dagbag.py:538} INFO - Filling up the DagBag from /home/airflow/.local/lib/python3.8/site-packages/airflow/example_dags/tutorial.py
[2025-05-07T19:18:02.649+0000] {processor.py:840} INFO - DAG(s) 'tutorial' retrieved from /home/airflow/.local/lib/python3.8/site-packages/airflow/example_dags/tutorial.py
[2025-05-07T19:18:02.669+0000] {logging_mixin.py:188} INFO - [2025-05-07T19:18:02.669+0000] {dag.py:3036} INFO - Sync 1 DAGs
[2025-05-07T19:18:02.690+0000] {logging_mixin.py:188} INFO - [2025-05-07T19:18:02.690+0000] {dag.py:3823} INFO - Setting next_dagrun for tutorial to 2025-05-06 00:00:00+00:00, run_after=2025-05-07 00:00:00+00:00
[2025-05-07T19:18:02.709+0000] {processor.py:183} INFO - Processing /home/airflow/.local/lib/python3.8/site-packages/airflow/example_dags/tutorial.py took 0.072 seconds
[2025-05-07T19:18:33.155+0000] {processor.py:161} INFO - Started process (PID=1546) to work on /home/airflow/.local/lib/python3.8/site-packages/airflow/example_dags/tutorial.py
[2025-05-07T19:18:33.157+0000] {processor.py:830} INFO - Processing file /home/airflow/.local/lib/python3.8/site-packages/airflow/example_dags/tutorial.py for tasks to queue
[2025-05-07T19:18:33.159+0000] {logging_mixin.py:188} INFO - [2025-05-07T19:18:33.158+0000] {dagbag.py:538} INFO - Filling up the DagBag from /home/airflow/.local/lib/python3.8/site-packages/airflow/example_dags/tutorial.py
[2025-05-07T19:18:33.164+0000] {processor.py:840} INFO - DAG(s) 'tutorial' retrieved from /home/airflow/.local/lib/python3.8/site-packages/airflow/example_dags/tutorial.py
[2025-05-07T19:18:33.182+0000] {logging_mixin.py:188} INFO - [2025-05-07T19:18:33.182+0000] {dag.py:3036} INFO - Sync 1 DAGs
[2025-05-07T19:18:33.202+0000] {logging_mixin.py:188} INFO - [2025-05-07T19:18:33.202+0000] {dag.py:3823} INFO - Setting next_dagrun for tutorial to 2025-05-06 00:00:00+00:00, run_after=2025-05-07 00:00:00+00:00
[2025-05-07T19:18:33.221+0000] {processor.py:183} INFO - Processing /home/airflow/.local/lib/python3.8/site-packages/airflow/example_dags/tutorial.py took 0.069 seconds
[2025-05-07T19:19:03.492+0000] {processor.py:161} INFO - Started process (PID=1602) to work on /home/airflow/.local/lib/python3.8/site-packages/airflow/example_dags/tutorial.py
[2025-05-07T19:19:03.493+0000] {processor.py:830} INFO - Processing file /home/airflow/.local/lib/python3.8/site-packages/airflow/example_dags/tutorial.py for tasks to queue
[2025-05-07T19:19:03.494+0000] {logging_mixin.py:188} INFO - [2025-05-07T19:19:03.494+0000] {dagbag.py:538} INFO - Filling up the DagBag from /home/airflow/.local/lib/python3.8/site-packages/airflow/example_dags/tutorial.py
[2025-05-07T19:19:03.500+0000] {processor.py:840} INFO - DAG(s) 'tutorial' retrieved from /home/airflow/.local/lib/python3.8/site-packages/airflow/example_dags/tutorial.py
[2025-05-07T19:19:03.518+0000] {logging_mixin.py:188} INFO - [2025-05-07T19:19:03.518+0000] {dag.py:3036} INFO - Sync 1 DAGs
[2025-05-07T19:19:03.537+0000] {logging_mixin.py:188} INFO - [2025-05-07T19:19:03.537+0000] {dag.py:3823} INFO - Setting next_dagrun for tutorial to 2025-05-06 00:00:00+00:00, run_after=2025-05-07 00:00:00+00:00
[2025-05-07T19:19:03.555+0000] {processor.py:183} INFO - Processing /home/airflow/.local/lib/python3.8/site-packages/airflow/example_dags/tutorial.py took 0.067 seconds
[2025-05-07T19:19:34.839+0000] {processor.py:161} INFO - Started process (PID=1658) to work on /home/airflow/.local/lib/python3.8/site-packages/airflow/example_dags/tutorial.py
[2025-05-07T19:19:34.840+0000] {processor.py:830} INFO - Processing file /home/airflow/.local/lib/python3.8/site-packages/airflow/example_dags/tutorial.py for tasks to queue
[2025-05-07T19:19:34.845+0000] {logging_mixin.py:188} INFO - [2025-05-07T19:19:34.845+0000] {dagbag.py:538} INFO - Filling up the DagBag from /home/airflow/.local/lib/python3.8/site-packages/airflow/example_dags/tutorial.py
[2025-05-07T19:19:34.857+0000] {processor.py:840} INFO - DAG(s) 'tutorial' retrieved from /home/airflow/.local/lib/python3.8/site-packages/airflow/example_dags/tutorial.py
[2025-05-07T19:19:34.900+0000] {logging_mixin.py:188} INFO - [2025-05-07T19:19:34.899+0000] {dag.py:3036} INFO - Sync 1 DAGs
[2025-05-07T19:19:34.931+0000] {logging_mixin.py:188} INFO - [2025-05-07T19:19:34.931+0000] {dag.py:3823} INFO - Setting next_dagrun for tutorial to 2025-05-06 00:00:00+00:00, run_after=2025-05-07 00:00:00+00:00
[2025-05-07T19:19:34.956+0000] {processor.py:183} INFO - Processing /home/airflow/.local/lib/python3.8/site-packages/airflow/example_dags/tutorial.py took 0.122 seconds
[2025-05-07T19:20:05.658+0000] {processor.py:161} INFO - Started process (PID=1714) to work on /home/airflow/.local/lib/python3.8/site-packages/airflow/example_dags/tutorial.py
[2025-05-07T19:20:05.659+0000] {processor.py:830} INFO - Processing file /home/airflow/.local/lib/python3.8/site-packages/airflow/example_dags/tutorial.py for tasks to queue
[2025-05-07T19:20:05.662+0000] {logging_mixin.py:188} INFO - [2025-05-07T19:20:05.662+0000] {dagbag.py:538} INFO - Filling up the DagBag from /home/airflow/.local/lib/python3.8/site-packages/airflow/example_dags/tutorial.py
[2025-05-07T19:20:05.670+0000] {processor.py:840} INFO - DAG(s) 'tutorial' retrieved from /home/airflow/.local/lib/python3.8/site-packages/airflow/example_dags/tutorial.py
[2025-05-07T19:20:05.698+0000] {logging_mixin.py:188} INFO - [2025-05-07T19:20:05.697+0000] {dag.py:3036} INFO - Sync 1 DAGs
[2025-05-07T19:20:05.719+0000] {logging_mixin.py:188} INFO - [2025-05-07T19:20:05.719+0000] {dag.py:3823} INFO - Setting next_dagrun for tutorial to 2025-05-06 00:00:00+00:00, run_after=2025-05-07 00:00:00+00:00
[2025-05-07T19:20:05.740+0000] {processor.py:183} INFO - Processing /home/airflow/.local/lib/python3.8/site-packages/airflow/example_dags/tutorial.py took 0.086 seconds
[2025-05-07T19:20:35.950+0000] {processor.py:161} INFO - Started process (PID=1771) to work on /home/airflow/.local/lib/python3.8/site-packages/airflow/example_dags/tutorial.py
[2025-05-07T19:20:35.954+0000] {processor.py:830} INFO - Processing file /home/airflow/.local/lib/python3.8/site-packages/airflow/example_dags/tutorial.py for tasks to queue
[2025-05-07T19:20:35.959+0000] {logging_mixin.py:188} INFO - [2025-05-07T19:20:35.958+0000] {dagbag.py:538} INFO - Filling up the DagBag from /home/airflow/.local/lib/python3.8/site-packages/airflow/example_dags/tutorial.py
[2025-05-07T19:20:35.973+0000] {processor.py:840} INFO - DAG(s) 'tutorial' retrieved from /home/airflow/.local/lib/python3.8/site-packages/airflow/example_dags/tutorial.py
[2025-05-07T19:20:36.000+0000] {logging_mixin.py:188} INFO - [2025-05-07T19:20:36.000+0000] {dag.py:3036} INFO - Sync 1 DAGs
[2025-05-07T19:20:36.027+0000] {logging_mixin.py:188} INFO - [2025-05-07T19:20:36.027+0000] {dag.py:3823} INFO - Setting next_dagrun for tutorial to 2025-05-06 00:00:00+00:00, run_after=2025-05-07 00:00:00+00:00
[2025-05-07T19:20:36.048+0000] {processor.py:183} INFO - Processing /home/airflow/.local/lib/python3.8/site-packages/airflow/example_dags/tutorial.py took 0.105 seconds
[2025-05-07T19:22:03.772+0000] {processor.py:161} INFO - Started process (PID=92) to work on /home/airflow/.local/lib/python3.8/site-packages/airflow/example_dags/tutorial.py
[2025-05-07T19:22:03.773+0000] {processor.py:830} INFO - Processing file /home/airflow/.local/lib/python3.8/site-packages/airflow/example_dags/tutorial.py for tasks to queue
[2025-05-07T19:22:03.775+0000] {logging_mixin.py:188} INFO - [2025-05-07T19:22:03.775+0000] {dagbag.py:538} INFO - Filling up the DagBag from /home/airflow/.local/lib/python3.8/site-packages/airflow/example_dags/tutorial.py
[2025-05-07T19:22:03.782+0000] {processor.py:840} INFO - DAG(s) 'tutorial' retrieved from /home/airflow/.local/lib/python3.8/site-packages/airflow/example_dags/tutorial.py
[2025-05-07T19:22:03.797+0000] {logging_mixin.py:188} INFO - [2025-05-07T19:22:03.797+0000] {dag.py:3036} INFO - Sync 1 DAGs
[2025-05-07T19:22:03.821+0000] {logging_mixin.py:188} INFO - [2025-05-07T19:22:03.821+0000] {dag.py:3823} INFO - Setting next_dagrun for tutorial to 2025-05-06 00:00:00+00:00, run_after=2025-05-07 00:00:00+00:00
[2025-05-07T19:22:03.844+0000] {processor.py:183} INFO - Processing /home/airflow/.local/lib/python3.8/site-packages/airflow/example_dags/tutorial.py took 0.075 seconds
[2025-05-07T19:22:34.831+0000] {processor.py:161} INFO - Started process (PID=149) to work on /home/airflow/.local/lib/python3.8/site-packages/airflow/example_dags/tutorial.py
[2025-05-07T19:22:34.835+0000] {processor.py:830} INFO - Processing file /home/airflow/.local/lib/python3.8/site-packages/airflow/example_dags/tutorial.py for tasks to queue
[2025-05-07T19:22:34.839+0000] {logging_mixin.py:188} INFO - [2025-05-07T19:22:34.838+0000] {dagbag.py:538} INFO - Filling up the DagBag from /home/airflow/.local/lib/python3.8/site-packages/airflow/example_dags/tutorial.py
[2025-05-07T19:22:34.845+0000] {processor.py:840} INFO - DAG(s) 'tutorial' retrieved from /home/airflow/.local/lib/python3.8/site-packages/airflow/example_dags/tutorial.py
[2025-05-07T19:22:34.942+0000] {logging_mixin.py:188} INFO - [2025-05-07T19:22:34.942+0000] {dag.py:3036} INFO - Sync 1 DAGs
[2025-05-07T19:22:34.962+0000] {logging_mixin.py:188} INFO - [2025-05-07T19:22:34.962+0000] {dag.py:3823} INFO - Setting next_dagrun for tutorial to 2025-05-06 00:00:00+00:00, run_after=2025-05-07 00:00:00+00:00
[2025-05-07T19:22:34.987+0000] {processor.py:183} INFO - Processing /home/airflow/.local/lib/python3.8/site-packages/airflow/example_dags/tutorial.py took 0.161 seconds
[2025-05-07T19:23:05.033+0000] {processor.py:161} INFO - Started process (PID=206) to work on /home/airflow/.local/lib/python3.8/site-packages/airflow/example_dags/tutorial.py
[2025-05-07T19:23:05.034+0000] {processor.py:830} INFO - Processing file /home/airflow/.local/lib/python3.8/site-packages/airflow/example_dags/tutorial.py for tasks to queue
[2025-05-07T19:23:05.036+0000] {logging_mixin.py:188} INFO - [2025-05-07T19:23:05.036+0000] {dagbag.py:538} INFO - Filling up the DagBag from /home/airflow/.local/lib/python3.8/site-packages/airflow/example_dags/tutorial.py
[2025-05-07T19:23:05.042+0000] {processor.py:840} INFO - DAG(s) 'tutorial' retrieved from /home/airflow/.local/lib/python3.8/site-packages/airflow/example_dags/tutorial.py
[2025-05-07T19:23:05.063+0000] {logging_mixin.py:188} INFO - [2025-05-07T19:23:05.063+0000] {dag.py:3036} INFO - Sync 1 DAGs
[2025-05-07T19:23:05.083+0000] {logging_mixin.py:188} INFO - [2025-05-07T19:23:05.083+0000] {dag.py:3823} INFO - Setting next_dagrun for tutorial to 2025-05-06 00:00:00+00:00, run_after=2025-05-07 00:00:00+00:00
[2025-05-07T19:23:05.102+0000] {processor.py:183} INFO - Processing /home/airflow/.local/lib/python3.8/site-packages/airflow/example_dags/tutorial.py took 0.072 seconds
[2025-05-07T19:23:35.641+0000] {processor.py:161} INFO - Started process (PID=272) to work on /home/airflow/.local/lib/python3.8/site-packages/airflow/example_dags/tutorial.py
[2025-05-07T19:23:35.642+0000] {processor.py:830} INFO - Processing file /home/airflow/.local/lib/python3.8/site-packages/airflow/example_dags/tutorial.py for tasks to queue
[2025-05-07T19:23:35.645+0000] {logging_mixin.py:188} INFO - [2025-05-07T19:23:35.644+0000] {dagbag.py:538} INFO - Filling up the DagBag from /home/airflow/.local/lib/python3.8/site-packages/airflow/example_dags/tutorial.py
[2025-05-07T19:23:35.652+0000] {processor.py:840} INFO - DAG(s) 'tutorial' retrieved from /home/airflow/.local/lib/python3.8/site-packages/airflow/example_dags/tutorial.py
[2025-05-07T19:23:35.676+0000] {logging_mixin.py:188} INFO - [2025-05-07T19:23:35.675+0000] {dag.py:3036} INFO - Sync 1 DAGs
[2025-05-07T19:23:35.700+0000] {logging_mixin.py:188} INFO - [2025-05-07T19:23:35.700+0000] {dag.py:3823} INFO - Setting next_dagrun for tutorial to 2025-05-06 00:00:00+00:00, run_after=2025-05-07 00:00:00+00:00
[2025-05-07T19:23:35.722+0000] {processor.py:183} INFO - Processing /home/airflow/.local/lib/python3.8/site-packages/airflow/example_dags/tutorial.py took 0.085 seconds
[2025-05-07T19:24:06.301+0000] {processor.py:161} INFO - Started process (PID=331) to work on /home/airflow/.local/lib/python3.8/site-packages/airflow/example_dags/tutorial.py
[2025-05-07T19:24:06.302+0000] {processor.py:830} INFO - Processing file /home/airflow/.local/lib/python3.8/site-packages/airflow/example_dags/tutorial.py for tasks to queue
[2025-05-07T19:24:06.305+0000] {logging_mixin.py:188} INFO - [2025-05-07T19:24:06.304+0000] {dagbag.py:538} INFO - Filling up the DagBag from /home/airflow/.local/lib/python3.8/site-packages/airflow/example_dags/tutorial.py
[2025-05-07T19:24:06.313+0000] {processor.py:840} INFO - DAG(s) 'tutorial' retrieved from /home/airflow/.local/lib/python3.8/site-packages/airflow/example_dags/tutorial.py
[2025-05-07T19:24:06.341+0000] {logging_mixin.py:188} INFO - [2025-05-07T19:24:06.341+0000] {dag.py:3036} INFO - Sync 1 DAGs
[2025-05-07T19:24:06.368+0000] {logging_mixin.py:188} INFO - [2025-05-07T19:24:06.368+0000] {dag.py:3823} INFO - Setting next_dagrun for tutorial to 2025-05-06 00:00:00+00:00, run_after=2025-05-07 00:00:00+00:00
[2025-05-07T19:24:06.393+0000] {processor.py:183} INFO - Processing /home/airflow/.local/lib/python3.8/site-packages/airflow/example_dags/tutorial.py took 0.097 seconds
[2025-05-07T19:24:36.979+0000] {processor.py:161} INFO - Started process (PID=394) to work on /home/airflow/.local/lib/python3.8/site-packages/airflow/example_dags/tutorial.py
[2025-05-07T19:24:36.980+0000] {processor.py:830} INFO - Processing file /home/airflow/.local/lib/python3.8/site-packages/airflow/example_dags/tutorial.py for tasks to queue
[2025-05-07T19:24:36.982+0000] {logging_mixin.py:188} INFO - [2025-05-07T19:24:36.982+0000] {dagbag.py:538} INFO - Filling up the DagBag from /home/airflow/.local/lib/python3.8/site-packages/airflow/example_dags/tutorial.py
[2025-05-07T19:24:36.988+0000] {processor.py:840} INFO - DAG(s) 'tutorial' retrieved from /home/airflow/.local/lib/python3.8/site-packages/airflow/example_dags/tutorial.py
[2025-05-07T19:24:37.011+0000] {logging_mixin.py:188} INFO - [2025-05-07T19:24:37.010+0000] {dag.py:3036} INFO - Sync 1 DAGs
[2025-05-07T19:24:37.032+0000] {logging_mixin.py:188} INFO - [2025-05-07T19:24:37.032+0000] {dag.py:3823} INFO - Setting next_dagrun for tutorial to 2025-05-06 00:00:00+00:00, run_after=2025-05-07 00:00:00+00:00
[2025-05-07T19:24:37.052+0000] {processor.py:183} INFO - Processing /home/airflow/.local/lib/python3.8/site-packages/airflow/example_dags/tutorial.py took 0.077 seconds
[2025-05-07T19:25:07.418+0000] {processor.py:161} INFO - Started process (PID=451) to work on /home/airflow/.local/lib/python3.8/site-packages/airflow/example_dags/tutorial.py
[2025-05-07T19:25:07.419+0000] {processor.py:830} INFO - Processing file /home/airflow/.local/lib/python3.8/site-packages/airflow/example_dags/tutorial.py for tasks to queue
[2025-05-07T19:25:07.422+0000] {logging_mixin.py:188} INFO - [2025-05-07T19:25:07.422+0000] {dagbag.py:538} INFO - Filling up the DagBag from /home/airflow/.local/lib/python3.8/site-packages/airflow/example_dags/tutorial.py
[2025-05-07T19:25:07.429+0000] {processor.py:840} INFO - DAG(s) 'tutorial' retrieved from /home/airflow/.local/lib/python3.8/site-packages/airflow/example_dags/tutorial.py
[2025-05-07T19:25:07.453+0000] {logging_mixin.py:188} INFO - [2025-05-07T19:25:07.452+0000] {dag.py:3036} INFO - Sync 1 DAGs
[2025-05-07T19:25:07.476+0000] {logging_mixin.py:188} INFO - [2025-05-07T19:25:07.476+0000] {dag.py:3823} INFO - Setting next_dagrun for tutorial to 2025-05-06 00:00:00+00:00, run_after=2025-05-07 00:00:00+00:00
[2025-05-07T19:25:07.500+0000] {processor.py:183} INFO - Processing /home/airflow/.local/lib/python3.8/site-packages/airflow/example_dags/tutorial.py took 0.087 seconds
[2025-05-07T19:25:38.354+0000] {processor.py:161} INFO - Started process (PID=508) to work on /home/airflow/.local/lib/python3.8/site-packages/airflow/example_dags/tutorial.py
[2025-05-07T19:25:38.357+0000] {processor.py:830} INFO - Processing file /home/airflow/.local/lib/python3.8/site-packages/airflow/example_dags/tutorial.py for tasks to queue
[2025-05-07T19:25:38.360+0000] {logging_mixin.py:188} INFO - [2025-05-07T19:25:38.360+0000] {dagbag.py:538} INFO - Filling up the DagBag from /home/airflow/.local/lib/python3.8/site-packages/airflow/example_dags/tutorial.py
[2025-05-07T19:25:38.367+0000] {processor.py:840} INFO - DAG(s) 'tutorial' retrieved from /home/airflow/.local/lib/python3.8/site-packages/airflow/example_dags/tutorial.py
[2025-05-07T19:25:38.388+0000] {logging_mixin.py:188} INFO - [2025-05-07T19:25:38.388+0000] {dag.py:3036} INFO - Sync 1 DAGs
[2025-05-07T19:25:38.421+0000] {logging_mixin.py:188} INFO - [2025-05-07T19:25:38.421+0000] {dag.py:3823} INFO - Setting next_dagrun for tutorial to 2025-05-06 00:00:00+00:00, run_after=2025-05-07 00:00:00+00:00
[2025-05-07T19:25:38.452+0000] {processor.py:183} INFO - Processing /home/airflow/.local/lib/python3.8/site-packages/airflow/example_dags/tutorial.py took 0.101 seconds
[2025-05-07T19:26:08.501+0000] {processor.py:161} INFO - Started process (PID=569) to work on /home/airflow/.local/lib/python3.8/site-packages/airflow/example_dags/tutorial.py
[2025-05-07T19:26:08.503+0000] {processor.py:830} INFO - Processing file /home/airflow/.local/lib/python3.8/site-packages/airflow/example_dags/tutorial.py for tasks to queue
[2025-05-07T19:26:08.508+0000] {logging_mixin.py:188} INFO - [2025-05-07T19:26:08.507+0000] {dagbag.py:538} INFO - Filling up the DagBag from /home/airflow/.local/lib/python3.8/site-packages/airflow/example_dags/tutorial.py
[2025-05-07T19:26:08.523+0000] {processor.py:840} INFO - DAG(s) 'tutorial' retrieved from /home/airflow/.local/lib/python3.8/site-packages/airflow/example_dags/tutorial.py
[2025-05-07T19:26:08.572+0000] {logging_mixin.py:188} INFO - [2025-05-07T19:26:08.571+0000] {dag.py:3036} INFO - Sync 1 DAGs
[2025-05-07T19:26:08.602+0000] {logging_mixin.py:188} INFO - [2025-05-07T19:26:08.601+0000] {dag.py:3823} INFO - Setting next_dagrun for tutorial to 2025-05-06 00:00:00+00:00, run_after=2025-05-07 00:00:00+00:00
[2025-05-07T19:26:08.626+0000] {processor.py:183} INFO - Processing /home/airflow/.local/lib/python3.8/site-packages/airflow/example_dags/tutorial.py took 0.129 seconds
[2025-05-07T19:26:39.793+0000] {processor.py:161} INFO - Started process (PID=633) to work on /home/airflow/.local/lib/python3.8/site-packages/airflow/example_dags/tutorial.py
[2025-05-07T19:26:39.794+0000] {processor.py:830} INFO - Processing file /home/airflow/.local/lib/python3.8/site-packages/airflow/example_dags/tutorial.py for tasks to queue
[2025-05-07T19:26:39.796+0000] {logging_mixin.py:188} INFO - [2025-05-07T19:26:39.796+0000] {dagbag.py:538} INFO - Filling up the DagBag from /home/airflow/.local/lib/python3.8/site-packages/airflow/example_dags/tutorial.py
[2025-05-07T19:26:39.802+0000] {processor.py:840} INFO - DAG(s) 'tutorial' retrieved from /home/airflow/.local/lib/python3.8/site-packages/airflow/example_dags/tutorial.py
[2025-05-07T19:26:39.825+0000] {logging_mixin.py:188} INFO - [2025-05-07T19:26:39.825+0000] {dag.py:3036} INFO - Sync 1 DAGs
[2025-05-07T19:26:39.846+0000] {logging_mixin.py:188} INFO - [2025-05-07T19:26:39.845+0000] {dag.py:3823} INFO - Setting next_dagrun for tutorial to 2025-05-06 00:00:00+00:00, run_after=2025-05-07 00:00:00+00:00
[2025-05-07T19:26:39.869+0000] {processor.py:183} INFO - Processing /home/airflow/.local/lib/python3.8/site-packages/airflow/example_dags/tutorial.py took 0.080 seconds
[2025-05-07T19:27:10.064+0000] {processor.py:161} INFO - Started process (PID=691) to work on /home/airflow/.local/lib/python3.8/site-packages/airflow/example_dags/tutorial.py
[2025-05-07T19:27:10.066+0000] {processor.py:830} INFO - Processing file /home/airflow/.local/lib/python3.8/site-packages/airflow/example_dags/tutorial.py for tasks to queue
[2025-05-07T19:27:10.068+0000] {logging_mixin.py:188} INFO - [2025-05-07T19:27:10.068+0000] {dagbag.py:538} INFO - Filling up the DagBag from /home/airflow/.local/lib/python3.8/site-packages/airflow/example_dags/tutorial.py
[2025-05-07T19:27:10.077+0000] {processor.py:840} INFO - DAG(s) 'tutorial' retrieved from /home/airflow/.local/lib/python3.8/site-packages/airflow/example_dags/tutorial.py
[2025-05-07T19:27:10.109+0000] {logging_mixin.py:188} INFO - [2025-05-07T19:27:10.109+0000] {dag.py:3036} INFO - Sync 1 DAGs
[2025-05-07T19:27:10.153+0000] {logging_mixin.py:188} INFO - [2025-05-07T19:27:10.153+0000] {dag.py:3823} INFO - Setting next_dagrun for tutorial to 2025-05-06 00:00:00+00:00, run_after=2025-05-07 00:00:00+00:00
[2025-05-07T19:27:10.184+0000] {processor.py:183} INFO - Processing /home/airflow/.local/lib/python3.8/site-packages/airflow/example_dags/tutorial.py took 0.123 seconds
[2025-05-07T19:27:40.686+0000] {processor.py:161} INFO - Started process (PID=748) to work on /home/airflow/.local/lib/python3.8/site-packages/airflow/example_dags/tutorial.py
[2025-05-07T19:27:40.688+0000] {processor.py:830} INFO - Processing file /home/airflow/.local/lib/python3.8/site-packages/airflow/example_dags/tutorial.py for tasks to queue
[2025-05-07T19:27:40.690+0000] {logging_mixin.py:188} INFO - [2025-05-07T19:27:40.690+0000] {dagbag.py:538} INFO - Filling up the DagBag from /home/airflow/.local/lib/python3.8/site-packages/airflow/example_dags/tutorial.py
[2025-05-07T19:27:40.696+0000] {processor.py:840} INFO - DAG(s) 'tutorial' retrieved from /home/airflow/.local/lib/python3.8/site-packages/airflow/example_dags/tutorial.py
[2025-05-07T19:27:40.718+0000] {logging_mixin.py:188} INFO - [2025-05-07T19:27:40.717+0000] {dag.py:3036} INFO - Sync 1 DAGs
[2025-05-07T19:27:40.738+0000] {logging_mixin.py:188} INFO - [2025-05-07T19:27:40.738+0000] {dag.py:3823} INFO - Setting next_dagrun for tutorial to 2025-05-06 00:00:00+00:00, run_after=2025-05-07 00:00:00+00:00
[2025-05-07T19:27:40.760+0000] {processor.py:183} INFO - Processing /home/airflow/.local/lib/python3.8/site-packages/airflow/example_dags/tutorial.py took 0.078 seconds
[2025-05-07T19:28:11.711+0000] {processor.py:161} INFO - Started process (PID=805) to work on /home/airflow/.local/lib/python3.8/site-packages/airflow/example_dags/tutorial.py
[2025-05-07T19:28:11.713+0000] {processor.py:830} INFO - Processing file /home/airflow/.local/lib/python3.8/site-packages/airflow/example_dags/tutorial.py for tasks to queue
[2025-05-07T19:28:11.715+0000] {logging_mixin.py:188} INFO - [2025-05-07T19:28:11.715+0000] {dagbag.py:538} INFO - Filling up the DagBag from /home/airflow/.local/lib/python3.8/site-packages/airflow/example_dags/tutorial.py
[2025-05-07T19:28:11.721+0000] {processor.py:840} INFO - DAG(s) 'tutorial' retrieved from /home/airflow/.local/lib/python3.8/site-packages/airflow/example_dags/tutorial.py
[2025-05-07T19:28:11.741+0000] {logging_mixin.py:188} INFO - [2025-05-07T19:28:11.741+0000] {dag.py:3036} INFO - Sync 1 DAGs
[2025-05-07T19:28:11.762+0000] {logging_mixin.py:188} INFO - [2025-05-07T19:28:11.762+0000] {dag.py:3823} INFO - Setting next_dagrun for tutorial to 2025-05-06 00:00:00+00:00, run_after=2025-05-07 00:00:00+00:00
[2025-05-07T19:28:11.783+0000] {processor.py:183} INFO - Processing /home/airflow/.local/lib/python3.8/site-packages/airflow/example_dags/tutorial.py took 0.075 seconds
[2025-05-07T19:28:42.004+0000] {processor.py:161} INFO - Started process (PID=862) to work on /home/airflow/.local/lib/python3.8/site-packages/airflow/example_dags/tutorial.py
[2025-05-07T19:28:42.006+0000] {processor.py:830} INFO - Processing file /home/airflow/.local/lib/python3.8/site-packages/airflow/example_dags/tutorial.py for tasks to queue
[2025-05-07T19:28:42.009+0000] {logging_mixin.py:188} INFO - [2025-05-07T19:28:42.009+0000] {dagbag.py:538} INFO - Filling up the DagBag from /home/airflow/.local/lib/python3.8/site-packages/airflow/example_dags/tutorial.py
[2025-05-07T19:28:42.021+0000] {processor.py:840} INFO - DAG(s) 'tutorial' retrieved from /home/airflow/.local/lib/python3.8/site-packages/airflow/example_dags/tutorial.py
[2025-05-07T19:28:42.046+0000] {logging_mixin.py:188} INFO - [2025-05-07T19:28:42.046+0000] {dag.py:3036} INFO - Sync 1 DAGs
[2025-05-07T19:28:42.069+0000] {logging_mixin.py:188} INFO - [2025-05-07T19:28:42.069+0000] {dag.py:3823} INFO - Setting next_dagrun for tutorial to 2025-05-06 00:00:00+00:00, run_after=2025-05-07 00:00:00+00:00
[2025-05-07T19:28:42.092+0000] {processor.py:183} INFO - Processing /home/airflow/.local/lib/python3.8/site-packages/airflow/example_dags/tutorial.py took 0.093 seconds
[2025-05-07T19:29:12.384+0000] {processor.py:161} INFO - Started process (PID=919) to work on /home/airflow/.local/lib/python3.8/site-packages/airflow/example_dags/tutorial.py
[2025-05-07T19:29:12.385+0000] {processor.py:830} INFO - Processing file /home/airflow/.local/lib/python3.8/site-packages/airflow/example_dags/tutorial.py for tasks to queue
[2025-05-07T19:29:12.388+0000] {logging_mixin.py:188} INFO - [2025-05-07T19:29:12.387+0000] {dagbag.py:538} INFO - Filling up the DagBag from /home/airflow/.local/lib/python3.8/site-packages/airflow/example_dags/tutorial.py
[2025-05-07T19:29:12.394+0000] {processor.py:840} INFO - DAG(s) 'tutorial' retrieved from /home/airflow/.local/lib/python3.8/site-packages/airflow/example_dags/tutorial.py
[2025-05-07T19:29:12.413+0000] {logging_mixin.py:188} INFO - [2025-05-07T19:29:12.413+0000] {dag.py:3036} INFO - Sync 1 DAGs
[2025-05-07T19:29:12.434+0000] {logging_mixin.py:188} INFO - [2025-05-07T19:29:12.434+0000] {dag.py:3823} INFO - Setting next_dagrun for tutorial to 2025-05-06 00:00:00+00:00, run_after=2025-05-07 00:00:00+00:00
[2025-05-07T19:29:12.454+0000] {processor.py:183} INFO - Processing /home/airflow/.local/lib/python3.8/site-packages/airflow/example_dags/tutorial.py took 0.074 seconds
[2025-05-07T19:29:42.579+0000] {processor.py:161} INFO - Started process (PID=976) to work on /home/airflow/.local/lib/python3.8/site-packages/airflow/example_dags/tutorial.py
[2025-05-07T19:29:42.580+0000] {processor.py:830} INFO - Processing file /home/airflow/.local/lib/python3.8/site-packages/airflow/example_dags/tutorial.py for tasks to queue
[2025-05-07T19:29:42.582+0000] {logging_mixin.py:188} INFO - [2025-05-07T19:29:42.582+0000] {dagbag.py:538} INFO - Filling up the DagBag from /home/airflow/.local/lib/python3.8/site-packages/airflow/example_dags/tutorial.py
[2025-05-07T19:29:42.588+0000] {processor.py:840} INFO - DAG(s) 'tutorial' retrieved from /home/airflow/.local/lib/python3.8/site-packages/airflow/example_dags/tutorial.py
[2025-05-07T19:29:42.605+0000] {logging_mixin.py:188} INFO - [2025-05-07T19:29:42.605+0000] {dag.py:3036} INFO - Sync 1 DAGs
[2025-05-07T19:29:42.625+0000] {logging_mixin.py:188} INFO - [2025-05-07T19:29:42.625+0000] {dag.py:3823} INFO - Setting next_dagrun for tutorial to 2025-05-06 00:00:00+00:00, run_after=2025-05-07 00:00:00+00:00
[2025-05-07T19:29:42.646+0000] {processor.py:183} INFO - Processing /home/airflow/.local/lib/python3.8/site-packages/airflow/example_dags/tutorial.py took 0.070 seconds
[2025-05-07T19:33:17.715+0000] {processor.py:161} INFO - Started process (PID=93) to work on /home/airflow/.local/lib/python3.8/site-packages/airflow/example_dags/tutorial.py
[2025-05-07T19:33:17.717+0000] {processor.py:830} INFO - Processing file /home/airflow/.local/lib/python3.8/site-packages/airflow/example_dags/tutorial.py for tasks to queue
[2025-05-07T19:33:17.721+0000] {logging_mixin.py:188} INFO - [2025-05-07T19:33:17.720+0000] {dagbag.py:538} INFO - Filling up the DagBag from /home/airflow/.local/lib/python3.8/site-packages/airflow/example_dags/tutorial.py
[2025-05-07T19:33:17.730+0000] {processor.py:840} INFO - DAG(s) 'tutorial' retrieved from /home/airflow/.local/lib/python3.8/site-packages/airflow/example_dags/tutorial.py
[2025-05-07T19:33:17.746+0000] {logging_mixin.py:188} INFO - [2025-05-07T19:33:17.745+0000] {dag.py:3036} INFO - Sync 1 DAGs
[2025-05-07T19:33:17.775+0000] {logging_mixin.py:188} INFO - [2025-05-07T19:33:17.775+0000] {dag.py:3823} INFO - Setting next_dagrun for tutorial to 2025-05-06 00:00:00+00:00, run_after=2025-05-07 00:00:00+00:00
[2025-05-07T19:33:17.798+0000] {processor.py:183} INFO - Processing /home/airflow/.local/lib/python3.8/site-packages/airflow/example_dags/tutorial.py took 0.087 seconds
[2025-05-07T19:33:50.070+0000] {processor.py:161} INFO - Started process (PID=150) to work on /home/airflow/.local/lib/python3.8/site-packages/airflow/example_dags/tutorial.py
[2025-05-07T19:33:50.072+0000] {processor.py:830} INFO - Processing file /home/airflow/.local/lib/python3.8/site-packages/airflow/example_dags/tutorial.py for tasks to queue
[2025-05-07T19:33:50.075+0000] {logging_mixin.py:188} INFO - [2025-05-07T19:33:50.075+0000] {dagbag.py:538} INFO - Filling up the DagBag from /home/airflow/.local/lib/python3.8/site-packages/airflow/example_dags/tutorial.py
[2025-05-07T19:33:50.083+0000] {processor.py:840} INFO - DAG(s) 'tutorial' retrieved from /home/airflow/.local/lib/python3.8/site-packages/airflow/example_dags/tutorial.py
[2025-05-07T19:33:50.205+0000] {logging_mixin.py:188} INFO - [2025-05-07T19:33:50.205+0000] {dag.py:3036} INFO - Sync 1 DAGs
[2025-05-07T19:33:50.227+0000] {logging_mixin.py:188} INFO - [2025-05-07T19:33:50.227+0000] {dag.py:3823} INFO - Setting next_dagrun for tutorial to 2025-05-06 00:00:00+00:00, run_after=2025-05-07 00:00:00+00:00
[2025-05-07T19:33:50.255+0000] {processor.py:183} INFO - Processing /home/airflow/.local/lib/python3.8/site-packages/airflow/example_dags/tutorial.py took 0.188 seconds
[2025-05-07T19:34:20.440+0000] {processor.py:161} INFO - Started process (PID=207) to work on /home/airflow/.local/lib/python3.8/site-packages/airflow/example_dags/tutorial.py
[2025-05-07T19:34:20.442+0000] {processor.py:830} INFO - Processing file /home/airflow/.local/lib/python3.8/site-packages/airflow/example_dags/tutorial.py for tasks to queue
[2025-05-07T19:34:20.444+0000] {logging_mixin.py:188} INFO - [2025-05-07T19:34:20.444+0000] {dagbag.py:538} INFO - Filling up the DagBag from /home/airflow/.local/lib/python3.8/site-packages/airflow/example_dags/tutorial.py
[2025-05-07T19:34:20.450+0000] {processor.py:840} INFO - DAG(s) 'tutorial' retrieved from /home/airflow/.local/lib/python3.8/site-packages/airflow/example_dags/tutorial.py
[2025-05-07T19:34:20.469+0000] {logging_mixin.py:188} INFO - [2025-05-07T19:34:20.469+0000] {dag.py:3036} INFO - Sync 1 DAGs
[2025-05-07T19:34:20.490+0000] {logging_mixin.py:188} INFO - [2025-05-07T19:34:20.490+0000] {dag.py:3823} INFO - Setting next_dagrun for tutorial to 2025-05-06 00:00:00+00:00, run_after=2025-05-07 00:00:00+00:00
[2025-05-07T19:34:20.513+0000] {processor.py:183} INFO - Processing /home/airflow/.local/lib/python3.8/site-packages/airflow/example_dags/tutorial.py took 0.076 seconds
[2025-05-07T19:34:50.849+0000] {processor.py:161} INFO - Started process (PID=264) to work on /home/airflow/.local/lib/python3.8/site-packages/airflow/example_dags/tutorial.py
[2025-05-07T19:34:50.851+0000] {processor.py:830} INFO - Processing file /home/airflow/.local/lib/python3.8/site-packages/airflow/example_dags/tutorial.py for tasks to queue
[2025-05-07T19:34:50.853+0000] {logging_mixin.py:188} INFO - [2025-05-07T19:34:50.853+0000] {dagbag.py:538} INFO - Filling up the DagBag from /home/airflow/.local/lib/python3.8/site-packages/airflow/example_dags/tutorial.py
[2025-05-07T19:34:50.860+0000] {processor.py:840} INFO - DAG(s) 'tutorial' retrieved from /home/airflow/.local/lib/python3.8/site-packages/airflow/example_dags/tutorial.py
[2025-05-07T19:34:50.884+0000] {logging_mixin.py:188} INFO - [2025-05-07T19:34:50.884+0000] {dag.py:3036} INFO - Sync 1 DAGs
[2025-05-07T19:34:50.908+0000] {logging_mixin.py:188} INFO - [2025-05-07T19:34:50.908+0000] {dag.py:3823} INFO - Setting next_dagrun for tutorial to 2025-05-06 00:00:00+00:00, run_after=2025-05-07 00:00:00+00:00
[2025-05-07T19:34:50.938+0000] {processor.py:183} INFO - Processing /home/airflow/.local/lib/python3.8/site-packages/airflow/example_dags/tutorial.py took 0.091 seconds
[2025-05-07T19:35:22.048+0000] {processor.py:161} INFO - Started process (PID=321) to work on /home/airflow/.local/lib/python3.8/site-packages/airflow/example_dags/tutorial.py
[2025-05-07T19:35:22.049+0000] {processor.py:830} INFO - Processing file /home/airflow/.local/lib/python3.8/site-packages/airflow/example_dags/tutorial.py for tasks to queue
[2025-05-07T19:35:22.051+0000] {logging_mixin.py:188} INFO - [2025-05-07T19:35:22.051+0000] {dagbag.py:538} INFO - Filling up the DagBag from /home/airflow/.local/lib/python3.8/site-packages/airflow/example_dags/tutorial.py
[2025-05-07T19:35:22.058+0000] {processor.py:840} INFO - DAG(s) 'tutorial' retrieved from /home/airflow/.local/lib/python3.8/site-packages/airflow/example_dags/tutorial.py
[2025-05-07T19:35:22.082+0000] {logging_mixin.py:188} INFO - [2025-05-07T19:35:22.081+0000] {dag.py:3036} INFO - Sync 1 DAGs
[2025-05-07T19:35:22.107+0000] {logging_mixin.py:188} INFO - [2025-05-07T19:35:22.107+0000] {dag.py:3823} INFO - Setting next_dagrun for tutorial to 2025-05-06 00:00:00+00:00, run_after=2025-05-07 00:00:00+00:00
[2025-05-07T19:35:22.129+0000] {processor.py:183} INFO - Processing /home/airflow/.local/lib/python3.8/site-packages/airflow/example_dags/tutorial.py took 0.085 seconds
[2025-05-07T19:35:52.976+0000] {processor.py:161} INFO - Started process (PID=378) to work on /home/airflow/.local/lib/python3.8/site-packages/airflow/example_dags/tutorial.py
[2025-05-07T19:35:52.977+0000] {processor.py:830} INFO - Processing file /home/airflow/.local/lib/python3.8/site-packages/airflow/example_dags/tutorial.py for tasks to queue
[2025-05-07T19:35:52.980+0000] {logging_mixin.py:188} INFO - [2025-05-07T19:35:52.979+0000] {dagbag.py:538} INFO - Filling up the DagBag from /home/airflow/.local/lib/python3.8/site-packages/airflow/example_dags/tutorial.py
[2025-05-07T19:35:52.985+0000] {processor.py:840} INFO - DAG(s) 'tutorial' retrieved from /home/airflow/.local/lib/python3.8/site-packages/airflow/example_dags/tutorial.py
[2025-05-07T19:35:53.006+0000] {logging_mixin.py:188} INFO - [2025-05-07T19:35:53.005+0000] {dag.py:3036} INFO - Sync 1 DAGs
[2025-05-07T19:35:53.029+0000] {logging_mixin.py:188} INFO - [2025-05-07T19:35:53.029+0000] {dag.py:3823} INFO - Setting next_dagrun for tutorial to 2025-05-06 00:00:00+00:00, run_after=2025-05-07 00:00:00+00:00
[2025-05-07T19:35:53.051+0000] {processor.py:183} INFO - Processing /home/airflow/.local/lib/python3.8/site-packages/airflow/example_dags/tutorial.py took 0.078 seconds
[2025-05-07T19:36:23.508+0000] {processor.py:161} INFO - Started process (PID=435) to work on /home/airflow/.local/lib/python3.8/site-packages/airflow/example_dags/tutorial.py
[2025-05-07T19:36:23.510+0000] {processor.py:830} INFO - Processing file /home/airflow/.local/lib/python3.8/site-packages/airflow/example_dags/tutorial.py for tasks to queue
[2025-05-07T19:36:23.511+0000] {logging_mixin.py:188} INFO - [2025-05-07T19:36:23.511+0000] {dagbag.py:538} INFO - Filling up the DagBag from /home/airflow/.local/lib/python3.8/site-packages/airflow/example_dags/tutorial.py
[2025-05-07T19:36:23.517+0000] {processor.py:840} INFO - DAG(s) 'tutorial' retrieved from /home/airflow/.local/lib/python3.8/site-packages/airflow/example_dags/tutorial.py
[2025-05-07T19:36:23.537+0000] {logging_mixin.py:188} INFO - [2025-05-07T19:36:23.536+0000] {dag.py:3036} INFO - Sync 1 DAGs
[2025-05-07T19:36:23.561+0000] {logging_mixin.py:188} INFO - [2025-05-07T19:36:23.561+0000] {dag.py:3823} INFO - Setting next_dagrun for tutorial to 2025-05-06 00:00:00+00:00, run_after=2025-05-07 00:00:00+00:00
[2025-05-07T19:36:23.586+0000] {processor.py:183} INFO - Processing /home/airflow/.local/lib/python3.8/site-packages/airflow/example_dags/tutorial.py took 0.081 seconds
[2025-05-07T19:36:54.049+0000] {processor.py:161} INFO - Started process (PID=492) to work on /home/airflow/.local/lib/python3.8/site-packages/airflow/example_dags/tutorial.py
[2025-05-07T19:36:54.050+0000] {processor.py:830} INFO - Processing file /home/airflow/.local/lib/python3.8/site-packages/airflow/example_dags/tutorial.py for tasks to queue
[2025-05-07T19:36:54.052+0000] {logging_mixin.py:188} INFO - [2025-05-07T19:36:54.052+0000] {dagbag.py:538} INFO - Filling up the DagBag from /home/airflow/.local/lib/python3.8/site-packages/airflow/example_dags/tutorial.py
[2025-05-07T19:36:54.059+0000] {processor.py:840} INFO - DAG(s) 'tutorial' retrieved from /home/airflow/.local/lib/python3.8/site-packages/airflow/example_dags/tutorial.py
[2025-05-07T19:36:54.082+0000] {logging_mixin.py:188} INFO - [2025-05-07T19:36:54.082+0000] {dag.py:3036} INFO - Sync 1 DAGs
[2025-05-07T19:36:54.104+0000] {logging_mixin.py:188} INFO - [2025-05-07T19:36:54.104+0000] {dag.py:3823} INFO - Setting next_dagrun for tutorial to 2025-05-06 00:00:00+00:00, run_after=2025-05-07 00:00:00+00:00
[2025-05-07T19:36:54.125+0000] {processor.py:183} INFO - Processing /home/airflow/.local/lib/python3.8/site-packages/airflow/example_dags/tutorial.py took 0.080 seconds
[2025-05-07T19:37:24.463+0000] {processor.py:161} INFO - Started process (PID=549) to work on /home/airflow/.local/lib/python3.8/site-packages/airflow/example_dags/tutorial.py
[2025-05-07T19:37:24.464+0000] {processor.py:830} INFO - Processing file /home/airflow/.local/lib/python3.8/site-packages/airflow/example_dags/tutorial.py for tasks to queue
[2025-05-07T19:37:24.467+0000] {logging_mixin.py:188} INFO - [2025-05-07T19:37:24.466+0000] {dagbag.py:538} INFO - Filling up the DagBag from /home/airflow/.local/lib/python3.8/site-packages/airflow/example_dags/tutorial.py
[2025-05-07T19:37:24.473+0000] {processor.py:840} INFO - DAG(s) 'tutorial' retrieved from /home/airflow/.local/lib/python3.8/site-packages/airflow/example_dags/tutorial.py
[2025-05-07T19:37:24.494+0000] {logging_mixin.py:188} INFO - [2025-05-07T19:37:24.494+0000] {dag.py:3036} INFO - Sync 1 DAGs
[2025-05-07T19:37:24.518+0000] {logging_mixin.py:188} INFO - [2025-05-07T19:37:24.518+0000] {dag.py:3823} INFO - Setting next_dagrun for tutorial to 2025-05-06 00:00:00+00:00, run_after=2025-05-07 00:00:00+00:00
[2025-05-07T19:37:24.540+0000] {processor.py:183} INFO - Processing /home/airflow/.local/lib/python3.8/site-packages/airflow/example_dags/tutorial.py took 0.081 seconds
[2025-05-07T19:37:54.667+0000] {processor.py:161} INFO - Started process (PID=606) to work on /home/airflow/.local/lib/python3.8/site-packages/airflow/example_dags/tutorial.py
[2025-05-07T19:37:54.670+0000] {processor.py:830} INFO - Processing file /home/airflow/.local/lib/python3.8/site-packages/airflow/example_dags/tutorial.py for tasks to queue
[2025-05-07T19:37:54.674+0000] {logging_mixin.py:188} INFO - [2025-05-07T19:37:54.674+0000] {dagbag.py:538} INFO - Filling up the DagBag from /home/airflow/.local/lib/python3.8/site-packages/airflow/example_dags/tutorial.py
[2025-05-07T19:37:54.684+0000] {processor.py:840} INFO - DAG(s) 'tutorial' retrieved from /home/airflow/.local/lib/python3.8/site-packages/airflow/example_dags/tutorial.py
[2025-05-07T19:37:54.715+0000] {logging_mixin.py:188} INFO - [2025-05-07T19:37:54.715+0000] {dag.py:3036} INFO - Sync 1 DAGs
[2025-05-07T19:37:54.739+0000] {logging_mixin.py:188} INFO - [2025-05-07T19:37:54.739+0000] {dag.py:3823} INFO - Setting next_dagrun for tutorial to 2025-05-06 00:00:00+00:00, run_after=2025-05-07 00:00:00+00:00
[2025-05-07T19:37:54.760+0000] {processor.py:183} INFO - Processing /home/airflow/.local/lib/python3.8/site-packages/airflow/example_dags/tutorial.py took 0.100 seconds
[2025-05-07T19:38:25.442+0000] {processor.py:161} INFO - Started process (PID=663) to work on /home/airflow/.local/lib/python3.8/site-packages/airflow/example_dags/tutorial.py
[2025-05-07T19:38:25.446+0000] {processor.py:830} INFO - Processing file /home/airflow/.local/lib/python3.8/site-packages/airflow/example_dags/tutorial.py for tasks to queue
[2025-05-07T19:38:25.449+0000] {logging_mixin.py:188} INFO - [2025-05-07T19:38:25.448+0000] {dagbag.py:538} INFO - Filling up the DagBag from /home/airflow/.local/lib/python3.8/site-packages/airflow/example_dags/tutorial.py
[2025-05-07T19:38:25.456+0000] {processor.py:840} INFO - DAG(s) 'tutorial' retrieved from /home/airflow/.local/lib/python3.8/site-packages/airflow/example_dags/tutorial.py
[2025-05-07T19:38:25.478+0000] {logging_mixin.py:188} INFO - [2025-05-07T19:38:25.478+0000] {dag.py:3036} INFO - Sync 1 DAGs
[2025-05-07T19:38:25.499+0000] {logging_mixin.py:188} INFO - [2025-05-07T19:38:25.499+0000] {dag.py:3823} INFO - Setting next_dagrun for tutorial to 2025-05-06 00:00:00+00:00, run_after=2025-05-07 00:00:00+00:00
[2025-05-07T19:38:25.522+0000] {processor.py:183} INFO - Processing /home/airflow/.local/lib/python3.8/site-packages/airflow/example_dags/tutorial.py took 0.083 seconds
[2025-05-07T19:38:55.912+0000] {processor.py:161} INFO - Started process (PID=720) to work on /home/airflow/.local/lib/python3.8/site-packages/airflow/example_dags/tutorial.py
[2025-05-07T19:38:55.914+0000] {processor.py:830} INFO - Processing file /home/airflow/.local/lib/python3.8/site-packages/airflow/example_dags/tutorial.py for tasks to queue
[2025-05-07T19:38:55.916+0000] {logging_mixin.py:188} INFO - [2025-05-07T19:38:55.915+0000] {dagbag.py:538} INFO - Filling up the DagBag from /home/airflow/.local/lib/python3.8/site-packages/airflow/example_dags/tutorial.py
[2025-05-07T19:38:55.922+0000] {processor.py:840} INFO - DAG(s) 'tutorial' retrieved from /home/airflow/.local/lib/python3.8/site-packages/airflow/example_dags/tutorial.py
[2025-05-07T19:38:55.945+0000] {logging_mixin.py:188} INFO - [2025-05-07T19:38:55.945+0000] {dag.py:3036} INFO - Sync 1 DAGs
[2025-05-07T19:38:55.966+0000] {logging_mixin.py:188} INFO - [2025-05-07T19:38:55.966+0000] {dag.py:3823} INFO - Setting next_dagrun for tutorial to 2025-05-06 00:00:00+00:00, run_after=2025-05-07 00:00:00+00:00
[2025-05-07T19:38:55.986+0000] {processor.py:183} INFO - Processing /home/airflow/.local/lib/python3.8/site-packages/airflow/example_dags/tutorial.py took 0.077 seconds
[2025-05-07T19:39:26.544+0000] {processor.py:161} INFO - Started process (PID=777) to work on /home/airflow/.local/lib/python3.8/site-packages/airflow/example_dags/tutorial.py
[2025-05-07T19:39:26.546+0000] {processor.py:830} INFO - Processing file /home/airflow/.local/lib/python3.8/site-packages/airflow/example_dags/tutorial.py for tasks to queue
[2025-05-07T19:39:26.551+0000] {logging_mixin.py:188} INFO - [2025-05-07T19:39:26.549+0000] {dagbag.py:538} INFO - Filling up the DagBag from /home/airflow/.local/lib/python3.8/site-packages/airflow/example_dags/tutorial.py
[2025-05-07T19:39:26.560+0000] {processor.py:840} INFO - DAG(s) 'tutorial' retrieved from /home/airflow/.local/lib/python3.8/site-packages/airflow/example_dags/tutorial.py
[2025-05-07T19:39:26.584+0000] {logging_mixin.py:188} INFO - [2025-05-07T19:39:26.584+0000] {dag.py:3036} INFO - Sync 1 DAGs
[2025-05-07T19:39:26.609+0000] {logging_mixin.py:188} INFO - [2025-05-07T19:39:26.609+0000] {dag.py:3823} INFO - Setting next_dagrun for tutorial to 2025-05-06 00:00:00+00:00, run_after=2025-05-07 00:00:00+00:00
[2025-05-07T19:39:26.633+0000] {processor.py:183} INFO - Processing /home/airflow/.local/lib/python3.8/site-packages/airflow/example_dags/tutorial.py took 0.092 seconds
[2025-05-07T19:39:56.974+0000] {processor.py:161} INFO - Started process (PID=834) to work on /home/airflow/.local/lib/python3.8/site-packages/airflow/example_dags/tutorial.py
[2025-05-07T19:39:56.975+0000] {processor.py:830} INFO - Processing file /home/airflow/.local/lib/python3.8/site-packages/airflow/example_dags/tutorial.py for tasks to queue
[2025-05-07T19:39:56.977+0000] {logging_mixin.py:188} INFO - [2025-05-07T19:39:56.977+0000] {dagbag.py:538} INFO - Filling up the DagBag from /home/airflow/.local/lib/python3.8/site-packages/airflow/example_dags/tutorial.py
[2025-05-07T19:39:56.983+0000] {processor.py:840} INFO - DAG(s) 'tutorial' retrieved from /home/airflow/.local/lib/python3.8/site-packages/airflow/example_dags/tutorial.py
[2025-05-07T19:39:57.003+0000] {logging_mixin.py:188} INFO - [2025-05-07T19:39:57.002+0000] {dag.py:3036} INFO - Sync 1 DAGs
[2025-05-07T19:39:57.026+0000] {logging_mixin.py:188} INFO - [2025-05-07T19:39:57.026+0000] {dag.py:3823} INFO - Setting next_dagrun for tutorial to 2025-05-06 00:00:00+00:00, run_after=2025-05-07 00:00:00+00:00
[2025-05-07T19:39:57.048+0000] {processor.py:183} INFO - Processing /home/airflow/.local/lib/python3.8/site-packages/airflow/example_dags/tutorial.py took 0.077 seconds
[2025-05-07T19:40:27.963+0000] {processor.py:161} INFO - Started process (PID=891) to work on /home/airflow/.local/lib/python3.8/site-packages/airflow/example_dags/tutorial.py
[2025-05-07T19:40:27.965+0000] {processor.py:830} INFO - Processing file /home/airflow/.local/lib/python3.8/site-packages/airflow/example_dags/tutorial.py for tasks to queue
[2025-05-07T19:40:27.967+0000] {logging_mixin.py:188} INFO - [2025-05-07T19:40:27.967+0000] {dagbag.py:538} INFO - Filling up the DagBag from /home/airflow/.local/lib/python3.8/site-packages/airflow/example_dags/tutorial.py
[2025-05-07T19:40:27.974+0000] {processor.py:840} INFO - DAG(s) 'tutorial' retrieved from /home/airflow/.local/lib/python3.8/site-packages/airflow/example_dags/tutorial.py
[2025-05-07T19:40:27.999+0000] {logging_mixin.py:188} INFO - [2025-05-07T19:40:27.999+0000] {dag.py:3036} INFO - Sync 1 DAGs
[2025-05-07T19:40:28.027+0000] {logging_mixin.py:188} INFO - [2025-05-07T19:40:28.027+0000] {dag.py:3823} INFO - Setting next_dagrun for tutorial to 2025-05-06 00:00:00+00:00, run_after=2025-05-07 00:00:00+00:00
[2025-05-07T19:40:28.067+0000] {processor.py:183} INFO - Processing /home/airflow/.local/lib/python3.8/site-packages/airflow/example_dags/tutorial.py took 0.108 seconds
[2025-05-07T19:40:58.344+0000] {processor.py:161} INFO - Started process (PID=948) to work on /home/airflow/.local/lib/python3.8/site-packages/airflow/example_dags/tutorial.py
[2025-05-07T19:40:58.345+0000] {processor.py:830} INFO - Processing file /home/airflow/.local/lib/python3.8/site-packages/airflow/example_dags/tutorial.py for tasks to queue
[2025-05-07T19:40:58.347+0000] {logging_mixin.py:188} INFO - [2025-05-07T19:40:58.347+0000] {dagbag.py:538} INFO - Filling up the DagBag from /home/airflow/.local/lib/python3.8/site-packages/airflow/example_dags/tutorial.py
[2025-05-07T19:40:58.353+0000] {processor.py:840} INFO - DAG(s) 'tutorial' retrieved from /home/airflow/.local/lib/python3.8/site-packages/airflow/example_dags/tutorial.py
[2025-05-07T19:40:58.379+0000] {logging_mixin.py:188} INFO - [2025-05-07T19:40:58.379+0000] {dag.py:3036} INFO - Sync 1 DAGs
[2025-05-07T19:40:58.407+0000] {logging_mixin.py:188} INFO - [2025-05-07T19:40:58.406+0000] {dag.py:3823} INFO - Setting next_dagrun for tutorial to 2025-05-06 00:00:00+00:00, run_after=2025-05-07 00:00:00+00:00
[2025-05-07T19:40:58.433+0000] {processor.py:183} INFO - Processing /home/airflow/.local/lib/python3.8/site-packages/airflow/example_dags/tutorial.py took 0.093 seconds
[2025-05-07T19:41:28.812+0000] {processor.py:161} INFO - Started process (PID=1005) to work on /home/airflow/.local/lib/python3.8/site-packages/airflow/example_dags/tutorial.py
[2025-05-07T19:41:28.815+0000] {processor.py:830} INFO - Processing file /home/airflow/.local/lib/python3.8/site-packages/airflow/example_dags/tutorial.py for tasks to queue
[2025-05-07T19:41:28.817+0000] {logging_mixin.py:188} INFO - [2025-05-07T19:41:28.817+0000] {dagbag.py:538} INFO - Filling up the DagBag from /home/airflow/.local/lib/python3.8/site-packages/airflow/example_dags/tutorial.py
[2025-05-07T19:41:28.824+0000] {processor.py:840} INFO - DAG(s) 'tutorial' retrieved from /home/airflow/.local/lib/python3.8/site-packages/airflow/example_dags/tutorial.py
[2025-05-07T19:41:28.847+0000] {logging_mixin.py:188} INFO - [2025-05-07T19:41:28.847+0000] {dag.py:3036} INFO - Sync 1 DAGs
[2025-05-07T19:41:28.881+0000] {logging_mixin.py:188} INFO - [2025-05-07T19:41:28.881+0000] {dag.py:3823} INFO - Setting next_dagrun for tutorial to 2025-05-06 00:00:00+00:00, run_after=2025-05-07 00:00:00+00:00
[2025-05-07T19:41:28.907+0000] {processor.py:183} INFO - Processing /home/airflow/.local/lib/python3.8/site-packages/airflow/example_dags/tutorial.py took 0.098 seconds
[2025-05-07T19:41:59.135+0000] {processor.py:161} INFO - Started process (PID=1062) to work on /home/airflow/.local/lib/python3.8/site-packages/airflow/example_dags/tutorial.py
[2025-05-07T19:41:59.138+0000] {processor.py:830} INFO - Processing file /home/airflow/.local/lib/python3.8/site-packages/airflow/example_dags/tutorial.py for tasks to queue
[2025-05-07T19:41:59.145+0000] {logging_mixin.py:188} INFO - [2025-05-07T19:41:59.144+0000] {dagbag.py:538} INFO - Filling up the DagBag from /home/airflow/.local/lib/python3.8/site-packages/airflow/example_dags/tutorial.py
[2025-05-07T19:41:59.156+0000] {processor.py:840} INFO - DAG(s) 'tutorial' retrieved from /home/airflow/.local/lib/python3.8/site-packages/airflow/example_dags/tutorial.py
[2025-05-07T19:41:59.180+0000] {logging_mixin.py:188} INFO - [2025-05-07T19:41:59.180+0000] {dag.py:3036} INFO - Sync 1 DAGs
[2025-05-07T19:41:59.203+0000] {logging_mixin.py:188} INFO - [2025-05-07T19:41:59.203+0000] {dag.py:3823} INFO - Setting next_dagrun for tutorial to 2025-05-06 00:00:00+00:00, run_after=2025-05-07 00:00:00+00:00
[2025-05-07T19:41:59.224+0000] {processor.py:183} INFO - Processing /home/airflow/.local/lib/python3.8/site-packages/airflow/example_dags/tutorial.py took 0.094 seconds
[2025-05-07T19:42:29.606+0000] {processor.py:161} INFO - Started process (PID=1119) to work on /home/airflow/.local/lib/python3.8/site-packages/airflow/example_dags/tutorial.py
[2025-05-07T19:42:29.607+0000] {processor.py:830} INFO - Processing file /home/airflow/.local/lib/python3.8/site-packages/airflow/example_dags/tutorial.py for tasks to queue
[2025-05-07T19:42:29.609+0000] {logging_mixin.py:188} INFO - [2025-05-07T19:42:29.609+0000] {dagbag.py:538} INFO - Filling up the DagBag from /home/airflow/.local/lib/python3.8/site-packages/airflow/example_dags/tutorial.py
[2025-05-07T19:42:29.615+0000] {processor.py:840} INFO - DAG(s) 'tutorial' retrieved from /home/airflow/.local/lib/python3.8/site-packages/airflow/example_dags/tutorial.py
[2025-05-07T19:42:29.637+0000] {logging_mixin.py:188} INFO - [2025-05-07T19:42:29.637+0000] {dag.py:3036} INFO - Sync 1 DAGs
[2025-05-07T19:42:29.663+0000] {logging_mixin.py:188} INFO - [2025-05-07T19:42:29.662+0000] {dag.py:3823} INFO - Setting next_dagrun for tutorial to 2025-05-06 00:00:00+00:00, run_after=2025-05-07 00:00:00+00:00
[2025-05-07T19:42:29.685+0000] {processor.py:183} INFO - Processing /home/airflow/.local/lib/python3.8/site-packages/airflow/example_dags/tutorial.py took 0.083 seconds
[2025-05-07T19:43:00.441+0000] {processor.py:161} INFO - Started process (PID=1176) to work on /home/airflow/.local/lib/python3.8/site-packages/airflow/example_dags/tutorial.py
[2025-05-07T19:43:00.442+0000] {processor.py:830} INFO - Processing file /home/airflow/.local/lib/python3.8/site-packages/airflow/example_dags/tutorial.py for tasks to queue
[2025-05-07T19:43:00.445+0000] {logging_mixin.py:188} INFO - [2025-05-07T19:43:00.444+0000] {dagbag.py:538} INFO - Filling up the DagBag from /home/airflow/.local/lib/python3.8/site-packages/airflow/example_dags/tutorial.py
[2025-05-07T19:43:00.455+0000] {processor.py:840} INFO - DAG(s) 'tutorial' retrieved from /home/airflow/.local/lib/python3.8/site-packages/airflow/example_dags/tutorial.py
[2025-05-07T19:43:00.487+0000] {logging_mixin.py:188} INFO - [2025-05-07T19:43:00.487+0000] {dag.py:3036} INFO - Sync 1 DAGs
[2025-05-07T19:43:00.517+0000] {logging_mixin.py:188} INFO - [2025-05-07T19:43:00.517+0000] {dag.py:3823} INFO - Setting next_dagrun for tutorial to 2025-05-06 00:00:00+00:00, run_after=2025-05-07 00:00:00+00:00
[2025-05-07T19:43:00.546+0000] {processor.py:183} INFO - Processing /home/airflow/.local/lib/python3.8/site-packages/airflow/example_dags/tutorial.py took 0.108 seconds
[2025-05-07T19:43:31.581+0000] {processor.py:161} INFO - Started process (PID=1233) to work on /home/airflow/.local/lib/python3.8/site-packages/airflow/example_dags/tutorial.py
[2025-05-07T19:43:31.582+0000] {processor.py:830} INFO - Processing file /home/airflow/.local/lib/python3.8/site-packages/airflow/example_dags/tutorial.py for tasks to queue
[2025-05-07T19:43:31.584+0000] {logging_mixin.py:188} INFO - [2025-05-07T19:43:31.584+0000] {dagbag.py:538} INFO - Filling up the DagBag from /home/airflow/.local/lib/python3.8/site-packages/airflow/example_dags/tutorial.py
[2025-05-07T19:43:31.590+0000] {processor.py:840} INFO - DAG(s) 'tutorial' retrieved from /home/airflow/.local/lib/python3.8/site-packages/airflow/example_dags/tutorial.py
[2025-05-07T19:43:31.610+0000] {logging_mixin.py:188} INFO - [2025-05-07T19:43:31.609+0000] {dag.py:3036} INFO - Sync 1 DAGs
[2025-05-07T19:43:31.632+0000] {logging_mixin.py:188} INFO - [2025-05-07T19:43:31.631+0000] {dag.py:3823} INFO - Setting next_dagrun for tutorial to 2025-05-06 00:00:00+00:00, run_after=2025-05-07 00:00:00+00:00
[2025-05-07T19:43:31.651+0000] {processor.py:183} INFO - Processing /home/airflow/.local/lib/python3.8/site-packages/airflow/example_dags/tutorial.py took 0.074 seconds
[2025-05-07T19:44:01.813+0000] {processor.py:161} INFO - Started process (PID=1290) to work on /home/airflow/.local/lib/python3.8/site-packages/airflow/example_dags/tutorial.py
[2025-05-07T19:44:01.814+0000] {processor.py:830} INFO - Processing file /home/airflow/.local/lib/python3.8/site-packages/airflow/example_dags/tutorial.py for tasks to queue
[2025-05-07T19:44:01.817+0000] {logging_mixin.py:188} INFO - [2025-05-07T19:44:01.816+0000] {dagbag.py:538} INFO - Filling up the DagBag from /home/airflow/.local/lib/python3.8/site-packages/airflow/example_dags/tutorial.py
[2025-05-07T19:44:01.823+0000] {processor.py:840} INFO - DAG(s) 'tutorial' retrieved from /home/airflow/.local/lib/python3.8/site-packages/airflow/example_dags/tutorial.py
[2025-05-07T19:44:01.844+0000] {logging_mixin.py:188} INFO - [2025-05-07T19:44:01.843+0000] {dag.py:3036} INFO - Sync 1 DAGs
[2025-05-07T19:44:01.865+0000] {logging_mixin.py:188} INFO - [2025-05-07T19:44:01.865+0000] {dag.py:3823} INFO - Setting next_dagrun for tutorial to 2025-05-06 00:00:00+00:00, run_after=2025-05-07 00:00:00+00:00
[2025-05-07T19:44:01.885+0000] {processor.py:183} INFO - Processing /home/airflow/.local/lib/python3.8/site-packages/airflow/example_dags/tutorial.py took 0.076 seconds
[2025-05-07T19:44:32.121+0000] {processor.py:161} INFO - Started process (PID=1347) to work on /home/airflow/.local/lib/python3.8/site-packages/airflow/example_dags/tutorial.py
[2025-05-07T19:44:32.123+0000] {processor.py:830} INFO - Processing file /home/airflow/.local/lib/python3.8/site-packages/airflow/example_dags/tutorial.py for tasks to queue
[2025-05-07T19:44:32.125+0000] {logging_mixin.py:188} INFO - [2025-05-07T19:44:32.125+0000] {dagbag.py:538} INFO - Filling up the DagBag from /home/airflow/.local/lib/python3.8/site-packages/airflow/example_dags/tutorial.py
[2025-05-07T19:44:32.131+0000] {processor.py:840} INFO - DAG(s) 'tutorial' retrieved from /home/airflow/.local/lib/python3.8/site-packages/airflow/example_dags/tutorial.py
[2025-05-07T19:44:32.151+0000] {logging_mixin.py:188} INFO - [2025-05-07T19:44:32.151+0000] {dag.py:3036} INFO - Sync 1 DAGs
[2025-05-07T19:44:32.172+0000] {logging_mixin.py:188} INFO - [2025-05-07T19:44:32.172+0000] {dag.py:3823} INFO - Setting next_dagrun for tutorial to 2025-05-06 00:00:00+00:00, run_after=2025-05-07 00:00:00+00:00
[2025-05-07T19:44:32.195+0000] {processor.py:183} INFO - Processing /home/airflow/.local/lib/python3.8/site-packages/airflow/example_dags/tutorial.py took 0.077 seconds
[2025-05-07T19:45:02.783+0000] {processor.py:161} INFO - Started process (PID=1404) to work on /home/airflow/.local/lib/python3.8/site-packages/airflow/example_dags/tutorial.py
[2025-05-07T19:45:02.785+0000] {processor.py:830} INFO - Processing file /home/airflow/.local/lib/python3.8/site-packages/airflow/example_dags/tutorial.py for tasks to queue
[2025-05-07T19:45:02.787+0000] {logging_mixin.py:188} INFO - [2025-05-07T19:45:02.787+0000] {dagbag.py:538} INFO - Filling up the DagBag from /home/airflow/.local/lib/python3.8/site-packages/airflow/example_dags/tutorial.py
[2025-05-07T19:45:02.795+0000] {processor.py:840} INFO - DAG(s) 'tutorial' retrieved from /home/airflow/.local/lib/python3.8/site-packages/airflow/example_dags/tutorial.py
[2025-05-07T19:45:02.817+0000] {logging_mixin.py:188} INFO - [2025-05-07T19:45:02.816+0000] {dag.py:3036} INFO - Sync 1 DAGs
[2025-05-07T19:45:02.841+0000] {logging_mixin.py:188} INFO - [2025-05-07T19:45:02.841+0000] {dag.py:3823} INFO - Setting next_dagrun for tutorial to 2025-05-06 00:00:00+00:00, run_after=2025-05-07 00:00:00+00:00
[2025-05-07T19:45:02.867+0000] {processor.py:183} INFO - Processing /home/airflow/.local/lib/python3.8/site-packages/airflow/example_dags/tutorial.py took 0.087 seconds
[2025-05-07T19:45:33.446+0000] {processor.py:161} INFO - Started process (PID=1461) to work on /home/airflow/.local/lib/python3.8/site-packages/airflow/example_dags/tutorial.py
[2025-05-07T19:45:33.448+0000] {processor.py:830} INFO - Processing file /home/airflow/.local/lib/python3.8/site-packages/airflow/example_dags/tutorial.py for tasks to queue
[2025-05-07T19:45:33.450+0000] {logging_mixin.py:188} INFO - [2025-05-07T19:45:33.450+0000] {dagbag.py:538} INFO - Filling up the DagBag from /home/airflow/.local/lib/python3.8/site-packages/airflow/example_dags/tutorial.py
[2025-05-07T19:45:33.457+0000] {processor.py:840} INFO - DAG(s) 'tutorial' retrieved from /home/airflow/.local/lib/python3.8/site-packages/airflow/example_dags/tutorial.py
[2025-05-07T19:45:33.478+0000] {logging_mixin.py:188} INFO - [2025-05-07T19:45:33.478+0000] {dag.py:3036} INFO - Sync 1 DAGs
[2025-05-07T19:45:33.501+0000] {logging_mixin.py:188} INFO - [2025-05-07T19:45:33.500+0000] {dag.py:3823} INFO - Setting next_dagrun for tutorial to 2025-05-06 00:00:00+00:00, run_after=2025-05-07 00:00:00+00:00
[2025-05-07T19:45:33.528+0000] {processor.py:183} INFO - Processing /home/airflow/.local/lib/python3.8/site-packages/airflow/example_dags/tutorial.py took 0.085 seconds
[2025-05-07T19:46:04.018+0000] {processor.py:161} INFO - Started process (PID=1518) to work on /home/airflow/.local/lib/python3.8/site-packages/airflow/example_dags/tutorial.py
[2025-05-07T19:46:04.020+0000] {processor.py:830} INFO - Processing file /home/airflow/.local/lib/python3.8/site-packages/airflow/example_dags/tutorial.py for tasks to queue
[2025-05-07T19:46:04.022+0000] {logging_mixin.py:188} INFO - [2025-05-07T19:46:04.021+0000] {dagbag.py:538} INFO - Filling up the DagBag from /home/airflow/.local/lib/python3.8/site-packages/airflow/example_dags/tutorial.py
[2025-05-07T19:46:04.030+0000] {processor.py:840} INFO - DAG(s) 'tutorial' retrieved from /home/airflow/.local/lib/python3.8/site-packages/airflow/example_dags/tutorial.py
[2025-05-07T19:46:04.053+0000] {logging_mixin.py:188} INFO - [2025-05-07T19:46:04.052+0000] {dag.py:3036} INFO - Sync 1 DAGs
[2025-05-07T19:46:04.077+0000] {logging_mixin.py:188} INFO - [2025-05-07T19:46:04.077+0000] {dag.py:3823} INFO - Setting next_dagrun for tutorial to 2025-05-06 00:00:00+00:00, run_after=2025-05-07 00:00:00+00:00
[2025-05-07T19:46:04.099+0000] {processor.py:183} INFO - Processing /home/airflow/.local/lib/python3.8/site-packages/airflow/example_dags/tutorial.py took 0.085 seconds
[2025-05-07T19:46:34.252+0000] {processor.py:161} INFO - Started process (PID=1575) to work on /home/airflow/.local/lib/python3.8/site-packages/airflow/example_dags/tutorial.py
[2025-05-07T19:46:34.253+0000] {processor.py:830} INFO - Processing file /home/airflow/.local/lib/python3.8/site-packages/airflow/example_dags/tutorial.py for tasks to queue
[2025-05-07T19:46:34.255+0000] {logging_mixin.py:188} INFO - [2025-05-07T19:46:34.254+0000] {dagbag.py:538} INFO - Filling up the DagBag from /home/airflow/.local/lib/python3.8/site-packages/airflow/example_dags/tutorial.py
[2025-05-07T19:46:34.261+0000] {processor.py:840} INFO - DAG(s) 'tutorial' retrieved from /home/airflow/.local/lib/python3.8/site-packages/airflow/example_dags/tutorial.py
[2025-05-07T19:46:34.281+0000] {logging_mixin.py:188} INFO - [2025-05-07T19:46:34.280+0000] {dag.py:3036} INFO - Sync 1 DAGs
[2025-05-07T19:46:34.301+0000] {logging_mixin.py:188} INFO - [2025-05-07T19:46:34.301+0000] {dag.py:3823} INFO - Setting next_dagrun for tutorial to 2025-05-06 00:00:00+00:00, run_after=2025-05-07 00:00:00+00:00
[2025-05-07T19:46:34.320+0000] {processor.py:183} INFO - Processing /home/airflow/.local/lib/python3.8/site-packages/airflow/example_dags/tutorial.py took 0.071 seconds
[2025-05-07T19:47:05.398+0000] {processor.py:161} INFO - Started process (PID=1633) to work on /home/airflow/.local/lib/python3.8/site-packages/airflow/example_dags/tutorial.py
[2025-05-07T19:47:05.400+0000] {processor.py:830} INFO - Processing file /home/airflow/.local/lib/python3.8/site-packages/airflow/example_dags/tutorial.py for tasks to queue
[2025-05-07T19:47:05.402+0000] {logging_mixin.py:188} INFO - [2025-05-07T19:47:05.401+0000] {dagbag.py:538} INFO - Filling up the DagBag from /home/airflow/.local/lib/python3.8/site-packages/airflow/example_dags/tutorial.py
[2025-05-07T19:47:05.407+0000] {processor.py:840} INFO - DAG(s) 'tutorial' retrieved from /home/airflow/.local/lib/python3.8/site-packages/airflow/example_dags/tutorial.py
[2025-05-07T19:47:05.426+0000] {logging_mixin.py:188} INFO - [2025-05-07T19:47:05.426+0000] {dag.py:3036} INFO - Sync 1 DAGs
[2025-05-07T19:47:05.447+0000] {logging_mixin.py:188} INFO - [2025-05-07T19:47:05.446+0000] {dag.py:3823} INFO - Setting next_dagrun for tutorial to 2025-05-06 00:00:00+00:00, run_after=2025-05-07 00:00:00+00:00
[2025-05-07T19:47:05.468+0000] {processor.py:183} INFO - Processing /home/airflow/.local/lib/python3.8/site-packages/airflow/example_dags/tutorial.py took 0.072 seconds
[2025-05-07T19:47:36.352+0000] {processor.py:161} INFO - Started process (PID=1690) to work on /home/airflow/.local/lib/python3.8/site-packages/airflow/example_dags/tutorial.py
[2025-05-07T19:47:36.354+0000] {processor.py:830} INFO - Processing file /home/airflow/.local/lib/python3.8/site-packages/airflow/example_dags/tutorial.py for tasks to queue
[2025-05-07T19:47:36.357+0000] {logging_mixin.py:188} INFO - [2025-05-07T19:47:36.356+0000] {dagbag.py:538} INFO - Filling up the DagBag from /home/airflow/.local/lib/python3.8/site-packages/airflow/example_dags/tutorial.py
[2025-05-07T19:47:36.364+0000] {processor.py:840} INFO - DAG(s) 'tutorial' retrieved from /home/airflow/.local/lib/python3.8/site-packages/airflow/example_dags/tutorial.py
[2025-05-07T19:47:36.385+0000] {logging_mixin.py:188} INFO - [2025-05-07T19:47:36.385+0000] {dag.py:3036} INFO - Sync 1 DAGs
[2025-05-07T19:47:36.407+0000] {logging_mixin.py:188} INFO - [2025-05-07T19:47:36.407+0000] {dag.py:3823} INFO - Setting next_dagrun for tutorial to 2025-05-06 00:00:00+00:00, run_after=2025-05-07 00:00:00+00:00
[2025-05-07T19:47:36.431+0000] {processor.py:183} INFO - Processing /home/airflow/.local/lib/python3.8/site-packages/airflow/example_dags/tutorial.py took 0.085 seconds
[2025-05-07T19:48:06.557+0000] {processor.py:161} INFO - Started process (PID=1747) to work on /home/airflow/.local/lib/python3.8/site-packages/airflow/example_dags/tutorial.py
[2025-05-07T19:48:06.559+0000] {processor.py:830} INFO - Processing file /home/airflow/.local/lib/python3.8/site-packages/airflow/example_dags/tutorial.py for tasks to queue
[2025-05-07T19:48:06.561+0000] {logging_mixin.py:188} INFO - [2025-05-07T19:48:06.561+0000] {dagbag.py:538} INFO - Filling up the DagBag from /home/airflow/.local/lib/python3.8/site-packages/airflow/example_dags/tutorial.py
[2025-05-07T19:48:06.568+0000] {processor.py:840} INFO - DAG(s) 'tutorial' retrieved from /home/airflow/.local/lib/python3.8/site-packages/airflow/example_dags/tutorial.py
[2025-05-07T19:48:06.591+0000] {logging_mixin.py:188} INFO - [2025-05-07T19:48:06.590+0000] {dag.py:3036} INFO - Sync 1 DAGs
[2025-05-07T19:48:06.615+0000] {logging_mixin.py:188} INFO - [2025-05-07T19:48:06.615+0000] {dag.py:3823} INFO - Setting next_dagrun for tutorial to 2025-05-06 00:00:00+00:00, run_after=2025-05-07 00:00:00+00:00
[2025-05-07T19:48:06.638+0000] {processor.py:183} INFO - Processing /home/airflow/.local/lib/python3.8/site-packages/airflow/example_dags/tutorial.py took 0.084 seconds
[2025-05-07T19:48:36.883+0000] {processor.py:161} INFO - Started process (PID=1804) to work on /home/airflow/.local/lib/python3.8/site-packages/airflow/example_dags/tutorial.py
[2025-05-07T19:48:36.885+0000] {processor.py:830} INFO - Processing file /home/airflow/.local/lib/python3.8/site-packages/airflow/example_dags/tutorial.py for tasks to queue
[2025-05-07T19:48:36.887+0000] {logging_mixin.py:188} INFO - [2025-05-07T19:48:36.887+0000] {dagbag.py:538} INFO - Filling up the DagBag from /home/airflow/.local/lib/python3.8/site-packages/airflow/example_dags/tutorial.py
[2025-05-07T19:48:36.893+0000] {processor.py:840} INFO - DAG(s) 'tutorial' retrieved from /home/airflow/.local/lib/python3.8/site-packages/airflow/example_dags/tutorial.py
[2025-05-07T19:48:36.915+0000] {logging_mixin.py:188} INFO - [2025-05-07T19:48:36.914+0000] {dag.py:3036} INFO - Sync 1 DAGs
[2025-05-07T19:48:36.936+0000] {logging_mixin.py:188} INFO - [2025-05-07T19:48:36.935+0000] {dag.py:3823} INFO - Setting next_dagrun for tutorial to 2025-05-06 00:00:00+00:00, run_after=2025-05-07 00:00:00+00:00
[2025-05-07T19:48:36.957+0000] {processor.py:183} INFO - Processing /home/airflow/.local/lib/python3.8/site-packages/airflow/example_dags/tutorial.py took 0.078 seconds
[2025-05-07T19:49:07.728+0000] {processor.py:161} INFO - Started process (PID=1860) to work on /home/airflow/.local/lib/python3.8/site-packages/airflow/example_dags/tutorial.py
[2025-05-07T19:49:07.729+0000] {processor.py:830} INFO - Processing file /home/airflow/.local/lib/python3.8/site-packages/airflow/example_dags/tutorial.py for tasks to queue
[2025-05-07T19:49:07.732+0000] {logging_mixin.py:188} INFO - [2025-05-07T19:49:07.731+0000] {dagbag.py:538} INFO - Filling up the DagBag from /home/airflow/.local/lib/python3.8/site-packages/airflow/example_dags/tutorial.py
[2025-05-07T19:49:07.739+0000] {processor.py:840} INFO - DAG(s) 'tutorial' retrieved from /home/airflow/.local/lib/python3.8/site-packages/airflow/example_dags/tutorial.py
[2025-05-07T19:49:07.760+0000] {logging_mixin.py:188} INFO - [2025-05-07T19:49:07.760+0000] {dag.py:3036} INFO - Sync 1 DAGs
[2025-05-07T19:49:07.784+0000] {logging_mixin.py:188} INFO - [2025-05-07T19:49:07.784+0000] {dag.py:3823} INFO - Setting next_dagrun for tutorial to 2025-05-06 00:00:00+00:00, run_after=2025-05-07 00:00:00+00:00
[2025-05-07T19:49:07.811+0000] {processor.py:183} INFO - Processing /home/airflow/.local/lib/python3.8/site-packages/airflow/example_dags/tutorial.py took 0.086 seconds
[2025-05-07T19:49:38.025+0000] {processor.py:161} INFO - Started process (PID=1917) to work on /home/airflow/.local/lib/python3.8/site-packages/airflow/example_dags/tutorial.py
[2025-05-07T19:49:38.026+0000] {processor.py:830} INFO - Processing file /home/airflow/.local/lib/python3.8/site-packages/airflow/example_dags/tutorial.py for tasks to queue
[2025-05-07T19:49:38.029+0000] {logging_mixin.py:188} INFO - [2025-05-07T19:49:38.028+0000] {dagbag.py:538} INFO - Filling up the DagBag from /home/airflow/.local/lib/python3.8/site-packages/airflow/example_dags/tutorial.py
[2025-05-07T19:49:38.034+0000] {processor.py:840} INFO - DAG(s) 'tutorial' retrieved from /home/airflow/.local/lib/python3.8/site-packages/airflow/example_dags/tutorial.py
[2025-05-07T19:49:38.054+0000] {logging_mixin.py:188} INFO - [2025-05-07T19:49:38.054+0000] {dag.py:3036} INFO - Sync 1 DAGs
[2025-05-07T19:49:38.076+0000] {logging_mixin.py:188} INFO - [2025-05-07T19:49:38.075+0000] {dag.py:3823} INFO - Setting next_dagrun for tutorial to 2025-05-06 00:00:00+00:00, run_after=2025-05-07 00:00:00+00:00
[2025-05-07T19:49:38.094+0000] {processor.py:183} INFO - Processing /home/airflow/.local/lib/python3.8/site-packages/airflow/example_dags/tutorial.py took 0.072 seconds
[2025-05-07T19:50:08.768+0000] {processor.py:161} INFO - Started process (PID=1974) to work on /home/airflow/.local/lib/python3.8/site-packages/airflow/example_dags/tutorial.py
[2025-05-07T19:50:08.770+0000] {processor.py:830} INFO - Processing file /home/airflow/.local/lib/python3.8/site-packages/airflow/example_dags/tutorial.py for tasks to queue
[2025-05-07T19:50:08.772+0000] {logging_mixin.py:188} INFO - [2025-05-07T19:50:08.771+0000] {dagbag.py:538} INFO - Filling up the DagBag from /home/airflow/.local/lib/python3.8/site-packages/airflow/example_dags/tutorial.py
[2025-05-07T19:50:08.778+0000] {processor.py:840} INFO - DAG(s) 'tutorial' retrieved from /home/airflow/.local/lib/python3.8/site-packages/airflow/example_dags/tutorial.py
[2025-05-07T19:50:08.798+0000] {logging_mixin.py:188} INFO - [2025-05-07T19:50:08.798+0000] {dag.py:3036} INFO - Sync 1 DAGs
[2025-05-07T19:50:08.831+0000] {logging_mixin.py:188} INFO - [2025-05-07T19:50:08.830+0000] {dag.py:3823} INFO - Setting next_dagrun for tutorial to 2025-05-06 00:00:00+00:00, run_after=2025-05-07 00:00:00+00:00
[2025-05-07T19:50:08.854+0000] {processor.py:183} INFO - Processing /home/airflow/.local/lib/python3.8/site-packages/airflow/example_dags/tutorial.py took 0.089 seconds
[2025-05-07T19:50:39.427+0000] {processor.py:161} INFO - Started process (PID=2031) to work on /home/airflow/.local/lib/python3.8/site-packages/airflow/example_dags/tutorial.py
[2025-05-07T19:50:39.429+0000] {processor.py:830} INFO - Processing file /home/airflow/.local/lib/python3.8/site-packages/airflow/example_dags/tutorial.py for tasks to queue
[2025-05-07T19:50:39.431+0000] {logging_mixin.py:188} INFO - [2025-05-07T19:50:39.430+0000] {dagbag.py:538} INFO - Filling up the DagBag from /home/airflow/.local/lib/python3.8/site-packages/airflow/example_dags/tutorial.py
[2025-05-07T19:50:39.437+0000] {processor.py:840} INFO - DAG(s) 'tutorial' retrieved from /home/airflow/.local/lib/python3.8/site-packages/airflow/example_dags/tutorial.py
[2025-05-07T19:50:39.458+0000] {logging_mixin.py:188} INFO - [2025-05-07T19:50:39.457+0000] {dag.py:3036} INFO - Sync 1 DAGs
[2025-05-07T19:50:39.480+0000] {logging_mixin.py:188} INFO - [2025-05-07T19:50:39.479+0000] {dag.py:3823} INFO - Setting next_dagrun for tutorial to 2025-05-06 00:00:00+00:00, run_after=2025-05-07 00:00:00+00:00
[2025-05-07T19:50:39.502+0000] {processor.py:183} INFO - Processing /home/airflow/.local/lib/python3.8/site-packages/airflow/example_dags/tutorial.py took 0.078 seconds
[2025-05-07T19:51:09.820+0000] {processor.py:161} INFO - Started process (PID=2088) to work on /home/airflow/.local/lib/python3.8/site-packages/airflow/example_dags/tutorial.py
[2025-05-07T19:51:09.821+0000] {processor.py:830} INFO - Processing file /home/airflow/.local/lib/python3.8/site-packages/airflow/example_dags/tutorial.py for tasks to queue
[2025-05-07T19:51:09.824+0000] {logging_mixin.py:188} INFO - [2025-05-07T19:51:09.824+0000] {dagbag.py:538} INFO - Filling up the DagBag from /home/airflow/.local/lib/python3.8/site-packages/airflow/example_dags/tutorial.py
[2025-05-07T19:51:09.831+0000] {processor.py:840} INFO - DAG(s) 'tutorial' retrieved from /home/airflow/.local/lib/python3.8/site-packages/airflow/example_dags/tutorial.py
[2025-05-07T19:51:09.852+0000] {logging_mixin.py:188} INFO - [2025-05-07T19:51:09.852+0000] {dag.py:3036} INFO - Sync 1 DAGs
[2025-05-07T19:51:09.874+0000] {logging_mixin.py:188} INFO - [2025-05-07T19:51:09.873+0000] {dag.py:3823} INFO - Setting next_dagrun for tutorial to 2025-05-06 00:00:00+00:00, run_after=2025-05-07 00:00:00+00:00
[2025-05-07T19:51:09.895+0000] {processor.py:183} INFO - Processing /home/airflow/.local/lib/python3.8/site-packages/airflow/example_dags/tutorial.py took 0.078 seconds
[2025-05-07T19:51:40.416+0000] {processor.py:161} INFO - Started process (PID=2145) to work on /home/airflow/.local/lib/python3.8/site-packages/airflow/example_dags/tutorial.py
[2025-05-07T19:51:40.417+0000] {processor.py:830} INFO - Processing file /home/airflow/.local/lib/python3.8/site-packages/airflow/example_dags/tutorial.py for tasks to queue
[2025-05-07T19:51:40.419+0000] {logging_mixin.py:188} INFO - [2025-05-07T19:51:40.419+0000] {dagbag.py:538} INFO - Filling up the DagBag from /home/airflow/.local/lib/python3.8/site-packages/airflow/example_dags/tutorial.py
[2025-05-07T19:51:40.425+0000] {processor.py:840} INFO - DAG(s) 'tutorial' retrieved from /home/airflow/.local/lib/python3.8/site-packages/airflow/example_dags/tutorial.py
[2025-05-07T19:51:40.446+0000] {logging_mixin.py:188} INFO - [2025-05-07T19:51:40.445+0000] {dag.py:3036} INFO - Sync 1 DAGs
[2025-05-07T19:51:40.468+0000] {logging_mixin.py:188} INFO - [2025-05-07T19:51:40.467+0000] {dag.py:3823} INFO - Setting next_dagrun for tutorial to 2025-05-06 00:00:00+00:00, run_after=2025-05-07 00:00:00+00:00
[2025-05-07T19:51:40.488+0000] {processor.py:183} INFO - Processing /home/airflow/.local/lib/python3.8/site-packages/airflow/example_dags/tutorial.py took 0.075 seconds
[2025-05-07T19:52:11.780+0000] {processor.py:161} INFO - Started process (PID=2202) to work on /home/airflow/.local/lib/python3.8/site-packages/airflow/example_dags/tutorial.py
[2025-05-07T19:52:11.785+0000] {processor.py:830} INFO - Processing file /home/airflow/.local/lib/python3.8/site-packages/airflow/example_dags/tutorial.py for tasks to queue
[2025-05-07T19:52:11.789+0000] {logging_mixin.py:188} INFO - [2025-05-07T19:52:11.789+0000] {dagbag.py:538} INFO - Filling up the DagBag from /home/airflow/.local/lib/python3.8/site-packages/airflow/example_dags/tutorial.py
[2025-05-07T19:52:11.796+0000] {processor.py:840} INFO - DAG(s) 'tutorial' retrieved from /home/airflow/.local/lib/python3.8/site-packages/airflow/example_dags/tutorial.py
[2025-05-07T19:52:11.816+0000] {logging_mixin.py:188} INFO - [2025-05-07T19:52:11.816+0000] {dag.py:3036} INFO - Sync 1 DAGs
[2025-05-07T19:52:11.837+0000] {logging_mixin.py:188} INFO - [2025-05-07T19:52:11.836+0000] {dag.py:3823} INFO - Setting next_dagrun for tutorial to 2025-05-06 00:00:00+00:00, run_after=2025-05-07 00:00:00+00:00
[2025-05-07T19:52:11.863+0000] {processor.py:183} INFO - Processing /home/airflow/.local/lib/python3.8/site-packages/airflow/example_dags/tutorial.py took 0.086 seconds
[2025-05-07T19:52:42.246+0000] {processor.py:161} INFO - Started process (PID=2259) to work on /home/airflow/.local/lib/python3.8/site-packages/airflow/example_dags/tutorial.py
[2025-05-07T19:52:42.248+0000] {processor.py:830} INFO - Processing file /home/airflow/.local/lib/python3.8/site-packages/airflow/example_dags/tutorial.py for tasks to queue
[2025-05-07T19:52:42.252+0000] {logging_mixin.py:188} INFO - [2025-05-07T19:52:42.252+0000] {dagbag.py:538} INFO - Filling up the DagBag from /home/airflow/.local/lib/python3.8/site-packages/airflow/example_dags/tutorial.py
[2025-05-07T19:52:42.266+0000] {processor.py:840} INFO - DAG(s) 'tutorial' retrieved from /home/airflow/.local/lib/python3.8/site-packages/airflow/example_dags/tutorial.py
[2025-05-07T19:52:42.290+0000] {logging_mixin.py:188} INFO - [2025-05-07T19:52:42.290+0000] {dag.py:3036} INFO - Sync 1 DAGs
[2025-05-07T19:52:42.312+0000] {logging_mixin.py:188} INFO - [2025-05-07T19:52:42.312+0000] {dag.py:3823} INFO - Setting next_dagrun for tutorial to 2025-05-06 00:00:00+00:00, run_after=2025-05-07 00:00:00+00:00
[2025-05-07T19:52:42.332+0000] {processor.py:183} INFO - Processing /home/airflow/.local/lib/python3.8/site-packages/airflow/example_dags/tutorial.py took 0.093 seconds
[2025-05-07T19:53:13.538+0000] {processor.py:161} INFO - Started process (PID=2316) to work on /home/airflow/.local/lib/python3.8/site-packages/airflow/example_dags/tutorial.py
[2025-05-07T19:53:13.540+0000] {processor.py:830} INFO - Processing file /home/airflow/.local/lib/python3.8/site-packages/airflow/example_dags/tutorial.py for tasks to queue
[2025-05-07T19:53:13.542+0000] {logging_mixin.py:188} INFO - [2025-05-07T19:53:13.542+0000] {dagbag.py:538} INFO - Filling up the DagBag from /home/airflow/.local/lib/python3.8/site-packages/airflow/example_dags/tutorial.py
[2025-05-07T19:53:13.552+0000] {processor.py:840} INFO - DAG(s) 'tutorial' retrieved from /home/airflow/.local/lib/python3.8/site-packages/airflow/example_dags/tutorial.py
[2025-05-07T19:53:13.578+0000] {logging_mixin.py:188} INFO - [2025-05-07T19:53:13.578+0000] {dag.py:3036} INFO - Sync 1 DAGs
[2025-05-07T19:53:13.733+0000] {logging_mixin.py:188} INFO - [2025-05-07T19:53:13.733+0000] {dag.py:3823} INFO - Setting next_dagrun for tutorial to 2025-05-06 00:00:00+00:00, run_after=2025-05-07 00:00:00+00:00
[2025-05-07T19:53:13.757+0000] {processor.py:183} INFO - Processing /home/airflow/.local/lib/python3.8/site-packages/airflow/example_dags/tutorial.py took 0.225 seconds
[2025-05-07T19:53:44.008+0000] {processor.py:161} INFO - Started process (PID=2373) to work on /home/airflow/.local/lib/python3.8/site-packages/airflow/example_dags/tutorial.py
[2025-05-07T19:53:44.009+0000] {processor.py:830} INFO - Processing file /home/airflow/.local/lib/python3.8/site-packages/airflow/example_dags/tutorial.py for tasks to queue
[2025-05-07T19:53:44.011+0000] {logging_mixin.py:188} INFO - [2025-05-07T19:53:44.011+0000] {dagbag.py:538} INFO - Filling up the DagBag from /home/airflow/.local/lib/python3.8/site-packages/airflow/example_dags/tutorial.py
[2025-05-07T19:53:44.017+0000] {processor.py:840} INFO - DAG(s) 'tutorial' retrieved from /home/airflow/.local/lib/python3.8/site-packages/airflow/example_dags/tutorial.py
[2025-05-07T19:53:44.039+0000] {logging_mixin.py:188} INFO - [2025-05-07T19:53:44.039+0000] {dag.py:3036} INFO - Sync 1 DAGs
[2025-05-07T19:53:44.062+0000] {logging_mixin.py:188} INFO - [2025-05-07T19:53:44.062+0000] {dag.py:3823} INFO - Setting next_dagrun for tutorial to 2025-05-06 00:00:00+00:00, run_after=2025-05-07 00:00:00+00:00
[2025-05-07T19:53:44.217+0000] {processor.py:183} INFO - Processing /home/airflow/.local/lib/python3.8/site-packages/airflow/example_dags/tutorial.py took 0.212 seconds
[2025-05-07T19:54:14.939+0000] {processor.py:161} INFO - Started process (PID=2430) to work on /home/airflow/.local/lib/python3.8/site-packages/airflow/example_dags/tutorial.py
[2025-05-07T19:54:14.941+0000] {processor.py:830} INFO - Processing file /home/airflow/.local/lib/python3.8/site-packages/airflow/example_dags/tutorial.py for tasks to queue
[2025-05-07T19:54:14.943+0000] {logging_mixin.py:188} INFO - [2025-05-07T19:54:14.942+0000] {dagbag.py:538} INFO - Filling up the DagBag from /home/airflow/.local/lib/python3.8/site-packages/airflow/example_dags/tutorial.py
[2025-05-07T19:54:14.948+0000] {processor.py:840} INFO - DAG(s) 'tutorial' retrieved from /home/airflow/.local/lib/python3.8/site-packages/airflow/example_dags/tutorial.py
[2025-05-07T19:54:14.971+0000] {logging_mixin.py:188} INFO - [2025-05-07T19:54:14.971+0000] {dag.py:3036} INFO - Sync 1 DAGs
[2025-05-07T19:54:14.993+0000] {logging_mixin.py:188} INFO - [2025-05-07T19:54:14.993+0000] {dag.py:3823} INFO - Setting next_dagrun for tutorial to 2025-05-06 00:00:00+00:00, run_after=2025-05-07 00:00:00+00:00
[2025-05-07T19:54:15.012+0000] {processor.py:183} INFO - Processing /home/airflow/.local/lib/python3.8/site-packages/airflow/example_dags/tutorial.py took 0.076 seconds
[2025-05-07T19:54:45.609+0000] {processor.py:161} INFO - Started process (PID=2487) to work on /home/airflow/.local/lib/python3.8/site-packages/airflow/example_dags/tutorial.py
[2025-05-07T19:54:45.611+0000] {processor.py:830} INFO - Processing file /home/airflow/.local/lib/python3.8/site-packages/airflow/example_dags/tutorial.py for tasks to queue
[2025-05-07T19:54:45.614+0000] {logging_mixin.py:188} INFO - [2025-05-07T19:54:45.613+0000] {dagbag.py:538} INFO - Filling up the DagBag from /home/airflow/.local/lib/python3.8/site-packages/airflow/example_dags/tutorial.py
[2025-05-07T19:54:45.621+0000] {processor.py:840} INFO - DAG(s) 'tutorial' retrieved from /home/airflow/.local/lib/python3.8/site-packages/airflow/example_dags/tutorial.py
[2025-05-07T19:54:45.646+0000] {logging_mixin.py:188} INFO - [2025-05-07T19:54:45.645+0000] {dag.py:3036} INFO - Sync 1 DAGs
[2025-05-07T19:54:45.673+0000] {logging_mixin.py:188} INFO - [2025-05-07T19:54:45.673+0000] {dag.py:3823} INFO - Setting next_dagrun for tutorial to 2025-05-06 00:00:00+00:00, run_after=2025-05-07 00:00:00+00:00
[2025-05-07T19:54:45.698+0000] {processor.py:183} INFO - Processing /home/airflow/.local/lib/python3.8/site-packages/airflow/example_dags/tutorial.py took 0.093 seconds
[2025-05-07T19:55:15.890+0000] {processor.py:161} INFO - Started process (PID=2544) to work on /home/airflow/.local/lib/python3.8/site-packages/airflow/example_dags/tutorial.py
[2025-05-07T19:55:15.892+0000] {processor.py:830} INFO - Processing file /home/airflow/.local/lib/python3.8/site-packages/airflow/example_dags/tutorial.py for tasks to queue
[2025-05-07T19:55:15.894+0000] {logging_mixin.py:188} INFO - [2025-05-07T19:55:15.894+0000] {dagbag.py:538} INFO - Filling up the DagBag from /home/airflow/.local/lib/python3.8/site-packages/airflow/example_dags/tutorial.py
[2025-05-07T19:55:15.901+0000] {processor.py:840} INFO - DAG(s) 'tutorial' retrieved from /home/airflow/.local/lib/python3.8/site-packages/airflow/example_dags/tutorial.py
[2025-05-07T19:55:15.925+0000] {logging_mixin.py:188} INFO - [2025-05-07T19:55:15.924+0000] {dag.py:3036} INFO - Sync 1 DAGs
[2025-05-07T19:55:15.952+0000] {logging_mixin.py:188} INFO - [2025-05-07T19:55:15.951+0000] {dag.py:3823} INFO - Setting next_dagrun for tutorial to 2025-05-06 00:00:00+00:00, run_after=2025-05-07 00:00:00+00:00
[2025-05-07T19:55:15.976+0000] {processor.py:183} INFO - Processing /home/airflow/.local/lib/python3.8/site-packages/airflow/example_dags/tutorial.py took 0.089 seconds
[2025-05-07T19:55:48.092+0000] {processor.py:161} INFO - Started process (PID=2601) to work on /home/airflow/.local/lib/python3.8/site-packages/airflow/example_dags/tutorial.py
[2025-05-07T19:55:48.095+0000] {processor.py:830} INFO - Processing file /home/airflow/.local/lib/python3.8/site-packages/airflow/example_dags/tutorial.py for tasks to queue
[2025-05-07T19:55:48.099+0000] {logging_mixin.py:188} INFO - [2025-05-07T19:55:48.098+0000] {dagbag.py:538} INFO - Filling up the DagBag from /home/airflow/.local/lib/python3.8/site-packages/airflow/example_dags/tutorial.py
[2025-05-07T19:55:48.115+0000] {processor.py:840} INFO - DAG(s) 'tutorial' retrieved from /home/airflow/.local/lib/python3.8/site-packages/airflow/example_dags/tutorial.py
[2025-05-07T19:55:48.267+0000] {logging_mixin.py:188} INFO - [2025-05-07T19:55:48.267+0000] {dag.py:3036} INFO - Sync 1 DAGs
[2025-05-07T19:55:48.293+0000] {logging_mixin.py:188} INFO - [2025-05-07T19:55:48.293+0000] {dag.py:3823} INFO - Setting next_dagrun for tutorial to 2025-05-06 00:00:00+00:00, run_after=2025-05-07 00:00:00+00:00
[2025-05-07T19:55:48.320+0000] {processor.py:183} INFO - Processing /home/airflow/.local/lib/python3.8/site-packages/airflow/example_dags/tutorial.py took 0.234 seconds
[2025-05-07T19:56:18.424+0000] {processor.py:161} INFO - Started process (PID=2658) to work on /home/airflow/.local/lib/python3.8/site-packages/airflow/example_dags/tutorial.py
[2025-05-07T19:56:18.426+0000] {processor.py:830} INFO - Processing file /home/airflow/.local/lib/python3.8/site-packages/airflow/example_dags/tutorial.py for tasks to queue
[2025-05-07T19:56:18.429+0000] {logging_mixin.py:188} INFO - [2025-05-07T19:56:18.428+0000] {dagbag.py:538} INFO - Filling up the DagBag from /home/airflow/.local/lib/python3.8/site-packages/airflow/example_dags/tutorial.py
[2025-05-07T19:56:18.434+0000] {processor.py:840} INFO - DAG(s) 'tutorial' retrieved from /home/airflow/.local/lib/python3.8/site-packages/airflow/example_dags/tutorial.py
[2025-05-07T19:56:18.495+0000] {logging_mixin.py:188} INFO - [2025-05-07T19:56:18.491+0000] {dag.py:3036} INFO - Sync 1 DAGs
[2025-05-07T19:56:18.634+0000] {logging_mixin.py:188} INFO - [2025-05-07T19:56:18.634+0000] {dag.py:3823} INFO - Setting next_dagrun for tutorial to 2025-05-06 00:00:00+00:00, run_after=2025-05-07 00:00:00+00:00
[2025-05-07T19:56:18.653+0000] {processor.py:183} INFO - Processing /home/airflow/.local/lib/python3.8/site-packages/airflow/example_dags/tutorial.py took 0.232 seconds
[2025-05-07T19:56:48.762+0000] {processor.py:161} INFO - Started process (PID=2715) to work on /home/airflow/.local/lib/python3.8/site-packages/airflow/example_dags/tutorial.py
[2025-05-07T19:56:48.763+0000] {processor.py:830} INFO - Processing file /home/airflow/.local/lib/python3.8/site-packages/airflow/example_dags/tutorial.py for tasks to queue
[2025-05-07T19:56:48.765+0000] {logging_mixin.py:188} INFO - [2025-05-07T19:56:48.765+0000] {dagbag.py:538} INFO - Filling up the DagBag from /home/airflow/.local/lib/python3.8/site-packages/airflow/example_dags/tutorial.py
[2025-05-07T19:56:48.771+0000] {processor.py:840} INFO - DAG(s) 'tutorial' retrieved from /home/airflow/.local/lib/python3.8/site-packages/airflow/example_dags/tutorial.py
[2025-05-07T19:56:48.791+0000] {logging_mixin.py:188} INFO - [2025-05-07T19:56:48.791+0000] {dag.py:3036} INFO - Sync 1 DAGs
[2025-05-07T19:56:48.813+0000] {logging_mixin.py:188} INFO - [2025-05-07T19:56:48.813+0000] {dag.py:3823} INFO - Setting next_dagrun for tutorial to 2025-05-06 00:00:00+00:00, run_after=2025-05-07 00:00:00+00:00
[2025-05-07T19:56:48.834+0000] {processor.py:183} INFO - Processing /home/airflow/.local/lib/python3.8/site-packages/airflow/example_dags/tutorial.py took 0.077 seconds
[2025-05-07T19:57:18.981+0000] {processor.py:161} INFO - Started process (PID=2772) to work on /home/airflow/.local/lib/python3.8/site-packages/airflow/example_dags/tutorial.py
[2025-05-07T19:57:18.983+0000] {processor.py:830} INFO - Processing file /home/airflow/.local/lib/python3.8/site-packages/airflow/example_dags/tutorial.py for tasks to queue
[2025-05-07T19:57:18.985+0000] {logging_mixin.py:188} INFO - [2025-05-07T19:57:18.985+0000] {dagbag.py:538} INFO - Filling up the DagBag from /home/airflow/.local/lib/python3.8/site-packages/airflow/example_dags/tutorial.py
[2025-05-07T19:57:18.991+0000] {processor.py:840} INFO - DAG(s) 'tutorial' retrieved from /home/airflow/.local/lib/python3.8/site-packages/airflow/example_dags/tutorial.py
[2025-05-07T19:57:19.029+0000] {logging_mixin.py:188} INFO - [2025-05-07T19:57:19.029+0000] {dag.py:3036} INFO - Sync 1 DAGs
[2025-05-07T19:57:19.060+0000] {logging_mixin.py:188} INFO - [2025-05-07T19:57:19.060+0000] {dag.py:3823} INFO - Setting next_dagrun for tutorial to 2025-05-06 00:00:00+00:00, run_after=2025-05-07 00:00:00+00:00
[2025-05-07T19:57:19.089+0000] {processor.py:183} INFO - Processing /home/airflow/.local/lib/python3.8/site-packages/airflow/example_dags/tutorial.py took 0.111 seconds
[2025-05-07T19:57:49.943+0000] {processor.py:161} INFO - Started process (PID=2835) to work on /home/airflow/.local/lib/python3.8/site-packages/airflow/example_dags/tutorial.py
[2025-05-07T19:57:49.944+0000] {processor.py:830} INFO - Processing file /home/airflow/.local/lib/python3.8/site-packages/airflow/example_dags/tutorial.py for tasks to queue
[2025-05-07T19:57:49.947+0000] {logging_mixin.py:188} INFO - [2025-05-07T19:57:49.946+0000] {dagbag.py:538} INFO - Filling up the DagBag from /home/airflow/.local/lib/python3.8/site-packages/airflow/example_dags/tutorial.py
[2025-05-07T19:57:49.953+0000] {processor.py:840} INFO - DAG(s) 'tutorial' retrieved from /home/airflow/.local/lib/python3.8/site-packages/airflow/example_dags/tutorial.py
[2025-05-07T19:57:49.974+0000] {logging_mixin.py:188} INFO - [2025-05-07T19:57:49.974+0000] {dag.py:3036} INFO - Sync 1 DAGs
[2025-05-07T19:57:49.996+0000] {logging_mixin.py:188} INFO - [2025-05-07T19:57:49.996+0000] {dag.py:3823} INFO - Setting next_dagrun for tutorial to 2025-05-06 00:00:00+00:00, run_after=2025-05-07 00:00:00+00:00
[2025-05-07T19:57:50.017+0000] {processor.py:183} INFO - Processing /home/airflow/.local/lib/python3.8/site-packages/airflow/example_dags/tutorial.py took 0.078 seconds
[2025-05-07T19:58:20.792+0000] {processor.py:161} INFO - Started process (PID=2892) to work on /home/airflow/.local/lib/python3.8/site-packages/airflow/example_dags/tutorial.py
[2025-05-07T19:58:20.793+0000] {processor.py:830} INFO - Processing file /home/airflow/.local/lib/python3.8/site-packages/airflow/example_dags/tutorial.py for tasks to queue
[2025-05-07T19:58:20.796+0000] {logging_mixin.py:188} INFO - [2025-05-07T19:58:20.795+0000] {dagbag.py:538} INFO - Filling up the DagBag from /home/airflow/.local/lib/python3.8/site-packages/airflow/example_dags/tutorial.py
[2025-05-07T19:58:20.803+0000] {processor.py:840} INFO - DAG(s) 'tutorial' retrieved from /home/airflow/.local/lib/python3.8/site-packages/airflow/example_dags/tutorial.py
[2025-05-07T19:58:20.825+0000] {logging_mixin.py:188} INFO - [2025-05-07T19:58:20.825+0000] {dag.py:3036} INFO - Sync 1 DAGs
[2025-05-07T19:58:20.848+0000] {logging_mixin.py:188} INFO - [2025-05-07T19:58:20.848+0000] {dag.py:3823} INFO - Setting next_dagrun for tutorial to 2025-05-06 00:00:00+00:00, run_after=2025-05-07 00:00:00+00:00
[2025-05-07T19:58:20.868+0000] {processor.py:183} INFO - Processing /home/airflow/.local/lib/python3.8/site-packages/airflow/example_dags/tutorial.py took 0.079 seconds
[2025-05-07T19:58:51.087+0000] {processor.py:161} INFO - Started process (PID=2949) to work on /home/airflow/.local/lib/python3.8/site-packages/airflow/example_dags/tutorial.py
[2025-05-07T19:58:51.088+0000] {processor.py:830} INFO - Processing file /home/airflow/.local/lib/python3.8/site-packages/airflow/example_dags/tutorial.py for tasks to queue
[2025-05-07T19:58:51.092+0000] {logging_mixin.py:188} INFO - [2025-05-07T19:58:51.091+0000] {dagbag.py:538} INFO - Filling up the DagBag from /home/airflow/.local/lib/python3.8/site-packages/airflow/example_dags/tutorial.py
[2025-05-07T19:58:51.100+0000] {processor.py:840} INFO - DAG(s) 'tutorial' retrieved from /home/airflow/.local/lib/python3.8/site-packages/airflow/example_dags/tutorial.py
[2025-05-07T19:58:51.123+0000] {logging_mixin.py:188} INFO - [2025-05-07T19:58:51.123+0000] {dag.py:3036} INFO - Sync 1 DAGs
[2025-05-07T19:58:51.151+0000] {logging_mixin.py:188} INFO - [2025-05-07T19:58:51.150+0000] {dag.py:3823} INFO - Setting next_dagrun for tutorial to 2025-05-06 00:00:00+00:00, run_after=2025-05-07 00:00:00+00:00
[2025-05-07T19:58:51.173+0000] {processor.py:183} INFO - Processing /home/airflow/.local/lib/python3.8/site-packages/airflow/example_dags/tutorial.py took 0.090 seconds
[2025-05-07T19:59:21.334+0000] {processor.py:161} INFO - Started process (PID=3006) to work on /home/airflow/.local/lib/python3.8/site-packages/airflow/example_dags/tutorial.py
[2025-05-07T19:59:21.336+0000] {processor.py:830} INFO - Processing file /home/airflow/.local/lib/python3.8/site-packages/airflow/example_dags/tutorial.py for tasks to queue
[2025-05-07T19:59:21.338+0000] {logging_mixin.py:188} INFO - [2025-05-07T19:59:21.338+0000] {dagbag.py:538} INFO - Filling up the DagBag from /home/airflow/.local/lib/python3.8/site-packages/airflow/example_dags/tutorial.py
[2025-05-07T19:59:21.344+0000] {processor.py:840} INFO - DAG(s) 'tutorial' retrieved from /home/airflow/.local/lib/python3.8/site-packages/airflow/example_dags/tutorial.py
[2025-05-07T19:59:21.364+0000] {logging_mixin.py:188} INFO - [2025-05-07T19:59:21.364+0000] {dag.py:3036} INFO - Sync 1 DAGs
[2025-05-07T19:59:21.385+0000] {logging_mixin.py:188} INFO - [2025-05-07T19:59:21.385+0000] {dag.py:3823} INFO - Setting next_dagrun for tutorial to 2025-05-06 00:00:00+00:00, run_after=2025-05-07 00:00:00+00:00
[2025-05-07T19:59:21.406+0000] {processor.py:183} INFO - Processing /home/airflow/.local/lib/python3.8/site-packages/airflow/example_dags/tutorial.py took 0.076 seconds
[2025-05-07T19:59:51.955+0000] {processor.py:161} INFO - Started process (PID=3063) to work on /home/airflow/.local/lib/python3.8/site-packages/airflow/example_dags/tutorial.py
[2025-05-07T19:59:51.956+0000] {processor.py:830} INFO - Processing file /home/airflow/.local/lib/python3.8/site-packages/airflow/example_dags/tutorial.py for tasks to queue
[2025-05-07T19:59:51.958+0000] {logging_mixin.py:188} INFO - [2025-05-07T19:59:51.958+0000] {dagbag.py:538} INFO - Filling up the DagBag from /home/airflow/.local/lib/python3.8/site-packages/airflow/example_dags/tutorial.py
[2025-05-07T19:59:51.964+0000] {processor.py:840} INFO - DAG(s) 'tutorial' retrieved from /home/airflow/.local/lib/python3.8/site-packages/airflow/example_dags/tutorial.py
[2025-05-07T19:59:51.985+0000] {logging_mixin.py:188} INFO - [2025-05-07T19:59:51.984+0000] {dag.py:3036} INFO - Sync 1 DAGs
[2025-05-07T19:59:52.008+0000] {logging_mixin.py:188} INFO - [2025-05-07T19:59:52.008+0000] {dag.py:3823} INFO - Setting next_dagrun for tutorial to 2025-05-06 00:00:00+00:00, run_after=2025-05-07 00:00:00+00:00
[2025-05-07T19:59:52.028+0000] {processor.py:183} INFO - Processing /home/airflow/.local/lib/python3.8/site-packages/airflow/example_dags/tutorial.py took 0.076 seconds
[2025-05-07T20:00:22.590+0000] {processor.py:161} INFO - Started process (PID=3120) to work on /home/airflow/.local/lib/python3.8/site-packages/airflow/example_dags/tutorial.py
[2025-05-07T20:00:22.592+0000] {processor.py:830} INFO - Processing file /home/airflow/.local/lib/python3.8/site-packages/airflow/example_dags/tutorial.py for tasks to queue
[2025-05-07T20:00:22.594+0000] {logging_mixin.py:188} INFO - [2025-05-07T20:00:22.594+0000] {dagbag.py:538} INFO - Filling up the DagBag from /home/airflow/.local/lib/python3.8/site-packages/airflow/example_dags/tutorial.py
[2025-05-07T20:00:22.601+0000] {processor.py:840} INFO - DAG(s) 'tutorial' retrieved from /home/airflow/.local/lib/python3.8/site-packages/airflow/example_dags/tutorial.py
[2025-05-07T20:00:22.622+0000] {logging_mixin.py:188} INFO - [2025-05-07T20:00:22.622+0000] {dag.py:3036} INFO - Sync 1 DAGs
[2025-05-07T20:00:22.644+0000] {logging_mixin.py:188} INFO - [2025-05-07T20:00:22.644+0000] {dag.py:3823} INFO - Setting next_dagrun for tutorial to 2025-05-06 00:00:00+00:00, run_after=2025-05-07 00:00:00+00:00
[2025-05-07T20:00:22.665+0000] {processor.py:183} INFO - Processing /home/airflow/.local/lib/python3.8/site-packages/airflow/example_dags/tutorial.py took 0.078 seconds
[2025-05-07T20:00:53.198+0000] {processor.py:161} INFO - Started process (PID=3177) to work on /home/airflow/.local/lib/python3.8/site-packages/airflow/example_dags/tutorial.py
[2025-05-07T20:00:53.200+0000] {processor.py:830} INFO - Processing file /home/airflow/.local/lib/python3.8/site-packages/airflow/example_dags/tutorial.py for tasks to queue
[2025-05-07T20:00:53.202+0000] {logging_mixin.py:188} INFO - [2025-05-07T20:00:53.202+0000] {dagbag.py:538} INFO - Filling up the DagBag from /home/airflow/.local/lib/python3.8/site-packages/airflow/example_dags/tutorial.py
[2025-05-07T20:00:53.208+0000] {processor.py:840} INFO - DAG(s) 'tutorial' retrieved from /home/airflow/.local/lib/python3.8/site-packages/airflow/example_dags/tutorial.py
[2025-05-07T20:00:53.229+0000] {logging_mixin.py:188} INFO - [2025-05-07T20:00:53.229+0000] {dag.py:3036} INFO - Sync 1 DAGs
[2025-05-07T20:00:53.250+0000] {logging_mixin.py:188} INFO - [2025-05-07T20:00:53.250+0000] {dag.py:3823} INFO - Setting next_dagrun for tutorial to 2025-05-06 00:00:00+00:00, run_after=2025-05-07 00:00:00+00:00
[2025-05-07T20:00:53.273+0000] {processor.py:183} INFO - Processing /home/airflow/.local/lib/python3.8/site-packages/airflow/example_dags/tutorial.py took 0.077 seconds
[2025-05-07T20:01:23.700+0000] {processor.py:161} INFO - Started process (PID=3234) to work on /home/airflow/.local/lib/python3.8/site-packages/airflow/example_dags/tutorial.py
[2025-05-07T20:01:23.702+0000] {processor.py:830} INFO - Processing file /home/airflow/.local/lib/python3.8/site-packages/airflow/example_dags/tutorial.py for tasks to queue
[2025-05-07T20:01:23.704+0000] {logging_mixin.py:188} INFO - [2025-05-07T20:01:23.704+0000] {dagbag.py:538} INFO - Filling up the DagBag from /home/airflow/.local/lib/python3.8/site-packages/airflow/example_dags/tutorial.py
[2025-05-07T20:01:23.710+0000] {processor.py:840} INFO - DAG(s) 'tutorial' retrieved from /home/airflow/.local/lib/python3.8/site-packages/airflow/example_dags/tutorial.py
[2025-05-07T20:01:23.732+0000] {logging_mixin.py:188} INFO - [2025-05-07T20:01:23.732+0000] {dag.py:3036} INFO - Sync 1 DAGs
[2025-05-07T20:01:23.754+0000] {logging_mixin.py:188} INFO - [2025-05-07T20:01:23.754+0000] {dag.py:3823} INFO - Setting next_dagrun for tutorial to 2025-05-06 00:00:00+00:00, run_after=2025-05-07 00:00:00+00:00
[2025-05-07T20:01:23.777+0000] {processor.py:183} INFO - Processing /home/airflow/.local/lib/python3.8/site-packages/airflow/example_dags/tutorial.py took 0.080 seconds
[2025-05-07T20:01:54.190+0000] {processor.py:161} INFO - Started process (PID=3291) to work on /home/airflow/.local/lib/python3.8/site-packages/airflow/example_dags/tutorial.py
[2025-05-07T20:01:54.192+0000] {processor.py:830} INFO - Processing file /home/airflow/.local/lib/python3.8/site-packages/airflow/example_dags/tutorial.py for tasks to queue
[2025-05-07T20:01:54.194+0000] {logging_mixin.py:188} INFO - [2025-05-07T20:01:54.193+0000] {dagbag.py:538} INFO - Filling up the DagBag from /home/airflow/.local/lib/python3.8/site-packages/airflow/example_dags/tutorial.py
[2025-05-07T20:01:54.200+0000] {processor.py:840} INFO - DAG(s) 'tutorial' retrieved from /home/airflow/.local/lib/python3.8/site-packages/airflow/example_dags/tutorial.py
[2025-05-07T20:01:54.220+0000] {logging_mixin.py:188} INFO - [2025-05-07T20:01:54.220+0000] {dag.py:3036} INFO - Sync 1 DAGs
[2025-05-07T20:01:54.245+0000] {logging_mixin.py:188} INFO - [2025-05-07T20:01:54.245+0000] {dag.py:3823} INFO - Setting next_dagrun for tutorial to 2025-05-06 00:00:00+00:00, run_after=2025-05-07 00:00:00+00:00
[2025-05-07T20:01:54.272+0000] {processor.py:183} INFO - Processing /home/airflow/.local/lib/python3.8/site-packages/airflow/example_dags/tutorial.py took 0.085 seconds
[2025-05-07T20:02:24.642+0000] {processor.py:161} INFO - Started process (PID=3348) to work on /home/airflow/.local/lib/python3.8/site-packages/airflow/example_dags/tutorial.py
[2025-05-07T20:02:24.644+0000] {processor.py:830} INFO - Processing file /home/airflow/.local/lib/python3.8/site-packages/airflow/example_dags/tutorial.py for tasks to queue
[2025-05-07T20:02:24.647+0000] {logging_mixin.py:188} INFO - [2025-05-07T20:02:24.647+0000] {dagbag.py:538} INFO - Filling up the DagBag from /home/airflow/.local/lib/python3.8/site-packages/airflow/example_dags/tutorial.py
[2025-05-07T20:02:24.655+0000] {processor.py:840} INFO - DAG(s) 'tutorial' retrieved from /home/airflow/.local/lib/python3.8/site-packages/airflow/example_dags/tutorial.py
[2025-05-07T20:02:24.677+0000] {logging_mixin.py:188} INFO - [2025-05-07T20:02:24.677+0000] {dag.py:3036} INFO - Sync 1 DAGs
[2025-05-07T20:02:24.702+0000] {logging_mixin.py:188} INFO - [2025-05-07T20:02:24.701+0000] {dag.py:3823} INFO - Setting next_dagrun for tutorial to 2025-05-06 00:00:00+00:00, run_after=2025-05-07 00:00:00+00:00
[2025-05-07T20:02:24.728+0000] {processor.py:183} INFO - Processing /home/airflow/.local/lib/python3.8/site-packages/airflow/example_dags/tutorial.py took 0.092 seconds
[2025-05-07T20:02:55.473+0000] {processor.py:161} INFO - Started process (PID=3406) to work on /home/airflow/.local/lib/python3.8/site-packages/airflow/example_dags/tutorial.py
[2025-05-07T20:02:55.475+0000] {processor.py:830} INFO - Processing file /home/airflow/.local/lib/python3.8/site-packages/airflow/example_dags/tutorial.py for tasks to queue
[2025-05-07T20:02:55.477+0000] {logging_mixin.py:188} INFO - [2025-05-07T20:02:55.477+0000] {dagbag.py:538} INFO - Filling up the DagBag from /home/airflow/.local/lib/python3.8/site-packages/airflow/example_dags/tutorial.py
[2025-05-07T20:02:55.483+0000] {processor.py:840} INFO - DAG(s) 'tutorial' retrieved from /home/airflow/.local/lib/python3.8/site-packages/airflow/example_dags/tutorial.py
[2025-05-07T20:02:55.505+0000] {logging_mixin.py:188} INFO - [2025-05-07T20:02:55.504+0000] {dag.py:3036} INFO - Sync 1 DAGs
[2025-05-07T20:02:55.530+0000] {logging_mixin.py:188} INFO - [2025-05-07T20:02:55.530+0000] {dag.py:3823} INFO - Setting next_dagrun for tutorial to 2025-05-06 00:00:00+00:00, run_after=2025-05-07 00:00:00+00:00
[2025-05-07T20:02:55.551+0000] {processor.py:183} INFO - Processing /home/airflow/.local/lib/python3.8/site-packages/airflow/example_dags/tutorial.py took 0.082 seconds
[2025-05-07T20:03:25.728+0000] {processor.py:161} INFO - Started process (PID=3463) to work on /home/airflow/.local/lib/python3.8/site-packages/airflow/example_dags/tutorial.py
[2025-05-07T20:03:25.729+0000] {processor.py:830} INFO - Processing file /home/airflow/.local/lib/python3.8/site-packages/airflow/example_dags/tutorial.py for tasks to queue
[2025-05-07T20:03:25.732+0000] {logging_mixin.py:188} INFO - [2025-05-07T20:03:25.732+0000] {dagbag.py:538} INFO - Filling up the DagBag from /home/airflow/.local/lib/python3.8/site-packages/airflow/example_dags/tutorial.py
[2025-05-07T20:03:25.739+0000] {processor.py:840} INFO - DAG(s) 'tutorial' retrieved from /home/airflow/.local/lib/python3.8/site-packages/airflow/example_dags/tutorial.py
[2025-05-07T20:03:25.765+0000] {logging_mixin.py:188} INFO - [2025-05-07T20:03:25.765+0000] {dag.py:3036} INFO - Sync 1 DAGs
[2025-05-07T20:03:25.790+0000] {logging_mixin.py:188} INFO - [2025-05-07T20:03:25.789+0000] {dag.py:3823} INFO - Setting next_dagrun for tutorial to 2025-05-06 00:00:00+00:00, run_after=2025-05-07 00:00:00+00:00
[2025-05-07T20:03:25.813+0000] {processor.py:183} INFO - Processing /home/airflow/.local/lib/python3.8/site-packages/airflow/example_dags/tutorial.py took 0.088 seconds
[2025-05-07T20:03:55.948+0000] {processor.py:161} INFO - Started process (PID=3520) to work on /home/airflow/.local/lib/python3.8/site-packages/airflow/example_dags/tutorial.py
[2025-05-07T20:03:55.949+0000] {processor.py:830} INFO - Processing file /home/airflow/.local/lib/python3.8/site-packages/airflow/example_dags/tutorial.py for tasks to queue
[2025-05-07T20:03:55.951+0000] {logging_mixin.py:188} INFO - [2025-05-07T20:03:55.951+0000] {dagbag.py:538} INFO - Filling up the DagBag from /home/airflow/.local/lib/python3.8/site-packages/airflow/example_dags/tutorial.py
[2025-05-07T20:03:55.957+0000] {processor.py:840} INFO - DAG(s) 'tutorial' retrieved from /home/airflow/.local/lib/python3.8/site-packages/airflow/example_dags/tutorial.py
[2025-05-07T20:03:55.977+0000] {logging_mixin.py:188} INFO - [2025-05-07T20:03:55.977+0000] {dag.py:3036} INFO - Sync 1 DAGs
[2025-05-07T20:03:55.999+0000] {logging_mixin.py:188} INFO - [2025-05-07T20:03:55.999+0000] {dag.py:3823} INFO - Setting next_dagrun for tutorial to 2025-05-06 00:00:00+00:00, run_after=2025-05-07 00:00:00+00:00
[2025-05-07T20:03:56.021+0000] {processor.py:183} INFO - Processing /home/airflow/.local/lib/python3.8/site-packages/airflow/example_dags/tutorial.py took 0.077 seconds
[2025-05-07T20:04:27.096+0000] {processor.py:161} INFO - Started process (PID=3577) to work on /home/airflow/.local/lib/python3.8/site-packages/airflow/example_dags/tutorial.py
[2025-05-07T20:04:27.097+0000] {processor.py:830} INFO - Processing file /home/airflow/.local/lib/python3.8/site-packages/airflow/example_dags/tutorial.py for tasks to queue
[2025-05-07T20:04:27.101+0000] {logging_mixin.py:188} INFO - [2025-05-07T20:04:27.100+0000] {dagbag.py:538} INFO - Filling up the DagBag from /home/airflow/.local/lib/python3.8/site-packages/airflow/example_dags/tutorial.py
[2025-05-07T20:04:27.109+0000] {processor.py:840} INFO - DAG(s) 'tutorial' retrieved from /home/airflow/.local/lib/python3.8/site-packages/airflow/example_dags/tutorial.py
[2025-05-07T20:04:27.130+0000] {logging_mixin.py:188} INFO - [2025-05-07T20:04:27.129+0000] {dag.py:3036} INFO - Sync 1 DAGs
[2025-05-07T20:04:27.152+0000] {logging_mixin.py:188} INFO - [2025-05-07T20:04:27.152+0000] {dag.py:3823} INFO - Setting next_dagrun for tutorial to 2025-05-06 00:00:00+00:00, run_after=2025-05-07 00:00:00+00:00
[2025-05-07T20:04:27.177+0000] {processor.py:183} INFO - Processing /home/airflow/.local/lib/python3.8/site-packages/airflow/example_dags/tutorial.py took 0.087 seconds
[2025-05-07T20:04:57.371+0000] {processor.py:161} INFO - Started process (PID=3634) to work on /home/airflow/.local/lib/python3.8/site-packages/airflow/example_dags/tutorial.py
[2025-05-07T20:04:57.376+0000] {processor.py:830} INFO - Processing file /home/airflow/.local/lib/python3.8/site-packages/airflow/example_dags/tutorial.py for tasks to queue
[2025-05-07T20:04:57.378+0000] {logging_mixin.py:188} INFO - [2025-05-07T20:04:57.378+0000] {dagbag.py:538} INFO - Filling up the DagBag from /home/airflow/.local/lib/python3.8/site-packages/airflow/example_dags/tutorial.py
[2025-05-07T20:04:57.384+0000] {processor.py:840} INFO - DAG(s) 'tutorial' retrieved from /home/airflow/.local/lib/python3.8/site-packages/airflow/example_dags/tutorial.py
[2025-05-07T20:04:57.408+0000] {logging_mixin.py:188} INFO - [2025-05-07T20:04:57.407+0000] {dag.py:3036} INFO - Sync 1 DAGs
[2025-05-07T20:04:57.431+0000] {logging_mixin.py:188} INFO - [2025-05-07T20:04:57.431+0000] {dag.py:3823} INFO - Setting next_dagrun for tutorial to 2025-05-06 00:00:00+00:00, run_after=2025-05-07 00:00:00+00:00
[2025-05-07T20:04:57.453+0000] {processor.py:183} INFO - Processing /home/airflow/.local/lib/python3.8/site-packages/airflow/example_dags/tutorial.py took 0.086 seconds
[2025-05-07T20:05:28.396+0000] {processor.py:161} INFO - Started process (PID=3691) to work on /home/airflow/.local/lib/python3.8/site-packages/airflow/example_dags/tutorial.py
[2025-05-07T20:05:28.398+0000] {processor.py:830} INFO - Processing file /home/airflow/.local/lib/python3.8/site-packages/airflow/example_dags/tutorial.py for tasks to queue
[2025-05-07T20:05:28.401+0000] {logging_mixin.py:188} INFO - [2025-05-07T20:05:28.400+0000] {dagbag.py:538} INFO - Filling up the DagBag from /home/airflow/.local/lib/python3.8/site-packages/airflow/example_dags/tutorial.py
[2025-05-07T20:05:28.412+0000] {processor.py:840} INFO - DAG(s) 'tutorial' retrieved from /home/airflow/.local/lib/python3.8/site-packages/airflow/example_dags/tutorial.py
[2025-05-07T20:05:28.441+0000] {logging_mixin.py:188} INFO - [2025-05-07T20:05:28.441+0000] {dag.py:3036} INFO - Sync 1 DAGs
[2025-05-07T20:05:28.469+0000] {logging_mixin.py:188} INFO - [2025-05-07T20:05:28.468+0000] {dag.py:3823} INFO - Setting next_dagrun for tutorial to 2025-05-06 00:00:00+00:00, run_after=2025-05-07 00:00:00+00:00
[2025-05-07T20:05:28.490+0000] {processor.py:183} INFO - Processing /home/airflow/.local/lib/python3.8/site-packages/airflow/example_dags/tutorial.py took 0.097 seconds
[2025-05-07T20:05:58.600+0000] {processor.py:161} INFO - Started process (PID=3748) to work on /home/airflow/.local/lib/python3.8/site-packages/airflow/example_dags/tutorial.py
[2025-05-07T20:05:58.601+0000] {processor.py:830} INFO - Processing file /home/airflow/.local/lib/python3.8/site-packages/airflow/example_dags/tutorial.py for tasks to queue
[2025-05-07T20:05:58.604+0000] {logging_mixin.py:188} INFO - [2025-05-07T20:05:58.604+0000] {dagbag.py:538} INFO - Filling up the DagBag from /home/airflow/.local/lib/python3.8/site-packages/airflow/example_dags/tutorial.py
[2025-05-07T20:05:58.610+0000] {processor.py:840} INFO - DAG(s) 'tutorial' retrieved from /home/airflow/.local/lib/python3.8/site-packages/airflow/example_dags/tutorial.py
[2025-05-07T20:05:58.633+0000] {logging_mixin.py:188} INFO - [2025-05-07T20:05:58.632+0000] {dag.py:3036} INFO - Sync 1 DAGs
[2025-05-07T20:05:58.656+0000] {logging_mixin.py:188} INFO - [2025-05-07T20:05:58.655+0000] {dag.py:3823} INFO - Setting next_dagrun for tutorial to 2025-05-06 00:00:00+00:00, run_after=2025-05-07 00:00:00+00:00
[2025-05-07T20:05:58.679+0000] {processor.py:183} INFO - Processing /home/airflow/.local/lib/python3.8/site-packages/airflow/example_dags/tutorial.py took 0.083 seconds
[2025-05-07T20:06:28.928+0000] {processor.py:161} INFO - Started process (PID=3805) to work on /home/airflow/.local/lib/python3.8/site-packages/airflow/example_dags/tutorial.py
[2025-05-07T20:06:28.930+0000] {processor.py:830} INFO - Processing file /home/airflow/.local/lib/python3.8/site-packages/airflow/example_dags/tutorial.py for tasks to queue
[2025-05-07T20:06:28.932+0000] {logging_mixin.py:188} INFO - [2025-05-07T20:06:28.932+0000] {dagbag.py:538} INFO - Filling up the DagBag from /home/airflow/.local/lib/python3.8/site-packages/airflow/example_dags/tutorial.py
[2025-05-07T20:06:28.939+0000] {processor.py:840} INFO - DAG(s) 'tutorial' retrieved from /home/airflow/.local/lib/python3.8/site-packages/airflow/example_dags/tutorial.py
[2025-05-07T20:06:28.961+0000] {logging_mixin.py:188} INFO - [2025-05-07T20:06:28.961+0000] {dag.py:3036} INFO - Sync 1 DAGs
[2025-05-07T20:06:28.985+0000] {logging_mixin.py:188} INFO - [2025-05-07T20:06:28.985+0000] {dag.py:3823} INFO - Setting next_dagrun for tutorial to 2025-05-06 00:00:00+00:00, run_after=2025-05-07 00:00:00+00:00
[2025-05-07T20:06:29.005+0000] {processor.py:183} INFO - Processing /home/airflow/.local/lib/python3.8/site-packages/airflow/example_dags/tutorial.py took 0.080 seconds
[2025-05-07T20:06:59.299+0000] {processor.py:161} INFO - Started process (PID=3862) to work on /home/airflow/.local/lib/python3.8/site-packages/airflow/example_dags/tutorial.py
[2025-05-07T20:06:59.300+0000] {processor.py:830} INFO - Processing file /home/airflow/.local/lib/python3.8/site-packages/airflow/example_dags/tutorial.py for tasks to queue
[2025-05-07T20:06:59.302+0000] {logging_mixin.py:188} INFO - [2025-05-07T20:06:59.302+0000] {dagbag.py:538} INFO - Filling up the DagBag from /home/airflow/.local/lib/python3.8/site-packages/airflow/example_dags/tutorial.py
[2025-05-07T20:06:59.308+0000] {processor.py:840} INFO - DAG(s) 'tutorial' retrieved from /home/airflow/.local/lib/python3.8/site-packages/airflow/example_dags/tutorial.py
[2025-05-07T20:06:59.329+0000] {logging_mixin.py:188} INFO - [2025-05-07T20:06:59.329+0000] {dag.py:3036} INFO - Sync 1 DAGs
[2025-05-07T20:06:59.351+0000] {logging_mixin.py:188} INFO - [2025-05-07T20:06:59.351+0000] {dag.py:3823} INFO - Setting next_dagrun for tutorial to 2025-05-06 00:00:00+00:00, run_after=2025-05-07 00:00:00+00:00
[2025-05-07T20:06:59.375+0000] {processor.py:183} INFO - Processing /home/airflow/.local/lib/python3.8/site-packages/airflow/example_dags/tutorial.py took 0.080 seconds
[2025-05-07T20:07:31.501+0000] {processor.py:161} INFO - Started process (PID=3919) to work on /home/airflow/.local/lib/python3.8/site-packages/airflow/example_dags/tutorial.py
[2025-05-07T20:07:31.503+0000] {processor.py:830} INFO - Processing file /home/airflow/.local/lib/python3.8/site-packages/airflow/example_dags/tutorial.py for tasks to queue
[2025-05-07T20:07:31.506+0000] {logging_mixin.py:188} INFO - [2025-05-07T20:07:31.506+0000] {dagbag.py:538} INFO - Filling up the DagBag from /home/airflow/.local/lib/python3.8/site-packages/airflow/example_dags/tutorial.py
[2025-05-07T20:07:31.516+0000] {processor.py:840} INFO - DAG(s) 'tutorial' retrieved from /home/airflow/.local/lib/python3.8/site-packages/airflow/example_dags/tutorial.py
[2025-05-07T20:07:31.546+0000] {logging_mixin.py:188} INFO - [2025-05-07T20:07:31.546+0000] {dag.py:3036} INFO - Sync 1 DAGs
[2025-05-07T20:07:31.569+0000] {logging_mixin.py:188} INFO - [2025-05-07T20:07:31.568+0000] {dag.py:3823} INFO - Setting next_dagrun for tutorial to 2025-05-06 00:00:00+00:00, run_after=2025-05-07 00:00:00+00:00
[2025-05-07T20:07:31.595+0000] {processor.py:183} INFO - Processing /home/airflow/.local/lib/python3.8/site-packages/airflow/example_dags/tutorial.py took 0.099 seconds
[2025-05-07T20:08:02.185+0000] {processor.py:161} INFO - Started process (PID=3976) to work on /home/airflow/.local/lib/python3.8/site-packages/airflow/example_dags/tutorial.py
[2025-05-07T20:08:02.186+0000] {processor.py:830} INFO - Processing file /home/airflow/.local/lib/python3.8/site-packages/airflow/example_dags/tutorial.py for tasks to queue
[2025-05-07T20:08:02.189+0000] {logging_mixin.py:188} INFO - [2025-05-07T20:08:02.188+0000] {dagbag.py:538} INFO - Filling up the DagBag from /home/airflow/.local/lib/python3.8/site-packages/airflow/example_dags/tutorial.py
[2025-05-07T20:08:02.195+0000] {processor.py:840} INFO - DAG(s) 'tutorial' retrieved from /home/airflow/.local/lib/python3.8/site-packages/airflow/example_dags/tutorial.py
[2025-05-07T20:08:02.218+0000] {logging_mixin.py:188} INFO - [2025-05-07T20:08:02.217+0000] {dag.py:3036} INFO - Sync 1 DAGs
[2025-05-07T20:08:02.243+0000] {logging_mixin.py:188} INFO - [2025-05-07T20:08:02.242+0000] {dag.py:3823} INFO - Setting next_dagrun for tutorial to 2025-05-06 00:00:00+00:00, run_after=2025-05-07 00:00:00+00:00
[2025-05-07T20:08:02.265+0000] {processor.py:183} INFO - Processing /home/airflow/.local/lib/python3.8/site-packages/airflow/example_dags/tutorial.py took 0.084 seconds
[2025-05-07T20:08:33.037+0000] {processor.py:161} INFO - Started process (PID=4033) to work on /home/airflow/.local/lib/python3.8/site-packages/airflow/example_dags/tutorial.py
[2025-05-07T20:08:33.039+0000] {processor.py:830} INFO - Processing file /home/airflow/.local/lib/python3.8/site-packages/airflow/example_dags/tutorial.py for tasks to queue
[2025-05-07T20:08:33.042+0000] {logging_mixin.py:188} INFO - [2025-05-07T20:08:33.042+0000] {dagbag.py:538} INFO - Filling up the DagBag from /home/airflow/.local/lib/python3.8/site-packages/airflow/example_dags/tutorial.py
[2025-05-07T20:08:33.049+0000] {processor.py:840} INFO - DAG(s) 'tutorial' retrieved from /home/airflow/.local/lib/python3.8/site-packages/airflow/example_dags/tutorial.py
[2025-05-07T20:08:33.072+0000] {logging_mixin.py:188} INFO - [2025-05-07T20:08:33.072+0000] {dag.py:3036} INFO - Sync 1 DAGs
[2025-05-07T20:08:33.097+0000] {logging_mixin.py:188} INFO - [2025-05-07T20:08:33.096+0000] {dag.py:3823} INFO - Setting next_dagrun for tutorial to 2025-05-06 00:00:00+00:00, run_after=2025-05-07 00:00:00+00:00
[2025-05-07T20:08:33.118+0000] {processor.py:183} INFO - Processing /home/airflow/.local/lib/python3.8/site-packages/airflow/example_dags/tutorial.py took 0.085 seconds
[2025-05-07T20:09:04.376+0000] {processor.py:161} INFO - Started process (PID=4090) to work on /home/airflow/.local/lib/python3.8/site-packages/airflow/example_dags/tutorial.py
[2025-05-07T20:09:04.378+0000] {processor.py:830} INFO - Processing file /home/airflow/.local/lib/python3.8/site-packages/airflow/example_dags/tutorial.py for tasks to queue
[2025-05-07T20:09:04.380+0000] {logging_mixin.py:188} INFO - [2025-05-07T20:09:04.380+0000] {dagbag.py:538} INFO - Filling up the DagBag from /home/airflow/.local/lib/python3.8/site-packages/airflow/example_dags/tutorial.py
[2025-05-07T20:09:04.386+0000] {processor.py:840} INFO - DAG(s) 'tutorial' retrieved from /home/airflow/.local/lib/python3.8/site-packages/airflow/example_dags/tutorial.py
[2025-05-07T20:09:04.409+0000] {logging_mixin.py:188} INFO - [2025-05-07T20:09:04.409+0000] {dag.py:3036} INFO - Sync 1 DAGs
[2025-05-07T20:09:04.439+0000] {logging_mixin.py:188} INFO - [2025-05-07T20:09:04.439+0000] {dag.py:3823} INFO - Setting next_dagrun for tutorial to 2025-05-06 00:00:00+00:00, run_after=2025-05-07 00:00:00+00:00
[2025-05-07T20:09:04.468+0000] {processor.py:183} INFO - Processing /home/airflow/.local/lib/python3.8/site-packages/airflow/example_dags/tutorial.py took 0.095 seconds
[2025-05-07T20:09:34.698+0000] {processor.py:161} INFO - Started process (PID=4147) to work on /home/airflow/.local/lib/python3.8/site-packages/airflow/example_dags/tutorial.py
[2025-05-07T20:09:34.700+0000] {processor.py:830} INFO - Processing file /home/airflow/.local/lib/python3.8/site-packages/airflow/example_dags/tutorial.py for tasks to queue
[2025-05-07T20:09:34.703+0000] {logging_mixin.py:188} INFO - [2025-05-07T20:09:34.702+0000] {dagbag.py:538} INFO - Filling up the DagBag from /home/airflow/.local/lib/python3.8/site-packages/airflow/example_dags/tutorial.py
[2025-05-07T20:09:34.715+0000] {processor.py:840} INFO - DAG(s) 'tutorial' retrieved from /home/airflow/.local/lib/python3.8/site-packages/airflow/example_dags/tutorial.py
[2025-05-07T20:09:34.739+0000] {logging_mixin.py:188} INFO - [2025-05-07T20:09:34.739+0000] {dag.py:3036} INFO - Sync 1 DAGs
[2025-05-07T20:09:34.760+0000] {logging_mixin.py:188} INFO - [2025-05-07T20:09:34.760+0000] {dag.py:3823} INFO - Setting next_dagrun for tutorial to 2025-05-06 00:00:00+00:00, run_after=2025-05-07 00:00:00+00:00
[2025-05-07T20:09:34.783+0000] {processor.py:183} INFO - Processing /home/airflow/.local/lib/python3.8/site-packages/airflow/example_dags/tutorial.py took 0.091 seconds
[2025-05-07T20:10:05.726+0000] {processor.py:161} INFO - Started process (PID=4204) to work on /home/airflow/.local/lib/python3.8/site-packages/airflow/example_dags/tutorial.py
[2025-05-07T20:10:05.728+0000] {processor.py:830} INFO - Processing file /home/airflow/.local/lib/python3.8/site-packages/airflow/example_dags/tutorial.py for tasks to queue
[2025-05-07T20:10:05.732+0000] {logging_mixin.py:188} INFO - [2025-05-07T20:10:05.731+0000] {dagbag.py:538} INFO - Filling up the DagBag from /home/airflow/.local/lib/python3.8/site-packages/airflow/example_dags/tutorial.py
[2025-05-07T20:10:05.746+0000] {processor.py:840} INFO - DAG(s) 'tutorial' retrieved from /home/airflow/.local/lib/python3.8/site-packages/airflow/example_dags/tutorial.py
[2025-05-07T20:10:05.779+0000] {logging_mixin.py:188} INFO - [2025-05-07T20:10:05.779+0000] {dag.py:3036} INFO - Sync 1 DAGs
[2025-05-07T20:10:05.805+0000] {logging_mixin.py:188} INFO - [2025-05-07T20:10:05.804+0000] {dag.py:3823} INFO - Setting next_dagrun for tutorial to 2025-05-06 00:00:00+00:00, run_after=2025-05-07 00:00:00+00:00
[2025-05-07T20:10:05.837+0000] {processor.py:183} INFO - Processing /home/airflow/.local/lib/python3.8/site-packages/airflow/example_dags/tutorial.py took 0.118 seconds
[2025-05-07T20:10:36.072+0000] {processor.py:161} INFO - Started process (PID=4261) to work on /home/airflow/.local/lib/python3.8/site-packages/airflow/example_dags/tutorial.py
[2025-05-07T20:10:36.074+0000] {processor.py:830} INFO - Processing file /home/airflow/.local/lib/python3.8/site-packages/airflow/example_dags/tutorial.py for tasks to queue
[2025-05-07T20:10:36.076+0000] {logging_mixin.py:188} INFO - [2025-05-07T20:10:36.076+0000] {dagbag.py:538} INFO - Filling up the DagBag from /home/airflow/.local/lib/python3.8/site-packages/airflow/example_dags/tutorial.py
[2025-05-07T20:10:36.083+0000] {processor.py:840} INFO - DAG(s) 'tutorial' retrieved from /home/airflow/.local/lib/python3.8/site-packages/airflow/example_dags/tutorial.py
[2025-05-07T20:10:36.104+0000] {logging_mixin.py:188} INFO - [2025-05-07T20:10:36.104+0000] {dag.py:3036} INFO - Sync 1 DAGs
[2025-05-07T20:10:36.125+0000] {logging_mixin.py:188} INFO - [2025-05-07T20:10:36.125+0000] {dag.py:3823} INFO - Setting next_dagrun for tutorial to 2025-05-06 00:00:00+00:00, run_after=2025-05-07 00:00:00+00:00
[2025-05-07T20:10:36.150+0000] {processor.py:183} INFO - Processing /home/airflow/.local/lib/python3.8/site-packages/airflow/example_dags/tutorial.py took 0.082 seconds
[2025-05-07T20:11:06.494+0000] {processor.py:161} INFO - Started process (PID=4318) to work on /home/airflow/.local/lib/python3.8/site-packages/airflow/example_dags/tutorial.py
[2025-05-07T20:11:06.497+0000] {processor.py:830} INFO - Processing file /home/airflow/.local/lib/python3.8/site-packages/airflow/example_dags/tutorial.py for tasks to queue
[2025-05-07T20:11:06.501+0000] {logging_mixin.py:188} INFO - [2025-05-07T20:11:06.501+0000] {dagbag.py:538} INFO - Filling up the DagBag from /home/airflow/.local/lib/python3.8/site-packages/airflow/example_dags/tutorial.py
[2025-05-07T20:11:06.514+0000] {processor.py:840} INFO - DAG(s) 'tutorial' retrieved from /home/airflow/.local/lib/python3.8/site-packages/airflow/example_dags/tutorial.py
[2025-05-07T20:11:06.542+0000] {logging_mixin.py:188} INFO - [2025-05-07T20:11:06.542+0000] {dag.py:3036} INFO - Sync 1 DAGs
[2025-05-07T20:11:06.565+0000] {logging_mixin.py:188} INFO - [2025-05-07T20:11:06.565+0000] {dag.py:3823} INFO - Setting next_dagrun for tutorial to 2025-05-06 00:00:00+00:00, run_after=2025-05-07 00:00:00+00:00
[2025-05-07T20:11:06.588+0000] {processor.py:183} INFO - Processing /home/airflow/.local/lib/python3.8/site-packages/airflow/example_dags/tutorial.py took 0.101 seconds
[2025-05-07T20:11:37.691+0000] {processor.py:161} INFO - Started process (PID=4375) to work on /home/airflow/.local/lib/python3.8/site-packages/airflow/example_dags/tutorial.py
[2025-05-07T20:11:37.693+0000] {processor.py:830} INFO - Processing file /home/airflow/.local/lib/python3.8/site-packages/airflow/example_dags/tutorial.py for tasks to queue
[2025-05-07T20:11:37.696+0000] {logging_mixin.py:188} INFO - [2025-05-07T20:11:37.696+0000] {dagbag.py:538} INFO - Filling up the DagBag from /home/airflow/.local/lib/python3.8/site-packages/airflow/example_dags/tutorial.py
[2025-05-07T20:11:37.704+0000] {processor.py:840} INFO - DAG(s) 'tutorial' retrieved from /home/airflow/.local/lib/python3.8/site-packages/airflow/example_dags/tutorial.py
[2025-05-07T20:11:37.731+0000] {logging_mixin.py:188} INFO - [2025-05-07T20:11:37.731+0000] {dag.py:3036} INFO - Sync 1 DAGs
[2025-05-07T20:11:37.753+0000] {logging_mixin.py:188} INFO - [2025-05-07T20:11:37.752+0000] {dag.py:3823} INFO - Setting next_dagrun for tutorial to 2025-05-06 00:00:00+00:00, run_after=2025-05-07 00:00:00+00:00
[2025-05-07T20:11:37.774+0000] {processor.py:183} INFO - Processing /home/airflow/.local/lib/python3.8/site-packages/airflow/example_dags/tutorial.py took 0.088 seconds
[2025-05-07T20:12:08.305+0000] {processor.py:161} INFO - Started process (PID=4432) to work on /home/airflow/.local/lib/python3.8/site-packages/airflow/example_dags/tutorial.py
[2025-05-07T20:12:08.309+0000] {processor.py:830} INFO - Processing file /home/airflow/.local/lib/python3.8/site-packages/airflow/example_dags/tutorial.py for tasks to queue
[2025-05-07T20:12:08.315+0000] {logging_mixin.py:188} INFO - [2025-05-07T20:12:08.314+0000] {dagbag.py:538} INFO - Filling up the DagBag from /home/airflow/.local/lib/python3.8/site-packages/airflow/example_dags/tutorial.py
[2025-05-07T20:12:08.325+0000] {processor.py:840} INFO - DAG(s) 'tutorial' retrieved from /home/airflow/.local/lib/python3.8/site-packages/airflow/example_dags/tutorial.py
[2025-05-07T20:12:08.347+0000] {logging_mixin.py:188} INFO - [2025-05-07T20:12:08.347+0000] {dag.py:3036} INFO - Sync 1 DAGs
[2025-05-07T20:12:08.372+0000] {logging_mixin.py:188} INFO - [2025-05-07T20:12:08.371+0000] {dag.py:3823} INFO - Setting next_dagrun for tutorial to 2025-05-06 00:00:00+00:00, run_after=2025-05-07 00:00:00+00:00
[2025-05-07T20:12:08.396+0000] {processor.py:183} INFO - Processing /home/airflow/.local/lib/python3.8/site-packages/airflow/example_dags/tutorial.py took 0.098 seconds
[2025-05-07T20:12:38.699+0000] {processor.py:161} INFO - Started process (PID=4489) to work on /home/airflow/.local/lib/python3.8/site-packages/airflow/example_dags/tutorial.py
[2025-05-07T20:12:38.701+0000] {processor.py:830} INFO - Processing file /home/airflow/.local/lib/python3.8/site-packages/airflow/example_dags/tutorial.py for tasks to queue
[2025-05-07T20:12:38.704+0000] {logging_mixin.py:188} INFO - [2025-05-07T20:12:38.703+0000] {dagbag.py:538} INFO - Filling up the DagBag from /home/airflow/.local/lib/python3.8/site-packages/airflow/example_dags/tutorial.py
[2025-05-07T20:12:38.711+0000] {processor.py:840} INFO - DAG(s) 'tutorial' retrieved from /home/airflow/.local/lib/python3.8/site-packages/airflow/example_dags/tutorial.py
[2025-05-07T20:12:38.732+0000] {logging_mixin.py:188} INFO - [2025-05-07T20:12:38.732+0000] {dag.py:3036} INFO - Sync 1 DAGs
[2025-05-07T20:12:38.754+0000] {logging_mixin.py:188} INFO - [2025-05-07T20:12:38.754+0000] {dag.py:3823} INFO - Setting next_dagrun for tutorial to 2025-05-06 00:00:00+00:00, run_after=2025-05-07 00:00:00+00:00
[2025-05-07T20:12:38.776+0000] {processor.py:183} INFO - Processing /home/airflow/.local/lib/python3.8/site-packages/airflow/example_dags/tutorial.py took 0.081 seconds
[2025-05-07T20:13:09.459+0000] {processor.py:161} INFO - Started process (PID=4546) to work on /home/airflow/.local/lib/python3.8/site-packages/airflow/example_dags/tutorial.py
[2025-05-07T20:13:09.461+0000] {processor.py:830} INFO - Processing file /home/airflow/.local/lib/python3.8/site-packages/airflow/example_dags/tutorial.py for tasks to queue
[2025-05-07T20:13:09.464+0000] {logging_mixin.py:188} INFO - [2025-05-07T20:13:09.464+0000] {dagbag.py:538} INFO - Filling up the DagBag from /home/airflow/.local/lib/python3.8/site-packages/airflow/example_dags/tutorial.py
[2025-05-07T20:13:09.471+0000] {processor.py:840} INFO - DAG(s) 'tutorial' retrieved from /home/airflow/.local/lib/python3.8/site-packages/airflow/example_dags/tutorial.py
[2025-05-07T20:13:09.494+0000] {logging_mixin.py:188} INFO - [2025-05-07T20:13:09.493+0000] {dag.py:3036} INFO - Sync 1 DAGs
[2025-05-07T20:13:09.517+0000] {logging_mixin.py:188} INFO - [2025-05-07T20:13:09.516+0000] {dag.py:3823} INFO - Setting next_dagrun for tutorial to 2025-05-06 00:00:00+00:00, run_after=2025-05-07 00:00:00+00:00
[2025-05-07T20:13:09.541+0000] {processor.py:183} INFO - Processing /home/airflow/.local/lib/python3.8/site-packages/airflow/example_dags/tutorial.py took 0.085 seconds
[2025-05-07T20:13:39.907+0000] {processor.py:161} INFO - Started process (PID=4603) to work on /home/airflow/.local/lib/python3.8/site-packages/airflow/example_dags/tutorial.py
[2025-05-07T20:13:39.909+0000] {processor.py:830} INFO - Processing file /home/airflow/.local/lib/python3.8/site-packages/airflow/example_dags/tutorial.py for tasks to queue
[2025-05-07T20:13:39.911+0000] {logging_mixin.py:188} INFO - [2025-05-07T20:13:39.911+0000] {dagbag.py:538} INFO - Filling up the DagBag from /home/airflow/.local/lib/python3.8/site-packages/airflow/example_dags/tutorial.py
[2025-05-07T20:13:39.917+0000] {processor.py:840} INFO - DAG(s) 'tutorial' retrieved from /home/airflow/.local/lib/python3.8/site-packages/airflow/example_dags/tutorial.py
[2025-05-07T20:13:39.938+0000] {logging_mixin.py:188} INFO - [2025-05-07T20:13:39.938+0000] {dag.py:3036} INFO - Sync 1 DAGs
[2025-05-07T20:13:39.959+0000] {logging_mixin.py:188} INFO - [2025-05-07T20:13:39.959+0000] {dag.py:3823} INFO - Setting next_dagrun for tutorial to 2025-05-06 00:00:00+00:00, run_after=2025-05-07 00:00:00+00:00
[2025-05-07T20:13:39.980+0000] {processor.py:183} INFO - Processing /home/airflow/.local/lib/python3.8/site-packages/airflow/example_dags/tutorial.py took 0.076 seconds
[2025-05-07T20:14:10.641+0000] {processor.py:161} INFO - Started process (PID=4660) to work on /home/airflow/.local/lib/python3.8/site-packages/airflow/example_dags/tutorial.py
[2025-05-07T20:14:10.643+0000] {processor.py:830} INFO - Processing file /home/airflow/.local/lib/python3.8/site-packages/airflow/example_dags/tutorial.py for tasks to queue
[2025-05-07T20:14:10.648+0000] {logging_mixin.py:188} INFO - [2025-05-07T20:14:10.648+0000] {dagbag.py:538} INFO - Filling up the DagBag from /home/airflow/.local/lib/python3.8/site-packages/airflow/example_dags/tutorial.py
[2025-05-07T20:14:10.659+0000] {processor.py:840} INFO - DAG(s) 'tutorial' retrieved from /home/airflow/.local/lib/python3.8/site-packages/airflow/example_dags/tutorial.py
[2025-05-07T20:14:10.688+0000] {logging_mixin.py:188} INFO - [2025-05-07T20:14:10.688+0000] {dag.py:3036} INFO - Sync 1 DAGs
[2025-05-07T20:14:10.711+0000] {logging_mixin.py:188} INFO - [2025-05-07T20:14:10.711+0000] {dag.py:3823} INFO - Setting next_dagrun for tutorial to 2025-05-06 00:00:00+00:00, run_after=2025-05-07 00:00:00+00:00
[2025-05-07T20:14:10.750+0000] {processor.py:183} INFO - Processing /home/airflow/.local/lib/python3.8/site-packages/airflow/example_dags/tutorial.py took 0.113 seconds
[2025-05-07T20:14:41.243+0000] {processor.py:161} INFO - Started process (PID=4717) to work on /home/airflow/.local/lib/python3.8/site-packages/airflow/example_dags/tutorial.py
[2025-05-07T20:14:41.246+0000] {processor.py:830} INFO - Processing file /home/airflow/.local/lib/python3.8/site-packages/airflow/example_dags/tutorial.py for tasks to queue
[2025-05-07T20:14:41.249+0000] {logging_mixin.py:188} INFO - [2025-05-07T20:14:41.249+0000] {dagbag.py:538} INFO - Filling up the DagBag from /home/airflow/.local/lib/python3.8/site-packages/airflow/example_dags/tutorial.py
[2025-05-07T20:14:41.257+0000] {processor.py:840} INFO - DAG(s) 'tutorial' retrieved from /home/airflow/.local/lib/python3.8/site-packages/airflow/example_dags/tutorial.py
[2025-05-07T20:14:41.279+0000] {logging_mixin.py:188} INFO - [2025-05-07T20:14:41.278+0000] {dag.py:3036} INFO - Sync 1 DAGs
[2025-05-07T20:14:41.299+0000] {logging_mixin.py:188} INFO - [2025-05-07T20:14:41.299+0000] {dag.py:3823} INFO - Setting next_dagrun for tutorial to 2025-05-06 00:00:00+00:00, run_after=2025-05-07 00:00:00+00:00
[2025-05-07T20:14:41.321+0000] {processor.py:183} INFO - Processing /home/airflow/.local/lib/python3.8/site-packages/airflow/example_dags/tutorial.py took 0.082 seconds
[2025-05-07T20:15:12.051+0000] {processor.py:161} INFO - Started process (PID=4774) to work on /home/airflow/.local/lib/python3.8/site-packages/airflow/example_dags/tutorial.py
[2025-05-07T20:15:12.055+0000] {processor.py:830} INFO - Processing file /home/airflow/.local/lib/python3.8/site-packages/airflow/example_dags/tutorial.py for tasks to queue
[2025-05-07T20:15:12.060+0000] {logging_mixin.py:188} INFO - [2025-05-07T20:15:12.060+0000] {dagbag.py:538} INFO - Filling up the DagBag from /home/airflow/.local/lib/python3.8/site-packages/airflow/example_dags/tutorial.py
[2025-05-07T20:15:12.075+0000] {processor.py:840} INFO - DAG(s) 'tutorial' retrieved from /home/airflow/.local/lib/python3.8/site-packages/airflow/example_dags/tutorial.py
[2025-05-07T20:15:12.122+0000] {logging_mixin.py:188} INFO - [2025-05-07T20:15:12.121+0000] {dag.py:3036} INFO - Sync 1 DAGs
[2025-05-07T20:15:12.171+0000] {logging_mixin.py:188} INFO - [2025-05-07T20:15:12.170+0000] {dag.py:3823} INFO - Setting next_dagrun for tutorial to 2025-05-06 00:00:00+00:00, run_after=2025-05-07 00:00:00+00:00
[2025-05-07T20:15:12.218+0000] {processor.py:183} INFO - Processing /home/airflow/.local/lib/python3.8/site-packages/airflow/example_dags/tutorial.py took 0.174 seconds
[2025-05-07T20:15:43.075+0000] {processor.py:161} INFO - Started process (PID=4831) to work on /home/airflow/.local/lib/python3.8/site-packages/airflow/example_dags/tutorial.py
[2025-05-07T20:15:43.078+0000] {processor.py:830} INFO - Processing file /home/airflow/.local/lib/python3.8/site-packages/airflow/example_dags/tutorial.py for tasks to queue
[2025-05-07T20:15:43.082+0000] {logging_mixin.py:188} INFO - [2025-05-07T20:15:43.081+0000] {dagbag.py:538} INFO - Filling up the DagBag from /home/airflow/.local/lib/python3.8/site-packages/airflow/example_dags/tutorial.py
[2025-05-07T20:15:43.092+0000] {processor.py:840} INFO - DAG(s) 'tutorial' retrieved from /home/airflow/.local/lib/python3.8/site-packages/airflow/example_dags/tutorial.py
[2025-05-07T20:15:43.128+0000] {logging_mixin.py:188} INFO - [2025-05-07T20:15:43.127+0000] {dag.py:3036} INFO - Sync 1 DAGs
[2025-05-07T20:15:43.167+0000] {logging_mixin.py:188} INFO - [2025-05-07T20:15:43.166+0000] {dag.py:3823} INFO - Setting next_dagrun for tutorial to 2025-05-06 00:00:00+00:00, run_after=2025-05-07 00:00:00+00:00
[2025-05-07T20:15:43.214+0000] {processor.py:183} INFO - Processing /home/airflow/.local/lib/python3.8/site-packages/airflow/example_dags/tutorial.py took 0.147 seconds
[2025-05-07T20:16:13.732+0000] {processor.py:161} INFO - Started process (PID=4888) to work on /home/airflow/.local/lib/python3.8/site-packages/airflow/example_dags/tutorial.py
[2025-05-07T20:16:13.734+0000] {processor.py:830} INFO - Processing file /home/airflow/.local/lib/python3.8/site-packages/airflow/example_dags/tutorial.py for tasks to queue
[2025-05-07T20:16:13.737+0000] {logging_mixin.py:188} INFO - [2025-05-07T20:16:13.736+0000] {dagbag.py:538} INFO - Filling up the DagBag from /home/airflow/.local/lib/python3.8/site-packages/airflow/example_dags/tutorial.py
[2025-05-07T20:16:13.744+0000] {processor.py:840} INFO - DAG(s) 'tutorial' retrieved from /home/airflow/.local/lib/python3.8/site-packages/airflow/example_dags/tutorial.py
[2025-05-07T20:16:13.777+0000] {logging_mixin.py:188} INFO - [2025-05-07T20:16:13.777+0000] {dag.py:3036} INFO - Sync 1 DAGs
[2025-05-07T20:16:13.810+0000] {logging_mixin.py:188} INFO - [2025-05-07T20:16:13.809+0000] {dag.py:3823} INFO - Setting next_dagrun for tutorial to 2025-05-06 00:00:00+00:00, run_after=2025-05-07 00:00:00+00:00
[2025-05-07T20:16:13.842+0000] {processor.py:183} INFO - Processing /home/airflow/.local/lib/python3.8/site-packages/airflow/example_dags/tutorial.py took 0.114 seconds
[2025-05-07T20:16:43.928+0000] {processor.py:161} INFO - Started process (PID=4945) to work on /home/airflow/.local/lib/python3.8/site-packages/airflow/example_dags/tutorial.py
[2025-05-07T20:16:43.930+0000] {processor.py:830} INFO - Processing file /home/airflow/.local/lib/python3.8/site-packages/airflow/example_dags/tutorial.py for tasks to queue
[2025-05-07T20:16:43.933+0000] {logging_mixin.py:188} INFO - [2025-05-07T20:16:43.933+0000] {dagbag.py:538} INFO - Filling up the DagBag from /home/airflow/.local/lib/python3.8/site-packages/airflow/example_dags/tutorial.py
[2025-05-07T20:16:43.941+0000] {processor.py:840} INFO - DAG(s) 'tutorial' retrieved from /home/airflow/.local/lib/python3.8/site-packages/airflow/example_dags/tutorial.py
[2025-05-07T20:16:43.968+0000] {logging_mixin.py:188} INFO - [2025-05-07T20:16:43.968+0000] {dag.py:3036} INFO - Sync 1 DAGs
[2025-05-07T20:16:43.996+0000] {logging_mixin.py:188} INFO - [2025-05-07T20:16:43.996+0000] {dag.py:3823} INFO - Setting next_dagrun for tutorial to 2025-05-06 00:00:00+00:00, run_after=2025-05-07 00:00:00+00:00
[2025-05-07T20:16:44.026+0000] {processor.py:183} INFO - Processing /home/airflow/.local/lib/python3.8/site-packages/airflow/example_dags/tutorial.py took 0.103 seconds
[2025-05-07T20:17:14.629+0000] {processor.py:161} INFO - Started process (PID=5002) to work on /home/airflow/.local/lib/python3.8/site-packages/airflow/example_dags/tutorial.py
[2025-05-07T20:17:14.631+0000] {processor.py:830} INFO - Processing file /home/airflow/.local/lib/python3.8/site-packages/airflow/example_dags/tutorial.py for tasks to queue
[2025-05-07T20:17:14.635+0000] {logging_mixin.py:188} INFO - [2025-05-07T20:17:14.634+0000] {dagbag.py:538} INFO - Filling up the DagBag from /home/airflow/.local/lib/python3.8/site-packages/airflow/example_dags/tutorial.py
[2025-05-07T20:17:14.642+0000] {processor.py:840} INFO - DAG(s) 'tutorial' retrieved from /home/airflow/.local/lib/python3.8/site-packages/airflow/example_dags/tutorial.py
[2025-05-07T20:17:14.672+0000] {logging_mixin.py:188} INFO - [2025-05-07T20:17:14.671+0000] {dag.py:3036} INFO - Sync 1 DAGs
[2025-05-07T20:17:14.701+0000] {logging_mixin.py:188} INFO - [2025-05-07T20:17:14.701+0000] {dag.py:3823} INFO - Setting next_dagrun for tutorial to 2025-05-06 00:00:00+00:00, run_after=2025-05-07 00:00:00+00:00
[2025-05-07T20:17:14.728+0000] {processor.py:183} INFO - Processing /home/airflow/.local/lib/python3.8/site-packages/airflow/example_dags/tutorial.py took 0.104 seconds
[2025-05-07T20:17:45.692+0000] {processor.py:161} INFO - Started process (PID=5059) to work on /home/airflow/.local/lib/python3.8/site-packages/airflow/example_dags/tutorial.py
[2025-05-07T20:17:45.695+0000] {processor.py:830} INFO - Processing file /home/airflow/.local/lib/python3.8/site-packages/airflow/example_dags/tutorial.py for tasks to queue
[2025-05-07T20:17:45.702+0000] {logging_mixin.py:188} INFO - [2025-05-07T20:17:45.701+0000] {dagbag.py:538} INFO - Filling up the DagBag from /home/airflow/.local/lib/python3.8/site-packages/airflow/example_dags/tutorial.py
[2025-05-07T20:17:45.718+0000] {processor.py:840} INFO - DAG(s) 'tutorial' retrieved from /home/airflow/.local/lib/python3.8/site-packages/airflow/example_dags/tutorial.py
[2025-05-07T20:17:45.758+0000] {logging_mixin.py:188} INFO - [2025-05-07T20:17:45.757+0000] {dag.py:3036} INFO - Sync 1 DAGs
[2025-05-07T20:17:45.802+0000] {logging_mixin.py:188} INFO - [2025-05-07T20:17:45.802+0000] {dag.py:3823} INFO - Setting next_dagrun for tutorial to 2025-05-06 00:00:00+00:00, run_after=2025-05-07 00:00:00+00:00
[2025-05-07T20:17:45.839+0000] {processor.py:183} INFO - Processing /home/airflow/.local/lib/python3.8/site-packages/airflow/example_dags/tutorial.py took 0.154 seconds
[2025-05-07T20:18:16.394+0000] {processor.py:161} INFO - Started process (PID=5117) to work on /home/airflow/.local/lib/python3.8/site-packages/airflow/example_dags/tutorial.py
[2025-05-07T20:18:16.397+0000] {processor.py:830} INFO - Processing file /home/airflow/.local/lib/python3.8/site-packages/airflow/example_dags/tutorial.py for tasks to queue
[2025-05-07T20:18:16.403+0000] {logging_mixin.py:188} INFO - [2025-05-07T20:18:16.402+0000] {dagbag.py:538} INFO - Filling up the DagBag from /home/airflow/.local/lib/python3.8/site-packages/airflow/example_dags/tutorial.py
[2025-05-07T20:18:16.419+0000] {processor.py:840} INFO - DAG(s) 'tutorial' retrieved from /home/airflow/.local/lib/python3.8/site-packages/airflow/example_dags/tutorial.py
[2025-05-07T20:18:16.469+0000] {logging_mixin.py:188} INFO - [2025-05-07T20:18:16.468+0000] {dag.py:3036} INFO - Sync 1 DAGs
[2025-05-07T20:18:16.498+0000] {logging_mixin.py:188} INFO - [2025-05-07T20:18:16.497+0000] {dag.py:3823} INFO - Setting next_dagrun for tutorial to 2025-05-06 00:00:00+00:00, run_after=2025-05-07 00:00:00+00:00
[2025-05-07T20:18:16.529+0000] {processor.py:183} INFO - Processing /home/airflow/.local/lib/python3.8/site-packages/airflow/example_dags/tutorial.py took 0.142 seconds
[2025-05-07T20:18:46.623+0000] {processor.py:161} INFO - Started process (PID=5174) to work on /home/airflow/.local/lib/python3.8/site-packages/airflow/example_dags/tutorial.py
[2025-05-07T20:18:46.626+0000] {processor.py:830} INFO - Processing file /home/airflow/.local/lib/python3.8/site-packages/airflow/example_dags/tutorial.py for tasks to queue
[2025-05-07T20:18:46.630+0000] {logging_mixin.py:188} INFO - [2025-05-07T20:18:46.629+0000] {dagbag.py:538} INFO - Filling up the DagBag from /home/airflow/.local/lib/python3.8/site-packages/airflow/example_dags/tutorial.py
[2025-05-07T20:18:46.642+0000] {processor.py:840} INFO - DAG(s) 'tutorial' retrieved from /home/airflow/.local/lib/python3.8/site-packages/airflow/example_dags/tutorial.py
[2025-05-07T20:18:46.674+0000] {logging_mixin.py:188} INFO - [2025-05-07T20:18:46.673+0000] {dag.py:3036} INFO - Sync 1 DAGs
[2025-05-07T20:18:46.703+0000] {logging_mixin.py:188} INFO - [2025-05-07T20:18:46.702+0000] {dag.py:3823} INFO - Setting next_dagrun for tutorial to 2025-05-06 00:00:00+00:00, run_after=2025-05-07 00:00:00+00:00
[2025-05-07T20:18:46.733+0000] {processor.py:183} INFO - Processing /home/airflow/.local/lib/python3.8/site-packages/airflow/example_dags/tutorial.py took 0.117 seconds
