[2025-05-07T19:05:16.898+0000] {processor.py:161} INFO - Started process (PID=103) to work on /home/airflow/.local/lib/python3.8/site-packages/airflow/example_dags/tutorial_taskflow_api.py
[2025-05-07T19:05:16.899+0000] {processor.py:830} INFO - Processing file /home/airflow/.local/lib/python3.8/site-packages/airflow/example_dags/tutorial_taskflow_api.py for tasks to queue
[2025-05-07T19:05:16.902+0000] {logging_mixin.py:188} INFO - [2025-05-07T19:05:16.901+0000] {dagbag.py:538} INFO - Filling up the DagBag from /home/airflow/.local/lib/python3.8/site-packages/airflow/example_dags/tutorial_taskflow_api.py
[2025-05-07T19:05:16.927+0000] {processor.py:840} INFO - DAG(s) 'tutorial_taskflow_api' retrieved from /home/airflow/.local/lib/python3.8/site-packages/airflow/example_dags/tutorial_taskflow_api.py
[2025-05-07T19:05:16.959+0000] {logging_mixin.py:188} INFO - [2025-05-07T19:05:16.959+0000] {dag.py:3036} INFO - Sync 1 DAGs
[2025-05-07T19:05:16.973+0000] {logging_mixin.py:188} INFO - [2025-05-07T19:05:16.973+0000] {dag.py:3823} INFO - Setting next_dagrun for tutorial_taskflow_api to None, run_after=None
[2025-05-07T19:05:16.999+0000] {processor.py:183} INFO - Processing /home/airflow/.local/lib/python3.8/site-packages/airflow/example_dags/tutorial_taskflow_api.py took 0.105 seconds
[2025-05-07T19:05:48.200+0000] {processor.py:161} INFO - Started process (PID=158) to work on /home/airflow/.local/lib/python3.8/site-packages/airflow/example_dags/tutorial_taskflow_api.py
[2025-05-07T19:05:48.203+0000] {processor.py:830} INFO - Processing file /home/airflow/.local/lib/python3.8/site-packages/airflow/example_dags/tutorial_taskflow_api.py for tasks to queue
[2025-05-07T19:05:48.207+0000] {logging_mixin.py:188} INFO - [2025-05-07T19:05:48.206+0000] {dagbag.py:538} INFO - Filling up the DagBag from /home/airflow/.local/lib/python3.8/site-packages/airflow/example_dags/tutorial_taskflow_api.py
[2025-05-07T19:05:48.231+0000] {processor.py:840} INFO - DAG(s) 'tutorial_taskflow_api' retrieved from /home/airflow/.local/lib/python3.8/site-packages/airflow/example_dags/tutorial_taskflow_api.py
[2025-05-07T19:05:48.392+0000] {logging_mixin.py:188} INFO - [2025-05-07T19:05:48.391+0000] {dag.py:3036} INFO - Sync 1 DAGs
[2025-05-07T19:05:48.404+0000] {logging_mixin.py:188} INFO - [2025-05-07T19:05:48.404+0000] {dag.py:3823} INFO - Setting next_dagrun for tutorial_taskflow_api to None, run_after=None
[2025-05-07T19:05:48.437+0000] {processor.py:183} INFO - Processing /home/airflow/.local/lib/python3.8/site-packages/airflow/example_dags/tutorial_taskflow_api.py took 0.243 seconds
[2025-05-07T19:06:19.062+0000] {processor.py:161} INFO - Started process (PID=213) to work on /home/airflow/.local/lib/python3.8/site-packages/airflow/example_dags/tutorial_taskflow_api.py
[2025-05-07T19:06:19.063+0000] {processor.py:830} INFO - Processing file /home/airflow/.local/lib/python3.8/site-packages/airflow/example_dags/tutorial_taskflow_api.py for tasks to queue
[2025-05-07T19:06:19.065+0000] {logging_mixin.py:188} INFO - [2025-05-07T19:06:19.065+0000] {dagbag.py:538} INFO - Filling up the DagBag from /home/airflow/.local/lib/python3.8/site-packages/airflow/example_dags/tutorial_taskflow_api.py
[2025-05-07T19:06:19.072+0000] {processor.py:840} INFO - DAG(s) 'tutorial_taskflow_api' retrieved from /home/airflow/.local/lib/python3.8/site-packages/airflow/example_dags/tutorial_taskflow_api.py
[2025-05-07T19:06:19.091+0000] {logging_mixin.py:188} INFO - [2025-05-07T19:06:19.091+0000] {dag.py:3036} INFO - Sync 1 DAGs
[2025-05-07T19:06:19.102+0000] {logging_mixin.py:188} INFO - [2025-05-07T19:06:19.102+0000] {dag.py:3823} INFO - Setting next_dagrun for tutorial_taskflow_api to None, run_after=None
[2025-05-07T19:06:19.120+0000] {processor.py:183} INFO - Processing /home/airflow/.local/lib/python3.8/site-packages/airflow/example_dags/tutorial_taskflow_api.py took 0.061 seconds
[2025-05-07T19:06:50.063+0000] {processor.py:161} INFO - Started process (PID=268) to work on /home/airflow/.local/lib/python3.8/site-packages/airflow/example_dags/tutorial_taskflow_api.py
[2025-05-07T19:06:50.065+0000] {processor.py:830} INFO - Processing file /home/airflow/.local/lib/python3.8/site-packages/airflow/example_dags/tutorial_taskflow_api.py for tasks to queue
[2025-05-07T19:06:50.067+0000] {logging_mixin.py:188} INFO - [2025-05-07T19:06:50.067+0000] {dagbag.py:538} INFO - Filling up the DagBag from /home/airflow/.local/lib/python3.8/site-packages/airflow/example_dags/tutorial_taskflow_api.py
[2025-05-07T19:06:50.074+0000] {processor.py:840} INFO - DAG(s) 'tutorial_taskflow_api' retrieved from /home/airflow/.local/lib/python3.8/site-packages/airflow/example_dags/tutorial_taskflow_api.py
[2025-05-07T19:06:50.094+0000] {logging_mixin.py:188} INFO - [2025-05-07T19:06:50.093+0000] {dag.py:3036} INFO - Sync 1 DAGs
[2025-05-07T19:06:50.107+0000] {logging_mixin.py:188} INFO - [2025-05-07T19:06:50.106+0000] {dag.py:3823} INFO - Setting next_dagrun for tutorial_taskflow_api to None, run_after=None
[2025-05-07T19:06:50.129+0000] {processor.py:183} INFO - Processing /home/airflow/.local/lib/python3.8/site-packages/airflow/example_dags/tutorial_taskflow_api.py took 0.069 seconds
[2025-05-07T19:07:20.759+0000] {processor.py:161} INFO - Started process (PID=323) to work on /home/airflow/.local/lib/python3.8/site-packages/airflow/example_dags/tutorial_taskflow_api.py
[2025-05-07T19:07:20.760+0000] {processor.py:830} INFO - Processing file /home/airflow/.local/lib/python3.8/site-packages/airflow/example_dags/tutorial_taskflow_api.py for tasks to queue
[2025-05-07T19:07:20.762+0000] {logging_mixin.py:188} INFO - [2025-05-07T19:07:20.762+0000] {dagbag.py:538} INFO - Filling up the DagBag from /home/airflow/.local/lib/python3.8/site-packages/airflow/example_dags/tutorial_taskflow_api.py
[2025-05-07T19:07:20.769+0000] {processor.py:840} INFO - DAG(s) 'tutorial_taskflow_api' retrieved from /home/airflow/.local/lib/python3.8/site-packages/airflow/example_dags/tutorial_taskflow_api.py
[2025-05-07T19:07:20.790+0000] {logging_mixin.py:188} INFO - [2025-05-07T19:07:20.789+0000] {dag.py:3036} INFO - Sync 1 DAGs
[2025-05-07T19:07:20.802+0000] {logging_mixin.py:188} INFO - [2025-05-07T19:07:20.802+0000] {dag.py:3823} INFO - Setting next_dagrun for tutorial_taskflow_api to None, run_after=None
[2025-05-07T19:07:20.825+0000] {processor.py:183} INFO - Processing /home/airflow/.local/lib/python3.8/site-packages/airflow/example_dags/tutorial_taskflow_api.py took 0.070 seconds
[2025-05-07T19:07:51.145+0000] {processor.py:161} INFO - Started process (PID=378) to work on /home/airflow/.local/lib/python3.8/site-packages/airflow/example_dags/tutorial_taskflow_api.py
[2025-05-07T19:07:51.147+0000] {processor.py:830} INFO - Processing file /home/airflow/.local/lib/python3.8/site-packages/airflow/example_dags/tutorial_taskflow_api.py for tasks to queue
[2025-05-07T19:07:51.151+0000] {logging_mixin.py:188} INFO - [2025-05-07T19:07:51.150+0000] {dagbag.py:538} INFO - Filling up the DagBag from /home/airflow/.local/lib/python3.8/site-packages/airflow/example_dags/tutorial_taskflow_api.py
[2025-05-07T19:07:51.161+0000] {processor.py:840} INFO - DAG(s) 'tutorial_taskflow_api' retrieved from /home/airflow/.local/lib/python3.8/site-packages/airflow/example_dags/tutorial_taskflow_api.py
[2025-05-07T19:07:51.185+0000] {logging_mixin.py:188} INFO - [2025-05-07T19:07:51.185+0000] {dag.py:3036} INFO - Sync 1 DAGs
[2025-05-07T19:07:51.198+0000] {logging_mixin.py:188} INFO - [2025-05-07T19:07:51.198+0000] {dag.py:3823} INFO - Setting next_dagrun for tutorial_taskflow_api to None, run_after=None
[2025-05-07T19:07:51.260+0000] {processor.py:183} INFO - Processing /home/airflow/.local/lib/python3.8/site-packages/airflow/example_dags/tutorial_taskflow_api.py took 0.120 seconds
[2025-05-07T19:08:21.754+0000] {processor.py:161} INFO - Started process (PID=433) to work on /home/airflow/.local/lib/python3.8/site-packages/airflow/example_dags/tutorial_taskflow_api.py
[2025-05-07T19:08:21.756+0000] {processor.py:830} INFO - Processing file /home/airflow/.local/lib/python3.8/site-packages/airflow/example_dags/tutorial_taskflow_api.py for tasks to queue
[2025-05-07T19:08:21.759+0000] {logging_mixin.py:188} INFO - [2025-05-07T19:08:21.758+0000] {dagbag.py:538} INFO - Filling up the DagBag from /home/airflow/.local/lib/python3.8/site-packages/airflow/example_dags/tutorial_taskflow_api.py
[2025-05-07T19:08:21.766+0000] {processor.py:840} INFO - DAG(s) 'tutorial_taskflow_api' retrieved from /home/airflow/.local/lib/python3.8/site-packages/airflow/example_dags/tutorial_taskflow_api.py
[2025-05-07T19:08:21.786+0000] {logging_mixin.py:188} INFO - [2025-05-07T19:08:21.786+0000] {dag.py:3036} INFO - Sync 1 DAGs
[2025-05-07T19:08:21.798+0000] {logging_mixin.py:188} INFO - [2025-05-07T19:08:21.797+0000] {dag.py:3823} INFO - Setting next_dagrun for tutorial_taskflow_api to None, run_after=None
[2025-05-07T19:08:21.817+0000] {processor.py:183} INFO - Processing /home/airflow/.local/lib/python3.8/site-packages/airflow/example_dags/tutorial_taskflow_api.py took 0.068 seconds
[2025-05-07T19:08:52.117+0000] {processor.py:161} INFO - Started process (PID=488) to work on /home/airflow/.local/lib/python3.8/site-packages/airflow/example_dags/tutorial_taskflow_api.py
[2025-05-07T19:08:52.119+0000] {processor.py:830} INFO - Processing file /home/airflow/.local/lib/python3.8/site-packages/airflow/example_dags/tutorial_taskflow_api.py for tasks to queue
[2025-05-07T19:08:52.121+0000] {logging_mixin.py:188} INFO - [2025-05-07T19:08:52.121+0000] {dagbag.py:538} INFO - Filling up the DagBag from /home/airflow/.local/lib/python3.8/site-packages/airflow/example_dags/tutorial_taskflow_api.py
[2025-05-07T19:08:52.128+0000] {processor.py:840} INFO - DAG(s) 'tutorial_taskflow_api' retrieved from /home/airflow/.local/lib/python3.8/site-packages/airflow/example_dags/tutorial_taskflow_api.py
[2025-05-07T19:08:52.150+0000] {logging_mixin.py:188} INFO - [2025-05-07T19:08:52.150+0000] {dag.py:3036} INFO - Sync 1 DAGs
[2025-05-07T19:08:52.165+0000] {logging_mixin.py:188} INFO - [2025-05-07T19:08:52.165+0000] {dag.py:3823} INFO - Setting next_dagrun for tutorial_taskflow_api to None, run_after=None
[2025-05-07T19:08:52.188+0000] {processor.py:183} INFO - Processing /home/airflow/.local/lib/python3.8/site-packages/airflow/example_dags/tutorial_taskflow_api.py took 0.075 seconds
[2025-05-07T19:09:22.406+0000] {processor.py:161} INFO - Started process (PID=543) to work on /home/airflow/.local/lib/python3.8/site-packages/airflow/example_dags/tutorial_taskflow_api.py
[2025-05-07T19:09:22.407+0000] {processor.py:830} INFO - Processing file /home/airflow/.local/lib/python3.8/site-packages/airflow/example_dags/tutorial_taskflow_api.py for tasks to queue
[2025-05-07T19:09:22.409+0000] {logging_mixin.py:188} INFO - [2025-05-07T19:09:22.409+0000] {dagbag.py:538} INFO - Filling up the DagBag from /home/airflow/.local/lib/python3.8/site-packages/airflow/example_dags/tutorial_taskflow_api.py
[2025-05-07T19:09:22.416+0000] {processor.py:840} INFO - DAG(s) 'tutorial_taskflow_api' retrieved from /home/airflow/.local/lib/python3.8/site-packages/airflow/example_dags/tutorial_taskflow_api.py
[2025-05-07T19:09:22.435+0000] {logging_mixin.py:188} INFO - [2025-05-07T19:09:22.435+0000] {dag.py:3036} INFO - Sync 1 DAGs
[2025-05-07T19:09:22.447+0000] {logging_mixin.py:188} INFO - [2025-05-07T19:09:22.446+0000] {dag.py:3823} INFO - Setting next_dagrun for tutorial_taskflow_api to None, run_after=None
[2025-05-07T19:09:22.469+0000] {processor.py:183} INFO - Processing /home/airflow/.local/lib/python3.8/site-packages/airflow/example_dags/tutorial_taskflow_api.py took 0.066 seconds
[2025-05-07T19:09:53.115+0000] {processor.py:161} INFO - Started process (PID=598) to work on /home/airflow/.local/lib/python3.8/site-packages/airflow/example_dags/tutorial_taskflow_api.py
[2025-05-07T19:09:53.116+0000] {processor.py:830} INFO - Processing file /home/airflow/.local/lib/python3.8/site-packages/airflow/example_dags/tutorial_taskflow_api.py for tasks to queue
[2025-05-07T19:09:53.119+0000] {logging_mixin.py:188} INFO - [2025-05-07T19:09:53.118+0000] {dagbag.py:538} INFO - Filling up the DagBag from /home/airflow/.local/lib/python3.8/site-packages/airflow/example_dags/tutorial_taskflow_api.py
[2025-05-07T19:09:53.125+0000] {processor.py:840} INFO - DAG(s) 'tutorial_taskflow_api' retrieved from /home/airflow/.local/lib/python3.8/site-packages/airflow/example_dags/tutorial_taskflow_api.py
[2025-05-07T19:09:53.146+0000] {logging_mixin.py:188} INFO - [2025-05-07T19:09:53.146+0000] {dag.py:3036} INFO - Sync 1 DAGs
[2025-05-07T19:09:53.167+0000] {logging_mixin.py:188} INFO - [2025-05-07T19:09:53.166+0000] {dag.py:3823} INFO - Setting next_dagrun for tutorial_taskflow_api to None, run_after=None
[2025-05-07T19:09:53.193+0000] {processor.py:183} INFO - Processing /home/airflow/.local/lib/python3.8/site-packages/airflow/example_dags/tutorial_taskflow_api.py took 0.082 seconds
[2025-05-07T19:10:23.665+0000] {processor.py:161} INFO - Started process (PID=655) to work on /home/airflow/.local/lib/python3.8/site-packages/airflow/example_dags/tutorial_taskflow_api.py
[2025-05-07T19:10:23.666+0000] {processor.py:830} INFO - Processing file /home/airflow/.local/lib/python3.8/site-packages/airflow/example_dags/tutorial_taskflow_api.py for tasks to queue
[2025-05-07T19:10:23.669+0000] {logging_mixin.py:188} INFO - [2025-05-07T19:10:23.668+0000] {dagbag.py:538} INFO - Filling up the DagBag from /home/airflow/.local/lib/python3.8/site-packages/airflow/example_dags/tutorial_taskflow_api.py
[2025-05-07T19:10:23.677+0000] {processor.py:840} INFO - DAG(s) 'tutorial_taskflow_api' retrieved from /home/airflow/.local/lib/python3.8/site-packages/airflow/example_dags/tutorial_taskflow_api.py
[2025-05-07T19:10:23.703+0000] {logging_mixin.py:188} INFO - [2025-05-07T19:10:23.703+0000] {dag.py:3036} INFO - Sync 1 DAGs
[2025-05-07T19:10:23.719+0000] {logging_mixin.py:188} INFO - [2025-05-07T19:10:23.718+0000] {dag.py:3823} INFO - Setting next_dagrun for tutorial_taskflow_api to None, run_after=None
[2025-05-07T19:10:23.746+0000] {processor.py:183} INFO - Processing /home/airflow/.local/lib/python3.8/site-packages/airflow/example_dags/tutorial_taskflow_api.py took 0.085 seconds
[2025-05-07T19:10:55.024+0000] {processor.py:161} INFO - Started process (PID=712) to work on /home/airflow/.local/lib/python3.8/site-packages/airflow/example_dags/tutorial_taskflow_api.py
[2025-05-07T19:10:55.026+0000] {processor.py:830} INFO - Processing file /home/airflow/.local/lib/python3.8/site-packages/airflow/example_dags/tutorial_taskflow_api.py for tasks to queue
[2025-05-07T19:10:55.028+0000] {logging_mixin.py:188} INFO - [2025-05-07T19:10:55.028+0000] {dagbag.py:538} INFO - Filling up the DagBag from /home/airflow/.local/lib/python3.8/site-packages/airflow/example_dags/tutorial_taskflow_api.py
[2025-05-07T19:10:55.035+0000] {processor.py:840} INFO - DAG(s) 'tutorial_taskflow_api' retrieved from /home/airflow/.local/lib/python3.8/site-packages/airflow/example_dags/tutorial_taskflow_api.py
[2025-05-07T19:10:55.056+0000] {logging_mixin.py:188} INFO - [2025-05-07T19:10:55.056+0000] {dag.py:3036} INFO - Sync 1 DAGs
[2025-05-07T19:10:55.074+0000] {logging_mixin.py:188} INFO - [2025-05-07T19:10:55.074+0000] {dag.py:3823} INFO - Setting next_dagrun for tutorial_taskflow_api to None, run_after=None
[2025-05-07T19:10:55.095+0000] {processor.py:183} INFO - Processing /home/airflow/.local/lib/python3.8/site-packages/airflow/example_dags/tutorial_taskflow_api.py took 0.074 seconds
[2025-05-07T19:11:25.518+0000] {processor.py:161} INFO - Started process (PID=771) to work on /home/airflow/.local/lib/python3.8/site-packages/airflow/example_dags/tutorial_taskflow_api.py
[2025-05-07T19:11:25.520+0000] {processor.py:830} INFO - Processing file /home/airflow/.local/lib/python3.8/site-packages/airflow/example_dags/tutorial_taskflow_api.py for tasks to queue
[2025-05-07T19:11:25.523+0000] {logging_mixin.py:188} INFO - [2025-05-07T19:11:25.523+0000] {dagbag.py:538} INFO - Filling up the DagBag from /home/airflow/.local/lib/python3.8/site-packages/airflow/example_dags/tutorial_taskflow_api.py
[2025-05-07T19:11:25.532+0000] {processor.py:840} INFO - DAG(s) 'tutorial_taskflow_api' retrieved from /home/airflow/.local/lib/python3.8/site-packages/airflow/example_dags/tutorial_taskflow_api.py
[2025-05-07T19:11:25.560+0000] {logging_mixin.py:188} INFO - [2025-05-07T19:11:25.560+0000] {dag.py:3036} INFO - Sync 1 DAGs
[2025-05-07T19:11:25.576+0000] {logging_mixin.py:188} INFO - [2025-05-07T19:11:25.576+0000] {dag.py:3823} INFO - Setting next_dagrun for tutorial_taskflow_api to None, run_after=None
[2025-05-07T19:11:25.598+0000] {processor.py:183} INFO - Processing /home/airflow/.local/lib/python3.8/site-packages/airflow/example_dags/tutorial_taskflow_api.py took 0.083 seconds
[2025-05-07T19:11:56.172+0000] {processor.py:161} INFO - Started process (PID=832) to work on /home/airflow/.local/lib/python3.8/site-packages/airflow/example_dags/tutorial_taskflow_api.py
[2025-05-07T19:11:56.174+0000] {processor.py:830} INFO - Processing file /home/airflow/.local/lib/python3.8/site-packages/airflow/example_dags/tutorial_taskflow_api.py for tasks to queue
[2025-05-07T19:11:56.176+0000] {logging_mixin.py:188} INFO - [2025-05-07T19:11:56.176+0000] {dagbag.py:538} INFO - Filling up the DagBag from /home/airflow/.local/lib/python3.8/site-packages/airflow/example_dags/tutorial_taskflow_api.py
[2025-05-07T19:11:56.183+0000] {processor.py:840} INFO - DAG(s) 'tutorial_taskflow_api' retrieved from /home/airflow/.local/lib/python3.8/site-packages/airflow/example_dags/tutorial_taskflow_api.py
[2025-05-07T19:11:56.204+0000] {logging_mixin.py:188} INFO - [2025-05-07T19:11:56.204+0000] {dag.py:3036} INFO - Sync 1 DAGs
[2025-05-07T19:11:56.217+0000] {logging_mixin.py:188} INFO - [2025-05-07T19:11:56.217+0000] {dag.py:3823} INFO - Setting next_dagrun for tutorial_taskflow_api to None, run_after=None
[2025-05-07T19:11:56.241+0000] {processor.py:183} INFO - Processing /home/airflow/.local/lib/python3.8/site-packages/airflow/example_dags/tutorial_taskflow_api.py took 0.072 seconds
[2025-05-07T19:12:27.127+0000] {processor.py:161} INFO - Started process (PID=887) to work on /home/airflow/.local/lib/python3.8/site-packages/airflow/example_dags/tutorial_taskflow_api.py
[2025-05-07T19:12:27.128+0000] {processor.py:830} INFO - Processing file /home/airflow/.local/lib/python3.8/site-packages/airflow/example_dags/tutorial_taskflow_api.py for tasks to queue
[2025-05-07T19:12:27.131+0000] {logging_mixin.py:188} INFO - [2025-05-07T19:12:27.130+0000] {dagbag.py:538} INFO - Filling up the DagBag from /home/airflow/.local/lib/python3.8/site-packages/airflow/example_dags/tutorial_taskflow_api.py
[2025-05-07T19:12:27.138+0000] {processor.py:840} INFO - DAG(s) 'tutorial_taskflow_api' retrieved from /home/airflow/.local/lib/python3.8/site-packages/airflow/example_dags/tutorial_taskflow_api.py
[2025-05-07T19:12:27.159+0000] {logging_mixin.py:188} INFO - [2025-05-07T19:12:27.158+0000] {dag.py:3036} INFO - Sync 1 DAGs
[2025-05-07T19:12:27.177+0000] {logging_mixin.py:188} INFO - [2025-05-07T19:12:27.176+0000] {dag.py:3823} INFO - Setting next_dagrun for tutorial_taskflow_api to None, run_after=None
[2025-05-07T19:12:27.207+0000] {processor.py:183} INFO - Processing /home/airflow/.local/lib/python3.8/site-packages/airflow/example_dags/tutorial_taskflow_api.py took 0.083 seconds
[2025-05-07T19:12:57.614+0000] {processor.py:161} INFO - Started process (PID=943) to work on /home/airflow/.local/lib/python3.8/site-packages/airflow/example_dags/tutorial_taskflow_api.py
[2025-05-07T19:12:57.615+0000] {processor.py:830} INFO - Processing file /home/airflow/.local/lib/python3.8/site-packages/airflow/example_dags/tutorial_taskflow_api.py for tasks to queue
[2025-05-07T19:12:57.618+0000] {logging_mixin.py:188} INFO - [2025-05-07T19:12:57.618+0000] {dagbag.py:538} INFO - Filling up the DagBag from /home/airflow/.local/lib/python3.8/site-packages/airflow/example_dags/tutorial_taskflow_api.py
[2025-05-07T19:12:57.626+0000] {processor.py:840} INFO - DAG(s) 'tutorial_taskflow_api' retrieved from /home/airflow/.local/lib/python3.8/site-packages/airflow/example_dags/tutorial_taskflow_api.py
[2025-05-07T19:12:57.644+0000] {logging_mixin.py:188} INFO - [2025-05-07T19:12:57.644+0000] {dag.py:3036} INFO - Sync 1 DAGs
[2025-05-07T19:12:57.656+0000] {logging_mixin.py:188} INFO - [2025-05-07T19:12:57.656+0000] {dag.py:3823} INFO - Setting next_dagrun for tutorial_taskflow_api to None, run_after=None
[2025-05-07T19:12:57.678+0000] {processor.py:183} INFO - Processing /home/airflow/.local/lib/python3.8/site-packages/airflow/example_dags/tutorial_taskflow_api.py took 0.067 seconds
[2025-05-07T19:13:28.146+0000] {processor.py:161} INFO - Started process (PID=999) to work on /home/airflow/.local/lib/python3.8/site-packages/airflow/example_dags/tutorial_taskflow_api.py
[2025-05-07T19:13:28.147+0000] {processor.py:830} INFO - Processing file /home/airflow/.local/lib/python3.8/site-packages/airflow/example_dags/tutorial_taskflow_api.py for tasks to queue
[2025-05-07T19:13:28.152+0000] {logging_mixin.py:188} INFO - [2025-05-07T19:13:28.152+0000] {dagbag.py:538} INFO - Filling up the DagBag from /home/airflow/.local/lib/python3.8/site-packages/airflow/example_dags/tutorial_taskflow_api.py
[2025-05-07T19:13:28.159+0000] {processor.py:840} INFO - DAG(s) 'tutorial_taskflow_api' retrieved from /home/airflow/.local/lib/python3.8/site-packages/airflow/example_dags/tutorial_taskflow_api.py
[2025-05-07T19:13:28.179+0000] {logging_mixin.py:188} INFO - [2025-05-07T19:13:28.178+0000] {dag.py:3036} INFO - Sync 1 DAGs
[2025-05-07T19:13:28.190+0000] {logging_mixin.py:188} INFO - [2025-05-07T19:13:28.190+0000] {dag.py:3823} INFO - Setting next_dagrun for tutorial_taskflow_api to None, run_after=None
[2025-05-07T19:13:28.212+0000] {processor.py:183} INFO - Processing /home/airflow/.local/lib/python3.8/site-packages/airflow/example_dags/tutorial_taskflow_api.py took 0.070 seconds
[2025-05-07T19:13:58.463+0000] {processor.py:161} INFO - Started process (PID=1054) to work on /home/airflow/.local/lib/python3.8/site-packages/airflow/example_dags/tutorial_taskflow_api.py
[2025-05-07T19:13:58.465+0000] {processor.py:830} INFO - Processing file /home/airflow/.local/lib/python3.8/site-packages/airflow/example_dags/tutorial_taskflow_api.py for tasks to queue
[2025-05-07T19:13:58.469+0000] {logging_mixin.py:188} INFO - [2025-05-07T19:13:58.468+0000] {dagbag.py:538} INFO - Filling up the DagBag from /home/airflow/.local/lib/python3.8/site-packages/airflow/example_dags/tutorial_taskflow_api.py
[2025-05-07T19:13:58.479+0000] {processor.py:840} INFO - DAG(s) 'tutorial_taskflow_api' retrieved from /home/airflow/.local/lib/python3.8/site-packages/airflow/example_dags/tutorial_taskflow_api.py
[2025-05-07T19:13:58.507+0000] {logging_mixin.py:188} INFO - [2025-05-07T19:13:58.506+0000] {dag.py:3036} INFO - Sync 1 DAGs
[2025-05-07T19:13:58.523+0000] {logging_mixin.py:188} INFO - [2025-05-07T19:13:58.522+0000] {dag.py:3823} INFO - Setting next_dagrun for tutorial_taskflow_api to None, run_after=None
[2025-05-07T19:13:58.549+0000] {processor.py:183} INFO - Processing /home/airflow/.local/lib/python3.8/site-packages/airflow/example_dags/tutorial_taskflow_api.py took 0.089 seconds
[2025-05-07T19:14:28.779+0000] {processor.py:161} INFO - Started process (PID=1110) to work on /home/airflow/.local/lib/python3.8/site-packages/airflow/example_dags/tutorial_taskflow_api.py
[2025-05-07T19:14:28.780+0000] {processor.py:830} INFO - Processing file /home/airflow/.local/lib/python3.8/site-packages/airflow/example_dags/tutorial_taskflow_api.py for tasks to queue
[2025-05-07T19:14:28.783+0000] {logging_mixin.py:188} INFO - [2025-05-07T19:14:28.782+0000] {dagbag.py:538} INFO - Filling up the DagBag from /home/airflow/.local/lib/python3.8/site-packages/airflow/example_dags/tutorial_taskflow_api.py
[2025-05-07T19:14:28.792+0000] {processor.py:840} INFO - DAG(s) 'tutorial_taskflow_api' retrieved from /home/airflow/.local/lib/python3.8/site-packages/airflow/example_dags/tutorial_taskflow_api.py
[2025-05-07T19:14:28.821+0000] {logging_mixin.py:188} INFO - [2025-05-07T19:14:28.820+0000] {dag.py:3036} INFO - Sync 1 DAGs
[2025-05-07T19:14:28.838+0000] {logging_mixin.py:188} INFO - [2025-05-07T19:14:28.838+0000] {dag.py:3823} INFO - Setting next_dagrun for tutorial_taskflow_api to None, run_after=None
[2025-05-07T19:14:28.864+0000] {processor.py:183} INFO - Processing /home/airflow/.local/lib/python3.8/site-packages/airflow/example_dags/tutorial_taskflow_api.py took 0.089 seconds
[2025-05-07T19:14:59.222+0000] {processor.py:161} INFO - Started process (PID=1167) to work on /home/airflow/.local/lib/python3.8/site-packages/airflow/example_dags/tutorial_taskflow_api.py
[2025-05-07T19:14:59.224+0000] {processor.py:830} INFO - Processing file /home/airflow/.local/lib/python3.8/site-packages/airflow/example_dags/tutorial_taskflow_api.py for tasks to queue
[2025-05-07T19:14:59.226+0000] {logging_mixin.py:188} INFO - [2025-05-07T19:14:59.225+0000] {dagbag.py:538} INFO - Filling up the DagBag from /home/airflow/.local/lib/python3.8/site-packages/airflow/example_dags/tutorial_taskflow_api.py
[2025-05-07T19:14:59.232+0000] {processor.py:840} INFO - DAG(s) 'tutorial_taskflow_api' retrieved from /home/airflow/.local/lib/python3.8/site-packages/airflow/example_dags/tutorial_taskflow_api.py
[2025-05-07T19:14:59.252+0000] {logging_mixin.py:188} INFO - [2025-05-07T19:14:59.252+0000] {dag.py:3036} INFO - Sync 1 DAGs
[2025-05-07T19:14:59.265+0000] {logging_mixin.py:188} INFO - [2025-05-07T19:14:59.264+0000] {dag.py:3823} INFO - Setting next_dagrun for tutorial_taskflow_api to None, run_after=None
[2025-05-07T19:14:59.287+0000] {processor.py:183} INFO - Processing /home/airflow/.local/lib/python3.8/site-packages/airflow/example_dags/tutorial_taskflow_api.py took 0.068 seconds
[2025-05-07T19:15:29.684+0000] {processor.py:161} INFO - Started process (PID=1223) to work on /home/airflow/.local/lib/python3.8/site-packages/airflow/example_dags/tutorial_taskflow_api.py
[2025-05-07T19:15:29.686+0000] {processor.py:830} INFO - Processing file /home/airflow/.local/lib/python3.8/site-packages/airflow/example_dags/tutorial_taskflow_api.py for tasks to queue
[2025-05-07T19:15:29.688+0000] {logging_mixin.py:188} INFO - [2025-05-07T19:15:29.688+0000] {dagbag.py:538} INFO - Filling up the DagBag from /home/airflow/.local/lib/python3.8/site-packages/airflow/example_dags/tutorial_taskflow_api.py
[2025-05-07T19:15:29.694+0000] {processor.py:840} INFO - DAG(s) 'tutorial_taskflow_api' retrieved from /home/airflow/.local/lib/python3.8/site-packages/airflow/example_dags/tutorial_taskflow_api.py
[2025-05-07T19:15:29.713+0000] {logging_mixin.py:188} INFO - [2025-05-07T19:15:29.713+0000] {dag.py:3036} INFO - Sync 1 DAGs
[2025-05-07T19:15:29.726+0000] {logging_mixin.py:188} INFO - [2025-05-07T19:15:29.726+0000] {dag.py:3823} INFO - Setting next_dagrun for tutorial_taskflow_api to None, run_after=None
[2025-05-07T19:15:29.745+0000] {processor.py:183} INFO - Processing /home/airflow/.local/lib/python3.8/site-packages/airflow/example_dags/tutorial_taskflow_api.py took 0.064 seconds
[2025-05-07T19:16:00.717+0000] {processor.py:161} INFO - Started process (PID=1280) to work on /home/airflow/.local/lib/python3.8/site-packages/airflow/example_dags/tutorial_taskflow_api.py
[2025-05-07T19:16:00.718+0000] {processor.py:830} INFO - Processing file /home/airflow/.local/lib/python3.8/site-packages/airflow/example_dags/tutorial_taskflow_api.py for tasks to queue
[2025-05-07T19:16:00.720+0000] {logging_mixin.py:188} INFO - [2025-05-07T19:16:00.720+0000] {dagbag.py:538} INFO - Filling up the DagBag from /home/airflow/.local/lib/python3.8/site-packages/airflow/example_dags/tutorial_taskflow_api.py
[2025-05-07T19:16:00.726+0000] {processor.py:840} INFO - DAG(s) 'tutorial_taskflow_api' retrieved from /home/airflow/.local/lib/python3.8/site-packages/airflow/example_dags/tutorial_taskflow_api.py
[2025-05-07T19:16:00.747+0000] {logging_mixin.py:188} INFO - [2025-05-07T19:16:00.746+0000] {dag.py:3036} INFO - Sync 1 DAGs
[2025-05-07T19:16:00.758+0000] {logging_mixin.py:188} INFO - [2025-05-07T19:16:00.758+0000] {dag.py:3823} INFO - Setting next_dagrun for tutorial_taskflow_api to None, run_after=None
[2025-05-07T19:16:00.780+0000] {processor.py:183} INFO - Processing /home/airflow/.local/lib/python3.8/site-packages/airflow/example_dags/tutorial_taskflow_api.py took 0.066 seconds
[2025-05-07T19:16:31.262+0000] {processor.py:161} INFO - Started process (PID=1336) to work on /home/airflow/.local/lib/python3.8/site-packages/airflow/example_dags/tutorial_taskflow_api.py
[2025-05-07T19:16:31.264+0000] {processor.py:830} INFO - Processing file /home/airflow/.local/lib/python3.8/site-packages/airflow/example_dags/tutorial_taskflow_api.py for tasks to queue
[2025-05-07T19:16:31.266+0000] {logging_mixin.py:188} INFO - [2025-05-07T19:16:31.265+0000] {dagbag.py:538} INFO - Filling up the DagBag from /home/airflow/.local/lib/python3.8/site-packages/airflow/example_dags/tutorial_taskflow_api.py
[2025-05-07T19:16:31.272+0000] {processor.py:840} INFO - DAG(s) 'tutorial_taskflow_api' retrieved from /home/airflow/.local/lib/python3.8/site-packages/airflow/example_dags/tutorial_taskflow_api.py
[2025-05-07T19:16:31.292+0000] {logging_mixin.py:188} INFO - [2025-05-07T19:16:31.291+0000] {dag.py:3036} INFO - Sync 1 DAGs
[2025-05-07T19:16:31.304+0000] {logging_mixin.py:188} INFO - [2025-05-07T19:16:31.304+0000] {dag.py:3823} INFO - Setting next_dagrun for tutorial_taskflow_api to None, run_after=None
[2025-05-07T19:16:31.325+0000] {processor.py:183} INFO - Processing /home/airflow/.local/lib/python3.8/site-packages/airflow/example_dags/tutorial_taskflow_api.py took 0.066 seconds
[2025-05-07T19:17:02.024+0000] {processor.py:161} INFO - Started process (PID=1392) to work on /home/airflow/.local/lib/python3.8/site-packages/airflow/example_dags/tutorial_taskflow_api.py
[2025-05-07T19:17:02.026+0000] {processor.py:830} INFO - Processing file /home/airflow/.local/lib/python3.8/site-packages/airflow/example_dags/tutorial_taskflow_api.py for tasks to queue
[2025-05-07T19:17:02.028+0000] {logging_mixin.py:188} INFO - [2025-05-07T19:17:02.028+0000] {dagbag.py:538} INFO - Filling up the DagBag from /home/airflow/.local/lib/python3.8/site-packages/airflow/example_dags/tutorial_taskflow_api.py
[2025-05-07T19:17:02.035+0000] {processor.py:840} INFO - DAG(s) 'tutorial_taskflow_api' retrieved from /home/airflow/.local/lib/python3.8/site-packages/airflow/example_dags/tutorial_taskflow_api.py
[2025-05-07T19:17:02.057+0000] {logging_mixin.py:188} INFO - [2025-05-07T19:17:02.056+0000] {dag.py:3036} INFO - Sync 1 DAGs
[2025-05-07T19:17:02.069+0000] {logging_mixin.py:188} INFO - [2025-05-07T19:17:02.069+0000] {dag.py:3823} INFO - Setting next_dagrun for tutorial_taskflow_api to None, run_after=None
[2025-05-07T19:17:02.090+0000] {processor.py:183} INFO - Processing /home/airflow/.local/lib/python3.8/site-packages/airflow/example_dags/tutorial_taskflow_api.py took 0.070 seconds
[2025-05-07T19:17:32.628+0000] {processor.py:161} INFO - Started process (PID=1448) to work on /home/airflow/.local/lib/python3.8/site-packages/airflow/example_dags/tutorial_taskflow_api.py
[2025-05-07T19:17:32.629+0000] {processor.py:830} INFO - Processing file /home/airflow/.local/lib/python3.8/site-packages/airflow/example_dags/tutorial_taskflow_api.py for tasks to queue
[2025-05-07T19:17:32.631+0000] {logging_mixin.py:188} INFO - [2025-05-07T19:17:32.631+0000] {dagbag.py:538} INFO - Filling up the DagBag from /home/airflow/.local/lib/python3.8/site-packages/airflow/example_dags/tutorial_taskflow_api.py
[2025-05-07T19:17:32.637+0000] {processor.py:840} INFO - DAG(s) 'tutorial_taskflow_api' retrieved from /home/airflow/.local/lib/python3.8/site-packages/airflow/example_dags/tutorial_taskflow_api.py
[2025-05-07T19:17:32.655+0000] {logging_mixin.py:188} INFO - [2025-05-07T19:17:32.655+0000] {dag.py:3036} INFO - Sync 1 DAGs
[2025-05-07T19:17:32.667+0000] {logging_mixin.py:188} INFO - [2025-05-07T19:17:32.666+0000] {dag.py:3823} INFO - Setting next_dagrun for tutorial_taskflow_api to None, run_after=None
[2025-05-07T19:17:32.684+0000] {processor.py:183} INFO - Processing /home/airflow/.local/lib/python3.8/site-packages/airflow/example_dags/tutorial_taskflow_api.py took 0.059 seconds
[2025-05-07T19:18:03.711+0000] {processor.py:161} INFO - Started process (PID=1504) to work on /home/airflow/.local/lib/python3.8/site-packages/airflow/example_dags/tutorial_taskflow_api.py
[2025-05-07T19:18:03.712+0000] {processor.py:830} INFO - Processing file /home/airflow/.local/lib/python3.8/site-packages/airflow/example_dags/tutorial_taskflow_api.py for tasks to queue
[2025-05-07T19:18:03.714+0000] {logging_mixin.py:188} INFO - [2025-05-07T19:18:03.714+0000] {dagbag.py:538} INFO - Filling up the DagBag from /home/airflow/.local/lib/python3.8/site-packages/airflow/example_dags/tutorial_taskflow_api.py
[2025-05-07T19:18:03.723+0000] {processor.py:840} INFO - DAG(s) 'tutorial_taskflow_api' retrieved from /home/airflow/.local/lib/python3.8/site-packages/airflow/example_dags/tutorial_taskflow_api.py
[2025-05-07T19:18:03.743+0000] {logging_mixin.py:188} INFO - [2025-05-07T19:18:03.743+0000] {dag.py:3036} INFO - Sync 1 DAGs
[2025-05-07T19:18:03.756+0000] {logging_mixin.py:188} INFO - [2025-05-07T19:18:03.755+0000] {dag.py:3823} INFO - Setting next_dagrun for tutorial_taskflow_api to None, run_after=None
[2025-05-07T19:18:03.778+0000] {processor.py:183} INFO - Processing /home/airflow/.local/lib/python3.8/site-packages/airflow/example_dags/tutorial_taskflow_api.py took 0.072 seconds
[2025-05-07T19:18:34.133+0000] {processor.py:161} INFO - Started process (PID=1560) to work on /home/airflow/.local/lib/python3.8/site-packages/airflow/example_dags/tutorial_taskflow_api.py
[2025-05-07T19:18:34.135+0000] {processor.py:830} INFO - Processing file /home/airflow/.local/lib/python3.8/site-packages/airflow/example_dags/tutorial_taskflow_api.py for tasks to queue
[2025-05-07T19:18:34.137+0000] {logging_mixin.py:188} INFO - [2025-05-07T19:18:34.137+0000] {dagbag.py:538} INFO - Filling up the DagBag from /home/airflow/.local/lib/python3.8/site-packages/airflow/example_dags/tutorial_taskflow_api.py
[2025-05-07T19:18:34.147+0000] {processor.py:840} INFO - DAG(s) 'tutorial_taskflow_api' retrieved from /home/airflow/.local/lib/python3.8/site-packages/airflow/example_dags/tutorial_taskflow_api.py
[2025-05-07T19:18:34.167+0000] {logging_mixin.py:188} INFO - [2025-05-07T19:18:34.166+0000] {dag.py:3036} INFO - Sync 1 DAGs
[2025-05-07T19:18:34.183+0000] {logging_mixin.py:188} INFO - [2025-05-07T19:18:34.183+0000] {dag.py:3823} INFO - Setting next_dagrun for tutorial_taskflow_api to None, run_after=None
[2025-05-07T19:18:34.205+0000] {processor.py:183} INFO - Processing /home/airflow/.local/lib/python3.8/site-packages/airflow/example_dags/tutorial_taskflow_api.py took 0.075 seconds
[2025-05-07T19:19:04.595+0000] {processor.py:161} INFO - Started process (PID=1616) to work on /home/airflow/.local/lib/python3.8/site-packages/airflow/example_dags/tutorial_taskflow_api.py
[2025-05-07T19:19:04.596+0000] {processor.py:830} INFO - Processing file /home/airflow/.local/lib/python3.8/site-packages/airflow/example_dags/tutorial_taskflow_api.py for tasks to queue
[2025-05-07T19:19:04.598+0000] {logging_mixin.py:188} INFO - [2025-05-07T19:19:04.598+0000] {dagbag.py:538} INFO - Filling up the DagBag from /home/airflow/.local/lib/python3.8/site-packages/airflow/example_dags/tutorial_taskflow_api.py
[2025-05-07T19:19:04.604+0000] {processor.py:840} INFO - DAG(s) 'tutorial_taskflow_api' retrieved from /home/airflow/.local/lib/python3.8/site-packages/airflow/example_dags/tutorial_taskflow_api.py
[2025-05-07T19:19:04.624+0000] {logging_mixin.py:188} INFO - [2025-05-07T19:19:04.623+0000] {dag.py:3036} INFO - Sync 1 DAGs
[2025-05-07T19:19:04.635+0000] {logging_mixin.py:188} INFO - [2025-05-07T19:19:04.635+0000] {dag.py:3823} INFO - Setting next_dagrun for tutorial_taskflow_api to None, run_after=None
[2025-05-07T19:19:04.653+0000] {processor.py:183} INFO - Processing /home/airflow/.local/lib/python3.8/site-packages/airflow/example_dags/tutorial_taskflow_api.py took 0.061 seconds
[2025-05-07T19:19:36.528+0000] {processor.py:161} INFO - Started process (PID=1672) to work on /home/airflow/.local/lib/python3.8/site-packages/airflow/example_dags/tutorial_taskflow_api.py
[2025-05-07T19:19:36.532+0000] {processor.py:830} INFO - Processing file /home/airflow/.local/lib/python3.8/site-packages/airflow/example_dags/tutorial_taskflow_api.py for tasks to queue
[2025-05-07T19:19:36.537+0000] {logging_mixin.py:188} INFO - [2025-05-07T19:19:36.536+0000] {dagbag.py:538} INFO - Filling up the DagBag from /home/airflow/.local/lib/python3.8/site-packages/airflow/example_dags/tutorial_taskflow_api.py
[2025-05-07T19:19:36.546+0000] {processor.py:840} INFO - DAG(s) 'tutorial_taskflow_api' retrieved from /home/airflow/.local/lib/python3.8/site-packages/airflow/example_dags/tutorial_taskflow_api.py
[2025-05-07T19:19:36.569+0000] {logging_mixin.py:188} INFO - [2025-05-07T19:19:36.569+0000] {dag.py:3036} INFO - Sync 1 DAGs
[2025-05-07T19:19:36.585+0000] {logging_mixin.py:188} INFO - [2025-05-07T19:19:36.585+0000] {dag.py:3823} INFO - Setting next_dagrun for tutorial_taskflow_api to None, run_after=None
[2025-05-07T19:19:36.611+0000] {processor.py:183} INFO - Processing /home/airflow/.local/lib/python3.8/site-packages/airflow/example_dags/tutorial_taskflow_api.py took 0.090 seconds
[2025-05-07T19:20:07.318+0000] {processor.py:161} INFO - Started process (PID=1728) to work on /home/airflow/.local/lib/python3.8/site-packages/airflow/example_dags/tutorial_taskflow_api.py
[2025-05-07T19:20:07.320+0000] {processor.py:830} INFO - Processing file /home/airflow/.local/lib/python3.8/site-packages/airflow/example_dags/tutorial_taskflow_api.py for tasks to queue
[2025-05-07T19:20:07.322+0000] {logging_mixin.py:188} INFO - [2025-05-07T19:20:07.322+0000] {dagbag.py:538} INFO - Filling up the DagBag from /home/airflow/.local/lib/python3.8/site-packages/airflow/example_dags/tutorial_taskflow_api.py
[2025-05-07T19:20:07.338+0000] {processor.py:840} INFO - DAG(s) 'tutorial_taskflow_api' retrieved from /home/airflow/.local/lib/python3.8/site-packages/airflow/example_dags/tutorial_taskflow_api.py
[2025-05-07T19:20:07.368+0000] {logging_mixin.py:188} INFO - [2025-05-07T19:20:07.368+0000] {dag.py:3036} INFO - Sync 1 DAGs
[2025-05-07T19:20:07.383+0000] {logging_mixin.py:188} INFO - [2025-05-07T19:20:07.382+0000] {dag.py:3823} INFO - Setting next_dagrun for tutorial_taskflow_api to None, run_after=None
[2025-05-07T19:20:07.404+0000] {processor.py:183} INFO - Processing /home/airflow/.local/lib/python3.8/site-packages/airflow/example_dags/tutorial_taskflow_api.py took 0.090 seconds
[2025-05-07T19:20:37.602+0000] {processor.py:161} INFO - Started process (PID=1784) to work on /home/airflow/.local/lib/python3.8/site-packages/airflow/example_dags/tutorial_taskflow_api.py
[2025-05-07T19:20:37.604+0000] {processor.py:830} INFO - Processing file /home/airflow/.local/lib/python3.8/site-packages/airflow/example_dags/tutorial_taskflow_api.py for tasks to queue
[2025-05-07T19:20:37.606+0000] {logging_mixin.py:188} INFO - [2025-05-07T19:20:37.606+0000] {dagbag.py:538} INFO - Filling up the DagBag from /home/airflow/.local/lib/python3.8/site-packages/airflow/example_dags/tutorial_taskflow_api.py
[2025-05-07T19:20:37.613+0000] {processor.py:840} INFO - DAG(s) 'tutorial_taskflow_api' retrieved from /home/airflow/.local/lib/python3.8/site-packages/airflow/example_dags/tutorial_taskflow_api.py
[2025-05-07T19:20:37.637+0000] {logging_mixin.py:188} INFO - [2025-05-07T19:20:37.637+0000] {dag.py:3036} INFO - Sync 1 DAGs
[2025-05-07T19:20:37.652+0000] {logging_mixin.py:188} INFO - [2025-05-07T19:20:37.652+0000] {dag.py:3823} INFO - Setting next_dagrun for tutorial_taskflow_api to None, run_after=None
[2025-05-07T19:20:37.676+0000] {processor.py:183} INFO - Processing /home/airflow/.local/lib/python3.8/site-packages/airflow/example_dags/tutorial_taskflow_api.py took 0.078 seconds
[2025-05-07T19:22:04.932+0000] {processor.py:161} INFO - Started process (PID=106) to work on /home/airflow/.local/lib/python3.8/site-packages/airflow/example_dags/tutorial_taskflow_api.py
[2025-05-07T19:22:04.935+0000] {processor.py:830} INFO - Processing file /home/airflow/.local/lib/python3.8/site-packages/airflow/example_dags/tutorial_taskflow_api.py for tasks to queue
[2025-05-07T19:22:04.937+0000] {logging_mixin.py:188} INFO - [2025-05-07T19:22:04.937+0000] {dagbag.py:538} INFO - Filling up the DagBag from /home/airflow/.local/lib/python3.8/site-packages/airflow/example_dags/tutorial_taskflow_api.py
[2025-05-07T19:22:04.945+0000] {processor.py:840} INFO - DAG(s) 'tutorial_taskflow_api' retrieved from /home/airflow/.local/lib/python3.8/site-packages/airflow/example_dags/tutorial_taskflow_api.py
[2025-05-07T19:22:04.961+0000] {logging_mixin.py:188} INFO - [2025-05-07T19:22:04.961+0000] {dag.py:3036} INFO - Sync 1 DAGs
[2025-05-07T19:22:04.980+0000] {logging_mixin.py:188} INFO - [2025-05-07T19:22:04.980+0000] {dag.py:3823} INFO - Setting next_dagrun for tutorial_taskflow_api to None, run_after=None
[2025-05-07T19:22:05.011+0000] {processor.py:183} INFO - Processing /home/airflow/.local/lib/python3.8/site-packages/airflow/example_dags/tutorial_taskflow_api.py took 0.082 seconds
[2025-05-07T19:22:36.273+0000] {processor.py:161} INFO - Started process (PID=169) to work on /home/airflow/.local/lib/python3.8/site-packages/airflow/example_dags/tutorial_taskflow_api.py
[2025-05-07T19:22:36.275+0000] {processor.py:830} INFO - Processing file /home/airflow/.local/lib/python3.8/site-packages/airflow/example_dags/tutorial_taskflow_api.py for tasks to queue
[2025-05-07T19:22:36.277+0000] {logging_mixin.py:188} INFO - [2025-05-07T19:22:36.277+0000] {dagbag.py:538} INFO - Filling up the DagBag from /home/airflow/.local/lib/python3.8/site-packages/airflow/example_dags/tutorial_taskflow_api.py
[2025-05-07T19:22:36.284+0000] {processor.py:840} INFO - DAG(s) 'tutorial_taskflow_api' retrieved from /home/airflow/.local/lib/python3.8/site-packages/airflow/example_dags/tutorial_taskflow_api.py
[2025-05-07T19:22:36.386+0000] {logging_mixin.py:188} INFO - [2025-05-07T19:22:36.385+0000] {dag.py:3036} INFO - Sync 1 DAGs
[2025-05-07T19:22:36.404+0000] {logging_mixin.py:188} INFO - [2025-05-07T19:22:36.404+0000] {dag.py:3823} INFO - Setting next_dagrun for tutorial_taskflow_api to None, run_after=None
[2025-05-07T19:22:36.438+0000] {processor.py:183} INFO - Processing /home/airflow/.local/lib/python3.8/site-packages/airflow/example_dags/tutorial_taskflow_api.py took 0.169 seconds
[2025-05-07T19:23:06.659+0000] {processor.py:161} INFO - Started process (PID=225) to work on /home/airflow/.local/lib/python3.8/site-packages/airflow/example_dags/tutorial_taskflow_api.py
[2025-05-07T19:23:06.661+0000] {processor.py:830} INFO - Processing file /home/airflow/.local/lib/python3.8/site-packages/airflow/example_dags/tutorial_taskflow_api.py for tasks to queue
[2025-05-07T19:23:06.666+0000] {logging_mixin.py:188} INFO - [2025-05-07T19:23:06.666+0000] {dagbag.py:538} INFO - Filling up the DagBag from /home/airflow/.local/lib/python3.8/site-packages/airflow/example_dags/tutorial_taskflow_api.py
[2025-05-07T19:23:06.676+0000] {processor.py:840} INFO - DAG(s) 'tutorial_taskflow_api' retrieved from /home/airflow/.local/lib/python3.8/site-packages/airflow/example_dags/tutorial_taskflow_api.py
[2025-05-07T19:23:06.706+0000] {logging_mixin.py:188} INFO - [2025-05-07T19:23:06.705+0000] {dag.py:3036} INFO - Sync 1 DAGs
[2025-05-07T19:23:06.722+0000] {logging_mixin.py:188} INFO - [2025-05-07T19:23:06.721+0000] {dag.py:3823} INFO - Setting next_dagrun for tutorial_taskflow_api to None, run_after=None
[2025-05-07T19:23:06.749+0000] {processor.py:183} INFO - Processing /home/airflow/.local/lib/python3.8/site-packages/airflow/example_dags/tutorial_taskflow_api.py took 0.097 seconds
[2025-05-07T19:23:36.997+0000] {processor.py:161} INFO - Started process (PID=286) to work on /home/airflow/.local/lib/python3.8/site-packages/airflow/example_dags/tutorial_taskflow_api.py
[2025-05-07T19:23:36.999+0000] {processor.py:830} INFO - Processing file /home/airflow/.local/lib/python3.8/site-packages/airflow/example_dags/tutorial_taskflow_api.py for tasks to queue
[2025-05-07T19:23:37.004+0000] {logging_mixin.py:188} INFO - [2025-05-07T19:23:37.003+0000] {dagbag.py:538} INFO - Filling up the DagBag from /home/airflow/.local/lib/python3.8/site-packages/airflow/example_dags/tutorial_taskflow_api.py
[2025-05-07T19:23:37.015+0000] {processor.py:840} INFO - DAG(s) 'tutorial_taskflow_api' retrieved from /home/airflow/.local/lib/python3.8/site-packages/airflow/example_dags/tutorial_taskflow_api.py
[2025-05-07T19:23:37.042+0000] {logging_mixin.py:188} INFO - [2025-05-07T19:23:37.042+0000] {dag.py:3036} INFO - Sync 1 DAGs
[2025-05-07T19:23:37.060+0000] {logging_mixin.py:188} INFO - [2025-05-07T19:23:37.060+0000] {dag.py:3823} INFO - Setting next_dagrun for tutorial_taskflow_api to None, run_after=None
[2025-05-07T19:23:37.082+0000] {processor.py:183} INFO - Processing /home/airflow/.local/lib/python3.8/site-packages/airflow/example_dags/tutorial_taskflow_api.py took 0.092 seconds
[2025-05-07T19:24:07.627+0000] {processor.py:161} INFO - Started process (PID=345) to work on /home/airflow/.local/lib/python3.8/site-packages/airflow/example_dags/tutorial_taskflow_api.py
[2025-05-07T19:24:07.629+0000] {processor.py:830} INFO - Processing file /home/airflow/.local/lib/python3.8/site-packages/airflow/example_dags/tutorial_taskflow_api.py for tasks to queue
[2025-05-07T19:24:07.633+0000] {logging_mixin.py:188} INFO - [2025-05-07T19:24:07.632+0000] {dagbag.py:538} INFO - Filling up the DagBag from /home/airflow/.local/lib/python3.8/site-packages/airflow/example_dags/tutorial_taskflow_api.py
[2025-05-07T19:24:07.641+0000] {processor.py:840} INFO - DAG(s) 'tutorial_taskflow_api' retrieved from /home/airflow/.local/lib/python3.8/site-packages/airflow/example_dags/tutorial_taskflow_api.py
[2025-05-07T19:24:07.662+0000] {logging_mixin.py:188} INFO - [2025-05-07T19:24:07.661+0000] {dag.py:3036} INFO - Sync 1 DAGs
[2025-05-07T19:24:07.674+0000] {logging_mixin.py:188} INFO - [2025-05-07T19:24:07.674+0000] {dag.py:3823} INFO - Setting next_dagrun for tutorial_taskflow_api to None, run_after=None
[2025-05-07T19:24:07.699+0000] {processor.py:183} INFO - Processing /home/airflow/.local/lib/python3.8/site-packages/airflow/example_dags/tutorial_taskflow_api.py took 0.076 seconds
[2025-05-07T19:24:38.093+0000] {processor.py:161} INFO - Started process (PID=408) to work on /home/airflow/.local/lib/python3.8/site-packages/airflow/example_dags/tutorial_taskflow_api.py
[2025-05-07T19:24:38.094+0000] {processor.py:830} INFO - Processing file /home/airflow/.local/lib/python3.8/site-packages/airflow/example_dags/tutorial_taskflow_api.py for tasks to queue
[2025-05-07T19:24:38.096+0000] {logging_mixin.py:188} INFO - [2025-05-07T19:24:38.096+0000] {dagbag.py:538} INFO - Filling up the DagBag from /home/airflow/.local/lib/python3.8/site-packages/airflow/example_dags/tutorial_taskflow_api.py
[2025-05-07T19:24:38.105+0000] {processor.py:840} INFO - DAG(s) 'tutorial_taskflow_api' retrieved from /home/airflow/.local/lib/python3.8/site-packages/airflow/example_dags/tutorial_taskflow_api.py
[2025-05-07T19:24:38.124+0000] {logging_mixin.py:188} INFO - [2025-05-07T19:24:38.123+0000] {dag.py:3036} INFO - Sync 1 DAGs
[2025-05-07T19:24:38.139+0000] {logging_mixin.py:188} INFO - [2025-05-07T19:24:38.139+0000] {dag.py:3823} INFO - Setting next_dagrun for tutorial_taskflow_api to None, run_after=None
[2025-05-07T19:24:38.161+0000] {processor.py:183} INFO - Processing /home/airflow/.local/lib/python3.8/site-packages/airflow/example_dags/tutorial_taskflow_api.py took 0.072 seconds
[2025-05-07T19:25:08.494+0000] {processor.py:161} INFO - Started process (PID=465) to work on /home/airflow/.local/lib/python3.8/site-packages/airflow/example_dags/tutorial_taskflow_api.py
[2025-05-07T19:25:08.496+0000] {processor.py:830} INFO - Processing file /home/airflow/.local/lib/python3.8/site-packages/airflow/example_dags/tutorial_taskflow_api.py for tasks to queue
[2025-05-07T19:25:08.498+0000] {logging_mixin.py:188} INFO - [2025-05-07T19:25:08.498+0000] {dagbag.py:538} INFO - Filling up the DagBag from /home/airflow/.local/lib/python3.8/site-packages/airflow/example_dags/tutorial_taskflow_api.py
[2025-05-07T19:25:08.505+0000] {processor.py:840} INFO - DAG(s) 'tutorial_taskflow_api' retrieved from /home/airflow/.local/lib/python3.8/site-packages/airflow/example_dags/tutorial_taskflow_api.py
[2025-05-07T19:25:08.527+0000] {logging_mixin.py:188} INFO - [2025-05-07T19:25:08.527+0000] {dag.py:3036} INFO - Sync 1 DAGs
[2025-05-07T19:25:08.543+0000] {logging_mixin.py:188} INFO - [2025-05-07T19:25:08.542+0000] {dag.py:3823} INFO - Setting next_dagrun for tutorial_taskflow_api to None, run_after=None
[2025-05-07T19:25:08.566+0000] {processor.py:183} INFO - Processing /home/airflow/.local/lib/python3.8/site-packages/airflow/example_dags/tutorial_taskflow_api.py took 0.075 seconds
[2025-05-07T19:25:39.454+0000] {processor.py:161} INFO - Started process (PID=522) to work on /home/airflow/.local/lib/python3.8/site-packages/airflow/example_dags/tutorial_taskflow_api.py
[2025-05-07T19:25:39.456+0000] {processor.py:830} INFO - Processing file /home/airflow/.local/lib/python3.8/site-packages/airflow/example_dags/tutorial_taskflow_api.py for tasks to queue
[2025-05-07T19:25:39.459+0000] {logging_mixin.py:188} INFO - [2025-05-07T19:25:39.458+0000] {dagbag.py:538} INFO - Filling up the DagBag from /home/airflow/.local/lib/python3.8/site-packages/airflow/example_dags/tutorial_taskflow_api.py
[2025-05-07T19:25:39.465+0000] {processor.py:840} INFO - DAG(s) 'tutorial_taskflow_api' retrieved from /home/airflow/.local/lib/python3.8/site-packages/airflow/example_dags/tutorial_taskflow_api.py
[2025-05-07T19:25:39.491+0000] {logging_mixin.py:188} INFO - [2025-05-07T19:25:39.490+0000] {dag.py:3036} INFO - Sync 1 DAGs
[2025-05-07T19:25:39.503+0000] {logging_mixin.py:188} INFO - [2025-05-07T19:25:39.502+0000] {dag.py:3823} INFO - Setting next_dagrun for tutorial_taskflow_api to None, run_after=None
[2025-05-07T19:25:39.523+0000] {processor.py:183} INFO - Processing /home/airflow/.local/lib/python3.8/site-packages/airflow/example_dags/tutorial_taskflow_api.py took 0.072 seconds
[2025-05-07T19:26:09.667+0000] {processor.py:161} INFO - Started process (PID=583) to work on /home/airflow/.local/lib/python3.8/site-packages/airflow/example_dags/tutorial_taskflow_api.py
[2025-05-07T19:26:09.669+0000] {processor.py:830} INFO - Processing file /home/airflow/.local/lib/python3.8/site-packages/airflow/example_dags/tutorial_taskflow_api.py for tasks to queue
[2025-05-07T19:26:09.672+0000] {logging_mixin.py:188} INFO - [2025-05-07T19:26:09.672+0000] {dagbag.py:538} INFO - Filling up the DagBag from /home/airflow/.local/lib/python3.8/site-packages/airflow/example_dags/tutorial_taskflow_api.py
[2025-05-07T19:26:09.683+0000] {processor.py:840} INFO - DAG(s) 'tutorial_taskflow_api' retrieved from /home/airflow/.local/lib/python3.8/site-packages/airflow/example_dags/tutorial_taskflow_api.py
[2025-05-07T19:26:09.714+0000] {logging_mixin.py:188} INFO - [2025-05-07T19:26:09.714+0000] {dag.py:3036} INFO - Sync 1 DAGs
[2025-05-07T19:26:09.730+0000] {logging_mixin.py:188} INFO - [2025-05-07T19:26:09.729+0000] {dag.py:3823} INFO - Setting next_dagrun for tutorial_taskflow_api to None, run_after=None
[2025-05-07T19:26:09.758+0000] {processor.py:183} INFO - Processing /home/airflow/.local/lib/python3.8/site-packages/airflow/example_dags/tutorial_taskflow_api.py took 0.096 seconds
[2025-05-07T19:26:41.361+0000] {processor.py:161} INFO - Started process (PID=648) to work on /home/airflow/.local/lib/python3.8/site-packages/airflow/example_dags/tutorial_taskflow_api.py
[2025-05-07T19:26:41.364+0000] {processor.py:830} INFO - Processing file /home/airflow/.local/lib/python3.8/site-packages/airflow/example_dags/tutorial_taskflow_api.py for tasks to queue
[2025-05-07T19:26:41.370+0000] {logging_mixin.py:188} INFO - [2025-05-07T19:26:41.370+0000] {dagbag.py:538} INFO - Filling up the DagBag from /home/airflow/.local/lib/python3.8/site-packages/airflow/example_dags/tutorial_taskflow_api.py
[2025-05-07T19:26:41.384+0000] {processor.py:840} INFO - DAG(s) 'tutorial_taskflow_api' retrieved from /home/airflow/.local/lib/python3.8/site-packages/airflow/example_dags/tutorial_taskflow_api.py
[2025-05-07T19:26:41.419+0000] {logging_mixin.py:188} INFO - [2025-05-07T19:26:41.418+0000] {dag.py:3036} INFO - Sync 1 DAGs
[2025-05-07T19:26:41.438+0000] {logging_mixin.py:188} INFO - [2025-05-07T19:26:41.437+0000] {dag.py:3823} INFO - Setting next_dagrun for tutorial_taskflow_api to None, run_after=None
[2025-05-07T19:26:41.461+0000] {processor.py:183} INFO - Processing /home/airflow/.local/lib/python3.8/site-packages/airflow/example_dags/tutorial_taskflow_api.py took 0.105 seconds
[2025-05-07T19:27:12.061+0000] {processor.py:161} INFO - Started process (PID=705) to work on /home/airflow/.local/lib/python3.8/site-packages/airflow/example_dags/tutorial_taskflow_api.py
[2025-05-07T19:27:12.062+0000] {processor.py:830} INFO - Processing file /home/airflow/.local/lib/python3.8/site-packages/airflow/example_dags/tutorial_taskflow_api.py for tasks to queue
[2025-05-07T19:27:12.065+0000] {logging_mixin.py:188} INFO - [2025-05-07T19:27:12.064+0000] {dagbag.py:538} INFO - Filling up the DagBag from /home/airflow/.local/lib/python3.8/site-packages/airflow/example_dags/tutorial_taskflow_api.py
[2025-05-07T19:27:12.072+0000] {processor.py:840} INFO - DAG(s) 'tutorial_taskflow_api' retrieved from /home/airflow/.local/lib/python3.8/site-packages/airflow/example_dags/tutorial_taskflow_api.py
[2025-05-07T19:27:12.095+0000] {logging_mixin.py:188} INFO - [2025-05-07T19:27:12.095+0000] {dag.py:3036} INFO - Sync 1 DAGs
[2025-05-07T19:27:12.108+0000] {logging_mixin.py:188} INFO - [2025-05-07T19:27:12.108+0000] {dag.py:3823} INFO - Setting next_dagrun for tutorial_taskflow_api to None, run_after=None
[2025-05-07T19:27:12.130+0000] {processor.py:183} INFO - Processing /home/airflow/.local/lib/python3.8/site-packages/airflow/example_dags/tutorial_taskflow_api.py took 0.073 seconds
[2025-05-07T19:27:43.030+0000] {processor.py:161} INFO - Started process (PID=762) to work on /home/airflow/.local/lib/python3.8/site-packages/airflow/example_dags/tutorial_taskflow_api.py
[2025-05-07T19:27:43.035+0000] {processor.py:830} INFO - Processing file /home/airflow/.local/lib/python3.8/site-packages/airflow/example_dags/tutorial_taskflow_api.py for tasks to queue
[2025-05-07T19:27:43.042+0000] {logging_mixin.py:188} INFO - [2025-05-07T19:27:43.041+0000] {dagbag.py:538} INFO - Filling up the DagBag from /home/airflow/.local/lib/python3.8/site-packages/airflow/example_dags/tutorial_taskflow_api.py
[2025-05-07T19:27:43.054+0000] {processor.py:840} INFO - DAG(s) 'tutorial_taskflow_api' retrieved from /home/airflow/.local/lib/python3.8/site-packages/airflow/example_dags/tutorial_taskflow_api.py
[2025-05-07T19:27:43.078+0000] {logging_mixin.py:188} INFO - [2025-05-07T19:27:43.078+0000] {dag.py:3036} INFO - Sync 1 DAGs
[2025-05-07T19:27:43.094+0000] {logging_mixin.py:188} INFO - [2025-05-07T19:27:43.094+0000] {dag.py:3823} INFO - Setting next_dagrun for tutorial_taskflow_api to None, run_after=None
[2025-05-07T19:27:43.124+0000] {processor.py:183} INFO - Processing /home/airflow/.local/lib/python3.8/site-packages/airflow/example_dags/tutorial_taskflow_api.py took 0.100 seconds
[2025-05-07T19:28:13.536+0000] {processor.py:161} INFO - Started process (PID=819) to work on /home/airflow/.local/lib/python3.8/site-packages/airflow/example_dags/tutorial_taskflow_api.py
[2025-05-07T19:28:13.538+0000] {processor.py:830} INFO - Processing file /home/airflow/.local/lib/python3.8/site-packages/airflow/example_dags/tutorial_taskflow_api.py for tasks to queue
[2025-05-07T19:28:13.541+0000] {logging_mixin.py:188} INFO - [2025-05-07T19:28:13.541+0000] {dagbag.py:538} INFO - Filling up the DagBag from /home/airflow/.local/lib/python3.8/site-packages/airflow/example_dags/tutorial_taskflow_api.py
[2025-05-07T19:28:13.549+0000] {processor.py:840} INFO - DAG(s) 'tutorial_taskflow_api' retrieved from /home/airflow/.local/lib/python3.8/site-packages/airflow/example_dags/tutorial_taskflow_api.py
[2025-05-07T19:28:13.569+0000] {logging_mixin.py:188} INFO - [2025-05-07T19:28:13.568+0000] {dag.py:3036} INFO - Sync 1 DAGs
[2025-05-07T19:28:13.580+0000] {logging_mixin.py:188} INFO - [2025-05-07T19:28:13.580+0000] {dag.py:3823} INFO - Setting next_dagrun for tutorial_taskflow_api to None, run_after=None
[2025-05-07T19:28:13.599+0000] {processor.py:183} INFO - Processing /home/airflow/.local/lib/python3.8/site-packages/airflow/example_dags/tutorial_taskflow_api.py took 0.066 seconds
[2025-05-07T19:28:44.603+0000] {processor.py:161} INFO - Started process (PID=877) to work on /home/airflow/.local/lib/python3.8/site-packages/airflow/example_dags/tutorial_taskflow_api.py
[2025-05-07T19:28:44.605+0000] {processor.py:830} INFO - Processing file /home/airflow/.local/lib/python3.8/site-packages/airflow/example_dags/tutorial_taskflow_api.py for tasks to queue
[2025-05-07T19:28:44.607+0000] {logging_mixin.py:188} INFO - [2025-05-07T19:28:44.607+0000] {dagbag.py:538} INFO - Filling up the DagBag from /home/airflow/.local/lib/python3.8/site-packages/airflow/example_dags/tutorial_taskflow_api.py
[2025-05-07T19:28:44.614+0000] {processor.py:840} INFO - DAG(s) 'tutorial_taskflow_api' retrieved from /home/airflow/.local/lib/python3.8/site-packages/airflow/example_dags/tutorial_taskflow_api.py
[2025-05-07T19:28:44.635+0000] {logging_mixin.py:188} INFO - [2025-05-07T19:28:44.634+0000] {dag.py:3036} INFO - Sync 1 DAGs
[2025-05-07T19:28:44.650+0000] {logging_mixin.py:188} INFO - [2025-05-07T19:28:44.649+0000] {dag.py:3823} INFO - Setting next_dagrun for tutorial_taskflow_api to None, run_after=None
[2025-05-07T19:28:44.673+0000] {processor.py:183} INFO - Processing /home/airflow/.local/lib/python3.8/site-packages/airflow/example_dags/tutorial_taskflow_api.py took 0.074 seconds
[2025-05-07T19:29:15.018+0000] {processor.py:161} INFO - Started process (PID=934) to work on /home/airflow/.local/lib/python3.8/site-packages/airflow/example_dags/tutorial_taskflow_api.py
[2025-05-07T19:29:15.019+0000] {processor.py:830} INFO - Processing file /home/airflow/.local/lib/python3.8/site-packages/airflow/example_dags/tutorial_taskflow_api.py for tasks to queue
[2025-05-07T19:29:15.022+0000] {logging_mixin.py:188} INFO - [2025-05-07T19:29:15.021+0000] {dagbag.py:538} INFO - Filling up the DagBag from /home/airflow/.local/lib/python3.8/site-packages/airflow/example_dags/tutorial_taskflow_api.py
[2025-05-07T19:29:15.028+0000] {processor.py:840} INFO - DAG(s) 'tutorial_taskflow_api' retrieved from /home/airflow/.local/lib/python3.8/site-packages/airflow/example_dags/tutorial_taskflow_api.py
[2025-05-07T19:29:15.048+0000] {logging_mixin.py:188} INFO - [2025-05-07T19:29:15.048+0000] {dag.py:3036} INFO - Sync 1 DAGs
[2025-05-07T19:29:15.060+0000] {logging_mixin.py:188} INFO - [2025-05-07T19:29:15.060+0000] {dag.py:3823} INFO - Setting next_dagrun for tutorial_taskflow_api to None, run_after=None
[2025-05-07T19:29:15.079+0000] {processor.py:183} INFO - Processing /home/airflow/.local/lib/python3.8/site-packages/airflow/example_dags/tutorial_taskflow_api.py took 0.065 seconds
[2025-05-07T19:29:45.789+0000] {processor.py:161} INFO - Started process (PID=991) to work on /home/airflow/.local/lib/python3.8/site-packages/airflow/example_dags/tutorial_taskflow_api.py
[2025-05-07T19:29:45.790+0000] {processor.py:830} INFO - Processing file /home/airflow/.local/lib/python3.8/site-packages/airflow/example_dags/tutorial_taskflow_api.py for tasks to queue
[2025-05-07T19:29:45.793+0000] {logging_mixin.py:188} INFO - [2025-05-07T19:29:45.793+0000] {dagbag.py:538} INFO - Filling up the DagBag from /home/airflow/.local/lib/python3.8/site-packages/airflow/example_dags/tutorial_taskflow_api.py
[2025-05-07T19:29:45.800+0000] {processor.py:840} INFO - DAG(s) 'tutorial_taskflow_api' retrieved from /home/airflow/.local/lib/python3.8/site-packages/airflow/example_dags/tutorial_taskflow_api.py
[2025-05-07T19:29:45.820+0000] {logging_mixin.py:188} INFO - [2025-05-07T19:29:45.820+0000] {dag.py:3036} INFO - Sync 1 DAGs
[2025-05-07T19:29:45.832+0000] {logging_mixin.py:188} INFO - [2025-05-07T19:29:45.831+0000] {dag.py:3823} INFO - Setting next_dagrun for tutorial_taskflow_api to None, run_after=None
[2025-05-07T19:29:45.855+0000] {processor.py:183} INFO - Processing /home/airflow/.local/lib/python3.8/site-packages/airflow/example_dags/tutorial_taskflow_api.py took 0.071 seconds
[2025-05-07T19:33:18.731+0000] {processor.py:161} INFO - Started process (PID=107) to work on /home/airflow/.local/lib/python3.8/site-packages/airflow/example_dags/tutorial_taskflow_api.py
[2025-05-07T19:33:18.733+0000] {processor.py:830} INFO - Processing file /home/airflow/.local/lib/python3.8/site-packages/airflow/example_dags/tutorial_taskflow_api.py for tasks to queue
[2025-05-07T19:33:18.736+0000] {logging_mixin.py:188} INFO - [2025-05-07T19:33:18.735+0000] {dagbag.py:538} INFO - Filling up the DagBag from /home/airflow/.local/lib/python3.8/site-packages/airflow/example_dags/tutorial_taskflow_api.py
[2025-05-07T19:33:18.744+0000] {processor.py:840} INFO - DAG(s) 'tutorial_taskflow_api' retrieved from /home/airflow/.local/lib/python3.8/site-packages/airflow/example_dags/tutorial_taskflow_api.py
[2025-05-07T19:33:18.759+0000] {logging_mixin.py:188} INFO - [2025-05-07T19:33:18.758+0000] {dag.py:3036} INFO - Sync 1 DAGs
[2025-05-07T19:33:18.776+0000] {logging_mixin.py:188} INFO - [2025-05-07T19:33:18.776+0000] {dag.py:3823} INFO - Setting next_dagrun for tutorial_taskflow_api to None, run_after=None
[2025-05-07T19:33:18.800+0000] {processor.py:183} INFO - Processing /home/airflow/.local/lib/python3.8/site-packages/airflow/example_dags/tutorial_taskflow_api.py took 0.074 seconds
[2025-05-07T19:33:51.556+0000] {processor.py:161} INFO - Started process (PID=164) to work on /home/airflow/.local/lib/python3.8/site-packages/airflow/example_dags/tutorial_taskflow_api.py
[2025-05-07T19:33:51.560+0000] {processor.py:830} INFO - Processing file /home/airflow/.local/lib/python3.8/site-packages/airflow/example_dags/tutorial_taskflow_api.py for tasks to queue
[2025-05-07T19:33:51.564+0000] {logging_mixin.py:188} INFO - [2025-05-07T19:33:51.564+0000] {dagbag.py:538} INFO - Filling up the DagBag from /home/airflow/.local/lib/python3.8/site-packages/airflow/example_dags/tutorial_taskflow_api.py
[2025-05-07T19:33:51.572+0000] {processor.py:840} INFO - DAG(s) 'tutorial_taskflow_api' retrieved from /home/airflow/.local/lib/python3.8/site-packages/airflow/example_dags/tutorial_taskflow_api.py
[2025-05-07T19:33:51.666+0000] {logging_mixin.py:188} INFO - [2025-05-07T19:33:51.666+0000] {dag.py:3036} INFO - Sync 1 DAGs
[2025-05-07T19:33:51.680+0000] {logging_mixin.py:188} INFO - [2025-05-07T19:33:51.679+0000] {dag.py:3823} INFO - Setting next_dagrun for tutorial_taskflow_api to None, run_after=None
[2025-05-07T19:33:51.704+0000] {processor.py:183} INFO - Processing /home/airflow/.local/lib/python3.8/site-packages/airflow/example_dags/tutorial_taskflow_api.py took 0.151 seconds
[2025-05-07T19:34:22.352+0000] {processor.py:161} INFO - Started process (PID=221) to work on /home/airflow/.local/lib/python3.8/site-packages/airflow/example_dags/tutorial_taskflow_api.py
[2025-05-07T19:34:22.354+0000] {processor.py:830} INFO - Processing file /home/airflow/.local/lib/python3.8/site-packages/airflow/example_dags/tutorial_taskflow_api.py for tasks to queue
[2025-05-07T19:34:22.356+0000] {logging_mixin.py:188} INFO - [2025-05-07T19:34:22.356+0000] {dagbag.py:538} INFO - Filling up the DagBag from /home/airflow/.local/lib/python3.8/site-packages/airflow/example_dags/tutorial_taskflow_api.py
[2025-05-07T19:34:22.363+0000] {processor.py:840} INFO - DAG(s) 'tutorial_taskflow_api' retrieved from /home/airflow/.local/lib/python3.8/site-packages/airflow/example_dags/tutorial_taskflow_api.py
[2025-05-07T19:34:22.388+0000] {logging_mixin.py:188} INFO - [2025-05-07T19:34:22.388+0000] {dag.py:3036} INFO - Sync 1 DAGs
[2025-05-07T19:34:22.401+0000] {logging_mixin.py:188} INFO - [2025-05-07T19:34:22.400+0000] {dag.py:3823} INFO - Setting next_dagrun for tutorial_taskflow_api to None, run_after=None
[2025-05-07T19:34:22.422+0000] {processor.py:183} INFO - Processing /home/airflow/.local/lib/python3.8/site-packages/airflow/example_dags/tutorial_taskflow_api.py took 0.073 seconds
[2025-05-07T19:34:52.856+0000] {processor.py:161} INFO - Started process (PID=278) to work on /home/airflow/.local/lib/python3.8/site-packages/airflow/example_dags/tutorial_taskflow_api.py
[2025-05-07T19:34:52.858+0000] {processor.py:830} INFO - Processing file /home/airflow/.local/lib/python3.8/site-packages/airflow/example_dags/tutorial_taskflow_api.py for tasks to queue
[2025-05-07T19:34:52.860+0000] {logging_mixin.py:188} INFO - [2025-05-07T19:34:52.860+0000] {dagbag.py:538} INFO - Filling up the DagBag from /home/airflow/.local/lib/python3.8/site-packages/airflow/example_dags/tutorial_taskflow_api.py
[2025-05-07T19:34:52.867+0000] {processor.py:840} INFO - DAG(s) 'tutorial_taskflow_api' retrieved from /home/airflow/.local/lib/python3.8/site-packages/airflow/example_dags/tutorial_taskflow_api.py
[2025-05-07T19:34:52.889+0000] {logging_mixin.py:188} INFO - [2025-05-07T19:34:52.888+0000] {dag.py:3036} INFO - Sync 1 DAGs
[2025-05-07T19:34:52.903+0000] {logging_mixin.py:188} INFO - [2025-05-07T19:34:52.902+0000] {dag.py:3823} INFO - Setting next_dagrun for tutorial_taskflow_api to None, run_after=None
[2025-05-07T19:34:52.924+0000] {processor.py:183} INFO - Processing /home/airflow/.local/lib/python3.8/site-packages/airflow/example_dags/tutorial_taskflow_api.py took 0.071 seconds
[2025-05-07T19:35:23.572+0000] {processor.py:161} INFO - Started process (PID=335) to work on /home/airflow/.local/lib/python3.8/site-packages/airflow/example_dags/tutorial_taskflow_api.py
[2025-05-07T19:35:23.573+0000] {processor.py:830} INFO - Processing file /home/airflow/.local/lib/python3.8/site-packages/airflow/example_dags/tutorial_taskflow_api.py for tasks to queue
[2025-05-07T19:35:23.577+0000] {logging_mixin.py:188} INFO - [2025-05-07T19:35:23.576+0000] {dagbag.py:538} INFO - Filling up the DagBag from /home/airflow/.local/lib/python3.8/site-packages/airflow/example_dags/tutorial_taskflow_api.py
[2025-05-07T19:35:23.593+0000] {processor.py:840} INFO - DAG(s) 'tutorial_taskflow_api' retrieved from /home/airflow/.local/lib/python3.8/site-packages/airflow/example_dags/tutorial_taskflow_api.py
[2025-05-07T19:35:23.632+0000] {logging_mixin.py:188} INFO - [2025-05-07T19:35:23.631+0000] {dag.py:3036} INFO - Sync 1 DAGs
[2025-05-07T19:35:23.647+0000] {logging_mixin.py:188} INFO - [2025-05-07T19:35:23.647+0000] {dag.py:3823} INFO - Setting next_dagrun for tutorial_taskflow_api to None, run_after=None
[2025-05-07T19:35:23.877+0000] {processor.py:183} INFO - Processing /home/airflow/.local/lib/python3.8/site-packages/airflow/example_dags/tutorial_taskflow_api.py took 0.309 seconds
[2025-05-07T19:35:54.844+0000] {processor.py:161} INFO - Started process (PID=392) to work on /home/airflow/.local/lib/python3.8/site-packages/airflow/example_dags/tutorial_taskflow_api.py
[2025-05-07T19:35:54.846+0000] {processor.py:830} INFO - Processing file /home/airflow/.local/lib/python3.8/site-packages/airflow/example_dags/tutorial_taskflow_api.py for tasks to queue
[2025-05-07T19:35:54.848+0000] {logging_mixin.py:188} INFO - [2025-05-07T19:35:54.847+0000] {dagbag.py:538} INFO - Filling up the DagBag from /home/airflow/.local/lib/python3.8/site-packages/airflow/example_dags/tutorial_taskflow_api.py
[2025-05-07T19:35:54.854+0000] {processor.py:840} INFO - DAG(s) 'tutorial_taskflow_api' retrieved from /home/airflow/.local/lib/python3.8/site-packages/airflow/example_dags/tutorial_taskflow_api.py
[2025-05-07T19:35:54.874+0000] {logging_mixin.py:188} INFO - [2025-05-07T19:35:54.873+0000] {dag.py:3036} INFO - Sync 1 DAGs
[2025-05-07T19:35:54.885+0000] {logging_mixin.py:188} INFO - [2025-05-07T19:35:54.885+0000] {dag.py:3823} INFO - Setting next_dagrun for tutorial_taskflow_api to None, run_after=None
[2025-05-07T19:35:54.906+0000] {processor.py:183} INFO - Processing /home/airflow/.local/lib/python3.8/site-packages/airflow/example_dags/tutorial_taskflow_api.py took 0.065 seconds
[2025-05-07T19:36:25.388+0000] {processor.py:161} INFO - Started process (PID=449) to work on /home/airflow/.local/lib/python3.8/site-packages/airflow/example_dags/tutorial_taskflow_api.py
[2025-05-07T19:36:25.389+0000] {processor.py:830} INFO - Processing file /home/airflow/.local/lib/python3.8/site-packages/airflow/example_dags/tutorial_taskflow_api.py for tasks to queue
[2025-05-07T19:36:25.391+0000] {logging_mixin.py:188} INFO - [2025-05-07T19:36:25.391+0000] {dagbag.py:538} INFO - Filling up the DagBag from /home/airflow/.local/lib/python3.8/site-packages/airflow/example_dags/tutorial_taskflow_api.py
[2025-05-07T19:36:25.399+0000] {processor.py:840} INFO - DAG(s) 'tutorial_taskflow_api' retrieved from /home/airflow/.local/lib/python3.8/site-packages/airflow/example_dags/tutorial_taskflow_api.py
[2025-05-07T19:36:25.420+0000] {logging_mixin.py:188} INFO - [2025-05-07T19:36:25.420+0000] {dag.py:3036} INFO - Sync 1 DAGs
[2025-05-07T19:36:25.432+0000] {logging_mixin.py:188} INFO - [2025-05-07T19:36:25.432+0000] {dag.py:3823} INFO - Setting next_dagrun for tutorial_taskflow_api to None, run_after=None
[2025-05-07T19:36:25.453+0000] {processor.py:183} INFO - Processing /home/airflow/.local/lib/python3.8/site-packages/airflow/example_dags/tutorial_taskflow_api.py took 0.068 seconds
[2025-05-07T19:36:55.964+0000] {processor.py:161} INFO - Started process (PID=506) to work on /home/airflow/.local/lib/python3.8/site-packages/airflow/example_dags/tutorial_taskflow_api.py
[2025-05-07T19:36:55.966+0000] {processor.py:830} INFO - Processing file /home/airflow/.local/lib/python3.8/site-packages/airflow/example_dags/tutorial_taskflow_api.py for tasks to queue
[2025-05-07T19:36:55.968+0000] {logging_mixin.py:188} INFO - [2025-05-07T19:36:55.968+0000] {dagbag.py:538} INFO - Filling up the DagBag from /home/airflow/.local/lib/python3.8/site-packages/airflow/example_dags/tutorial_taskflow_api.py
[2025-05-07T19:36:55.975+0000] {processor.py:840} INFO - DAG(s) 'tutorial_taskflow_api' retrieved from /home/airflow/.local/lib/python3.8/site-packages/airflow/example_dags/tutorial_taskflow_api.py
[2025-05-07T19:36:55.995+0000] {logging_mixin.py:188} INFO - [2025-05-07T19:36:55.995+0000] {dag.py:3036} INFO - Sync 1 DAGs
[2025-05-07T19:36:56.007+0000] {logging_mixin.py:188} INFO - [2025-05-07T19:36:56.007+0000] {dag.py:3823} INFO - Setting next_dagrun for tutorial_taskflow_api to None, run_after=None
[2025-05-07T19:36:56.029+0000] {processor.py:183} INFO - Processing /home/airflow/.local/lib/python3.8/site-packages/airflow/example_dags/tutorial_taskflow_api.py took 0.068 seconds
[2025-05-07T19:37:26.557+0000] {processor.py:161} INFO - Started process (PID=563) to work on /home/airflow/.local/lib/python3.8/site-packages/airflow/example_dags/tutorial_taskflow_api.py
[2025-05-07T19:37:26.559+0000] {processor.py:830} INFO - Processing file /home/airflow/.local/lib/python3.8/site-packages/airflow/example_dags/tutorial_taskflow_api.py for tasks to queue
[2025-05-07T19:37:26.562+0000] {logging_mixin.py:188} INFO - [2025-05-07T19:37:26.562+0000] {dagbag.py:538} INFO - Filling up the DagBag from /home/airflow/.local/lib/python3.8/site-packages/airflow/example_dags/tutorial_taskflow_api.py
[2025-05-07T19:37:26.569+0000] {processor.py:840} INFO - DAG(s) 'tutorial_taskflow_api' retrieved from /home/airflow/.local/lib/python3.8/site-packages/airflow/example_dags/tutorial_taskflow_api.py
[2025-05-07T19:37:26.593+0000] {logging_mixin.py:188} INFO - [2025-05-07T19:37:26.592+0000] {dag.py:3036} INFO - Sync 1 DAGs
[2025-05-07T19:37:26.607+0000] {logging_mixin.py:188} INFO - [2025-05-07T19:37:26.606+0000] {dag.py:3823} INFO - Setting next_dagrun for tutorial_taskflow_api to None, run_after=None
[2025-05-07T19:37:26.629+0000] {processor.py:183} INFO - Processing /home/airflow/.local/lib/python3.8/site-packages/airflow/example_dags/tutorial_taskflow_api.py took 0.077 seconds
[2025-05-07T19:37:57.334+0000] {processor.py:161} INFO - Started process (PID=620) to work on /home/airflow/.local/lib/python3.8/site-packages/airflow/example_dags/tutorial_taskflow_api.py
[2025-05-07T19:37:57.340+0000] {processor.py:830} INFO - Processing file /home/airflow/.local/lib/python3.8/site-packages/airflow/example_dags/tutorial_taskflow_api.py for tasks to queue
[2025-05-07T19:37:57.344+0000] {logging_mixin.py:188} INFO - [2025-05-07T19:37:57.343+0000] {dagbag.py:538} INFO - Filling up the DagBag from /home/airflow/.local/lib/python3.8/site-packages/airflow/example_dags/tutorial_taskflow_api.py
[2025-05-07T19:37:57.359+0000] {processor.py:840} INFO - DAG(s) 'tutorial_taskflow_api' retrieved from /home/airflow/.local/lib/python3.8/site-packages/airflow/example_dags/tutorial_taskflow_api.py
[2025-05-07T19:37:57.388+0000] {logging_mixin.py:188} INFO - [2025-05-07T19:37:57.388+0000] {dag.py:3036} INFO - Sync 1 DAGs
[2025-05-07T19:37:57.400+0000] {logging_mixin.py:188} INFO - [2025-05-07T19:37:57.400+0000] {dag.py:3823} INFO - Setting next_dagrun for tutorial_taskflow_api to None, run_after=None
[2025-05-07T19:37:57.430+0000] {processor.py:183} INFO - Processing /home/airflow/.local/lib/python3.8/site-packages/airflow/example_dags/tutorial_taskflow_api.py took 0.101 seconds
[2025-05-07T19:38:27.789+0000] {processor.py:161} INFO - Started process (PID=677) to work on /home/airflow/.local/lib/python3.8/site-packages/airflow/example_dags/tutorial_taskflow_api.py
[2025-05-07T19:38:27.795+0000] {processor.py:830} INFO - Processing file /home/airflow/.local/lib/python3.8/site-packages/airflow/example_dags/tutorial_taskflow_api.py for tasks to queue
[2025-05-07T19:38:27.797+0000] {logging_mixin.py:188} INFO - [2025-05-07T19:38:27.797+0000] {dagbag.py:538} INFO - Filling up the DagBag from /home/airflow/.local/lib/python3.8/site-packages/airflow/example_dags/tutorial_taskflow_api.py
[2025-05-07T19:38:27.804+0000] {processor.py:840} INFO - DAG(s) 'tutorial_taskflow_api' retrieved from /home/airflow/.local/lib/python3.8/site-packages/airflow/example_dags/tutorial_taskflow_api.py
[2025-05-07T19:38:27.824+0000] {logging_mixin.py:188} INFO - [2025-05-07T19:38:27.823+0000] {dag.py:3036} INFO - Sync 1 DAGs
[2025-05-07T19:38:27.835+0000] {logging_mixin.py:188} INFO - [2025-05-07T19:38:27.835+0000] {dag.py:3823} INFO - Setting next_dagrun for tutorial_taskflow_api to None, run_after=None
[2025-05-07T19:38:27.858+0000] {processor.py:183} INFO - Processing /home/airflow/.local/lib/python3.8/site-packages/airflow/example_dags/tutorial_taskflow_api.py took 0.073 seconds
[2025-05-07T19:38:57.925+0000] {processor.py:161} INFO - Started process (PID=734) to work on /home/airflow/.local/lib/python3.8/site-packages/airflow/example_dags/tutorial_taskflow_api.py
[2025-05-07T19:38:57.926+0000] {processor.py:830} INFO - Processing file /home/airflow/.local/lib/python3.8/site-packages/airflow/example_dags/tutorial_taskflow_api.py for tasks to queue
[2025-05-07T19:38:57.928+0000] {logging_mixin.py:188} INFO - [2025-05-07T19:38:57.928+0000] {dagbag.py:538} INFO - Filling up the DagBag from /home/airflow/.local/lib/python3.8/site-packages/airflow/example_dags/tutorial_taskflow_api.py
[2025-05-07T19:38:57.934+0000] {processor.py:840} INFO - DAG(s) 'tutorial_taskflow_api' retrieved from /home/airflow/.local/lib/python3.8/site-packages/airflow/example_dags/tutorial_taskflow_api.py
[2025-05-07T19:38:57.955+0000] {logging_mixin.py:188} INFO - [2025-05-07T19:38:57.955+0000] {dag.py:3036} INFO - Sync 1 DAGs
[2025-05-07T19:38:57.966+0000] {logging_mixin.py:188} INFO - [2025-05-07T19:38:57.966+0000] {dag.py:3823} INFO - Setting next_dagrun for tutorial_taskflow_api to None, run_after=None
[2025-05-07T19:38:58.000+0000] {processor.py:183} INFO - Processing /home/airflow/.local/lib/python3.8/site-packages/airflow/example_dags/tutorial_taskflow_api.py took 0.078 seconds
[2025-05-07T19:39:28.460+0000] {processor.py:161} INFO - Started process (PID=791) to work on /home/airflow/.local/lib/python3.8/site-packages/airflow/example_dags/tutorial_taskflow_api.py
[2025-05-07T19:39:28.461+0000] {processor.py:830} INFO - Processing file /home/airflow/.local/lib/python3.8/site-packages/airflow/example_dags/tutorial_taskflow_api.py for tasks to queue
[2025-05-07T19:39:28.464+0000] {logging_mixin.py:188} INFO - [2025-05-07T19:39:28.463+0000] {dagbag.py:538} INFO - Filling up the DagBag from /home/airflow/.local/lib/python3.8/site-packages/airflow/example_dags/tutorial_taskflow_api.py
[2025-05-07T19:39:28.471+0000] {processor.py:840} INFO - DAG(s) 'tutorial_taskflow_api' retrieved from /home/airflow/.local/lib/python3.8/site-packages/airflow/example_dags/tutorial_taskflow_api.py
[2025-05-07T19:39:28.505+0000] {logging_mixin.py:188} INFO - [2025-05-07T19:39:28.504+0000] {dag.py:3036} INFO - Sync 1 DAGs
[2025-05-07T19:39:28.520+0000] {logging_mixin.py:188} INFO - [2025-05-07T19:39:28.520+0000] {dag.py:3823} INFO - Setting next_dagrun for tutorial_taskflow_api to None, run_after=None
[2025-05-07T19:39:28.546+0000] {processor.py:183} INFO - Processing /home/airflow/.local/lib/python3.8/site-packages/airflow/example_dags/tutorial_taskflow_api.py took 0.090 seconds
[2025-05-07T19:39:58.968+0000] {processor.py:161} INFO - Started process (PID=848) to work on /home/airflow/.local/lib/python3.8/site-packages/airflow/example_dags/tutorial_taskflow_api.py
[2025-05-07T19:39:58.970+0000] {processor.py:830} INFO - Processing file /home/airflow/.local/lib/python3.8/site-packages/airflow/example_dags/tutorial_taskflow_api.py for tasks to queue
[2025-05-07T19:39:58.974+0000] {logging_mixin.py:188} INFO - [2025-05-07T19:39:58.974+0000] {dagbag.py:538} INFO - Filling up the DagBag from /home/airflow/.local/lib/python3.8/site-packages/airflow/example_dags/tutorial_taskflow_api.py
[2025-05-07T19:39:58.981+0000] {processor.py:840} INFO - DAG(s) 'tutorial_taskflow_api' retrieved from /home/airflow/.local/lib/python3.8/site-packages/airflow/example_dags/tutorial_taskflow_api.py
[2025-05-07T19:39:59.001+0000] {logging_mixin.py:188} INFO - [2025-05-07T19:39:59.001+0000] {dag.py:3036} INFO - Sync 1 DAGs
[2025-05-07T19:39:59.013+0000] {logging_mixin.py:188} INFO - [2025-05-07T19:39:59.012+0000] {dag.py:3823} INFO - Setting next_dagrun for tutorial_taskflow_api to None, run_after=None
[2025-05-07T19:39:59.035+0000] {processor.py:183} INFO - Processing /home/airflow/.local/lib/python3.8/site-packages/airflow/example_dags/tutorial_taskflow_api.py took 0.074 seconds
[2025-05-07T19:40:29.929+0000] {processor.py:161} INFO - Started process (PID=905) to work on /home/airflow/.local/lib/python3.8/site-packages/airflow/example_dags/tutorial_taskflow_api.py
[2025-05-07T19:40:29.931+0000] {processor.py:830} INFO - Processing file /home/airflow/.local/lib/python3.8/site-packages/airflow/example_dags/tutorial_taskflow_api.py for tasks to queue
[2025-05-07T19:40:29.934+0000] {logging_mixin.py:188} INFO - [2025-05-07T19:40:29.933+0000] {dagbag.py:538} INFO - Filling up the DagBag from /home/airflow/.local/lib/python3.8/site-packages/airflow/example_dags/tutorial_taskflow_api.py
[2025-05-07T19:40:29.940+0000] {processor.py:840} INFO - DAG(s) 'tutorial_taskflow_api' retrieved from /home/airflow/.local/lib/python3.8/site-packages/airflow/example_dags/tutorial_taskflow_api.py
[2025-05-07T19:40:29.962+0000] {logging_mixin.py:188} INFO - [2025-05-07T19:40:29.961+0000] {dag.py:3036} INFO - Sync 1 DAGs
[2025-05-07T19:40:29.974+0000] {logging_mixin.py:188} INFO - [2025-05-07T19:40:29.974+0000] {dag.py:3823} INFO - Setting next_dagrun for tutorial_taskflow_api to None, run_after=None
[2025-05-07T19:40:29.998+0000] {processor.py:183} INFO - Processing /home/airflow/.local/lib/python3.8/site-packages/airflow/example_dags/tutorial_taskflow_api.py took 0.074 seconds
[2025-05-07T19:41:00.384+0000] {processor.py:161} INFO - Started process (PID=962) to work on /home/airflow/.local/lib/python3.8/site-packages/airflow/example_dags/tutorial_taskflow_api.py
[2025-05-07T19:41:00.387+0000] {processor.py:830} INFO - Processing file /home/airflow/.local/lib/python3.8/site-packages/airflow/example_dags/tutorial_taskflow_api.py for tasks to queue
[2025-05-07T19:41:00.397+0000] {logging_mixin.py:188} INFO - [2025-05-07T19:41:00.397+0000] {dagbag.py:538} INFO - Filling up the DagBag from /home/airflow/.local/lib/python3.8/site-packages/airflow/example_dags/tutorial_taskflow_api.py
[2025-05-07T19:41:00.406+0000] {processor.py:840} INFO - DAG(s) 'tutorial_taskflow_api' retrieved from /home/airflow/.local/lib/python3.8/site-packages/airflow/example_dags/tutorial_taskflow_api.py
[2025-05-07T19:41:00.442+0000] {logging_mixin.py:188} INFO - [2025-05-07T19:41:00.441+0000] {dag.py:3036} INFO - Sync 1 DAGs
[2025-05-07T19:41:00.457+0000] {logging_mixin.py:188} INFO - [2025-05-07T19:41:00.457+0000] {dag.py:3823} INFO - Setting next_dagrun for tutorial_taskflow_api to None, run_after=None
[2025-05-07T19:41:00.484+0000] {processor.py:183} INFO - Processing /home/airflow/.local/lib/python3.8/site-packages/airflow/example_dags/tutorial_taskflow_api.py took 0.107 seconds
[2025-05-07T19:41:30.863+0000] {processor.py:161} INFO - Started process (PID=1019) to work on /home/airflow/.local/lib/python3.8/site-packages/airflow/example_dags/tutorial_taskflow_api.py
[2025-05-07T19:41:30.866+0000] {processor.py:830} INFO - Processing file /home/airflow/.local/lib/python3.8/site-packages/airflow/example_dags/tutorial_taskflow_api.py for tasks to queue
[2025-05-07T19:41:30.871+0000] {logging_mixin.py:188} INFO - [2025-05-07T19:41:30.870+0000] {dagbag.py:538} INFO - Filling up the DagBag from /home/airflow/.local/lib/python3.8/site-packages/airflow/example_dags/tutorial_taskflow_api.py
[2025-05-07T19:41:30.882+0000] {processor.py:840} INFO - DAG(s) 'tutorial_taskflow_api' retrieved from /home/airflow/.local/lib/python3.8/site-packages/airflow/example_dags/tutorial_taskflow_api.py
[2025-05-07T19:41:30.908+0000] {logging_mixin.py:188} INFO - [2025-05-07T19:41:30.907+0000] {dag.py:3036} INFO - Sync 1 DAGs
[2025-05-07T19:41:30.924+0000] {logging_mixin.py:188} INFO - [2025-05-07T19:41:30.924+0000] {dag.py:3823} INFO - Setting next_dagrun for tutorial_taskflow_api to None, run_after=None
[2025-05-07T19:41:30.953+0000] {processor.py:183} INFO - Processing /home/airflow/.local/lib/python3.8/site-packages/airflow/example_dags/tutorial_taskflow_api.py took 0.096 seconds
[2025-05-07T19:42:01.425+0000] {processor.py:161} INFO - Started process (PID=1076) to work on /home/airflow/.local/lib/python3.8/site-packages/airflow/example_dags/tutorial_taskflow_api.py
[2025-05-07T19:42:01.430+0000] {processor.py:830} INFO - Processing file /home/airflow/.local/lib/python3.8/site-packages/airflow/example_dags/tutorial_taskflow_api.py for tasks to queue
[2025-05-07T19:42:01.440+0000] {logging_mixin.py:188} INFO - [2025-05-07T19:42:01.438+0000] {dagbag.py:538} INFO - Filling up the DagBag from /home/airflow/.local/lib/python3.8/site-packages/airflow/example_dags/tutorial_taskflow_api.py
[2025-05-07T19:42:01.467+0000] {processor.py:840} INFO - DAG(s) 'tutorial_taskflow_api' retrieved from /home/airflow/.local/lib/python3.8/site-packages/airflow/example_dags/tutorial_taskflow_api.py
[2025-05-07T19:42:01.532+0000] {logging_mixin.py:188} INFO - [2025-05-07T19:42:01.532+0000] {dag.py:3036} INFO - Sync 1 DAGs
[2025-05-07T19:42:01.549+0000] {logging_mixin.py:188} INFO - [2025-05-07T19:42:01.548+0000] {dag.py:3823} INFO - Setting next_dagrun for tutorial_taskflow_api to None, run_after=None
[2025-05-07T19:42:01.584+0000] {processor.py:183} INFO - Processing /home/airflow/.local/lib/python3.8/site-packages/airflow/example_dags/tutorial_taskflow_api.py took 0.168 seconds
[2025-05-07T19:42:31.885+0000] {processor.py:161} INFO - Started process (PID=1133) to work on /home/airflow/.local/lib/python3.8/site-packages/airflow/example_dags/tutorial_taskflow_api.py
[2025-05-07T19:42:31.888+0000] {processor.py:830} INFO - Processing file /home/airflow/.local/lib/python3.8/site-packages/airflow/example_dags/tutorial_taskflow_api.py for tasks to queue
[2025-05-07T19:42:31.893+0000] {logging_mixin.py:188} INFO - [2025-05-07T19:42:31.892+0000] {dagbag.py:538} INFO - Filling up the DagBag from /home/airflow/.local/lib/python3.8/site-packages/airflow/example_dags/tutorial_taskflow_api.py
[2025-05-07T19:42:31.906+0000] {processor.py:840} INFO - DAG(s) 'tutorial_taskflow_api' retrieved from /home/airflow/.local/lib/python3.8/site-packages/airflow/example_dags/tutorial_taskflow_api.py
[2025-05-07T19:42:31.937+0000] {logging_mixin.py:188} INFO - [2025-05-07T19:42:31.937+0000] {dag.py:3036} INFO - Sync 1 DAGs
[2025-05-07T19:42:31.950+0000] {logging_mixin.py:188} INFO - [2025-05-07T19:42:31.950+0000] {dag.py:3823} INFO - Setting next_dagrun for tutorial_taskflow_api to None, run_after=None
[2025-05-07T19:42:31.974+0000] {processor.py:183} INFO - Processing /home/airflow/.local/lib/python3.8/site-packages/airflow/example_dags/tutorial_taskflow_api.py took 0.094 seconds
[2025-05-07T19:43:02.420+0000] {processor.py:161} INFO - Started process (PID=1190) to work on /home/airflow/.local/lib/python3.8/site-packages/airflow/example_dags/tutorial_taskflow_api.py
[2025-05-07T19:43:02.422+0000] {processor.py:830} INFO - Processing file /home/airflow/.local/lib/python3.8/site-packages/airflow/example_dags/tutorial_taskflow_api.py for tasks to queue
[2025-05-07T19:43:02.424+0000] {logging_mixin.py:188} INFO - [2025-05-07T19:43:02.423+0000] {dagbag.py:538} INFO - Filling up the DagBag from /home/airflow/.local/lib/python3.8/site-packages/airflow/example_dags/tutorial_taskflow_api.py
[2025-05-07T19:43:02.430+0000] {processor.py:840} INFO - DAG(s) 'tutorial_taskflow_api' retrieved from /home/airflow/.local/lib/python3.8/site-packages/airflow/example_dags/tutorial_taskflow_api.py
[2025-05-07T19:43:02.453+0000] {logging_mixin.py:188} INFO - [2025-05-07T19:43:02.452+0000] {dag.py:3036} INFO - Sync 1 DAGs
[2025-05-07T19:43:02.465+0000] {logging_mixin.py:188} INFO - [2025-05-07T19:43:02.465+0000] {dag.py:3823} INFO - Setting next_dagrun for tutorial_taskflow_api to None, run_after=None
[2025-05-07T19:43:02.492+0000] {processor.py:183} INFO - Processing /home/airflow/.local/lib/python3.8/site-packages/airflow/example_dags/tutorial_taskflow_api.py took 0.076 seconds
[2025-05-07T19:43:32.753+0000] {processor.py:161} INFO - Started process (PID=1247) to work on /home/airflow/.local/lib/python3.8/site-packages/airflow/example_dags/tutorial_taskflow_api.py
[2025-05-07T19:43:32.756+0000] {processor.py:830} INFO - Processing file /home/airflow/.local/lib/python3.8/site-packages/airflow/example_dags/tutorial_taskflow_api.py for tasks to queue
[2025-05-07T19:43:32.760+0000] {logging_mixin.py:188} INFO - [2025-05-07T19:43:32.760+0000] {dagbag.py:538} INFO - Filling up the DagBag from /home/airflow/.local/lib/python3.8/site-packages/airflow/example_dags/tutorial_taskflow_api.py
[2025-05-07T19:43:32.770+0000] {processor.py:840} INFO - DAG(s) 'tutorial_taskflow_api' retrieved from /home/airflow/.local/lib/python3.8/site-packages/airflow/example_dags/tutorial_taskflow_api.py
[2025-05-07T19:43:32.790+0000] {logging_mixin.py:188} INFO - [2025-05-07T19:43:32.790+0000] {dag.py:3036} INFO - Sync 1 DAGs
[2025-05-07T19:43:32.806+0000] {logging_mixin.py:188} INFO - [2025-05-07T19:43:32.805+0000] {dag.py:3823} INFO - Setting next_dagrun for tutorial_taskflow_api to None, run_after=None
[2025-05-07T19:43:32.830+0000] {processor.py:183} INFO - Processing /home/airflow/.local/lib/python3.8/site-packages/airflow/example_dags/tutorial_taskflow_api.py took 0.080 seconds
[2025-05-07T19:44:03.858+0000] {processor.py:161} INFO - Started process (PID=1304) to work on /home/airflow/.local/lib/python3.8/site-packages/airflow/example_dags/tutorial_taskflow_api.py
[2025-05-07T19:44:03.860+0000] {processor.py:830} INFO - Processing file /home/airflow/.local/lib/python3.8/site-packages/airflow/example_dags/tutorial_taskflow_api.py for tasks to queue
[2025-05-07T19:44:03.863+0000] {logging_mixin.py:188} INFO - [2025-05-07T19:44:03.862+0000] {dagbag.py:538} INFO - Filling up the DagBag from /home/airflow/.local/lib/python3.8/site-packages/airflow/example_dags/tutorial_taskflow_api.py
[2025-05-07T19:44:03.869+0000] {processor.py:840} INFO - DAG(s) 'tutorial_taskflow_api' retrieved from /home/airflow/.local/lib/python3.8/site-packages/airflow/example_dags/tutorial_taskflow_api.py
[2025-05-07T19:44:03.892+0000] {logging_mixin.py:188} INFO - [2025-05-07T19:44:03.892+0000] {dag.py:3036} INFO - Sync 1 DAGs
[2025-05-07T19:44:03.907+0000] {logging_mixin.py:188} INFO - [2025-05-07T19:44:03.906+0000] {dag.py:3823} INFO - Setting next_dagrun for tutorial_taskflow_api to None, run_after=None
[2025-05-07T19:44:03.930+0000] {processor.py:183} INFO - Processing /home/airflow/.local/lib/python3.8/site-packages/airflow/example_dags/tutorial_taskflow_api.py took 0.075 seconds
[2025-05-07T19:44:34.150+0000] {processor.py:161} INFO - Started process (PID=1360) to work on /home/airflow/.local/lib/python3.8/site-packages/airflow/example_dags/tutorial_taskflow_api.py
[2025-05-07T19:44:34.152+0000] {processor.py:830} INFO - Processing file /home/airflow/.local/lib/python3.8/site-packages/airflow/example_dags/tutorial_taskflow_api.py for tasks to queue
[2025-05-07T19:44:34.156+0000] {logging_mixin.py:188} INFO - [2025-05-07T19:44:34.156+0000] {dagbag.py:538} INFO - Filling up the DagBag from /home/airflow/.local/lib/python3.8/site-packages/airflow/example_dags/tutorial_taskflow_api.py
[2025-05-07T19:44:34.168+0000] {processor.py:840} INFO - DAG(s) 'tutorial_taskflow_api' retrieved from /home/airflow/.local/lib/python3.8/site-packages/airflow/example_dags/tutorial_taskflow_api.py
[2025-05-07T19:44:34.195+0000] {logging_mixin.py:188} INFO - [2025-05-07T19:44:34.194+0000] {dag.py:3036} INFO - Sync 1 DAGs
[2025-05-07T19:44:34.208+0000] {logging_mixin.py:188} INFO - [2025-05-07T19:44:34.208+0000] {dag.py:3823} INFO - Setting next_dagrun for tutorial_taskflow_api to None, run_after=None
[2025-05-07T19:44:34.234+0000] {processor.py:183} INFO - Processing /home/airflow/.local/lib/python3.8/site-packages/airflow/example_dags/tutorial_taskflow_api.py took 0.090 seconds
[2025-05-07T19:45:04.797+0000] {processor.py:161} INFO - Started process (PID=1418) to work on /home/airflow/.local/lib/python3.8/site-packages/airflow/example_dags/tutorial_taskflow_api.py
[2025-05-07T19:45:04.799+0000] {processor.py:830} INFO - Processing file /home/airflow/.local/lib/python3.8/site-packages/airflow/example_dags/tutorial_taskflow_api.py for tasks to queue
[2025-05-07T19:45:04.801+0000] {logging_mixin.py:188} INFO - [2025-05-07T19:45:04.800+0000] {dagbag.py:538} INFO - Filling up the DagBag from /home/airflow/.local/lib/python3.8/site-packages/airflow/example_dags/tutorial_taskflow_api.py
[2025-05-07T19:45:04.808+0000] {processor.py:840} INFO - DAG(s) 'tutorial_taskflow_api' retrieved from /home/airflow/.local/lib/python3.8/site-packages/airflow/example_dags/tutorial_taskflow_api.py
[2025-05-07T19:45:04.833+0000] {logging_mixin.py:188} INFO - [2025-05-07T19:45:04.833+0000] {dag.py:3036} INFO - Sync 1 DAGs
[2025-05-07T19:45:04.847+0000] {logging_mixin.py:188} INFO - [2025-05-07T19:45:04.847+0000] {dag.py:3823} INFO - Setting next_dagrun for tutorial_taskflow_api to None, run_after=None
[2025-05-07T19:45:04.871+0000] {processor.py:183} INFO - Processing /home/airflow/.local/lib/python3.8/site-packages/airflow/example_dags/tutorial_taskflow_api.py took 0.078 seconds
[2025-05-07T19:45:35.320+0000] {processor.py:161} INFO - Started process (PID=1475) to work on /home/airflow/.local/lib/python3.8/site-packages/airflow/example_dags/tutorial_taskflow_api.py
[2025-05-07T19:45:35.321+0000] {processor.py:830} INFO - Processing file /home/airflow/.local/lib/python3.8/site-packages/airflow/example_dags/tutorial_taskflow_api.py for tasks to queue
[2025-05-07T19:45:35.323+0000] {logging_mixin.py:188} INFO - [2025-05-07T19:45:35.323+0000] {dagbag.py:538} INFO - Filling up the DagBag from /home/airflow/.local/lib/python3.8/site-packages/airflow/example_dags/tutorial_taskflow_api.py
[2025-05-07T19:45:35.329+0000] {processor.py:840} INFO - DAG(s) 'tutorial_taskflow_api' retrieved from /home/airflow/.local/lib/python3.8/site-packages/airflow/example_dags/tutorial_taskflow_api.py
[2025-05-07T19:45:35.348+0000] {logging_mixin.py:188} INFO - [2025-05-07T19:45:35.348+0000] {dag.py:3036} INFO - Sync 1 DAGs
[2025-05-07T19:45:35.362+0000] {logging_mixin.py:188} INFO - [2025-05-07T19:45:35.362+0000] {dag.py:3823} INFO - Setting next_dagrun for tutorial_taskflow_api to None, run_after=None
[2025-05-07T19:45:35.384+0000] {processor.py:183} INFO - Processing /home/airflow/.local/lib/python3.8/site-packages/airflow/example_dags/tutorial_taskflow_api.py took 0.068 seconds
[2025-05-07T19:46:06.354+0000] {processor.py:161} INFO - Started process (PID=1532) to work on /home/airflow/.local/lib/python3.8/site-packages/airflow/example_dags/tutorial_taskflow_api.py
[2025-05-07T19:46:06.355+0000] {processor.py:830} INFO - Processing file /home/airflow/.local/lib/python3.8/site-packages/airflow/example_dags/tutorial_taskflow_api.py for tasks to queue
[2025-05-07T19:46:06.357+0000] {logging_mixin.py:188} INFO - [2025-05-07T19:46:06.357+0000] {dagbag.py:538} INFO - Filling up the DagBag from /home/airflow/.local/lib/python3.8/site-packages/airflow/example_dags/tutorial_taskflow_api.py
[2025-05-07T19:46:06.364+0000] {processor.py:840} INFO - DAG(s) 'tutorial_taskflow_api' retrieved from /home/airflow/.local/lib/python3.8/site-packages/airflow/example_dags/tutorial_taskflow_api.py
[2025-05-07T19:46:06.385+0000] {logging_mixin.py:188} INFO - [2025-05-07T19:46:06.385+0000] {dag.py:3036} INFO - Sync 1 DAGs
[2025-05-07T19:46:06.398+0000] {logging_mixin.py:188} INFO - [2025-05-07T19:46:06.398+0000] {dag.py:3823} INFO - Setting next_dagrun for tutorial_taskflow_api to None, run_after=None
[2025-05-07T19:46:06.419+0000] {processor.py:183} INFO - Processing /home/airflow/.local/lib/python3.8/site-packages/airflow/example_dags/tutorial_taskflow_api.py took 0.068 seconds
[2025-05-07T19:46:37.253+0000] {processor.py:161} INFO - Started process (PID=1589) to work on /home/airflow/.local/lib/python3.8/site-packages/airflow/example_dags/tutorial_taskflow_api.py
[2025-05-07T19:46:37.255+0000] {processor.py:830} INFO - Processing file /home/airflow/.local/lib/python3.8/site-packages/airflow/example_dags/tutorial_taskflow_api.py for tasks to queue
[2025-05-07T19:46:37.257+0000] {logging_mixin.py:188} INFO - [2025-05-07T19:46:37.256+0000] {dagbag.py:538} INFO - Filling up the DagBag from /home/airflow/.local/lib/python3.8/site-packages/airflow/example_dags/tutorial_taskflow_api.py
[2025-05-07T19:46:37.263+0000] {processor.py:840} INFO - DAG(s) 'tutorial_taskflow_api' retrieved from /home/airflow/.local/lib/python3.8/site-packages/airflow/example_dags/tutorial_taskflow_api.py
[2025-05-07T19:46:37.283+0000] {logging_mixin.py:188} INFO - [2025-05-07T19:46:37.283+0000] {dag.py:3036} INFO - Sync 1 DAGs
[2025-05-07T19:46:37.295+0000] {logging_mixin.py:188} INFO - [2025-05-07T19:46:37.295+0000] {dag.py:3823} INFO - Setting next_dagrun for tutorial_taskflow_api to None, run_after=None
[2025-05-07T19:46:37.317+0000] {processor.py:183} INFO - Processing /home/airflow/.local/lib/python3.8/site-packages/airflow/example_dags/tutorial_taskflow_api.py took 0.067 seconds
[2025-05-07T19:47:08.297+0000] {processor.py:161} INFO - Started process (PID=1647) to work on /home/airflow/.local/lib/python3.8/site-packages/airflow/example_dags/tutorial_taskflow_api.py
[2025-05-07T19:47:08.298+0000] {processor.py:830} INFO - Processing file /home/airflow/.local/lib/python3.8/site-packages/airflow/example_dags/tutorial_taskflow_api.py for tasks to queue
[2025-05-07T19:47:08.301+0000] {logging_mixin.py:188} INFO - [2025-05-07T19:47:08.300+0000] {dagbag.py:538} INFO - Filling up the DagBag from /home/airflow/.local/lib/python3.8/site-packages/airflow/example_dags/tutorial_taskflow_api.py
[2025-05-07T19:47:08.308+0000] {processor.py:840} INFO - DAG(s) 'tutorial_taskflow_api' retrieved from /home/airflow/.local/lib/python3.8/site-packages/airflow/example_dags/tutorial_taskflow_api.py
[2025-05-07T19:47:08.330+0000] {logging_mixin.py:188} INFO - [2025-05-07T19:47:08.330+0000] {dag.py:3036} INFO - Sync 1 DAGs
[2025-05-07T19:47:08.344+0000] {logging_mixin.py:188} INFO - [2025-05-07T19:47:08.344+0000] {dag.py:3823} INFO - Setting next_dagrun for tutorial_taskflow_api to None, run_after=None
[2025-05-07T19:47:08.367+0000] {processor.py:183} INFO - Processing /home/airflow/.local/lib/python3.8/site-packages/airflow/example_dags/tutorial_taskflow_api.py took 0.074 seconds
[2025-05-07T19:47:39.235+0000] {processor.py:161} INFO - Started process (PID=1704) to work on /home/airflow/.local/lib/python3.8/site-packages/airflow/example_dags/tutorial_taskflow_api.py
[2025-05-07T19:47:39.236+0000] {processor.py:830} INFO - Processing file /home/airflow/.local/lib/python3.8/site-packages/airflow/example_dags/tutorial_taskflow_api.py for tasks to queue
[2025-05-07T19:47:39.239+0000] {logging_mixin.py:188} INFO - [2025-05-07T19:47:39.238+0000] {dagbag.py:538} INFO - Filling up the DagBag from /home/airflow/.local/lib/python3.8/site-packages/airflow/example_dags/tutorial_taskflow_api.py
[2025-05-07T19:47:39.245+0000] {processor.py:840} INFO - DAG(s) 'tutorial_taskflow_api' retrieved from /home/airflow/.local/lib/python3.8/site-packages/airflow/example_dags/tutorial_taskflow_api.py
[2025-05-07T19:47:39.264+0000] {logging_mixin.py:188} INFO - [2025-05-07T19:47:39.264+0000] {dag.py:3036} INFO - Sync 1 DAGs
[2025-05-07T19:47:39.277+0000] {logging_mixin.py:188} INFO - [2025-05-07T19:47:39.276+0000] {dag.py:3823} INFO - Setting next_dagrun for tutorial_taskflow_api to None, run_after=None
[2025-05-07T19:47:39.299+0000] {processor.py:183} INFO - Processing /home/airflow/.local/lib/python3.8/site-packages/airflow/example_dags/tutorial_taskflow_api.py took 0.067 seconds
[2025-05-07T19:48:09.461+0000] {processor.py:161} INFO - Started process (PID=1760) to work on /home/airflow/.local/lib/python3.8/site-packages/airflow/example_dags/tutorial_taskflow_api.py
[2025-05-07T19:48:09.465+0000] {processor.py:830} INFO - Processing file /home/airflow/.local/lib/python3.8/site-packages/airflow/example_dags/tutorial_taskflow_api.py for tasks to queue
[2025-05-07T19:48:09.470+0000] {logging_mixin.py:188} INFO - [2025-05-07T19:48:09.470+0000] {dagbag.py:538} INFO - Filling up the DagBag from /home/airflow/.local/lib/python3.8/site-packages/airflow/example_dags/tutorial_taskflow_api.py
[2025-05-07T19:48:09.480+0000] {processor.py:840} INFO - DAG(s) 'tutorial_taskflow_api' retrieved from /home/airflow/.local/lib/python3.8/site-packages/airflow/example_dags/tutorial_taskflow_api.py
[2025-05-07T19:48:09.505+0000] {logging_mixin.py:188} INFO - [2025-05-07T19:48:09.504+0000] {dag.py:3036} INFO - Sync 1 DAGs
[2025-05-07T19:48:09.517+0000] {logging_mixin.py:188} INFO - [2025-05-07T19:48:09.517+0000] {dag.py:3823} INFO - Setting next_dagrun for tutorial_taskflow_api to None, run_after=None
[2025-05-07T19:48:09.543+0000] {processor.py:183} INFO - Processing /home/airflow/.local/lib/python3.8/site-packages/airflow/example_dags/tutorial_taskflow_api.py took 0.086 seconds
[2025-05-07T19:48:39.710+0000] {processor.py:161} INFO - Started process (PID=1817) to work on /home/airflow/.local/lib/python3.8/site-packages/airflow/example_dags/tutorial_taskflow_api.py
[2025-05-07T19:48:39.711+0000] {processor.py:830} INFO - Processing file /home/airflow/.local/lib/python3.8/site-packages/airflow/example_dags/tutorial_taskflow_api.py for tasks to queue
[2025-05-07T19:48:39.713+0000] {logging_mixin.py:188} INFO - [2025-05-07T19:48:39.713+0000] {dagbag.py:538} INFO - Filling up the DagBag from /home/airflow/.local/lib/python3.8/site-packages/airflow/example_dags/tutorial_taskflow_api.py
[2025-05-07T19:48:39.720+0000] {processor.py:840} INFO - DAG(s) 'tutorial_taskflow_api' retrieved from /home/airflow/.local/lib/python3.8/site-packages/airflow/example_dags/tutorial_taskflow_api.py
[2025-05-07T19:48:39.741+0000] {logging_mixin.py:188} INFO - [2025-05-07T19:48:39.741+0000] {dag.py:3036} INFO - Sync 1 DAGs
[2025-05-07T19:48:39.754+0000] {logging_mixin.py:188} INFO - [2025-05-07T19:48:39.754+0000] {dag.py:3823} INFO - Setting next_dagrun for tutorial_taskflow_api to None, run_after=None
[2025-05-07T19:48:39.777+0000] {processor.py:183} INFO - Processing /home/airflow/.local/lib/python3.8/site-packages/airflow/example_dags/tutorial_taskflow_api.py took 0.070 seconds
[2025-05-07T19:49:10.405+0000] {processor.py:161} INFO - Started process (PID=1873) to work on /home/airflow/.local/lib/python3.8/site-packages/airflow/example_dags/tutorial_taskflow_api.py
[2025-05-07T19:49:10.406+0000] {processor.py:830} INFO - Processing file /home/airflow/.local/lib/python3.8/site-packages/airflow/example_dags/tutorial_taskflow_api.py for tasks to queue
[2025-05-07T19:49:10.408+0000] {logging_mixin.py:188} INFO - [2025-05-07T19:49:10.408+0000] {dagbag.py:538} INFO - Filling up the DagBag from /home/airflow/.local/lib/python3.8/site-packages/airflow/example_dags/tutorial_taskflow_api.py
[2025-05-07T19:49:10.414+0000] {processor.py:840} INFO - DAG(s) 'tutorial_taskflow_api' retrieved from /home/airflow/.local/lib/python3.8/site-packages/airflow/example_dags/tutorial_taskflow_api.py
[2025-05-07T19:49:10.435+0000] {logging_mixin.py:188} INFO - [2025-05-07T19:49:10.435+0000] {dag.py:3036} INFO - Sync 1 DAGs
[2025-05-07T19:49:10.447+0000] {logging_mixin.py:188} INFO - [2025-05-07T19:49:10.447+0000] {dag.py:3823} INFO - Setting next_dagrun for tutorial_taskflow_api to None, run_after=None
[2025-05-07T19:49:10.476+0000] {processor.py:183} INFO - Processing /home/airflow/.local/lib/python3.8/site-packages/airflow/example_dags/tutorial_taskflow_api.py took 0.074 seconds
[2025-05-07T19:49:40.716+0000] {processor.py:161} INFO - Started process (PID=1930) to work on /home/airflow/.local/lib/python3.8/site-packages/airflow/example_dags/tutorial_taskflow_api.py
[2025-05-07T19:49:40.718+0000] {processor.py:830} INFO - Processing file /home/airflow/.local/lib/python3.8/site-packages/airflow/example_dags/tutorial_taskflow_api.py for tasks to queue
[2025-05-07T19:49:40.721+0000] {logging_mixin.py:188} INFO - [2025-05-07T19:49:40.720+0000] {dagbag.py:538} INFO - Filling up the DagBag from /home/airflow/.local/lib/python3.8/site-packages/airflow/example_dags/tutorial_taskflow_api.py
[2025-05-07T19:49:40.729+0000] {processor.py:840} INFO - DAG(s) 'tutorial_taskflow_api' retrieved from /home/airflow/.local/lib/python3.8/site-packages/airflow/example_dags/tutorial_taskflow_api.py
[2025-05-07T19:49:40.751+0000] {logging_mixin.py:188} INFO - [2025-05-07T19:49:40.750+0000] {dag.py:3036} INFO - Sync 1 DAGs
[2025-05-07T19:49:40.763+0000] {logging_mixin.py:188} INFO - [2025-05-07T19:49:40.763+0000] {dag.py:3823} INFO - Setting next_dagrun for tutorial_taskflow_api to None, run_after=None
[2025-05-07T19:49:40.786+0000] {processor.py:183} INFO - Processing /home/airflow/.local/lib/python3.8/site-packages/airflow/example_dags/tutorial_taskflow_api.py took 0.075 seconds
[2025-05-07T19:50:11.615+0000] {processor.py:161} INFO - Started process (PID=1987) to work on /home/airflow/.local/lib/python3.8/site-packages/airflow/example_dags/tutorial_taskflow_api.py
[2025-05-07T19:50:11.618+0000] {processor.py:830} INFO - Processing file /home/airflow/.local/lib/python3.8/site-packages/airflow/example_dags/tutorial_taskflow_api.py for tasks to queue
[2025-05-07T19:50:11.621+0000] {logging_mixin.py:188} INFO - [2025-05-07T19:50:11.620+0000] {dagbag.py:538} INFO - Filling up the DagBag from /home/airflow/.local/lib/python3.8/site-packages/airflow/example_dags/tutorial_taskflow_api.py
[2025-05-07T19:50:11.630+0000] {processor.py:840} INFO - DAG(s) 'tutorial_taskflow_api' retrieved from /home/airflow/.local/lib/python3.8/site-packages/airflow/example_dags/tutorial_taskflow_api.py
[2025-05-07T19:50:11.653+0000] {logging_mixin.py:188} INFO - [2025-05-07T19:50:11.652+0000] {dag.py:3036} INFO - Sync 1 DAGs
[2025-05-07T19:50:11.665+0000] {logging_mixin.py:188} INFO - [2025-05-07T19:50:11.665+0000] {dag.py:3823} INFO - Setting next_dagrun for tutorial_taskflow_api to None, run_after=None
[2025-05-07T19:50:11.690+0000] {processor.py:183} INFO - Processing /home/airflow/.local/lib/python3.8/site-packages/airflow/example_dags/tutorial_taskflow_api.py took 0.079 seconds
[2025-05-07T19:50:42.431+0000] {processor.py:161} INFO - Started process (PID=2044) to work on /home/airflow/.local/lib/python3.8/site-packages/airflow/example_dags/tutorial_taskflow_api.py
[2025-05-07T19:50:42.433+0000] {processor.py:830} INFO - Processing file /home/airflow/.local/lib/python3.8/site-packages/airflow/example_dags/tutorial_taskflow_api.py for tasks to queue
[2025-05-07T19:50:42.436+0000] {logging_mixin.py:188} INFO - [2025-05-07T19:50:42.436+0000] {dagbag.py:538} INFO - Filling up the DagBag from /home/airflow/.local/lib/python3.8/site-packages/airflow/example_dags/tutorial_taskflow_api.py
[2025-05-07T19:50:42.444+0000] {processor.py:840} INFO - DAG(s) 'tutorial_taskflow_api' retrieved from /home/airflow/.local/lib/python3.8/site-packages/airflow/example_dags/tutorial_taskflow_api.py
[2025-05-07T19:50:42.465+0000] {logging_mixin.py:188} INFO - [2025-05-07T19:50:42.464+0000] {dag.py:3036} INFO - Sync 1 DAGs
[2025-05-07T19:50:42.477+0000] {logging_mixin.py:188} INFO - [2025-05-07T19:50:42.477+0000] {dag.py:3823} INFO - Setting next_dagrun for tutorial_taskflow_api to None, run_after=None
[2025-05-07T19:50:42.501+0000] {processor.py:183} INFO - Processing /home/airflow/.local/lib/python3.8/site-packages/airflow/example_dags/tutorial_taskflow_api.py took 0.075 seconds
[2025-05-07T19:51:12.534+0000] {processor.py:161} INFO - Started process (PID=2100) to work on /home/airflow/.local/lib/python3.8/site-packages/airflow/example_dags/tutorial_taskflow_api.py
[2025-05-07T19:51:12.536+0000] {processor.py:830} INFO - Processing file /home/airflow/.local/lib/python3.8/site-packages/airflow/example_dags/tutorial_taskflow_api.py for tasks to queue
[2025-05-07T19:51:12.545+0000] {logging_mixin.py:188} INFO - [2025-05-07T19:51:12.544+0000] {dagbag.py:538} INFO - Filling up the DagBag from /home/airflow/.local/lib/python3.8/site-packages/airflow/example_dags/tutorial_taskflow_api.py
[2025-05-07T19:51:12.552+0000] {processor.py:840} INFO - DAG(s) 'tutorial_taskflow_api' retrieved from /home/airflow/.local/lib/python3.8/site-packages/airflow/example_dags/tutorial_taskflow_api.py
[2025-05-07T19:51:12.576+0000] {logging_mixin.py:188} INFO - [2025-05-07T19:51:12.576+0000] {dag.py:3036} INFO - Sync 1 DAGs
[2025-05-07T19:51:12.589+0000] {logging_mixin.py:188} INFO - [2025-05-07T19:51:12.588+0000] {dag.py:3823} INFO - Setting next_dagrun for tutorial_taskflow_api to None, run_after=None
[2025-05-07T19:51:12.612+0000] {processor.py:183} INFO - Processing /home/airflow/.local/lib/python3.8/site-packages/airflow/example_dags/tutorial_taskflow_api.py took 0.081 seconds
[2025-05-07T19:51:43.146+0000] {processor.py:161} INFO - Started process (PID=2158) to work on /home/airflow/.local/lib/python3.8/site-packages/airflow/example_dags/tutorial_taskflow_api.py
[2025-05-07T19:51:43.147+0000] {processor.py:830} INFO - Processing file /home/airflow/.local/lib/python3.8/site-packages/airflow/example_dags/tutorial_taskflow_api.py for tasks to queue
[2025-05-07T19:51:43.150+0000] {logging_mixin.py:188} INFO - [2025-05-07T19:51:43.149+0000] {dagbag.py:538} INFO - Filling up the DagBag from /home/airflow/.local/lib/python3.8/site-packages/airflow/example_dags/tutorial_taskflow_api.py
[2025-05-07T19:51:43.156+0000] {processor.py:840} INFO - DAG(s) 'tutorial_taskflow_api' retrieved from /home/airflow/.local/lib/python3.8/site-packages/airflow/example_dags/tutorial_taskflow_api.py
[2025-05-07T19:51:43.176+0000] {logging_mixin.py:188} INFO - [2025-05-07T19:51:43.176+0000] {dag.py:3036} INFO - Sync 1 DAGs
[2025-05-07T19:51:43.188+0000] {logging_mixin.py:188} INFO - [2025-05-07T19:51:43.187+0000] {dag.py:3823} INFO - Setting next_dagrun for tutorial_taskflow_api to None, run_after=None
[2025-05-07T19:51:43.207+0000] {processor.py:183} INFO - Processing /home/airflow/.local/lib/python3.8/site-packages/airflow/example_dags/tutorial_taskflow_api.py took 0.065 seconds
[2025-05-07T19:52:13.638+0000] {processor.py:161} INFO - Started process (PID=2215) to work on /home/airflow/.local/lib/python3.8/site-packages/airflow/example_dags/tutorial_taskflow_api.py
[2025-05-07T19:52:13.640+0000] {processor.py:830} INFO - Processing file /home/airflow/.local/lib/python3.8/site-packages/airflow/example_dags/tutorial_taskflow_api.py for tasks to queue
[2025-05-07T19:52:13.642+0000] {logging_mixin.py:188} INFO - [2025-05-07T19:52:13.642+0000] {dagbag.py:538} INFO - Filling up the DagBag from /home/airflow/.local/lib/python3.8/site-packages/airflow/example_dags/tutorial_taskflow_api.py
[2025-05-07T19:52:13.648+0000] {processor.py:840} INFO - DAG(s) 'tutorial_taskflow_api' retrieved from /home/airflow/.local/lib/python3.8/site-packages/airflow/example_dags/tutorial_taskflow_api.py
[2025-05-07T19:52:13.669+0000] {logging_mixin.py:188} INFO - [2025-05-07T19:52:13.669+0000] {dag.py:3036} INFO - Sync 1 DAGs
[2025-05-07T19:52:13.681+0000] {logging_mixin.py:188} INFO - [2025-05-07T19:52:13.681+0000] {dag.py:3823} INFO - Setting next_dagrun for tutorial_taskflow_api to None, run_after=None
[2025-05-07T19:52:13.703+0000] {processor.py:183} INFO - Processing /home/airflow/.local/lib/python3.8/site-packages/airflow/example_dags/tutorial_taskflow_api.py took 0.068 seconds
[2025-05-07T19:52:44.600+0000] {processor.py:161} INFO - Started process (PID=2272) to work on /home/airflow/.local/lib/python3.8/site-packages/airflow/example_dags/tutorial_taskflow_api.py
[2025-05-07T19:52:44.603+0000] {processor.py:830} INFO - Processing file /home/airflow/.local/lib/python3.8/site-packages/airflow/example_dags/tutorial_taskflow_api.py for tasks to queue
[2025-05-07T19:52:44.608+0000] {logging_mixin.py:188} INFO - [2025-05-07T19:52:44.607+0000] {dagbag.py:538} INFO - Filling up the DagBag from /home/airflow/.local/lib/python3.8/site-packages/airflow/example_dags/tutorial_taskflow_api.py
[2025-05-07T19:52:44.619+0000] {processor.py:840} INFO - DAG(s) 'tutorial_taskflow_api' retrieved from /home/airflow/.local/lib/python3.8/site-packages/airflow/example_dags/tutorial_taskflow_api.py
[2025-05-07T19:52:44.640+0000] {logging_mixin.py:188} INFO - [2025-05-07T19:52:44.639+0000] {dag.py:3036} INFO - Sync 1 DAGs
[2025-05-07T19:52:44.652+0000] {logging_mixin.py:188} INFO - [2025-05-07T19:52:44.652+0000] {dag.py:3823} INFO - Setting next_dagrun for tutorial_taskflow_api to None, run_after=None
[2025-05-07T19:52:44.673+0000] {processor.py:183} INFO - Processing /home/airflow/.local/lib/python3.8/site-packages/airflow/example_dags/tutorial_taskflow_api.py took 0.079 seconds
[2025-05-07T19:53:15.518+0000] {processor.py:161} INFO - Started process (PID=2329) to work on /home/airflow/.local/lib/python3.8/site-packages/airflow/example_dags/tutorial_taskflow_api.py
[2025-05-07T19:53:15.520+0000] {processor.py:830} INFO - Processing file /home/airflow/.local/lib/python3.8/site-packages/airflow/example_dags/tutorial_taskflow_api.py for tasks to queue
[2025-05-07T19:53:15.523+0000] {logging_mixin.py:188} INFO - [2025-05-07T19:53:15.522+0000] {dagbag.py:538} INFO - Filling up the DagBag from /home/airflow/.local/lib/python3.8/site-packages/airflow/example_dags/tutorial_taskflow_api.py
[2025-05-07T19:53:15.531+0000] {processor.py:840} INFO - DAG(s) 'tutorial_taskflow_api' retrieved from /home/airflow/.local/lib/python3.8/site-packages/airflow/example_dags/tutorial_taskflow_api.py
[2025-05-07T19:53:15.554+0000] {logging_mixin.py:188} INFO - [2025-05-07T19:53:15.553+0000] {dag.py:3036} INFO - Sync 1 DAGs
[2025-05-07T19:53:15.566+0000] {logging_mixin.py:188} INFO - [2025-05-07T19:53:15.566+0000] {dag.py:3823} INFO - Setting next_dagrun for tutorial_taskflow_api to None, run_after=None
[2025-05-07T19:53:15.586+0000] {processor.py:183} INFO - Processing /home/airflow/.local/lib/python3.8/site-packages/airflow/example_dags/tutorial_taskflow_api.py took 0.071 seconds
[2025-05-07T19:53:46.170+0000] {processor.py:161} INFO - Started process (PID=2386) to work on /home/airflow/.local/lib/python3.8/site-packages/airflow/example_dags/tutorial_taskflow_api.py
[2025-05-07T19:53:46.172+0000] {processor.py:830} INFO - Processing file /home/airflow/.local/lib/python3.8/site-packages/airflow/example_dags/tutorial_taskflow_api.py for tasks to queue
[2025-05-07T19:53:46.177+0000] {logging_mixin.py:188} INFO - [2025-05-07T19:53:46.176+0000] {dagbag.py:538} INFO - Filling up the DagBag from /home/airflow/.local/lib/python3.8/site-packages/airflow/example_dags/tutorial_taskflow_api.py
[2025-05-07T19:53:46.185+0000] {processor.py:840} INFO - DAG(s) 'tutorial_taskflow_api' retrieved from /home/airflow/.local/lib/python3.8/site-packages/airflow/example_dags/tutorial_taskflow_api.py
[2025-05-07T19:53:46.212+0000] {logging_mixin.py:188} INFO - [2025-05-07T19:53:46.212+0000] {dag.py:3036} INFO - Sync 1 DAGs
[2025-05-07T19:53:46.231+0000] {logging_mixin.py:188} INFO - [2025-05-07T19:53:46.231+0000] {dag.py:3823} INFO - Setting next_dagrun for tutorial_taskflow_api to None, run_after=None
[2025-05-07T19:53:46.256+0000] {processor.py:183} INFO - Processing /home/airflow/.local/lib/python3.8/site-packages/airflow/example_dags/tutorial_taskflow_api.py took 0.091 seconds
[2025-05-07T19:54:16.892+0000] {processor.py:161} INFO - Started process (PID=2442) to work on /home/airflow/.local/lib/python3.8/site-packages/airflow/example_dags/tutorial_taskflow_api.py
[2025-05-07T19:54:16.894+0000] {processor.py:830} INFO - Processing file /home/airflow/.local/lib/python3.8/site-packages/airflow/example_dags/tutorial_taskflow_api.py for tasks to queue
[2025-05-07T19:54:16.896+0000] {logging_mixin.py:188} INFO - [2025-05-07T19:54:16.896+0000] {dagbag.py:538} INFO - Filling up the DagBag from /home/airflow/.local/lib/python3.8/site-packages/airflow/example_dags/tutorial_taskflow_api.py
[2025-05-07T19:54:16.903+0000] {processor.py:840} INFO - DAG(s) 'tutorial_taskflow_api' retrieved from /home/airflow/.local/lib/python3.8/site-packages/airflow/example_dags/tutorial_taskflow_api.py
[2025-05-07T19:54:16.926+0000] {logging_mixin.py:188} INFO - [2025-05-07T19:54:16.926+0000] {dag.py:3036} INFO - Sync 1 DAGs
[2025-05-07T19:54:16.941+0000] {logging_mixin.py:188} INFO - [2025-05-07T19:54:16.941+0000] {dag.py:3823} INFO - Setting next_dagrun for tutorial_taskflow_api to None, run_after=None
[2025-05-07T19:54:16.965+0000] {processor.py:183} INFO - Processing /home/airflow/.local/lib/python3.8/site-packages/airflow/example_dags/tutorial_taskflow_api.py took 0.076 seconds
[2025-05-07T19:54:47.640+0000] {processor.py:161} INFO - Started process (PID=2500) to work on /home/airflow/.local/lib/python3.8/site-packages/airflow/example_dags/tutorial_taskflow_api.py
[2025-05-07T19:54:47.642+0000] {processor.py:830} INFO - Processing file /home/airflow/.local/lib/python3.8/site-packages/airflow/example_dags/tutorial_taskflow_api.py for tasks to queue
[2025-05-07T19:54:47.644+0000] {logging_mixin.py:188} INFO - [2025-05-07T19:54:47.644+0000] {dagbag.py:538} INFO - Filling up the DagBag from /home/airflow/.local/lib/python3.8/site-packages/airflow/example_dags/tutorial_taskflow_api.py
[2025-05-07T19:54:47.651+0000] {processor.py:840} INFO - DAG(s) 'tutorial_taskflow_api' retrieved from /home/airflow/.local/lib/python3.8/site-packages/airflow/example_dags/tutorial_taskflow_api.py
[2025-05-07T19:54:47.673+0000] {logging_mixin.py:188} INFO - [2025-05-07T19:54:47.673+0000] {dag.py:3036} INFO - Sync 1 DAGs
[2025-05-07T19:54:47.690+0000] {logging_mixin.py:188} INFO - [2025-05-07T19:54:47.690+0000] {dag.py:3823} INFO - Setting next_dagrun for tutorial_taskflow_api to None, run_after=None
[2025-05-07T19:54:47.718+0000] {processor.py:183} INFO - Processing /home/airflow/.local/lib/python3.8/site-packages/airflow/example_dags/tutorial_taskflow_api.py took 0.081 seconds
[2025-05-07T19:55:18.108+0000] {processor.py:161} INFO - Started process (PID=2557) to work on /home/airflow/.local/lib/python3.8/site-packages/airflow/example_dags/tutorial_taskflow_api.py
[2025-05-07T19:55:18.110+0000] {processor.py:830} INFO - Processing file /home/airflow/.local/lib/python3.8/site-packages/airflow/example_dags/tutorial_taskflow_api.py for tasks to queue
[2025-05-07T19:55:18.113+0000] {logging_mixin.py:188} INFO - [2025-05-07T19:55:18.113+0000] {dagbag.py:538} INFO - Filling up the DagBag from /home/airflow/.local/lib/python3.8/site-packages/airflow/example_dags/tutorial_taskflow_api.py
[2025-05-07T19:55:18.121+0000] {processor.py:840} INFO - DAG(s) 'tutorial_taskflow_api' retrieved from /home/airflow/.local/lib/python3.8/site-packages/airflow/example_dags/tutorial_taskflow_api.py
[2025-05-07T19:55:18.141+0000] {logging_mixin.py:188} INFO - [2025-05-07T19:55:18.141+0000] {dag.py:3036} INFO - Sync 1 DAGs
[2025-05-07T19:55:18.154+0000] {logging_mixin.py:188} INFO - [2025-05-07T19:55:18.153+0000] {dag.py:3823} INFO - Setting next_dagrun for tutorial_taskflow_api to None, run_after=None
[2025-05-07T19:55:18.177+0000] {processor.py:183} INFO - Processing /home/airflow/.local/lib/python3.8/site-packages/airflow/example_dags/tutorial_taskflow_api.py took 0.076 seconds
[2025-05-07T19:55:49.450+0000] {processor.py:161} INFO - Started process (PID=2620) to work on /home/airflow/.local/lib/python3.8/site-packages/airflow/example_dags/tutorial_taskflow_api.py
[2025-05-07T19:55:49.451+0000] {processor.py:830} INFO - Processing file /home/airflow/.local/lib/python3.8/site-packages/airflow/example_dags/tutorial_taskflow_api.py for tasks to queue
[2025-05-07T19:55:49.454+0000] {logging_mixin.py:188} INFO - [2025-05-07T19:55:49.453+0000] {dagbag.py:538} INFO - Filling up the DagBag from /home/airflow/.local/lib/python3.8/site-packages/airflow/example_dags/tutorial_taskflow_api.py
[2025-05-07T19:55:49.462+0000] {processor.py:840} INFO - DAG(s) 'tutorial_taskflow_api' retrieved from /home/airflow/.local/lib/python3.8/site-packages/airflow/example_dags/tutorial_taskflow_api.py
[2025-05-07T19:55:49.491+0000] {logging_mixin.py:188} INFO - [2025-05-07T19:55:49.491+0000] {dag.py:3036} INFO - Sync 1 DAGs
[2025-05-07T19:55:49.503+0000] {logging_mixin.py:188} INFO - [2025-05-07T19:55:49.503+0000] {dag.py:3823} INFO - Setting next_dagrun for tutorial_taskflow_api to None, run_after=None
[2025-05-07T19:55:49.528+0000] {processor.py:183} INFO - Processing /home/airflow/.local/lib/python3.8/site-packages/airflow/example_dags/tutorial_taskflow_api.py took 0.084 seconds
[2025-05-07T19:56:20.757+0000] {processor.py:161} INFO - Started process (PID=2677) to work on /home/airflow/.local/lib/python3.8/site-packages/airflow/example_dags/tutorial_taskflow_api.py
[2025-05-07T19:56:20.759+0000] {processor.py:830} INFO - Processing file /home/airflow/.local/lib/python3.8/site-packages/airflow/example_dags/tutorial_taskflow_api.py for tasks to queue
[2025-05-07T19:56:20.762+0000] {logging_mixin.py:188} INFO - [2025-05-07T19:56:20.762+0000] {dagbag.py:538} INFO - Filling up the DagBag from /home/airflow/.local/lib/python3.8/site-packages/airflow/example_dags/tutorial_taskflow_api.py
[2025-05-07T19:56:20.770+0000] {processor.py:840} INFO - DAG(s) 'tutorial_taskflow_api' retrieved from /home/airflow/.local/lib/python3.8/site-packages/airflow/example_dags/tutorial_taskflow_api.py
[2025-05-07T19:56:20.911+0000] {logging_mixin.py:188} INFO - [2025-05-07T19:56:20.910+0000] {dag.py:3036} INFO - Sync 1 DAGs
[2025-05-07T19:56:20.922+0000] {logging_mixin.py:188} INFO - [2025-05-07T19:56:20.921+0000] {dag.py:3823} INFO - Setting next_dagrun for tutorial_taskflow_api to None, run_after=None
[2025-05-07T19:56:20.943+0000] {processor.py:183} INFO - Processing /home/airflow/.local/lib/python3.8/site-packages/airflow/example_dags/tutorial_taskflow_api.py took 0.189 seconds
[2025-05-07T19:56:51.482+0000] {processor.py:161} INFO - Started process (PID=2734) to work on /home/airflow/.local/lib/python3.8/site-packages/airflow/example_dags/tutorial_taskflow_api.py
[2025-05-07T19:56:51.484+0000] {processor.py:830} INFO - Processing file /home/airflow/.local/lib/python3.8/site-packages/airflow/example_dags/tutorial_taskflow_api.py for tasks to queue
[2025-05-07T19:56:51.489+0000] {logging_mixin.py:188} INFO - [2025-05-07T19:56:51.489+0000] {dagbag.py:538} INFO - Filling up the DagBag from /home/airflow/.local/lib/python3.8/site-packages/airflow/example_dags/tutorial_taskflow_api.py
[2025-05-07T19:56:51.502+0000] {processor.py:840} INFO - DAG(s) 'tutorial_taskflow_api' retrieved from /home/airflow/.local/lib/python3.8/site-packages/airflow/example_dags/tutorial_taskflow_api.py
[2025-05-07T19:56:51.527+0000] {logging_mixin.py:188} INFO - [2025-05-07T19:56:51.527+0000] {dag.py:3036} INFO - Sync 1 DAGs
[2025-05-07T19:56:51.542+0000] {logging_mixin.py:188} INFO - [2025-05-07T19:56:51.542+0000] {dag.py:3823} INFO - Setting next_dagrun for tutorial_taskflow_api to None, run_after=None
[2025-05-07T19:56:51.567+0000] {processor.py:183} INFO - Processing /home/airflow/.local/lib/python3.8/site-packages/airflow/example_dags/tutorial_taskflow_api.py took 0.090 seconds
[2025-05-07T19:57:22.392+0000] {processor.py:161} INFO - Started process (PID=2791) to work on /home/airflow/.local/lib/python3.8/site-packages/airflow/example_dags/tutorial_taskflow_api.py
[2025-05-07T19:57:22.395+0000] {processor.py:830} INFO - Processing file /home/airflow/.local/lib/python3.8/site-packages/airflow/example_dags/tutorial_taskflow_api.py for tasks to queue
[2025-05-07T19:57:22.399+0000] {logging_mixin.py:188} INFO - [2025-05-07T19:57:22.399+0000] {dagbag.py:538} INFO - Filling up the DagBag from /home/airflow/.local/lib/python3.8/site-packages/airflow/example_dags/tutorial_taskflow_api.py
[2025-05-07T19:57:22.416+0000] {processor.py:840} INFO - DAG(s) 'tutorial_taskflow_api' retrieved from /home/airflow/.local/lib/python3.8/site-packages/airflow/example_dags/tutorial_taskflow_api.py
[2025-05-07T19:57:22.465+0000] {logging_mixin.py:188} INFO - [2025-05-07T19:57:22.465+0000] {dag.py:3036} INFO - Sync 1 DAGs
[2025-05-07T19:57:22.480+0000] {logging_mixin.py:188} INFO - [2025-05-07T19:57:22.479+0000] {dag.py:3823} INFO - Setting next_dagrun for tutorial_taskflow_api to None, run_after=None
[2025-05-07T19:57:22.503+0000] {processor.py:183} INFO - Processing /home/airflow/.local/lib/python3.8/site-packages/airflow/example_dags/tutorial_taskflow_api.py took 0.119 seconds
[2025-05-07T19:57:53.098+0000] {processor.py:161} INFO - Started process (PID=2848) to work on /home/airflow/.local/lib/python3.8/site-packages/airflow/example_dags/tutorial_taskflow_api.py
[2025-05-07T19:57:53.101+0000] {processor.py:830} INFO - Processing file /home/airflow/.local/lib/python3.8/site-packages/airflow/example_dags/tutorial_taskflow_api.py for tasks to queue
[2025-05-07T19:57:53.106+0000] {logging_mixin.py:188} INFO - [2025-05-07T19:57:53.105+0000] {dagbag.py:538} INFO - Filling up the DagBag from /home/airflow/.local/lib/python3.8/site-packages/airflow/example_dags/tutorial_taskflow_api.py
[2025-05-07T19:57:53.115+0000] {processor.py:840} INFO - DAG(s) 'tutorial_taskflow_api' retrieved from /home/airflow/.local/lib/python3.8/site-packages/airflow/example_dags/tutorial_taskflow_api.py
[2025-05-07T19:57:53.140+0000] {logging_mixin.py:188} INFO - [2025-05-07T19:57:53.139+0000] {dag.py:3036} INFO - Sync 1 DAGs
[2025-05-07T19:57:53.158+0000] {logging_mixin.py:188} INFO - [2025-05-07T19:57:53.158+0000] {dag.py:3823} INFO - Setting next_dagrun for tutorial_taskflow_api to None, run_after=None
[2025-05-07T19:57:53.182+0000] {processor.py:183} INFO - Processing /home/airflow/.local/lib/python3.8/site-packages/airflow/example_dags/tutorial_taskflow_api.py took 0.090 seconds
[2025-05-07T19:58:24.112+0000] {processor.py:161} INFO - Started process (PID=2905) to work on /home/airflow/.local/lib/python3.8/site-packages/airflow/example_dags/tutorial_taskflow_api.py
[2025-05-07T19:58:24.114+0000] {processor.py:830} INFO - Processing file /home/airflow/.local/lib/python3.8/site-packages/airflow/example_dags/tutorial_taskflow_api.py for tasks to queue
[2025-05-07T19:58:24.117+0000] {logging_mixin.py:188} INFO - [2025-05-07T19:58:24.117+0000] {dagbag.py:538} INFO - Filling up the DagBag from /home/airflow/.local/lib/python3.8/site-packages/airflow/example_dags/tutorial_taskflow_api.py
[2025-05-07T19:58:24.127+0000] {processor.py:840} INFO - DAG(s) 'tutorial_taskflow_api' retrieved from /home/airflow/.local/lib/python3.8/site-packages/airflow/example_dags/tutorial_taskflow_api.py
[2025-05-07T19:58:24.152+0000] {logging_mixin.py:188} INFO - [2025-05-07T19:58:24.152+0000] {dag.py:3036} INFO - Sync 1 DAGs
[2025-05-07T19:58:24.171+0000] {logging_mixin.py:188} INFO - [2025-05-07T19:58:24.170+0000] {dag.py:3823} INFO - Setting next_dagrun for tutorial_taskflow_api to None, run_after=None
[2025-05-07T19:58:24.210+0000] {processor.py:183} INFO - Processing /home/airflow/.local/lib/python3.8/site-packages/airflow/example_dags/tutorial_taskflow_api.py took 0.102 seconds
[2025-05-07T19:58:55.033+0000] {processor.py:161} INFO - Started process (PID=2962) to work on /home/airflow/.local/lib/python3.8/site-packages/airflow/example_dags/tutorial_taskflow_api.py
[2025-05-07T19:58:55.034+0000] {processor.py:830} INFO - Processing file /home/airflow/.local/lib/python3.8/site-packages/airflow/example_dags/tutorial_taskflow_api.py for tasks to queue
[2025-05-07T19:58:55.036+0000] {logging_mixin.py:188} INFO - [2025-05-07T19:58:55.036+0000] {dagbag.py:538} INFO - Filling up the DagBag from /home/airflow/.local/lib/python3.8/site-packages/airflow/example_dags/tutorial_taskflow_api.py
[2025-05-07T19:58:55.045+0000] {processor.py:840} INFO - DAG(s) 'tutorial_taskflow_api' retrieved from /home/airflow/.local/lib/python3.8/site-packages/airflow/example_dags/tutorial_taskflow_api.py
[2025-05-07T19:58:55.068+0000] {logging_mixin.py:188} INFO - [2025-05-07T19:58:55.068+0000] {dag.py:3036} INFO - Sync 1 DAGs
[2025-05-07T19:58:55.082+0000] {logging_mixin.py:188} INFO - [2025-05-07T19:58:55.081+0000] {dag.py:3823} INFO - Setting next_dagrun for tutorial_taskflow_api to None, run_after=None
[2025-05-07T19:58:55.107+0000] {processor.py:183} INFO - Processing /home/airflow/.local/lib/python3.8/site-packages/airflow/example_dags/tutorial_taskflow_api.py took 0.077 seconds
[2025-05-07T19:59:25.280+0000] {processor.py:161} INFO - Started process (PID=3019) to work on /home/airflow/.local/lib/python3.8/site-packages/airflow/example_dags/tutorial_taskflow_api.py
[2025-05-07T19:59:25.282+0000] {processor.py:830} INFO - Processing file /home/airflow/.local/lib/python3.8/site-packages/airflow/example_dags/tutorial_taskflow_api.py for tasks to queue
[2025-05-07T19:59:25.285+0000] {logging_mixin.py:188} INFO - [2025-05-07T19:59:25.285+0000] {dagbag.py:538} INFO - Filling up the DagBag from /home/airflow/.local/lib/python3.8/site-packages/airflow/example_dags/tutorial_taskflow_api.py
[2025-05-07T19:59:25.295+0000] {processor.py:840} INFO - DAG(s) 'tutorial_taskflow_api' retrieved from /home/airflow/.local/lib/python3.8/site-packages/airflow/example_dags/tutorial_taskflow_api.py
[2025-05-07T19:59:25.322+0000] {logging_mixin.py:188} INFO - [2025-05-07T19:59:25.322+0000] {dag.py:3036} INFO - Sync 1 DAGs
[2025-05-07T19:59:25.333+0000] {logging_mixin.py:188} INFO - [2025-05-07T19:59:25.333+0000] {dag.py:3823} INFO - Setting next_dagrun for tutorial_taskflow_api to None, run_after=None
[2025-05-07T19:59:25.351+0000] {processor.py:183} INFO - Processing /home/airflow/.local/lib/python3.8/site-packages/airflow/example_dags/tutorial_taskflow_api.py took 0.077 seconds
[2025-05-07T19:59:56.002+0000] {processor.py:161} INFO - Started process (PID=3076) to work on /home/airflow/.local/lib/python3.8/site-packages/airflow/example_dags/tutorial_taskflow_api.py
[2025-05-07T19:59:56.003+0000] {processor.py:830} INFO - Processing file /home/airflow/.local/lib/python3.8/site-packages/airflow/example_dags/tutorial_taskflow_api.py for tasks to queue
[2025-05-07T19:59:56.006+0000] {logging_mixin.py:188} INFO - [2025-05-07T19:59:56.006+0000] {dagbag.py:538} INFO - Filling up the DagBag from /home/airflow/.local/lib/python3.8/site-packages/airflow/example_dags/tutorial_taskflow_api.py
[2025-05-07T19:59:56.015+0000] {processor.py:840} INFO - DAG(s) 'tutorial_taskflow_api' retrieved from /home/airflow/.local/lib/python3.8/site-packages/airflow/example_dags/tutorial_taskflow_api.py
[2025-05-07T19:59:56.042+0000] {logging_mixin.py:188} INFO - [2025-05-07T19:59:56.041+0000] {dag.py:3036} INFO - Sync 1 DAGs
[2025-05-07T19:59:56.058+0000] {logging_mixin.py:188} INFO - [2025-05-07T19:59:56.057+0000] {dag.py:3823} INFO - Setting next_dagrun for tutorial_taskflow_api to None, run_after=None
[2025-05-07T19:59:56.088+0000] {processor.py:183} INFO - Processing /home/airflow/.local/lib/python3.8/site-packages/airflow/example_dags/tutorial_taskflow_api.py took 0.089 seconds
[2025-05-07T20:00:26.620+0000] {processor.py:161} INFO - Started process (PID=3133) to work on /home/airflow/.local/lib/python3.8/site-packages/airflow/example_dags/tutorial_taskflow_api.py
[2025-05-07T20:00:26.622+0000] {processor.py:830} INFO - Processing file /home/airflow/.local/lib/python3.8/site-packages/airflow/example_dags/tutorial_taskflow_api.py for tasks to queue
[2025-05-07T20:00:26.625+0000] {logging_mixin.py:188} INFO - [2025-05-07T20:00:26.624+0000] {dagbag.py:538} INFO - Filling up the DagBag from /home/airflow/.local/lib/python3.8/site-packages/airflow/example_dags/tutorial_taskflow_api.py
[2025-05-07T20:00:26.633+0000] {processor.py:840} INFO - DAG(s) 'tutorial_taskflow_api' retrieved from /home/airflow/.local/lib/python3.8/site-packages/airflow/example_dags/tutorial_taskflow_api.py
[2025-05-07T20:00:26.658+0000] {logging_mixin.py:188} INFO - [2025-05-07T20:00:26.658+0000] {dag.py:3036} INFO - Sync 1 DAGs
[2025-05-07T20:00:26.671+0000] {logging_mixin.py:188} INFO - [2025-05-07T20:00:26.671+0000] {dag.py:3823} INFO - Setting next_dagrun for tutorial_taskflow_api to None, run_after=None
[2025-05-07T20:00:26.692+0000] {processor.py:183} INFO - Processing /home/airflow/.local/lib/python3.8/site-packages/airflow/example_dags/tutorial_taskflow_api.py took 0.076 seconds
[2025-05-07T20:00:57.186+0000] {processor.py:161} INFO - Started process (PID=3190) to work on /home/airflow/.local/lib/python3.8/site-packages/airflow/example_dags/tutorial_taskflow_api.py
[2025-05-07T20:00:57.187+0000] {processor.py:830} INFO - Processing file /home/airflow/.local/lib/python3.8/site-packages/airflow/example_dags/tutorial_taskflow_api.py for tasks to queue
[2025-05-07T20:00:57.190+0000] {logging_mixin.py:188} INFO - [2025-05-07T20:00:57.189+0000] {dagbag.py:538} INFO - Filling up the DagBag from /home/airflow/.local/lib/python3.8/site-packages/airflow/example_dags/tutorial_taskflow_api.py
[2025-05-07T20:00:57.199+0000] {processor.py:840} INFO - DAG(s) 'tutorial_taskflow_api' retrieved from /home/airflow/.local/lib/python3.8/site-packages/airflow/example_dags/tutorial_taskflow_api.py
[2025-05-07T20:00:57.225+0000] {logging_mixin.py:188} INFO - [2025-05-07T20:00:57.224+0000] {dag.py:3036} INFO - Sync 1 DAGs
[2025-05-07T20:00:57.239+0000] {logging_mixin.py:188} INFO - [2025-05-07T20:00:57.239+0000] {dag.py:3823} INFO - Setting next_dagrun for tutorial_taskflow_api to None, run_after=None
[2025-05-07T20:00:57.265+0000] {processor.py:183} INFO - Processing /home/airflow/.local/lib/python3.8/site-packages/airflow/example_dags/tutorial_taskflow_api.py took 0.083 seconds
[2025-05-07T20:01:27.552+0000] {processor.py:161} INFO - Started process (PID=3247) to work on /home/airflow/.local/lib/python3.8/site-packages/airflow/example_dags/tutorial_taskflow_api.py
[2025-05-07T20:01:27.554+0000] {processor.py:830} INFO - Processing file /home/airflow/.local/lib/python3.8/site-packages/airflow/example_dags/tutorial_taskflow_api.py for tasks to queue
[2025-05-07T20:01:27.556+0000] {logging_mixin.py:188} INFO - [2025-05-07T20:01:27.555+0000] {dagbag.py:538} INFO - Filling up the DagBag from /home/airflow/.local/lib/python3.8/site-packages/airflow/example_dags/tutorial_taskflow_api.py
[2025-05-07T20:01:27.562+0000] {processor.py:840} INFO - DAG(s) 'tutorial_taskflow_api' retrieved from /home/airflow/.local/lib/python3.8/site-packages/airflow/example_dags/tutorial_taskflow_api.py
[2025-05-07T20:01:27.582+0000] {logging_mixin.py:188} INFO - [2025-05-07T20:01:27.582+0000] {dag.py:3036} INFO - Sync 1 DAGs
[2025-05-07T20:01:27.594+0000] {logging_mixin.py:188} INFO - [2025-05-07T20:01:27.594+0000] {dag.py:3823} INFO - Setting next_dagrun for tutorial_taskflow_api to None, run_after=None
[2025-05-07T20:01:27.616+0000] {processor.py:183} INFO - Processing /home/airflow/.local/lib/python3.8/site-packages/airflow/example_dags/tutorial_taskflow_api.py took 0.067 seconds
[2025-05-07T20:01:58.103+0000] {processor.py:161} INFO - Started process (PID=3304) to work on /home/airflow/.local/lib/python3.8/site-packages/airflow/example_dags/tutorial_taskflow_api.py
[2025-05-07T20:01:58.105+0000] {processor.py:830} INFO - Processing file /home/airflow/.local/lib/python3.8/site-packages/airflow/example_dags/tutorial_taskflow_api.py for tasks to queue
[2025-05-07T20:01:58.107+0000] {logging_mixin.py:188} INFO - [2025-05-07T20:01:58.107+0000] {dagbag.py:538} INFO - Filling up the DagBag from /home/airflow/.local/lib/python3.8/site-packages/airflow/example_dags/tutorial_taskflow_api.py
[2025-05-07T20:01:58.114+0000] {processor.py:840} INFO - DAG(s) 'tutorial_taskflow_api' retrieved from /home/airflow/.local/lib/python3.8/site-packages/airflow/example_dags/tutorial_taskflow_api.py
[2025-05-07T20:01:58.136+0000] {logging_mixin.py:188} INFO - [2025-05-07T20:01:58.136+0000] {dag.py:3036} INFO - Sync 1 DAGs
[2025-05-07T20:01:58.150+0000] {logging_mixin.py:188} INFO - [2025-05-07T20:01:58.150+0000] {dag.py:3823} INFO - Setting next_dagrun for tutorial_taskflow_api to None, run_after=None
[2025-05-07T20:01:58.176+0000] {processor.py:183} INFO - Processing /home/airflow/.local/lib/python3.8/site-packages/airflow/example_dags/tutorial_taskflow_api.py took 0.076 seconds
[2025-05-07T20:02:28.589+0000] {processor.py:161} INFO - Started process (PID=3361) to work on /home/airflow/.local/lib/python3.8/site-packages/airflow/example_dags/tutorial_taskflow_api.py
[2025-05-07T20:02:28.591+0000] {processor.py:830} INFO - Processing file /home/airflow/.local/lib/python3.8/site-packages/airflow/example_dags/tutorial_taskflow_api.py for tasks to queue
[2025-05-07T20:02:28.594+0000] {logging_mixin.py:188} INFO - [2025-05-07T20:02:28.594+0000] {dagbag.py:538} INFO - Filling up the DagBag from /home/airflow/.local/lib/python3.8/site-packages/airflow/example_dags/tutorial_taskflow_api.py
[2025-05-07T20:02:28.602+0000] {processor.py:840} INFO - DAG(s) 'tutorial_taskflow_api' retrieved from /home/airflow/.local/lib/python3.8/site-packages/airflow/example_dags/tutorial_taskflow_api.py
[2025-05-07T20:02:28.626+0000] {logging_mixin.py:188} INFO - [2025-05-07T20:02:28.625+0000] {dag.py:3036} INFO - Sync 1 DAGs
[2025-05-07T20:02:28.641+0000] {logging_mixin.py:188} INFO - [2025-05-07T20:02:28.641+0000] {dag.py:3823} INFO - Setting next_dagrun for tutorial_taskflow_api to None, run_after=None
[2025-05-07T20:02:28.666+0000] {processor.py:183} INFO - Processing /home/airflow/.local/lib/python3.8/site-packages/airflow/example_dags/tutorial_taskflow_api.py took 0.083 seconds
[2025-05-07T20:02:59.010+0000] {processor.py:161} INFO - Started process (PID=3419) to work on /home/airflow/.local/lib/python3.8/site-packages/airflow/example_dags/tutorial_taskflow_api.py
[2025-05-07T20:02:59.015+0000] {processor.py:830} INFO - Processing file /home/airflow/.local/lib/python3.8/site-packages/airflow/example_dags/tutorial_taskflow_api.py for tasks to queue
[2025-05-07T20:02:59.022+0000] {logging_mixin.py:188} INFO - [2025-05-07T20:02:59.021+0000] {dagbag.py:538} INFO - Filling up the DagBag from /home/airflow/.local/lib/python3.8/site-packages/airflow/example_dags/tutorial_taskflow_api.py
[2025-05-07T20:02:59.035+0000] {processor.py:840} INFO - DAG(s) 'tutorial_taskflow_api' retrieved from /home/airflow/.local/lib/python3.8/site-packages/airflow/example_dags/tutorial_taskflow_api.py
[2025-05-07T20:02:59.067+0000] {logging_mixin.py:188} INFO - [2025-05-07T20:02:59.067+0000] {dag.py:3036} INFO - Sync 1 DAGs
[2025-05-07T20:02:59.080+0000] {logging_mixin.py:188} INFO - [2025-05-07T20:02:59.080+0000] {dag.py:3823} INFO - Setting next_dagrun for tutorial_taskflow_api to None, run_after=None
[2025-05-07T20:02:59.104+0000] {processor.py:183} INFO - Processing /home/airflow/.local/lib/python3.8/site-packages/airflow/example_dags/tutorial_taskflow_api.py took 0.101 seconds
[2025-05-07T20:03:29.161+0000] {processor.py:161} INFO - Started process (PID=3476) to work on /home/airflow/.local/lib/python3.8/site-packages/airflow/example_dags/tutorial_taskflow_api.py
[2025-05-07T20:03:29.162+0000] {processor.py:830} INFO - Processing file /home/airflow/.local/lib/python3.8/site-packages/airflow/example_dags/tutorial_taskflow_api.py for tasks to queue
[2025-05-07T20:03:29.164+0000] {logging_mixin.py:188} INFO - [2025-05-07T20:03:29.164+0000] {dagbag.py:538} INFO - Filling up the DagBag from /home/airflow/.local/lib/python3.8/site-packages/airflow/example_dags/tutorial_taskflow_api.py
[2025-05-07T20:03:29.171+0000] {processor.py:840} INFO - DAG(s) 'tutorial_taskflow_api' retrieved from /home/airflow/.local/lib/python3.8/site-packages/airflow/example_dags/tutorial_taskflow_api.py
[2025-05-07T20:03:29.194+0000] {logging_mixin.py:188} INFO - [2025-05-07T20:03:29.194+0000] {dag.py:3036} INFO - Sync 1 DAGs
[2025-05-07T20:03:29.207+0000] {logging_mixin.py:188} INFO - [2025-05-07T20:03:29.206+0000] {dag.py:3823} INFO - Setting next_dagrun for tutorial_taskflow_api to None, run_after=None
[2025-05-07T20:03:29.227+0000] {processor.py:183} INFO - Processing /home/airflow/.local/lib/python3.8/site-packages/airflow/example_dags/tutorial_taskflow_api.py took 0.070 seconds
[2025-05-07T20:03:59.875+0000] {processor.py:161} INFO - Started process (PID=3533) to work on /home/airflow/.local/lib/python3.8/site-packages/airflow/example_dags/tutorial_taskflow_api.py
[2025-05-07T20:03:59.877+0000] {processor.py:830} INFO - Processing file /home/airflow/.local/lib/python3.8/site-packages/airflow/example_dags/tutorial_taskflow_api.py for tasks to queue
[2025-05-07T20:03:59.882+0000] {logging_mixin.py:188} INFO - [2025-05-07T20:03:59.881+0000] {dagbag.py:538} INFO - Filling up the DagBag from /home/airflow/.local/lib/python3.8/site-packages/airflow/example_dags/tutorial_taskflow_api.py
[2025-05-07T20:03:59.891+0000] {processor.py:840} INFO - DAG(s) 'tutorial_taskflow_api' retrieved from /home/airflow/.local/lib/python3.8/site-packages/airflow/example_dags/tutorial_taskflow_api.py
[2025-05-07T20:03:59.910+0000] {logging_mixin.py:188} INFO - [2025-05-07T20:03:59.909+0000] {dag.py:3036} INFO - Sync 1 DAGs
[2025-05-07T20:03:59.921+0000] {logging_mixin.py:188} INFO - [2025-05-07T20:03:59.921+0000] {dag.py:3823} INFO - Setting next_dagrun for tutorial_taskflow_api to None, run_after=None
[2025-05-07T20:03:59.945+0000] {processor.py:183} INFO - Processing /home/airflow/.local/lib/python3.8/site-packages/airflow/example_dags/tutorial_taskflow_api.py took 0.077 seconds
[2025-05-07T20:04:30.228+0000] {processor.py:161} INFO - Started process (PID=3590) to work on /home/airflow/.local/lib/python3.8/site-packages/airflow/example_dags/tutorial_taskflow_api.py
[2025-05-07T20:04:30.229+0000] {processor.py:830} INFO - Processing file /home/airflow/.local/lib/python3.8/site-packages/airflow/example_dags/tutorial_taskflow_api.py for tasks to queue
[2025-05-07T20:04:30.232+0000] {logging_mixin.py:188} INFO - [2025-05-07T20:04:30.231+0000] {dagbag.py:538} INFO - Filling up the DagBag from /home/airflow/.local/lib/python3.8/site-packages/airflow/example_dags/tutorial_taskflow_api.py
[2025-05-07T20:04:30.238+0000] {processor.py:840} INFO - DAG(s) 'tutorial_taskflow_api' retrieved from /home/airflow/.local/lib/python3.8/site-packages/airflow/example_dags/tutorial_taskflow_api.py
[2025-05-07T20:04:30.263+0000] {logging_mixin.py:188} INFO - [2025-05-07T20:04:30.263+0000] {dag.py:3036} INFO - Sync 1 DAGs
[2025-05-07T20:04:30.276+0000] {logging_mixin.py:188} INFO - [2025-05-07T20:04:30.276+0000] {dag.py:3823} INFO - Setting next_dagrun for tutorial_taskflow_api to None, run_after=None
[2025-05-07T20:04:30.298+0000] {processor.py:183} INFO - Processing /home/airflow/.local/lib/python3.8/site-packages/airflow/example_dags/tutorial_taskflow_api.py took 0.073 seconds
[2025-05-07T20:05:00.446+0000] {processor.py:161} INFO - Started process (PID=3647) to work on /home/airflow/.local/lib/python3.8/site-packages/airflow/example_dags/tutorial_taskflow_api.py
[2025-05-07T20:05:00.448+0000] {processor.py:830} INFO - Processing file /home/airflow/.local/lib/python3.8/site-packages/airflow/example_dags/tutorial_taskflow_api.py for tasks to queue
[2025-05-07T20:05:00.451+0000] {logging_mixin.py:188} INFO - [2025-05-07T20:05:00.450+0000] {dagbag.py:538} INFO - Filling up the DagBag from /home/airflow/.local/lib/python3.8/site-packages/airflow/example_dags/tutorial_taskflow_api.py
[2025-05-07T20:05:00.458+0000] {processor.py:840} INFO - DAG(s) 'tutorial_taskflow_api' retrieved from /home/airflow/.local/lib/python3.8/site-packages/airflow/example_dags/tutorial_taskflow_api.py
[2025-05-07T20:05:00.479+0000] {logging_mixin.py:188} INFO - [2025-05-07T20:05:00.479+0000] {dag.py:3036} INFO - Sync 1 DAGs
[2025-05-07T20:05:00.491+0000] {logging_mixin.py:188} INFO - [2025-05-07T20:05:00.491+0000] {dag.py:3823} INFO - Setting next_dagrun for tutorial_taskflow_api to None, run_after=None
[2025-05-07T20:05:00.513+0000] {processor.py:183} INFO - Processing /home/airflow/.local/lib/python3.8/site-packages/airflow/example_dags/tutorial_taskflow_api.py took 0.070 seconds
[2025-05-07T20:05:30.868+0000] {processor.py:161} INFO - Started process (PID=3704) to work on /home/airflow/.local/lib/python3.8/site-packages/airflow/example_dags/tutorial_taskflow_api.py
[2025-05-07T20:05:30.869+0000] {processor.py:830} INFO - Processing file /home/airflow/.local/lib/python3.8/site-packages/airflow/example_dags/tutorial_taskflow_api.py for tasks to queue
[2025-05-07T20:05:30.872+0000] {logging_mixin.py:188} INFO - [2025-05-07T20:05:30.871+0000] {dagbag.py:538} INFO - Filling up the DagBag from /home/airflow/.local/lib/python3.8/site-packages/airflow/example_dags/tutorial_taskflow_api.py
[2025-05-07T20:05:30.879+0000] {processor.py:840} INFO - DAG(s) 'tutorial_taskflow_api' retrieved from /home/airflow/.local/lib/python3.8/site-packages/airflow/example_dags/tutorial_taskflow_api.py
[2025-05-07T20:05:30.897+0000] {logging_mixin.py:188} INFO - [2025-05-07T20:05:30.897+0000] {dag.py:3036} INFO - Sync 1 DAGs
[2025-05-07T20:05:30.909+0000] {logging_mixin.py:188} INFO - [2025-05-07T20:05:30.909+0000] {dag.py:3823} INFO - Setting next_dagrun for tutorial_taskflow_api to None, run_after=None
[2025-05-07T20:05:30.932+0000] {processor.py:183} INFO - Processing /home/airflow/.local/lib/python3.8/site-packages/airflow/example_dags/tutorial_taskflow_api.py took 0.069 seconds
[2025-05-07T20:06:01.751+0000] {processor.py:161} INFO - Started process (PID=3761) to work on /home/airflow/.local/lib/python3.8/site-packages/airflow/example_dags/tutorial_taskflow_api.py
[2025-05-07T20:06:01.752+0000] {processor.py:830} INFO - Processing file /home/airflow/.local/lib/python3.8/site-packages/airflow/example_dags/tutorial_taskflow_api.py for tasks to queue
[2025-05-07T20:06:01.754+0000] {logging_mixin.py:188} INFO - [2025-05-07T20:06:01.754+0000] {dagbag.py:538} INFO - Filling up the DagBag from /home/airflow/.local/lib/python3.8/site-packages/airflow/example_dags/tutorial_taskflow_api.py
[2025-05-07T20:06:01.763+0000] {processor.py:840} INFO - DAG(s) 'tutorial_taskflow_api' retrieved from /home/airflow/.local/lib/python3.8/site-packages/airflow/example_dags/tutorial_taskflow_api.py
[2025-05-07T20:06:01.786+0000] {logging_mixin.py:188} INFO - [2025-05-07T20:06:01.786+0000] {dag.py:3036} INFO - Sync 1 DAGs
[2025-05-07T20:06:01.800+0000] {logging_mixin.py:188} INFO - [2025-05-07T20:06:01.800+0000] {dag.py:3823} INFO - Setting next_dagrun for tutorial_taskflow_api to None, run_after=None
[2025-05-07T20:06:01.823+0000] {processor.py:183} INFO - Processing /home/airflow/.local/lib/python3.8/site-packages/airflow/example_dags/tutorial_taskflow_api.py took 0.076 seconds
[2025-05-07T20:06:31.964+0000] {processor.py:161} INFO - Started process (PID=3818) to work on /home/airflow/.local/lib/python3.8/site-packages/airflow/example_dags/tutorial_taskflow_api.py
[2025-05-07T20:06:31.965+0000] {processor.py:830} INFO - Processing file /home/airflow/.local/lib/python3.8/site-packages/airflow/example_dags/tutorial_taskflow_api.py for tasks to queue
[2025-05-07T20:06:31.968+0000] {logging_mixin.py:188} INFO - [2025-05-07T20:06:31.967+0000] {dagbag.py:538} INFO - Filling up the DagBag from /home/airflow/.local/lib/python3.8/site-packages/airflow/example_dags/tutorial_taskflow_api.py
[2025-05-07T20:06:31.976+0000] {processor.py:840} INFO - DAG(s) 'tutorial_taskflow_api' retrieved from /home/airflow/.local/lib/python3.8/site-packages/airflow/example_dags/tutorial_taskflow_api.py
[2025-05-07T20:06:32.001+0000] {logging_mixin.py:188} INFO - [2025-05-07T20:06:32.000+0000] {dag.py:3036} INFO - Sync 1 DAGs
[2025-05-07T20:06:32.014+0000] {logging_mixin.py:188} INFO - [2025-05-07T20:06:32.014+0000] {dag.py:3823} INFO - Setting next_dagrun for tutorial_taskflow_api to None, run_after=None
[2025-05-07T20:06:32.185+0000] {processor.py:183} INFO - Processing /home/airflow/.local/lib/python3.8/site-packages/airflow/example_dags/tutorial_taskflow_api.py took 0.225 seconds
[2025-05-07T20:07:02.421+0000] {processor.py:161} INFO - Started process (PID=3875) to work on /home/airflow/.local/lib/python3.8/site-packages/airflow/example_dags/tutorial_taskflow_api.py
[2025-05-07T20:07:02.423+0000] {processor.py:830} INFO - Processing file /home/airflow/.local/lib/python3.8/site-packages/airflow/example_dags/tutorial_taskflow_api.py for tasks to queue
[2025-05-07T20:07:02.425+0000] {logging_mixin.py:188} INFO - [2025-05-07T20:07:02.425+0000] {dagbag.py:538} INFO - Filling up the DagBag from /home/airflow/.local/lib/python3.8/site-packages/airflow/example_dags/tutorial_taskflow_api.py
[2025-05-07T20:07:02.436+0000] {processor.py:840} INFO - DAG(s) 'tutorial_taskflow_api' retrieved from /home/airflow/.local/lib/python3.8/site-packages/airflow/example_dags/tutorial_taskflow_api.py
[2025-05-07T20:07:02.461+0000] {logging_mixin.py:188} INFO - [2025-05-07T20:07:02.461+0000] {dag.py:3036} INFO - Sync 1 DAGs
[2025-05-07T20:07:02.475+0000] {logging_mixin.py:188} INFO - [2025-05-07T20:07:02.475+0000] {dag.py:3823} INFO - Setting next_dagrun for tutorial_taskflow_api to None, run_after=None
[2025-05-07T20:07:02.503+0000] {processor.py:183} INFO - Processing /home/airflow/.local/lib/python3.8/site-packages/airflow/example_dags/tutorial_taskflow_api.py took 0.086 seconds
[2025-05-07T20:07:33.127+0000] {processor.py:161} INFO - Started process (PID=3932) to work on /home/airflow/.local/lib/python3.8/site-packages/airflow/example_dags/tutorial_taskflow_api.py
[2025-05-07T20:07:33.128+0000] {processor.py:830} INFO - Processing file /home/airflow/.local/lib/python3.8/site-packages/airflow/example_dags/tutorial_taskflow_api.py for tasks to queue
[2025-05-07T20:07:33.130+0000] {logging_mixin.py:188} INFO - [2025-05-07T20:07:33.130+0000] {dagbag.py:538} INFO - Filling up the DagBag from /home/airflow/.local/lib/python3.8/site-packages/airflow/example_dags/tutorial_taskflow_api.py
[2025-05-07T20:07:33.138+0000] {processor.py:840} INFO - DAG(s) 'tutorial_taskflow_api' retrieved from /home/airflow/.local/lib/python3.8/site-packages/airflow/example_dags/tutorial_taskflow_api.py
[2025-05-07T20:07:33.159+0000] {logging_mixin.py:188} INFO - [2025-05-07T20:07:33.159+0000] {dag.py:3036} INFO - Sync 1 DAGs
[2025-05-07T20:07:33.174+0000] {logging_mixin.py:188} INFO - [2025-05-07T20:07:33.173+0000] {dag.py:3823} INFO - Setting next_dagrun for tutorial_taskflow_api to None, run_after=None
[2025-05-07T20:07:33.201+0000] {processor.py:183} INFO - Processing /home/airflow/.local/lib/python3.8/site-packages/airflow/example_dags/tutorial_taskflow_api.py took 0.078 seconds
[2025-05-07T20:08:03.348+0000] {processor.py:161} INFO - Started process (PID=3989) to work on /home/airflow/.local/lib/python3.8/site-packages/airflow/example_dags/tutorial_taskflow_api.py
[2025-05-07T20:08:03.350+0000] {processor.py:830} INFO - Processing file /home/airflow/.local/lib/python3.8/site-packages/airflow/example_dags/tutorial_taskflow_api.py for tasks to queue
[2025-05-07T20:08:03.352+0000] {logging_mixin.py:188} INFO - [2025-05-07T20:08:03.352+0000] {dagbag.py:538} INFO - Filling up the DagBag from /home/airflow/.local/lib/python3.8/site-packages/airflow/example_dags/tutorial_taskflow_api.py
[2025-05-07T20:08:03.359+0000] {processor.py:840} INFO - DAG(s) 'tutorial_taskflow_api' retrieved from /home/airflow/.local/lib/python3.8/site-packages/airflow/example_dags/tutorial_taskflow_api.py
[2025-05-07T20:08:03.380+0000] {logging_mixin.py:188} INFO - [2025-05-07T20:08:03.380+0000] {dag.py:3036} INFO - Sync 1 DAGs
[2025-05-07T20:08:03.398+0000] {logging_mixin.py:188} INFO - [2025-05-07T20:08:03.398+0000] {dag.py:3823} INFO - Setting next_dagrun for tutorial_taskflow_api to None, run_after=None
[2025-05-07T20:08:03.419+0000] {processor.py:183} INFO - Processing /home/airflow/.local/lib/python3.8/site-packages/airflow/example_dags/tutorial_taskflow_api.py took 0.075 seconds
[2025-05-07T20:08:33.796+0000] {processor.py:161} INFO - Started process (PID=4046) to work on /home/airflow/.local/lib/python3.8/site-packages/airflow/example_dags/tutorial_taskflow_api.py
[2025-05-07T20:08:33.797+0000] {processor.py:830} INFO - Processing file /home/airflow/.local/lib/python3.8/site-packages/airflow/example_dags/tutorial_taskflow_api.py for tasks to queue
[2025-05-07T20:08:33.800+0000] {logging_mixin.py:188} INFO - [2025-05-07T20:08:33.799+0000] {dagbag.py:538} INFO - Filling up the DagBag from /home/airflow/.local/lib/python3.8/site-packages/airflow/example_dags/tutorial_taskflow_api.py
[2025-05-07T20:08:33.809+0000] {processor.py:840} INFO - DAG(s) 'tutorial_taskflow_api' retrieved from /home/airflow/.local/lib/python3.8/site-packages/airflow/example_dags/tutorial_taskflow_api.py
[2025-05-07T20:08:33.830+0000] {logging_mixin.py:188} INFO - [2025-05-07T20:08:33.830+0000] {dag.py:3036} INFO - Sync 1 DAGs
[2025-05-07T20:08:33.842+0000] {logging_mixin.py:188} INFO - [2025-05-07T20:08:33.842+0000] {dag.py:3823} INFO - Setting next_dagrun for tutorial_taskflow_api to None, run_after=None
[2025-05-07T20:08:33.863+0000] {processor.py:183} INFO - Processing /home/airflow/.local/lib/python3.8/site-packages/airflow/example_dags/tutorial_taskflow_api.py took 0.072 seconds
[2025-05-07T20:09:05.417+0000] {processor.py:161} INFO - Started process (PID=4103) to work on /home/airflow/.local/lib/python3.8/site-packages/airflow/example_dags/tutorial_taskflow_api.py
[2025-05-07T20:09:05.418+0000] {processor.py:830} INFO - Processing file /home/airflow/.local/lib/python3.8/site-packages/airflow/example_dags/tutorial_taskflow_api.py for tasks to queue
[2025-05-07T20:09:05.420+0000] {logging_mixin.py:188} INFO - [2025-05-07T20:09:05.420+0000] {dagbag.py:538} INFO - Filling up the DagBag from /home/airflow/.local/lib/python3.8/site-packages/airflow/example_dags/tutorial_taskflow_api.py
[2025-05-07T20:09:05.429+0000] {processor.py:840} INFO - DAG(s) 'tutorial_taskflow_api' retrieved from /home/airflow/.local/lib/python3.8/site-packages/airflow/example_dags/tutorial_taskflow_api.py
[2025-05-07T20:09:05.447+0000] {logging_mixin.py:188} INFO - [2025-05-07T20:09:05.447+0000] {dag.py:3036} INFO - Sync 1 DAGs
[2025-05-07T20:09:05.459+0000] {logging_mixin.py:188} INFO - [2025-05-07T20:09:05.459+0000] {dag.py:3823} INFO - Setting next_dagrun for tutorial_taskflow_api to None, run_after=None
[2025-05-07T20:09:05.479+0000] {processor.py:183} INFO - Processing /home/airflow/.local/lib/python3.8/site-packages/airflow/example_dags/tutorial_taskflow_api.py took 0.065 seconds
[2025-05-07T20:09:36.039+0000] {processor.py:161} INFO - Started process (PID=4160) to work on /home/airflow/.local/lib/python3.8/site-packages/airflow/example_dags/tutorial_taskflow_api.py
[2025-05-07T20:09:36.041+0000] {processor.py:830} INFO - Processing file /home/airflow/.local/lib/python3.8/site-packages/airflow/example_dags/tutorial_taskflow_api.py for tasks to queue
[2025-05-07T20:09:36.043+0000] {logging_mixin.py:188} INFO - [2025-05-07T20:09:36.043+0000] {dagbag.py:538} INFO - Filling up the DagBag from /home/airflow/.local/lib/python3.8/site-packages/airflow/example_dags/tutorial_taskflow_api.py
[2025-05-07T20:09:36.052+0000] {processor.py:840} INFO - DAG(s) 'tutorial_taskflow_api' retrieved from /home/airflow/.local/lib/python3.8/site-packages/airflow/example_dags/tutorial_taskflow_api.py
[2025-05-07T20:09:36.080+0000] {logging_mixin.py:188} INFO - [2025-05-07T20:09:36.080+0000] {dag.py:3036} INFO - Sync 1 DAGs
[2025-05-07T20:09:36.094+0000] {logging_mixin.py:188} INFO - [2025-05-07T20:09:36.094+0000] {dag.py:3823} INFO - Setting next_dagrun for tutorial_taskflow_api to None, run_after=None
[2025-05-07T20:09:36.119+0000] {processor.py:183} INFO - Processing /home/airflow/.local/lib/python3.8/site-packages/airflow/example_dags/tutorial_taskflow_api.py took 0.084 seconds
[2025-05-07T20:10:07.217+0000] {processor.py:161} INFO - Started process (PID=4217) to work on /home/airflow/.local/lib/python3.8/site-packages/airflow/example_dags/tutorial_taskflow_api.py
[2025-05-07T20:10:07.219+0000] {processor.py:830} INFO - Processing file /home/airflow/.local/lib/python3.8/site-packages/airflow/example_dags/tutorial_taskflow_api.py for tasks to queue
[2025-05-07T20:10:07.223+0000] {logging_mixin.py:188} INFO - [2025-05-07T20:10:07.222+0000] {dagbag.py:538} INFO - Filling up the DagBag from /home/airflow/.local/lib/python3.8/site-packages/airflow/example_dags/tutorial_taskflow_api.py
[2025-05-07T20:10:07.237+0000] {processor.py:840} INFO - DAG(s) 'tutorial_taskflow_api' retrieved from /home/airflow/.local/lib/python3.8/site-packages/airflow/example_dags/tutorial_taskflow_api.py
[2025-05-07T20:10:07.270+0000] {logging_mixin.py:188} INFO - [2025-05-07T20:10:07.269+0000] {dag.py:3036} INFO - Sync 1 DAGs
[2025-05-07T20:10:07.282+0000] {logging_mixin.py:188} INFO - [2025-05-07T20:10:07.282+0000] {dag.py:3823} INFO - Setting next_dagrun for tutorial_taskflow_api to None, run_after=None
[2025-05-07T20:10:07.306+0000] {processor.py:183} INFO - Processing /home/airflow/.local/lib/python3.8/site-packages/airflow/example_dags/tutorial_taskflow_api.py took 0.096 seconds
[2025-05-07T20:10:37.704+0000] {processor.py:161} INFO - Started process (PID=4274) to work on /home/airflow/.local/lib/python3.8/site-packages/airflow/example_dags/tutorial_taskflow_api.py
[2025-05-07T20:10:37.705+0000] {processor.py:830} INFO - Processing file /home/airflow/.local/lib/python3.8/site-packages/airflow/example_dags/tutorial_taskflow_api.py for tasks to queue
[2025-05-07T20:10:37.707+0000] {logging_mixin.py:188} INFO - [2025-05-07T20:10:37.707+0000] {dagbag.py:538} INFO - Filling up the DagBag from /home/airflow/.local/lib/python3.8/site-packages/airflow/example_dags/tutorial_taskflow_api.py
[2025-05-07T20:10:37.714+0000] {processor.py:840} INFO - DAG(s) 'tutorial_taskflow_api' retrieved from /home/airflow/.local/lib/python3.8/site-packages/airflow/example_dags/tutorial_taskflow_api.py
[2025-05-07T20:10:37.733+0000] {logging_mixin.py:188} INFO - [2025-05-07T20:10:37.733+0000] {dag.py:3036} INFO - Sync 1 DAGs
[2025-05-07T20:10:37.746+0000] {logging_mixin.py:188} INFO - [2025-05-07T20:10:37.745+0000] {dag.py:3823} INFO - Setting next_dagrun for tutorial_taskflow_api to None, run_after=None
[2025-05-07T20:10:37.767+0000] {processor.py:183} INFO - Processing /home/airflow/.local/lib/python3.8/site-packages/airflow/example_dags/tutorial_taskflow_api.py took 0.066 seconds
[2025-05-07T20:11:08.071+0000] {processor.py:161} INFO - Started process (PID=4331) to work on /home/airflow/.local/lib/python3.8/site-packages/airflow/example_dags/tutorial_taskflow_api.py
[2025-05-07T20:11:08.075+0000] {processor.py:830} INFO - Processing file /home/airflow/.local/lib/python3.8/site-packages/airflow/example_dags/tutorial_taskflow_api.py for tasks to queue
[2025-05-07T20:11:08.078+0000] {logging_mixin.py:188} INFO - [2025-05-07T20:11:08.077+0000] {dagbag.py:538} INFO - Filling up the DagBag from /home/airflow/.local/lib/python3.8/site-packages/airflow/example_dags/tutorial_taskflow_api.py
[2025-05-07T20:11:08.085+0000] {processor.py:840} INFO - DAG(s) 'tutorial_taskflow_api' retrieved from /home/airflow/.local/lib/python3.8/site-packages/airflow/example_dags/tutorial_taskflow_api.py
[2025-05-07T20:11:08.109+0000] {logging_mixin.py:188} INFO - [2025-05-07T20:11:08.108+0000] {dag.py:3036} INFO - Sync 1 DAGs
[2025-05-07T20:11:08.124+0000] {logging_mixin.py:188} INFO - [2025-05-07T20:11:08.124+0000] {dag.py:3823} INFO - Setting next_dagrun for tutorial_taskflow_api to None, run_after=None
[2025-05-07T20:11:08.150+0000] {processor.py:183} INFO - Processing /home/airflow/.local/lib/python3.8/site-packages/airflow/example_dags/tutorial_taskflow_api.py took 0.084 seconds
[2025-05-07T20:11:39.568+0000] {processor.py:161} INFO - Started process (PID=4388) to work on /home/airflow/.local/lib/python3.8/site-packages/airflow/example_dags/tutorial_taskflow_api.py
[2025-05-07T20:11:39.570+0000] {processor.py:830} INFO - Processing file /home/airflow/.local/lib/python3.8/site-packages/airflow/example_dags/tutorial_taskflow_api.py for tasks to queue
[2025-05-07T20:11:39.574+0000] {logging_mixin.py:188} INFO - [2025-05-07T20:11:39.573+0000] {dagbag.py:538} INFO - Filling up the DagBag from /home/airflow/.local/lib/python3.8/site-packages/airflow/example_dags/tutorial_taskflow_api.py
[2025-05-07T20:11:39.583+0000] {processor.py:840} INFO - DAG(s) 'tutorial_taskflow_api' retrieved from /home/airflow/.local/lib/python3.8/site-packages/airflow/example_dags/tutorial_taskflow_api.py
[2025-05-07T20:11:39.613+0000] {logging_mixin.py:188} INFO - [2025-05-07T20:11:39.613+0000] {dag.py:3036} INFO - Sync 1 DAGs
[2025-05-07T20:11:39.633+0000] {logging_mixin.py:188} INFO - [2025-05-07T20:11:39.633+0000] {dag.py:3823} INFO - Setting next_dagrun for tutorial_taskflow_api to None, run_after=None
[2025-05-07T20:11:39.675+0000] {processor.py:183} INFO - Processing /home/airflow/.local/lib/python3.8/site-packages/airflow/example_dags/tutorial_taskflow_api.py took 0.113 seconds
[2025-05-07T20:12:09.862+0000] {processor.py:161} INFO - Started process (PID=4445) to work on /home/airflow/.local/lib/python3.8/site-packages/airflow/example_dags/tutorial_taskflow_api.py
[2025-05-07T20:12:09.863+0000] {processor.py:830} INFO - Processing file /home/airflow/.local/lib/python3.8/site-packages/airflow/example_dags/tutorial_taskflow_api.py for tasks to queue
[2025-05-07T20:12:09.866+0000] {logging_mixin.py:188} INFO - [2025-05-07T20:12:09.866+0000] {dagbag.py:538} INFO - Filling up the DagBag from /home/airflow/.local/lib/python3.8/site-packages/airflow/example_dags/tutorial_taskflow_api.py
[2025-05-07T20:12:09.873+0000] {processor.py:840} INFO - DAG(s) 'tutorial_taskflow_api' retrieved from /home/airflow/.local/lib/python3.8/site-packages/airflow/example_dags/tutorial_taskflow_api.py
[2025-05-07T20:12:09.894+0000] {logging_mixin.py:188} INFO - [2025-05-07T20:12:09.894+0000] {dag.py:3036} INFO - Sync 1 DAGs
[2025-05-07T20:12:09.916+0000] {logging_mixin.py:188} INFO - [2025-05-07T20:12:09.915+0000] {dag.py:3823} INFO - Setting next_dagrun for tutorial_taskflow_api to None, run_after=None
[2025-05-07T20:12:09.938+0000] {processor.py:183} INFO - Processing /home/airflow/.local/lib/python3.8/site-packages/airflow/example_dags/tutorial_taskflow_api.py took 0.083 seconds
[2025-05-07T20:12:40.710+0000] {processor.py:161} INFO - Started process (PID=4502) to work on /home/airflow/.local/lib/python3.8/site-packages/airflow/example_dags/tutorial_taskflow_api.py
[2025-05-07T20:12:40.713+0000] {processor.py:830} INFO - Processing file /home/airflow/.local/lib/python3.8/site-packages/airflow/example_dags/tutorial_taskflow_api.py for tasks to queue
[2025-05-07T20:12:40.720+0000] {logging_mixin.py:188} INFO - [2025-05-07T20:12:40.719+0000] {dagbag.py:538} INFO - Filling up the DagBag from /home/airflow/.local/lib/python3.8/site-packages/airflow/example_dags/tutorial_taskflow_api.py
[2025-05-07T20:12:40.733+0000] {processor.py:840} INFO - DAG(s) 'tutorial_taskflow_api' retrieved from /home/airflow/.local/lib/python3.8/site-packages/airflow/example_dags/tutorial_taskflow_api.py
[2025-05-07T20:12:40.761+0000] {logging_mixin.py:188} INFO - [2025-05-07T20:12:40.760+0000] {dag.py:3036} INFO - Sync 1 DAGs
[2025-05-07T20:12:40.774+0000] {logging_mixin.py:188} INFO - [2025-05-07T20:12:40.774+0000] {dag.py:3823} INFO - Setting next_dagrun for tutorial_taskflow_api to None, run_after=None
[2025-05-07T20:12:40.799+0000] {processor.py:183} INFO - Processing /home/airflow/.local/lib/python3.8/site-packages/airflow/example_dags/tutorial_taskflow_api.py took 0.095 seconds
[2025-05-07T20:13:11.134+0000] {processor.py:161} INFO - Started process (PID=4559) to work on /home/airflow/.local/lib/python3.8/site-packages/airflow/example_dags/tutorial_taskflow_api.py
[2025-05-07T20:13:11.136+0000] {processor.py:830} INFO - Processing file /home/airflow/.local/lib/python3.8/site-packages/airflow/example_dags/tutorial_taskflow_api.py for tasks to queue
[2025-05-07T20:13:11.140+0000] {logging_mixin.py:188} INFO - [2025-05-07T20:13:11.140+0000] {dagbag.py:538} INFO - Filling up the DagBag from /home/airflow/.local/lib/python3.8/site-packages/airflow/example_dags/tutorial_taskflow_api.py
[2025-05-07T20:13:11.155+0000] {processor.py:840} INFO - DAG(s) 'tutorial_taskflow_api' retrieved from /home/airflow/.local/lib/python3.8/site-packages/airflow/example_dags/tutorial_taskflow_api.py
[2025-05-07T20:13:11.180+0000] {logging_mixin.py:188} INFO - [2025-05-07T20:13:11.180+0000] {dag.py:3036} INFO - Sync 1 DAGs
[2025-05-07T20:13:11.195+0000] {logging_mixin.py:188} INFO - [2025-05-07T20:13:11.194+0000] {dag.py:3823} INFO - Setting next_dagrun for tutorial_taskflow_api to None, run_after=None
[2025-05-07T20:13:11.217+0000] {processor.py:183} INFO - Processing /home/airflow/.local/lib/python3.8/site-packages/airflow/example_dags/tutorial_taskflow_api.py took 0.090 seconds
[2025-05-07T20:13:41.597+0000] {processor.py:161} INFO - Started process (PID=4616) to work on /home/airflow/.local/lib/python3.8/site-packages/airflow/example_dags/tutorial_taskflow_api.py
[2025-05-07T20:13:41.598+0000] {processor.py:830} INFO - Processing file /home/airflow/.local/lib/python3.8/site-packages/airflow/example_dags/tutorial_taskflow_api.py for tasks to queue
[2025-05-07T20:13:41.600+0000] {logging_mixin.py:188} INFO - [2025-05-07T20:13:41.599+0000] {dagbag.py:538} INFO - Filling up the DagBag from /home/airflow/.local/lib/python3.8/site-packages/airflow/example_dags/tutorial_taskflow_api.py
[2025-05-07T20:13:41.606+0000] {processor.py:840} INFO - DAG(s) 'tutorial_taskflow_api' retrieved from /home/airflow/.local/lib/python3.8/site-packages/airflow/example_dags/tutorial_taskflow_api.py
[2025-05-07T20:13:41.627+0000] {logging_mixin.py:188} INFO - [2025-05-07T20:13:41.627+0000] {dag.py:3036} INFO - Sync 1 DAGs
[2025-05-07T20:13:41.639+0000] {logging_mixin.py:188} INFO - [2025-05-07T20:13:41.639+0000] {dag.py:3823} INFO - Setting next_dagrun for tutorial_taskflow_api to None, run_after=None
[2025-05-07T20:13:41.663+0000] {processor.py:183} INFO - Processing /home/airflow/.local/lib/python3.8/site-packages/airflow/example_dags/tutorial_taskflow_api.py took 0.069 seconds
[2025-05-07T20:14:12.248+0000] {processor.py:161} INFO - Started process (PID=4673) to work on /home/airflow/.local/lib/python3.8/site-packages/airflow/example_dags/tutorial_taskflow_api.py
[2025-05-07T20:14:12.254+0000] {processor.py:830} INFO - Processing file /home/airflow/.local/lib/python3.8/site-packages/airflow/example_dags/tutorial_taskflow_api.py for tasks to queue
[2025-05-07T20:14:12.261+0000] {logging_mixin.py:188} INFO - [2025-05-07T20:14:12.260+0000] {dagbag.py:538} INFO - Filling up the DagBag from /home/airflow/.local/lib/python3.8/site-packages/airflow/example_dags/tutorial_taskflow_api.py
[2025-05-07T20:14:12.279+0000] {processor.py:840} INFO - DAG(s) 'tutorial_taskflow_api' retrieved from /home/airflow/.local/lib/python3.8/site-packages/airflow/example_dags/tutorial_taskflow_api.py
[2025-05-07T20:14:12.326+0000] {logging_mixin.py:188} INFO - [2025-05-07T20:14:12.326+0000] {dag.py:3036} INFO - Sync 1 DAGs
[2025-05-07T20:14:12.345+0000] {logging_mixin.py:188} INFO - [2025-05-07T20:14:12.345+0000] {dag.py:3823} INFO - Setting next_dagrun for tutorial_taskflow_api to None, run_after=None
[2025-05-07T20:14:12.377+0000] {processor.py:183} INFO - Processing /home/airflow/.local/lib/python3.8/site-packages/airflow/example_dags/tutorial_taskflow_api.py took 0.138 seconds
[2025-05-07T20:14:43.098+0000] {processor.py:161} INFO - Started process (PID=4730) to work on /home/airflow/.local/lib/python3.8/site-packages/airflow/example_dags/tutorial_taskflow_api.py
[2025-05-07T20:14:43.101+0000] {processor.py:830} INFO - Processing file /home/airflow/.local/lib/python3.8/site-packages/airflow/example_dags/tutorial_taskflow_api.py for tasks to queue
[2025-05-07T20:14:43.104+0000] {logging_mixin.py:188} INFO - [2025-05-07T20:14:43.104+0000] {dagbag.py:538} INFO - Filling up the DagBag from /home/airflow/.local/lib/python3.8/site-packages/airflow/example_dags/tutorial_taskflow_api.py
[2025-05-07T20:14:43.112+0000] {processor.py:840} INFO - DAG(s) 'tutorial_taskflow_api' retrieved from /home/airflow/.local/lib/python3.8/site-packages/airflow/example_dags/tutorial_taskflow_api.py
[2025-05-07T20:14:43.137+0000] {logging_mixin.py:188} INFO - [2025-05-07T20:14:43.137+0000] {dag.py:3036} INFO - Sync 1 DAGs
[2025-05-07T20:14:43.149+0000] {logging_mixin.py:188} INFO - [2025-05-07T20:14:43.149+0000] {dag.py:3823} INFO - Setting next_dagrun for tutorial_taskflow_api to None, run_after=None
[2025-05-07T20:14:43.174+0000] {processor.py:183} INFO - Processing /home/airflow/.local/lib/python3.8/site-packages/airflow/example_dags/tutorial_taskflow_api.py took 0.082 seconds
[2025-05-07T20:15:14.206+0000] {processor.py:161} INFO - Started process (PID=4787) to work on /home/airflow/.local/lib/python3.8/site-packages/airflow/example_dags/tutorial_taskflow_api.py
[2025-05-07T20:15:14.208+0000] {processor.py:830} INFO - Processing file /home/airflow/.local/lib/python3.8/site-packages/airflow/example_dags/tutorial_taskflow_api.py for tasks to queue
[2025-05-07T20:15:14.211+0000] {logging_mixin.py:188} INFO - [2025-05-07T20:15:14.211+0000] {dagbag.py:538} INFO - Filling up the DagBag from /home/airflow/.local/lib/python3.8/site-packages/airflow/example_dags/tutorial_taskflow_api.py
[2025-05-07T20:15:14.220+0000] {processor.py:840} INFO - DAG(s) 'tutorial_taskflow_api' retrieved from /home/airflow/.local/lib/python3.8/site-packages/airflow/example_dags/tutorial_taskflow_api.py
[2025-05-07T20:15:14.247+0000] {logging_mixin.py:188} INFO - [2025-05-07T20:15:14.247+0000] {dag.py:3036} INFO - Sync 1 DAGs
[2025-05-07T20:15:14.263+0000] {logging_mixin.py:188} INFO - [2025-05-07T20:15:14.263+0000] {dag.py:3823} INFO - Setting next_dagrun for tutorial_taskflow_api to None, run_after=None
[2025-05-07T20:15:14.292+0000] {processor.py:183} INFO - Processing /home/airflow/.local/lib/python3.8/site-packages/airflow/example_dags/tutorial_taskflow_api.py took 0.090 seconds
[2025-05-07T20:15:45.538+0000] {processor.py:161} INFO - Started process (PID=4844) to work on /home/airflow/.local/lib/python3.8/site-packages/airflow/example_dags/tutorial_taskflow_api.py
[2025-05-07T20:15:45.540+0000] {processor.py:830} INFO - Processing file /home/airflow/.local/lib/python3.8/site-packages/airflow/example_dags/tutorial_taskflow_api.py for tasks to queue
[2025-05-07T20:15:45.543+0000] {logging_mixin.py:188} INFO - [2025-05-07T20:15:45.543+0000] {dagbag.py:538} INFO - Filling up the DagBag from /home/airflow/.local/lib/python3.8/site-packages/airflow/example_dags/tutorial_taskflow_api.py
[2025-05-07T20:15:45.552+0000] {processor.py:840} INFO - DAG(s) 'tutorial_taskflow_api' retrieved from /home/airflow/.local/lib/python3.8/site-packages/airflow/example_dags/tutorial_taskflow_api.py
[2025-05-07T20:15:45.581+0000] {logging_mixin.py:188} INFO - [2025-05-07T20:15:45.580+0000] {dag.py:3036} INFO - Sync 1 DAGs
[2025-05-07T20:15:45.604+0000] {logging_mixin.py:188} INFO - [2025-05-07T20:15:45.604+0000] {dag.py:3823} INFO - Setting next_dagrun for tutorial_taskflow_api to None, run_after=None
[2025-05-07T20:15:45.633+0000] {processor.py:183} INFO - Processing /home/airflow/.local/lib/python3.8/site-packages/airflow/example_dags/tutorial_taskflow_api.py took 0.101 seconds
[2025-05-07T20:16:16.258+0000] {processor.py:161} INFO - Started process (PID=4901) to work on /home/airflow/.local/lib/python3.8/site-packages/airflow/example_dags/tutorial_taskflow_api.py
[2025-05-07T20:16:16.260+0000] {processor.py:830} INFO - Processing file /home/airflow/.local/lib/python3.8/site-packages/airflow/example_dags/tutorial_taskflow_api.py for tasks to queue
[2025-05-07T20:16:16.265+0000] {logging_mixin.py:188} INFO - [2025-05-07T20:16:16.264+0000] {dagbag.py:538} INFO - Filling up the DagBag from /home/airflow/.local/lib/python3.8/site-packages/airflow/example_dags/tutorial_taskflow_api.py
[2025-05-07T20:16:16.278+0000] {processor.py:840} INFO - DAG(s) 'tutorial_taskflow_api' retrieved from /home/airflow/.local/lib/python3.8/site-packages/airflow/example_dags/tutorial_taskflow_api.py
[2025-05-07T20:16:16.307+0000] {logging_mixin.py:188} INFO - [2025-05-07T20:16:16.307+0000] {dag.py:3036} INFO - Sync 1 DAGs
[2025-05-07T20:16:16.323+0000] {logging_mixin.py:188} INFO - [2025-05-07T20:16:16.322+0000] {dag.py:3823} INFO - Setting next_dagrun for tutorial_taskflow_api to None, run_after=None
[2025-05-07T20:16:16.350+0000] {processor.py:183} INFO - Processing /home/airflow/.local/lib/python3.8/site-packages/airflow/example_dags/tutorial_taskflow_api.py took 0.099 seconds
[2025-05-07T20:16:47.085+0000] {processor.py:161} INFO - Started process (PID=4958) to work on /home/airflow/.local/lib/python3.8/site-packages/airflow/example_dags/tutorial_taskflow_api.py
[2025-05-07T20:16:47.087+0000] {processor.py:830} INFO - Processing file /home/airflow/.local/lib/python3.8/site-packages/airflow/example_dags/tutorial_taskflow_api.py for tasks to queue
[2025-05-07T20:16:47.090+0000] {logging_mixin.py:188} INFO - [2025-05-07T20:16:47.089+0000] {dagbag.py:538} INFO - Filling up the DagBag from /home/airflow/.local/lib/python3.8/site-packages/airflow/example_dags/tutorial_taskflow_api.py
[2025-05-07T20:16:47.098+0000] {processor.py:840} INFO - DAG(s) 'tutorial_taskflow_api' retrieved from /home/airflow/.local/lib/python3.8/site-packages/airflow/example_dags/tutorial_taskflow_api.py
[2025-05-07T20:16:47.127+0000] {logging_mixin.py:188} INFO - [2025-05-07T20:16:47.126+0000] {dag.py:3036} INFO - Sync 1 DAGs
[2025-05-07T20:16:47.143+0000] {logging_mixin.py:188} INFO - [2025-05-07T20:16:47.143+0000] {dag.py:3823} INFO - Setting next_dagrun for tutorial_taskflow_api to None, run_after=None
[2025-05-07T20:16:47.173+0000] {processor.py:183} INFO - Processing /home/airflow/.local/lib/python3.8/site-packages/airflow/example_dags/tutorial_taskflow_api.py took 0.093 seconds
[2025-05-07T20:17:17.674+0000] {processor.py:161} INFO - Started process (PID=5015) to work on /home/airflow/.local/lib/python3.8/site-packages/airflow/example_dags/tutorial_taskflow_api.py
[2025-05-07T20:17:17.675+0000] {processor.py:830} INFO - Processing file /home/airflow/.local/lib/python3.8/site-packages/airflow/example_dags/tutorial_taskflow_api.py for tasks to queue
[2025-05-07T20:17:17.679+0000] {logging_mixin.py:188} INFO - [2025-05-07T20:17:17.678+0000] {dagbag.py:538} INFO - Filling up the DagBag from /home/airflow/.local/lib/python3.8/site-packages/airflow/example_dags/tutorial_taskflow_api.py
[2025-05-07T20:17:17.688+0000] {processor.py:840} INFO - DAG(s) 'tutorial_taskflow_api' retrieved from /home/airflow/.local/lib/python3.8/site-packages/airflow/example_dags/tutorial_taskflow_api.py
[2025-05-07T20:17:17.716+0000] {logging_mixin.py:188} INFO - [2025-05-07T20:17:17.715+0000] {dag.py:3036} INFO - Sync 1 DAGs
[2025-05-07T20:17:17.733+0000] {logging_mixin.py:188} INFO - [2025-05-07T20:17:17.732+0000] {dag.py:3823} INFO - Setting next_dagrun for tutorial_taskflow_api to None, run_after=None
[2025-05-07T20:17:17.763+0000] {processor.py:183} INFO - Processing /home/airflow/.local/lib/python3.8/site-packages/airflow/example_dags/tutorial_taskflow_api.py took 0.094 seconds
[2025-05-07T20:17:48.577+0000] {processor.py:161} INFO - Started process (PID=5072) to work on /home/airflow/.local/lib/python3.8/site-packages/airflow/example_dags/tutorial_taskflow_api.py
[2025-05-07T20:17:48.579+0000] {processor.py:830} INFO - Processing file /home/airflow/.local/lib/python3.8/site-packages/airflow/example_dags/tutorial_taskflow_api.py for tasks to queue
[2025-05-07T20:17:48.582+0000] {logging_mixin.py:188} INFO - [2025-05-07T20:17:48.581+0000] {dagbag.py:538} INFO - Filling up the DagBag from /home/airflow/.local/lib/python3.8/site-packages/airflow/example_dags/tutorial_taskflow_api.py
[2025-05-07T20:17:48.590+0000] {processor.py:840} INFO - DAG(s) 'tutorial_taskflow_api' retrieved from /home/airflow/.local/lib/python3.8/site-packages/airflow/example_dags/tutorial_taskflow_api.py
[2025-05-07T20:17:48.618+0000] {logging_mixin.py:188} INFO - [2025-05-07T20:17:48.618+0000] {dag.py:3036} INFO - Sync 1 DAGs
[2025-05-07T20:17:48.635+0000] {logging_mixin.py:188} INFO - [2025-05-07T20:17:48.635+0000] {dag.py:3823} INFO - Setting next_dagrun for tutorial_taskflow_api to None, run_after=None
[2025-05-07T20:17:48.665+0000] {processor.py:183} INFO - Processing /home/airflow/.local/lib/python3.8/site-packages/airflow/example_dags/tutorial_taskflow_api.py took 0.092 seconds
[2025-05-07T20:18:19.704+0000] {processor.py:161} INFO - Started process (PID=5130) to work on /home/airflow/.local/lib/python3.8/site-packages/airflow/example_dags/tutorial_taskflow_api.py
[2025-05-07T20:18:19.708+0000] {processor.py:830} INFO - Processing file /home/airflow/.local/lib/python3.8/site-packages/airflow/example_dags/tutorial_taskflow_api.py for tasks to queue
[2025-05-07T20:18:19.712+0000] {logging_mixin.py:188} INFO - [2025-05-07T20:18:19.711+0000] {dagbag.py:538} INFO - Filling up the DagBag from /home/airflow/.local/lib/python3.8/site-packages/airflow/example_dags/tutorial_taskflow_api.py
[2025-05-07T20:18:19.724+0000] {processor.py:840} INFO - DAG(s) 'tutorial_taskflow_api' retrieved from /home/airflow/.local/lib/python3.8/site-packages/airflow/example_dags/tutorial_taskflow_api.py
[2025-05-07T20:18:19.757+0000] {logging_mixin.py:188} INFO - [2025-05-07T20:18:19.757+0000] {dag.py:3036} INFO - Sync 1 DAGs
[2025-05-07T20:18:19.778+0000] {logging_mixin.py:188} INFO - [2025-05-07T20:18:19.778+0000] {dag.py:3823} INFO - Setting next_dagrun for tutorial_taskflow_api to None, run_after=None
[2025-05-07T20:18:19.811+0000] {processor.py:183} INFO - Processing /home/airflow/.local/lib/python3.8/site-packages/airflow/example_dags/tutorial_taskflow_api.py took 0.113 seconds
[2025-05-07T20:18:50.141+0000] {processor.py:161} INFO - Started process (PID=5187) to work on /home/airflow/.local/lib/python3.8/site-packages/airflow/example_dags/tutorial_taskflow_api.py
[2025-05-07T20:18:50.143+0000] {processor.py:830} INFO - Processing file /home/airflow/.local/lib/python3.8/site-packages/airflow/example_dags/tutorial_taskflow_api.py for tasks to queue
[2025-05-07T20:18:50.146+0000] {logging_mixin.py:188} INFO - [2025-05-07T20:18:50.146+0000] {dagbag.py:538} INFO - Filling up the DagBag from /home/airflow/.local/lib/python3.8/site-packages/airflow/example_dags/tutorial_taskflow_api.py
[2025-05-07T20:18:50.156+0000] {processor.py:840} INFO - DAG(s) 'tutorial_taskflow_api' retrieved from /home/airflow/.local/lib/python3.8/site-packages/airflow/example_dags/tutorial_taskflow_api.py
[2025-05-07T20:18:50.188+0000] {logging_mixin.py:188} INFO - [2025-05-07T20:18:50.187+0000] {dag.py:3036} INFO - Sync 1 DAGs
[2025-05-07T20:18:50.206+0000] {logging_mixin.py:188} INFO - [2025-05-07T20:18:50.206+0000] {dag.py:3823} INFO - Setting next_dagrun for tutorial_taskflow_api to None, run_after=None
[2025-05-07T20:18:50.235+0000] {processor.py:183} INFO - Processing /home/airflow/.local/lib/python3.8/site-packages/airflow/example_dags/tutorial_taskflow_api.py took 0.099 seconds
