[2025-05-07T19:05:15.428+0000] {processor.py:161} INFO - Started process (PID=87) to work on /home/airflow/.local/lib/python3.8/site-packages/airflow/example_dags/tutorial_taskflow_api_virtualenv.py
[2025-05-07T19:05:15.430+0000] {processor.py:830} INFO - Processing file /home/airflow/.local/lib/python3.8/site-packages/airflow/example_dags/tutorial_taskflow_api_virtualenv.py for tasks to queue
[2025-05-07T19:05:15.433+0000] {logging_mixin.py:188} INFO - [2025-05-07T19:05:15.432+0000] {dagbag.py:538} INFO - Filling up the DagBag from /home/airflow/.local/lib/python3.8/site-packages/airflow/example_dags/tutorial_taskflow_api_virtualenv.py
[2025-05-07T19:05:15.451+0000] {processor.py:840} INFO - DAG(s) 'tutorial_taskflow_api_virtualenv' retrieved from /home/airflow/.local/lib/python3.8/site-packages/airflow/example_dags/tutorial_taskflow_api_virtualenv.py
[2025-05-07T19:05:15.469+0000] {logging_mixin.py:188} INFO - [2025-05-07T19:05:15.469+0000] {dag.py:3036} INFO - Sync 1 DAGs
[2025-05-07T19:05:15.497+0000] {logging_mixin.py:188} INFO - [2025-05-07T19:05:15.497+0000] {dag.py:3823} INFO - Setting next_dagrun for tutorial_taskflow_api_virtualenv to None, run_after=None
[2025-05-07T19:05:15.533+0000] {processor.py:183} INFO - Processing /home/airflow/.local/lib/python3.8/site-packages/airflow/example_dags/tutorial_taskflow_api_virtualenv.py took 0.111 seconds
[2025-05-07T19:05:46.518+0000] {processor.py:161} INFO - Started process (PID=142) to work on /home/airflow/.local/lib/python3.8/site-packages/airflow/example_dags/tutorial_taskflow_api_virtualenv.py
[2025-05-07T19:05:46.519+0000] {processor.py:830} INFO - Processing file /home/airflow/.local/lib/python3.8/site-packages/airflow/example_dags/tutorial_taskflow_api_virtualenv.py for tasks to queue
[2025-05-07T19:05:46.522+0000] {logging_mixin.py:188} INFO - [2025-05-07T19:05:46.521+0000] {dagbag.py:538} INFO - Filling up the DagBag from /home/airflow/.local/lib/python3.8/site-packages/airflow/example_dags/tutorial_taskflow_api_virtualenv.py
[2025-05-07T19:05:46.532+0000] {processor.py:840} INFO - DAG(s) 'tutorial_taskflow_api_virtualenv' retrieved from /home/airflow/.local/lib/python3.8/site-packages/airflow/example_dags/tutorial_taskflow_api_virtualenv.py
[2025-05-07T19:05:46.626+0000] {logging_mixin.py:188} INFO - [2025-05-07T19:05:46.625+0000] {dag.py:3036} INFO - Sync 1 DAGs
[2025-05-07T19:05:46.635+0000] {logging_mixin.py:188} INFO - [2025-05-07T19:05:46.635+0000] {dag.py:3823} INFO - Setting next_dagrun for tutorial_taskflow_api_virtualenv to None, run_after=None
[2025-05-07T19:05:46.657+0000] {processor.py:183} INFO - Processing /home/airflow/.local/lib/python3.8/site-packages/airflow/example_dags/tutorial_taskflow_api_virtualenv.py took 0.142 seconds
[2025-05-07T19:06:16.703+0000] {processor.py:161} INFO - Started process (PID=197) to work on /home/airflow/.local/lib/python3.8/site-packages/airflow/example_dags/tutorial_taskflow_api_virtualenv.py
[2025-05-07T19:06:16.704+0000] {processor.py:830} INFO - Processing file /home/airflow/.local/lib/python3.8/site-packages/airflow/example_dags/tutorial_taskflow_api_virtualenv.py for tasks to queue
[2025-05-07T19:06:16.706+0000] {logging_mixin.py:188} INFO - [2025-05-07T19:06:16.706+0000] {dagbag.py:538} INFO - Filling up the DagBag from /home/airflow/.local/lib/python3.8/site-packages/airflow/example_dags/tutorial_taskflow_api_virtualenv.py
[2025-05-07T19:06:16.716+0000] {processor.py:840} INFO - DAG(s) 'tutorial_taskflow_api_virtualenv' retrieved from /home/airflow/.local/lib/python3.8/site-packages/airflow/example_dags/tutorial_taskflow_api_virtualenv.py
[2025-05-07T19:06:16.736+0000] {logging_mixin.py:188} INFO - [2025-05-07T19:06:16.736+0000] {dag.py:3036} INFO - Sync 1 DAGs
[2025-05-07T19:06:16.750+0000] {logging_mixin.py:188} INFO - [2025-05-07T19:06:16.750+0000] {dag.py:3823} INFO - Setting next_dagrun for tutorial_taskflow_api_virtualenv to None, run_after=None
[2025-05-07T19:06:16.769+0000] {processor.py:183} INFO - Processing /home/airflow/.local/lib/python3.8/site-packages/airflow/example_dags/tutorial_taskflow_api_virtualenv.py took 0.069 seconds
[2025-05-07T19:06:47.818+0000] {processor.py:161} INFO - Started process (PID=252) to work on /home/airflow/.local/lib/python3.8/site-packages/airflow/example_dags/tutorial_taskflow_api_virtualenv.py
[2025-05-07T19:06:47.825+0000] {processor.py:830} INFO - Processing file /home/airflow/.local/lib/python3.8/site-packages/airflow/example_dags/tutorial_taskflow_api_virtualenv.py for tasks to queue
[2025-05-07T19:06:47.830+0000] {logging_mixin.py:188} INFO - [2025-05-07T19:06:47.829+0000] {dagbag.py:538} INFO - Filling up the DagBag from /home/airflow/.local/lib/python3.8/site-packages/airflow/example_dags/tutorial_taskflow_api_virtualenv.py
[2025-05-07T19:06:47.850+0000] {processor.py:840} INFO - DAG(s) 'tutorial_taskflow_api_virtualenv' retrieved from /home/airflow/.local/lib/python3.8/site-packages/airflow/example_dags/tutorial_taskflow_api_virtualenv.py
[2025-05-07T19:06:47.877+0000] {logging_mixin.py:188} INFO - [2025-05-07T19:06:47.877+0000] {dag.py:3036} INFO - Sync 1 DAGs
[2025-05-07T19:06:47.890+0000] {logging_mixin.py:188} INFO - [2025-05-07T19:06:47.890+0000] {dag.py:3823} INFO - Setting next_dagrun for tutorial_taskflow_api_virtualenv to None, run_after=None
[2025-05-07T19:06:47.913+0000] {processor.py:183} INFO - Processing /home/airflow/.local/lib/python3.8/site-packages/airflow/example_dags/tutorial_taskflow_api_virtualenv.py took 0.099 seconds
[2025-05-07T19:07:18.384+0000] {processor.py:161} INFO - Started process (PID=307) to work on /home/airflow/.local/lib/python3.8/site-packages/airflow/example_dags/tutorial_taskflow_api_virtualenv.py
[2025-05-07T19:07:18.387+0000] {processor.py:830} INFO - Processing file /home/airflow/.local/lib/python3.8/site-packages/airflow/example_dags/tutorial_taskflow_api_virtualenv.py for tasks to queue
[2025-05-07T19:07:18.392+0000] {logging_mixin.py:188} INFO - [2025-05-07T19:07:18.391+0000] {dagbag.py:538} INFO - Filling up the DagBag from /home/airflow/.local/lib/python3.8/site-packages/airflow/example_dags/tutorial_taskflow_api_virtualenv.py
[2025-05-07T19:07:18.408+0000] {processor.py:840} INFO - DAG(s) 'tutorial_taskflow_api_virtualenv' retrieved from /home/airflow/.local/lib/python3.8/site-packages/airflow/example_dags/tutorial_taskflow_api_virtualenv.py
[2025-05-07T19:07:18.447+0000] {logging_mixin.py:188} INFO - [2025-05-07T19:07:18.446+0000] {dag.py:3036} INFO - Sync 1 DAGs
[2025-05-07T19:07:18.466+0000] {logging_mixin.py:188} INFO - [2025-05-07T19:07:18.466+0000] {dag.py:3823} INFO - Setting next_dagrun for tutorial_taskflow_api_virtualenv to None, run_after=None
[2025-05-07T19:07:18.503+0000] {processor.py:183} INFO - Processing /home/airflow/.local/lib/python3.8/site-packages/airflow/example_dags/tutorial_taskflow_api_virtualenv.py took 0.125 seconds
[2025-05-07T19:07:48.935+0000] {processor.py:161} INFO - Started process (PID=362) to work on /home/airflow/.local/lib/python3.8/site-packages/airflow/example_dags/tutorial_taskflow_api_virtualenv.py
[2025-05-07T19:07:48.937+0000] {processor.py:830} INFO - Processing file /home/airflow/.local/lib/python3.8/site-packages/airflow/example_dags/tutorial_taskflow_api_virtualenv.py for tasks to queue
[2025-05-07T19:07:48.939+0000] {logging_mixin.py:188} INFO - [2025-05-07T19:07:48.939+0000] {dagbag.py:538} INFO - Filling up the DagBag from /home/airflow/.local/lib/python3.8/site-packages/airflow/example_dags/tutorial_taskflow_api_virtualenv.py
[2025-05-07T19:07:48.951+0000] {processor.py:840} INFO - DAG(s) 'tutorial_taskflow_api_virtualenv' retrieved from /home/airflow/.local/lib/python3.8/site-packages/airflow/example_dags/tutorial_taskflow_api_virtualenv.py
[2025-05-07T19:07:48.973+0000] {logging_mixin.py:188} INFO - [2025-05-07T19:07:48.973+0000] {dag.py:3036} INFO - Sync 1 DAGs
[2025-05-07T19:07:48.987+0000] {logging_mixin.py:188} INFO - [2025-05-07T19:07:48.987+0000] {dag.py:3823} INFO - Setting next_dagrun for tutorial_taskflow_api_virtualenv to None, run_after=None
[2025-05-07T19:07:49.017+0000] {processor.py:183} INFO - Processing /home/airflow/.local/lib/python3.8/site-packages/airflow/example_dags/tutorial_taskflow_api_virtualenv.py took 0.085 seconds
[2025-05-07T19:08:19.326+0000] {processor.py:161} INFO - Started process (PID=417) to work on /home/airflow/.local/lib/python3.8/site-packages/airflow/example_dags/tutorial_taskflow_api_virtualenv.py
[2025-05-07T19:08:19.328+0000] {processor.py:830} INFO - Processing file /home/airflow/.local/lib/python3.8/site-packages/airflow/example_dags/tutorial_taskflow_api_virtualenv.py for tasks to queue
[2025-05-07T19:08:19.330+0000] {logging_mixin.py:188} INFO - [2025-05-07T19:08:19.329+0000] {dagbag.py:538} INFO - Filling up the DagBag from /home/airflow/.local/lib/python3.8/site-packages/airflow/example_dags/tutorial_taskflow_api_virtualenv.py
[2025-05-07T19:08:19.340+0000] {processor.py:840} INFO - DAG(s) 'tutorial_taskflow_api_virtualenv' retrieved from /home/airflow/.local/lib/python3.8/site-packages/airflow/example_dags/tutorial_taskflow_api_virtualenv.py
[2025-05-07T19:08:19.359+0000] {logging_mixin.py:188} INFO - [2025-05-07T19:08:19.359+0000] {dag.py:3036} INFO - Sync 1 DAGs
[2025-05-07T19:08:19.371+0000] {logging_mixin.py:188} INFO - [2025-05-07T19:08:19.370+0000] {dag.py:3823} INFO - Setting next_dagrun for tutorial_taskflow_api_virtualenv to None, run_after=None
[2025-05-07T19:08:19.404+0000] {processor.py:183} INFO - Processing /home/airflow/.local/lib/python3.8/site-packages/airflow/example_dags/tutorial_taskflow_api_virtualenv.py took 0.081 seconds
[2025-05-07T19:08:49.646+0000] {processor.py:161} INFO - Started process (PID=472) to work on /home/airflow/.local/lib/python3.8/site-packages/airflow/example_dags/tutorial_taskflow_api_virtualenv.py
[2025-05-07T19:08:49.647+0000] {processor.py:830} INFO - Processing file /home/airflow/.local/lib/python3.8/site-packages/airflow/example_dags/tutorial_taskflow_api_virtualenv.py for tasks to queue
[2025-05-07T19:08:49.649+0000] {logging_mixin.py:188} INFO - [2025-05-07T19:08:49.649+0000] {dagbag.py:538} INFO - Filling up the DagBag from /home/airflow/.local/lib/python3.8/site-packages/airflow/example_dags/tutorial_taskflow_api_virtualenv.py
[2025-05-07T19:08:49.659+0000] {processor.py:840} INFO - DAG(s) 'tutorial_taskflow_api_virtualenv' retrieved from /home/airflow/.local/lib/python3.8/site-packages/airflow/example_dags/tutorial_taskflow_api_virtualenv.py
[2025-05-07T19:08:49.678+0000] {logging_mixin.py:188} INFO - [2025-05-07T19:08:49.677+0000] {dag.py:3036} INFO - Sync 1 DAGs
[2025-05-07T19:08:49.689+0000] {logging_mixin.py:188} INFO - [2025-05-07T19:08:49.689+0000] {dag.py:3823} INFO - Setting next_dagrun for tutorial_taskflow_api_virtualenv to None, run_after=None
[2025-05-07T19:08:49.705+0000] {processor.py:183} INFO - Processing /home/airflow/.local/lib/python3.8/site-packages/airflow/example_dags/tutorial_taskflow_api_virtualenv.py took 0.063 seconds
[2025-05-07T19:09:20.404+0000] {processor.py:161} INFO - Started process (PID=527) to work on /home/airflow/.local/lib/python3.8/site-packages/airflow/example_dags/tutorial_taskflow_api_virtualenv.py
[2025-05-07T19:09:20.406+0000] {processor.py:830} INFO - Processing file /home/airflow/.local/lib/python3.8/site-packages/airflow/example_dags/tutorial_taskflow_api_virtualenv.py for tasks to queue
[2025-05-07T19:09:20.409+0000] {logging_mixin.py:188} INFO - [2025-05-07T19:09:20.408+0000] {dagbag.py:538} INFO - Filling up the DagBag from /home/airflow/.local/lib/python3.8/site-packages/airflow/example_dags/tutorial_taskflow_api_virtualenv.py
[2025-05-07T19:09:20.424+0000] {processor.py:840} INFO - DAG(s) 'tutorial_taskflow_api_virtualenv' retrieved from /home/airflow/.local/lib/python3.8/site-packages/airflow/example_dags/tutorial_taskflow_api_virtualenv.py
[2025-05-07T19:09:20.449+0000] {logging_mixin.py:188} INFO - [2025-05-07T19:09:20.448+0000] {dag.py:3036} INFO - Sync 1 DAGs
[2025-05-07T19:09:20.468+0000] {logging_mixin.py:188} INFO - [2025-05-07T19:09:20.467+0000] {dag.py:3823} INFO - Setting next_dagrun for tutorial_taskflow_api_virtualenv to None, run_after=None
[2025-05-07T19:09:20.510+0000] {processor.py:183} INFO - Processing /home/airflow/.local/lib/python3.8/site-packages/airflow/example_dags/tutorial_taskflow_api_virtualenv.py took 0.109 seconds
[2025-05-07T19:09:51.401+0000] {processor.py:161} INFO - Started process (PID=582) to work on /home/airflow/.local/lib/python3.8/site-packages/airflow/example_dags/tutorial_taskflow_api_virtualenv.py
[2025-05-07T19:09:51.403+0000] {processor.py:830} INFO - Processing file /home/airflow/.local/lib/python3.8/site-packages/airflow/example_dags/tutorial_taskflow_api_virtualenv.py for tasks to queue
[2025-05-07T19:09:51.406+0000] {logging_mixin.py:188} INFO - [2025-05-07T19:09:51.406+0000] {dagbag.py:538} INFO - Filling up the DagBag from /home/airflow/.local/lib/python3.8/site-packages/airflow/example_dags/tutorial_taskflow_api_virtualenv.py
[2025-05-07T19:09:51.418+0000] {processor.py:840} INFO - DAG(s) 'tutorial_taskflow_api_virtualenv' retrieved from /home/airflow/.local/lib/python3.8/site-packages/airflow/example_dags/tutorial_taskflow_api_virtualenv.py
[2025-05-07T19:09:51.446+0000] {logging_mixin.py:188} INFO - [2025-05-07T19:09:51.445+0000] {dag.py:3036} INFO - Sync 1 DAGs
[2025-05-07T19:09:51.463+0000] {logging_mixin.py:188} INFO - [2025-05-07T19:09:51.463+0000] {dag.py:3823} INFO - Setting next_dagrun for tutorial_taskflow_api_virtualenv to None, run_after=None
[2025-05-07T19:09:51.508+0000] {processor.py:183} INFO - Processing /home/airflow/.local/lib/python3.8/site-packages/airflow/example_dags/tutorial_taskflow_api_virtualenv.py took 0.111 seconds
[2025-05-07T19:10:22.500+0000] {processor.py:161} INFO - Started process (PID=639) to work on /home/airflow/.local/lib/python3.8/site-packages/airflow/example_dags/tutorial_taskflow_api_virtualenv.py
[2025-05-07T19:10:22.502+0000] {processor.py:830} INFO - Processing file /home/airflow/.local/lib/python3.8/site-packages/airflow/example_dags/tutorial_taskflow_api_virtualenv.py for tasks to queue
[2025-05-07T19:10:22.505+0000] {logging_mixin.py:188} INFO - [2025-05-07T19:10:22.505+0000] {dagbag.py:538} INFO - Filling up the DagBag from /home/airflow/.local/lib/python3.8/site-packages/airflow/example_dags/tutorial_taskflow_api_virtualenv.py
[2025-05-07T19:10:22.519+0000] {processor.py:840} INFO - DAG(s) 'tutorial_taskflow_api_virtualenv' retrieved from /home/airflow/.local/lib/python3.8/site-packages/airflow/example_dags/tutorial_taskflow_api_virtualenv.py
[2025-05-07T19:10:22.547+0000] {logging_mixin.py:188} INFO - [2025-05-07T19:10:22.547+0000] {dag.py:3036} INFO - Sync 1 DAGs
[2025-05-07T19:10:22.564+0000] {logging_mixin.py:188} INFO - [2025-05-07T19:10:22.563+0000] {dag.py:3823} INFO - Setting next_dagrun for tutorial_taskflow_api_virtualenv to None, run_after=None
[2025-05-07T19:10:22.595+0000] {processor.py:183} INFO - Processing /home/airflow/.local/lib/python3.8/site-packages/airflow/example_dags/tutorial_taskflow_api_virtualenv.py took 0.100 seconds
[2025-05-07T19:10:53.189+0000] {processor.py:161} INFO - Started process (PID=695) to work on /home/airflow/.local/lib/python3.8/site-packages/airflow/example_dags/tutorial_taskflow_api_virtualenv.py
[2025-05-07T19:10:53.190+0000] {processor.py:830} INFO - Processing file /home/airflow/.local/lib/python3.8/site-packages/airflow/example_dags/tutorial_taskflow_api_virtualenv.py for tasks to queue
[2025-05-07T19:10:53.192+0000] {logging_mixin.py:188} INFO - [2025-05-07T19:10:53.192+0000] {dagbag.py:538} INFO - Filling up the DagBag from /home/airflow/.local/lib/python3.8/site-packages/airflow/example_dags/tutorial_taskflow_api_virtualenv.py
[2025-05-07T19:10:53.202+0000] {processor.py:840} INFO - DAG(s) 'tutorial_taskflow_api_virtualenv' retrieved from /home/airflow/.local/lib/python3.8/site-packages/airflow/example_dags/tutorial_taskflow_api_virtualenv.py
[2025-05-07T19:10:53.222+0000] {logging_mixin.py:188} INFO - [2025-05-07T19:10:53.222+0000] {dag.py:3036} INFO - Sync 1 DAGs
[2025-05-07T19:10:53.234+0000] {logging_mixin.py:188} INFO - [2025-05-07T19:10:53.234+0000] {dag.py:3823} INFO - Setting next_dagrun for tutorial_taskflow_api_virtualenv to None, run_after=None
[2025-05-07T19:10:53.256+0000] {processor.py:183} INFO - Processing /home/airflow/.local/lib/python3.8/site-packages/airflow/example_dags/tutorial_taskflow_api_virtualenv.py took 0.071 seconds
[2025-05-07T19:11:23.960+0000] {processor.py:161} INFO - Started process (PID=755) to work on /home/airflow/.local/lib/python3.8/site-packages/airflow/example_dags/tutorial_taskflow_api_virtualenv.py
[2025-05-07T19:11:23.962+0000] {processor.py:830} INFO - Processing file /home/airflow/.local/lib/python3.8/site-packages/airflow/example_dags/tutorial_taskflow_api_virtualenv.py for tasks to queue
[2025-05-07T19:11:23.965+0000] {logging_mixin.py:188} INFO - [2025-05-07T19:11:23.964+0000] {dagbag.py:538} INFO - Filling up the DagBag from /home/airflow/.local/lib/python3.8/site-packages/airflow/example_dags/tutorial_taskflow_api_virtualenv.py
[2025-05-07T19:11:23.974+0000] {processor.py:840} INFO - DAG(s) 'tutorial_taskflow_api_virtualenv' retrieved from /home/airflow/.local/lib/python3.8/site-packages/airflow/example_dags/tutorial_taskflow_api_virtualenv.py
[2025-05-07T19:11:23.995+0000] {logging_mixin.py:188} INFO - [2025-05-07T19:11:23.995+0000] {dag.py:3036} INFO - Sync 1 DAGs
[2025-05-07T19:11:24.007+0000] {logging_mixin.py:188} INFO - [2025-05-07T19:11:24.007+0000] {dag.py:3823} INFO - Setting next_dagrun for tutorial_taskflow_api_virtualenv to None, run_after=None
[2025-05-07T19:11:24.031+0000] {processor.py:183} INFO - Processing /home/airflow/.local/lib/python3.8/site-packages/airflow/example_dags/tutorial_taskflow_api_virtualenv.py took 0.074 seconds
[2025-05-07T19:11:55.013+0000] {processor.py:161} INFO - Started process (PID=815) to work on /home/airflow/.local/lib/python3.8/site-packages/airflow/example_dags/tutorial_taskflow_api_virtualenv.py
[2025-05-07T19:11:55.015+0000] {processor.py:830} INFO - Processing file /home/airflow/.local/lib/python3.8/site-packages/airflow/example_dags/tutorial_taskflow_api_virtualenv.py for tasks to queue
[2025-05-07T19:11:55.017+0000] {logging_mixin.py:188} INFO - [2025-05-07T19:11:55.017+0000] {dagbag.py:538} INFO - Filling up the DagBag from /home/airflow/.local/lib/python3.8/site-packages/airflow/example_dags/tutorial_taskflow_api_virtualenv.py
[2025-05-07T19:11:55.027+0000] {processor.py:840} INFO - DAG(s) 'tutorial_taskflow_api_virtualenv' retrieved from /home/airflow/.local/lib/python3.8/site-packages/airflow/example_dags/tutorial_taskflow_api_virtualenv.py
[2025-05-07T19:11:55.049+0000] {logging_mixin.py:188} INFO - [2025-05-07T19:11:55.048+0000] {dag.py:3036} INFO - Sync 1 DAGs
[2025-05-07T19:11:55.060+0000] {logging_mixin.py:188} INFO - [2025-05-07T19:11:55.060+0000] {dag.py:3823} INFO - Setting next_dagrun for tutorial_taskflow_api_virtualenv to None, run_after=None
[2025-05-07T19:11:55.080+0000] {processor.py:183} INFO - Processing /home/airflow/.local/lib/python3.8/site-packages/airflow/example_dags/tutorial_taskflow_api_virtualenv.py took 0.070 seconds
[2025-05-07T19:12:25.754+0000] {processor.py:161} INFO - Started process (PID=871) to work on /home/airflow/.local/lib/python3.8/site-packages/airflow/example_dags/tutorial_taskflow_api_virtualenv.py
[2025-05-07T19:12:25.755+0000] {processor.py:830} INFO - Processing file /home/airflow/.local/lib/python3.8/site-packages/airflow/example_dags/tutorial_taskflow_api_virtualenv.py for tasks to queue
[2025-05-07T19:12:25.758+0000] {logging_mixin.py:188} INFO - [2025-05-07T19:12:25.758+0000] {dagbag.py:538} INFO - Filling up the DagBag from /home/airflow/.local/lib/python3.8/site-packages/airflow/example_dags/tutorial_taskflow_api_virtualenv.py
[2025-05-07T19:12:25.772+0000] {processor.py:840} INFO - DAG(s) 'tutorial_taskflow_api_virtualenv' retrieved from /home/airflow/.local/lib/python3.8/site-packages/airflow/example_dags/tutorial_taskflow_api_virtualenv.py
[2025-05-07T19:12:25.791+0000] {logging_mixin.py:188} INFO - [2025-05-07T19:12:25.791+0000] {dag.py:3036} INFO - Sync 1 DAGs
[2025-05-07T19:12:25.805+0000] {logging_mixin.py:188} INFO - [2025-05-07T19:12:25.805+0000] {dag.py:3823} INFO - Setting next_dagrun for tutorial_taskflow_api_virtualenv to None, run_after=None
[2025-05-07T19:12:25.837+0000] {processor.py:183} INFO - Processing /home/airflow/.local/lib/python3.8/site-packages/airflow/example_dags/tutorial_taskflow_api_virtualenv.py took 0.087 seconds
[2025-05-07T19:12:56.165+0000] {processor.py:161} INFO - Started process (PID=927) to work on /home/airflow/.local/lib/python3.8/site-packages/airflow/example_dags/tutorial_taskflow_api_virtualenv.py
[2025-05-07T19:12:56.168+0000] {processor.py:830} INFO - Processing file /home/airflow/.local/lib/python3.8/site-packages/airflow/example_dags/tutorial_taskflow_api_virtualenv.py for tasks to queue
[2025-05-07T19:12:56.173+0000] {logging_mixin.py:188} INFO - [2025-05-07T19:12:56.172+0000] {dagbag.py:538} INFO - Filling up the DagBag from /home/airflow/.local/lib/python3.8/site-packages/airflow/example_dags/tutorial_taskflow_api_virtualenv.py
[2025-05-07T19:12:56.188+0000] {processor.py:840} INFO - DAG(s) 'tutorial_taskflow_api_virtualenv' retrieved from /home/airflow/.local/lib/python3.8/site-packages/airflow/example_dags/tutorial_taskflow_api_virtualenv.py
[2025-05-07T19:12:56.220+0000] {logging_mixin.py:188} INFO - [2025-05-07T19:12:56.220+0000] {dag.py:3036} INFO - Sync 1 DAGs
[2025-05-07T19:12:56.241+0000] {logging_mixin.py:188} INFO - [2025-05-07T19:12:56.240+0000] {dag.py:3823} INFO - Setting next_dagrun for tutorial_taskflow_api_virtualenv to None, run_after=None
[2025-05-07T19:12:56.273+0000] {processor.py:183} INFO - Processing /home/airflow/.local/lib/python3.8/site-packages/airflow/example_dags/tutorial_taskflow_api_virtualenv.py took 0.110 seconds
[2025-05-07T19:13:27.271+0000] {processor.py:161} INFO - Started process (PID=984) to work on /home/airflow/.local/lib/python3.8/site-packages/airflow/example_dags/tutorial_taskflow_api_virtualenv.py
[2025-05-07T19:13:27.273+0000] {processor.py:830} INFO - Processing file /home/airflow/.local/lib/python3.8/site-packages/airflow/example_dags/tutorial_taskflow_api_virtualenv.py for tasks to queue
[2025-05-07T19:13:27.278+0000] {logging_mixin.py:188} INFO - [2025-05-07T19:13:27.278+0000] {dagbag.py:538} INFO - Filling up the DagBag from /home/airflow/.local/lib/python3.8/site-packages/airflow/example_dags/tutorial_taskflow_api_virtualenv.py
[2025-05-07T19:13:27.291+0000] {processor.py:840} INFO - DAG(s) 'tutorial_taskflow_api_virtualenv' retrieved from /home/airflow/.local/lib/python3.8/site-packages/airflow/example_dags/tutorial_taskflow_api_virtualenv.py
[2025-05-07T19:13:27.311+0000] {logging_mixin.py:188} INFO - [2025-05-07T19:13:27.311+0000] {dag.py:3036} INFO - Sync 1 DAGs
[2025-05-07T19:13:27.322+0000] {logging_mixin.py:188} INFO - [2025-05-07T19:13:27.322+0000] {dag.py:3823} INFO - Setting next_dagrun for tutorial_taskflow_api_virtualenv to None, run_after=None
[2025-05-07T19:13:27.342+0000] {processor.py:183} INFO - Processing /home/airflow/.local/lib/python3.8/site-packages/airflow/example_dags/tutorial_taskflow_api_virtualenv.py took 0.075 seconds
[2025-05-07T19:13:57.497+0000] {processor.py:161} INFO - Started process (PID=1040) to work on /home/airflow/.local/lib/python3.8/site-packages/airflow/example_dags/tutorial_taskflow_api_virtualenv.py
[2025-05-07T19:13:57.498+0000] {processor.py:830} INFO - Processing file /home/airflow/.local/lib/python3.8/site-packages/airflow/example_dags/tutorial_taskflow_api_virtualenv.py for tasks to queue
[2025-05-07T19:13:57.501+0000] {logging_mixin.py:188} INFO - [2025-05-07T19:13:57.501+0000] {dagbag.py:538} INFO - Filling up the DagBag from /home/airflow/.local/lib/python3.8/site-packages/airflow/example_dags/tutorial_taskflow_api_virtualenv.py
[2025-05-07T19:13:57.513+0000] {processor.py:840} INFO - DAG(s) 'tutorial_taskflow_api_virtualenv' retrieved from /home/airflow/.local/lib/python3.8/site-packages/airflow/example_dags/tutorial_taskflow_api_virtualenv.py
[2025-05-07T19:13:57.538+0000] {logging_mixin.py:188} INFO - [2025-05-07T19:13:57.538+0000] {dag.py:3036} INFO - Sync 1 DAGs
[2025-05-07T19:13:57.553+0000] {logging_mixin.py:188} INFO - [2025-05-07T19:13:57.553+0000] {dag.py:3823} INFO - Setting next_dagrun for tutorial_taskflow_api_virtualenv to None, run_after=None
[2025-05-07T19:13:57.578+0000] {processor.py:183} INFO - Processing /home/airflow/.local/lib/python3.8/site-packages/airflow/example_dags/tutorial_taskflow_api_virtualenv.py took 0.085 seconds
[2025-05-07T19:14:27.901+0000] {processor.py:161} INFO - Started process (PID=1096) to work on /home/airflow/.local/lib/python3.8/site-packages/airflow/example_dags/tutorial_taskflow_api_virtualenv.py
[2025-05-07T19:14:27.903+0000] {processor.py:830} INFO - Processing file /home/airflow/.local/lib/python3.8/site-packages/airflow/example_dags/tutorial_taskflow_api_virtualenv.py for tasks to queue
[2025-05-07T19:14:27.905+0000] {logging_mixin.py:188} INFO - [2025-05-07T19:14:27.905+0000] {dagbag.py:538} INFO - Filling up the DagBag from /home/airflow/.local/lib/python3.8/site-packages/airflow/example_dags/tutorial_taskflow_api_virtualenv.py
[2025-05-07T19:14:27.915+0000] {processor.py:840} INFO - DAG(s) 'tutorial_taskflow_api_virtualenv' retrieved from /home/airflow/.local/lib/python3.8/site-packages/airflow/example_dags/tutorial_taskflow_api_virtualenv.py
[2025-05-07T19:14:27.935+0000] {logging_mixin.py:188} INFO - [2025-05-07T19:14:27.935+0000] {dag.py:3036} INFO - Sync 1 DAGs
[2025-05-07T19:14:27.947+0000] {logging_mixin.py:188} INFO - [2025-05-07T19:14:27.947+0000] {dag.py:3823} INFO - Setting next_dagrun for tutorial_taskflow_api_virtualenv to None, run_after=None
[2025-05-07T19:14:27.967+0000] {processor.py:183} INFO - Processing /home/airflow/.local/lib/python3.8/site-packages/airflow/example_dags/tutorial_taskflow_api_virtualenv.py took 0.070 seconds
[2025-05-07T19:14:58.310+0000] {processor.py:161} INFO - Started process (PID=1152) to work on /home/airflow/.local/lib/python3.8/site-packages/airflow/example_dags/tutorial_taskflow_api_virtualenv.py
[2025-05-07T19:14:58.311+0000] {processor.py:830} INFO - Processing file /home/airflow/.local/lib/python3.8/site-packages/airflow/example_dags/tutorial_taskflow_api_virtualenv.py for tasks to queue
[2025-05-07T19:14:58.313+0000] {logging_mixin.py:188} INFO - [2025-05-07T19:14:58.313+0000] {dagbag.py:538} INFO - Filling up the DagBag from /home/airflow/.local/lib/python3.8/site-packages/airflow/example_dags/tutorial_taskflow_api_virtualenv.py
[2025-05-07T19:14:58.325+0000] {processor.py:840} INFO - DAG(s) 'tutorial_taskflow_api_virtualenv' retrieved from /home/airflow/.local/lib/python3.8/site-packages/airflow/example_dags/tutorial_taskflow_api_virtualenv.py
[2025-05-07T19:14:58.349+0000] {logging_mixin.py:188} INFO - [2025-05-07T19:14:58.349+0000] {dag.py:3036} INFO - Sync 1 DAGs
[2025-05-07T19:14:58.362+0000] {logging_mixin.py:188} INFO - [2025-05-07T19:14:58.362+0000] {dag.py:3823} INFO - Setting next_dagrun for tutorial_taskflow_api_virtualenv to None, run_after=None
[2025-05-07T19:14:58.384+0000] {processor.py:183} INFO - Processing /home/airflow/.local/lib/python3.8/site-packages/airflow/example_dags/tutorial_taskflow_api_virtualenv.py took 0.077 seconds
[2025-05-07T19:15:28.789+0000] {processor.py:161} INFO - Started process (PID=1208) to work on /home/airflow/.local/lib/python3.8/site-packages/airflow/example_dags/tutorial_taskflow_api_virtualenv.py
[2025-05-07T19:15:28.790+0000] {processor.py:830} INFO - Processing file /home/airflow/.local/lib/python3.8/site-packages/airflow/example_dags/tutorial_taskflow_api_virtualenv.py for tasks to queue
[2025-05-07T19:15:28.793+0000] {logging_mixin.py:188} INFO - [2025-05-07T19:15:28.793+0000] {dagbag.py:538} INFO - Filling up the DagBag from /home/airflow/.local/lib/python3.8/site-packages/airflow/example_dags/tutorial_taskflow_api_virtualenv.py
[2025-05-07T19:15:28.805+0000] {processor.py:840} INFO - DAG(s) 'tutorial_taskflow_api_virtualenv' retrieved from /home/airflow/.local/lib/python3.8/site-packages/airflow/example_dags/tutorial_taskflow_api_virtualenv.py
[2025-05-07T19:15:28.830+0000] {logging_mixin.py:188} INFO - [2025-05-07T19:15:28.829+0000] {dag.py:3036} INFO - Sync 1 DAGs
[2025-05-07T19:15:28.848+0000] {logging_mixin.py:188} INFO - [2025-05-07T19:15:28.848+0000] {dag.py:3823} INFO - Setting next_dagrun for tutorial_taskflow_api_virtualenv to None, run_after=None
[2025-05-07T19:15:28.876+0000] {processor.py:183} INFO - Processing /home/airflow/.local/lib/python3.8/site-packages/airflow/example_dags/tutorial_taskflow_api_virtualenv.py took 0.091 seconds
[2025-05-07T19:15:59.800+0000] {processor.py:161} INFO - Started process (PID=1264) to work on /home/airflow/.local/lib/python3.8/site-packages/airflow/example_dags/tutorial_taskflow_api_virtualenv.py
[2025-05-07T19:15:59.801+0000] {processor.py:830} INFO - Processing file /home/airflow/.local/lib/python3.8/site-packages/airflow/example_dags/tutorial_taskflow_api_virtualenv.py for tasks to queue
[2025-05-07T19:15:59.803+0000] {logging_mixin.py:188} INFO - [2025-05-07T19:15:59.802+0000] {dagbag.py:538} INFO - Filling up the DagBag from /home/airflow/.local/lib/python3.8/site-packages/airflow/example_dags/tutorial_taskflow_api_virtualenv.py
[2025-05-07T19:15:59.812+0000] {processor.py:840} INFO - DAG(s) 'tutorial_taskflow_api_virtualenv' retrieved from /home/airflow/.local/lib/python3.8/site-packages/airflow/example_dags/tutorial_taskflow_api_virtualenv.py
[2025-05-07T19:15:59.831+0000] {logging_mixin.py:188} INFO - [2025-05-07T19:15:59.831+0000] {dag.py:3036} INFO - Sync 1 DAGs
[2025-05-07T19:15:59.842+0000] {logging_mixin.py:188} INFO - [2025-05-07T19:15:59.842+0000] {dag.py:3823} INFO - Setting next_dagrun for tutorial_taskflow_api_virtualenv to None, run_after=None
[2025-05-07T19:15:59.861+0000] {processor.py:183} INFO - Processing /home/airflow/.local/lib/python3.8/site-packages/airflow/example_dags/tutorial_taskflow_api_virtualenv.py took 0.065 seconds
[2025-05-07T19:16:30.340+0000] {processor.py:161} INFO - Started process (PID=1320) to work on /home/airflow/.local/lib/python3.8/site-packages/airflow/example_dags/tutorial_taskflow_api_virtualenv.py
[2025-05-07T19:16:30.341+0000] {processor.py:830} INFO - Processing file /home/airflow/.local/lib/python3.8/site-packages/airflow/example_dags/tutorial_taskflow_api_virtualenv.py for tasks to queue
[2025-05-07T19:16:30.343+0000] {logging_mixin.py:188} INFO - [2025-05-07T19:16:30.343+0000] {dagbag.py:538} INFO - Filling up the DagBag from /home/airflow/.local/lib/python3.8/site-packages/airflow/example_dags/tutorial_taskflow_api_virtualenv.py
[2025-05-07T19:16:30.354+0000] {processor.py:840} INFO - DAG(s) 'tutorial_taskflow_api_virtualenv' retrieved from /home/airflow/.local/lib/python3.8/site-packages/airflow/example_dags/tutorial_taskflow_api_virtualenv.py
[2025-05-07T19:16:30.373+0000] {logging_mixin.py:188} INFO - [2025-05-07T19:16:30.373+0000] {dag.py:3036} INFO - Sync 1 DAGs
[2025-05-07T19:16:30.385+0000] {logging_mixin.py:188} INFO - [2025-05-07T19:16:30.384+0000] {dag.py:3823} INFO - Setting next_dagrun for tutorial_taskflow_api_virtualenv to None, run_after=None
[2025-05-07T19:16:30.404+0000] {processor.py:183} INFO - Processing /home/airflow/.local/lib/python3.8/site-packages/airflow/example_dags/tutorial_taskflow_api_virtualenv.py took 0.068 seconds
[2025-05-07T19:17:00.809+0000] {processor.py:161} INFO - Started process (PID=1376) to work on /home/airflow/.local/lib/python3.8/site-packages/airflow/example_dags/tutorial_taskflow_api_virtualenv.py
[2025-05-07T19:17:00.810+0000] {processor.py:830} INFO - Processing file /home/airflow/.local/lib/python3.8/site-packages/airflow/example_dags/tutorial_taskflow_api_virtualenv.py for tasks to queue
[2025-05-07T19:17:00.813+0000] {logging_mixin.py:188} INFO - [2025-05-07T19:17:00.812+0000] {dagbag.py:538} INFO - Filling up the DagBag from /home/airflow/.local/lib/python3.8/site-packages/airflow/example_dags/tutorial_taskflow_api_virtualenv.py
[2025-05-07T19:17:00.824+0000] {processor.py:840} INFO - DAG(s) 'tutorial_taskflow_api_virtualenv' retrieved from /home/airflow/.local/lib/python3.8/site-packages/airflow/example_dags/tutorial_taskflow_api_virtualenv.py
[2025-05-07T19:17:00.845+0000] {logging_mixin.py:188} INFO - [2025-05-07T19:17:00.844+0000] {dag.py:3036} INFO - Sync 1 DAGs
[2025-05-07T19:17:00.858+0000] {logging_mixin.py:188} INFO - [2025-05-07T19:17:00.858+0000] {dag.py:3823} INFO - Setting next_dagrun for tutorial_taskflow_api_virtualenv to None, run_after=None
[2025-05-07T19:17:00.880+0000] {processor.py:183} INFO - Processing /home/airflow/.local/lib/python3.8/site-packages/airflow/example_dags/tutorial_taskflow_api_virtualenv.py took 0.075 seconds
[2025-05-07T19:17:31.552+0000] {processor.py:161} INFO - Started process (PID=1432) to work on /home/airflow/.local/lib/python3.8/site-packages/airflow/example_dags/tutorial_taskflow_api_virtualenv.py
[2025-05-07T19:17:31.554+0000] {processor.py:830} INFO - Processing file /home/airflow/.local/lib/python3.8/site-packages/airflow/example_dags/tutorial_taskflow_api_virtualenv.py for tasks to queue
[2025-05-07T19:17:31.558+0000] {logging_mixin.py:188} INFO - [2025-05-07T19:17:31.558+0000] {dagbag.py:538} INFO - Filling up the DagBag from /home/airflow/.local/lib/python3.8/site-packages/airflow/example_dags/tutorial_taskflow_api_virtualenv.py
[2025-05-07T19:17:31.573+0000] {processor.py:840} INFO - DAG(s) 'tutorial_taskflow_api_virtualenv' retrieved from /home/airflow/.local/lib/python3.8/site-packages/airflow/example_dags/tutorial_taskflow_api_virtualenv.py
[2025-05-07T19:17:31.600+0000] {logging_mixin.py:188} INFO - [2025-05-07T19:17:31.599+0000] {dag.py:3036} INFO - Sync 1 DAGs
[2025-05-07T19:17:31.615+0000] {logging_mixin.py:188} INFO - [2025-05-07T19:17:31.615+0000] {dag.py:3823} INFO - Setting next_dagrun for tutorial_taskflow_api_virtualenv to None, run_after=None
[2025-05-07T19:17:31.641+0000] {processor.py:183} INFO - Processing /home/airflow/.local/lib/python3.8/site-packages/airflow/example_dags/tutorial_taskflow_api_virtualenv.py took 0.093 seconds
[2025-05-07T19:18:02.549+0000] {processor.py:161} INFO - Started process (PID=1488) to work on /home/airflow/.local/lib/python3.8/site-packages/airflow/example_dags/tutorial_taskflow_api_virtualenv.py
[2025-05-07T19:18:02.550+0000] {processor.py:830} INFO - Processing file /home/airflow/.local/lib/python3.8/site-packages/airflow/example_dags/tutorial_taskflow_api_virtualenv.py for tasks to queue
[2025-05-07T19:18:02.552+0000] {logging_mixin.py:188} INFO - [2025-05-07T19:18:02.552+0000] {dagbag.py:538} INFO - Filling up the DagBag from /home/airflow/.local/lib/python3.8/site-packages/airflow/example_dags/tutorial_taskflow_api_virtualenv.py
[2025-05-07T19:18:02.563+0000] {processor.py:840} INFO - DAG(s) 'tutorial_taskflow_api_virtualenv' retrieved from /home/airflow/.local/lib/python3.8/site-packages/airflow/example_dags/tutorial_taskflow_api_virtualenv.py
[2025-05-07T19:18:02.583+0000] {logging_mixin.py:188} INFO - [2025-05-07T19:18:02.583+0000] {dag.py:3036} INFO - Sync 1 DAGs
[2025-05-07T19:18:02.594+0000] {logging_mixin.py:188} INFO - [2025-05-07T19:18:02.594+0000] {dag.py:3823} INFO - Setting next_dagrun for tutorial_taskflow_api_virtualenv to None, run_after=None
[2025-05-07T19:18:02.613+0000] {processor.py:183} INFO - Processing /home/airflow/.local/lib/python3.8/site-packages/airflow/example_dags/tutorial_taskflow_api_virtualenv.py took 0.067 seconds
[2025-05-07T19:18:33.057+0000] {processor.py:161} INFO - Started process (PID=1544) to work on /home/airflow/.local/lib/python3.8/site-packages/airflow/example_dags/tutorial_taskflow_api_virtualenv.py
[2025-05-07T19:18:33.058+0000] {processor.py:830} INFO - Processing file /home/airflow/.local/lib/python3.8/site-packages/airflow/example_dags/tutorial_taskflow_api_virtualenv.py for tasks to queue
[2025-05-07T19:18:33.060+0000] {logging_mixin.py:188} INFO - [2025-05-07T19:18:33.060+0000] {dagbag.py:538} INFO - Filling up the DagBag from /home/airflow/.local/lib/python3.8/site-packages/airflow/example_dags/tutorial_taskflow_api_virtualenv.py
[2025-05-07T19:18:33.071+0000] {processor.py:840} INFO - DAG(s) 'tutorial_taskflow_api_virtualenv' retrieved from /home/airflow/.local/lib/python3.8/site-packages/airflow/example_dags/tutorial_taskflow_api_virtualenv.py
[2025-05-07T19:18:33.091+0000] {logging_mixin.py:188} INFO - [2025-05-07T19:18:33.091+0000] {dag.py:3036} INFO - Sync 1 DAGs
[2025-05-07T19:18:33.103+0000] {logging_mixin.py:188} INFO - [2025-05-07T19:18:33.103+0000] {dag.py:3823} INFO - Setting next_dagrun for tutorial_taskflow_api_virtualenv to None, run_after=None
[2025-05-07T19:18:33.125+0000] {processor.py:183} INFO - Processing /home/airflow/.local/lib/python3.8/site-packages/airflow/example_dags/tutorial_taskflow_api_virtualenv.py took 0.071 seconds
[2025-05-07T19:19:03.399+0000] {processor.py:161} INFO - Started process (PID=1600) to work on /home/airflow/.local/lib/python3.8/site-packages/airflow/example_dags/tutorial_taskflow_api_virtualenv.py
[2025-05-07T19:19:03.400+0000] {processor.py:830} INFO - Processing file /home/airflow/.local/lib/python3.8/site-packages/airflow/example_dags/tutorial_taskflow_api_virtualenv.py for tasks to queue
[2025-05-07T19:19:03.402+0000] {logging_mixin.py:188} INFO - [2025-05-07T19:19:03.402+0000] {dagbag.py:538} INFO - Filling up the DagBag from /home/airflow/.local/lib/python3.8/site-packages/airflow/example_dags/tutorial_taskflow_api_virtualenv.py
[2025-05-07T19:19:03.412+0000] {processor.py:840} INFO - DAG(s) 'tutorial_taskflow_api_virtualenv' retrieved from /home/airflow/.local/lib/python3.8/site-packages/airflow/example_dags/tutorial_taskflow_api_virtualenv.py
[2025-05-07T19:19:03.431+0000] {logging_mixin.py:188} INFO - [2025-05-07T19:19:03.431+0000] {dag.py:3036} INFO - Sync 1 DAGs
[2025-05-07T19:19:03.444+0000] {logging_mixin.py:188} INFO - [2025-05-07T19:19:03.443+0000] {dag.py:3823} INFO - Setting next_dagrun for tutorial_taskflow_api_virtualenv to None, run_after=None
[2025-05-07T19:19:03.461+0000] {processor.py:183} INFO - Processing /home/airflow/.local/lib/python3.8/site-packages/airflow/example_dags/tutorial_taskflow_api_virtualenv.py took 0.065 seconds
[2025-05-07T19:19:34.437+0000] {processor.py:161} INFO - Started process (PID=1656) to work on /home/airflow/.local/lib/python3.8/site-packages/airflow/example_dags/tutorial_taskflow_api_virtualenv.py
[2025-05-07T19:19:34.439+0000] {processor.py:830} INFO - Processing file /home/airflow/.local/lib/python3.8/site-packages/airflow/example_dags/tutorial_taskflow_api_virtualenv.py for tasks to queue
[2025-05-07T19:19:34.442+0000] {logging_mixin.py:188} INFO - [2025-05-07T19:19:34.441+0000] {dagbag.py:538} INFO - Filling up the DagBag from /home/airflow/.local/lib/python3.8/site-packages/airflow/example_dags/tutorial_taskflow_api_virtualenv.py
[2025-05-07T19:19:34.451+0000] {processor.py:840} INFO - DAG(s) 'tutorial_taskflow_api_virtualenv' retrieved from /home/airflow/.local/lib/python3.8/site-packages/airflow/example_dags/tutorial_taskflow_api_virtualenv.py
[2025-05-07T19:19:34.471+0000] {logging_mixin.py:188} INFO - [2025-05-07T19:19:34.471+0000] {dag.py:3036} INFO - Sync 1 DAGs
[2025-05-07T19:19:34.483+0000] {logging_mixin.py:188} INFO - [2025-05-07T19:19:34.483+0000] {dag.py:3823} INFO - Setting next_dagrun for tutorial_taskflow_api_virtualenv to None, run_after=None
[2025-05-07T19:19:34.702+0000] {processor.py:183} INFO - Processing /home/airflow/.local/lib/python3.8/site-packages/airflow/example_dags/tutorial_taskflow_api_virtualenv.py took 0.268 seconds
[2025-05-07T19:20:05.215+0000] {processor.py:161} INFO - Started process (PID=1712) to work on /home/airflow/.local/lib/python3.8/site-packages/airflow/example_dags/tutorial_taskflow_api_virtualenv.py
[2025-05-07T19:20:05.217+0000] {processor.py:830} INFO - Processing file /home/airflow/.local/lib/python3.8/site-packages/airflow/example_dags/tutorial_taskflow_api_virtualenv.py for tasks to queue
[2025-05-07T19:20:05.219+0000] {logging_mixin.py:188} INFO - [2025-05-07T19:20:05.219+0000] {dagbag.py:538} INFO - Filling up the DagBag from /home/airflow/.local/lib/python3.8/site-packages/airflow/example_dags/tutorial_taskflow_api_virtualenv.py
[2025-05-07T19:20:05.230+0000] {processor.py:840} INFO - DAG(s) 'tutorial_taskflow_api_virtualenv' retrieved from /home/airflow/.local/lib/python3.8/site-packages/airflow/example_dags/tutorial_taskflow_api_virtualenv.py
[2025-05-07T19:20:05.251+0000] {logging_mixin.py:188} INFO - [2025-05-07T19:20:05.251+0000] {dag.py:3036} INFO - Sync 1 DAGs
[2025-05-07T19:20:05.262+0000] {logging_mixin.py:188} INFO - [2025-05-07T19:20:05.262+0000] {dag.py:3823} INFO - Setting next_dagrun for tutorial_taskflow_api_virtualenv to None, run_after=None
[2025-05-07T19:20:05.283+0000] {processor.py:183} INFO - Processing /home/airflow/.local/lib/python3.8/site-packages/airflow/example_dags/tutorial_taskflow_api_virtualenv.py took 0.070 seconds
[2025-05-07T19:20:35.596+0000] {processor.py:161} INFO - Started process (PID=1769) to work on /home/airflow/.local/lib/python3.8/site-packages/airflow/example_dags/tutorial_taskflow_api_virtualenv.py
[2025-05-07T19:20:35.599+0000] {processor.py:830} INFO - Processing file /home/airflow/.local/lib/python3.8/site-packages/airflow/example_dags/tutorial_taskflow_api_virtualenv.py for tasks to queue
[2025-05-07T19:20:35.602+0000] {logging_mixin.py:188} INFO - [2025-05-07T19:20:35.601+0000] {dagbag.py:538} INFO - Filling up the DagBag from /home/airflow/.local/lib/python3.8/site-packages/airflow/example_dags/tutorial_taskflow_api_virtualenv.py
[2025-05-07T19:20:35.620+0000] {processor.py:840} INFO - DAG(s) 'tutorial_taskflow_api_virtualenv' retrieved from /home/airflow/.local/lib/python3.8/site-packages/airflow/example_dags/tutorial_taskflow_api_virtualenv.py
[2025-05-07T19:20:35.655+0000] {logging_mixin.py:188} INFO - [2025-05-07T19:20:35.655+0000] {dag.py:3036} INFO - Sync 1 DAGs
[2025-05-07T19:20:35.669+0000] {logging_mixin.py:188} INFO - [2025-05-07T19:20:35.668+0000] {dag.py:3823} INFO - Setting next_dagrun for tutorial_taskflow_api_virtualenv to None, run_after=None
[2025-05-07T19:20:35.704+0000] {processor.py:183} INFO - Processing /home/airflow/.local/lib/python3.8/site-packages/airflow/example_dags/tutorial_taskflow_api_virtualenv.py took 0.114 seconds
[2025-05-07T19:22:03.672+0000] {processor.py:161} INFO - Started process (PID=90) to work on /home/airflow/.local/lib/python3.8/site-packages/airflow/example_dags/tutorial_taskflow_api_virtualenv.py
[2025-05-07T19:22:03.673+0000] {processor.py:830} INFO - Processing file /home/airflow/.local/lib/python3.8/site-packages/airflow/example_dags/tutorial_taskflow_api_virtualenv.py for tasks to queue
[2025-05-07T19:22:03.676+0000] {logging_mixin.py:188} INFO - [2025-05-07T19:22:03.675+0000] {dagbag.py:538} INFO - Filling up the DagBag from /home/airflow/.local/lib/python3.8/site-packages/airflow/example_dags/tutorial_taskflow_api_virtualenv.py
[2025-05-07T19:22:03.687+0000] {processor.py:840} INFO - DAG(s) 'tutorial_taskflow_api_virtualenv' retrieved from /home/airflow/.local/lib/python3.8/site-packages/airflow/example_dags/tutorial_taskflow_api_virtualenv.py
[2025-05-07T19:22:03.700+0000] {logging_mixin.py:188} INFO - [2025-05-07T19:22:03.700+0000] {dag.py:3036} INFO - Sync 1 DAGs
[2025-05-07T19:22:03.714+0000] {logging_mixin.py:188} INFO - [2025-05-07T19:22:03.714+0000] {dag.py:3823} INFO - Setting next_dagrun for tutorial_taskflow_api_virtualenv to None, run_after=None
[2025-05-07T19:22:03.736+0000] {processor.py:183} INFO - Processing /home/airflow/.local/lib/python3.8/site-packages/airflow/example_dags/tutorial_taskflow_api_virtualenv.py took 0.068 seconds
[2025-05-07T19:22:34.650+0000] {processor.py:161} INFO - Started process (PID=147) to work on /home/airflow/.local/lib/python3.8/site-packages/airflow/example_dags/tutorial_taskflow_api_virtualenv.py
[2025-05-07T19:22:34.652+0000] {processor.py:830} INFO - Processing file /home/airflow/.local/lib/python3.8/site-packages/airflow/example_dags/tutorial_taskflow_api_virtualenv.py for tasks to queue
[2025-05-07T19:22:34.654+0000] {logging_mixin.py:188} INFO - [2025-05-07T19:22:34.654+0000] {dagbag.py:538} INFO - Filling up the DagBag from /home/airflow/.local/lib/python3.8/site-packages/airflow/example_dags/tutorial_taskflow_api_virtualenv.py
[2025-05-07T19:22:34.668+0000] {processor.py:840} INFO - DAG(s) 'tutorial_taskflow_api_virtualenv' retrieved from /home/airflow/.local/lib/python3.8/site-packages/airflow/example_dags/tutorial_taskflow_api_virtualenv.py
[2025-05-07T19:22:34.764+0000] {logging_mixin.py:188} INFO - [2025-05-07T19:22:34.764+0000] {dag.py:3036} INFO - Sync 1 DAGs
[2025-05-07T19:22:34.775+0000] {logging_mixin.py:188} INFO - [2025-05-07T19:22:34.775+0000] {dag.py:3823} INFO - Setting next_dagrun for tutorial_taskflow_api_virtualenv to None, run_after=None
[2025-05-07T19:22:34.794+0000] {processor.py:183} INFO - Processing /home/airflow/.local/lib/python3.8/site-packages/airflow/example_dags/tutorial_taskflow_api_virtualenv.py took 0.149 seconds
[2025-05-07T19:23:04.924+0000] {processor.py:161} INFO - Started process (PID=204) to work on /home/airflow/.local/lib/python3.8/site-packages/airflow/example_dags/tutorial_taskflow_api_virtualenv.py
[2025-05-07T19:23:04.926+0000] {processor.py:830} INFO - Processing file /home/airflow/.local/lib/python3.8/site-packages/airflow/example_dags/tutorial_taskflow_api_virtualenv.py for tasks to queue
[2025-05-07T19:23:04.928+0000] {logging_mixin.py:188} INFO - [2025-05-07T19:23:04.928+0000] {dagbag.py:538} INFO - Filling up the DagBag from /home/airflow/.local/lib/python3.8/site-packages/airflow/example_dags/tutorial_taskflow_api_virtualenv.py
[2025-05-07T19:23:04.939+0000] {processor.py:840} INFO - DAG(s) 'tutorial_taskflow_api_virtualenv' retrieved from /home/airflow/.local/lib/python3.8/site-packages/airflow/example_dags/tutorial_taskflow_api_virtualenv.py
[2025-05-07T19:23:04.958+0000] {logging_mixin.py:188} INFO - [2025-05-07T19:23:04.958+0000] {dag.py:3036} INFO - Sync 1 DAGs
[2025-05-07T19:23:04.971+0000] {logging_mixin.py:188} INFO - [2025-05-07T19:23:04.971+0000] {dag.py:3823} INFO - Setting next_dagrun for tutorial_taskflow_api_virtualenv to None, run_after=None
[2025-05-07T19:23:04.994+0000] {processor.py:183} INFO - Processing /home/airflow/.local/lib/python3.8/site-packages/airflow/example_dags/tutorial_taskflow_api_virtualenv.py took 0.073 seconds
[2025-05-07T19:23:35.523+0000] {processor.py:161} INFO - Started process (PID=270) to work on /home/airflow/.local/lib/python3.8/site-packages/airflow/example_dags/tutorial_taskflow_api_virtualenv.py
[2025-05-07T19:23:35.525+0000] {processor.py:830} INFO - Processing file /home/airflow/.local/lib/python3.8/site-packages/airflow/example_dags/tutorial_taskflow_api_virtualenv.py for tasks to queue
[2025-05-07T19:23:35.529+0000] {logging_mixin.py:188} INFO - [2025-05-07T19:23:35.529+0000] {dagbag.py:538} INFO - Filling up the DagBag from /home/airflow/.local/lib/python3.8/site-packages/airflow/example_dags/tutorial_taskflow_api_virtualenv.py
[2025-05-07T19:23:35.546+0000] {processor.py:840} INFO - DAG(s) 'tutorial_taskflow_api_virtualenv' retrieved from /home/airflow/.local/lib/python3.8/site-packages/airflow/example_dags/tutorial_taskflow_api_virtualenv.py
[2025-05-07T19:23:35.568+0000] {logging_mixin.py:188} INFO - [2025-05-07T19:23:35.567+0000] {dag.py:3036} INFO - Sync 1 DAGs
[2025-05-07T19:23:35.582+0000] {logging_mixin.py:188} INFO - [2025-05-07T19:23:35.582+0000] {dag.py:3823} INFO - Setting next_dagrun for tutorial_taskflow_api_virtualenv to None, run_after=None
[2025-05-07T19:23:35.606+0000] {processor.py:183} INFO - Processing /home/airflow/.local/lib/python3.8/site-packages/airflow/example_dags/tutorial_taskflow_api_virtualenv.py took 0.088 seconds
[2025-05-07T19:24:06.148+0000] {processor.py:161} INFO - Started process (PID=329) to work on /home/airflow/.local/lib/python3.8/site-packages/airflow/example_dags/tutorial_taskflow_api_virtualenv.py
[2025-05-07T19:24:06.150+0000] {processor.py:830} INFO - Processing file /home/airflow/.local/lib/python3.8/site-packages/airflow/example_dags/tutorial_taskflow_api_virtualenv.py for tasks to queue
[2025-05-07T19:24:06.154+0000] {logging_mixin.py:188} INFO - [2025-05-07T19:24:06.153+0000] {dagbag.py:538} INFO - Filling up the DagBag from /home/airflow/.local/lib/python3.8/site-packages/airflow/example_dags/tutorial_taskflow_api_virtualenv.py
[2025-05-07T19:24:06.173+0000] {processor.py:840} INFO - DAG(s) 'tutorial_taskflow_api_virtualenv' retrieved from /home/airflow/.local/lib/python3.8/site-packages/airflow/example_dags/tutorial_taskflow_api_virtualenv.py
[2025-05-07T19:24:06.201+0000] {logging_mixin.py:188} INFO - [2025-05-07T19:24:06.200+0000] {dag.py:3036} INFO - Sync 1 DAGs
[2025-05-07T19:24:06.216+0000] {logging_mixin.py:188} INFO - [2025-05-07T19:24:06.216+0000] {dag.py:3823} INFO - Setting next_dagrun for tutorial_taskflow_api_virtualenv to None, run_after=None
[2025-05-07T19:24:06.252+0000] {processor.py:183} INFO - Processing /home/airflow/.local/lib/python3.8/site-packages/airflow/example_dags/tutorial_taskflow_api_virtualenv.py took 0.108 seconds
[2025-05-07T19:24:36.858+0000] {processor.py:161} INFO - Started process (PID=392) to work on /home/airflow/.local/lib/python3.8/site-packages/airflow/example_dags/tutorial_taskflow_api_virtualenv.py
[2025-05-07T19:24:36.859+0000] {processor.py:830} INFO - Processing file /home/airflow/.local/lib/python3.8/site-packages/airflow/example_dags/tutorial_taskflow_api_virtualenv.py for tasks to queue
[2025-05-07T19:24:36.862+0000] {logging_mixin.py:188} INFO - [2025-05-07T19:24:36.862+0000] {dagbag.py:538} INFO - Filling up the DagBag from /home/airflow/.local/lib/python3.8/site-packages/airflow/example_dags/tutorial_taskflow_api_virtualenv.py
[2025-05-07T19:24:36.875+0000] {processor.py:840} INFO - DAG(s) 'tutorial_taskflow_api_virtualenv' retrieved from /home/airflow/.local/lib/python3.8/site-packages/airflow/example_dags/tutorial_taskflow_api_virtualenv.py
[2025-05-07T19:24:36.898+0000] {logging_mixin.py:188} INFO - [2025-05-07T19:24:36.897+0000] {dag.py:3036} INFO - Sync 1 DAGs
[2025-05-07T19:24:36.920+0000] {logging_mixin.py:188} INFO - [2025-05-07T19:24:36.919+0000] {dag.py:3823} INFO - Setting next_dagrun for tutorial_taskflow_api_virtualenv to None, run_after=None
[2025-05-07T19:24:36.946+0000] {processor.py:183} INFO - Processing /home/airflow/.local/lib/python3.8/site-packages/airflow/example_dags/tutorial_taskflow_api_virtualenv.py took 0.091 seconds
[2025-05-07T19:25:07.286+0000] {processor.py:161} INFO - Started process (PID=449) to work on /home/airflow/.local/lib/python3.8/site-packages/airflow/example_dags/tutorial_taskflow_api_virtualenv.py
[2025-05-07T19:25:07.287+0000] {processor.py:830} INFO - Processing file /home/airflow/.local/lib/python3.8/site-packages/airflow/example_dags/tutorial_taskflow_api_virtualenv.py for tasks to queue
[2025-05-07T19:25:07.291+0000] {logging_mixin.py:188} INFO - [2025-05-07T19:25:07.290+0000] {dagbag.py:538} INFO - Filling up the DagBag from /home/airflow/.local/lib/python3.8/site-packages/airflow/example_dags/tutorial_taskflow_api_virtualenv.py
[2025-05-07T19:25:07.303+0000] {processor.py:840} INFO - DAG(s) 'tutorial_taskflow_api_virtualenv' retrieved from /home/airflow/.local/lib/python3.8/site-packages/airflow/example_dags/tutorial_taskflow_api_virtualenv.py
[2025-05-07T19:25:07.333+0000] {logging_mixin.py:188} INFO - [2025-05-07T19:25:07.332+0000] {dag.py:3036} INFO - Sync 1 DAGs
[2025-05-07T19:25:07.351+0000] {logging_mixin.py:188} INFO - [2025-05-07T19:25:07.351+0000] {dag.py:3823} INFO - Setting next_dagrun for tutorial_taskflow_api_virtualenv to None, run_after=None
[2025-05-07T19:25:07.379+0000] {processor.py:183} INFO - Processing /home/airflow/.local/lib/python3.8/site-packages/airflow/example_dags/tutorial_taskflow_api_virtualenv.py took 0.097 seconds
[2025-05-07T19:25:38.213+0000] {processor.py:161} INFO - Started process (PID=506) to work on /home/airflow/.local/lib/python3.8/site-packages/airflow/example_dags/tutorial_taskflow_api_virtualenv.py
[2025-05-07T19:25:38.215+0000] {processor.py:830} INFO - Processing file /home/airflow/.local/lib/python3.8/site-packages/airflow/example_dags/tutorial_taskflow_api_virtualenv.py for tasks to queue
[2025-05-07T19:25:38.221+0000] {logging_mixin.py:188} INFO - [2025-05-07T19:25:38.221+0000] {dagbag.py:538} INFO - Filling up the DagBag from /home/airflow/.local/lib/python3.8/site-packages/airflow/example_dags/tutorial_taskflow_api_virtualenv.py
[2025-05-07T19:25:38.233+0000] {processor.py:840} INFO - DAG(s) 'tutorial_taskflow_api_virtualenv' retrieved from /home/airflow/.local/lib/python3.8/site-packages/airflow/example_dags/tutorial_taskflow_api_virtualenv.py
[2025-05-07T19:25:38.254+0000] {logging_mixin.py:188} INFO - [2025-05-07T19:25:38.253+0000] {dag.py:3036} INFO - Sync 1 DAGs
[2025-05-07T19:25:38.267+0000] {logging_mixin.py:188} INFO - [2025-05-07T19:25:38.267+0000] {dag.py:3823} INFO - Setting next_dagrun for tutorial_taskflow_api_virtualenv to None, run_after=None
[2025-05-07T19:25:38.295+0000] {processor.py:183} INFO - Processing /home/airflow/.local/lib/python3.8/site-packages/airflow/example_dags/tutorial_taskflow_api_virtualenv.py took 0.085 seconds
[2025-05-07T19:26:08.368+0000] {processor.py:161} INFO - Started process (PID=567) to work on /home/airflow/.local/lib/python3.8/site-packages/airflow/example_dags/tutorial_taskflow_api_virtualenv.py
[2025-05-07T19:26:08.369+0000] {processor.py:830} INFO - Processing file /home/airflow/.local/lib/python3.8/site-packages/airflow/example_dags/tutorial_taskflow_api_virtualenv.py for tasks to queue
[2025-05-07T19:26:08.372+0000] {logging_mixin.py:188} INFO - [2025-05-07T19:26:08.372+0000] {dagbag.py:538} INFO - Filling up the DagBag from /home/airflow/.local/lib/python3.8/site-packages/airflow/example_dags/tutorial_taskflow_api_virtualenv.py
[2025-05-07T19:26:08.383+0000] {processor.py:840} INFO - DAG(s) 'tutorial_taskflow_api_virtualenv' retrieved from /home/airflow/.local/lib/python3.8/site-packages/airflow/example_dags/tutorial_taskflow_api_virtualenv.py
[2025-05-07T19:26:08.405+0000] {logging_mixin.py:188} INFO - [2025-05-07T19:26:08.405+0000] {dag.py:3036} INFO - Sync 1 DAGs
[2025-05-07T19:26:08.419+0000] {logging_mixin.py:188} INFO - [2025-05-07T19:26:08.418+0000] {dag.py:3823} INFO - Setting next_dagrun for tutorial_taskflow_api_virtualenv to None, run_after=None
[2025-05-07T19:26:08.446+0000] {processor.py:183} INFO - Processing /home/airflow/.local/lib/python3.8/site-packages/airflow/example_dags/tutorial_taskflow_api_virtualenv.py took 0.081 seconds
[2025-05-07T19:26:39.669+0000] {processor.py:161} INFO - Started process (PID=631) to work on /home/airflow/.local/lib/python3.8/site-packages/airflow/example_dags/tutorial_taskflow_api_virtualenv.py
[2025-05-07T19:26:39.672+0000] {processor.py:830} INFO - Processing file /home/airflow/.local/lib/python3.8/site-packages/airflow/example_dags/tutorial_taskflow_api_virtualenv.py for tasks to queue
[2025-05-07T19:26:39.675+0000] {logging_mixin.py:188} INFO - [2025-05-07T19:26:39.674+0000] {dagbag.py:538} INFO - Filling up the DagBag from /home/airflow/.local/lib/python3.8/site-packages/airflow/example_dags/tutorial_taskflow_api_virtualenv.py
[2025-05-07T19:26:39.687+0000] {processor.py:840} INFO - DAG(s) 'tutorial_taskflow_api_virtualenv' retrieved from /home/airflow/.local/lib/python3.8/site-packages/airflow/example_dags/tutorial_taskflow_api_virtualenv.py
[2025-05-07T19:26:39.714+0000] {logging_mixin.py:188} INFO - [2025-05-07T19:26:39.714+0000] {dag.py:3036} INFO - Sync 1 DAGs
[2025-05-07T19:26:39.727+0000] {logging_mixin.py:188} INFO - [2025-05-07T19:26:39.727+0000] {dag.py:3823} INFO - Setting next_dagrun for tutorial_taskflow_api_virtualenv to None, run_after=None
[2025-05-07T19:26:39.747+0000] {processor.py:183} INFO - Processing /home/airflow/.local/lib/python3.8/site-packages/airflow/example_dags/tutorial_taskflow_api_virtualenv.py took 0.082 seconds
[2025-05-07T19:27:09.941+0000] {processor.py:161} INFO - Started process (PID=689) to work on /home/airflow/.local/lib/python3.8/site-packages/airflow/example_dags/tutorial_taskflow_api_virtualenv.py
[2025-05-07T19:27:09.943+0000] {processor.py:830} INFO - Processing file /home/airflow/.local/lib/python3.8/site-packages/airflow/example_dags/tutorial_taskflow_api_virtualenv.py for tasks to queue
[2025-05-07T19:27:09.945+0000] {logging_mixin.py:188} INFO - [2025-05-07T19:27:09.945+0000] {dagbag.py:538} INFO - Filling up the DagBag from /home/airflow/.local/lib/python3.8/site-packages/airflow/example_dags/tutorial_taskflow_api_virtualenv.py
[2025-05-07T19:27:09.957+0000] {processor.py:840} INFO - DAG(s) 'tutorial_taskflow_api_virtualenv' retrieved from /home/airflow/.local/lib/python3.8/site-packages/airflow/example_dags/tutorial_taskflow_api_virtualenv.py
[2025-05-07T19:27:09.981+0000] {logging_mixin.py:188} INFO - [2025-05-07T19:27:09.980+0000] {dag.py:3036} INFO - Sync 1 DAGs
[2025-05-07T19:27:09.996+0000] {logging_mixin.py:188} INFO - [2025-05-07T19:27:09.996+0000] {dag.py:3823} INFO - Setting next_dagrun for tutorial_taskflow_api_virtualenv to None, run_after=None
[2025-05-07T19:27:10.023+0000] {processor.py:183} INFO - Processing /home/airflow/.local/lib/python3.8/site-packages/airflow/example_dags/tutorial_taskflow_api_virtualenv.py took 0.086 seconds
[2025-05-07T19:27:40.575+0000] {processor.py:161} INFO - Started process (PID=746) to work on /home/airflow/.local/lib/python3.8/site-packages/airflow/example_dags/tutorial_taskflow_api_virtualenv.py
[2025-05-07T19:27:40.576+0000] {processor.py:830} INFO - Processing file /home/airflow/.local/lib/python3.8/site-packages/airflow/example_dags/tutorial_taskflow_api_virtualenv.py for tasks to queue
[2025-05-07T19:27:40.579+0000] {logging_mixin.py:188} INFO - [2025-05-07T19:27:40.578+0000] {dagbag.py:538} INFO - Filling up the DagBag from /home/airflow/.local/lib/python3.8/site-packages/airflow/example_dags/tutorial_taskflow_api_virtualenv.py
[2025-05-07T19:27:40.590+0000] {processor.py:840} INFO - DAG(s) 'tutorial_taskflow_api_virtualenv' retrieved from /home/airflow/.local/lib/python3.8/site-packages/airflow/example_dags/tutorial_taskflow_api_virtualenv.py
[2025-05-07T19:27:40.615+0000] {logging_mixin.py:188} INFO - [2025-05-07T19:27:40.615+0000] {dag.py:3036} INFO - Sync 1 DAGs
[2025-05-07T19:27:40.628+0000] {logging_mixin.py:188} INFO - [2025-05-07T19:27:40.628+0000] {dag.py:3823} INFO - Setting next_dagrun for tutorial_taskflow_api_virtualenv to None, run_after=None
[2025-05-07T19:27:40.649+0000] {processor.py:183} INFO - Processing /home/airflow/.local/lib/python3.8/site-packages/airflow/example_dags/tutorial_taskflow_api_virtualenv.py took 0.077 seconds
[2025-05-07T19:28:11.381+0000] {processor.py:161} INFO - Started process (PID=803) to work on /home/airflow/.local/lib/python3.8/site-packages/airflow/example_dags/tutorial_taskflow_api_virtualenv.py
[2025-05-07T19:28:11.383+0000] {processor.py:830} INFO - Processing file /home/airflow/.local/lib/python3.8/site-packages/airflow/example_dags/tutorial_taskflow_api_virtualenv.py for tasks to queue
[2025-05-07T19:28:11.385+0000] {logging_mixin.py:188} INFO - [2025-05-07T19:28:11.385+0000] {dagbag.py:538} INFO - Filling up the DagBag from /home/airflow/.local/lib/python3.8/site-packages/airflow/example_dags/tutorial_taskflow_api_virtualenv.py
[2025-05-07T19:28:11.396+0000] {processor.py:840} INFO - DAG(s) 'tutorial_taskflow_api_virtualenv' retrieved from /home/airflow/.local/lib/python3.8/site-packages/airflow/example_dags/tutorial_taskflow_api_virtualenv.py
[2025-05-07T19:28:11.417+0000] {logging_mixin.py:188} INFO - [2025-05-07T19:28:11.417+0000] {dag.py:3036} INFO - Sync 1 DAGs
[2025-05-07T19:28:11.430+0000] {logging_mixin.py:188} INFO - [2025-05-07T19:28:11.430+0000] {dag.py:3823} INFO - Setting next_dagrun for tutorial_taskflow_api_virtualenv to None, run_after=None
[2025-05-07T19:28:11.449+0000] {processor.py:183} INFO - Processing /home/airflow/.local/lib/python3.8/site-packages/airflow/example_dags/tutorial_taskflow_api_virtualenv.py took 0.071 seconds
[2025-05-07T19:28:41.678+0000] {processor.py:161} INFO - Started process (PID=860) to work on /home/airflow/.local/lib/python3.8/site-packages/airflow/example_dags/tutorial_taskflow_api_virtualenv.py
[2025-05-07T19:28:41.680+0000] {processor.py:830} INFO - Processing file /home/airflow/.local/lib/python3.8/site-packages/airflow/example_dags/tutorial_taskflow_api_virtualenv.py for tasks to queue
[2025-05-07T19:28:41.684+0000] {logging_mixin.py:188} INFO - [2025-05-07T19:28:41.683+0000] {dagbag.py:538} INFO - Filling up the DagBag from /home/airflow/.local/lib/python3.8/site-packages/airflow/example_dags/tutorial_taskflow_api_virtualenv.py
[2025-05-07T19:28:41.699+0000] {processor.py:840} INFO - DAG(s) 'tutorial_taskflow_api_virtualenv' retrieved from /home/airflow/.local/lib/python3.8/site-packages/airflow/example_dags/tutorial_taskflow_api_virtualenv.py
[2025-05-07T19:28:41.730+0000] {logging_mixin.py:188} INFO - [2025-05-07T19:28:41.730+0000] {dag.py:3036} INFO - Sync 1 DAGs
[2025-05-07T19:28:41.752+0000] {logging_mixin.py:188} INFO - [2025-05-07T19:28:41.752+0000] {dag.py:3823} INFO - Setting next_dagrun for tutorial_taskflow_api_virtualenv to None, run_after=None
[2025-05-07T19:28:41.779+0000] {processor.py:183} INFO - Processing /home/airflow/.local/lib/python3.8/site-packages/airflow/example_dags/tutorial_taskflow_api_virtualenv.py took 0.107 seconds
[2025-05-07T19:29:12.275+0000] {processor.py:161} INFO - Started process (PID=917) to work on /home/airflow/.local/lib/python3.8/site-packages/airflow/example_dags/tutorial_taskflow_api_virtualenv.py
[2025-05-07T19:29:12.276+0000] {processor.py:830} INFO - Processing file /home/airflow/.local/lib/python3.8/site-packages/airflow/example_dags/tutorial_taskflow_api_virtualenv.py for tasks to queue
[2025-05-07T19:29:12.278+0000] {logging_mixin.py:188} INFO - [2025-05-07T19:29:12.278+0000] {dagbag.py:538} INFO - Filling up the DagBag from /home/airflow/.local/lib/python3.8/site-packages/airflow/example_dags/tutorial_taskflow_api_virtualenv.py
[2025-05-07T19:29:12.291+0000] {processor.py:840} INFO - DAG(s) 'tutorial_taskflow_api_virtualenv' retrieved from /home/airflow/.local/lib/python3.8/site-packages/airflow/example_dags/tutorial_taskflow_api_virtualenv.py
[2025-05-07T19:29:12.314+0000] {logging_mixin.py:188} INFO - [2025-05-07T19:29:12.313+0000] {dag.py:3036} INFO - Sync 1 DAGs
[2025-05-07T19:29:12.326+0000] {logging_mixin.py:188} INFO - [2025-05-07T19:29:12.326+0000] {dag.py:3823} INFO - Setting next_dagrun for tutorial_taskflow_api_virtualenv to None, run_after=None
[2025-05-07T19:29:12.347+0000] {processor.py:183} INFO - Processing /home/airflow/.local/lib/python3.8/site-packages/airflow/example_dags/tutorial_taskflow_api_virtualenv.py took 0.076 seconds
[2025-05-07T19:29:42.476+0000] {processor.py:161} INFO - Started process (PID=974) to work on /home/airflow/.local/lib/python3.8/site-packages/airflow/example_dags/tutorial_taskflow_api_virtualenv.py
[2025-05-07T19:29:42.485+0000] {processor.py:830} INFO - Processing file /home/airflow/.local/lib/python3.8/site-packages/airflow/example_dags/tutorial_taskflow_api_virtualenv.py for tasks to queue
[2025-05-07T19:29:42.487+0000] {logging_mixin.py:188} INFO - [2025-05-07T19:29:42.486+0000] {dagbag.py:538} INFO - Filling up the DagBag from /home/airflow/.local/lib/python3.8/site-packages/airflow/example_dags/tutorial_taskflow_api_virtualenv.py
[2025-05-07T19:29:42.496+0000] {processor.py:840} INFO - DAG(s) 'tutorial_taskflow_api_virtualenv' retrieved from /home/airflow/.local/lib/python3.8/site-packages/airflow/example_dags/tutorial_taskflow_api_virtualenv.py
[2025-05-07T19:29:42.514+0000] {logging_mixin.py:188} INFO - [2025-05-07T19:29:42.513+0000] {dag.py:3036} INFO - Sync 1 DAGs
[2025-05-07T19:29:42.525+0000] {logging_mixin.py:188} INFO - [2025-05-07T19:29:42.524+0000] {dag.py:3823} INFO - Setting next_dagrun for tutorial_taskflow_api_virtualenv to None, run_after=None
[2025-05-07T19:29:42.545+0000] {processor.py:183} INFO - Processing /home/airflow/.local/lib/python3.8/site-packages/airflow/example_dags/tutorial_taskflow_api_virtualenv.py took 0.072 seconds
[2025-05-07T19:33:17.610+0000] {processor.py:161} INFO - Started process (PID=91) to work on /home/airflow/.local/lib/python3.8/site-packages/airflow/example_dags/tutorial_taskflow_api_virtualenv.py
[2025-05-07T19:33:17.612+0000] {processor.py:830} INFO - Processing file /home/airflow/.local/lib/python3.8/site-packages/airflow/example_dags/tutorial_taskflow_api_virtualenv.py for tasks to queue
[2025-05-07T19:33:17.614+0000] {logging_mixin.py:188} INFO - [2025-05-07T19:33:17.614+0000] {dagbag.py:538} INFO - Filling up the DagBag from /home/airflow/.local/lib/python3.8/site-packages/airflow/example_dags/tutorial_taskflow_api_virtualenv.py
[2025-05-07T19:33:17.628+0000] {processor.py:840} INFO - DAG(s) 'tutorial_taskflow_api_virtualenv' retrieved from /home/airflow/.local/lib/python3.8/site-packages/airflow/example_dags/tutorial_taskflow_api_virtualenv.py
[2025-05-07T19:33:17.643+0000] {logging_mixin.py:188} INFO - [2025-05-07T19:33:17.642+0000] {dag.py:3036} INFO - Sync 1 DAGs
[2025-05-07T19:33:17.660+0000] {logging_mixin.py:188} INFO - [2025-05-07T19:33:17.659+0000] {dag.py:3823} INFO - Setting next_dagrun for tutorial_taskflow_api_virtualenv to None, run_after=None
[2025-05-07T19:33:17.680+0000] {processor.py:183} INFO - Processing /home/airflow/.local/lib/python3.8/site-packages/airflow/example_dags/tutorial_taskflow_api_virtualenv.py took 0.075 seconds
[2025-05-07T19:33:49.844+0000] {processor.py:161} INFO - Started process (PID=148) to work on /home/airflow/.local/lib/python3.8/site-packages/airflow/example_dags/tutorial_taskflow_api_virtualenv.py
[2025-05-07T19:33:49.846+0000] {processor.py:830} INFO - Processing file /home/airflow/.local/lib/python3.8/site-packages/airflow/example_dags/tutorial_taskflow_api_virtualenv.py for tasks to queue
[2025-05-07T19:33:49.849+0000] {logging_mixin.py:188} INFO - [2025-05-07T19:33:49.849+0000] {dagbag.py:538} INFO - Filling up the DagBag from /home/airflow/.local/lib/python3.8/site-packages/airflow/example_dags/tutorial_taskflow_api_virtualenv.py
[2025-05-07T19:33:49.863+0000] {processor.py:840} INFO - DAG(s) 'tutorial_taskflow_api_virtualenv' retrieved from /home/airflow/.local/lib/python3.8/site-packages/airflow/example_dags/tutorial_taskflow_api_virtualenv.py
[2025-05-07T19:33:49.982+0000] {logging_mixin.py:188} INFO - [2025-05-07T19:33:49.982+0000] {dag.py:3036} INFO - Sync 1 DAGs
[2025-05-07T19:33:49.998+0000] {logging_mixin.py:188} INFO - [2025-05-07T19:33:49.997+0000] {dag.py:3823} INFO - Setting next_dagrun for tutorial_taskflow_api_virtualenv to None, run_after=None
[2025-05-07T19:33:50.029+0000] {processor.py:183} INFO - Processing /home/airflow/.local/lib/python3.8/site-packages/airflow/example_dags/tutorial_taskflow_api_virtualenv.py took 0.188 seconds
[2025-05-07T19:34:20.332+0000] {processor.py:161} INFO - Started process (PID=205) to work on /home/airflow/.local/lib/python3.8/site-packages/airflow/example_dags/tutorial_taskflow_api_virtualenv.py
[2025-05-07T19:34:20.333+0000] {processor.py:830} INFO - Processing file /home/airflow/.local/lib/python3.8/site-packages/airflow/example_dags/tutorial_taskflow_api_virtualenv.py for tasks to queue
[2025-05-07T19:34:20.336+0000] {logging_mixin.py:188} INFO - [2025-05-07T19:34:20.335+0000] {dagbag.py:538} INFO - Filling up the DagBag from /home/airflow/.local/lib/python3.8/site-packages/airflow/example_dags/tutorial_taskflow_api_virtualenv.py
[2025-05-07T19:34:20.346+0000] {processor.py:840} INFO - DAG(s) 'tutorial_taskflow_api_virtualenv' retrieved from /home/airflow/.local/lib/python3.8/site-packages/airflow/example_dags/tutorial_taskflow_api_virtualenv.py
[2025-05-07T19:34:20.367+0000] {logging_mixin.py:188} INFO - [2025-05-07T19:34:20.366+0000] {dag.py:3036} INFO - Sync 1 DAGs
[2025-05-07T19:34:20.379+0000] {logging_mixin.py:188} INFO - [2025-05-07T19:34:20.379+0000] {dag.py:3823} INFO - Setting next_dagrun for tutorial_taskflow_api_virtualenv to None, run_after=None
[2025-05-07T19:34:20.399+0000] {processor.py:183} INFO - Processing /home/airflow/.local/lib/python3.8/site-packages/airflow/example_dags/tutorial_taskflow_api_virtualenv.py took 0.071 seconds
[2025-05-07T19:34:50.726+0000] {processor.py:161} INFO - Started process (PID=262) to work on /home/airflow/.local/lib/python3.8/site-packages/airflow/example_dags/tutorial_taskflow_api_virtualenv.py
[2025-05-07T19:34:50.727+0000] {processor.py:830} INFO - Processing file /home/airflow/.local/lib/python3.8/site-packages/airflow/example_dags/tutorial_taskflow_api_virtualenv.py for tasks to queue
[2025-05-07T19:34:50.730+0000] {logging_mixin.py:188} INFO - [2025-05-07T19:34:50.729+0000] {dagbag.py:538} INFO - Filling up the DagBag from /home/airflow/.local/lib/python3.8/site-packages/airflow/example_dags/tutorial_taskflow_api_virtualenv.py
[2025-05-07T19:34:50.741+0000] {processor.py:840} INFO - DAG(s) 'tutorial_taskflow_api_virtualenv' retrieved from /home/airflow/.local/lib/python3.8/site-packages/airflow/example_dags/tutorial_taskflow_api_virtualenv.py
[2025-05-07T19:34:50.764+0000] {logging_mixin.py:188} INFO - [2025-05-07T19:34:50.764+0000] {dag.py:3036} INFO - Sync 1 DAGs
[2025-05-07T19:34:50.778+0000] {logging_mixin.py:188} INFO - [2025-05-07T19:34:50.777+0000] {dag.py:3823} INFO - Setting next_dagrun for tutorial_taskflow_api_virtualenv to None, run_after=None
[2025-05-07T19:34:50.802+0000] {processor.py:183} INFO - Processing /home/airflow/.local/lib/python3.8/site-packages/airflow/example_dags/tutorial_taskflow_api_virtualenv.py took 0.081 seconds
[2025-05-07T19:35:21.935+0000] {processor.py:161} INFO - Started process (PID=319) to work on /home/airflow/.local/lib/python3.8/site-packages/airflow/example_dags/tutorial_taskflow_api_virtualenv.py
[2025-05-07T19:35:21.937+0000] {processor.py:830} INFO - Processing file /home/airflow/.local/lib/python3.8/site-packages/airflow/example_dags/tutorial_taskflow_api_virtualenv.py for tasks to queue
[2025-05-07T19:35:21.939+0000] {logging_mixin.py:188} INFO - [2025-05-07T19:35:21.939+0000] {dagbag.py:538} INFO - Filling up the DagBag from /home/airflow/.local/lib/python3.8/site-packages/airflow/example_dags/tutorial_taskflow_api_virtualenv.py
[2025-05-07T19:35:21.950+0000] {processor.py:840} INFO - DAG(s) 'tutorial_taskflow_api_virtualenv' retrieved from /home/airflow/.local/lib/python3.8/site-packages/airflow/example_dags/tutorial_taskflow_api_virtualenv.py
[2025-05-07T19:35:21.972+0000] {logging_mixin.py:188} INFO - [2025-05-07T19:35:21.972+0000] {dag.py:3036} INFO - Sync 1 DAGs
[2025-05-07T19:35:21.986+0000] {logging_mixin.py:188} INFO - [2025-05-07T19:35:21.985+0000] {dag.py:3823} INFO - Setting next_dagrun for tutorial_taskflow_api_virtualenv to None, run_after=None
[2025-05-07T19:35:22.010+0000] {processor.py:183} INFO - Processing /home/airflow/.local/lib/python3.8/site-packages/airflow/example_dags/tutorial_taskflow_api_virtualenv.py took 0.078 seconds
[2025-05-07T19:35:52.872+0000] {processor.py:161} INFO - Started process (PID=376) to work on /home/airflow/.local/lib/python3.8/site-packages/airflow/example_dags/tutorial_taskflow_api_virtualenv.py
[2025-05-07T19:35:52.874+0000] {processor.py:830} INFO - Processing file /home/airflow/.local/lib/python3.8/site-packages/airflow/example_dags/tutorial_taskflow_api_virtualenv.py for tasks to queue
[2025-05-07T19:35:52.876+0000] {logging_mixin.py:188} INFO - [2025-05-07T19:35:52.876+0000] {dagbag.py:538} INFO - Filling up the DagBag from /home/airflow/.local/lib/python3.8/site-packages/airflow/example_dags/tutorial_taskflow_api_virtualenv.py
[2025-05-07T19:35:52.885+0000] {processor.py:840} INFO - DAG(s) 'tutorial_taskflow_api_virtualenv' retrieved from /home/airflow/.local/lib/python3.8/site-packages/airflow/example_dags/tutorial_taskflow_api_virtualenv.py
[2025-05-07T19:35:52.904+0000] {logging_mixin.py:188} INFO - [2025-05-07T19:35:52.904+0000] {dag.py:3036} INFO - Sync 1 DAGs
[2025-05-07T19:35:52.917+0000] {logging_mixin.py:188} INFO - [2025-05-07T19:35:52.917+0000] {dag.py:3823} INFO - Setting next_dagrun for tutorial_taskflow_api_virtualenv to None, run_after=None
[2025-05-07T19:35:52.936+0000] {processor.py:183} INFO - Processing /home/airflow/.local/lib/python3.8/site-packages/airflow/example_dags/tutorial_taskflow_api_virtualenv.py took 0.067 seconds
[2025-05-07T19:36:23.403+0000] {processor.py:161} INFO - Started process (PID=433) to work on /home/airflow/.local/lib/python3.8/site-packages/airflow/example_dags/tutorial_taskflow_api_virtualenv.py
[2025-05-07T19:36:23.404+0000] {processor.py:830} INFO - Processing file /home/airflow/.local/lib/python3.8/site-packages/airflow/example_dags/tutorial_taskflow_api_virtualenv.py for tasks to queue
[2025-05-07T19:36:23.406+0000] {logging_mixin.py:188} INFO - [2025-05-07T19:36:23.406+0000] {dagbag.py:538} INFO - Filling up the DagBag from /home/airflow/.local/lib/python3.8/site-packages/airflow/example_dags/tutorial_taskflow_api_virtualenv.py
[2025-05-07T19:36:23.416+0000] {processor.py:840} INFO - DAG(s) 'tutorial_taskflow_api_virtualenv' retrieved from /home/airflow/.local/lib/python3.8/site-packages/airflow/example_dags/tutorial_taskflow_api_virtualenv.py
[2025-05-07T19:36:23.435+0000] {logging_mixin.py:188} INFO - [2025-05-07T19:36:23.435+0000] {dag.py:3036} INFO - Sync 1 DAGs
[2025-05-07T19:36:23.447+0000] {logging_mixin.py:188} INFO - [2025-05-07T19:36:23.447+0000] {dag.py:3823} INFO - Setting next_dagrun for tutorial_taskflow_api_virtualenv to None, run_after=None
[2025-05-07T19:36:23.466+0000] {processor.py:183} INFO - Processing /home/airflow/.local/lib/python3.8/site-packages/airflow/example_dags/tutorial_taskflow_api_virtualenv.py took 0.066 seconds
[2025-05-07T19:36:53.899+0000] {processor.py:161} INFO - Started process (PID=490) to work on /home/airflow/.local/lib/python3.8/site-packages/airflow/example_dags/tutorial_taskflow_api_virtualenv.py
[2025-05-07T19:36:53.901+0000] {processor.py:830} INFO - Processing file /home/airflow/.local/lib/python3.8/site-packages/airflow/example_dags/tutorial_taskflow_api_virtualenv.py for tasks to queue
[2025-05-07T19:36:53.903+0000] {logging_mixin.py:188} INFO - [2025-05-07T19:36:53.903+0000] {dagbag.py:538} INFO - Filling up the DagBag from /home/airflow/.local/lib/python3.8/site-packages/airflow/example_dags/tutorial_taskflow_api_virtualenv.py
[2025-05-07T19:36:53.914+0000] {processor.py:840} INFO - DAG(s) 'tutorial_taskflow_api_virtualenv' retrieved from /home/airflow/.local/lib/python3.8/site-packages/airflow/example_dags/tutorial_taskflow_api_virtualenv.py
[2025-05-07T19:36:53.936+0000] {logging_mixin.py:188} INFO - [2025-05-07T19:36:53.936+0000] {dag.py:3036} INFO - Sync 1 DAGs
[2025-05-07T19:36:53.951+0000] {logging_mixin.py:188} INFO - [2025-05-07T19:36:53.950+0000] {dag.py:3823} INFO - Setting next_dagrun for tutorial_taskflow_api_virtualenv to None, run_after=None
[2025-05-07T19:36:53.980+0000] {processor.py:183} INFO - Processing /home/airflow/.local/lib/python3.8/site-packages/airflow/example_dags/tutorial_taskflow_api_virtualenv.py took 0.084 seconds
[2025-05-07T19:37:24.336+0000] {processor.py:161} INFO - Started process (PID=547) to work on /home/airflow/.local/lib/python3.8/site-packages/airflow/example_dags/tutorial_taskflow_api_virtualenv.py
[2025-05-07T19:37:24.338+0000] {processor.py:830} INFO - Processing file /home/airflow/.local/lib/python3.8/site-packages/airflow/example_dags/tutorial_taskflow_api_virtualenv.py for tasks to queue
[2025-05-07T19:37:24.340+0000] {logging_mixin.py:188} INFO - [2025-05-07T19:37:24.340+0000] {dagbag.py:538} INFO - Filling up the DagBag from /home/airflow/.local/lib/python3.8/site-packages/airflow/example_dags/tutorial_taskflow_api_virtualenv.py
[2025-05-07T19:37:24.351+0000] {processor.py:840} INFO - DAG(s) 'tutorial_taskflow_api_virtualenv' retrieved from /home/airflow/.local/lib/python3.8/site-packages/airflow/example_dags/tutorial_taskflow_api_virtualenv.py
[2025-05-07T19:37:24.371+0000] {logging_mixin.py:188} INFO - [2025-05-07T19:37:24.371+0000] {dag.py:3036} INFO - Sync 1 DAGs
[2025-05-07T19:37:24.383+0000] {logging_mixin.py:188} INFO - [2025-05-07T19:37:24.383+0000] {dag.py:3823} INFO - Setting next_dagrun for tutorial_taskflow_api_virtualenv to None, run_after=None
[2025-05-07T19:37:24.403+0000] {processor.py:183} INFO - Processing /home/airflow/.local/lib/python3.8/site-packages/airflow/example_dags/tutorial_taskflow_api_virtualenv.py took 0.071 seconds
[2025-05-07T19:37:54.531+0000] {processor.py:161} INFO - Started process (PID=604) to work on /home/airflow/.local/lib/python3.8/site-packages/airflow/example_dags/tutorial_taskflow_api_virtualenv.py
[2025-05-07T19:37:54.532+0000] {processor.py:830} INFO - Processing file /home/airflow/.local/lib/python3.8/site-packages/airflow/example_dags/tutorial_taskflow_api_virtualenv.py for tasks to queue
[2025-05-07T19:37:54.534+0000] {logging_mixin.py:188} INFO - [2025-05-07T19:37:54.534+0000] {dagbag.py:538} INFO - Filling up the DagBag from /home/airflow/.local/lib/python3.8/site-packages/airflow/example_dags/tutorial_taskflow_api_virtualenv.py
[2025-05-07T19:37:54.544+0000] {processor.py:840} INFO - DAG(s) 'tutorial_taskflow_api_virtualenv' retrieved from /home/airflow/.local/lib/python3.8/site-packages/airflow/example_dags/tutorial_taskflow_api_virtualenv.py
[2025-05-07T19:37:54.564+0000] {logging_mixin.py:188} INFO - [2025-05-07T19:37:54.564+0000] {dag.py:3036} INFO - Sync 1 DAGs
[2025-05-07T19:37:54.576+0000] {logging_mixin.py:188} INFO - [2025-05-07T19:37:54.576+0000] {dag.py:3823} INFO - Setting next_dagrun for tutorial_taskflow_api_virtualenv to None, run_after=None
[2025-05-07T19:37:54.595+0000] {processor.py:183} INFO - Processing /home/airflow/.local/lib/python3.8/site-packages/airflow/example_dags/tutorial_taskflow_api_virtualenv.py took 0.068 seconds
[2025-05-07T19:38:25.297+0000] {processor.py:161} INFO - Started process (PID=661) to work on /home/airflow/.local/lib/python3.8/site-packages/airflow/example_dags/tutorial_taskflow_api_virtualenv.py
[2025-05-07T19:38:25.299+0000] {processor.py:830} INFO - Processing file /home/airflow/.local/lib/python3.8/site-packages/airflow/example_dags/tutorial_taskflow_api_virtualenv.py for tasks to queue
[2025-05-07T19:38:25.301+0000] {logging_mixin.py:188} INFO - [2025-05-07T19:38:25.301+0000] {dagbag.py:538} INFO - Filling up the DagBag from /home/airflow/.local/lib/python3.8/site-packages/airflow/example_dags/tutorial_taskflow_api_virtualenv.py
[2025-05-07T19:38:25.312+0000] {processor.py:840} INFO - DAG(s) 'tutorial_taskflow_api_virtualenv' retrieved from /home/airflow/.local/lib/python3.8/site-packages/airflow/example_dags/tutorial_taskflow_api_virtualenv.py
[2025-05-07T19:38:25.338+0000] {logging_mixin.py:188} INFO - [2025-05-07T19:38:25.338+0000] {dag.py:3036} INFO - Sync 1 DAGs
[2025-05-07T19:38:25.354+0000] {logging_mixin.py:188} INFO - [2025-05-07T19:38:25.354+0000] {dag.py:3823} INFO - Setting next_dagrun for tutorial_taskflow_api_virtualenv to None, run_after=None
[2025-05-07T19:38:25.383+0000] {processor.py:183} INFO - Processing /home/airflow/.local/lib/python3.8/site-packages/airflow/example_dags/tutorial_taskflow_api_virtualenv.py took 0.089 seconds
[2025-05-07T19:38:55.798+0000] {processor.py:161} INFO - Started process (PID=718) to work on /home/airflow/.local/lib/python3.8/site-packages/airflow/example_dags/tutorial_taskflow_api_virtualenv.py
[2025-05-07T19:38:55.800+0000] {processor.py:830} INFO - Processing file /home/airflow/.local/lib/python3.8/site-packages/airflow/example_dags/tutorial_taskflow_api_virtualenv.py for tasks to queue
[2025-05-07T19:38:55.802+0000] {logging_mixin.py:188} INFO - [2025-05-07T19:38:55.802+0000] {dagbag.py:538} INFO - Filling up the DagBag from /home/airflow/.local/lib/python3.8/site-packages/airflow/example_dags/tutorial_taskflow_api_virtualenv.py
[2025-05-07T19:38:55.813+0000] {processor.py:840} INFO - DAG(s) 'tutorial_taskflow_api_virtualenv' retrieved from /home/airflow/.local/lib/python3.8/site-packages/airflow/example_dags/tutorial_taskflow_api_virtualenv.py
[2025-05-07T19:38:55.832+0000] {logging_mixin.py:188} INFO - [2025-05-07T19:38:55.832+0000] {dag.py:3036} INFO - Sync 1 DAGs
[2025-05-07T19:38:55.844+0000] {logging_mixin.py:188} INFO - [2025-05-07T19:38:55.843+0000] {dag.py:3823} INFO - Setting next_dagrun for tutorial_taskflow_api_virtualenv to None, run_after=None
[2025-05-07T19:38:55.864+0000] {processor.py:183} INFO - Processing /home/airflow/.local/lib/python3.8/site-packages/airflow/example_dags/tutorial_taskflow_api_virtualenv.py took 0.069 seconds
[2025-05-07T19:39:26.413+0000] {processor.py:161} INFO - Started process (PID=775) to work on /home/airflow/.local/lib/python3.8/site-packages/airflow/example_dags/tutorial_taskflow_api_virtualenv.py
[2025-05-07T19:39:26.414+0000] {processor.py:830} INFO - Processing file /home/airflow/.local/lib/python3.8/site-packages/airflow/example_dags/tutorial_taskflow_api_virtualenv.py for tasks to queue
[2025-05-07T19:39:26.417+0000] {logging_mixin.py:188} INFO - [2025-05-07T19:39:26.417+0000] {dagbag.py:538} INFO - Filling up the DagBag from /home/airflow/.local/lib/python3.8/site-packages/airflow/example_dags/tutorial_taskflow_api_virtualenv.py
[2025-05-07T19:39:26.428+0000] {processor.py:840} INFO - DAG(s) 'tutorial_taskflow_api_virtualenv' retrieved from /home/airflow/.local/lib/python3.8/site-packages/airflow/example_dags/tutorial_taskflow_api_virtualenv.py
[2025-05-07T19:39:26.450+0000] {logging_mixin.py:188} INFO - [2025-05-07T19:39:26.449+0000] {dag.py:3036} INFO - Sync 1 DAGs
[2025-05-07T19:39:26.462+0000] {logging_mixin.py:188} INFO - [2025-05-07T19:39:26.462+0000] {dag.py:3823} INFO - Setting next_dagrun for tutorial_taskflow_api_virtualenv to None, run_after=None
[2025-05-07T19:39:26.486+0000] {processor.py:183} INFO - Processing /home/airflow/.local/lib/python3.8/site-packages/airflow/example_dags/tutorial_taskflow_api_virtualenv.py took 0.077 seconds
[2025-05-07T19:39:56.818+0000] {processor.py:161} INFO - Started process (PID=832) to work on /home/airflow/.local/lib/python3.8/site-packages/airflow/example_dags/tutorial_taskflow_api_virtualenv.py
[2025-05-07T19:39:56.820+0000] {processor.py:830} INFO - Processing file /home/airflow/.local/lib/python3.8/site-packages/airflow/example_dags/tutorial_taskflow_api_virtualenv.py for tasks to queue
[2025-05-07T19:39:56.825+0000] {logging_mixin.py:188} INFO - [2025-05-07T19:39:56.824+0000] {dagbag.py:538} INFO - Filling up the DagBag from /home/airflow/.local/lib/python3.8/site-packages/airflow/example_dags/tutorial_taskflow_api_virtualenv.py
[2025-05-07T19:39:56.839+0000] {processor.py:840} INFO - DAG(s) 'tutorial_taskflow_api_virtualenv' retrieved from /home/airflow/.local/lib/python3.8/site-packages/airflow/example_dags/tutorial_taskflow_api_virtualenv.py
[2025-05-07T19:39:56.874+0000] {logging_mixin.py:188} INFO - [2025-05-07T19:39:56.873+0000] {dag.py:3036} INFO - Sync 1 DAGs
[2025-05-07T19:39:56.888+0000] {logging_mixin.py:188} INFO - [2025-05-07T19:39:56.888+0000] {dag.py:3823} INFO - Setting next_dagrun for tutorial_taskflow_api_virtualenv to None, run_after=None
[2025-05-07T19:39:56.906+0000] {processor.py:183} INFO - Processing /home/airflow/.local/lib/python3.8/site-packages/airflow/example_dags/tutorial_taskflow_api_virtualenv.py took 0.094 seconds
[2025-05-07T19:40:27.782+0000] {processor.py:161} INFO - Started process (PID=889) to work on /home/airflow/.local/lib/python3.8/site-packages/airflow/example_dags/tutorial_taskflow_api_virtualenv.py
[2025-05-07T19:40:27.783+0000] {processor.py:830} INFO - Processing file /home/airflow/.local/lib/python3.8/site-packages/airflow/example_dags/tutorial_taskflow_api_virtualenv.py for tasks to queue
[2025-05-07T19:40:27.786+0000] {logging_mixin.py:188} INFO - [2025-05-07T19:40:27.785+0000] {dagbag.py:538} INFO - Filling up the DagBag from /home/airflow/.local/lib/python3.8/site-packages/airflow/example_dags/tutorial_taskflow_api_virtualenv.py
[2025-05-07T19:40:27.797+0000] {processor.py:840} INFO - DAG(s) 'tutorial_taskflow_api_virtualenv' retrieved from /home/airflow/.local/lib/python3.8/site-packages/airflow/example_dags/tutorial_taskflow_api_virtualenv.py
[2025-05-07T19:40:27.822+0000] {logging_mixin.py:188} INFO - [2025-05-07T19:40:27.821+0000] {dag.py:3036} INFO - Sync 1 DAGs
[2025-05-07T19:40:27.835+0000] {logging_mixin.py:188} INFO - [2025-05-07T19:40:27.835+0000] {dag.py:3823} INFO - Setting next_dagrun for tutorial_taskflow_api_virtualenv to None, run_after=None
[2025-05-07T19:40:27.860+0000] {processor.py:183} INFO - Processing /home/airflow/.local/lib/python3.8/site-packages/airflow/example_dags/tutorial_taskflow_api_virtualenv.py took 0.082 seconds
[2025-05-07T19:40:58.124+0000] {processor.py:161} INFO - Started process (PID=946) to work on /home/airflow/.local/lib/python3.8/site-packages/airflow/example_dags/tutorial_taskflow_api_virtualenv.py
[2025-05-07T19:40:58.126+0000] {processor.py:830} INFO - Processing file /home/airflow/.local/lib/python3.8/site-packages/airflow/example_dags/tutorial_taskflow_api_virtualenv.py for tasks to queue
[2025-05-07T19:40:58.131+0000] {logging_mixin.py:188} INFO - [2025-05-07T19:40:58.130+0000] {dagbag.py:538} INFO - Filling up the DagBag from /home/airflow/.local/lib/python3.8/site-packages/airflow/example_dags/tutorial_taskflow_api_virtualenv.py
[2025-05-07T19:40:58.149+0000] {processor.py:840} INFO - DAG(s) 'tutorial_taskflow_api_virtualenv' retrieved from /home/airflow/.local/lib/python3.8/site-packages/airflow/example_dags/tutorial_taskflow_api_virtualenv.py
[2025-05-07T19:40:58.183+0000] {logging_mixin.py:188} INFO - [2025-05-07T19:40:58.183+0000] {dag.py:3036} INFO - Sync 1 DAGs
[2025-05-07T19:40:58.201+0000] {logging_mixin.py:188} INFO - [2025-05-07T19:40:58.201+0000] {dag.py:3823} INFO - Setting next_dagrun for tutorial_taskflow_api_virtualenv to None, run_after=None
[2025-05-07T19:40:58.234+0000] {processor.py:183} INFO - Processing /home/airflow/.local/lib/python3.8/site-packages/airflow/example_dags/tutorial_taskflow_api_virtualenv.py took 0.117 seconds
[2025-05-07T19:41:28.572+0000] {processor.py:161} INFO - Started process (PID=1003) to work on /home/airflow/.local/lib/python3.8/site-packages/airflow/example_dags/tutorial_taskflow_api_virtualenv.py
[2025-05-07T19:41:28.576+0000] {processor.py:830} INFO - Processing file /home/airflow/.local/lib/python3.8/site-packages/airflow/example_dags/tutorial_taskflow_api_virtualenv.py for tasks to queue
[2025-05-07T19:41:28.583+0000] {logging_mixin.py:188} INFO - [2025-05-07T19:41:28.581+0000] {dagbag.py:538} INFO - Filling up the DagBag from /home/airflow/.local/lib/python3.8/site-packages/airflow/example_dags/tutorial_taskflow_api_virtualenv.py
[2025-05-07T19:41:28.601+0000] {processor.py:840} INFO - DAG(s) 'tutorial_taskflow_api_virtualenv' retrieved from /home/airflow/.local/lib/python3.8/site-packages/airflow/example_dags/tutorial_taskflow_api_virtualenv.py
[2025-05-07T19:41:28.628+0000] {logging_mixin.py:188} INFO - [2025-05-07T19:41:28.628+0000] {dag.py:3036} INFO - Sync 1 DAGs
[2025-05-07T19:41:28.655+0000] {logging_mixin.py:188} INFO - [2025-05-07T19:41:28.654+0000] {dag.py:3823} INFO - Setting next_dagrun for tutorial_taskflow_api_virtualenv to None, run_after=None
[2025-05-07T19:41:28.700+0000] {processor.py:183} INFO - Processing /home/airflow/.local/lib/python3.8/site-packages/airflow/example_dags/tutorial_taskflow_api_virtualenv.py took 0.134 seconds
[2025-05-07T19:41:58.913+0000] {processor.py:161} INFO - Started process (PID=1060) to work on /home/airflow/.local/lib/python3.8/site-packages/airflow/example_dags/tutorial_taskflow_api_virtualenv.py
[2025-05-07T19:41:58.914+0000] {processor.py:830} INFO - Processing file /home/airflow/.local/lib/python3.8/site-packages/airflow/example_dags/tutorial_taskflow_api_virtualenv.py for tasks to queue
[2025-05-07T19:41:58.916+0000] {logging_mixin.py:188} INFO - [2025-05-07T19:41:58.916+0000] {dagbag.py:538} INFO - Filling up the DagBag from /home/airflow/.local/lib/python3.8/site-packages/airflow/example_dags/tutorial_taskflow_api_virtualenv.py
[2025-05-07T19:41:58.929+0000] {processor.py:840} INFO - DAG(s) 'tutorial_taskflow_api_virtualenv' retrieved from /home/airflow/.local/lib/python3.8/site-packages/airflow/example_dags/tutorial_taskflow_api_virtualenv.py
[2025-05-07T19:41:58.953+0000] {logging_mixin.py:188} INFO - [2025-05-07T19:41:58.953+0000] {dag.py:3036} INFO - Sync 1 DAGs
[2025-05-07T19:41:58.968+0000] {logging_mixin.py:188} INFO - [2025-05-07T19:41:58.968+0000] {dag.py:3823} INFO - Setting next_dagrun for tutorial_taskflow_api_virtualenv to None, run_after=None
[2025-05-07T19:41:58.990+0000] {processor.py:183} INFO - Processing /home/airflow/.local/lib/python3.8/site-packages/airflow/example_dags/tutorial_taskflow_api_virtualenv.py took 0.084 seconds
[2025-05-07T19:42:29.490+0000] {processor.py:161} INFO - Started process (PID=1117) to work on /home/airflow/.local/lib/python3.8/site-packages/airflow/example_dags/tutorial_taskflow_api_virtualenv.py
[2025-05-07T19:42:29.492+0000] {processor.py:830} INFO - Processing file /home/airflow/.local/lib/python3.8/site-packages/airflow/example_dags/tutorial_taskflow_api_virtualenv.py for tasks to queue
[2025-05-07T19:42:29.496+0000] {logging_mixin.py:188} INFO - [2025-05-07T19:42:29.495+0000] {dagbag.py:538} INFO - Filling up the DagBag from /home/airflow/.local/lib/python3.8/site-packages/airflow/example_dags/tutorial_taskflow_api_virtualenv.py
[2025-05-07T19:42:29.510+0000] {processor.py:840} INFO - DAG(s) 'tutorial_taskflow_api_virtualenv' retrieved from /home/airflow/.local/lib/python3.8/site-packages/airflow/example_dags/tutorial_taskflow_api_virtualenv.py
[2025-05-07T19:42:29.533+0000] {logging_mixin.py:188} INFO - [2025-05-07T19:42:29.532+0000] {dag.py:3036} INFO - Sync 1 DAGs
[2025-05-07T19:42:29.548+0000] {logging_mixin.py:188} INFO - [2025-05-07T19:42:29.547+0000] {dag.py:3823} INFO - Setting next_dagrun for tutorial_taskflow_api_virtualenv to None, run_after=None
[2025-05-07T19:42:29.576+0000] {processor.py:183} INFO - Processing /home/airflow/.local/lib/python3.8/site-packages/airflow/example_dags/tutorial_taskflow_api_virtualenv.py took 0.090 seconds
[2025-05-07T19:43:00.321+0000] {processor.py:161} INFO - Started process (PID=1174) to work on /home/airflow/.local/lib/python3.8/site-packages/airflow/example_dags/tutorial_taskflow_api_virtualenv.py
[2025-05-07T19:43:00.329+0000] {processor.py:830} INFO - Processing file /home/airflow/.local/lib/python3.8/site-packages/airflow/example_dags/tutorial_taskflow_api_virtualenv.py for tasks to queue
[2025-05-07T19:43:00.332+0000] {logging_mixin.py:188} INFO - [2025-05-07T19:43:00.331+0000] {dagbag.py:538} INFO - Filling up the DagBag from /home/airflow/.local/lib/python3.8/site-packages/airflow/example_dags/tutorial_taskflow_api_virtualenv.py
[2025-05-07T19:43:00.345+0000] {processor.py:840} INFO - DAG(s) 'tutorial_taskflow_api_virtualenv' retrieved from /home/airflow/.local/lib/python3.8/site-packages/airflow/example_dags/tutorial_taskflow_api_virtualenv.py
[2025-05-07T19:43:00.369+0000] {logging_mixin.py:188} INFO - [2025-05-07T19:43:00.369+0000] {dag.py:3036} INFO - Sync 1 DAGs
[2025-05-07T19:43:00.382+0000] {logging_mixin.py:188} INFO - [2025-05-07T19:43:00.381+0000] {dag.py:3823} INFO - Setting next_dagrun for tutorial_taskflow_api_virtualenv to None, run_after=None
[2025-05-07T19:43:00.402+0000] {processor.py:183} INFO - Processing /home/airflow/.local/lib/python3.8/site-packages/airflow/example_dags/tutorial_taskflow_api_virtualenv.py took 0.084 seconds
[2025-05-07T19:43:31.481+0000] {processor.py:161} INFO - Started process (PID=1231) to work on /home/airflow/.local/lib/python3.8/site-packages/airflow/example_dags/tutorial_taskflow_api_virtualenv.py
[2025-05-07T19:43:31.482+0000] {processor.py:830} INFO - Processing file /home/airflow/.local/lib/python3.8/site-packages/airflow/example_dags/tutorial_taskflow_api_virtualenv.py for tasks to queue
[2025-05-07T19:43:31.485+0000] {logging_mixin.py:188} INFO - [2025-05-07T19:43:31.485+0000] {dagbag.py:538} INFO - Filling up the DagBag from /home/airflow/.local/lib/python3.8/site-packages/airflow/example_dags/tutorial_taskflow_api_virtualenv.py
[2025-05-07T19:43:31.499+0000] {processor.py:840} INFO - DAG(s) 'tutorial_taskflow_api_virtualenv' retrieved from /home/airflow/.local/lib/python3.8/site-packages/airflow/example_dags/tutorial_taskflow_api_virtualenv.py
[2025-05-07T19:43:31.519+0000] {logging_mixin.py:188} INFO - [2025-05-07T19:43:31.519+0000] {dag.py:3036} INFO - Sync 1 DAGs
[2025-05-07T19:43:31.532+0000] {logging_mixin.py:188} INFO - [2025-05-07T19:43:31.531+0000] {dag.py:3823} INFO - Setting next_dagrun for tutorial_taskflow_api_virtualenv to None, run_after=None
[2025-05-07T19:43:31.553+0000] {processor.py:183} INFO - Processing /home/airflow/.local/lib/python3.8/site-packages/airflow/example_dags/tutorial_taskflow_api_virtualenv.py took 0.077 seconds
[2025-05-07T19:44:01.705+0000] {processor.py:161} INFO - Started process (PID=1288) to work on /home/airflow/.local/lib/python3.8/site-packages/airflow/example_dags/tutorial_taskflow_api_virtualenv.py
[2025-05-07T19:44:01.706+0000] {processor.py:830} INFO - Processing file /home/airflow/.local/lib/python3.8/site-packages/airflow/example_dags/tutorial_taskflow_api_virtualenv.py for tasks to queue
[2025-05-07T19:44:01.708+0000] {logging_mixin.py:188} INFO - [2025-05-07T19:44:01.708+0000] {dagbag.py:538} INFO - Filling up the DagBag from /home/airflow/.local/lib/python3.8/site-packages/airflow/example_dags/tutorial_taskflow_api_virtualenv.py
[2025-05-07T19:44:01.719+0000] {processor.py:840} INFO - DAG(s) 'tutorial_taskflow_api_virtualenv' retrieved from /home/airflow/.local/lib/python3.8/site-packages/airflow/example_dags/tutorial_taskflow_api_virtualenv.py
[2025-05-07T19:44:01.740+0000] {logging_mixin.py:188} INFO - [2025-05-07T19:44:01.740+0000] {dag.py:3036} INFO - Sync 1 DAGs
[2025-05-07T19:44:01.752+0000] {logging_mixin.py:188} INFO - [2025-05-07T19:44:01.752+0000] {dag.py:3823} INFO - Setting next_dagrun for tutorial_taskflow_api_virtualenv to None, run_after=None
[2025-05-07T19:44:01.772+0000] {processor.py:183} INFO - Processing /home/airflow/.local/lib/python3.8/site-packages/airflow/example_dags/tutorial_taskflow_api_virtualenv.py took 0.070 seconds
[2025-05-07T19:44:32.006+0000] {processor.py:161} INFO - Started process (PID=1345) to work on /home/airflow/.local/lib/python3.8/site-packages/airflow/example_dags/tutorial_taskflow_api_virtualenv.py
[2025-05-07T19:44:32.007+0000] {processor.py:830} INFO - Processing file /home/airflow/.local/lib/python3.8/site-packages/airflow/example_dags/tutorial_taskflow_api_virtualenv.py for tasks to queue
[2025-05-07T19:44:32.009+0000] {logging_mixin.py:188} INFO - [2025-05-07T19:44:32.009+0000] {dagbag.py:538} INFO - Filling up the DagBag from /home/airflow/.local/lib/python3.8/site-packages/airflow/example_dags/tutorial_taskflow_api_virtualenv.py
[2025-05-07T19:44:32.020+0000] {processor.py:840} INFO - DAG(s) 'tutorial_taskflow_api_virtualenv' retrieved from /home/airflow/.local/lib/python3.8/site-packages/airflow/example_dags/tutorial_taskflow_api_virtualenv.py
[2025-05-07T19:44:32.041+0000] {logging_mixin.py:188} INFO - [2025-05-07T19:44:32.041+0000] {dag.py:3036} INFO - Sync 1 DAGs
[2025-05-07T19:44:32.054+0000] {logging_mixin.py:188} INFO - [2025-05-07T19:44:32.053+0000] {dag.py:3823} INFO - Setting next_dagrun for tutorial_taskflow_api_virtualenv to None, run_after=None
[2025-05-07T19:44:32.077+0000] {processor.py:183} INFO - Processing /home/airflow/.local/lib/python3.8/site-packages/airflow/example_dags/tutorial_taskflow_api_virtualenv.py took 0.075 seconds
[2025-05-07T19:45:02.667+0000] {processor.py:161} INFO - Started process (PID=1402) to work on /home/airflow/.local/lib/python3.8/site-packages/airflow/example_dags/tutorial_taskflow_api_virtualenv.py
[2025-05-07T19:45:02.669+0000] {processor.py:830} INFO - Processing file /home/airflow/.local/lib/python3.8/site-packages/airflow/example_dags/tutorial_taskflow_api_virtualenv.py for tasks to queue
[2025-05-07T19:45:02.672+0000] {logging_mixin.py:188} INFO - [2025-05-07T19:45:02.672+0000] {dagbag.py:538} INFO - Filling up the DagBag from /home/airflow/.local/lib/python3.8/site-packages/airflow/example_dags/tutorial_taskflow_api_virtualenv.py
[2025-05-07T19:45:02.684+0000] {processor.py:840} INFO - DAG(s) 'tutorial_taskflow_api_virtualenv' retrieved from /home/airflow/.local/lib/python3.8/site-packages/airflow/example_dags/tutorial_taskflow_api_virtualenv.py
[2025-05-07T19:45:02.709+0000] {logging_mixin.py:188} INFO - [2025-05-07T19:45:02.708+0000] {dag.py:3036} INFO - Sync 1 DAGs
[2025-05-07T19:45:02.723+0000] {logging_mixin.py:188} INFO - [2025-05-07T19:45:02.723+0000] {dag.py:3823} INFO - Setting next_dagrun for tutorial_taskflow_api_virtualenv to None, run_after=None
[2025-05-07T19:45:02.747+0000] {processor.py:183} INFO - Processing /home/airflow/.local/lib/python3.8/site-packages/airflow/example_dags/tutorial_taskflow_api_virtualenv.py took 0.084 seconds
[2025-05-07T19:45:33.330+0000] {processor.py:161} INFO - Started process (PID=1459) to work on /home/airflow/.local/lib/python3.8/site-packages/airflow/example_dags/tutorial_taskflow_api_virtualenv.py
[2025-05-07T19:45:33.331+0000] {processor.py:830} INFO - Processing file /home/airflow/.local/lib/python3.8/site-packages/airflow/example_dags/tutorial_taskflow_api_virtualenv.py for tasks to queue
[2025-05-07T19:45:33.333+0000] {logging_mixin.py:188} INFO - [2025-05-07T19:45:33.333+0000] {dagbag.py:538} INFO - Filling up the DagBag from /home/airflow/.local/lib/python3.8/site-packages/airflow/example_dags/tutorial_taskflow_api_virtualenv.py
[2025-05-07T19:45:33.345+0000] {processor.py:840} INFO - DAG(s) 'tutorial_taskflow_api_virtualenv' retrieved from /home/airflow/.local/lib/python3.8/site-packages/airflow/example_dags/tutorial_taskflow_api_virtualenv.py
[2025-05-07T19:45:33.367+0000] {logging_mixin.py:188} INFO - [2025-05-07T19:45:33.367+0000] {dag.py:3036} INFO - Sync 1 DAGs
[2025-05-07T19:45:33.381+0000] {logging_mixin.py:188} INFO - [2025-05-07T19:45:33.381+0000] {dag.py:3823} INFO - Setting next_dagrun for tutorial_taskflow_api_virtualenv to None, run_after=None
[2025-05-07T19:45:33.405+0000] {processor.py:183} INFO - Processing /home/airflow/.local/lib/python3.8/site-packages/airflow/example_dags/tutorial_taskflow_api_virtualenv.py took 0.079 seconds
[2025-05-07T19:46:03.910+0000] {processor.py:161} INFO - Started process (PID=1516) to work on /home/airflow/.local/lib/python3.8/site-packages/airflow/example_dags/tutorial_taskflow_api_virtualenv.py
[2025-05-07T19:46:03.912+0000] {processor.py:830} INFO - Processing file /home/airflow/.local/lib/python3.8/site-packages/airflow/example_dags/tutorial_taskflow_api_virtualenv.py for tasks to queue
[2025-05-07T19:46:03.914+0000] {logging_mixin.py:188} INFO - [2025-05-07T19:46:03.914+0000] {dagbag.py:538} INFO - Filling up the DagBag from /home/airflow/.local/lib/python3.8/site-packages/airflow/example_dags/tutorial_taskflow_api_virtualenv.py
[2025-05-07T19:46:03.925+0000] {processor.py:840} INFO - DAG(s) 'tutorial_taskflow_api_virtualenv' retrieved from /home/airflow/.local/lib/python3.8/site-packages/airflow/example_dags/tutorial_taskflow_api_virtualenv.py
[2025-05-07T19:46:03.945+0000] {logging_mixin.py:188} INFO - [2025-05-07T19:46:03.945+0000] {dag.py:3036} INFO - Sync 1 DAGs
[2025-05-07T19:46:03.958+0000] {logging_mixin.py:188} INFO - [2025-05-07T19:46:03.958+0000] {dag.py:3823} INFO - Setting next_dagrun for tutorial_taskflow_api_virtualenv to None, run_after=None
[2025-05-07T19:46:03.979+0000] {processor.py:183} INFO - Processing /home/airflow/.local/lib/python3.8/site-packages/airflow/example_dags/tutorial_taskflow_api_virtualenv.py took 0.072 seconds
[2025-05-07T19:46:34.159+0000] {processor.py:161} INFO - Started process (PID=1573) to work on /home/airflow/.local/lib/python3.8/site-packages/airflow/example_dags/tutorial_taskflow_api_virtualenv.py
[2025-05-07T19:46:34.160+0000] {processor.py:830} INFO - Processing file /home/airflow/.local/lib/python3.8/site-packages/airflow/example_dags/tutorial_taskflow_api_virtualenv.py for tasks to queue
[2025-05-07T19:46:34.162+0000] {logging_mixin.py:188} INFO - [2025-05-07T19:46:34.161+0000] {dagbag.py:538} INFO - Filling up the DagBag from /home/airflow/.local/lib/python3.8/site-packages/airflow/example_dags/tutorial_taskflow_api_virtualenv.py
[2025-05-07T19:46:34.172+0000] {processor.py:840} INFO - DAG(s) 'tutorial_taskflow_api_virtualenv' retrieved from /home/airflow/.local/lib/python3.8/site-packages/airflow/example_dags/tutorial_taskflow_api_virtualenv.py
[2025-05-07T19:46:34.191+0000] {logging_mixin.py:188} INFO - [2025-05-07T19:46:34.191+0000] {dag.py:3036} INFO - Sync 1 DAGs
[2025-05-07T19:46:34.203+0000] {logging_mixin.py:188} INFO - [2025-05-07T19:46:34.203+0000] {dag.py:3823} INFO - Setting next_dagrun for tutorial_taskflow_api_virtualenv to None, run_after=None
[2025-05-07T19:46:34.223+0000] {processor.py:183} INFO - Processing /home/airflow/.local/lib/python3.8/site-packages/airflow/example_dags/tutorial_taskflow_api_virtualenv.py took 0.067 seconds
[2025-05-07T19:47:05.308+0000] {processor.py:161} INFO - Started process (PID=1631) to work on /home/airflow/.local/lib/python3.8/site-packages/airflow/example_dags/tutorial_taskflow_api_virtualenv.py
[2025-05-07T19:47:05.310+0000] {processor.py:830} INFO - Processing file /home/airflow/.local/lib/python3.8/site-packages/airflow/example_dags/tutorial_taskflow_api_virtualenv.py for tasks to queue
[2025-05-07T19:47:05.312+0000] {logging_mixin.py:188} INFO - [2025-05-07T19:47:05.311+0000] {dagbag.py:538} INFO - Filling up the DagBag from /home/airflow/.local/lib/python3.8/site-packages/airflow/example_dags/tutorial_taskflow_api_virtualenv.py
[2025-05-07T19:47:05.323+0000] {processor.py:840} INFO - DAG(s) 'tutorial_taskflow_api_virtualenv' retrieved from /home/airflow/.local/lib/python3.8/site-packages/airflow/example_dags/tutorial_taskflow_api_virtualenv.py
[2025-05-07T19:47:05.342+0000] {logging_mixin.py:188} INFO - [2025-05-07T19:47:05.341+0000] {dag.py:3036} INFO - Sync 1 DAGs
[2025-05-07T19:47:05.354+0000] {logging_mixin.py:188} INFO - [2025-05-07T19:47:05.354+0000] {dag.py:3823} INFO - Setting next_dagrun for tutorial_taskflow_api_virtualenv to None, run_after=None
[2025-05-07T19:47:05.372+0000] {processor.py:183} INFO - Processing /home/airflow/.local/lib/python3.8/site-packages/airflow/example_dags/tutorial_taskflow_api_virtualenv.py took 0.068 seconds
[2025-05-07T19:47:36.110+0000] {processor.py:161} INFO - Started process (PID=1688) to work on /home/airflow/.local/lib/python3.8/site-packages/airflow/example_dags/tutorial_taskflow_api_virtualenv.py
[2025-05-07T19:47:36.114+0000] {processor.py:830} INFO - Processing file /home/airflow/.local/lib/python3.8/site-packages/airflow/example_dags/tutorial_taskflow_api_virtualenv.py for tasks to queue
[2025-05-07T19:47:36.119+0000] {logging_mixin.py:188} INFO - [2025-05-07T19:47:36.118+0000] {dagbag.py:538} INFO - Filling up the DagBag from /home/airflow/.local/lib/python3.8/site-packages/airflow/example_dags/tutorial_taskflow_api_virtualenv.py
[2025-05-07T19:47:36.143+0000] {processor.py:840} INFO - DAG(s) 'tutorial_taskflow_api_virtualenv' retrieved from /home/airflow/.local/lib/python3.8/site-packages/airflow/example_dags/tutorial_taskflow_api_virtualenv.py
[2025-05-07T19:47:36.180+0000] {logging_mixin.py:188} INFO - [2025-05-07T19:47:36.179+0000] {dag.py:3036} INFO - Sync 1 DAGs
[2025-05-07T19:47:36.197+0000] {logging_mixin.py:188} INFO - [2025-05-07T19:47:36.196+0000] {dag.py:3823} INFO - Setting next_dagrun for tutorial_taskflow_api_virtualenv to None, run_after=None
[2025-05-07T19:47:36.225+0000] {processor.py:183} INFO - Processing /home/airflow/.local/lib/python3.8/site-packages/airflow/example_dags/tutorial_taskflow_api_virtualenv.py took 0.122 seconds
[2025-05-07T19:48:06.377+0000] {processor.py:161} INFO - Started process (PID=1745) to work on /home/airflow/.local/lib/python3.8/site-packages/airflow/example_dags/tutorial_taskflow_api_virtualenv.py
[2025-05-07T19:48:06.379+0000] {processor.py:830} INFO - Processing file /home/airflow/.local/lib/python3.8/site-packages/airflow/example_dags/tutorial_taskflow_api_virtualenv.py for tasks to queue
[2025-05-07T19:48:06.383+0000] {logging_mixin.py:188} INFO - [2025-05-07T19:48:06.382+0000] {dagbag.py:538} INFO - Filling up the DagBag from /home/airflow/.local/lib/python3.8/site-packages/airflow/example_dags/tutorial_taskflow_api_virtualenv.py
[2025-05-07T19:48:06.395+0000] {processor.py:840} INFO - DAG(s) 'tutorial_taskflow_api_virtualenv' retrieved from /home/airflow/.local/lib/python3.8/site-packages/airflow/example_dags/tutorial_taskflow_api_virtualenv.py
[2025-05-07T19:48:06.416+0000] {logging_mixin.py:188} INFO - [2025-05-07T19:48:06.416+0000] {dag.py:3036} INFO - Sync 1 DAGs
[2025-05-07T19:48:06.429+0000] {logging_mixin.py:188} INFO - [2025-05-07T19:48:06.429+0000] {dag.py:3823} INFO - Setting next_dagrun for tutorial_taskflow_api_virtualenv to None, run_after=None
[2025-05-07T19:48:06.454+0000] {processor.py:183} INFO - Processing /home/airflow/.local/lib/python3.8/site-packages/airflow/example_dags/tutorial_taskflow_api_virtualenv.py took 0.083 seconds
[2025-05-07T19:48:36.784+0000] {processor.py:161} INFO - Started process (PID=1802) to work on /home/airflow/.local/lib/python3.8/site-packages/airflow/example_dags/tutorial_taskflow_api_virtualenv.py
[2025-05-07T19:48:36.785+0000] {processor.py:830} INFO - Processing file /home/airflow/.local/lib/python3.8/site-packages/airflow/example_dags/tutorial_taskflow_api_virtualenv.py for tasks to queue
[2025-05-07T19:48:36.787+0000] {logging_mixin.py:188} INFO - [2025-05-07T19:48:36.787+0000] {dagbag.py:538} INFO - Filling up the DagBag from /home/airflow/.local/lib/python3.8/site-packages/airflow/example_dags/tutorial_taskflow_api_virtualenv.py
[2025-05-07T19:48:36.798+0000] {processor.py:840} INFO - DAG(s) 'tutorial_taskflow_api_virtualenv' retrieved from /home/airflow/.local/lib/python3.8/site-packages/airflow/example_dags/tutorial_taskflow_api_virtualenv.py
[2025-05-07T19:48:36.818+0000] {logging_mixin.py:188} INFO - [2025-05-07T19:48:36.818+0000] {dag.py:3036} INFO - Sync 1 DAGs
[2025-05-07T19:48:36.830+0000] {logging_mixin.py:188} INFO - [2025-05-07T19:48:36.830+0000] {dag.py:3823} INFO - Setting next_dagrun for tutorial_taskflow_api_virtualenv to None, run_after=None
[2025-05-07T19:48:36.850+0000] {processor.py:183} INFO - Processing /home/airflow/.local/lib/python3.8/site-packages/airflow/example_dags/tutorial_taskflow_api_virtualenv.py took 0.069 seconds
[2025-05-07T19:49:07.619+0000] {processor.py:161} INFO - Started process (PID=1858) to work on /home/airflow/.local/lib/python3.8/site-packages/airflow/example_dags/tutorial_taskflow_api_virtualenv.py
[2025-05-07T19:49:07.620+0000] {processor.py:830} INFO - Processing file /home/airflow/.local/lib/python3.8/site-packages/airflow/example_dags/tutorial_taskflow_api_virtualenv.py for tasks to queue
[2025-05-07T19:49:07.622+0000] {logging_mixin.py:188} INFO - [2025-05-07T19:49:07.622+0000] {dagbag.py:538} INFO - Filling up the DagBag from /home/airflow/.local/lib/python3.8/site-packages/airflow/example_dags/tutorial_taskflow_api_virtualenv.py
[2025-05-07T19:49:07.633+0000] {processor.py:840} INFO - DAG(s) 'tutorial_taskflow_api_virtualenv' retrieved from /home/airflow/.local/lib/python3.8/site-packages/airflow/example_dags/tutorial_taskflow_api_virtualenv.py
[2025-05-07T19:49:07.652+0000] {logging_mixin.py:188} INFO - [2025-05-07T19:49:07.652+0000] {dag.py:3036} INFO - Sync 1 DAGs
[2025-05-07T19:49:07.665+0000] {logging_mixin.py:188} INFO - [2025-05-07T19:49:07.665+0000] {dag.py:3823} INFO - Setting next_dagrun for tutorial_taskflow_api_virtualenv to None, run_after=None
[2025-05-07T19:49:07.685+0000] {processor.py:183} INFO - Processing /home/airflow/.local/lib/python3.8/site-packages/airflow/example_dags/tutorial_taskflow_api_virtualenv.py took 0.070 seconds
[2025-05-07T19:49:37.923+0000] {processor.py:161} INFO - Started process (PID=1915) to work on /home/airflow/.local/lib/python3.8/site-packages/airflow/example_dags/tutorial_taskflow_api_virtualenv.py
[2025-05-07T19:49:37.924+0000] {processor.py:830} INFO - Processing file /home/airflow/.local/lib/python3.8/site-packages/airflow/example_dags/tutorial_taskflow_api_virtualenv.py for tasks to queue
[2025-05-07T19:49:37.927+0000] {logging_mixin.py:188} INFO - [2025-05-07T19:49:37.926+0000] {dagbag.py:538} INFO - Filling up the DagBag from /home/airflow/.local/lib/python3.8/site-packages/airflow/example_dags/tutorial_taskflow_api_virtualenv.py
[2025-05-07T19:49:37.937+0000] {processor.py:840} INFO - DAG(s) 'tutorial_taskflow_api_virtualenv' retrieved from /home/airflow/.local/lib/python3.8/site-packages/airflow/example_dags/tutorial_taskflow_api_virtualenv.py
[2025-05-07T19:49:37.960+0000] {logging_mixin.py:188} INFO - [2025-05-07T19:49:37.960+0000] {dag.py:3036} INFO - Sync 1 DAGs
[2025-05-07T19:49:37.972+0000] {logging_mixin.py:188} INFO - [2025-05-07T19:49:37.972+0000] {dag.py:3823} INFO - Setting next_dagrun for tutorial_taskflow_api_virtualenv to None, run_after=None
[2025-05-07T19:49:37.993+0000] {processor.py:183} INFO - Processing /home/airflow/.local/lib/python3.8/site-packages/airflow/example_dags/tutorial_taskflow_api_virtualenv.py took 0.074 seconds
[2025-05-07T19:50:08.658+0000] {processor.py:161} INFO - Started process (PID=1972) to work on /home/airflow/.local/lib/python3.8/site-packages/airflow/example_dags/tutorial_taskflow_api_virtualenv.py
[2025-05-07T19:50:08.660+0000] {processor.py:830} INFO - Processing file /home/airflow/.local/lib/python3.8/site-packages/airflow/example_dags/tutorial_taskflow_api_virtualenv.py for tasks to queue
[2025-05-07T19:50:08.662+0000] {logging_mixin.py:188} INFO - [2025-05-07T19:50:08.662+0000] {dagbag.py:538} INFO - Filling up the DagBag from /home/airflow/.local/lib/python3.8/site-packages/airflow/example_dags/tutorial_taskflow_api_virtualenv.py
[2025-05-07T19:50:08.673+0000] {processor.py:840} INFO - DAG(s) 'tutorial_taskflow_api_virtualenv' retrieved from /home/airflow/.local/lib/python3.8/site-packages/airflow/example_dags/tutorial_taskflow_api_virtualenv.py
[2025-05-07T19:50:08.694+0000] {logging_mixin.py:188} INFO - [2025-05-07T19:50:08.694+0000] {dag.py:3036} INFO - Sync 1 DAGs
[2025-05-07T19:50:08.707+0000] {logging_mixin.py:188} INFO - [2025-05-07T19:50:08.707+0000] {dag.py:3823} INFO - Setting next_dagrun for tutorial_taskflow_api_virtualenv to None, run_after=None
[2025-05-07T19:50:08.727+0000] {processor.py:183} INFO - Processing /home/airflow/.local/lib/python3.8/site-packages/airflow/example_dags/tutorial_taskflow_api_virtualenv.py took 0.072 seconds
[2025-05-07T19:50:39.151+0000] {processor.py:161} INFO - Started process (PID=2029) to work on /home/airflow/.local/lib/python3.8/site-packages/airflow/example_dags/tutorial_taskflow_api_virtualenv.py
[2025-05-07T19:50:39.153+0000] {processor.py:830} INFO - Processing file /home/airflow/.local/lib/python3.8/site-packages/airflow/example_dags/tutorial_taskflow_api_virtualenv.py for tasks to queue
[2025-05-07T19:50:39.155+0000] {logging_mixin.py:188} INFO - [2025-05-07T19:50:39.154+0000] {dagbag.py:538} INFO - Filling up the DagBag from /home/airflow/.local/lib/python3.8/site-packages/airflow/example_dags/tutorial_taskflow_api_virtualenv.py
[2025-05-07T19:50:39.166+0000] {processor.py:840} INFO - DAG(s) 'tutorial_taskflow_api_virtualenv' retrieved from /home/airflow/.local/lib/python3.8/site-packages/airflow/example_dags/tutorial_taskflow_api_virtualenv.py
[2025-05-07T19:50:39.186+0000] {logging_mixin.py:188} INFO - [2025-05-07T19:50:39.185+0000] {dag.py:3036} INFO - Sync 1 DAGs
[2025-05-07T19:50:39.198+0000] {logging_mixin.py:188} INFO - [2025-05-07T19:50:39.198+0000] {dag.py:3823} INFO - Setting next_dagrun for tutorial_taskflow_api_virtualenv to None, run_after=None
[2025-05-07T19:50:39.221+0000] {processor.py:183} INFO - Processing /home/airflow/.local/lib/python3.8/site-packages/airflow/example_dags/tutorial_taskflow_api_virtualenv.py took 0.073 seconds
[2025-05-07T19:51:09.663+0000] {processor.py:161} INFO - Started process (PID=2086) to work on /home/airflow/.local/lib/python3.8/site-packages/airflow/example_dags/tutorial_taskflow_api_virtualenv.py
[2025-05-07T19:51:09.665+0000] {processor.py:830} INFO - Processing file /home/airflow/.local/lib/python3.8/site-packages/airflow/example_dags/tutorial_taskflow_api_virtualenv.py for tasks to queue
[2025-05-07T19:51:09.667+0000] {logging_mixin.py:188} INFO - [2025-05-07T19:51:09.667+0000] {dagbag.py:538} INFO - Filling up the DagBag from /home/airflow/.local/lib/python3.8/site-packages/airflow/example_dags/tutorial_taskflow_api_virtualenv.py
[2025-05-07T19:51:09.680+0000] {processor.py:840} INFO - DAG(s) 'tutorial_taskflow_api_virtualenv' retrieved from /home/airflow/.local/lib/python3.8/site-packages/airflow/example_dags/tutorial_taskflow_api_virtualenv.py
[2025-05-07T19:51:09.703+0000] {logging_mixin.py:188} INFO - [2025-05-07T19:51:09.703+0000] {dag.py:3036} INFO - Sync 1 DAGs
[2025-05-07T19:51:09.717+0000] {logging_mixin.py:188} INFO - [2025-05-07T19:51:09.717+0000] {dag.py:3823} INFO - Setting next_dagrun for tutorial_taskflow_api_virtualenv to None, run_after=None
[2025-05-07T19:51:09.742+0000] {processor.py:183} INFO - Processing /home/airflow/.local/lib/python3.8/site-packages/airflow/example_dags/tutorial_taskflow_api_virtualenv.py took 0.083 seconds
[2025-05-07T19:51:40.323+0000] {processor.py:161} INFO - Started process (PID=2143) to work on /home/airflow/.local/lib/python3.8/site-packages/airflow/example_dags/tutorial_taskflow_api_virtualenv.py
[2025-05-07T19:51:40.324+0000] {processor.py:830} INFO - Processing file /home/airflow/.local/lib/python3.8/site-packages/airflow/example_dags/tutorial_taskflow_api_virtualenv.py for tasks to queue
[2025-05-07T19:51:40.327+0000] {logging_mixin.py:188} INFO - [2025-05-07T19:51:40.326+0000] {dagbag.py:538} INFO - Filling up the DagBag from /home/airflow/.local/lib/python3.8/site-packages/airflow/example_dags/tutorial_taskflow_api_virtualenv.py
[2025-05-07T19:51:40.338+0000] {processor.py:840} INFO - DAG(s) 'tutorial_taskflow_api_virtualenv' retrieved from /home/airflow/.local/lib/python3.8/site-packages/airflow/example_dags/tutorial_taskflow_api_virtualenv.py
[2025-05-07T19:51:40.357+0000] {logging_mixin.py:188} INFO - [2025-05-07T19:51:40.357+0000] {dag.py:3036} INFO - Sync 1 DAGs
[2025-05-07T19:51:40.369+0000] {logging_mixin.py:188} INFO - [2025-05-07T19:51:40.369+0000] {dag.py:3823} INFO - Setting next_dagrun for tutorial_taskflow_api_virtualenv to None, run_after=None
[2025-05-07T19:51:40.388+0000] {processor.py:183} INFO - Processing /home/airflow/.local/lib/python3.8/site-packages/airflow/example_dags/tutorial_taskflow_api_virtualenv.py took 0.069 seconds
[2025-05-07T19:52:11.634+0000] {processor.py:161} INFO - Started process (PID=2200) to work on /home/airflow/.local/lib/python3.8/site-packages/airflow/example_dags/tutorial_taskflow_api_virtualenv.py
[2025-05-07T19:52:11.637+0000] {processor.py:830} INFO - Processing file /home/airflow/.local/lib/python3.8/site-packages/airflow/example_dags/tutorial_taskflow_api_virtualenv.py for tasks to queue
[2025-05-07T19:52:11.641+0000] {logging_mixin.py:188} INFO - [2025-05-07T19:52:11.641+0000] {dagbag.py:538} INFO - Filling up the DagBag from /home/airflow/.local/lib/python3.8/site-packages/airflow/example_dags/tutorial_taskflow_api_virtualenv.py
[2025-05-07T19:52:11.654+0000] {processor.py:840} INFO - DAG(s) 'tutorial_taskflow_api_virtualenv' retrieved from /home/airflow/.local/lib/python3.8/site-packages/airflow/example_dags/tutorial_taskflow_api_virtualenv.py
[2025-05-07T19:52:11.678+0000] {logging_mixin.py:188} INFO - [2025-05-07T19:52:11.678+0000] {dag.py:3036} INFO - Sync 1 DAGs
[2025-05-07T19:52:11.694+0000] {logging_mixin.py:188} INFO - [2025-05-07T19:52:11.693+0000] {dag.py:3823} INFO - Setting next_dagrun for tutorial_taskflow_api_virtualenv to None, run_after=None
[2025-05-07T19:52:11.717+0000] {processor.py:183} INFO - Processing /home/airflow/.local/lib/python3.8/site-packages/airflow/example_dags/tutorial_taskflow_api_virtualenv.py took 0.087 seconds
[2025-05-07T19:52:42.093+0000] {processor.py:161} INFO - Started process (PID=2257) to work on /home/airflow/.local/lib/python3.8/site-packages/airflow/example_dags/tutorial_taskflow_api_virtualenv.py
[2025-05-07T19:52:42.095+0000] {processor.py:830} INFO - Processing file /home/airflow/.local/lib/python3.8/site-packages/airflow/example_dags/tutorial_taskflow_api_virtualenv.py for tasks to queue
[2025-05-07T19:52:42.097+0000] {logging_mixin.py:188} INFO - [2025-05-07T19:52:42.096+0000] {dagbag.py:538} INFO - Filling up the DagBag from /home/airflow/.local/lib/python3.8/site-packages/airflow/example_dags/tutorial_taskflow_api_virtualenv.py
[2025-05-07T19:52:42.109+0000] {processor.py:840} INFO - DAG(s) 'tutorial_taskflow_api_virtualenv' retrieved from /home/airflow/.local/lib/python3.8/site-packages/airflow/example_dags/tutorial_taskflow_api_virtualenv.py
[2025-05-07T19:52:42.137+0000] {logging_mixin.py:188} INFO - [2025-05-07T19:52:42.136+0000] {dag.py:3036} INFO - Sync 1 DAGs
[2025-05-07T19:52:42.151+0000] {logging_mixin.py:188} INFO - [2025-05-07T19:52:42.151+0000] {dag.py:3823} INFO - Setting next_dagrun for tutorial_taskflow_api_virtualenv to None, run_after=None
[2025-05-07T19:52:42.174+0000] {processor.py:183} INFO - Processing /home/airflow/.local/lib/python3.8/site-packages/airflow/example_dags/tutorial_taskflow_api_virtualenv.py took 0.085 seconds
[2025-05-07T19:53:13.288+0000] {processor.py:161} INFO - Started process (PID=2314) to work on /home/airflow/.local/lib/python3.8/site-packages/airflow/example_dags/tutorial_taskflow_api_virtualenv.py
[2025-05-07T19:53:13.290+0000] {processor.py:830} INFO - Processing file /home/airflow/.local/lib/python3.8/site-packages/airflow/example_dags/tutorial_taskflow_api_virtualenv.py for tasks to queue
[2025-05-07T19:53:13.293+0000] {logging_mixin.py:188} INFO - [2025-05-07T19:53:13.292+0000] {dagbag.py:538} INFO - Filling up the DagBag from /home/airflow/.local/lib/python3.8/site-packages/airflow/example_dags/tutorial_taskflow_api_virtualenv.py
[2025-05-07T19:53:13.307+0000] {processor.py:840} INFO - DAG(s) 'tutorial_taskflow_api_virtualenv' retrieved from /home/airflow/.local/lib/python3.8/site-packages/airflow/example_dags/tutorial_taskflow_api_virtualenv.py
[2025-05-07T19:53:13.330+0000] {logging_mixin.py:188} INFO - [2025-05-07T19:53:13.330+0000] {dag.py:3036} INFO - Sync 1 DAGs
[2025-05-07T19:53:13.344+0000] {logging_mixin.py:188} INFO - [2025-05-07T19:53:13.344+0000] {dag.py:3823} INFO - Setting next_dagrun for tutorial_taskflow_api_virtualenv to None, run_after=None
[2025-05-07T19:53:13.495+0000] {processor.py:183} INFO - Processing /home/airflow/.local/lib/python3.8/site-packages/airflow/example_dags/tutorial_taskflow_api_virtualenv.py took 0.212 seconds
[2025-05-07T19:53:43.711+0000] {processor.py:161} INFO - Started process (PID=2371) to work on /home/airflow/.local/lib/python3.8/site-packages/airflow/example_dags/tutorial_taskflow_api_virtualenv.py
[2025-05-07T19:53:43.713+0000] {processor.py:830} INFO - Processing file /home/airflow/.local/lib/python3.8/site-packages/airflow/example_dags/tutorial_taskflow_api_virtualenv.py for tasks to queue
[2025-05-07T19:53:43.716+0000] {logging_mixin.py:188} INFO - [2025-05-07T19:53:43.716+0000] {dagbag.py:538} INFO - Filling up the DagBag from /home/airflow/.local/lib/python3.8/site-packages/airflow/example_dags/tutorial_taskflow_api_virtualenv.py
[2025-05-07T19:53:43.733+0000] {processor.py:840} INFO - DAG(s) 'tutorial_taskflow_api_virtualenv' retrieved from /home/airflow/.local/lib/python3.8/site-packages/airflow/example_dags/tutorial_taskflow_api_virtualenv.py
[2025-05-07T19:53:43.759+0000] {logging_mixin.py:188} INFO - [2025-05-07T19:53:43.759+0000] {dag.py:3036} INFO - Sync 1 DAGs
[2025-05-07T19:53:43.773+0000] {logging_mixin.py:188} INFO - [2025-05-07T19:53:43.773+0000] {dag.py:3823} INFO - Setting next_dagrun for tutorial_taskflow_api_virtualenv to None, run_after=None
[2025-05-07T19:53:43.795+0000] {processor.py:183} INFO - Processing /home/airflow/.local/lib/python3.8/site-packages/airflow/example_dags/tutorial_taskflow_api_virtualenv.py took 0.089 seconds
[2025-05-07T19:54:14.826+0000] {processor.py:161} INFO - Started process (PID=2428) to work on /home/airflow/.local/lib/python3.8/site-packages/airflow/example_dags/tutorial_taskflow_api_virtualenv.py
[2025-05-07T19:54:14.828+0000] {processor.py:830} INFO - Processing file /home/airflow/.local/lib/python3.8/site-packages/airflow/example_dags/tutorial_taskflow_api_virtualenv.py for tasks to queue
[2025-05-07T19:54:14.832+0000] {logging_mixin.py:188} INFO - [2025-05-07T19:54:14.831+0000] {dagbag.py:538} INFO - Filling up the DagBag from /home/airflow/.local/lib/python3.8/site-packages/airflow/example_dags/tutorial_taskflow_api_virtualenv.py
[2025-05-07T19:54:14.845+0000] {processor.py:840} INFO - DAG(s) 'tutorial_taskflow_api_virtualenv' retrieved from /home/airflow/.local/lib/python3.8/site-packages/airflow/example_dags/tutorial_taskflow_api_virtualenv.py
[2025-05-07T19:54:14.868+0000] {logging_mixin.py:188} INFO - [2025-05-07T19:54:14.867+0000] {dag.py:3036} INFO - Sync 1 DAGs
[2025-05-07T19:54:14.881+0000] {logging_mixin.py:188} INFO - [2025-05-07T19:54:14.881+0000] {dag.py:3823} INFO - Setting next_dagrun for tutorial_taskflow_api_virtualenv to None, run_after=None
[2025-05-07T19:54:14.903+0000] {processor.py:183} INFO - Processing /home/airflow/.local/lib/python3.8/site-packages/airflow/example_dags/tutorial_taskflow_api_virtualenv.py took 0.082 seconds
[2025-05-07T19:54:45.494+0000] {processor.py:161} INFO - Started process (PID=2485) to work on /home/airflow/.local/lib/python3.8/site-packages/airflow/example_dags/tutorial_taskflow_api_virtualenv.py
[2025-05-07T19:54:45.496+0000] {processor.py:830} INFO - Processing file /home/airflow/.local/lib/python3.8/site-packages/airflow/example_dags/tutorial_taskflow_api_virtualenv.py for tasks to queue
[2025-05-07T19:54:45.499+0000] {logging_mixin.py:188} INFO - [2025-05-07T19:54:45.499+0000] {dagbag.py:538} INFO - Filling up the DagBag from /home/airflow/.local/lib/python3.8/site-packages/airflow/example_dags/tutorial_taskflow_api_virtualenv.py
[2025-05-07T19:54:45.512+0000] {processor.py:840} INFO - DAG(s) 'tutorial_taskflow_api_virtualenv' retrieved from /home/airflow/.local/lib/python3.8/site-packages/airflow/example_dags/tutorial_taskflow_api_virtualenv.py
[2025-05-07T19:54:45.536+0000] {logging_mixin.py:188} INFO - [2025-05-07T19:54:45.535+0000] {dag.py:3036} INFO - Sync 1 DAGs
[2025-05-07T19:54:45.551+0000] {logging_mixin.py:188} INFO - [2025-05-07T19:54:45.550+0000] {dag.py:3823} INFO - Setting next_dagrun for tutorial_taskflow_api_virtualenv to None, run_after=None
[2025-05-07T19:54:45.572+0000] {processor.py:183} INFO - Processing /home/airflow/.local/lib/python3.8/site-packages/airflow/example_dags/tutorial_taskflow_api_virtualenv.py took 0.082 seconds
[2025-05-07T19:55:15.775+0000] {processor.py:161} INFO - Started process (PID=2542) to work on /home/airflow/.local/lib/python3.8/site-packages/airflow/example_dags/tutorial_taskflow_api_virtualenv.py
[2025-05-07T19:55:15.777+0000] {processor.py:830} INFO - Processing file /home/airflow/.local/lib/python3.8/site-packages/airflow/example_dags/tutorial_taskflow_api_virtualenv.py for tasks to queue
[2025-05-07T19:55:15.779+0000] {logging_mixin.py:188} INFO - [2025-05-07T19:55:15.779+0000] {dagbag.py:538} INFO - Filling up the DagBag from /home/airflow/.local/lib/python3.8/site-packages/airflow/example_dags/tutorial_taskflow_api_virtualenv.py
[2025-05-07T19:55:15.791+0000] {processor.py:840} INFO - DAG(s) 'tutorial_taskflow_api_virtualenv' retrieved from /home/airflow/.local/lib/python3.8/site-packages/airflow/example_dags/tutorial_taskflow_api_virtualenv.py
[2025-05-07T19:55:15.816+0000] {logging_mixin.py:188} INFO - [2025-05-07T19:55:15.816+0000] {dag.py:3036} INFO - Sync 1 DAGs
[2025-05-07T19:55:15.831+0000] {logging_mixin.py:188} INFO - [2025-05-07T19:55:15.830+0000] {dag.py:3823} INFO - Setting next_dagrun for tutorial_taskflow_api_virtualenv to None, run_after=None
[2025-05-07T19:55:15.854+0000] {processor.py:183} INFO - Processing /home/airflow/.local/lib/python3.8/site-packages/airflow/example_dags/tutorial_taskflow_api_virtualenv.py took 0.082 seconds
[2025-05-07T19:55:47.256+0000] {processor.py:161} INFO - Started process (PID=2599) to work on /home/airflow/.local/lib/python3.8/site-packages/airflow/example_dags/tutorial_taskflow_api_virtualenv.py
[2025-05-07T19:55:47.258+0000] {processor.py:830} INFO - Processing file /home/airflow/.local/lib/python3.8/site-packages/airflow/example_dags/tutorial_taskflow_api_virtualenv.py for tasks to queue
[2025-05-07T19:55:47.260+0000] {logging_mixin.py:188} INFO - [2025-05-07T19:55:47.260+0000] {dagbag.py:538} INFO - Filling up the DagBag from /home/airflow/.local/lib/python3.8/site-packages/airflow/example_dags/tutorial_taskflow_api_virtualenv.py
[2025-05-07T19:55:47.273+0000] {processor.py:840} INFO - DAG(s) 'tutorial_taskflow_api_virtualenv' retrieved from /home/airflow/.local/lib/python3.8/site-packages/airflow/example_dags/tutorial_taskflow_api_virtualenv.py
[2025-05-07T19:55:47.419+0000] {logging_mixin.py:188} INFO - [2025-05-07T19:55:47.419+0000] {dag.py:3036} INFO - Sync 1 DAGs
[2025-05-07T19:55:47.438+0000] {logging_mixin.py:188} INFO - [2025-05-07T19:55:47.437+0000] {dag.py:3823} INFO - Setting next_dagrun for tutorial_taskflow_api_virtualenv to None, run_after=None
[2025-05-07T19:55:47.645+0000] {processor.py:183} INFO - Processing /home/airflow/.local/lib/python3.8/site-packages/airflow/example_dags/tutorial_taskflow_api_virtualenv.py took 0.393 seconds
[2025-05-07T19:56:17.875+0000] {processor.py:161} INFO - Started process (PID=2656) to work on /home/airflow/.local/lib/python3.8/site-packages/airflow/example_dags/tutorial_taskflow_api_virtualenv.py
[2025-05-07T19:56:17.877+0000] {processor.py:830} INFO - Processing file /home/airflow/.local/lib/python3.8/site-packages/airflow/example_dags/tutorial_taskflow_api_virtualenv.py for tasks to queue
[2025-05-07T19:56:17.882+0000] {logging_mixin.py:188} INFO - [2025-05-07T19:56:17.882+0000] {dagbag.py:538} INFO - Filling up the DagBag from /home/airflow/.local/lib/python3.8/site-packages/airflow/example_dags/tutorial_taskflow_api_virtualenv.py
[2025-05-07T19:56:17.897+0000] {processor.py:840} INFO - DAG(s) 'tutorial_taskflow_api_virtualenv' retrieved from /home/airflow/.local/lib/python3.8/site-packages/airflow/example_dags/tutorial_taskflow_api_virtualenv.py
[2025-05-07T19:56:17.928+0000] {logging_mixin.py:188} INFO - [2025-05-07T19:56:17.928+0000] {dag.py:3036} INFO - Sync 1 DAGs
[2025-05-07T19:56:18.056+0000] {logging_mixin.py:188} INFO - [2025-05-07T19:56:18.056+0000] {dag.py:3823} INFO - Setting next_dagrun for tutorial_taskflow_api_virtualenv to None, run_after=None
[2025-05-07T19:56:18.079+0000] {processor.py:183} INFO - Processing /home/airflow/.local/lib/python3.8/site-packages/airflow/example_dags/tutorial_taskflow_api_virtualenv.py took 0.211 seconds
[2025-05-07T19:56:48.404+0000] {processor.py:161} INFO - Started process (PID=2713) to work on /home/airflow/.local/lib/python3.8/site-packages/airflow/example_dags/tutorial_taskflow_api_virtualenv.py
[2025-05-07T19:56:48.405+0000] {processor.py:830} INFO - Processing file /home/airflow/.local/lib/python3.8/site-packages/airflow/example_dags/tutorial_taskflow_api_virtualenv.py for tasks to queue
[2025-05-07T19:56:48.408+0000] {logging_mixin.py:188} INFO - [2025-05-07T19:56:48.407+0000] {dagbag.py:538} INFO - Filling up the DagBag from /home/airflow/.local/lib/python3.8/site-packages/airflow/example_dags/tutorial_taskflow_api_virtualenv.py
[2025-05-07T19:56:48.418+0000] {processor.py:840} INFO - DAG(s) 'tutorial_taskflow_api_virtualenv' retrieved from /home/airflow/.local/lib/python3.8/site-packages/airflow/example_dags/tutorial_taskflow_api_virtualenv.py
[2025-05-07T19:56:48.438+0000] {logging_mixin.py:188} INFO - [2025-05-07T19:56:48.437+0000] {dag.py:3036} INFO - Sync 1 DAGs
[2025-05-07T19:56:48.450+0000] {logging_mixin.py:188} INFO - [2025-05-07T19:56:48.450+0000] {dag.py:3823} INFO - Setting next_dagrun for tutorial_taskflow_api_virtualenv to None, run_after=None
[2025-05-07T19:56:48.472+0000] {processor.py:183} INFO - Processing /home/airflow/.local/lib/python3.8/site-packages/airflow/example_dags/tutorial_taskflow_api_virtualenv.py took 0.072 seconds
[2025-05-07T19:57:18.869+0000] {processor.py:161} INFO - Started process (PID=2770) to work on /home/airflow/.local/lib/python3.8/site-packages/airflow/example_dags/tutorial_taskflow_api_virtualenv.py
[2025-05-07T19:57:18.871+0000] {processor.py:830} INFO - Processing file /home/airflow/.local/lib/python3.8/site-packages/airflow/example_dags/tutorial_taskflow_api_virtualenv.py for tasks to queue
[2025-05-07T19:57:18.873+0000] {logging_mixin.py:188} INFO - [2025-05-07T19:57:18.873+0000] {dagbag.py:538} INFO - Filling up the DagBag from /home/airflow/.local/lib/python3.8/site-packages/airflow/example_dags/tutorial_taskflow_api_virtualenv.py
[2025-05-07T19:57:18.884+0000] {processor.py:840} INFO - DAG(s) 'tutorial_taskflow_api_virtualenv' retrieved from /home/airflow/.local/lib/python3.8/site-packages/airflow/example_dags/tutorial_taskflow_api_virtualenv.py
[2025-05-07T19:57:18.905+0000] {logging_mixin.py:188} INFO - [2025-05-07T19:57:18.905+0000] {dag.py:3036} INFO - Sync 1 DAGs
[2025-05-07T19:57:18.919+0000] {logging_mixin.py:188} INFO - [2025-05-07T19:57:18.919+0000] {dag.py:3823} INFO - Setting next_dagrun for tutorial_taskflow_api_virtualenv to None, run_after=None
[2025-05-07T19:57:18.945+0000] {processor.py:183} INFO - Processing /home/airflow/.local/lib/python3.8/site-packages/airflow/example_dags/tutorial_taskflow_api_virtualenv.py took 0.080 seconds
[2025-05-07T19:57:49.801+0000] {processor.py:161} INFO - Started process (PID=2833) to work on /home/airflow/.local/lib/python3.8/site-packages/airflow/example_dags/tutorial_taskflow_api_virtualenv.py
[2025-05-07T19:57:49.805+0000] {processor.py:830} INFO - Processing file /home/airflow/.local/lib/python3.8/site-packages/airflow/example_dags/tutorial_taskflow_api_virtualenv.py for tasks to queue
[2025-05-07T19:57:49.813+0000] {logging_mixin.py:188} INFO - [2025-05-07T19:57:49.812+0000] {dagbag.py:538} INFO - Filling up the DagBag from /home/airflow/.local/lib/python3.8/site-packages/airflow/example_dags/tutorial_taskflow_api_virtualenv.py
[2025-05-07T19:57:49.835+0000] {processor.py:840} INFO - DAG(s) 'tutorial_taskflow_api_virtualenv' retrieved from /home/airflow/.local/lib/python3.8/site-packages/airflow/example_dags/tutorial_taskflow_api_virtualenv.py
[2025-05-07T19:57:49.868+0000] {logging_mixin.py:188} INFO - [2025-05-07T19:57:49.868+0000] {dag.py:3036} INFO - Sync 1 DAGs
[2025-05-07T19:57:49.882+0000] {logging_mixin.py:188} INFO - [2025-05-07T19:57:49.882+0000] {dag.py:3823} INFO - Setting next_dagrun for tutorial_taskflow_api_virtualenv to None, run_after=None
[2025-05-07T19:57:49.906+0000] {processor.py:183} INFO - Processing /home/airflow/.local/lib/python3.8/site-packages/airflow/example_dags/tutorial_taskflow_api_virtualenv.py took 0.114 seconds
[2025-05-07T19:58:20.677+0000] {processor.py:161} INFO - Started process (PID=2890) to work on /home/airflow/.local/lib/python3.8/site-packages/airflow/example_dags/tutorial_taskflow_api_virtualenv.py
[2025-05-07T19:58:20.679+0000] {processor.py:830} INFO - Processing file /home/airflow/.local/lib/python3.8/site-packages/airflow/example_dags/tutorial_taskflow_api_virtualenv.py for tasks to queue
[2025-05-07T19:58:20.681+0000] {logging_mixin.py:188} INFO - [2025-05-07T19:58:20.681+0000] {dagbag.py:538} INFO - Filling up the DagBag from /home/airflow/.local/lib/python3.8/site-packages/airflow/example_dags/tutorial_taskflow_api_virtualenv.py
[2025-05-07T19:58:20.692+0000] {processor.py:840} INFO - DAG(s) 'tutorial_taskflow_api_virtualenv' retrieved from /home/airflow/.local/lib/python3.8/site-packages/airflow/example_dags/tutorial_taskflow_api_virtualenv.py
[2025-05-07T19:58:20.713+0000] {logging_mixin.py:188} INFO - [2025-05-07T19:58:20.713+0000] {dag.py:3036} INFO - Sync 1 DAGs
[2025-05-07T19:58:20.726+0000] {logging_mixin.py:188} INFO - [2025-05-07T19:58:20.725+0000] {dag.py:3823} INFO - Setting next_dagrun for tutorial_taskflow_api_virtualenv to None, run_after=None
[2025-05-07T19:58:20.746+0000] {processor.py:183} INFO - Processing /home/airflow/.local/lib/python3.8/site-packages/airflow/example_dags/tutorial_taskflow_api_virtualenv.py took 0.072 seconds
[2025-05-07T19:58:50.936+0000] {processor.py:161} INFO - Started process (PID=2947) to work on /home/airflow/.local/lib/python3.8/site-packages/airflow/example_dags/tutorial_taskflow_api_virtualenv.py
[2025-05-07T19:58:50.938+0000] {processor.py:830} INFO - Processing file /home/airflow/.local/lib/python3.8/site-packages/airflow/example_dags/tutorial_taskflow_api_virtualenv.py for tasks to queue
[2025-05-07T19:58:50.940+0000] {logging_mixin.py:188} INFO - [2025-05-07T19:58:50.940+0000] {dagbag.py:538} INFO - Filling up the DagBag from /home/airflow/.local/lib/python3.8/site-packages/airflow/example_dags/tutorial_taskflow_api_virtualenv.py
[2025-05-07T19:58:50.951+0000] {processor.py:840} INFO - DAG(s) 'tutorial_taskflow_api_virtualenv' retrieved from /home/airflow/.local/lib/python3.8/site-packages/airflow/example_dags/tutorial_taskflow_api_virtualenv.py
[2025-05-07T19:58:50.972+0000] {logging_mixin.py:188} INFO - [2025-05-07T19:58:50.971+0000] {dag.py:3036} INFO - Sync 1 DAGs
[2025-05-07T19:58:50.986+0000] {logging_mixin.py:188} INFO - [2025-05-07T19:58:50.985+0000] {dag.py:3823} INFO - Setting next_dagrun for tutorial_taskflow_api_virtualenv to None, run_after=None
[2025-05-07T19:58:51.011+0000] {processor.py:183} INFO - Processing /home/airflow/.local/lib/python3.8/site-packages/airflow/example_dags/tutorial_taskflow_api_virtualenv.py took 0.078 seconds
[2025-05-07T19:59:21.218+0000] {processor.py:161} INFO - Started process (PID=3004) to work on /home/airflow/.local/lib/python3.8/site-packages/airflow/example_dags/tutorial_taskflow_api_virtualenv.py
[2025-05-07T19:59:21.220+0000] {processor.py:830} INFO - Processing file /home/airflow/.local/lib/python3.8/site-packages/airflow/example_dags/tutorial_taskflow_api_virtualenv.py for tasks to queue
[2025-05-07T19:59:21.223+0000] {logging_mixin.py:188} INFO - [2025-05-07T19:59:21.222+0000] {dagbag.py:538} INFO - Filling up the DagBag from /home/airflow/.local/lib/python3.8/site-packages/airflow/example_dags/tutorial_taskflow_api_virtualenv.py
[2025-05-07T19:59:21.237+0000] {processor.py:840} INFO - DAG(s) 'tutorial_taskflow_api_virtualenv' retrieved from /home/airflow/.local/lib/python3.8/site-packages/airflow/example_dags/tutorial_taskflow_api_virtualenv.py
[2025-05-07T19:59:21.264+0000] {logging_mixin.py:188} INFO - [2025-05-07T19:59:21.264+0000] {dag.py:3036} INFO - Sync 1 DAGs
[2025-05-07T19:59:21.276+0000] {logging_mixin.py:188} INFO - [2025-05-07T19:59:21.276+0000] {dag.py:3823} INFO - Setting next_dagrun for tutorial_taskflow_api_virtualenv to None, run_after=None
[2025-05-07T19:59:21.296+0000] {processor.py:183} INFO - Processing /home/airflow/.local/lib/python3.8/site-packages/airflow/example_dags/tutorial_taskflow_api_virtualenv.py took 0.081 seconds
[2025-05-07T19:59:51.843+0000] {processor.py:161} INFO - Started process (PID=3061) to work on /home/airflow/.local/lib/python3.8/site-packages/airflow/example_dags/tutorial_taskflow_api_virtualenv.py
[2025-05-07T19:59:51.844+0000] {processor.py:830} INFO - Processing file /home/airflow/.local/lib/python3.8/site-packages/airflow/example_dags/tutorial_taskflow_api_virtualenv.py for tasks to queue
[2025-05-07T19:59:51.846+0000] {logging_mixin.py:188} INFO - [2025-05-07T19:59:51.846+0000] {dagbag.py:538} INFO - Filling up the DagBag from /home/airflow/.local/lib/python3.8/site-packages/airflow/example_dags/tutorial_taskflow_api_virtualenv.py
[2025-05-07T19:59:51.861+0000] {processor.py:840} INFO - DAG(s) 'tutorial_taskflow_api_virtualenv' retrieved from /home/airflow/.local/lib/python3.8/site-packages/airflow/example_dags/tutorial_taskflow_api_virtualenv.py
[2025-05-07T19:59:51.883+0000] {logging_mixin.py:188} INFO - [2025-05-07T19:59:51.883+0000] {dag.py:3036} INFO - Sync 1 DAGs
[2025-05-07T19:59:51.897+0000] {logging_mixin.py:188} INFO - [2025-05-07T19:59:51.897+0000] {dag.py:3823} INFO - Setting next_dagrun for tutorial_taskflow_api_virtualenv to None, run_after=None
[2025-05-07T19:59:51.916+0000] {processor.py:183} INFO - Processing /home/airflow/.local/lib/python3.8/site-packages/airflow/example_dags/tutorial_taskflow_api_virtualenv.py took 0.077 seconds
[2025-05-07T20:00:22.464+0000] {processor.py:161} INFO - Started process (PID=3118) to work on /home/airflow/.local/lib/python3.8/site-packages/airflow/example_dags/tutorial_taskflow_api_virtualenv.py
[2025-05-07T20:00:22.466+0000] {processor.py:830} INFO - Processing file /home/airflow/.local/lib/python3.8/site-packages/airflow/example_dags/tutorial_taskflow_api_virtualenv.py for tasks to queue
[2025-05-07T20:00:22.470+0000] {logging_mixin.py:188} INFO - [2025-05-07T20:00:22.469+0000] {dagbag.py:538} INFO - Filling up the DagBag from /home/airflow/.local/lib/python3.8/site-packages/airflow/example_dags/tutorial_taskflow_api_virtualenv.py
[2025-05-07T20:00:22.482+0000] {processor.py:840} INFO - DAG(s) 'tutorial_taskflow_api_virtualenv' retrieved from /home/airflow/.local/lib/python3.8/site-packages/airflow/example_dags/tutorial_taskflow_api_virtualenv.py
[2025-05-07T20:00:22.504+0000] {logging_mixin.py:188} INFO - [2025-05-07T20:00:22.504+0000] {dag.py:3036} INFO - Sync 1 DAGs
[2025-05-07T20:00:22.517+0000] {logging_mixin.py:188} INFO - [2025-05-07T20:00:22.517+0000] {dag.py:3823} INFO - Setting next_dagrun for tutorial_taskflow_api_virtualenv to None, run_after=None
[2025-05-07T20:00:22.545+0000] {processor.py:183} INFO - Processing /home/airflow/.local/lib/python3.8/site-packages/airflow/example_dags/tutorial_taskflow_api_virtualenv.py took 0.085 seconds
[2025-05-07T20:00:53.072+0000] {processor.py:161} INFO - Started process (PID=3175) to work on /home/airflow/.local/lib/python3.8/site-packages/airflow/example_dags/tutorial_taskflow_api_virtualenv.py
[2025-05-07T20:00:53.075+0000] {processor.py:830} INFO - Processing file /home/airflow/.local/lib/python3.8/site-packages/airflow/example_dags/tutorial_taskflow_api_virtualenv.py for tasks to queue
[2025-05-07T20:00:53.078+0000] {logging_mixin.py:188} INFO - [2025-05-07T20:00:53.077+0000] {dagbag.py:538} INFO - Filling up the DagBag from /home/airflow/.local/lib/python3.8/site-packages/airflow/example_dags/tutorial_taskflow_api_virtualenv.py
[2025-05-07T20:00:53.091+0000] {processor.py:840} INFO - DAG(s) 'tutorial_taskflow_api_virtualenv' retrieved from /home/airflow/.local/lib/python3.8/site-packages/airflow/example_dags/tutorial_taskflow_api_virtualenv.py
[2025-05-07T20:00:53.113+0000] {logging_mixin.py:188} INFO - [2025-05-07T20:00:53.113+0000] {dag.py:3036} INFO - Sync 1 DAGs
[2025-05-07T20:00:53.126+0000] {logging_mixin.py:188} INFO - [2025-05-07T20:00:53.125+0000] {dag.py:3823} INFO - Setting next_dagrun for tutorial_taskflow_api_virtualenv to None, run_after=None
[2025-05-07T20:00:53.146+0000] {processor.py:183} INFO - Processing /home/airflow/.local/lib/python3.8/site-packages/airflow/example_dags/tutorial_taskflow_api_virtualenv.py took 0.080 seconds
[2025-05-07T20:01:23.587+0000] {processor.py:161} INFO - Started process (PID=3232) to work on /home/airflow/.local/lib/python3.8/site-packages/airflow/example_dags/tutorial_taskflow_api_virtualenv.py
[2025-05-07T20:01:23.588+0000] {processor.py:830} INFO - Processing file /home/airflow/.local/lib/python3.8/site-packages/airflow/example_dags/tutorial_taskflow_api_virtualenv.py for tasks to queue
[2025-05-07T20:01:23.590+0000] {logging_mixin.py:188} INFO - [2025-05-07T20:01:23.590+0000] {dagbag.py:538} INFO - Filling up the DagBag from /home/airflow/.local/lib/python3.8/site-packages/airflow/example_dags/tutorial_taskflow_api_virtualenv.py
[2025-05-07T20:01:23.601+0000] {processor.py:840} INFO - DAG(s) 'tutorial_taskflow_api_virtualenv' retrieved from /home/airflow/.local/lib/python3.8/site-packages/airflow/example_dags/tutorial_taskflow_api_virtualenv.py
[2025-05-07T20:01:23.623+0000] {logging_mixin.py:188} INFO - [2025-05-07T20:01:23.623+0000] {dag.py:3036} INFO - Sync 1 DAGs
[2025-05-07T20:01:23.637+0000] {logging_mixin.py:188} INFO - [2025-05-07T20:01:23.637+0000] {dag.py:3823} INFO - Setting next_dagrun for tutorial_taskflow_api_virtualenv to None, run_after=None
[2025-05-07T20:01:23.658+0000] {processor.py:183} INFO - Processing /home/airflow/.local/lib/python3.8/site-packages/airflow/example_dags/tutorial_taskflow_api_virtualenv.py took 0.074 seconds
[2025-05-07T20:01:54.075+0000] {processor.py:161} INFO - Started process (PID=3289) to work on /home/airflow/.local/lib/python3.8/site-packages/airflow/example_dags/tutorial_taskflow_api_virtualenv.py
[2025-05-07T20:01:54.077+0000] {processor.py:830} INFO - Processing file /home/airflow/.local/lib/python3.8/site-packages/airflow/example_dags/tutorial_taskflow_api_virtualenv.py for tasks to queue
[2025-05-07T20:01:54.080+0000] {logging_mixin.py:188} INFO - [2025-05-07T20:01:54.079+0000] {dagbag.py:538} INFO - Filling up the DagBag from /home/airflow/.local/lib/python3.8/site-packages/airflow/example_dags/tutorial_taskflow_api_virtualenv.py
[2025-05-07T20:01:54.090+0000] {processor.py:840} INFO - DAG(s) 'tutorial_taskflow_api_virtualenv' retrieved from /home/airflow/.local/lib/python3.8/site-packages/airflow/example_dags/tutorial_taskflow_api_virtualenv.py
[2025-05-07T20:01:54.109+0000] {logging_mixin.py:188} INFO - [2025-05-07T20:01:54.109+0000] {dag.py:3036} INFO - Sync 1 DAGs
[2025-05-07T20:01:54.121+0000] {logging_mixin.py:188} INFO - [2025-05-07T20:01:54.121+0000] {dag.py:3823} INFO - Setting next_dagrun for tutorial_taskflow_api_virtualenv to None, run_after=None
[2025-05-07T20:01:54.143+0000] {processor.py:183} INFO - Processing /home/airflow/.local/lib/python3.8/site-packages/airflow/example_dags/tutorial_taskflow_api_virtualenv.py took 0.071 seconds
[2025-05-07T20:02:24.460+0000] {processor.py:161} INFO - Started process (PID=3346) to work on /home/airflow/.local/lib/python3.8/site-packages/airflow/example_dags/tutorial_taskflow_api_virtualenv.py
[2025-05-07T20:02:24.461+0000] {processor.py:830} INFO - Processing file /home/airflow/.local/lib/python3.8/site-packages/airflow/example_dags/tutorial_taskflow_api_virtualenv.py for tasks to queue
[2025-05-07T20:02:24.464+0000] {logging_mixin.py:188} INFO - [2025-05-07T20:02:24.464+0000] {dagbag.py:538} INFO - Filling up the DagBag from /home/airflow/.local/lib/python3.8/site-packages/airflow/example_dags/tutorial_taskflow_api_virtualenv.py
[2025-05-07T20:02:24.475+0000] {processor.py:840} INFO - DAG(s) 'tutorial_taskflow_api_virtualenv' retrieved from /home/airflow/.local/lib/python3.8/site-packages/airflow/example_dags/tutorial_taskflow_api_virtualenv.py
[2025-05-07T20:02:24.496+0000] {logging_mixin.py:188} INFO - [2025-05-07T20:02:24.495+0000] {dag.py:3036} INFO - Sync 1 DAGs
[2025-05-07T20:02:24.508+0000] {logging_mixin.py:188} INFO - [2025-05-07T20:02:24.508+0000] {dag.py:3823} INFO - Setting next_dagrun for tutorial_taskflow_api_virtualenv to None, run_after=None
[2025-05-07T20:02:24.529+0000] {processor.py:183} INFO - Processing /home/airflow/.local/lib/python3.8/site-packages/airflow/example_dags/tutorial_taskflow_api_virtualenv.py took 0.073 seconds
[2025-05-07T20:02:55.363+0000] {processor.py:161} INFO - Started process (PID=3404) to work on /home/airflow/.local/lib/python3.8/site-packages/airflow/example_dags/tutorial_taskflow_api_virtualenv.py
[2025-05-07T20:02:55.365+0000] {processor.py:830} INFO - Processing file /home/airflow/.local/lib/python3.8/site-packages/airflow/example_dags/tutorial_taskflow_api_virtualenv.py for tasks to queue
[2025-05-07T20:02:55.367+0000] {logging_mixin.py:188} INFO - [2025-05-07T20:02:55.367+0000] {dagbag.py:538} INFO - Filling up the DagBag from /home/airflow/.local/lib/python3.8/site-packages/airflow/example_dags/tutorial_taskflow_api_virtualenv.py
[2025-05-07T20:02:55.378+0000] {processor.py:840} INFO - DAG(s) 'tutorial_taskflow_api_virtualenv' retrieved from /home/airflow/.local/lib/python3.8/site-packages/airflow/example_dags/tutorial_taskflow_api_virtualenv.py
[2025-05-07T20:02:55.401+0000] {logging_mixin.py:188} INFO - [2025-05-07T20:02:55.400+0000] {dag.py:3036} INFO - Sync 1 DAGs
[2025-05-07T20:02:55.415+0000] {logging_mixin.py:188} INFO - [2025-05-07T20:02:55.415+0000] {dag.py:3823} INFO - Setting next_dagrun for tutorial_taskflow_api_virtualenv to None, run_after=None
[2025-05-07T20:02:55.437+0000] {processor.py:183} INFO - Processing /home/airflow/.local/lib/python3.8/site-packages/airflow/example_dags/tutorial_taskflow_api_virtualenv.py took 0.077 seconds
[2025-05-07T20:03:25.624+0000] {processor.py:161} INFO - Started process (PID=3461) to work on /home/airflow/.local/lib/python3.8/site-packages/airflow/example_dags/tutorial_taskflow_api_virtualenv.py
[2025-05-07T20:03:25.626+0000] {processor.py:830} INFO - Processing file /home/airflow/.local/lib/python3.8/site-packages/airflow/example_dags/tutorial_taskflow_api_virtualenv.py for tasks to queue
[2025-05-07T20:03:25.633+0000] {logging_mixin.py:188} INFO - [2025-05-07T20:03:25.632+0000] {dagbag.py:538} INFO - Filling up the DagBag from /home/airflow/.local/lib/python3.8/site-packages/airflow/example_dags/tutorial_taskflow_api_virtualenv.py
[2025-05-07T20:03:25.644+0000] {processor.py:840} INFO - DAG(s) 'tutorial_taskflow_api_virtualenv' retrieved from /home/airflow/.local/lib/python3.8/site-packages/airflow/example_dags/tutorial_taskflow_api_virtualenv.py
[2025-05-07T20:03:25.663+0000] {logging_mixin.py:188} INFO - [2025-05-07T20:03:25.662+0000] {dag.py:3036} INFO - Sync 1 DAGs
[2025-05-07T20:03:25.674+0000] {logging_mixin.py:188} INFO - [2025-05-07T20:03:25.674+0000] {dag.py:3823} INFO - Setting next_dagrun for tutorial_taskflow_api_virtualenv to None, run_after=None
[2025-05-07T20:03:25.695+0000] {processor.py:183} INFO - Processing /home/airflow/.local/lib/python3.8/site-packages/airflow/example_dags/tutorial_taskflow_api_virtualenv.py took 0.075 seconds
[2025-05-07T20:03:55.837+0000] {processor.py:161} INFO - Started process (PID=3518) to work on /home/airflow/.local/lib/python3.8/site-packages/airflow/example_dags/tutorial_taskflow_api_virtualenv.py
[2025-05-07T20:03:55.838+0000] {processor.py:830} INFO - Processing file /home/airflow/.local/lib/python3.8/site-packages/airflow/example_dags/tutorial_taskflow_api_virtualenv.py for tasks to queue
[2025-05-07T20:03:55.840+0000] {logging_mixin.py:188} INFO - [2025-05-07T20:03:55.840+0000] {dagbag.py:538} INFO - Filling up the DagBag from /home/airflow/.local/lib/python3.8/site-packages/airflow/example_dags/tutorial_taskflow_api_virtualenv.py
[2025-05-07T20:03:55.852+0000] {processor.py:840} INFO - DAG(s) 'tutorial_taskflow_api_virtualenv' retrieved from /home/airflow/.local/lib/python3.8/site-packages/airflow/example_dags/tutorial_taskflow_api_virtualenv.py
[2025-05-07T20:03:55.877+0000] {logging_mixin.py:188} INFO - [2025-05-07T20:03:55.877+0000] {dag.py:3036} INFO - Sync 1 DAGs
[2025-05-07T20:03:55.891+0000] {logging_mixin.py:188} INFO - [2025-05-07T20:03:55.890+0000] {dag.py:3823} INFO - Setting next_dagrun for tutorial_taskflow_api_virtualenv to None, run_after=None
[2025-05-07T20:03:55.910+0000] {processor.py:183} INFO - Processing /home/airflow/.local/lib/python3.8/site-packages/airflow/example_dags/tutorial_taskflow_api_virtualenv.py took 0.077 seconds
[2025-05-07T20:04:26.804+0000] {processor.py:161} INFO - Started process (PID=3575) to work on /home/airflow/.local/lib/python3.8/site-packages/airflow/example_dags/tutorial_taskflow_api_virtualenv.py
[2025-05-07T20:04:26.805+0000] {processor.py:830} INFO - Processing file /home/airflow/.local/lib/python3.8/site-packages/airflow/example_dags/tutorial_taskflow_api_virtualenv.py for tasks to queue
[2025-05-07T20:04:26.807+0000] {logging_mixin.py:188} INFO - [2025-05-07T20:04:26.807+0000] {dagbag.py:538} INFO - Filling up the DagBag from /home/airflow/.local/lib/python3.8/site-packages/airflow/example_dags/tutorial_taskflow_api_virtualenv.py
[2025-05-07T20:04:26.818+0000] {processor.py:840} INFO - DAG(s) 'tutorial_taskflow_api_virtualenv' retrieved from /home/airflow/.local/lib/python3.8/site-packages/airflow/example_dags/tutorial_taskflow_api_virtualenv.py
[2025-05-07T20:04:26.837+0000] {logging_mixin.py:188} INFO - [2025-05-07T20:04:26.837+0000] {dag.py:3036} INFO - Sync 1 DAGs
[2025-05-07T20:04:26.850+0000] {logging_mixin.py:188} INFO - [2025-05-07T20:04:26.850+0000] {dag.py:3823} INFO - Setting next_dagrun for tutorial_taskflow_api_virtualenv to None, run_after=None
[2025-05-07T20:04:26.870+0000] {processor.py:183} INFO - Processing /home/airflow/.local/lib/python3.8/site-packages/airflow/example_dags/tutorial_taskflow_api_virtualenv.py took 0.069 seconds
[2025-05-07T20:04:57.255+0000] {processor.py:161} INFO - Started process (PID=3632) to work on /home/airflow/.local/lib/python3.8/site-packages/airflow/example_dags/tutorial_taskflow_api_virtualenv.py
[2025-05-07T20:04:57.256+0000] {processor.py:830} INFO - Processing file /home/airflow/.local/lib/python3.8/site-packages/airflow/example_dags/tutorial_taskflow_api_virtualenv.py for tasks to queue
[2025-05-07T20:04:57.259+0000] {logging_mixin.py:188} INFO - [2025-05-07T20:04:57.259+0000] {dagbag.py:538} INFO - Filling up the DagBag from /home/airflow/.local/lib/python3.8/site-packages/airflow/example_dags/tutorial_taskflow_api_virtualenv.py
[2025-05-07T20:04:57.270+0000] {processor.py:840} INFO - DAG(s) 'tutorial_taskflow_api_virtualenv' retrieved from /home/airflow/.local/lib/python3.8/site-packages/airflow/example_dags/tutorial_taskflow_api_virtualenv.py
[2025-05-07T20:04:57.294+0000] {logging_mixin.py:188} INFO - [2025-05-07T20:04:57.293+0000] {dag.py:3036} INFO - Sync 1 DAGs
[2025-05-07T20:04:57.307+0000] {logging_mixin.py:188} INFO - [2025-05-07T20:04:57.307+0000] {dag.py:3823} INFO - Setting next_dagrun for tutorial_taskflow_api_virtualenv to None, run_after=None
[2025-05-07T20:04:57.331+0000] {processor.py:183} INFO - Processing /home/airflow/.local/lib/python3.8/site-packages/airflow/example_dags/tutorial_taskflow_api_virtualenv.py took 0.080 seconds
[2025-05-07T20:05:28.270+0000] {processor.py:161} INFO - Started process (PID=3689) to work on /home/airflow/.local/lib/python3.8/site-packages/airflow/example_dags/tutorial_taskflow_api_virtualenv.py
[2025-05-07T20:05:28.271+0000] {processor.py:830} INFO - Processing file /home/airflow/.local/lib/python3.8/site-packages/airflow/example_dags/tutorial_taskflow_api_virtualenv.py for tasks to queue
[2025-05-07T20:05:28.274+0000] {logging_mixin.py:188} INFO - [2025-05-07T20:05:28.274+0000] {dagbag.py:538} INFO - Filling up the DagBag from /home/airflow/.local/lib/python3.8/site-packages/airflow/example_dags/tutorial_taskflow_api_virtualenv.py
[2025-05-07T20:05:28.285+0000] {processor.py:840} INFO - DAG(s) 'tutorial_taskflow_api_virtualenv' retrieved from /home/airflow/.local/lib/python3.8/site-packages/airflow/example_dags/tutorial_taskflow_api_virtualenv.py
[2025-05-07T20:05:28.310+0000] {logging_mixin.py:188} INFO - [2025-05-07T20:05:28.310+0000] {dag.py:3036} INFO - Sync 1 DAGs
[2025-05-07T20:05:28.324+0000] {logging_mixin.py:188} INFO - [2025-05-07T20:05:28.323+0000] {dag.py:3823} INFO - Setting next_dagrun for tutorial_taskflow_api_virtualenv to None, run_after=None
[2025-05-07T20:05:28.349+0000] {processor.py:183} INFO - Processing /home/airflow/.local/lib/python3.8/site-packages/airflow/example_dags/tutorial_taskflow_api_virtualenv.py took 0.084 seconds
[2025-05-07T20:05:58.474+0000] {processor.py:161} INFO - Started process (PID=3746) to work on /home/airflow/.local/lib/python3.8/site-packages/airflow/example_dags/tutorial_taskflow_api_virtualenv.py
[2025-05-07T20:05:58.475+0000] {processor.py:830} INFO - Processing file /home/airflow/.local/lib/python3.8/site-packages/airflow/example_dags/tutorial_taskflow_api_virtualenv.py for tasks to queue
[2025-05-07T20:05:58.478+0000] {logging_mixin.py:188} INFO - [2025-05-07T20:05:58.478+0000] {dagbag.py:538} INFO - Filling up the DagBag from /home/airflow/.local/lib/python3.8/site-packages/airflow/example_dags/tutorial_taskflow_api_virtualenv.py
[2025-05-07T20:05:58.493+0000] {processor.py:840} INFO - DAG(s) 'tutorial_taskflow_api_virtualenv' retrieved from /home/airflow/.local/lib/python3.8/site-packages/airflow/example_dags/tutorial_taskflow_api_virtualenv.py
[2025-05-07T20:05:58.516+0000] {logging_mixin.py:188} INFO - [2025-05-07T20:05:58.516+0000] {dag.py:3036} INFO - Sync 1 DAGs
[2025-05-07T20:05:58.530+0000] {logging_mixin.py:188} INFO - [2025-05-07T20:05:58.530+0000] {dag.py:3823} INFO - Setting next_dagrun for tutorial_taskflow_api_virtualenv to None, run_after=None
[2025-05-07T20:05:58.555+0000] {processor.py:183} INFO - Processing /home/airflow/.local/lib/python3.8/site-packages/airflow/example_dags/tutorial_taskflow_api_virtualenv.py took 0.085 seconds
[2025-05-07T20:06:28.819+0000] {processor.py:161} INFO - Started process (PID=3803) to work on /home/airflow/.local/lib/python3.8/site-packages/airflow/example_dags/tutorial_taskflow_api_virtualenv.py
[2025-05-07T20:06:28.821+0000] {processor.py:830} INFO - Processing file /home/airflow/.local/lib/python3.8/site-packages/airflow/example_dags/tutorial_taskflow_api_virtualenv.py for tasks to queue
[2025-05-07T20:06:28.824+0000] {logging_mixin.py:188} INFO - [2025-05-07T20:06:28.824+0000] {dagbag.py:538} INFO - Filling up the DagBag from /home/airflow/.local/lib/python3.8/site-packages/airflow/example_dags/tutorial_taskflow_api_virtualenv.py
[2025-05-07T20:06:28.834+0000] {processor.py:840} INFO - DAG(s) 'tutorial_taskflow_api_virtualenv' retrieved from /home/airflow/.local/lib/python3.8/site-packages/airflow/example_dags/tutorial_taskflow_api_virtualenv.py
[2025-05-07T20:06:28.855+0000] {logging_mixin.py:188} INFO - [2025-05-07T20:06:28.855+0000] {dag.py:3036} INFO - Sync 1 DAGs
[2025-05-07T20:06:28.872+0000] {logging_mixin.py:188} INFO - [2025-05-07T20:06:28.872+0000] {dag.py:3823} INFO - Setting next_dagrun for tutorial_taskflow_api_virtualenv to None, run_after=None
[2025-05-07T20:06:28.893+0000] {processor.py:183} INFO - Processing /home/airflow/.local/lib/python3.8/site-packages/airflow/example_dags/tutorial_taskflow_api_virtualenv.py took 0.077 seconds
[2025-05-07T20:06:59.194+0000] {processor.py:161} INFO - Started process (PID=3860) to work on /home/airflow/.local/lib/python3.8/site-packages/airflow/example_dags/tutorial_taskflow_api_virtualenv.py
[2025-05-07T20:06:59.195+0000] {processor.py:830} INFO - Processing file /home/airflow/.local/lib/python3.8/site-packages/airflow/example_dags/tutorial_taskflow_api_virtualenv.py for tasks to queue
[2025-05-07T20:06:59.197+0000] {logging_mixin.py:188} INFO - [2025-05-07T20:06:59.197+0000] {dagbag.py:538} INFO - Filling up the DagBag from /home/airflow/.local/lib/python3.8/site-packages/airflow/example_dags/tutorial_taskflow_api_virtualenv.py
[2025-05-07T20:06:59.208+0000] {processor.py:840} INFO - DAG(s) 'tutorial_taskflow_api_virtualenv' retrieved from /home/airflow/.local/lib/python3.8/site-packages/airflow/example_dags/tutorial_taskflow_api_virtualenv.py
[2025-05-07T20:06:59.228+0000] {logging_mixin.py:188} INFO - [2025-05-07T20:06:59.228+0000] {dag.py:3036} INFO - Sync 1 DAGs
[2025-05-07T20:06:59.241+0000] {logging_mixin.py:188} INFO - [2025-05-07T20:06:59.240+0000] {dag.py:3823} INFO - Setting next_dagrun for tutorial_taskflow_api_virtualenv to None, run_after=None
[2025-05-07T20:06:59.260+0000] {processor.py:183} INFO - Processing /home/airflow/.local/lib/python3.8/site-packages/airflow/example_dags/tutorial_taskflow_api_virtualenv.py took 0.069 seconds
[2025-05-07T20:07:31.083+0000] {processor.py:161} INFO - Started process (PID=3917) to work on /home/airflow/.local/lib/python3.8/site-packages/airflow/example_dags/tutorial_taskflow_api_virtualenv.py
[2025-05-07T20:07:31.086+0000] {processor.py:830} INFO - Processing file /home/airflow/.local/lib/python3.8/site-packages/airflow/example_dags/tutorial_taskflow_api_virtualenv.py for tasks to queue
[2025-05-07T20:07:31.092+0000] {logging_mixin.py:188} INFO - [2025-05-07T20:07:31.092+0000] {dagbag.py:538} INFO - Filling up the DagBag from /home/airflow/.local/lib/python3.8/site-packages/airflow/example_dags/tutorial_taskflow_api_virtualenv.py
[2025-05-07T20:07:31.108+0000] {processor.py:840} INFO - DAG(s) 'tutorial_taskflow_api_virtualenv' retrieved from /home/airflow/.local/lib/python3.8/site-packages/airflow/example_dags/tutorial_taskflow_api_virtualenv.py
[2025-05-07T20:07:31.130+0000] {logging_mixin.py:188} INFO - [2025-05-07T20:07:31.129+0000] {dag.py:3036} INFO - Sync 1 DAGs
[2025-05-07T20:07:31.144+0000] {logging_mixin.py:188} INFO - [2025-05-07T20:07:31.144+0000] {dag.py:3823} INFO - Setting next_dagrun for tutorial_taskflow_api_virtualenv to None, run_after=None
[2025-05-07T20:07:31.169+0000] {processor.py:183} INFO - Processing /home/airflow/.local/lib/python3.8/site-packages/airflow/example_dags/tutorial_taskflow_api_virtualenv.py took 0.092 seconds
[2025-05-07T20:08:02.067+0000] {processor.py:161} INFO - Started process (PID=3974) to work on /home/airflow/.local/lib/python3.8/site-packages/airflow/example_dags/tutorial_taskflow_api_virtualenv.py
[2025-05-07T20:08:02.068+0000] {processor.py:830} INFO - Processing file /home/airflow/.local/lib/python3.8/site-packages/airflow/example_dags/tutorial_taskflow_api_virtualenv.py for tasks to queue
[2025-05-07T20:08:02.071+0000] {logging_mixin.py:188} INFO - [2025-05-07T20:08:02.070+0000] {dagbag.py:538} INFO - Filling up the DagBag from /home/airflow/.local/lib/python3.8/site-packages/airflow/example_dags/tutorial_taskflow_api_virtualenv.py
[2025-05-07T20:08:02.081+0000] {processor.py:840} INFO - DAG(s) 'tutorial_taskflow_api_virtualenv' retrieved from /home/airflow/.local/lib/python3.8/site-packages/airflow/example_dags/tutorial_taskflow_api_virtualenv.py
[2025-05-07T20:08:02.107+0000] {logging_mixin.py:188} INFO - [2025-05-07T20:08:02.107+0000] {dag.py:3036} INFO - Sync 1 DAGs
[2025-05-07T20:08:02.126+0000] {logging_mixin.py:188} INFO - [2025-05-07T20:08:02.126+0000] {dag.py:3823} INFO - Setting next_dagrun for tutorial_taskflow_api_virtualenv to None, run_after=None
[2025-05-07T20:08:02.150+0000] {processor.py:183} INFO - Processing /home/airflow/.local/lib/python3.8/site-packages/airflow/example_dags/tutorial_taskflow_api_virtualenv.py took 0.087 seconds
[2025-05-07T20:08:32.935+0000] {processor.py:161} INFO - Started process (PID=4031) to work on /home/airflow/.local/lib/python3.8/site-packages/airflow/example_dags/tutorial_taskflow_api_virtualenv.py
[2025-05-07T20:08:32.937+0000] {processor.py:830} INFO - Processing file /home/airflow/.local/lib/python3.8/site-packages/airflow/example_dags/tutorial_taskflow_api_virtualenv.py for tasks to queue
[2025-05-07T20:08:32.938+0000] {logging_mixin.py:188} INFO - [2025-05-07T20:08:32.938+0000] {dagbag.py:538} INFO - Filling up the DagBag from /home/airflow/.local/lib/python3.8/site-packages/airflow/example_dags/tutorial_taskflow_api_virtualenv.py
[2025-05-07T20:08:32.949+0000] {processor.py:840} INFO - DAG(s) 'tutorial_taskflow_api_virtualenv' retrieved from /home/airflow/.local/lib/python3.8/site-packages/airflow/example_dags/tutorial_taskflow_api_virtualenv.py
[2025-05-07T20:08:32.969+0000] {logging_mixin.py:188} INFO - [2025-05-07T20:08:32.969+0000] {dag.py:3036} INFO - Sync 1 DAGs
[2025-05-07T20:08:32.982+0000] {logging_mixin.py:188} INFO - [2025-05-07T20:08:32.981+0000] {dag.py:3823} INFO - Setting next_dagrun for tutorial_taskflow_api_virtualenv to None, run_after=None
[2025-05-07T20:08:33.000+0000] {processor.py:183} INFO - Processing /home/airflow/.local/lib/python3.8/site-packages/airflow/example_dags/tutorial_taskflow_api_virtualenv.py took 0.067 seconds
[2025-05-07T20:09:04.080+0000] {processor.py:161} INFO - Started process (PID=4088) to work on /home/airflow/.local/lib/python3.8/site-packages/airflow/example_dags/tutorial_taskflow_api_virtualenv.py
[2025-05-07T20:09:04.082+0000] {processor.py:830} INFO - Processing file /home/airflow/.local/lib/python3.8/site-packages/airflow/example_dags/tutorial_taskflow_api_virtualenv.py for tasks to queue
[2025-05-07T20:09:04.084+0000] {logging_mixin.py:188} INFO - [2025-05-07T20:09:04.083+0000] {dagbag.py:538} INFO - Filling up the DagBag from /home/airflow/.local/lib/python3.8/site-packages/airflow/example_dags/tutorial_taskflow_api_virtualenv.py
[2025-05-07T20:09:04.095+0000] {processor.py:840} INFO - DAG(s) 'tutorial_taskflow_api_virtualenv' retrieved from /home/airflow/.local/lib/python3.8/site-packages/airflow/example_dags/tutorial_taskflow_api_virtualenv.py
[2025-05-07T20:09:04.120+0000] {logging_mixin.py:188} INFO - [2025-05-07T20:09:04.120+0000] {dag.py:3036} INFO - Sync 1 DAGs
[2025-05-07T20:09:04.136+0000] {logging_mixin.py:188} INFO - [2025-05-07T20:09:04.135+0000] {dag.py:3823} INFO - Setting next_dagrun for tutorial_taskflow_api_virtualenv to None, run_after=None
[2025-05-07T20:09:04.167+0000] {processor.py:183} INFO - Processing /home/airflow/.local/lib/python3.8/site-packages/airflow/example_dags/tutorial_taskflow_api_virtualenv.py took 0.092 seconds
[2025-05-07T20:09:34.375+0000] {processor.py:161} INFO - Started process (PID=4145) to work on /home/airflow/.local/lib/python3.8/site-packages/airflow/example_dags/tutorial_taskflow_api_virtualenv.py
[2025-05-07T20:09:34.377+0000] {processor.py:830} INFO - Processing file /home/airflow/.local/lib/python3.8/site-packages/airflow/example_dags/tutorial_taskflow_api_virtualenv.py for tasks to queue
[2025-05-07T20:09:34.379+0000] {logging_mixin.py:188} INFO - [2025-05-07T20:09:34.379+0000] {dagbag.py:538} INFO - Filling up the DagBag from /home/airflow/.local/lib/python3.8/site-packages/airflow/example_dags/tutorial_taskflow_api_virtualenv.py
[2025-05-07T20:09:34.393+0000] {processor.py:840} INFO - DAG(s) 'tutorial_taskflow_api_virtualenv' retrieved from /home/airflow/.local/lib/python3.8/site-packages/airflow/example_dags/tutorial_taskflow_api_virtualenv.py
[2025-05-07T20:09:34.416+0000] {logging_mixin.py:188} INFO - [2025-05-07T20:09:34.416+0000] {dag.py:3036} INFO - Sync 1 DAGs
[2025-05-07T20:09:34.430+0000] {logging_mixin.py:188} INFO - [2025-05-07T20:09:34.430+0000] {dag.py:3823} INFO - Setting next_dagrun for tutorial_taskflow_api_virtualenv to None, run_after=None
[2025-05-07T20:09:34.451+0000] {processor.py:183} INFO - Processing /home/airflow/.local/lib/python3.8/site-packages/airflow/example_dags/tutorial_taskflow_api_virtualenv.py took 0.080 seconds
[2025-05-07T20:10:05.369+0000] {processor.py:161} INFO - Started process (PID=4202) to work on /home/airflow/.local/lib/python3.8/site-packages/airflow/example_dags/tutorial_taskflow_api_virtualenv.py
[2025-05-07T20:10:05.371+0000] {processor.py:830} INFO - Processing file /home/airflow/.local/lib/python3.8/site-packages/airflow/example_dags/tutorial_taskflow_api_virtualenv.py for tasks to queue
[2025-05-07T20:10:05.375+0000] {logging_mixin.py:188} INFO - [2025-05-07T20:10:05.375+0000] {dagbag.py:538} INFO - Filling up the DagBag from /home/airflow/.local/lib/python3.8/site-packages/airflow/example_dags/tutorial_taskflow_api_virtualenv.py
[2025-05-07T20:10:05.397+0000] {processor.py:840} INFO - DAG(s) 'tutorial_taskflow_api_virtualenv' retrieved from /home/airflow/.local/lib/python3.8/site-packages/airflow/example_dags/tutorial_taskflow_api_virtualenv.py
[2025-05-07T20:10:05.420+0000] {logging_mixin.py:188} INFO - [2025-05-07T20:10:05.419+0000] {dag.py:3036} INFO - Sync 1 DAGs
[2025-05-07T20:10:05.433+0000] {logging_mixin.py:188} INFO - [2025-05-07T20:10:05.433+0000] {dag.py:3823} INFO - Setting next_dagrun for tutorial_taskflow_api_virtualenv to None, run_after=None
[2025-05-07T20:10:05.454+0000] {processor.py:183} INFO - Processing /home/airflow/.local/lib/python3.8/site-packages/airflow/example_dags/tutorial_taskflow_api_virtualenv.py took 0.090 seconds
[2025-05-07T20:10:35.783+0000] {processor.py:161} INFO - Started process (PID=4259) to work on /home/airflow/.local/lib/python3.8/site-packages/airflow/example_dags/tutorial_taskflow_api_virtualenv.py
[2025-05-07T20:10:35.785+0000] {processor.py:830} INFO - Processing file /home/airflow/.local/lib/python3.8/site-packages/airflow/example_dags/tutorial_taskflow_api_virtualenv.py for tasks to queue
[2025-05-07T20:10:35.787+0000] {logging_mixin.py:188} INFO - [2025-05-07T20:10:35.787+0000] {dagbag.py:538} INFO - Filling up the DagBag from /home/airflow/.local/lib/python3.8/site-packages/airflow/example_dags/tutorial_taskflow_api_virtualenv.py
[2025-05-07T20:10:35.798+0000] {processor.py:840} INFO - DAG(s) 'tutorial_taskflow_api_virtualenv' retrieved from /home/airflow/.local/lib/python3.8/site-packages/airflow/example_dags/tutorial_taskflow_api_virtualenv.py
[2025-05-07T20:10:35.819+0000] {logging_mixin.py:188} INFO - [2025-05-07T20:10:35.818+0000] {dag.py:3036} INFO - Sync 1 DAGs
[2025-05-07T20:10:35.832+0000] {logging_mixin.py:188} INFO - [2025-05-07T20:10:35.831+0000] {dag.py:3823} INFO - Setting next_dagrun for tutorial_taskflow_api_virtualenv to None, run_after=None
[2025-05-07T20:10:35.856+0000] {processor.py:183} INFO - Processing /home/airflow/.local/lib/python3.8/site-packages/airflow/example_dags/tutorial_taskflow_api_virtualenv.py took 0.076 seconds
[2025-05-07T20:11:06.342+0000] {processor.py:161} INFO - Started process (PID=4316) to work on /home/airflow/.local/lib/python3.8/site-packages/airflow/example_dags/tutorial_taskflow_api_virtualenv.py
[2025-05-07T20:11:06.345+0000] {processor.py:830} INFO - Processing file /home/airflow/.local/lib/python3.8/site-packages/airflow/example_dags/tutorial_taskflow_api_virtualenv.py for tasks to queue
[2025-05-07T20:11:06.350+0000] {logging_mixin.py:188} INFO - [2025-05-07T20:11:06.349+0000] {dagbag.py:538} INFO - Filling up the DagBag from /home/airflow/.local/lib/python3.8/site-packages/airflow/example_dags/tutorial_taskflow_api_virtualenv.py
[2025-05-07T20:11:06.367+0000] {processor.py:840} INFO - DAG(s) 'tutorial_taskflow_api_virtualenv' retrieved from /home/airflow/.local/lib/python3.8/site-packages/airflow/example_dags/tutorial_taskflow_api_virtualenv.py
[2025-05-07T20:11:06.394+0000] {logging_mixin.py:188} INFO - [2025-05-07T20:11:06.393+0000] {dag.py:3036} INFO - Sync 1 DAGs
[2025-05-07T20:11:06.407+0000] {logging_mixin.py:188} INFO - [2025-05-07T20:11:06.407+0000] {dag.py:3823} INFO - Setting next_dagrun for tutorial_taskflow_api_virtualenv to None, run_after=None
[2025-05-07T20:11:06.427+0000] {processor.py:183} INFO - Processing /home/airflow/.local/lib/python3.8/site-packages/airflow/example_dags/tutorial_taskflow_api_virtualenv.py took 0.088 seconds
[2025-05-07T20:11:37.540+0000] {processor.py:161} INFO - Started process (PID=4373) to work on /home/airflow/.local/lib/python3.8/site-packages/airflow/example_dags/tutorial_taskflow_api_virtualenv.py
[2025-05-07T20:11:37.543+0000] {processor.py:830} INFO - Processing file /home/airflow/.local/lib/python3.8/site-packages/airflow/example_dags/tutorial_taskflow_api_virtualenv.py for tasks to queue
[2025-05-07T20:11:37.547+0000] {logging_mixin.py:188} INFO - [2025-05-07T20:11:37.546+0000] {dagbag.py:538} INFO - Filling up the DagBag from /home/airflow/.local/lib/python3.8/site-packages/airflow/example_dags/tutorial_taskflow_api_virtualenv.py
[2025-05-07T20:11:37.560+0000] {processor.py:840} INFO - DAG(s) 'tutorial_taskflow_api_virtualenv' retrieved from /home/airflow/.local/lib/python3.8/site-packages/airflow/example_dags/tutorial_taskflow_api_virtualenv.py
[2025-05-07T20:11:37.583+0000] {logging_mixin.py:188} INFO - [2025-05-07T20:11:37.583+0000] {dag.py:3036} INFO - Sync 1 DAGs
[2025-05-07T20:11:37.596+0000] {logging_mixin.py:188} INFO - [2025-05-07T20:11:37.596+0000] {dag.py:3823} INFO - Setting next_dagrun for tutorial_taskflow_api_virtualenv to None, run_after=None
[2025-05-07T20:11:37.620+0000] {processor.py:183} INFO - Processing /home/airflow/.local/lib/python3.8/site-packages/airflow/example_dags/tutorial_taskflow_api_virtualenv.py took 0.087 seconds
[2025-05-07T20:12:07.874+0000] {processor.py:161} INFO - Started process (PID=4430) to work on /home/airflow/.local/lib/python3.8/site-packages/airflow/example_dags/tutorial_taskflow_api_virtualenv.py
[2025-05-07T20:12:07.876+0000] {processor.py:830} INFO - Processing file /home/airflow/.local/lib/python3.8/site-packages/airflow/example_dags/tutorial_taskflow_api_virtualenv.py for tasks to queue
[2025-05-07T20:12:07.879+0000] {logging_mixin.py:188} INFO - [2025-05-07T20:12:07.879+0000] {dagbag.py:538} INFO - Filling up the DagBag from /home/airflow/.local/lib/python3.8/site-packages/airflow/example_dags/tutorial_taskflow_api_virtualenv.py
[2025-05-07T20:12:07.892+0000] {processor.py:840} INFO - DAG(s) 'tutorial_taskflow_api_virtualenv' retrieved from /home/airflow/.local/lib/python3.8/site-packages/airflow/example_dags/tutorial_taskflow_api_virtualenv.py
[2025-05-07T20:12:07.914+0000] {logging_mixin.py:188} INFO - [2025-05-07T20:12:07.913+0000] {dag.py:3036} INFO - Sync 1 DAGs
[2025-05-07T20:12:07.927+0000] {logging_mixin.py:188} INFO - [2025-05-07T20:12:07.927+0000] {dag.py:3823} INFO - Setting next_dagrun for tutorial_taskflow_api_virtualenv to None, run_after=None
[2025-05-07T20:12:07.952+0000] {processor.py:183} INFO - Processing /home/airflow/.local/lib/python3.8/site-packages/airflow/example_dags/tutorial_taskflow_api_virtualenv.py took 0.084 seconds
[2025-05-07T20:12:38.422+0000] {processor.py:161} INFO - Started process (PID=4487) to work on /home/airflow/.local/lib/python3.8/site-packages/airflow/example_dags/tutorial_taskflow_api_virtualenv.py
[2025-05-07T20:12:38.425+0000] {processor.py:830} INFO - Processing file /home/airflow/.local/lib/python3.8/site-packages/airflow/example_dags/tutorial_taskflow_api_virtualenv.py for tasks to queue
[2025-05-07T20:12:38.430+0000] {logging_mixin.py:188} INFO - [2025-05-07T20:12:38.429+0000] {dagbag.py:538} INFO - Filling up the DagBag from /home/airflow/.local/lib/python3.8/site-packages/airflow/example_dags/tutorial_taskflow_api_virtualenv.py
[2025-05-07T20:12:38.448+0000] {processor.py:840} INFO - DAG(s) 'tutorial_taskflow_api_virtualenv' retrieved from /home/airflow/.local/lib/python3.8/site-packages/airflow/example_dags/tutorial_taskflow_api_virtualenv.py
[2025-05-07T20:12:38.475+0000] {logging_mixin.py:188} INFO - [2025-05-07T20:12:38.474+0000] {dag.py:3036} INFO - Sync 1 DAGs
[2025-05-07T20:12:38.490+0000] {logging_mixin.py:188} INFO - [2025-05-07T20:12:38.490+0000] {dag.py:3823} INFO - Setting next_dagrun for tutorial_taskflow_api_virtualenv to None, run_after=None
[2025-05-07T20:12:38.509+0000] {processor.py:183} INFO - Processing /home/airflow/.local/lib/python3.8/site-packages/airflow/example_dags/tutorial_taskflow_api_virtualenv.py took 0.097 seconds
[2025-05-07T20:13:09.067+0000] {processor.py:161} INFO - Started process (PID=4544) to work on /home/airflow/.local/lib/python3.8/site-packages/airflow/example_dags/tutorial_taskflow_api_virtualenv.py
[2025-05-07T20:13:09.071+0000] {processor.py:830} INFO - Processing file /home/airflow/.local/lib/python3.8/site-packages/airflow/example_dags/tutorial_taskflow_api_virtualenv.py for tasks to queue
[2025-05-07T20:13:09.076+0000] {logging_mixin.py:188} INFO - [2025-05-07T20:13:09.075+0000] {dagbag.py:538} INFO - Filling up the DagBag from /home/airflow/.local/lib/python3.8/site-packages/airflow/example_dags/tutorial_taskflow_api_virtualenv.py
[2025-05-07T20:13:09.095+0000] {processor.py:840} INFO - DAG(s) 'tutorial_taskflow_api_virtualenv' retrieved from /home/airflow/.local/lib/python3.8/site-packages/airflow/example_dags/tutorial_taskflow_api_virtualenv.py
[2025-05-07T20:13:09.122+0000] {logging_mixin.py:188} INFO - [2025-05-07T20:13:09.121+0000] {dag.py:3036} INFO - Sync 1 DAGs
[2025-05-07T20:13:09.134+0000] {logging_mixin.py:188} INFO - [2025-05-07T20:13:09.134+0000] {dag.py:3823} INFO - Setting next_dagrun for tutorial_taskflow_api_virtualenv to None, run_after=None
[2025-05-07T20:13:09.156+0000] {processor.py:183} INFO - Processing /home/airflow/.local/lib/python3.8/site-packages/airflow/example_dags/tutorial_taskflow_api_virtualenv.py took 0.097 seconds
[2025-05-07T20:13:39.784+0000] {processor.py:161} INFO - Started process (PID=4601) to work on /home/airflow/.local/lib/python3.8/site-packages/airflow/example_dags/tutorial_taskflow_api_virtualenv.py
[2025-05-07T20:13:39.785+0000] {processor.py:830} INFO - Processing file /home/airflow/.local/lib/python3.8/site-packages/airflow/example_dags/tutorial_taskflow_api_virtualenv.py for tasks to queue
[2025-05-07T20:13:39.788+0000] {logging_mixin.py:188} INFO - [2025-05-07T20:13:39.787+0000] {dagbag.py:538} INFO - Filling up the DagBag from /home/airflow/.local/lib/python3.8/site-packages/airflow/example_dags/tutorial_taskflow_api_virtualenv.py
[2025-05-07T20:13:39.798+0000] {processor.py:840} INFO - DAG(s) 'tutorial_taskflow_api_virtualenv' retrieved from /home/airflow/.local/lib/python3.8/site-packages/airflow/example_dags/tutorial_taskflow_api_virtualenv.py
[2025-05-07T20:13:39.819+0000] {logging_mixin.py:188} INFO - [2025-05-07T20:13:39.819+0000] {dag.py:3036} INFO - Sync 1 DAGs
[2025-05-07T20:13:39.831+0000] {logging_mixin.py:188} INFO - [2025-05-07T20:13:39.831+0000] {dag.py:3823} INFO - Setting next_dagrun for tutorial_taskflow_api_virtualenv to None, run_after=None
[2025-05-07T20:13:39.853+0000] {processor.py:183} INFO - Processing /home/airflow/.local/lib/python3.8/site-packages/airflow/example_dags/tutorial_taskflow_api_virtualenv.py took 0.073 seconds
[2025-05-07T20:14:10.471+0000] {processor.py:161} INFO - Started process (PID=4658) to work on /home/airflow/.local/lib/python3.8/site-packages/airflow/example_dags/tutorial_taskflow_api_virtualenv.py
[2025-05-07T20:14:10.474+0000] {processor.py:830} INFO - Processing file /home/airflow/.local/lib/python3.8/site-packages/airflow/example_dags/tutorial_taskflow_api_virtualenv.py for tasks to queue
[2025-05-07T20:14:10.476+0000] {logging_mixin.py:188} INFO - [2025-05-07T20:14:10.476+0000] {dagbag.py:538} INFO - Filling up the DagBag from /home/airflow/.local/lib/python3.8/site-packages/airflow/example_dags/tutorial_taskflow_api_virtualenv.py
[2025-05-07T20:14:10.490+0000] {processor.py:840} INFO - DAG(s) 'tutorial_taskflow_api_virtualenv' retrieved from /home/airflow/.local/lib/python3.8/site-packages/airflow/example_dags/tutorial_taskflow_api_virtualenv.py
[2025-05-07T20:14:10.522+0000] {logging_mixin.py:188} INFO - [2025-05-07T20:14:10.521+0000] {dag.py:3036} INFO - Sync 1 DAGs
[2025-05-07T20:14:10.542+0000] {logging_mixin.py:188} INFO - [2025-05-07T20:14:10.541+0000] {dag.py:3823} INFO - Setting next_dagrun for tutorial_taskflow_api_virtualenv to None, run_after=None
[2025-05-07T20:14:10.565+0000] {processor.py:183} INFO - Processing /home/airflow/.local/lib/python3.8/site-packages/airflow/example_dags/tutorial_taskflow_api_virtualenv.py took 0.097 seconds
[2025-05-07T20:14:41.119+0000] {processor.py:161} INFO - Started process (PID=4715) to work on /home/airflow/.local/lib/python3.8/site-packages/airflow/example_dags/tutorial_taskflow_api_virtualenv.py
[2025-05-07T20:14:41.120+0000] {processor.py:830} INFO - Processing file /home/airflow/.local/lib/python3.8/site-packages/airflow/example_dags/tutorial_taskflow_api_virtualenv.py for tasks to queue
[2025-05-07T20:14:41.123+0000] {logging_mixin.py:188} INFO - [2025-05-07T20:14:41.122+0000] {dagbag.py:538} INFO - Filling up the DagBag from /home/airflow/.local/lib/python3.8/site-packages/airflow/example_dags/tutorial_taskflow_api_virtualenv.py
[2025-05-07T20:14:41.133+0000] {processor.py:840} INFO - DAG(s) 'tutorial_taskflow_api_virtualenv' retrieved from /home/airflow/.local/lib/python3.8/site-packages/airflow/example_dags/tutorial_taskflow_api_virtualenv.py
[2025-05-07T20:14:41.155+0000] {logging_mixin.py:188} INFO - [2025-05-07T20:14:41.155+0000] {dag.py:3036} INFO - Sync 1 DAGs
[2025-05-07T20:14:41.167+0000] {logging_mixin.py:188} INFO - [2025-05-07T20:14:41.167+0000] {dag.py:3823} INFO - Setting next_dagrun for tutorial_taskflow_api_virtualenv to None, run_after=None
[2025-05-07T20:14:41.187+0000] {processor.py:183} INFO - Processing /home/airflow/.local/lib/python3.8/site-packages/airflow/example_dags/tutorial_taskflow_api_virtualenv.py took 0.072 seconds
[2025-05-07T20:15:11.836+0000] {processor.py:161} INFO - Started process (PID=4772) to work on /home/airflow/.local/lib/python3.8/site-packages/airflow/example_dags/tutorial_taskflow_api_virtualenv.py
[2025-05-07T20:15:11.839+0000] {processor.py:830} INFO - Processing file /home/airflow/.local/lib/python3.8/site-packages/airflow/example_dags/tutorial_taskflow_api_virtualenv.py for tasks to queue
[2025-05-07T20:15:11.843+0000] {logging_mixin.py:188} INFO - [2025-05-07T20:15:11.842+0000] {dagbag.py:538} INFO - Filling up the DagBag from /home/airflow/.local/lib/python3.8/site-packages/airflow/example_dags/tutorial_taskflow_api_virtualenv.py
[2025-05-07T20:15:11.862+0000] {processor.py:840} INFO - DAG(s) 'tutorial_taskflow_api_virtualenv' retrieved from /home/airflow/.local/lib/python3.8/site-packages/airflow/example_dags/tutorial_taskflow_api_virtualenv.py
[2025-05-07T20:15:11.894+0000] {logging_mixin.py:188} INFO - [2025-05-07T20:15:11.894+0000] {dag.py:3036} INFO - Sync 1 DAGs
[2025-05-07T20:15:11.916+0000] {logging_mixin.py:188} INFO - [2025-05-07T20:15:11.916+0000] {dag.py:3823} INFO - Setting next_dagrun for tutorial_taskflow_api_virtualenv to None, run_after=None
[2025-05-07T20:15:11.952+0000] {processor.py:183} INFO - Processing /home/airflow/.local/lib/python3.8/site-packages/airflow/example_dags/tutorial_taskflow_api_virtualenv.py took 0.124 seconds
[2025-05-07T20:15:42.904+0000] {processor.py:161} INFO - Started process (PID=4829) to work on /home/airflow/.local/lib/python3.8/site-packages/airflow/example_dags/tutorial_taskflow_api_virtualenv.py
[2025-05-07T20:15:42.908+0000] {processor.py:830} INFO - Processing file /home/airflow/.local/lib/python3.8/site-packages/airflow/example_dags/tutorial_taskflow_api_virtualenv.py for tasks to queue
[2025-05-07T20:15:42.911+0000] {logging_mixin.py:188} INFO - [2025-05-07T20:15:42.910+0000] {dagbag.py:538} INFO - Filling up the DagBag from /home/airflow/.local/lib/python3.8/site-packages/airflow/example_dags/tutorial_taskflow_api_virtualenv.py
[2025-05-07T20:15:42.924+0000] {processor.py:840} INFO - DAG(s) 'tutorial_taskflow_api_virtualenv' retrieved from /home/airflow/.local/lib/python3.8/site-packages/airflow/example_dags/tutorial_taskflow_api_virtualenv.py
[2025-05-07T20:15:42.956+0000] {logging_mixin.py:188} INFO - [2025-05-07T20:15:42.955+0000] {dag.py:3036} INFO - Sync 1 DAGs
[2025-05-07T20:15:42.984+0000] {logging_mixin.py:188} INFO - [2025-05-07T20:15:42.983+0000] {dag.py:3823} INFO - Setting next_dagrun for tutorial_taskflow_api_virtualenv to None, run_after=None
[2025-05-07T20:15:43.022+0000] {processor.py:183} INFO - Processing /home/airflow/.local/lib/python3.8/site-packages/airflow/example_dags/tutorial_taskflow_api_virtualenv.py took 0.122 seconds
[2025-05-07T20:16:13.369+0000] {processor.py:161} INFO - Started process (PID=4886) to work on /home/airflow/.local/lib/python3.8/site-packages/airflow/example_dags/tutorial_taskflow_api_virtualenv.py
[2025-05-07T20:16:13.371+0000] {processor.py:830} INFO - Processing file /home/airflow/.local/lib/python3.8/site-packages/airflow/example_dags/tutorial_taskflow_api_virtualenv.py for tasks to queue
[2025-05-07T20:16:13.373+0000] {logging_mixin.py:188} INFO - [2025-05-07T20:16:13.373+0000] {dagbag.py:538} INFO - Filling up the DagBag from /home/airflow/.local/lib/python3.8/site-packages/airflow/example_dags/tutorial_taskflow_api_virtualenv.py
[2025-05-07T20:16:13.385+0000] {processor.py:840} INFO - DAG(s) 'tutorial_taskflow_api_virtualenv' retrieved from /home/airflow/.local/lib/python3.8/site-packages/airflow/example_dags/tutorial_taskflow_api_virtualenv.py
[2025-05-07T20:16:13.416+0000] {logging_mixin.py:188} INFO - [2025-05-07T20:16:13.416+0000] {dag.py:3036} INFO - Sync 1 DAGs
[2025-05-07T20:16:13.434+0000] {logging_mixin.py:188} INFO - [2025-05-07T20:16:13.433+0000] {dag.py:3823} INFO - Setting next_dagrun for tutorial_taskflow_api_virtualenv to None, run_after=None
[2025-05-07T20:16:13.468+0000] {processor.py:183} INFO - Processing /home/airflow/.local/lib/python3.8/site-packages/airflow/example_dags/tutorial_taskflow_api_virtualenv.py took 0.104 seconds
[2025-05-07T20:16:43.624+0000] {processor.py:161} INFO - Started process (PID=4943) to work on /home/airflow/.local/lib/python3.8/site-packages/airflow/example_dags/tutorial_taskflow_api_virtualenv.py
[2025-05-07T20:16:43.626+0000] {processor.py:830} INFO - Processing file /home/airflow/.local/lib/python3.8/site-packages/airflow/example_dags/tutorial_taskflow_api_virtualenv.py for tasks to queue
[2025-05-07T20:16:43.629+0000] {logging_mixin.py:188} INFO - [2025-05-07T20:16:43.628+0000] {dagbag.py:538} INFO - Filling up the DagBag from /home/airflow/.local/lib/python3.8/site-packages/airflow/example_dags/tutorial_taskflow_api_virtualenv.py
[2025-05-07T20:16:43.644+0000] {processor.py:840} INFO - DAG(s) 'tutorial_taskflow_api_virtualenv' retrieved from /home/airflow/.local/lib/python3.8/site-packages/airflow/example_dags/tutorial_taskflow_api_virtualenv.py
[2025-05-07T20:16:43.669+0000] {logging_mixin.py:188} INFO - [2025-05-07T20:16:43.669+0000] {dag.py:3036} INFO - Sync 1 DAGs
[2025-05-07T20:16:43.685+0000] {logging_mixin.py:188} INFO - [2025-05-07T20:16:43.685+0000] {dag.py:3823} INFO - Setting next_dagrun for tutorial_taskflow_api_virtualenv to None, run_after=None
[2025-05-07T20:16:43.714+0000] {processor.py:183} INFO - Processing /home/airflow/.local/lib/python3.8/site-packages/airflow/example_dags/tutorial_taskflow_api_virtualenv.py took 0.094 seconds
[2025-05-07T20:17:14.279+0000] {processor.py:161} INFO - Started process (PID=5000) to work on /home/airflow/.local/lib/python3.8/site-packages/airflow/example_dags/tutorial_taskflow_api_virtualenv.py
[2025-05-07T20:17:14.281+0000] {processor.py:830} INFO - Processing file /home/airflow/.local/lib/python3.8/site-packages/airflow/example_dags/tutorial_taskflow_api_virtualenv.py for tasks to queue
[2025-05-07T20:17:14.283+0000] {logging_mixin.py:188} INFO - [2025-05-07T20:17:14.283+0000] {dagbag.py:538} INFO - Filling up the DagBag from /home/airflow/.local/lib/python3.8/site-packages/airflow/example_dags/tutorial_taskflow_api_virtualenv.py
[2025-05-07T20:17:14.297+0000] {processor.py:840} INFO - DAG(s) 'tutorial_taskflow_api_virtualenv' retrieved from /home/airflow/.local/lib/python3.8/site-packages/airflow/example_dags/tutorial_taskflow_api_virtualenv.py
[2025-05-07T20:17:14.324+0000] {logging_mixin.py:188} INFO - [2025-05-07T20:17:14.324+0000] {dag.py:3036} INFO - Sync 1 DAGs
[2025-05-07T20:17:14.341+0000] {logging_mixin.py:188} INFO - [2025-05-07T20:17:14.341+0000] {dag.py:3823} INFO - Setting next_dagrun for tutorial_taskflow_api_virtualenv to None, run_after=None
[2025-05-07T20:17:14.371+0000] {processor.py:183} INFO - Processing /home/airflow/.local/lib/python3.8/site-packages/airflow/example_dags/tutorial_taskflow_api_virtualenv.py took 0.096 seconds
[2025-05-07T20:17:45.153+0000] {processor.py:161} INFO - Started process (PID=5057) to work on /home/airflow/.local/lib/python3.8/site-packages/airflow/example_dags/tutorial_taskflow_api_virtualenv.py
[2025-05-07T20:17:45.156+0000] {processor.py:830} INFO - Processing file /home/airflow/.local/lib/python3.8/site-packages/airflow/example_dags/tutorial_taskflow_api_virtualenv.py for tasks to queue
[2025-05-07T20:17:45.160+0000] {logging_mixin.py:188} INFO - [2025-05-07T20:17:45.159+0000] {dagbag.py:538} INFO - Filling up the DagBag from /home/airflow/.local/lib/python3.8/site-packages/airflow/example_dags/tutorial_taskflow_api_virtualenv.py
[2025-05-07T20:17:45.176+0000] {processor.py:840} INFO - DAG(s) 'tutorial_taskflow_api_virtualenv' retrieved from /home/airflow/.local/lib/python3.8/site-packages/airflow/example_dags/tutorial_taskflow_api_virtualenv.py
[2025-05-07T20:17:45.203+0000] {logging_mixin.py:188} INFO - [2025-05-07T20:17:45.203+0000] {dag.py:3036} INFO - Sync 1 DAGs
[2025-05-07T20:17:45.220+0000] {logging_mixin.py:188} INFO - [2025-05-07T20:17:45.220+0000] {dag.py:3823} INFO - Setting next_dagrun for tutorial_taskflow_api_virtualenv to None, run_after=None
[2025-05-07T20:17:45.246+0000] {processor.py:183} INFO - Processing /home/airflow/.local/lib/python3.8/site-packages/airflow/example_dags/tutorial_taskflow_api_virtualenv.py took 0.101 seconds
[2025-05-07T20:18:15.802+0000] {processor.py:161} INFO - Started process (PID=5115) to work on /home/airflow/.local/lib/python3.8/site-packages/airflow/example_dags/tutorial_taskflow_api_virtualenv.py
[2025-05-07T20:18:15.806+0000] {processor.py:830} INFO - Processing file /home/airflow/.local/lib/python3.8/site-packages/airflow/example_dags/tutorial_taskflow_api_virtualenv.py for tasks to queue
[2025-05-07T20:18:15.814+0000] {logging_mixin.py:188} INFO - [2025-05-07T20:18:15.813+0000] {dagbag.py:538} INFO - Filling up the DagBag from /home/airflow/.local/lib/python3.8/site-packages/airflow/example_dags/tutorial_taskflow_api_virtualenv.py
[2025-05-07T20:18:15.852+0000] {processor.py:840} INFO - DAG(s) 'tutorial_taskflow_api_virtualenv' retrieved from /home/airflow/.local/lib/python3.8/site-packages/airflow/example_dags/tutorial_taskflow_api_virtualenv.py
[2025-05-07T20:18:15.904+0000] {logging_mixin.py:188} INFO - [2025-05-07T20:18:15.904+0000] {dag.py:3036} INFO - Sync 1 DAGs
[2025-05-07T20:18:15.921+0000] {logging_mixin.py:188} INFO - [2025-05-07T20:18:15.920+0000] {dag.py:3823} INFO - Setting next_dagrun for tutorial_taskflow_api_virtualenv to None, run_after=None
[2025-05-07T20:18:15.961+0000] {processor.py:183} INFO - Processing /home/airflow/.local/lib/python3.8/site-packages/airflow/example_dags/tutorial_taskflow_api_virtualenv.py took 0.172 seconds
[2025-05-07T20:18:46.246+0000] {processor.py:161} INFO - Started process (PID=5172) to work on /home/airflow/.local/lib/python3.8/site-packages/airflow/example_dags/tutorial_taskflow_api_virtualenv.py
[2025-05-07T20:18:46.247+0000] {processor.py:830} INFO - Processing file /home/airflow/.local/lib/python3.8/site-packages/airflow/example_dags/tutorial_taskflow_api_virtualenv.py for tasks to queue
[2025-05-07T20:18:46.250+0000] {logging_mixin.py:188} INFO - [2025-05-07T20:18:46.250+0000] {dagbag.py:538} INFO - Filling up the DagBag from /home/airflow/.local/lib/python3.8/site-packages/airflow/example_dags/tutorial_taskflow_api_virtualenv.py
[2025-05-07T20:18:46.265+0000] {processor.py:840} INFO - DAG(s) 'tutorial_taskflow_api_virtualenv' retrieved from /home/airflow/.local/lib/python3.8/site-packages/airflow/example_dags/tutorial_taskflow_api_virtualenv.py
[2025-05-07T20:18:46.294+0000] {logging_mixin.py:188} INFO - [2025-05-07T20:18:46.294+0000] {dag.py:3036} INFO - Sync 1 DAGs
[2025-05-07T20:18:46.312+0000] {logging_mixin.py:188} INFO - [2025-05-07T20:18:46.311+0000] {dag.py:3823} INFO - Setting next_dagrun for tutorial_taskflow_api_virtualenv to None, run_after=None
[2025-05-07T20:18:46.342+0000] {processor.py:183} INFO - Processing /home/airflow/.local/lib/python3.8/site-packages/airflow/example_dags/tutorial_taskflow_api_virtualenv.py took 0.101 seconds
