[2025-05-07T19:05:17.249+0000] {processor.py:161} INFO - Started process (PID=108) to work on /home/airflow/.local/lib/python3.8/site-packages/airflow/example_dags/plugins/listener_plugin.py
[2025-05-07T19:05:17.251+0000] {processor.py:830} INFO - Processing file /home/airflow/.local/lib/python3.8/site-packages/airflow/example_dags/plugins/listener_plugin.py for tasks to queue
[2025-05-07T19:05:17.254+0000] {logging_mixin.py:188} INFO - [2025-05-07T19:05:17.253+0000] {dagbag.py:538} INFO - Filling up the DagBag from /home/airflow/.local/lib/python3.8/site-packages/airflow/example_dags/plugins/listener_plugin.py
[2025-05-07T19:05:17.272+0000] {processor.py:842} WARNING - No viable dags retrieved from /home/airflow/.local/lib/python3.8/site-packages/airflow/example_dags/plugins/listener_plugin.py
[2025-05-07T19:05:17.286+0000] {processor.py:183} INFO - Processing /home/airflow/.local/lib/python3.8/site-packages/airflow/example_dags/plugins/listener_plugin.py took 0.039 seconds
[2025-05-07T19:05:48.877+0000] {processor.py:161} INFO - Started process (PID=163) to work on /home/airflow/.local/lib/python3.8/site-packages/airflow/example_dags/plugins/listener_plugin.py
[2025-05-07T19:05:48.878+0000] {processor.py:830} INFO - Processing file /home/airflow/.local/lib/python3.8/site-packages/airflow/example_dags/plugins/listener_plugin.py for tasks to queue
[2025-05-07T19:05:48.880+0000] {logging_mixin.py:188} INFO - [2025-05-07T19:05:48.880+0000] {dagbag.py:538} INFO - Filling up the DagBag from /home/airflow/.local/lib/python3.8/site-packages/airflow/example_dags/plugins/listener_plugin.py
[2025-05-07T19:05:48.883+0000] {processor.py:842} WARNING - No viable dags retrieved from /home/airflow/.local/lib/python3.8/site-packages/airflow/example_dags/plugins/listener_plugin.py
[2025-05-07T19:05:48.897+0000] {processor.py:183} INFO - Processing /home/airflow/.local/lib/python3.8/site-packages/airflow/example_dags/plugins/listener_plugin.py took 0.024 seconds
[2025-05-07T19:06:19.438+0000] {processor.py:161} INFO - Started process (PID=218) to work on /home/airflow/.local/lib/python3.8/site-packages/airflow/example_dags/plugins/listener_plugin.py
[2025-05-07T19:06:19.440+0000] {processor.py:830} INFO - Processing file /home/airflow/.local/lib/python3.8/site-packages/airflow/example_dags/plugins/listener_plugin.py for tasks to queue
[2025-05-07T19:06:19.442+0000] {logging_mixin.py:188} INFO - [2025-05-07T19:06:19.442+0000] {dagbag.py:538} INFO - Filling up the DagBag from /home/airflow/.local/lib/python3.8/site-packages/airflow/example_dags/plugins/listener_plugin.py
[2025-05-07T19:06:19.445+0000] {processor.py:842} WARNING - No viable dags retrieved from /home/airflow/.local/lib/python3.8/site-packages/airflow/example_dags/plugins/listener_plugin.py
[2025-05-07T19:06:19.462+0000] {processor.py:183} INFO - Processing /home/airflow/.local/lib/python3.8/site-packages/airflow/example_dags/plugins/listener_plugin.py took 0.027 seconds
[2025-05-07T19:06:50.466+0000] {processor.py:161} INFO - Started process (PID=273) to work on /home/airflow/.local/lib/python3.8/site-packages/airflow/example_dags/plugins/listener_plugin.py
[2025-05-07T19:06:50.468+0000] {processor.py:830} INFO - Processing file /home/airflow/.local/lib/python3.8/site-packages/airflow/example_dags/plugins/listener_plugin.py for tasks to queue
[2025-05-07T19:06:50.471+0000] {logging_mixin.py:188} INFO - [2025-05-07T19:06:50.470+0000] {dagbag.py:538} INFO - Filling up the DagBag from /home/airflow/.local/lib/python3.8/site-packages/airflow/example_dags/plugins/listener_plugin.py
[2025-05-07T19:06:50.476+0000] {processor.py:842} WARNING - No viable dags retrieved from /home/airflow/.local/lib/python3.8/site-packages/airflow/example_dags/plugins/listener_plugin.py
[2025-05-07T19:06:50.493+0000] {processor.py:183} INFO - Processing /home/airflow/.local/lib/python3.8/site-packages/airflow/example_dags/plugins/listener_plugin.py took 0.030 seconds
[2025-05-07T19:07:21.218+0000] {processor.py:161} INFO - Started process (PID=328) to work on /home/airflow/.local/lib/python3.8/site-packages/airflow/example_dags/plugins/listener_plugin.py
[2025-05-07T19:07:21.219+0000] {processor.py:830} INFO - Processing file /home/airflow/.local/lib/python3.8/site-packages/airflow/example_dags/plugins/listener_plugin.py for tasks to queue
[2025-05-07T19:07:21.222+0000] {logging_mixin.py:188} INFO - [2025-05-07T19:07:21.222+0000] {dagbag.py:538} INFO - Filling up the DagBag from /home/airflow/.local/lib/python3.8/site-packages/airflow/example_dags/plugins/listener_plugin.py
[2025-05-07T19:07:21.227+0000] {processor.py:842} WARNING - No viable dags retrieved from /home/airflow/.local/lib/python3.8/site-packages/airflow/example_dags/plugins/listener_plugin.py
[2025-05-07T19:07:21.242+0000] {processor.py:183} INFO - Processing /home/airflow/.local/lib/python3.8/site-packages/airflow/example_dags/plugins/listener_plugin.py took 0.029 seconds
[2025-05-07T19:07:51.658+0000] {processor.py:161} INFO - Started process (PID=382) to work on /home/airflow/.local/lib/python3.8/site-packages/airflow/example_dags/plugins/listener_plugin.py
[2025-05-07T19:07:51.660+0000] {processor.py:830} INFO - Processing file /home/airflow/.local/lib/python3.8/site-packages/airflow/example_dags/plugins/listener_plugin.py for tasks to queue
[2025-05-07T19:07:51.662+0000] {logging_mixin.py:188} INFO - [2025-05-07T19:07:51.662+0000] {dagbag.py:538} INFO - Filling up the DagBag from /home/airflow/.local/lib/python3.8/site-packages/airflow/example_dags/plugins/listener_plugin.py
[2025-05-07T19:07:51.665+0000] {processor.py:842} WARNING - No viable dags retrieved from /home/airflow/.local/lib/python3.8/site-packages/airflow/example_dags/plugins/listener_plugin.py
[2025-05-07T19:07:51.678+0000] {processor.py:183} INFO - Processing /home/airflow/.local/lib/python3.8/site-packages/airflow/example_dags/plugins/listener_plugin.py took 0.023 seconds
[2025-05-07T19:08:22.092+0000] {processor.py:161} INFO - Started process (PID=437) to work on /home/airflow/.local/lib/python3.8/site-packages/airflow/example_dags/plugins/listener_plugin.py
[2025-05-07T19:08:22.094+0000] {processor.py:830} INFO - Processing file /home/airflow/.local/lib/python3.8/site-packages/airflow/example_dags/plugins/listener_plugin.py for tasks to queue
[2025-05-07T19:08:22.098+0000] {logging_mixin.py:188} INFO - [2025-05-07T19:08:22.098+0000] {dagbag.py:538} INFO - Filling up the DagBag from /home/airflow/.local/lib/python3.8/site-packages/airflow/example_dags/plugins/listener_plugin.py
[2025-05-07T19:08:22.102+0000] {processor.py:842} WARNING - No viable dags retrieved from /home/airflow/.local/lib/python3.8/site-packages/airflow/example_dags/plugins/listener_plugin.py
[2025-05-07T19:08:22.117+0000] {processor.py:183} INFO - Processing /home/airflow/.local/lib/python3.8/site-packages/airflow/example_dags/plugins/listener_plugin.py took 0.028 seconds
[2025-05-07T19:08:52.278+0000] {processor.py:161} INFO - Started process (PID=491) to work on /home/airflow/.local/lib/python3.8/site-packages/airflow/example_dags/plugins/listener_plugin.py
[2025-05-07T19:08:52.280+0000] {processor.py:830} INFO - Processing file /home/airflow/.local/lib/python3.8/site-packages/airflow/example_dags/plugins/listener_plugin.py for tasks to queue
[2025-05-07T19:08:52.282+0000] {logging_mixin.py:188} INFO - [2025-05-07T19:08:52.282+0000] {dagbag.py:538} INFO - Filling up the DagBag from /home/airflow/.local/lib/python3.8/site-packages/airflow/example_dags/plugins/listener_plugin.py
[2025-05-07T19:08:52.285+0000] {processor.py:842} WARNING - No viable dags retrieved from /home/airflow/.local/lib/python3.8/site-packages/airflow/example_dags/plugins/listener_plugin.py
[2025-05-07T19:08:52.300+0000] {processor.py:183} INFO - Processing /home/airflow/.local/lib/python3.8/site-packages/airflow/example_dags/plugins/listener_plugin.py took 0.025 seconds
[2025-05-07T19:09:22.625+0000] {processor.py:161} INFO - Started process (PID=547) to work on /home/airflow/.local/lib/python3.8/site-packages/airflow/example_dags/plugins/listener_plugin.py
[2025-05-07T19:09:22.627+0000] {processor.py:830} INFO - Processing file /home/airflow/.local/lib/python3.8/site-packages/airflow/example_dags/plugins/listener_plugin.py for tasks to queue
[2025-05-07T19:09:22.631+0000] {logging_mixin.py:188} INFO - [2025-05-07T19:09:22.631+0000] {dagbag.py:538} INFO - Filling up the DagBag from /home/airflow/.local/lib/python3.8/site-packages/airflow/example_dags/plugins/listener_plugin.py
[2025-05-07T19:09:22.636+0000] {processor.py:842} WARNING - No viable dags retrieved from /home/airflow/.local/lib/python3.8/site-packages/airflow/example_dags/plugins/listener_plugin.py
[2025-05-07T19:09:22.655+0000] {processor.py:183} INFO - Processing /home/airflow/.local/lib/python3.8/site-packages/airflow/example_dags/plugins/listener_plugin.py took 0.035 seconds
[2025-05-07T19:09:53.440+0000] {processor.py:161} INFO - Started process (PID=603) to work on /home/airflow/.local/lib/python3.8/site-packages/airflow/example_dags/plugins/listener_plugin.py
[2025-05-07T19:09:53.442+0000] {processor.py:830} INFO - Processing file /home/airflow/.local/lib/python3.8/site-packages/airflow/example_dags/plugins/listener_plugin.py for tasks to queue
[2025-05-07T19:09:53.444+0000] {logging_mixin.py:188} INFO - [2025-05-07T19:09:53.443+0000] {dagbag.py:538} INFO - Filling up the DagBag from /home/airflow/.local/lib/python3.8/site-packages/airflow/example_dags/plugins/listener_plugin.py
[2025-05-07T19:09:53.446+0000] {processor.py:842} WARNING - No viable dags retrieved from /home/airflow/.local/lib/python3.8/site-packages/airflow/example_dags/plugins/listener_plugin.py
[2025-05-07T19:09:53.458+0000] {processor.py:183} INFO - Processing /home/airflow/.local/lib/python3.8/site-packages/airflow/example_dags/plugins/listener_plugin.py took 0.021 seconds
[2025-05-07T19:10:23.998+0000] {processor.py:161} INFO - Started process (PID=660) to work on /home/airflow/.local/lib/python3.8/site-packages/airflow/example_dags/plugins/listener_plugin.py
[2025-05-07T19:10:24.000+0000] {processor.py:830} INFO - Processing file /home/airflow/.local/lib/python3.8/site-packages/airflow/example_dags/plugins/listener_plugin.py for tasks to queue
[2025-05-07T19:10:24.003+0000] {logging_mixin.py:188} INFO - [2025-05-07T19:10:24.003+0000] {dagbag.py:538} INFO - Filling up the DagBag from /home/airflow/.local/lib/python3.8/site-packages/airflow/example_dags/plugins/listener_plugin.py
[2025-05-07T19:10:24.006+0000] {processor.py:842} WARNING - No viable dags retrieved from /home/airflow/.local/lib/python3.8/site-packages/airflow/example_dags/plugins/listener_plugin.py
[2025-05-07T19:10:24.021+0000] {processor.py:183} INFO - Processing /home/airflow/.local/lib/python3.8/site-packages/airflow/example_dags/plugins/listener_plugin.py took 0.027 seconds
[2025-05-07T19:10:55.408+0000] {processor.py:161} INFO - Started process (PID=717) to work on /home/airflow/.local/lib/python3.8/site-packages/airflow/example_dags/plugins/listener_plugin.py
[2025-05-07T19:10:55.412+0000] {processor.py:830} INFO - Processing file /home/airflow/.local/lib/python3.8/site-packages/airflow/example_dags/plugins/listener_plugin.py for tasks to queue
[2025-05-07T19:10:55.417+0000] {logging_mixin.py:188} INFO - [2025-05-07T19:10:55.416+0000] {dagbag.py:538} INFO - Filling up the DagBag from /home/airflow/.local/lib/python3.8/site-packages/airflow/example_dags/plugins/listener_plugin.py
[2025-05-07T19:10:55.425+0000] {processor.py:842} WARNING - No viable dags retrieved from /home/airflow/.local/lib/python3.8/site-packages/airflow/example_dags/plugins/listener_plugin.py
[2025-05-07T19:10:55.449+0000] {processor.py:183} INFO - Processing /home/airflow/.local/lib/python3.8/site-packages/airflow/example_dags/plugins/listener_plugin.py took 0.049 seconds
[2025-05-07T19:11:26.041+0000] {processor.py:161} INFO - Started process (PID=777) to work on /home/airflow/.local/lib/python3.8/site-packages/airflow/example_dags/plugins/listener_plugin.py
[2025-05-07T19:11:26.042+0000] {processor.py:830} INFO - Processing file /home/airflow/.local/lib/python3.8/site-packages/airflow/example_dags/plugins/listener_plugin.py for tasks to queue
[2025-05-07T19:11:26.045+0000] {logging_mixin.py:188} INFO - [2025-05-07T19:11:26.045+0000] {dagbag.py:538} INFO - Filling up the DagBag from /home/airflow/.local/lib/python3.8/site-packages/airflow/example_dags/plugins/listener_plugin.py
[2025-05-07T19:11:26.050+0000] {processor.py:842} WARNING - No viable dags retrieved from /home/airflow/.local/lib/python3.8/site-packages/airflow/example_dags/plugins/listener_plugin.py
[2025-05-07T19:11:26.066+0000] {processor.py:183} INFO - Processing /home/airflow/.local/lib/python3.8/site-packages/airflow/example_dags/plugins/listener_plugin.py took 0.028 seconds
[2025-05-07T19:11:56.592+0000] {processor.py:161} INFO - Started process (PID=837) to work on /home/airflow/.local/lib/python3.8/site-packages/airflow/example_dags/plugins/listener_plugin.py
[2025-05-07T19:11:56.594+0000] {processor.py:830} INFO - Processing file /home/airflow/.local/lib/python3.8/site-packages/airflow/example_dags/plugins/listener_plugin.py for tasks to queue
[2025-05-07T19:11:56.597+0000] {logging_mixin.py:188} INFO - [2025-05-07T19:11:56.596+0000] {dagbag.py:538} INFO - Filling up the DagBag from /home/airflow/.local/lib/python3.8/site-packages/airflow/example_dags/plugins/listener_plugin.py
[2025-05-07T19:11:56.600+0000] {processor.py:842} WARNING - No viable dags retrieved from /home/airflow/.local/lib/python3.8/site-packages/airflow/example_dags/plugins/listener_plugin.py
[2025-05-07T19:11:56.620+0000] {processor.py:183} INFO - Processing /home/airflow/.local/lib/python3.8/site-packages/airflow/example_dags/plugins/listener_plugin.py took 0.033 seconds
[2025-05-07T19:12:27.628+0000] {processor.py:161} INFO - Started process (PID=893) to work on /home/airflow/.local/lib/python3.8/site-packages/airflow/example_dags/plugins/listener_plugin.py
[2025-05-07T19:12:27.630+0000] {processor.py:830} INFO - Processing file /home/airflow/.local/lib/python3.8/site-packages/airflow/example_dags/plugins/listener_plugin.py for tasks to queue
[2025-05-07T19:12:27.632+0000] {logging_mixin.py:188} INFO - [2025-05-07T19:12:27.632+0000] {dagbag.py:538} INFO - Filling up the DagBag from /home/airflow/.local/lib/python3.8/site-packages/airflow/example_dags/plugins/listener_plugin.py
[2025-05-07T19:12:27.636+0000] {processor.py:842} WARNING - No viable dags retrieved from /home/airflow/.local/lib/python3.8/site-packages/airflow/example_dags/plugins/listener_plugin.py
[2025-05-07T19:12:27.655+0000] {processor.py:183} INFO - Processing /home/airflow/.local/lib/python3.8/site-packages/airflow/example_dags/plugins/listener_plugin.py took 0.032 seconds
[2025-05-07T19:12:58.117+0000] {processor.py:161} INFO - Started process (PID=949) to work on /home/airflow/.local/lib/python3.8/site-packages/airflow/example_dags/plugins/listener_plugin.py
[2025-05-07T19:12:58.119+0000] {processor.py:830} INFO - Processing file /home/airflow/.local/lib/python3.8/site-packages/airflow/example_dags/plugins/listener_plugin.py for tasks to queue
[2025-05-07T19:12:58.122+0000] {logging_mixin.py:188} INFO - [2025-05-07T19:12:58.121+0000] {dagbag.py:538} INFO - Filling up the DagBag from /home/airflow/.local/lib/python3.8/site-packages/airflow/example_dags/plugins/listener_plugin.py
[2025-05-07T19:12:58.126+0000] {processor.py:842} WARNING - No viable dags retrieved from /home/airflow/.local/lib/python3.8/site-packages/airflow/example_dags/plugins/listener_plugin.py
[2025-05-07T19:12:58.141+0000] {processor.py:183} INFO - Processing /home/airflow/.local/lib/python3.8/site-packages/airflow/example_dags/plugins/listener_plugin.py took 0.029 seconds
[2025-05-07T19:13:28.918+0000] {processor.py:161} INFO - Started process (PID=1005) to work on /home/airflow/.local/lib/python3.8/site-packages/airflow/example_dags/plugins/listener_plugin.py
[2025-05-07T19:13:28.925+0000] {processor.py:830} INFO - Processing file /home/airflow/.local/lib/python3.8/site-packages/airflow/example_dags/plugins/listener_plugin.py for tasks to queue
[2025-05-07T19:13:28.927+0000] {logging_mixin.py:188} INFO - [2025-05-07T19:13:28.927+0000] {dagbag.py:538} INFO - Filling up the DagBag from /home/airflow/.local/lib/python3.8/site-packages/airflow/example_dags/plugins/listener_plugin.py
[2025-05-07T19:13:28.931+0000] {processor.py:842} WARNING - No viable dags retrieved from /home/airflow/.local/lib/python3.8/site-packages/airflow/example_dags/plugins/listener_plugin.py
[2025-05-07T19:13:28.952+0000] {processor.py:183} INFO - Processing /home/airflow/.local/lib/python3.8/site-packages/airflow/example_dags/plugins/listener_plugin.py took 0.038 seconds
[2025-05-07T19:13:59.151+0000] {processor.py:161} INFO - Started process (PID=1061) to work on /home/airflow/.local/lib/python3.8/site-packages/airflow/example_dags/plugins/listener_plugin.py
[2025-05-07T19:13:59.153+0000] {processor.py:830} INFO - Processing file /home/airflow/.local/lib/python3.8/site-packages/airflow/example_dags/plugins/listener_plugin.py for tasks to queue
[2025-05-07T19:13:59.156+0000] {logging_mixin.py:188} INFO - [2025-05-07T19:13:59.156+0000] {dagbag.py:538} INFO - Filling up the DagBag from /home/airflow/.local/lib/python3.8/site-packages/airflow/example_dags/plugins/listener_plugin.py
[2025-05-07T19:13:59.159+0000] {processor.py:842} WARNING - No viable dags retrieved from /home/airflow/.local/lib/python3.8/site-packages/airflow/example_dags/plugins/listener_plugin.py
[2025-05-07T19:13:59.178+0000] {processor.py:183} INFO - Processing /home/airflow/.local/lib/python3.8/site-packages/airflow/example_dags/plugins/listener_plugin.py took 0.030 seconds
[2025-05-07T19:14:29.505+0000] {processor.py:161} INFO - Started process (PID=1117) to work on /home/airflow/.local/lib/python3.8/site-packages/airflow/example_dags/plugins/listener_plugin.py
[2025-05-07T19:14:29.506+0000] {processor.py:830} INFO - Processing file /home/airflow/.local/lib/python3.8/site-packages/airflow/example_dags/plugins/listener_plugin.py for tasks to queue
[2025-05-07T19:14:29.510+0000] {logging_mixin.py:188} INFO - [2025-05-07T19:14:29.510+0000] {dagbag.py:538} INFO - Filling up the DagBag from /home/airflow/.local/lib/python3.8/site-packages/airflow/example_dags/plugins/listener_plugin.py
[2025-05-07T19:14:29.523+0000] {processor.py:842} WARNING - No viable dags retrieved from /home/airflow/.local/lib/python3.8/site-packages/airflow/example_dags/plugins/listener_plugin.py
[2025-05-07T19:14:29.537+0000] {processor.py:183} INFO - Processing /home/airflow/.local/lib/python3.8/site-packages/airflow/example_dags/plugins/listener_plugin.py took 0.035 seconds
[2025-05-07T19:15:00.031+0000] {processor.py:161} INFO - Started process (PID=1173) to work on /home/airflow/.local/lib/python3.8/site-packages/airflow/example_dags/plugins/listener_plugin.py
[2025-05-07T19:15:00.033+0000] {processor.py:830} INFO - Processing file /home/airflow/.local/lib/python3.8/site-packages/airflow/example_dags/plugins/listener_plugin.py for tasks to queue
[2025-05-07T19:15:00.038+0000] {logging_mixin.py:188} INFO - [2025-05-07T19:15:00.037+0000] {dagbag.py:538} INFO - Filling up the DagBag from /home/airflow/.local/lib/python3.8/site-packages/airflow/example_dags/plugins/listener_plugin.py
[2025-05-07T19:15:00.042+0000] {processor.py:842} WARNING - No viable dags retrieved from /home/airflow/.local/lib/python3.8/site-packages/airflow/example_dags/plugins/listener_plugin.py
[2025-05-07T19:15:00.057+0000] {processor.py:183} INFO - Processing /home/airflow/.local/lib/python3.8/site-packages/airflow/example_dags/plugins/listener_plugin.py took 0.029 seconds
[2025-05-07T19:15:30.526+0000] {processor.py:161} INFO - Started process (PID=1229) to work on /home/airflow/.local/lib/python3.8/site-packages/airflow/example_dags/plugins/listener_plugin.py
[2025-05-07T19:15:30.530+0000] {processor.py:830} INFO - Processing file /home/airflow/.local/lib/python3.8/site-packages/airflow/example_dags/plugins/listener_plugin.py for tasks to queue
[2025-05-07T19:15:30.532+0000] {logging_mixin.py:188} INFO - [2025-05-07T19:15:30.532+0000] {dagbag.py:538} INFO - Filling up the DagBag from /home/airflow/.local/lib/python3.8/site-packages/airflow/example_dags/plugins/listener_plugin.py
[2025-05-07T19:15:30.535+0000] {processor.py:842} WARNING - No viable dags retrieved from /home/airflow/.local/lib/python3.8/site-packages/airflow/example_dags/plugins/listener_plugin.py
[2025-05-07T19:15:30.553+0000] {processor.py:183} INFO - Processing /home/airflow/.local/lib/python3.8/site-packages/airflow/example_dags/plugins/listener_plugin.py took 0.030 seconds
[2025-05-07T19:16:01.257+0000] {processor.py:161} INFO - Started process (PID=1285) to work on /home/airflow/.local/lib/python3.8/site-packages/airflow/example_dags/plugins/listener_plugin.py
[2025-05-07T19:16:01.259+0000] {processor.py:830} INFO - Processing file /home/airflow/.local/lib/python3.8/site-packages/airflow/example_dags/plugins/listener_plugin.py for tasks to queue
[2025-05-07T19:16:01.261+0000] {logging_mixin.py:188} INFO - [2025-05-07T19:16:01.260+0000] {dagbag.py:538} INFO - Filling up the DagBag from /home/airflow/.local/lib/python3.8/site-packages/airflow/example_dags/plugins/listener_plugin.py
[2025-05-07T19:16:01.263+0000] {processor.py:842} WARNING - No viable dags retrieved from /home/airflow/.local/lib/python3.8/site-packages/airflow/example_dags/plugins/listener_plugin.py
[2025-05-07T19:16:01.276+0000] {processor.py:183} INFO - Processing /home/airflow/.local/lib/python3.8/site-packages/airflow/example_dags/plugins/listener_plugin.py took 0.021 seconds
[2025-05-07T19:16:31.619+0000] {processor.py:161} INFO - Started process (PID=1341) to work on /home/airflow/.local/lib/python3.8/site-packages/airflow/example_dags/plugins/listener_plugin.py
[2025-05-07T19:16:31.621+0000] {processor.py:830} INFO - Processing file /home/airflow/.local/lib/python3.8/site-packages/airflow/example_dags/plugins/listener_plugin.py for tasks to queue
[2025-05-07T19:16:31.626+0000] {logging_mixin.py:188} INFO - [2025-05-07T19:16:31.625+0000] {dagbag.py:538} INFO - Filling up the DagBag from /home/airflow/.local/lib/python3.8/site-packages/airflow/example_dags/plugins/listener_plugin.py
[2025-05-07T19:16:31.630+0000] {processor.py:842} WARNING - No viable dags retrieved from /home/airflow/.local/lib/python3.8/site-packages/airflow/example_dags/plugins/listener_plugin.py
[2025-05-07T19:16:31.659+0000] {processor.py:183} INFO - Processing /home/airflow/.local/lib/python3.8/site-packages/airflow/example_dags/plugins/listener_plugin.py took 0.046 seconds
[2025-05-07T19:17:02.340+0000] {processor.py:161} INFO - Started process (PID=1397) to work on /home/airflow/.local/lib/python3.8/site-packages/airflow/example_dags/plugins/listener_plugin.py
[2025-05-07T19:17:02.342+0000] {processor.py:830} INFO - Processing file /home/airflow/.local/lib/python3.8/site-packages/airflow/example_dags/plugins/listener_plugin.py for tasks to queue
[2025-05-07T19:17:02.344+0000] {logging_mixin.py:188} INFO - [2025-05-07T19:17:02.343+0000] {dagbag.py:538} INFO - Filling up the DagBag from /home/airflow/.local/lib/python3.8/site-packages/airflow/example_dags/plugins/listener_plugin.py
[2025-05-07T19:17:02.347+0000] {processor.py:842} WARNING - No viable dags retrieved from /home/airflow/.local/lib/python3.8/site-packages/airflow/example_dags/plugins/listener_plugin.py
[2025-05-07T19:17:02.360+0000] {processor.py:183} INFO - Processing /home/airflow/.local/lib/python3.8/site-packages/airflow/example_dags/plugins/listener_plugin.py took 0.022 seconds
[2025-05-07T19:17:33.046+0000] {processor.py:161} INFO - Started process (PID=1453) to work on /home/airflow/.local/lib/python3.8/site-packages/airflow/example_dags/plugins/listener_plugin.py
[2025-05-07T19:17:33.048+0000] {processor.py:830} INFO - Processing file /home/airflow/.local/lib/python3.8/site-packages/airflow/example_dags/plugins/listener_plugin.py for tasks to queue
[2025-05-07T19:17:33.050+0000] {logging_mixin.py:188} INFO - [2025-05-07T19:17:33.050+0000] {dagbag.py:538} INFO - Filling up the DagBag from /home/airflow/.local/lib/python3.8/site-packages/airflow/example_dags/plugins/listener_plugin.py
[2025-05-07T19:17:33.054+0000] {processor.py:842} WARNING - No viable dags retrieved from /home/airflow/.local/lib/python3.8/site-packages/airflow/example_dags/plugins/listener_plugin.py
[2025-05-07T19:17:33.069+0000] {processor.py:183} INFO - Processing /home/airflow/.local/lib/python3.8/site-packages/airflow/example_dags/plugins/listener_plugin.py took 0.026 seconds
[2025-05-07T19:18:03.976+0000] {processor.py:161} INFO - Started process (PID=1509) to work on /home/airflow/.local/lib/python3.8/site-packages/airflow/example_dags/plugins/listener_plugin.py
[2025-05-07T19:18:03.978+0000] {processor.py:830} INFO - Processing file /home/airflow/.local/lib/python3.8/site-packages/airflow/example_dags/plugins/listener_plugin.py for tasks to queue
[2025-05-07T19:18:03.980+0000] {logging_mixin.py:188} INFO - [2025-05-07T19:18:03.980+0000] {dagbag.py:538} INFO - Filling up the DagBag from /home/airflow/.local/lib/python3.8/site-packages/airflow/example_dags/plugins/listener_plugin.py
[2025-05-07T19:18:03.983+0000] {processor.py:842} WARNING - No viable dags retrieved from /home/airflow/.local/lib/python3.8/site-packages/airflow/example_dags/plugins/listener_plugin.py
[2025-05-07T19:18:03.998+0000] {processor.py:183} INFO - Processing /home/airflow/.local/lib/python3.8/site-packages/airflow/example_dags/plugins/listener_plugin.py took 0.026 seconds
[2025-05-07T19:18:34.461+0000] {processor.py:161} INFO - Started process (PID=1565) to work on /home/airflow/.local/lib/python3.8/site-packages/airflow/example_dags/plugins/listener_plugin.py
[2025-05-07T19:18:34.462+0000] {processor.py:830} INFO - Processing file /home/airflow/.local/lib/python3.8/site-packages/airflow/example_dags/plugins/listener_plugin.py for tasks to queue
[2025-05-07T19:18:34.465+0000] {logging_mixin.py:188} INFO - [2025-05-07T19:18:34.464+0000] {dagbag.py:538} INFO - Filling up the DagBag from /home/airflow/.local/lib/python3.8/site-packages/airflow/example_dags/plugins/listener_plugin.py
[2025-05-07T19:18:34.468+0000] {processor.py:842} WARNING - No viable dags retrieved from /home/airflow/.local/lib/python3.8/site-packages/airflow/example_dags/plugins/listener_plugin.py
[2025-05-07T19:18:34.482+0000] {processor.py:183} INFO - Processing /home/airflow/.local/lib/python3.8/site-packages/airflow/example_dags/plugins/listener_plugin.py took 0.027 seconds
[2025-05-07T19:19:04.844+0000] {processor.py:161} INFO - Started process (PID=1621) to work on /home/airflow/.local/lib/python3.8/site-packages/airflow/example_dags/plugins/listener_plugin.py
[2025-05-07T19:19:04.845+0000] {processor.py:830} INFO - Processing file /home/airflow/.local/lib/python3.8/site-packages/airflow/example_dags/plugins/listener_plugin.py for tasks to queue
[2025-05-07T19:19:04.846+0000] {logging_mixin.py:188} INFO - [2025-05-07T19:19:04.846+0000] {dagbag.py:538} INFO - Filling up the DagBag from /home/airflow/.local/lib/python3.8/site-packages/airflow/example_dags/plugins/listener_plugin.py
[2025-05-07T19:19:04.849+0000] {processor.py:842} WARNING - No viable dags retrieved from /home/airflow/.local/lib/python3.8/site-packages/airflow/example_dags/plugins/listener_plugin.py
[2025-05-07T19:19:04.861+0000] {processor.py:183} INFO - Processing /home/airflow/.local/lib/python3.8/site-packages/airflow/example_dags/plugins/listener_plugin.py took 0.021 seconds
[2025-05-07T19:19:37.152+0000] {processor.py:161} INFO - Started process (PID=1677) to work on /home/airflow/.local/lib/python3.8/site-packages/airflow/example_dags/plugins/listener_plugin.py
[2025-05-07T19:19:37.155+0000] {processor.py:830} INFO - Processing file /home/airflow/.local/lib/python3.8/site-packages/airflow/example_dags/plugins/listener_plugin.py for tasks to queue
[2025-05-07T19:19:37.160+0000] {logging_mixin.py:188} INFO - [2025-05-07T19:19:37.160+0000] {dagbag.py:538} INFO - Filling up the DagBag from /home/airflow/.local/lib/python3.8/site-packages/airflow/example_dags/plugins/listener_plugin.py
[2025-05-07T19:19:37.167+0000] {processor.py:842} WARNING - No viable dags retrieved from /home/airflow/.local/lib/python3.8/site-packages/airflow/example_dags/plugins/listener_plugin.py
[2025-05-07T19:19:37.196+0000] {processor.py:183} INFO - Processing /home/airflow/.local/lib/python3.8/site-packages/airflow/example_dags/plugins/listener_plugin.py took 0.052 seconds
[2025-05-07T19:20:07.743+0000] {processor.py:161} INFO - Started process (PID=1733) to work on /home/airflow/.local/lib/python3.8/site-packages/airflow/example_dags/plugins/listener_plugin.py
[2025-05-07T19:20:07.746+0000] {processor.py:830} INFO - Processing file /home/airflow/.local/lib/python3.8/site-packages/airflow/example_dags/plugins/listener_plugin.py for tasks to queue
[2025-05-07T19:20:07.750+0000] {logging_mixin.py:188} INFO - [2025-05-07T19:20:07.750+0000] {dagbag.py:538} INFO - Filling up the DagBag from /home/airflow/.local/lib/python3.8/site-packages/airflow/example_dags/plugins/listener_plugin.py
[2025-05-07T19:20:07.756+0000] {processor.py:842} WARNING - No viable dags retrieved from /home/airflow/.local/lib/python3.8/site-packages/airflow/example_dags/plugins/listener_plugin.py
[2025-05-07T19:20:07.770+0000] {processor.py:183} INFO - Processing /home/airflow/.local/lib/python3.8/site-packages/airflow/example_dags/plugins/listener_plugin.py took 0.032 seconds
[2025-05-07T19:20:38.023+0000] {processor.py:161} INFO - Started process (PID=1790) to work on /home/airflow/.local/lib/python3.8/site-packages/airflow/example_dags/plugins/listener_plugin.py
[2025-05-07T19:20:38.024+0000] {processor.py:830} INFO - Processing file /home/airflow/.local/lib/python3.8/site-packages/airflow/example_dags/plugins/listener_plugin.py for tasks to queue
[2025-05-07T19:20:38.027+0000] {logging_mixin.py:188} INFO - [2025-05-07T19:20:38.027+0000] {dagbag.py:538} INFO - Filling up the DagBag from /home/airflow/.local/lib/python3.8/site-packages/airflow/example_dags/plugins/listener_plugin.py
[2025-05-07T19:20:38.030+0000] {processor.py:842} WARNING - No viable dags retrieved from /home/airflow/.local/lib/python3.8/site-packages/airflow/example_dags/plugins/listener_plugin.py
[2025-05-07T19:20:38.045+0000] {processor.py:183} INFO - Processing /home/airflow/.local/lib/python3.8/site-packages/airflow/example_dags/plugins/listener_plugin.py took 0.025 seconds
[2025-05-07T19:22:05.317+0000] {processor.py:161} INFO - Started process (PID=117) to work on /home/airflow/.local/lib/python3.8/site-packages/airflow/example_dags/plugins/listener_plugin.py
[2025-05-07T19:22:05.318+0000] {processor.py:830} INFO - Processing file /home/airflow/.local/lib/python3.8/site-packages/airflow/example_dags/plugins/listener_plugin.py for tasks to queue
[2025-05-07T19:22:05.321+0000] {logging_mixin.py:188} INFO - [2025-05-07T19:22:05.320+0000] {dagbag.py:538} INFO - Filling up the DagBag from /home/airflow/.local/lib/python3.8/site-packages/airflow/example_dags/plugins/listener_plugin.py
[2025-05-07T19:22:05.326+0000] {processor.py:842} WARNING - No viable dags retrieved from /home/airflow/.local/lib/python3.8/site-packages/airflow/example_dags/plugins/listener_plugin.py
[2025-05-07T19:22:05.343+0000] {processor.py:183} INFO - Processing /home/airflow/.local/lib/python3.8/site-packages/airflow/example_dags/plugins/listener_plugin.py took 0.030 seconds
[2025-05-07T19:22:36.953+0000] {processor.py:161} INFO - Started process (PID=174) to work on /home/airflow/.local/lib/python3.8/site-packages/airflow/example_dags/plugins/listener_plugin.py
[2025-05-07T19:22:36.954+0000] {processor.py:830} INFO - Processing file /home/airflow/.local/lib/python3.8/site-packages/airflow/example_dags/plugins/listener_plugin.py for tasks to queue
[2025-05-07T19:22:36.956+0000] {logging_mixin.py:188} INFO - [2025-05-07T19:22:36.956+0000] {dagbag.py:538} INFO - Filling up the DagBag from /home/airflow/.local/lib/python3.8/site-packages/airflow/example_dags/plugins/listener_plugin.py
[2025-05-07T19:22:36.959+0000] {processor.py:842} WARNING - No viable dags retrieved from /home/airflow/.local/lib/python3.8/site-packages/airflow/example_dags/plugins/listener_plugin.py
[2025-05-07T19:22:36.972+0000] {processor.py:183} INFO - Processing /home/airflow/.local/lib/python3.8/site-packages/airflow/example_dags/plugins/listener_plugin.py took 0.023 seconds
[2025-05-07T19:23:07.197+0000] {processor.py:161} INFO - Started process (PID=230) to work on /home/airflow/.local/lib/python3.8/site-packages/airflow/example_dags/plugins/listener_plugin.py
[2025-05-07T19:23:07.199+0000] {processor.py:830} INFO - Processing file /home/airflow/.local/lib/python3.8/site-packages/airflow/example_dags/plugins/listener_plugin.py for tasks to queue
[2025-05-07T19:23:07.203+0000] {logging_mixin.py:188} INFO - [2025-05-07T19:23:07.203+0000] {dagbag.py:538} INFO - Filling up the DagBag from /home/airflow/.local/lib/python3.8/site-packages/airflow/example_dags/plugins/listener_plugin.py
[2025-05-07T19:23:07.208+0000] {processor.py:842} WARNING - No viable dags retrieved from /home/airflow/.local/lib/python3.8/site-packages/airflow/example_dags/plugins/listener_plugin.py
[2025-05-07T19:23:07.227+0000] {processor.py:183} INFO - Processing /home/airflow/.local/lib/python3.8/site-packages/airflow/example_dags/plugins/listener_plugin.py took 0.035 seconds
[2025-05-07T19:23:37.466+0000] {processor.py:161} INFO - Started process (PID=291) to work on /home/airflow/.local/lib/python3.8/site-packages/airflow/example_dags/plugins/listener_plugin.py
[2025-05-07T19:23:37.468+0000] {processor.py:830} INFO - Processing file /home/airflow/.local/lib/python3.8/site-packages/airflow/example_dags/plugins/listener_plugin.py for tasks to queue
[2025-05-07T19:23:37.471+0000] {logging_mixin.py:188} INFO - [2025-05-07T19:23:37.471+0000] {dagbag.py:538} INFO - Filling up the DagBag from /home/airflow/.local/lib/python3.8/site-packages/airflow/example_dags/plugins/listener_plugin.py
[2025-05-07T19:23:37.476+0000] {processor.py:842} WARNING - No viable dags retrieved from /home/airflow/.local/lib/python3.8/site-packages/airflow/example_dags/plugins/listener_plugin.py
[2025-05-07T19:23:37.496+0000] {processor.py:183} INFO - Processing /home/airflow/.local/lib/python3.8/site-packages/airflow/example_dags/plugins/listener_plugin.py took 0.037 seconds
[2025-05-07T19:24:08.077+0000] {processor.py:161} INFO - Started process (PID=350) to work on /home/airflow/.local/lib/python3.8/site-packages/airflow/example_dags/plugins/listener_plugin.py
[2025-05-07T19:24:08.079+0000] {processor.py:830} INFO - Processing file /home/airflow/.local/lib/python3.8/site-packages/airflow/example_dags/plugins/listener_plugin.py for tasks to queue
[2025-05-07T19:24:08.082+0000] {logging_mixin.py:188} INFO - [2025-05-07T19:24:08.082+0000] {dagbag.py:538} INFO - Filling up the DagBag from /home/airflow/.local/lib/python3.8/site-packages/airflow/example_dags/plugins/listener_plugin.py
[2025-05-07T19:24:08.086+0000] {processor.py:842} WARNING - No viable dags retrieved from /home/airflow/.local/lib/python3.8/site-packages/airflow/example_dags/plugins/listener_plugin.py
[2025-05-07T19:24:08.103+0000] {processor.py:183} INFO - Processing /home/airflow/.local/lib/python3.8/site-packages/airflow/example_dags/plugins/listener_plugin.py took 0.030 seconds
[2025-05-07T19:24:38.619+0000] {processor.py:161} INFO - Started process (PID=413) to work on /home/airflow/.local/lib/python3.8/site-packages/airflow/example_dags/plugins/listener_plugin.py
[2025-05-07T19:24:38.621+0000] {processor.py:830} INFO - Processing file /home/airflow/.local/lib/python3.8/site-packages/airflow/example_dags/plugins/listener_plugin.py for tasks to queue
[2025-05-07T19:24:38.623+0000] {logging_mixin.py:188} INFO - [2025-05-07T19:24:38.623+0000] {dagbag.py:538} INFO - Filling up the DagBag from /home/airflow/.local/lib/python3.8/site-packages/airflow/example_dags/plugins/listener_plugin.py
[2025-05-07T19:24:38.627+0000] {processor.py:842} WARNING - No viable dags retrieved from /home/airflow/.local/lib/python3.8/site-packages/airflow/example_dags/plugins/listener_plugin.py
[2025-05-07T19:24:38.641+0000] {processor.py:183} INFO - Processing /home/airflow/.local/lib/python3.8/site-packages/airflow/example_dags/plugins/listener_plugin.py took 0.026 seconds
[2025-05-07T19:25:08.800+0000] {processor.py:161} INFO - Started process (PID=469) to work on /home/airflow/.local/lib/python3.8/site-packages/airflow/example_dags/plugins/listener_plugin.py
[2025-05-07T19:25:08.805+0000] {processor.py:830} INFO - Processing file /home/airflow/.local/lib/python3.8/site-packages/airflow/example_dags/plugins/listener_plugin.py for tasks to queue
[2025-05-07T19:25:08.809+0000] {logging_mixin.py:188} INFO - [2025-05-07T19:25:08.809+0000] {dagbag.py:538} INFO - Filling up the DagBag from /home/airflow/.local/lib/python3.8/site-packages/airflow/example_dags/plugins/listener_plugin.py
[2025-05-07T19:25:08.813+0000] {processor.py:842} WARNING - No viable dags retrieved from /home/airflow/.local/lib/python3.8/site-packages/airflow/example_dags/plugins/listener_plugin.py
[2025-05-07T19:25:08.831+0000] {processor.py:183} INFO - Processing /home/airflow/.local/lib/python3.8/site-packages/airflow/example_dags/plugins/listener_plugin.py took 0.034 seconds
[2025-05-07T19:25:39.746+0000] {processor.py:161} INFO - Started process (PID=527) to work on /home/airflow/.local/lib/python3.8/site-packages/airflow/example_dags/plugins/listener_plugin.py
[2025-05-07T19:25:39.747+0000] {processor.py:830} INFO - Processing file /home/airflow/.local/lib/python3.8/site-packages/airflow/example_dags/plugins/listener_plugin.py for tasks to queue
[2025-05-07T19:25:39.749+0000] {logging_mixin.py:188} INFO - [2025-05-07T19:25:39.749+0000] {dagbag.py:538} INFO - Filling up the DagBag from /home/airflow/.local/lib/python3.8/site-packages/airflow/example_dags/plugins/listener_plugin.py
[2025-05-07T19:25:39.753+0000] {processor.py:842} WARNING - No viable dags retrieved from /home/airflow/.local/lib/python3.8/site-packages/airflow/example_dags/plugins/listener_plugin.py
[2025-05-07T19:25:39.767+0000] {processor.py:183} INFO - Processing /home/airflow/.local/lib/python3.8/site-packages/airflow/example_dags/plugins/listener_plugin.py took 0.025 seconds
[2025-05-07T19:26:10.156+0000] {processor.py:161} INFO - Started process (PID=588) to work on /home/airflow/.local/lib/python3.8/site-packages/airflow/example_dags/plugins/listener_plugin.py
[2025-05-07T19:26:10.158+0000] {processor.py:830} INFO - Processing file /home/airflow/.local/lib/python3.8/site-packages/airflow/example_dags/plugins/listener_plugin.py for tasks to queue
[2025-05-07T19:26:10.161+0000] {logging_mixin.py:188} INFO - [2025-05-07T19:26:10.160+0000] {dagbag.py:538} INFO - Filling up the DagBag from /home/airflow/.local/lib/python3.8/site-packages/airflow/example_dags/plugins/listener_plugin.py
[2025-05-07T19:26:10.164+0000] {processor.py:842} WARNING - No viable dags retrieved from /home/airflow/.local/lib/python3.8/site-packages/airflow/example_dags/plugins/listener_plugin.py
[2025-05-07T19:26:10.179+0000] {processor.py:183} INFO - Processing /home/airflow/.local/lib/python3.8/site-packages/airflow/example_dags/plugins/listener_plugin.py took 0.025 seconds
[2025-05-07T19:26:41.899+0000] {processor.py:161} INFO - Started process (PID=653) to work on /home/airflow/.local/lib/python3.8/site-packages/airflow/example_dags/plugins/listener_plugin.py
[2025-05-07T19:26:41.902+0000] {processor.py:830} INFO - Processing file /home/airflow/.local/lib/python3.8/site-packages/airflow/example_dags/plugins/listener_plugin.py for tasks to queue
[2025-05-07T19:26:41.905+0000] {logging_mixin.py:188} INFO - [2025-05-07T19:26:41.905+0000] {dagbag.py:538} INFO - Filling up the DagBag from /home/airflow/.local/lib/python3.8/site-packages/airflow/example_dags/plugins/listener_plugin.py
[2025-05-07T19:26:41.910+0000] {processor.py:842} WARNING - No viable dags retrieved from /home/airflow/.local/lib/python3.8/site-packages/airflow/example_dags/plugins/listener_plugin.py
[2025-05-07T19:26:41.926+0000] {processor.py:183} INFO - Processing /home/airflow/.local/lib/python3.8/site-packages/airflow/example_dags/plugins/listener_plugin.py took 0.034 seconds
[2025-05-07T19:27:12.454+0000] {processor.py:161} INFO - Started process (PID=710) to work on /home/airflow/.local/lib/python3.8/site-packages/airflow/example_dags/plugins/listener_plugin.py
[2025-05-07T19:27:12.456+0000] {processor.py:830} INFO - Processing file /home/airflow/.local/lib/python3.8/site-packages/airflow/example_dags/plugins/listener_plugin.py for tasks to queue
[2025-05-07T19:27:12.458+0000] {logging_mixin.py:188} INFO - [2025-05-07T19:27:12.458+0000] {dagbag.py:538} INFO - Filling up the DagBag from /home/airflow/.local/lib/python3.8/site-packages/airflow/example_dags/plugins/listener_plugin.py
[2025-05-07T19:27:12.463+0000] {processor.py:842} WARNING - No viable dags retrieved from /home/airflow/.local/lib/python3.8/site-packages/airflow/example_dags/plugins/listener_plugin.py
[2025-05-07T19:27:12.478+0000] {processor.py:183} INFO - Processing /home/airflow/.local/lib/python3.8/site-packages/airflow/example_dags/plugins/listener_plugin.py took 0.028 seconds
[2025-05-07T19:27:43.787+0000] {processor.py:161} INFO - Started process (PID=768) to work on /home/airflow/.local/lib/python3.8/site-packages/airflow/example_dags/plugins/listener_plugin.py
[2025-05-07T19:27:43.790+0000] {processor.py:830} INFO - Processing file /home/airflow/.local/lib/python3.8/site-packages/airflow/example_dags/plugins/listener_plugin.py for tasks to queue
[2025-05-07T19:27:43.794+0000] {logging_mixin.py:188} INFO - [2025-05-07T19:27:43.793+0000] {dagbag.py:538} INFO - Filling up the DagBag from /home/airflow/.local/lib/python3.8/site-packages/airflow/example_dags/plugins/listener_plugin.py
[2025-05-07T19:27:43.801+0000] {processor.py:842} WARNING - No viable dags retrieved from /home/airflow/.local/lib/python3.8/site-packages/airflow/example_dags/plugins/listener_plugin.py
[2025-05-07T19:27:43.827+0000] {processor.py:183} INFO - Processing /home/airflow/.local/lib/python3.8/site-packages/airflow/example_dags/plugins/listener_plugin.py took 0.045 seconds
[2025-05-07T19:28:13.947+0000] {processor.py:161} INFO - Started process (PID=825) to work on /home/airflow/.local/lib/python3.8/site-packages/airflow/example_dags/plugins/listener_plugin.py
[2025-05-07T19:28:13.948+0000] {processor.py:830} INFO - Processing file /home/airflow/.local/lib/python3.8/site-packages/airflow/example_dags/plugins/listener_plugin.py for tasks to queue
[2025-05-07T19:28:13.951+0000] {logging_mixin.py:188} INFO - [2025-05-07T19:28:13.950+0000] {dagbag.py:538} INFO - Filling up the DagBag from /home/airflow/.local/lib/python3.8/site-packages/airflow/example_dags/plugins/listener_plugin.py
[2025-05-07T19:28:13.954+0000] {processor.py:842} WARNING - No viable dags retrieved from /home/airflow/.local/lib/python3.8/site-packages/airflow/example_dags/plugins/listener_plugin.py
[2025-05-07T19:28:13.969+0000] {processor.py:183} INFO - Processing /home/airflow/.local/lib/python3.8/site-packages/airflow/example_dags/plugins/listener_plugin.py took 0.025 seconds
[2025-05-07T19:28:45.101+0000] {processor.py:161} INFO - Started process (PID=882) to work on /home/airflow/.local/lib/python3.8/site-packages/airflow/example_dags/plugins/listener_plugin.py
[2025-05-07T19:28:45.102+0000] {processor.py:830} INFO - Processing file /home/airflow/.local/lib/python3.8/site-packages/airflow/example_dags/plugins/listener_plugin.py for tasks to queue
[2025-05-07T19:28:45.104+0000] {logging_mixin.py:188} INFO - [2025-05-07T19:28:45.104+0000] {dagbag.py:538} INFO - Filling up the DagBag from /home/airflow/.local/lib/python3.8/site-packages/airflow/example_dags/plugins/listener_plugin.py
[2025-05-07T19:28:45.108+0000] {processor.py:842} WARNING - No viable dags retrieved from /home/airflow/.local/lib/python3.8/site-packages/airflow/example_dags/plugins/listener_plugin.py
[2025-05-07T19:28:45.121+0000] {processor.py:183} INFO - Processing /home/airflow/.local/lib/python3.8/site-packages/airflow/example_dags/plugins/listener_plugin.py took 0.023 seconds
[2025-05-07T19:29:15.393+0000] {processor.py:161} INFO - Started process (PID=939) to work on /home/airflow/.local/lib/python3.8/site-packages/airflow/example_dags/plugins/listener_plugin.py
[2025-05-07T19:29:15.395+0000] {processor.py:830} INFO - Processing file /home/airflow/.local/lib/python3.8/site-packages/airflow/example_dags/plugins/listener_plugin.py for tasks to queue
[2025-05-07T19:29:15.399+0000] {logging_mixin.py:188} INFO - [2025-05-07T19:29:15.398+0000] {dagbag.py:538} INFO - Filling up the DagBag from /home/airflow/.local/lib/python3.8/site-packages/airflow/example_dags/plugins/listener_plugin.py
[2025-05-07T19:29:15.405+0000] {processor.py:842} WARNING - No viable dags retrieved from /home/airflow/.local/lib/python3.8/site-packages/airflow/example_dags/plugins/listener_plugin.py
[2025-05-07T19:29:15.423+0000] {processor.py:183} INFO - Processing /home/airflow/.local/lib/python3.8/site-packages/airflow/example_dags/plugins/listener_plugin.py took 0.037 seconds
[2025-05-07T19:29:46.229+0000] {processor.py:161} INFO - Started process (PID=996) to work on /home/airflow/.local/lib/python3.8/site-packages/airflow/example_dags/plugins/listener_plugin.py
[2025-05-07T19:29:46.231+0000] {processor.py:830} INFO - Processing file /home/airflow/.local/lib/python3.8/site-packages/airflow/example_dags/plugins/listener_plugin.py for tasks to queue
[2025-05-07T19:29:46.235+0000] {logging_mixin.py:188} INFO - [2025-05-07T19:29:46.235+0000] {dagbag.py:538} INFO - Filling up the DagBag from /home/airflow/.local/lib/python3.8/site-packages/airflow/example_dags/plugins/listener_plugin.py
[2025-05-07T19:29:46.240+0000] {processor.py:842} WARNING - No viable dags retrieved from /home/airflow/.local/lib/python3.8/site-packages/airflow/example_dags/plugins/listener_plugin.py
[2025-05-07T19:29:46.257+0000] {processor.py:183} INFO - Processing /home/airflow/.local/lib/python3.8/site-packages/airflow/example_dags/plugins/listener_plugin.py took 0.035 seconds
[2025-05-07T19:33:19.006+0000] {processor.py:161} INFO - Started process (PID=112) to work on /home/airflow/.local/lib/python3.8/site-packages/airflow/example_dags/plugins/listener_plugin.py
[2025-05-07T19:33:19.008+0000] {processor.py:830} INFO - Processing file /home/airflow/.local/lib/python3.8/site-packages/airflow/example_dags/plugins/listener_plugin.py for tasks to queue
[2025-05-07T19:33:19.011+0000] {logging_mixin.py:188} INFO - [2025-05-07T19:33:19.011+0000] {dagbag.py:538} INFO - Filling up the DagBag from /home/airflow/.local/lib/python3.8/site-packages/airflow/example_dags/plugins/listener_plugin.py
[2025-05-07T19:33:19.016+0000] {processor.py:842} WARNING - No viable dags retrieved from /home/airflow/.local/lib/python3.8/site-packages/airflow/example_dags/plugins/listener_plugin.py
[2025-05-07T19:33:19.032+0000] {processor.py:183} INFO - Processing /home/airflow/.local/lib/python3.8/site-packages/airflow/example_dags/plugins/listener_plugin.py took 0.030 seconds
[2025-05-07T19:33:52.238+0000] {processor.py:161} INFO - Started process (PID=169) to work on /home/airflow/.local/lib/python3.8/site-packages/airflow/example_dags/plugins/listener_plugin.py
[2025-05-07T19:33:52.240+0000] {processor.py:830} INFO - Processing file /home/airflow/.local/lib/python3.8/site-packages/airflow/example_dags/plugins/listener_plugin.py for tasks to queue
[2025-05-07T19:33:52.243+0000] {logging_mixin.py:188} INFO - [2025-05-07T19:33:52.242+0000] {dagbag.py:538} INFO - Filling up the DagBag from /home/airflow/.local/lib/python3.8/site-packages/airflow/example_dags/plugins/listener_plugin.py
[2025-05-07T19:33:52.247+0000] {processor.py:842} WARNING - No viable dags retrieved from /home/airflow/.local/lib/python3.8/site-packages/airflow/example_dags/plugins/listener_plugin.py
[2025-05-07T19:33:52.266+0000] {processor.py:183} INFO - Processing /home/airflow/.local/lib/python3.8/site-packages/airflow/example_dags/plugins/listener_plugin.py took 0.032 seconds
[2025-05-07T19:34:22.673+0000] {processor.py:161} INFO - Started process (PID=226) to work on /home/airflow/.local/lib/python3.8/site-packages/airflow/example_dags/plugins/listener_plugin.py
[2025-05-07T19:34:22.674+0000] {processor.py:830} INFO - Processing file /home/airflow/.local/lib/python3.8/site-packages/airflow/example_dags/plugins/listener_plugin.py for tasks to queue
[2025-05-07T19:34:22.676+0000] {logging_mixin.py:188} INFO - [2025-05-07T19:34:22.676+0000] {dagbag.py:538} INFO - Filling up the DagBag from /home/airflow/.local/lib/python3.8/site-packages/airflow/example_dags/plugins/listener_plugin.py
[2025-05-07T19:34:22.679+0000] {processor.py:842} WARNING - No viable dags retrieved from /home/airflow/.local/lib/python3.8/site-packages/airflow/example_dags/plugins/listener_plugin.py
[2025-05-07T19:34:22.692+0000] {processor.py:183} INFO - Processing /home/airflow/.local/lib/python3.8/site-packages/airflow/example_dags/plugins/listener_plugin.py took 0.023 seconds
[2025-05-07T19:34:53.180+0000] {processor.py:161} INFO - Started process (PID=283) to work on /home/airflow/.local/lib/python3.8/site-packages/airflow/example_dags/plugins/listener_plugin.py
[2025-05-07T19:34:53.181+0000] {processor.py:830} INFO - Processing file /home/airflow/.local/lib/python3.8/site-packages/airflow/example_dags/plugins/listener_plugin.py for tasks to queue
[2025-05-07T19:34:53.183+0000] {logging_mixin.py:188} INFO - [2025-05-07T19:34:53.183+0000] {dagbag.py:538} INFO - Filling up the DagBag from /home/airflow/.local/lib/python3.8/site-packages/airflow/example_dags/plugins/listener_plugin.py
[2025-05-07T19:34:53.186+0000] {processor.py:842} WARNING - No viable dags retrieved from /home/airflow/.local/lib/python3.8/site-packages/airflow/example_dags/plugins/listener_plugin.py
[2025-05-07T19:34:53.198+0000] {processor.py:183} INFO - Processing /home/airflow/.local/lib/python3.8/site-packages/airflow/example_dags/plugins/listener_plugin.py took 0.021 seconds
[2025-05-07T19:35:24.157+0000] {processor.py:161} INFO - Started process (PID=340) to work on /home/airflow/.local/lib/python3.8/site-packages/airflow/example_dags/plugins/listener_plugin.py
[2025-05-07T19:35:24.158+0000] {processor.py:830} INFO - Processing file /home/airflow/.local/lib/python3.8/site-packages/airflow/example_dags/plugins/listener_plugin.py for tasks to queue
[2025-05-07T19:35:24.160+0000] {logging_mixin.py:188} INFO - [2025-05-07T19:35:24.160+0000] {dagbag.py:538} INFO - Filling up the DagBag from /home/airflow/.local/lib/python3.8/site-packages/airflow/example_dags/plugins/listener_plugin.py
[2025-05-07T19:35:24.163+0000] {processor.py:842} WARNING - No viable dags retrieved from /home/airflow/.local/lib/python3.8/site-packages/airflow/example_dags/plugins/listener_plugin.py
[2025-05-07T19:35:24.177+0000] {processor.py:183} INFO - Processing /home/airflow/.local/lib/python3.8/site-packages/airflow/example_dags/plugins/listener_plugin.py took 0.024 seconds
[2025-05-07T19:35:55.128+0000] {processor.py:161} INFO - Started process (PID=397) to work on /home/airflow/.local/lib/python3.8/site-packages/airflow/example_dags/plugins/listener_plugin.py
[2025-05-07T19:35:55.130+0000] {processor.py:830} INFO - Processing file /home/airflow/.local/lib/python3.8/site-packages/airflow/example_dags/plugins/listener_plugin.py for tasks to queue
[2025-05-07T19:35:55.132+0000] {logging_mixin.py:188} INFO - [2025-05-07T19:35:55.132+0000] {dagbag.py:538} INFO - Filling up the DagBag from /home/airflow/.local/lib/python3.8/site-packages/airflow/example_dags/plugins/listener_plugin.py
[2025-05-07T19:35:55.135+0000] {processor.py:842} WARNING - No viable dags retrieved from /home/airflow/.local/lib/python3.8/site-packages/airflow/example_dags/plugins/listener_plugin.py
[2025-05-07T19:35:55.151+0000] {processor.py:183} INFO - Processing /home/airflow/.local/lib/python3.8/site-packages/airflow/example_dags/plugins/listener_plugin.py took 0.026 seconds
[2025-05-07T19:36:25.664+0000] {processor.py:161} INFO - Started process (PID=454) to work on /home/airflow/.local/lib/python3.8/site-packages/airflow/example_dags/plugins/listener_plugin.py
[2025-05-07T19:36:25.665+0000] {processor.py:830} INFO - Processing file /home/airflow/.local/lib/python3.8/site-packages/airflow/example_dags/plugins/listener_plugin.py for tasks to queue
[2025-05-07T19:36:25.667+0000] {logging_mixin.py:188} INFO - [2025-05-07T19:36:25.666+0000] {dagbag.py:538} INFO - Filling up the DagBag from /home/airflow/.local/lib/python3.8/site-packages/airflow/example_dags/plugins/listener_plugin.py
[2025-05-07T19:36:25.670+0000] {processor.py:842} WARNING - No viable dags retrieved from /home/airflow/.local/lib/python3.8/site-packages/airflow/example_dags/plugins/listener_plugin.py
[2025-05-07T19:36:25.682+0000] {processor.py:183} INFO - Processing /home/airflow/.local/lib/python3.8/site-packages/airflow/example_dags/plugins/listener_plugin.py took 0.023 seconds
[2025-05-07T19:36:56.482+0000] {processor.py:161} INFO - Started process (PID=511) to work on /home/airflow/.local/lib/python3.8/site-packages/airflow/example_dags/plugins/listener_plugin.py
[2025-05-07T19:36:56.484+0000] {processor.py:830} INFO - Processing file /home/airflow/.local/lib/python3.8/site-packages/airflow/example_dags/plugins/listener_plugin.py for tasks to queue
[2025-05-07T19:36:56.487+0000] {logging_mixin.py:188} INFO - [2025-05-07T19:36:56.486+0000] {dagbag.py:538} INFO - Filling up the DagBag from /home/airflow/.local/lib/python3.8/site-packages/airflow/example_dags/plugins/listener_plugin.py
[2025-05-07T19:36:56.490+0000] {processor.py:842} WARNING - No viable dags retrieved from /home/airflow/.local/lib/python3.8/site-packages/airflow/example_dags/plugins/listener_plugin.py
[2025-05-07T19:36:56.508+0000] {processor.py:183} INFO - Processing /home/airflow/.local/lib/python3.8/site-packages/airflow/example_dags/plugins/listener_plugin.py took 0.029 seconds
[2025-05-07T19:37:26.858+0000] {processor.py:161} INFO - Started process (PID=568) to work on /home/airflow/.local/lib/python3.8/site-packages/airflow/example_dags/plugins/listener_plugin.py
[2025-05-07T19:37:26.859+0000] {processor.py:830} INFO - Processing file /home/airflow/.local/lib/python3.8/site-packages/airflow/example_dags/plugins/listener_plugin.py for tasks to queue
[2025-05-07T19:37:26.862+0000] {logging_mixin.py:188} INFO - [2025-05-07T19:37:26.862+0000] {dagbag.py:538} INFO - Filling up the DagBag from /home/airflow/.local/lib/python3.8/site-packages/airflow/example_dags/plugins/listener_plugin.py
[2025-05-07T19:37:26.867+0000] {processor.py:842} WARNING - No viable dags retrieved from /home/airflow/.local/lib/python3.8/site-packages/airflow/example_dags/plugins/listener_plugin.py
[2025-05-07T19:37:26.883+0000] {processor.py:183} INFO - Processing /home/airflow/.local/lib/python3.8/site-packages/airflow/example_dags/plugins/listener_plugin.py took 0.029 seconds
[2025-05-07T19:37:57.691+0000] {processor.py:161} INFO - Started process (PID=625) to work on /home/airflow/.local/lib/python3.8/site-packages/airflow/example_dags/plugins/listener_plugin.py
[2025-05-07T19:37:57.693+0000] {processor.py:830} INFO - Processing file /home/airflow/.local/lib/python3.8/site-packages/airflow/example_dags/plugins/listener_plugin.py for tasks to queue
[2025-05-07T19:37:57.699+0000] {logging_mixin.py:188} INFO - [2025-05-07T19:37:57.698+0000] {dagbag.py:538} INFO - Filling up the DagBag from /home/airflow/.local/lib/python3.8/site-packages/airflow/example_dags/plugins/listener_plugin.py
[2025-05-07T19:37:57.704+0000] {processor.py:842} WARNING - No viable dags retrieved from /home/airflow/.local/lib/python3.8/site-packages/airflow/example_dags/plugins/listener_plugin.py
[2025-05-07T19:37:57.720+0000] {processor.py:183} INFO - Processing /home/airflow/.local/lib/python3.8/site-packages/airflow/example_dags/plugins/listener_plugin.py took 0.033 seconds
[2025-05-07T19:38:28.125+0000] {processor.py:161} INFO - Started process (PID=682) to work on /home/airflow/.local/lib/python3.8/site-packages/airflow/example_dags/plugins/listener_plugin.py
[2025-05-07T19:38:28.126+0000] {processor.py:830} INFO - Processing file /home/airflow/.local/lib/python3.8/site-packages/airflow/example_dags/plugins/listener_plugin.py for tasks to queue
[2025-05-07T19:38:28.128+0000] {logging_mixin.py:188} INFO - [2025-05-07T19:38:28.128+0000] {dagbag.py:538} INFO - Filling up the DagBag from /home/airflow/.local/lib/python3.8/site-packages/airflow/example_dags/plugins/listener_plugin.py
[2025-05-07T19:38:28.131+0000] {processor.py:842} WARNING - No viable dags retrieved from /home/airflow/.local/lib/python3.8/site-packages/airflow/example_dags/plugins/listener_plugin.py
[2025-05-07T19:38:28.146+0000] {processor.py:183} INFO - Processing /home/airflow/.local/lib/python3.8/site-packages/airflow/example_dags/plugins/listener_plugin.py took 0.025 seconds
[2025-05-07T19:38:58.613+0000] {processor.py:161} INFO - Started process (PID=739) to work on /home/airflow/.local/lib/python3.8/site-packages/airflow/example_dags/plugins/listener_plugin.py
[2025-05-07T19:38:58.615+0000] {processor.py:830} INFO - Processing file /home/airflow/.local/lib/python3.8/site-packages/airflow/example_dags/plugins/listener_plugin.py for tasks to queue
[2025-05-07T19:38:58.617+0000] {logging_mixin.py:188} INFO - [2025-05-07T19:38:58.617+0000] {dagbag.py:538} INFO - Filling up the DagBag from /home/airflow/.local/lib/python3.8/site-packages/airflow/example_dags/plugins/listener_plugin.py
[2025-05-07T19:38:58.620+0000] {processor.py:842} WARNING - No viable dags retrieved from /home/airflow/.local/lib/python3.8/site-packages/airflow/example_dags/plugins/listener_plugin.py
[2025-05-07T19:38:58.634+0000] {processor.py:183} INFO - Processing /home/airflow/.local/lib/python3.8/site-packages/airflow/example_dags/plugins/listener_plugin.py took 0.024 seconds
[2025-05-07T19:39:28.885+0000] {processor.py:161} INFO - Started process (PID=796) to work on /home/airflow/.local/lib/python3.8/site-packages/airflow/example_dags/plugins/listener_plugin.py
[2025-05-07T19:39:28.887+0000] {processor.py:830} INFO - Processing file /home/airflow/.local/lib/python3.8/site-packages/airflow/example_dags/plugins/listener_plugin.py for tasks to queue
[2025-05-07T19:39:28.889+0000] {logging_mixin.py:188} INFO - [2025-05-07T19:39:28.889+0000] {dagbag.py:538} INFO - Filling up the DagBag from /home/airflow/.local/lib/python3.8/site-packages/airflow/example_dags/plugins/listener_plugin.py
[2025-05-07T19:39:28.892+0000] {processor.py:842} WARNING - No viable dags retrieved from /home/airflow/.local/lib/python3.8/site-packages/airflow/example_dags/plugins/listener_plugin.py
[2025-05-07T19:39:28.909+0000] {processor.py:183} INFO - Processing /home/airflow/.local/lib/python3.8/site-packages/airflow/example_dags/plugins/listener_plugin.py took 0.028 seconds
[2025-05-07T19:39:59.500+0000] {processor.py:161} INFO - Started process (PID=853) to work on /home/airflow/.local/lib/python3.8/site-packages/airflow/example_dags/plugins/listener_plugin.py
[2025-05-07T19:39:59.501+0000] {processor.py:830} INFO - Processing file /home/airflow/.local/lib/python3.8/site-packages/airflow/example_dags/plugins/listener_plugin.py for tasks to queue
[2025-05-07T19:39:59.506+0000] {logging_mixin.py:188} INFO - [2025-05-07T19:39:59.505+0000] {dagbag.py:538} INFO - Filling up the DagBag from /home/airflow/.local/lib/python3.8/site-packages/airflow/example_dags/plugins/listener_plugin.py
[2025-05-07T19:39:59.509+0000] {processor.py:842} WARNING - No viable dags retrieved from /home/airflow/.local/lib/python3.8/site-packages/airflow/example_dags/plugins/listener_plugin.py
[2025-05-07T19:39:59.523+0000] {processor.py:183} INFO - Processing /home/airflow/.local/lib/python3.8/site-packages/airflow/example_dags/plugins/listener_plugin.py took 0.029 seconds
[2025-05-07T19:40:30.493+0000] {processor.py:161} INFO - Started process (PID=910) to work on /home/airflow/.local/lib/python3.8/site-packages/airflow/example_dags/plugins/listener_plugin.py
[2025-05-07T19:40:30.495+0000] {processor.py:830} INFO - Processing file /home/airflow/.local/lib/python3.8/site-packages/airflow/example_dags/plugins/listener_plugin.py for tasks to queue
[2025-05-07T19:40:30.500+0000] {logging_mixin.py:188} INFO - [2025-05-07T19:40:30.499+0000] {dagbag.py:538} INFO - Filling up the DagBag from /home/airflow/.local/lib/python3.8/site-packages/airflow/example_dags/plugins/listener_plugin.py
[2025-05-07T19:40:30.503+0000] {processor.py:842} WARNING - No viable dags retrieved from /home/airflow/.local/lib/python3.8/site-packages/airflow/example_dags/plugins/listener_plugin.py
[2025-05-07T19:40:30.523+0000] {processor.py:183} INFO - Processing /home/airflow/.local/lib/python3.8/site-packages/airflow/example_dags/plugins/listener_plugin.py took 0.036 seconds
[2025-05-07T19:41:01.059+0000] {processor.py:161} INFO - Started process (PID=967) to work on /home/airflow/.local/lib/python3.8/site-packages/airflow/example_dags/plugins/listener_plugin.py
[2025-05-07T19:41:01.065+0000] {processor.py:830} INFO - Processing file /home/airflow/.local/lib/python3.8/site-packages/airflow/example_dags/plugins/listener_plugin.py for tasks to queue
[2025-05-07T19:41:01.072+0000] {logging_mixin.py:188} INFO - [2025-05-07T19:41:01.071+0000] {dagbag.py:538} INFO - Filling up the DagBag from /home/airflow/.local/lib/python3.8/site-packages/airflow/example_dags/plugins/listener_plugin.py
[2025-05-07T19:41:01.078+0000] {processor.py:842} WARNING - No viable dags retrieved from /home/airflow/.local/lib/python3.8/site-packages/airflow/example_dags/plugins/listener_plugin.py
[2025-05-07T19:41:01.100+0000] {processor.py:183} INFO - Processing /home/airflow/.local/lib/python3.8/site-packages/airflow/example_dags/plugins/listener_plugin.py took 0.048 seconds
[2025-05-07T19:41:31.472+0000] {processor.py:161} INFO - Started process (PID=1023) to work on /home/airflow/.local/lib/python3.8/site-packages/airflow/example_dags/plugins/listener_plugin.py
[2025-05-07T19:41:31.476+0000] {processor.py:830} INFO - Processing file /home/airflow/.local/lib/python3.8/site-packages/airflow/example_dags/plugins/listener_plugin.py for tasks to queue
[2025-05-07T19:41:31.484+0000] {logging_mixin.py:188} INFO - [2025-05-07T19:41:31.483+0000] {dagbag.py:538} INFO - Filling up the DagBag from /home/airflow/.local/lib/python3.8/site-packages/airflow/example_dags/plugins/listener_plugin.py
[2025-05-07T19:41:31.493+0000] {processor.py:842} WARNING - No viable dags retrieved from /home/airflow/.local/lib/python3.8/site-packages/airflow/example_dags/plugins/listener_plugin.py
[2025-05-07T19:41:31.526+0000] {processor.py:183} INFO - Processing /home/airflow/.local/lib/python3.8/site-packages/airflow/example_dags/plugins/listener_plugin.py took 0.061 seconds
[2025-05-07T19:42:01.944+0000] {processor.py:161} INFO - Started process (PID=1081) to work on /home/airflow/.local/lib/python3.8/site-packages/airflow/example_dags/plugins/listener_plugin.py
[2025-05-07T19:42:01.946+0000] {processor.py:830} INFO - Processing file /home/airflow/.local/lib/python3.8/site-packages/airflow/example_dags/plugins/listener_plugin.py for tasks to queue
[2025-05-07T19:42:01.949+0000] {logging_mixin.py:188} INFO - [2025-05-07T19:42:01.948+0000] {dagbag.py:538} INFO - Filling up the DagBag from /home/airflow/.local/lib/python3.8/site-packages/airflow/example_dags/plugins/listener_plugin.py
[2025-05-07T19:42:01.952+0000] {processor.py:842} WARNING - No viable dags retrieved from /home/airflow/.local/lib/python3.8/site-packages/airflow/example_dags/plugins/listener_plugin.py
[2025-05-07T19:42:01.969+0000] {processor.py:183} INFO - Processing /home/airflow/.local/lib/python3.8/site-packages/airflow/example_dags/plugins/listener_plugin.py took 0.027 seconds
[2025-05-07T19:42:32.488+0000] {processor.py:161} INFO - Started process (PID=1138) to work on /home/airflow/.local/lib/python3.8/site-packages/airflow/example_dags/plugins/listener_plugin.py
[2025-05-07T19:42:32.490+0000] {processor.py:830} INFO - Processing file /home/airflow/.local/lib/python3.8/site-packages/airflow/example_dags/plugins/listener_plugin.py for tasks to queue
[2025-05-07T19:42:32.495+0000] {logging_mixin.py:188} INFO - [2025-05-07T19:42:32.494+0000] {dagbag.py:538} INFO - Filling up the DagBag from /home/airflow/.local/lib/python3.8/site-packages/airflow/example_dags/plugins/listener_plugin.py
[2025-05-07T19:42:32.501+0000] {processor.py:842} WARNING - No viable dags retrieved from /home/airflow/.local/lib/python3.8/site-packages/airflow/example_dags/plugins/listener_plugin.py
[2025-05-07T19:42:32.521+0000] {processor.py:183} INFO - Processing /home/airflow/.local/lib/python3.8/site-packages/airflow/example_dags/plugins/listener_plugin.py took 0.042 seconds
[2025-05-07T19:43:02.905+0000] {processor.py:161} INFO - Started process (PID=1195) to work on /home/airflow/.local/lib/python3.8/site-packages/airflow/example_dags/plugins/listener_plugin.py
[2025-05-07T19:43:02.907+0000] {processor.py:830} INFO - Processing file /home/airflow/.local/lib/python3.8/site-packages/airflow/example_dags/plugins/listener_plugin.py for tasks to queue
[2025-05-07T19:43:02.909+0000] {logging_mixin.py:188} INFO - [2025-05-07T19:43:02.909+0000] {dagbag.py:538} INFO - Filling up the DagBag from /home/airflow/.local/lib/python3.8/site-packages/airflow/example_dags/plugins/listener_plugin.py
[2025-05-07T19:43:02.912+0000] {processor.py:842} WARNING - No viable dags retrieved from /home/airflow/.local/lib/python3.8/site-packages/airflow/example_dags/plugins/listener_plugin.py
[2025-05-07T19:43:02.928+0000] {processor.py:183} INFO - Processing /home/airflow/.local/lib/python3.8/site-packages/airflow/example_dags/plugins/listener_plugin.py took 0.027 seconds
[2025-05-07T19:43:33.219+0000] {processor.py:161} INFO - Started process (PID=1251) to work on /home/airflow/.local/lib/python3.8/site-packages/airflow/example_dags/plugins/listener_plugin.py
[2025-05-07T19:43:33.221+0000] {processor.py:830} INFO - Processing file /home/airflow/.local/lib/python3.8/site-packages/airflow/example_dags/plugins/listener_plugin.py for tasks to queue
[2025-05-07T19:43:33.223+0000] {logging_mixin.py:188} INFO - [2025-05-07T19:43:33.222+0000] {dagbag.py:538} INFO - Filling up the DagBag from /home/airflow/.local/lib/python3.8/site-packages/airflow/example_dags/plugins/listener_plugin.py
[2025-05-07T19:43:33.226+0000] {processor.py:842} WARNING - No viable dags retrieved from /home/airflow/.local/lib/python3.8/site-packages/airflow/example_dags/plugins/listener_plugin.py
[2025-05-07T19:43:33.240+0000] {processor.py:183} INFO - Processing /home/airflow/.local/lib/python3.8/site-packages/airflow/example_dags/plugins/listener_plugin.py took 0.025 seconds
[2025-05-07T19:44:04.452+0000] {processor.py:161} INFO - Started process (PID=1309) to work on /home/airflow/.local/lib/python3.8/site-packages/airflow/example_dags/plugins/listener_plugin.py
[2025-05-07T19:44:04.454+0000] {processor.py:830} INFO - Processing file /home/airflow/.local/lib/python3.8/site-packages/airflow/example_dags/plugins/listener_plugin.py for tasks to queue
[2025-05-07T19:44:04.456+0000] {logging_mixin.py:188} INFO - [2025-05-07T19:44:04.455+0000] {dagbag.py:538} INFO - Filling up the DagBag from /home/airflow/.local/lib/python3.8/site-packages/airflow/example_dags/plugins/listener_plugin.py
[2025-05-07T19:44:04.459+0000] {processor.py:842} WARNING - No viable dags retrieved from /home/airflow/.local/lib/python3.8/site-packages/airflow/example_dags/plugins/listener_plugin.py
[2025-05-07T19:44:04.473+0000] {processor.py:183} INFO - Processing /home/airflow/.local/lib/python3.8/site-packages/airflow/example_dags/plugins/listener_plugin.py took 0.024 seconds
[2025-05-07T19:44:34.697+0000] {processor.py:161} INFO - Started process (PID=1366) to work on /home/airflow/.local/lib/python3.8/site-packages/airflow/example_dags/plugins/listener_plugin.py
[2025-05-07T19:44:34.698+0000] {processor.py:830} INFO - Processing file /home/airflow/.local/lib/python3.8/site-packages/airflow/example_dags/plugins/listener_plugin.py for tasks to queue
[2025-05-07T19:44:34.701+0000] {logging_mixin.py:188} INFO - [2025-05-07T19:44:34.701+0000] {dagbag.py:538} INFO - Filling up the DagBag from /home/airflow/.local/lib/python3.8/site-packages/airflow/example_dags/plugins/listener_plugin.py
[2025-05-07T19:44:34.705+0000] {processor.py:842} WARNING - No viable dags retrieved from /home/airflow/.local/lib/python3.8/site-packages/airflow/example_dags/plugins/listener_plugin.py
[2025-05-07T19:44:34.722+0000] {processor.py:183} INFO - Processing /home/airflow/.local/lib/python3.8/site-packages/airflow/example_dags/plugins/listener_plugin.py took 0.028 seconds
[2025-05-07T19:45:05.198+0000] {processor.py:161} INFO - Started process (PID=1423) to work on /home/airflow/.local/lib/python3.8/site-packages/airflow/example_dags/plugins/listener_plugin.py
[2025-05-07T19:45:05.199+0000] {processor.py:830} INFO - Processing file /home/airflow/.local/lib/python3.8/site-packages/airflow/example_dags/plugins/listener_plugin.py for tasks to queue
[2025-05-07T19:45:05.202+0000] {logging_mixin.py:188} INFO - [2025-05-07T19:45:05.202+0000] {dagbag.py:538} INFO - Filling up the DagBag from /home/airflow/.local/lib/python3.8/site-packages/airflow/example_dags/plugins/listener_plugin.py
[2025-05-07T19:45:05.205+0000] {processor.py:842} WARNING - No viable dags retrieved from /home/airflow/.local/lib/python3.8/site-packages/airflow/example_dags/plugins/listener_plugin.py
[2025-05-07T19:45:05.219+0000] {processor.py:183} INFO - Processing /home/airflow/.local/lib/python3.8/site-packages/airflow/example_dags/plugins/listener_plugin.py took 0.025 seconds
[2025-05-07T19:45:35.811+0000] {processor.py:161} INFO - Started process (PID=1480) to work on /home/airflow/.local/lib/python3.8/site-packages/airflow/example_dags/plugins/listener_plugin.py
[2025-05-07T19:45:35.813+0000] {processor.py:830} INFO - Processing file /home/airflow/.local/lib/python3.8/site-packages/airflow/example_dags/plugins/listener_plugin.py for tasks to queue
[2025-05-07T19:45:35.815+0000] {logging_mixin.py:188} INFO - [2025-05-07T19:45:35.815+0000] {dagbag.py:538} INFO - Filling up the DagBag from /home/airflow/.local/lib/python3.8/site-packages/airflow/example_dags/plugins/listener_plugin.py
[2025-05-07T19:45:35.819+0000] {processor.py:842} WARNING - No viable dags retrieved from /home/airflow/.local/lib/python3.8/site-packages/airflow/example_dags/plugins/listener_plugin.py
[2025-05-07T19:45:35.832+0000] {processor.py:183} INFO - Processing /home/airflow/.local/lib/python3.8/site-packages/airflow/example_dags/plugins/listener_plugin.py took 0.025 seconds
[2025-05-07T19:46:06.660+0000] {processor.py:161} INFO - Started process (PID=1537) to work on /home/airflow/.local/lib/python3.8/site-packages/airflow/example_dags/plugins/listener_plugin.py
[2025-05-07T19:46:06.662+0000] {processor.py:830} INFO - Processing file /home/airflow/.local/lib/python3.8/site-packages/airflow/example_dags/plugins/listener_plugin.py for tasks to queue
[2025-05-07T19:46:06.663+0000] {logging_mixin.py:188} INFO - [2025-05-07T19:46:06.663+0000] {dagbag.py:538} INFO - Filling up the DagBag from /home/airflow/.local/lib/python3.8/site-packages/airflow/example_dags/plugins/listener_plugin.py
[2025-05-07T19:46:06.667+0000] {processor.py:842} WARNING - No viable dags retrieved from /home/airflow/.local/lib/python3.8/site-packages/airflow/example_dags/plugins/listener_plugin.py
[2025-05-07T19:46:06.679+0000] {processor.py:183} INFO - Processing /home/airflow/.local/lib/python3.8/site-packages/airflow/example_dags/plugins/listener_plugin.py took 0.022 seconds
[2025-05-07T19:46:37.681+0000] {processor.py:161} INFO - Started process (PID=1594) to work on /home/airflow/.local/lib/python3.8/site-packages/airflow/example_dags/plugins/listener_plugin.py
[2025-05-07T19:46:37.682+0000] {processor.py:830} INFO - Processing file /home/airflow/.local/lib/python3.8/site-packages/airflow/example_dags/plugins/listener_plugin.py for tasks to queue
[2025-05-07T19:46:37.685+0000] {logging_mixin.py:188} INFO - [2025-05-07T19:46:37.684+0000] {dagbag.py:538} INFO - Filling up the DagBag from /home/airflow/.local/lib/python3.8/site-packages/airflow/example_dags/plugins/listener_plugin.py
[2025-05-07T19:46:37.688+0000] {processor.py:842} WARNING - No viable dags retrieved from /home/airflow/.local/lib/python3.8/site-packages/airflow/example_dags/plugins/listener_plugin.py
[2025-05-07T19:46:37.704+0000] {processor.py:183} INFO - Processing /home/airflow/.local/lib/python3.8/site-packages/airflow/example_dags/plugins/listener_plugin.py took 0.027 seconds
[2025-05-07T19:47:08.674+0000] {processor.py:161} INFO - Started process (PID=1652) to work on /home/airflow/.local/lib/python3.8/site-packages/airflow/example_dags/plugins/listener_plugin.py
[2025-05-07T19:47:08.676+0000] {processor.py:830} INFO - Processing file /home/airflow/.local/lib/python3.8/site-packages/airflow/example_dags/plugins/listener_plugin.py for tasks to queue
[2025-05-07T19:47:08.679+0000] {logging_mixin.py:188} INFO - [2025-05-07T19:47:08.678+0000] {dagbag.py:538} INFO - Filling up the DagBag from /home/airflow/.local/lib/python3.8/site-packages/airflow/example_dags/plugins/listener_plugin.py
[2025-05-07T19:47:08.682+0000] {processor.py:842} WARNING - No viable dags retrieved from /home/airflow/.local/lib/python3.8/site-packages/airflow/example_dags/plugins/listener_plugin.py
[2025-05-07T19:47:08.697+0000] {processor.py:183} INFO - Processing /home/airflow/.local/lib/python3.8/site-packages/airflow/example_dags/plugins/listener_plugin.py took 0.027 seconds
[2025-05-07T19:47:39.642+0000] {processor.py:161} INFO - Started process (PID=1709) to work on /home/airflow/.local/lib/python3.8/site-packages/airflow/example_dags/plugins/listener_plugin.py
[2025-05-07T19:47:39.643+0000] {processor.py:830} INFO - Processing file /home/airflow/.local/lib/python3.8/site-packages/airflow/example_dags/plugins/listener_plugin.py for tasks to queue
[2025-05-07T19:47:39.645+0000] {logging_mixin.py:188} INFO - [2025-05-07T19:47:39.645+0000] {dagbag.py:538} INFO - Filling up the DagBag from /home/airflow/.local/lib/python3.8/site-packages/airflow/example_dags/plugins/listener_plugin.py
[2025-05-07T19:47:39.648+0000] {processor.py:842} WARNING - No viable dags retrieved from /home/airflow/.local/lib/python3.8/site-packages/airflow/example_dags/plugins/listener_plugin.py
[2025-05-07T19:47:39.662+0000] {processor.py:183} INFO - Processing /home/airflow/.local/lib/python3.8/site-packages/airflow/example_dags/plugins/listener_plugin.py took 0.024 seconds
[2025-05-07T19:48:10.027+0000] {processor.py:161} INFO - Started process (PID=1766) to work on /home/airflow/.local/lib/python3.8/site-packages/airflow/example_dags/plugins/listener_plugin.py
[2025-05-07T19:48:10.029+0000] {processor.py:830} INFO - Processing file /home/airflow/.local/lib/python3.8/site-packages/airflow/example_dags/plugins/listener_plugin.py for tasks to queue
[2025-05-07T19:48:10.031+0000] {logging_mixin.py:188} INFO - [2025-05-07T19:48:10.030+0000] {dagbag.py:538} INFO - Filling up the DagBag from /home/airflow/.local/lib/python3.8/site-packages/airflow/example_dags/plugins/listener_plugin.py
[2025-05-07T19:48:10.034+0000] {processor.py:842} WARNING - No viable dags retrieved from /home/airflow/.local/lib/python3.8/site-packages/airflow/example_dags/plugins/listener_plugin.py
[2025-05-07T19:48:10.048+0000] {processor.py:183} INFO - Processing /home/airflow/.local/lib/python3.8/site-packages/airflow/example_dags/plugins/listener_plugin.py took 0.025 seconds
[2025-05-07T19:48:40.323+0000] {processor.py:161} INFO - Started process (PID=1823) to work on /home/airflow/.local/lib/python3.8/site-packages/airflow/example_dags/plugins/listener_plugin.py
[2025-05-07T19:48:40.324+0000] {processor.py:830} INFO - Processing file /home/airflow/.local/lib/python3.8/site-packages/airflow/example_dags/plugins/listener_plugin.py for tasks to queue
[2025-05-07T19:48:40.326+0000] {logging_mixin.py:188} INFO - [2025-05-07T19:48:40.326+0000] {dagbag.py:538} INFO - Filling up the DagBag from /home/airflow/.local/lib/python3.8/site-packages/airflow/example_dags/plugins/listener_plugin.py
[2025-05-07T19:48:40.330+0000] {processor.py:842} WARNING - No viable dags retrieved from /home/airflow/.local/lib/python3.8/site-packages/airflow/example_dags/plugins/listener_plugin.py
[2025-05-07T19:48:40.343+0000] {processor.py:183} INFO - Processing /home/airflow/.local/lib/python3.8/site-packages/airflow/example_dags/plugins/listener_plugin.py took 0.024 seconds
[2025-05-07T19:49:10.992+0000] {processor.py:161} INFO - Started process (PID=1878) to work on /home/airflow/.local/lib/python3.8/site-packages/airflow/example_dags/plugins/listener_plugin.py
[2025-05-07T19:49:10.996+0000] {processor.py:830} INFO - Processing file /home/airflow/.local/lib/python3.8/site-packages/airflow/example_dags/plugins/listener_plugin.py for tasks to queue
[2025-05-07T19:49:11.000+0000] {logging_mixin.py:188} INFO - [2025-05-07T19:49:11.000+0000] {dagbag.py:538} INFO - Filling up the DagBag from /home/airflow/.local/lib/python3.8/site-packages/airflow/example_dags/plugins/listener_plugin.py
[2025-05-07T19:49:11.005+0000] {processor.py:842} WARNING - No viable dags retrieved from /home/airflow/.local/lib/python3.8/site-packages/airflow/example_dags/plugins/listener_plugin.py
[2025-05-07T19:49:11.021+0000] {processor.py:183} INFO - Processing /home/airflow/.local/lib/python3.8/site-packages/airflow/example_dags/plugins/listener_plugin.py took 0.035 seconds
[2025-05-07T19:49:42.060+0000] {processor.py:161} INFO - Started process (PID=1936) to work on /home/airflow/.local/lib/python3.8/site-packages/airflow/example_dags/plugins/listener_plugin.py
[2025-05-07T19:49:42.061+0000] {processor.py:830} INFO - Processing file /home/airflow/.local/lib/python3.8/site-packages/airflow/example_dags/plugins/listener_plugin.py for tasks to queue
[2025-05-07T19:49:42.063+0000] {logging_mixin.py:188} INFO - [2025-05-07T19:49:42.063+0000] {dagbag.py:538} INFO - Filling up the DagBag from /home/airflow/.local/lib/python3.8/site-packages/airflow/example_dags/plugins/listener_plugin.py
[2025-05-07T19:49:42.066+0000] {processor.py:842} WARNING - No viable dags retrieved from /home/airflow/.local/lib/python3.8/site-packages/airflow/example_dags/plugins/listener_plugin.py
[2025-05-07T19:49:42.078+0000] {processor.py:183} INFO - Processing /home/airflow/.local/lib/python3.8/site-packages/airflow/example_dags/plugins/listener_plugin.py took 0.022 seconds
[2025-05-07T19:50:13.214+0000] {processor.py:161} INFO - Started process (PID=1993) to work on /home/airflow/.local/lib/python3.8/site-packages/airflow/example_dags/plugins/listener_plugin.py
[2025-05-07T19:50:13.216+0000] {processor.py:830} INFO - Processing file /home/airflow/.local/lib/python3.8/site-packages/airflow/example_dags/plugins/listener_plugin.py for tasks to queue
[2025-05-07T19:50:13.221+0000] {logging_mixin.py:188} INFO - [2025-05-07T19:50:13.220+0000] {dagbag.py:538} INFO - Filling up the DagBag from /home/airflow/.local/lib/python3.8/site-packages/airflow/example_dags/plugins/listener_plugin.py
[2025-05-07T19:50:13.228+0000] {processor.py:842} WARNING - No viable dags retrieved from /home/airflow/.local/lib/python3.8/site-packages/airflow/example_dags/plugins/listener_plugin.py
[2025-05-07T19:50:13.258+0000] {processor.py:183} INFO - Processing /home/airflow/.local/lib/python3.8/site-packages/airflow/example_dags/plugins/listener_plugin.py took 0.048 seconds
[2025-05-07T19:50:43.937+0000] {processor.py:161} INFO - Started process (PID=2050) to work on /home/airflow/.local/lib/python3.8/site-packages/airflow/example_dags/plugins/listener_plugin.py
[2025-05-07T19:50:43.939+0000] {processor.py:830} INFO - Processing file /home/airflow/.local/lib/python3.8/site-packages/airflow/example_dags/plugins/listener_plugin.py for tasks to queue
[2025-05-07T19:50:43.941+0000] {logging_mixin.py:188} INFO - [2025-05-07T19:50:43.941+0000] {dagbag.py:538} INFO - Filling up the DagBag from /home/airflow/.local/lib/python3.8/site-packages/airflow/example_dags/plugins/listener_plugin.py
[2025-05-07T19:50:43.944+0000] {processor.py:842} WARNING - No viable dags retrieved from /home/airflow/.local/lib/python3.8/site-packages/airflow/example_dags/plugins/listener_plugin.py
[2025-05-07T19:50:43.958+0000] {processor.py:183} INFO - Processing /home/airflow/.local/lib/python3.8/site-packages/airflow/example_dags/plugins/listener_plugin.py took 0.024 seconds
[2025-05-07T19:51:14.020+0000] {processor.py:161} INFO - Started process (PID=2106) to work on /home/airflow/.local/lib/python3.8/site-packages/airflow/example_dags/plugins/listener_plugin.py
[2025-05-07T19:51:14.021+0000] {processor.py:830} INFO - Processing file /home/airflow/.local/lib/python3.8/site-packages/airflow/example_dags/plugins/listener_plugin.py for tasks to queue
[2025-05-07T19:51:14.023+0000] {logging_mixin.py:188} INFO - [2025-05-07T19:51:14.022+0000] {dagbag.py:538} INFO - Filling up the DagBag from /home/airflow/.local/lib/python3.8/site-packages/airflow/example_dags/plugins/listener_plugin.py
[2025-05-07T19:51:14.026+0000] {processor.py:842} WARNING - No viable dags retrieved from /home/airflow/.local/lib/python3.8/site-packages/airflow/example_dags/plugins/listener_plugin.py
[2025-05-07T19:51:14.040+0000] {processor.py:183} INFO - Processing /home/airflow/.local/lib/python3.8/site-packages/airflow/example_dags/plugins/listener_plugin.py took 0.023 seconds
[2025-05-07T19:51:44.444+0000] {processor.py:161} INFO - Started process (PID=2163) to work on /home/airflow/.local/lib/python3.8/site-packages/airflow/example_dags/plugins/listener_plugin.py
[2025-05-07T19:51:44.446+0000] {processor.py:830} INFO - Processing file /home/airflow/.local/lib/python3.8/site-packages/airflow/example_dags/plugins/listener_plugin.py for tasks to queue
[2025-05-07T19:51:44.448+0000] {logging_mixin.py:188} INFO - [2025-05-07T19:51:44.447+0000] {dagbag.py:538} INFO - Filling up the DagBag from /home/airflow/.local/lib/python3.8/site-packages/airflow/example_dags/plugins/listener_plugin.py
[2025-05-07T19:51:44.451+0000] {processor.py:842} WARNING - No viable dags retrieved from /home/airflow/.local/lib/python3.8/site-packages/airflow/example_dags/plugins/listener_plugin.py
[2025-05-07T19:51:44.464+0000] {processor.py:183} INFO - Processing /home/airflow/.local/lib/python3.8/site-packages/airflow/example_dags/plugins/listener_plugin.py took 0.024 seconds
[2025-05-07T19:52:14.959+0000] {processor.py:161} INFO - Started process (PID=2220) to work on /home/airflow/.local/lib/python3.8/site-packages/airflow/example_dags/plugins/listener_plugin.py
[2025-05-07T19:52:14.961+0000] {processor.py:830} INFO - Processing file /home/airflow/.local/lib/python3.8/site-packages/airflow/example_dags/plugins/listener_plugin.py for tasks to queue
[2025-05-07T19:52:14.963+0000] {logging_mixin.py:188} INFO - [2025-05-07T19:52:14.962+0000] {dagbag.py:538} INFO - Filling up the DagBag from /home/airflow/.local/lib/python3.8/site-packages/airflow/example_dags/plugins/listener_plugin.py
[2025-05-07T19:52:14.966+0000] {processor.py:842} WARNING - No viable dags retrieved from /home/airflow/.local/lib/python3.8/site-packages/airflow/example_dags/plugins/listener_plugin.py
[2025-05-07T19:52:14.980+0000] {processor.py:183} INFO - Processing /home/airflow/.local/lib/python3.8/site-packages/airflow/example_dags/plugins/listener_plugin.py took 0.024 seconds
[2025-05-07T19:52:46.101+0000] {processor.py:161} INFO - Started process (PID=2278) to work on /home/airflow/.local/lib/python3.8/site-packages/airflow/example_dags/plugins/listener_plugin.py
[2025-05-07T19:52:46.103+0000] {processor.py:830} INFO - Processing file /home/airflow/.local/lib/python3.8/site-packages/airflow/example_dags/plugins/listener_plugin.py for tasks to queue
[2025-05-07T19:52:46.108+0000] {logging_mixin.py:188} INFO - [2025-05-07T19:52:46.107+0000] {dagbag.py:538} INFO - Filling up the DagBag from /home/airflow/.local/lib/python3.8/site-packages/airflow/example_dags/plugins/listener_plugin.py
[2025-05-07T19:52:46.111+0000] {processor.py:842} WARNING - No viable dags retrieved from /home/airflow/.local/lib/python3.8/site-packages/airflow/example_dags/plugins/listener_plugin.py
[2025-05-07T19:52:46.127+0000] {processor.py:183} INFO - Processing /home/airflow/.local/lib/python3.8/site-packages/airflow/example_dags/plugins/listener_plugin.py took 0.030 seconds
[2025-05-07T19:53:17.290+0000] {processor.py:161} INFO - Started process (PID=2335) to work on /home/airflow/.local/lib/python3.8/site-packages/airflow/example_dags/plugins/listener_plugin.py
[2025-05-07T19:53:17.293+0000] {processor.py:830} INFO - Processing file /home/airflow/.local/lib/python3.8/site-packages/airflow/example_dags/plugins/listener_plugin.py for tasks to queue
[2025-05-07T19:53:17.296+0000] {logging_mixin.py:188} INFO - [2025-05-07T19:53:17.296+0000] {dagbag.py:538} INFO - Filling up the DagBag from /home/airflow/.local/lib/python3.8/site-packages/airflow/example_dags/plugins/listener_plugin.py
[2025-05-07T19:53:17.299+0000] {processor.py:842} WARNING - No viable dags retrieved from /home/airflow/.local/lib/python3.8/site-packages/airflow/example_dags/plugins/listener_plugin.py
[2025-05-07T19:53:17.314+0000] {processor.py:183} INFO - Processing /home/airflow/.local/lib/python3.8/site-packages/airflow/example_dags/plugins/listener_plugin.py took 0.028 seconds
[2025-05-07T19:53:47.551+0000] {processor.py:161} INFO - Started process (PID=2392) to work on /home/airflow/.local/lib/python3.8/site-packages/airflow/example_dags/plugins/listener_plugin.py
[2025-05-07T19:53:47.552+0000] {processor.py:830} INFO - Processing file /home/airflow/.local/lib/python3.8/site-packages/airflow/example_dags/plugins/listener_plugin.py for tasks to queue
[2025-05-07T19:53:47.554+0000] {logging_mixin.py:188} INFO - [2025-05-07T19:53:47.554+0000] {dagbag.py:538} INFO - Filling up the DagBag from /home/airflow/.local/lib/python3.8/site-packages/airflow/example_dags/plugins/listener_plugin.py
[2025-05-07T19:53:47.557+0000] {processor.py:842} WARNING - No viable dags retrieved from /home/airflow/.local/lib/python3.8/site-packages/airflow/example_dags/plugins/listener_plugin.py
[2025-05-07T19:53:47.572+0000] {processor.py:183} INFO - Processing /home/airflow/.local/lib/python3.8/site-packages/airflow/example_dags/plugins/listener_plugin.py took 0.025 seconds
[2025-05-07T19:54:18.784+0000] {processor.py:161} INFO - Started process (PID=2449) to work on /home/airflow/.local/lib/python3.8/site-packages/airflow/example_dags/plugins/listener_plugin.py
[2025-05-07T19:54:18.786+0000] {processor.py:830} INFO - Processing file /home/airflow/.local/lib/python3.8/site-packages/airflow/example_dags/plugins/listener_plugin.py for tasks to queue
[2025-05-07T19:54:18.790+0000] {logging_mixin.py:188} INFO - [2025-05-07T19:54:18.790+0000] {dagbag.py:538} INFO - Filling up the DagBag from /home/airflow/.local/lib/python3.8/site-packages/airflow/example_dags/plugins/listener_plugin.py
[2025-05-07T19:54:18.794+0000] {processor.py:842} WARNING - No viable dags retrieved from /home/airflow/.local/lib/python3.8/site-packages/airflow/example_dags/plugins/listener_plugin.py
[2025-05-07T19:54:18.812+0000] {processor.py:183} INFO - Processing /home/airflow/.local/lib/python3.8/site-packages/airflow/example_dags/plugins/listener_plugin.py took 0.031 seconds
[2025-05-07T19:54:49.054+0000] {processor.py:161} INFO - Started process (PID=2511) to work on /home/airflow/.local/lib/python3.8/site-packages/airflow/example_dags/plugins/listener_plugin.py
[2025-05-07T19:54:49.055+0000] {processor.py:830} INFO - Processing file /home/airflow/.local/lib/python3.8/site-packages/airflow/example_dags/plugins/listener_plugin.py for tasks to queue
[2025-05-07T19:54:49.059+0000] {logging_mixin.py:188} INFO - [2025-05-07T19:54:49.058+0000] {dagbag.py:538} INFO - Filling up the DagBag from /home/airflow/.local/lib/python3.8/site-packages/airflow/example_dags/plugins/listener_plugin.py
[2025-05-07T19:54:49.062+0000] {processor.py:842} WARNING - No viable dags retrieved from /home/airflow/.local/lib/python3.8/site-packages/airflow/example_dags/plugins/listener_plugin.py
[2025-05-07T19:54:49.079+0000] {processor.py:183} INFO - Processing /home/airflow/.local/lib/python3.8/site-packages/airflow/example_dags/plugins/listener_plugin.py took 0.030 seconds
[2025-05-07T19:55:19.241+0000] {processor.py:161} INFO - Started process (PID=2567) to work on /home/airflow/.local/lib/python3.8/site-packages/airflow/example_dags/plugins/listener_plugin.py
[2025-05-07T19:55:19.243+0000] {processor.py:830} INFO - Processing file /home/airflow/.local/lib/python3.8/site-packages/airflow/example_dags/plugins/listener_plugin.py for tasks to queue
[2025-05-07T19:55:19.245+0000] {logging_mixin.py:188} INFO - [2025-05-07T19:55:19.244+0000] {dagbag.py:538} INFO - Filling up the DagBag from /home/airflow/.local/lib/python3.8/site-packages/airflow/example_dags/plugins/listener_plugin.py
[2025-05-07T19:55:19.248+0000] {processor.py:842} WARNING - No viable dags retrieved from /home/airflow/.local/lib/python3.8/site-packages/airflow/example_dags/plugins/listener_plugin.py
[2025-05-07T19:55:19.264+0000] {processor.py:183} INFO - Processing /home/airflow/.local/lib/python3.8/site-packages/airflow/example_dags/plugins/listener_plugin.py took 0.025 seconds
[2025-05-07T19:55:49.972+0000] {processor.py:161} INFO - Started process (PID=2625) to work on /home/airflow/.local/lib/python3.8/site-packages/airflow/example_dags/plugins/listener_plugin.py
[2025-05-07T19:55:49.974+0000] {processor.py:830} INFO - Processing file /home/airflow/.local/lib/python3.8/site-packages/airflow/example_dags/plugins/listener_plugin.py for tasks to queue
[2025-05-07T19:55:49.977+0000] {logging_mixin.py:188} INFO - [2025-05-07T19:55:49.977+0000] {dagbag.py:538} INFO - Filling up the DagBag from /home/airflow/.local/lib/python3.8/site-packages/airflow/example_dags/plugins/listener_plugin.py
[2025-05-07T19:55:49.982+0000] {processor.py:842} WARNING - No viable dags retrieved from /home/airflow/.local/lib/python3.8/site-packages/airflow/example_dags/plugins/listener_plugin.py
[2025-05-07T19:55:50.000+0000] {processor.py:183} INFO - Processing /home/airflow/.local/lib/python3.8/site-packages/airflow/example_dags/plugins/listener_plugin.py took 0.032 seconds
[2025-05-07T19:56:21.319+0000] {processor.py:161} INFO - Started process (PID=2682) to work on /home/airflow/.local/lib/python3.8/site-packages/airflow/example_dags/plugins/listener_plugin.py
[2025-05-07T19:56:21.321+0000] {processor.py:830} INFO - Processing file /home/airflow/.local/lib/python3.8/site-packages/airflow/example_dags/plugins/listener_plugin.py for tasks to queue
[2025-05-07T19:56:21.325+0000] {logging_mixin.py:188} INFO - [2025-05-07T19:56:21.325+0000] {dagbag.py:538} INFO - Filling up the DagBag from /home/airflow/.local/lib/python3.8/site-packages/airflow/example_dags/plugins/listener_plugin.py
[2025-05-07T19:56:21.329+0000] {processor.py:842} WARNING - No viable dags retrieved from /home/airflow/.local/lib/python3.8/site-packages/airflow/example_dags/plugins/listener_plugin.py
[2025-05-07T19:56:21.461+0000] {processor.py:183} INFO - Processing /home/airflow/.local/lib/python3.8/site-packages/airflow/example_dags/plugins/listener_plugin.py took 0.146 seconds
[2025-05-07T19:56:51.922+0000] {processor.py:161} INFO - Started process (PID=2739) to work on /home/airflow/.local/lib/python3.8/site-packages/airflow/example_dags/plugins/listener_plugin.py
[2025-05-07T19:56:51.924+0000] {processor.py:830} INFO - Processing file /home/airflow/.local/lib/python3.8/site-packages/airflow/example_dags/plugins/listener_plugin.py for tasks to queue
[2025-05-07T19:56:51.928+0000] {logging_mixin.py:188} INFO - [2025-05-07T19:56:51.927+0000] {dagbag.py:538} INFO - Filling up the DagBag from /home/airflow/.local/lib/python3.8/site-packages/airflow/example_dags/plugins/listener_plugin.py
[2025-05-07T19:56:51.932+0000] {processor.py:842} WARNING - No viable dags retrieved from /home/airflow/.local/lib/python3.8/site-packages/airflow/example_dags/plugins/listener_plugin.py
[2025-05-07T19:56:51.949+0000] {processor.py:183} INFO - Processing /home/airflow/.local/lib/python3.8/site-packages/airflow/example_dags/plugins/listener_plugin.py took 0.033 seconds
[2025-05-07T19:57:22.846+0000] {processor.py:161} INFO - Started process (PID=2796) to work on /home/airflow/.local/lib/python3.8/site-packages/airflow/example_dags/plugins/listener_plugin.py
[2025-05-07T19:57:22.848+0000] {processor.py:830} INFO - Processing file /home/airflow/.local/lib/python3.8/site-packages/airflow/example_dags/plugins/listener_plugin.py for tasks to queue
[2025-05-07T19:57:22.850+0000] {logging_mixin.py:188} INFO - [2025-05-07T19:57:22.850+0000] {dagbag.py:538} INFO - Filling up the DagBag from /home/airflow/.local/lib/python3.8/site-packages/airflow/example_dags/plugins/listener_plugin.py
[2025-05-07T19:57:22.854+0000] {processor.py:842} WARNING - No viable dags retrieved from /home/airflow/.local/lib/python3.8/site-packages/airflow/example_dags/plugins/listener_plugin.py
[2025-05-07T19:57:22.869+0000] {processor.py:183} INFO - Processing /home/airflow/.local/lib/python3.8/site-packages/airflow/example_dags/plugins/listener_plugin.py took 0.026 seconds
[2025-05-07T19:57:53.552+0000] {processor.py:161} INFO - Started process (PID=2853) to work on /home/airflow/.local/lib/python3.8/site-packages/airflow/example_dags/plugins/listener_plugin.py
[2025-05-07T19:57:53.557+0000] {processor.py:830} INFO - Processing file /home/airflow/.local/lib/python3.8/site-packages/airflow/example_dags/plugins/listener_plugin.py for tasks to queue
[2025-05-07T19:57:53.560+0000] {logging_mixin.py:188} INFO - [2025-05-07T19:57:53.560+0000] {dagbag.py:538} INFO - Filling up the DagBag from /home/airflow/.local/lib/python3.8/site-packages/airflow/example_dags/plugins/listener_plugin.py
[2025-05-07T19:57:53.568+0000] {processor.py:842} WARNING - No viable dags retrieved from /home/airflow/.local/lib/python3.8/site-packages/airflow/example_dags/plugins/listener_plugin.py
[2025-05-07T19:57:53.591+0000] {processor.py:183} INFO - Processing /home/airflow/.local/lib/python3.8/site-packages/airflow/example_dags/plugins/listener_plugin.py took 0.044 seconds
[2025-05-07T19:58:24.485+0000] {processor.py:161} INFO - Started process (PID=2910) to work on /home/airflow/.local/lib/python3.8/site-packages/airflow/example_dags/plugins/listener_plugin.py
[2025-05-07T19:58:24.487+0000] {processor.py:830} INFO - Processing file /home/airflow/.local/lib/python3.8/site-packages/airflow/example_dags/plugins/listener_plugin.py for tasks to queue
[2025-05-07T19:58:24.489+0000] {logging_mixin.py:188} INFO - [2025-05-07T19:58:24.489+0000] {dagbag.py:538} INFO - Filling up the DagBag from /home/airflow/.local/lib/python3.8/site-packages/airflow/example_dags/plugins/listener_plugin.py
[2025-05-07T19:58:24.492+0000] {processor.py:842} WARNING - No viable dags retrieved from /home/airflow/.local/lib/python3.8/site-packages/airflow/example_dags/plugins/listener_plugin.py
[2025-05-07T19:58:24.505+0000] {processor.py:183} INFO - Processing /home/airflow/.local/lib/python3.8/site-packages/airflow/example_dags/plugins/listener_plugin.py took 0.023 seconds
[2025-05-07T19:58:55.440+0000] {processor.py:161} INFO - Started process (PID=2967) to work on /home/airflow/.local/lib/python3.8/site-packages/airflow/example_dags/plugins/listener_plugin.py
[2025-05-07T19:58:55.443+0000] {processor.py:830} INFO - Processing file /home/airflow/.local/lib/python3.8/site-packages/airflow/example_dags/plugins/listener_plugin.py for tasks to queue
[2025-05-07T19:58:55.446+0000] {logging_mixin.py:188} INFO - [2025-05-07T19:58:55.446+0000] {dagbag.py:538} INFO - Filling up the DagBag from /home/airflow/.local/lib/python3.8/site-packages/airflow/example_dags/plugins/listener_plugin.py
[2025-05-07T19:58:55.450+0000] {processor.py:842} WARNING - No viable dags retrieved from /home/airflow/.local/lib/python3.8/site-packages/airflow/example_dags/plugins/listener_plugin.py
[2025-05-07T19:58:55.465+0000] {processor.py:183} INFO - Processing /home/airflow/.local/lib/python3.8/site-packages/airflow/example_dags/plugins/listener_plugin.py took 0.029 seconds
[2025-05-07T19:59:25.687+0000] {processor.py:161} INFO - Started process (PID=3024) to work on /home/airflow/.local/lib/python3.8/site-packages/airflow/example_dags/plugins/listener_plugin.py
[2025-05-07T19:59:25.688+0000] {processor.py:830} INFO - Processing file /home/airflow/.local/lib/python3.8/site-packages/airflow/example_dags/plugins/listener_plugin.py for tasks to queue
[2025-05-07T19:59:25.692+0000] {logging_mixin.py:188} INFO - [2025-05-07T19:59:25.692+0000] {dagbag.py:538} INFO - Filling up the DagBag from /home/airflow/.local/lib/python3.8/site-packages/airflow/example_dags/plugins/listener_plugin.py
[2025-05-07T19:59:25.700+0000] {processor.py:842} WARNING - No viable dags retrieved from /home/airflow/.local/lib/python3.8/site-packages/airflow/example_dags/plugins/listener_plugin.py
[2025-05-07T19:59:25.724+0000] {processor.py:183} INFO - Processing /home/airflow/.local/lib/python3.8/site-packages/airflow/example_dags/plugins/listener_plugin.py took 0.041 seconds
[2025-05-07T19:59:56.362+0000] {processor.py:161} INFO - Started process (PID=3081) to work on /home/airflow/.local/lib/python3.8/site-packages/airflow/example_dags/plugins/listener_plugin.py
[2025-05-07T19:59:56.363+0000] {processor.py:830} INFO - Processing file /home/airflow/.local/lib/python3.8/site-packages/airflow/example_dags/plugins/listener_plugin.py for tasks to queue
[2025-05-07T19:59:56.365+0000] {logging_mixin.py:188} INFO - [2025-05-07T19:59:56.365+0000] {dagbag.py:538} INFO - Filling up the DagBag from /home/airflow/.local/lib/python3.8/site-packages/airflow/example_dags/plugins/listener_plugin.py
[2025-05-07T19:59:56.368+0000] {processor.py:842} WARNING - No viable dags retrieved from /home/airflow/.local/lib/python3.8/site-packages/airflow/example_dags/plugins/listener_plugin.py
[2025-05-07T19:59:56.384+0000] {processor.py:183} INFO - Processing /home/airflow/.local/lib/python3.8/site-packages/airflow/example_dags/plugins/listener_plugin.py took 0.026 seconds
[2025-05-07T20:00:27.075+0000] {processor.py:161} INFO - Started process (PID=3138) to work on /home/airflow/.local/lib/python3.8/site-packages/airflow/example_dags/plugins/listener_plugin.py
[2025-05-07T20:00:27.076+0000] {processor.py:830} INFO - Processing file /home/airflow/.local/lib/python3.8/site-packages/airflow/example_dags/plugins/listener_plugin.py for tasks to queue
[2025-05-07T20:00:27.079+0000] {logging_mixin.py:188} INFO - [2025-05-07T20:00:27.078+0000] {dagbag.py:538} INFO - Filling up the DagBag from /home/airflow/.local/lib/python3.8/site-packages/airflow/example_dags/plugins/listener_plugin.py
[2025-05-07T20:00:27.082+0000] {processor.py:842} WARNING - No viable dags retrieved from /home/airflow/.local/lib/python3.8/site-packages/airflow/example_dags/plugins/listener_plugin.py
[2025-05-07T20:00:27.097+0000] {processor.py:183} INFO - Processing /home/airflow/.local/lib/python3.8/site-packages/airflow/example_dags/plugins/listener_plugin.py took 0.026 seconds
[2025-05-07T20:00:57.805+0000] {processor.py:161} INFO - Started process (PID=3195) to work on /home/airflow/.local/lib/python3.8/site-packages/airflow/example_dags/plugins/listener_plugin.py
[2025-05-07T20:00:57.808+0000] {processor.py:830} INFO - Processing file /home/airflow/.local/lib/python3.8/site-packages/airflow/example_dags/plugins/listener_plugin.py for tasks to queue
[2025-05-07T20:00:57.810+0000] {logging_mixin.py:188} INFO - [2025-05-07T20:00:57.810+0000] {dagbag.py:538} INFO - Filling up the DagBag from /home/airflow/.local/lib/python3.8/site-packages/airflow/example_dags/plugins/listener_plugin.py
[2025-05-07T20:00:57.813+0000] {processor.py:842} WARNING - No viable dags retrieved from /home/airflow/.local/lib/python3.8/site-packages/airflow/example_dags/plugins/listener_plugin.py
[2025-05-07T20:00:57.829+0000] {processor.py:183} INFO - Processing /home/airflow/.local/lib/python3.8/site-packages/airflow/example_dags/plugins/listener_plugin.py took 0.028 seconds
[2025-05-07T20:01:28.032+0000] {processor.py:161} INFO - Started process (PID=3252) to work on /home/airflow/.local/lib/python3.8/site-packages/airflow/example_dags/plugins/listener_plugin.py
[2025-05-07T20:01:28.033+0000] {processor.py:830} INFO - Processing file /home/airflow/.local/lib/python3.8/site-packages/airflow/example_dags/plugins/listener_plugin.py for tasks to queue
[2025-05-07T20:01:28.035+0000] {logging_mixin.py:188} INFO - [2025-05-07T20:01:28.035+0000] {dagbag.py:538} INFO - Filling up the DagBag from /home/airflow/.local/lib/python3.8/site-packages/airflow/example_dags/plugins/listener_plugin.py
[2025-05-07T20:01:28.038+0000] {processor.py:842} WARNING - No viable dags retrieved from /home/airflow/.local/lib/python3.8/site-packages/airflow/example_dags/plugins/listener_plugin.py
[2025-05-07T20:01:28.051+0000] {processor.py:183} INFO - Processing /home/airflow/.local/lib/python3.8/site-packages/airflow/example_dags/plugins/listener_plugin.py took 0.023 seconds
[2025-05-07T20:01:58.511+0000] {processor.py:161} INFO - Started process (PID=3309) to work on /home/airflow/.local/lib/python3.8/site-packages/airflow/example_dags/plugins/listener_plugin.py
[2025-05-07T20:01:58.512+0000] {processor.py:830} INFO - Processing file /home/airflow/.local/lib/python3.8/site-packages/airflow/example_dags/plugins/listener_plugin.py for tasks to queue
[2025-05-07T20:01:58.514+0000] {logging_mixin.py:188} INFO - [2025-05-07T20:01:58.514+0000] {dagbag.py:538} INFO - Filling up the DagBag from /home/airflow/.local/lib/python3.8/site-packages/airflow/example_dags/plugins/listener_plugin.py
[2025-05-07T20:01:58.517+0000] {processor.py:842} WARNING - No viable dags retrieved from /home/airflow/.local/lib/python3.8/site-packages/airflow/example_dags/plugins/listener_plugin.py
[2025-05-07T20:01:58.531+0000] {processor.py:183} INFO - Processing /home/airflow/.local/lib/python3.8/site-packages/airflow/example_dags/plugins/listener_plugin.py took 0.022 seconds
[2025-05-07T20:02:28.943+0000] {processor.py:161} INFO - Started process (PID=3366) to work on /home/airflow/.local/lib/python3.8/site-packages/airflow/example_dags/plugins/listener_plugin.py
[2025-05-07T20:02:28.947+0000] {processor.py:830} INFO - Processing file /home/airflow/.local/lib/python3.8/site-packages/airflow/example_dags/plugins/listener_plugin.py for tasks to queue
[2025-05-07T20:02:28.950+0000] {logging_mixin.py:188} INFO - [2025-05-07T20:02:28.949+0000] {dagbag.py:538} INFO - Filling up the DagBag from /home/airflow/.local/lib/python3.8/site-packages/airflow/example_dags/plugins/listener_plugin.py
[2025-05-07T20:02:28.953+0000] {processor.py:842} WARNING - No viable dags retrieved from /home/airflow/.local/lib/python3.8/site-packages/airflow/example_dags/plugins/listener_plugin.py
[2025-05-07T20:02:28.970+0000] {processor.py:183} INFO - Processing /home/airflow/.local/lib/python3.8/site-packages/airflow/example_dags/plugins/listener_plugin.py took 0.030 seconds
[2025-05-07T20:02:59.582+0000] {processor.py:161} INFO - Started process (PID=3424) to work on /home/airflow/.local/lib/python3.8/site-packages/airflow/example_dags/plugins/listener_plugin.py
[2025-05-07T20:02:59.584+0000] {processor.py:830} INFO - Processing file /home/airflow/.local/lib/python3.8/site-packages/airflow/example_dags/plugins/listener_plugin.py for tasks to queue
[2025-05-07T20:02:59.587+0000] {logging_mixin.py:188} INFO - [2025-05-07T20:02:59.587+0000] {dagbag.py:538} INFO - Filling up the DagBag from /home/airflow/.local/lib/python3.8/site-packages/airflow/example_dags/plugins/listener_plugin.py
[2025-05-07T20:02:59.594+0000] {processor.py:842} WARNING - No viable dags retrieved from /home/airflow/.local/lib/python3.8/site-packages/airflow/example_dags/plugins/listener_plugin.py
[2025-05-07T20:02:59.618+0000] {processor.py:183} INFO - Processing /home/airflow/.local/lib/python3.8/site-packages/airflow/example_dags/plugins/listener_plugin.py took 0.040 seconds
[2025-05-07T20:03:30.608+0000] {processor.py:161} INFO - Started process (PID=3481) to work on /home/airflow/.local/lib/python3.8/site-packages/airflow/example_dags/plugins/listener_plugin.py
[2025-05-07T20:03:30.611+0000] {processor.py:830} INFO - Processing file /home/airflow/.local/lib/python3.8/site-packages/airflow/example_dags/plugins/listener_plugin.py for tasks to queue
[2025-05-07T20:03:30.616+0000] {logging_mixin.py:188} INFO - [2025-05-07T20:03:30.616+0000] {dagbag.py:538} INFO - Filling up the DagBag from /home/airflow/.local/lib/python3.8/site-packages/airflow/example_dags/plugins/listener_plugin.py
[2025-05-07T20:03:30.624+0000] {processor.py:842} WARNING - No viable dags retrieved from /home/airflow/.local/lib/python3.8/site-packages/airflow/example_dags/plugins/listener_plugin.py
[2025-05-07T20:03:30.657+0000] {processor.py:183} INFO - Processing /home/airflow/.local/lib/python3.8/site-packages/airflow/example_dags/plugins/listener_plugin.py took 0.052 seconds
[2025-05-07T20:04:01.265+0000] {processor.py:161} INFO - Started process (PID=3538) to work on /home/airflow/.local/lib/python3.8/site-packages/airflow/example_dags/plugins/listener_plugin.py
[2025-05-07T20:04:01.266+0000] {processor.py:830} INFO - Processing file /home/airflow/.local/lib/python3.8/site-packages/airflow/example_dags/plugins/listener_plugin.py for tasks to queue
[2025-05-07T20:04:01.269+0000] {logging_mixin.py:188} INFO - [2025-05-07T20:04:01.268+0000] {dagbag.py:538} INFO - Filling up the DagBag from /home/airflow/.local/lib/python3.8/site-packages/airflow/example_dags/plugins/listener_plugin.py
[2025-05-07T20:04:01.272+0000] {processor.py:842} WARNING - No viable dags retrieved from /home/airflow/.local/lib/python3.8/site-packages/airflow/example_dags/plugins/listener_plugin.py
[2025-05-07T20:04:01.284+0000] {processor.py:183} INFO - Processing /home/airflow/.local/lib/python3.8/site-packages/airflow/example_dags/plugins/listener_plugin.py took 0.023 seconds
[2025-05-07T20:04:31.679+0000] {processor.py:161} INFO - Started process (PID=3595) to work on /home/airflow/.local/lib/python3.8/site-packages/airflow/example_dags/plugins/listener_plugin.py
[2025-05-07T20:04:31.681+0000] {processor.py:830} INFO - Processing file /home/airflow/.local/lib/python3.8/site-packages/airflow/example_dags/plugins/listener_plugin.py for tasks to queue
[2025-05-07T20:04:31.686+0000] {logging_mixin.py:188} INFO - [2025-05-07T20:04:31.686+0000] {dagbag.py:538} INFO - Filling up the DagBag from /home/airflow/.local/lib/python3.8/site-packages/airflow/example_dags/plugins/listener_plugin.py
[2025-05-07T20:04:31.693+0000] {processor.py:842} WARNING - No viable dags retrieved from /home/airflow/.local/lib/python3.8/site-packages/airflow/example_dags/plugins/listener_plugin.py
[2025-05-07T20:04:31.716+0000] {processor.py:183} INFO - Processing /home/airflow/.local/lib/python3.8/site-packages/airflow/example_dags/plugins/listener_plugin.py took 0.041 seconds
[2025-05-07T20:05:02.630+0000] {processor.py:161} INFO - Started process (PID=3652) to work on /home/airflow/.local/lib/python3.8/site-packages/airflow/example_dags/plugins/listener_plugin.py
[2025-05-07T20:05:02.632+0000] {processor.py:830} INFO - Processing file /home/airflow/.local/lib/python3.8/site-packages/airflow/example_dags/plugins/listener_plugin.py for tasks to queue
[2025-05-07T20:05:02.634+0000] {logging_mixin.py:188} INFO - [2025-05-07T20:05:02.634+0000] {dagbag.py:538} INFO - Filling up the DagBag from /home/airflow/.local/lib/python3.8/site-packages/airflow/example_dags/plugins/listener_plugin.py
[2025-05-07T20:05:02.637+0000] {processor.py:842} WARNING - No viable dags retrieved from /home/airflow/.local/lib/python3.8/site-packages/airflow/example_dags/plugins/listener_plugin.py
[2025-05-07T20:05:02.653+0000] {processor.py:183} INFO - Processing /home/airflow/.local/lib/python3.8/site-packages/airflow/example_dags/plugins/listener_plugin.py took 0.026 seconds
[2025-05-07T20:05:33.099+0000] {processor.py:161} INFO - Started process (PID=3709) to work on /home/airflow/.local/lib/python3.8/site-packages/airflow/example_dags/plugins/listener_plugin.py
[2025-05-07T20:05:33.102+0000] {processor.py:830} INFO - Processing file /home/airflow/.local/lib/python3.8/site-packages/airflow/example_dags/plugins/listener_plugin.py for tasks to queue
[2025-05-07T20:05:33.113+0000] {logging_mixin.py:188} INFO - [2025-05-07T20:05:33.112+0000] {dagbag.py:538} INFO - Filling up the DagBag from /home/airflow/.local/lib/python3.8/site-packages/airflow/example_dags/plugins/listener_plugin.py
[2025-05-07T20:05:33.119+0000] {processor.py:842} WARNING - No viable dags retrieved from /home/airflow/.local/lib/python3.8/site-packages/airflow/example_dags/plugins/listener_plugin.py
[2025-05-07T20:05:33.150+0000] {processor.py:183} INFO - Processing /home/airflow/.local/lib/python3.8/site-packages/airflow/example_dags/plugins/listener_plugin.py took 0.057 seconds
[2025-05-07T20:06:03.915+0000] {processor.py:161} INFO - Started process (PID=3766) to work on /home/airflow/.local/lib/python3.8/site-packages/airflow/example_dags/plugins/listener_plugin.py
[2025-05-07T20:06:03.917+0000] {processor.py:830} INFO - Processing file /home/airflow/.local/lib/python3.8/site-packages/airflow/example_dags/plugins/listener_plugin.py for tasks to queue
[2025-05-07T20:06:03.919+0000] {logging_mixin.py:188} INFO - [2025-05-07T20:06:03.918+0000] {dagbag.py:538} INFO - Filling up the DagBag from /home/airflow/.local/lib/python3.8/site-packages/airflow/example_dags/plugins/listener_plugin.py
[2025-05-07T20:06:03.922+0000] {processor.py:842} WARNING - No viable dags retrieved from /home/airflow/.local/lib/python3.8/site-packages/airflow/example_dags/plugins/listener_plugin.py
[2025-05-07T20:06:03.938+0000] {processor.py:183} INFO - Processing /home/airflow/.local/lib/python3.8/site-packages/airflow/example_dags/plugins/listener_plugin.py took 0.026 seconds
[2025-05-07T20:06:34.130+0000] {processor.py:161} INFO - Started process (PID=3823) to work on /home/airflow/.local/lib/python3.8/site-packages/airflow/example_dags/plugins/listener_plugin.py
[2025-05-07T20:06:34.131+0000] {processor.py:830} INFO - Processing file /home/airflow/.local/lib/python3.8/site-packages/airflow/example_dags/plugins/listener_plugin.py for tasks to queue
[2025-05-07T20:06:34.133+0000] {logging_mixin.py:188} INFO - [2025-05-07T20:06:34.133+0000] {dagbag.py:538} INFO - Filling up the DagBag from /home/airflow/.local/lib/python3.8/site-packages/airflow/example_dags/plugins/listener_plugin.py
[2025-05-07T20:06:34.136+0000] {processor.py:842} WARNING - No viable dags retrieved from /home/airflow/.local/lib/python3.8/site-packages/airflow/example_dags/plugins/listener_plugin.py
[2025-05-07T20:06:34.151+0000] {processor.py:183} INFO - Processing /home/airflow/.local/lib/python3.8/site-packages/airflow/example_dags/plugins/listener_plugin.py took 0.024 seconds
[2025-05-07T20:07:04.571+0000] {processor.py:161} INFO - Started process (PID=3880) to work on /home/airflow/.local/lib/python3.8/site-packages/airflow/example_dags/plugins/listener_plugin.py
[2025-05-07T20:07:04.572+0000] {processor.py:830} INFO - Processing file /home/airflow/.local/lib/python3.8/site-packages/airflow/example_dags/plugins/listener_plugin.py for tasks to queue
[2025-05-07T20:07:04.574+0000] {logging_mixin.py:188} INFO - [2025-05-07T20:07:04.574+0000] {dagbag.py:538} INFO - Filling up the DagBag from /home/airflow/.local/lib/python3.8/site-packages/airflow/example_dags/plugins/listener_plugin.py
[2025-05-07T20:07:04.577+0000] {processor.py:842} WARNING - No viable dags retrieved from /home/airflow/.local/lib/python3.8/site-packages/airflow/example_dags/plugins/listener_plugin.py
[2025-05-07T20:07:04.594+0000] {processor.py:183} INFO - Processing /home/airflow/.local/lib/python3.8/site-packages/airflow/example_dags/plugins/listener_plugin.py took 0.026 seconds
[2025-05-07T20:07:35.427+0000] {processor.py:161} INFO - Started process (PID=3937) to work on /home/airflow/.local/lib/python3.8/site-packages/airflow/example_dags/plugins/listener_plugin.py
[2025-05-07T20:07:35.429+0000] {processor.py:830} INFO - Processing file /home/airflow/.local/lib/python3.8/site-packages/airflow/example_dags/plugins/listener_plugin.py for tasks to queue
[2025-05-07T20:07:35.431+0000] {logging_mixin.py:188} INFO - [2025-05-07T20:07:35.431+0000] {dagbag.py:538} INFO - Filling up the DagBag from /home/airflow/.local/lib/python3.8/site-packages/airflow/example_dags/plugins/listener_plugin.py
[2025-05-07T20:07:35.434+0000] {processor.py:842} WARNING - No viable dags retrieved from /home/airflow/.local/lib/python3.8/site-packages/airflow/example_dags/plugins/listener_plugin.py
[2025-05-07T20:07:35.449+0000] {processor.py:183} INFO - Processing /home/airflow/.local/lib/python3.8/site-packages/airflow/example_dags/plugins/listener_plugin.py took 0.028 seconds
[2025-05-07T20:08:05.736+0000] {processor.py:161} INFO - Started process (PID=3994) to work on /home/airflow/.local/lib/python3.8/site-packages/airflow/example_dags/plugins/listener_plugin.py
[2025-05-07T20:08:05.738+0000] {processor.py:830} INFO - Processing file /home/airflow/.local/lib/python3.8/site-packages/airflow/example_dags/plugins/listener_plugin.py for tasks to queue
[2025-05-07T20:08:05.742+0000] {logging_mixin.py:188} INFO - [2025-05-07T20:08:05.742+0000] {dagbag.py:538} INFO - Filling up the DagBag from /home/airflow/.local/lib/python3.8/site-packages/airflow/example_dags/plugins/listener_plugin.py
[2025-05-07T20:08:05.746+0000] {processor.py:842} WARNING - No viable dags retrieved from /home/airflow/.local/lib/python3.8/site-packages/airflow/example_dags/plugins/listener_plugin.py
[2025-05-07T20:08:05.763+0000] {processor.py:183} INFO - Processing /home/airflow/.local/lib/python3.8/site-packages/airflow/example_dags/plugins/listener_plugin.py took 0.032 seconds
[2025-05-07T20:08:36.118+0000] {processor.py:161} INFO - Started process (PID=4051) to work on /home/airflow/.local/lib/python3.8/site-packages/airflow/example_dags/plugins/listener_plugin.py
[2025-05-07T20:08:36.120+0000] {processor.py:830} INFO - Processing file /home/airflow/.local/lib/python3.8/site-packages/airflow/example_dags/plugins/listener_plugin.py for tasks to queue
[2025-05-07T20:08:36.124+0000] {logging_mixin.py:188} INFO - [2025-05-07T20:08:36.123+0000] {dagbag.py:538} INFO - Filling up the DagBag from /home/airflow/.local/lib/python3.8/site-packages/airflow/example_dags/plugins/listener_plugin.py
[2025-05-07T20:08:36.128+0000] {processor.py:842} WARNING - No viable dags retrieved from /home/airflow/.local/lib/python3.8/site-packages/airflow/example_dags/plugins/listener_plugin.py
[2025-05-07T20:08:36.147+0000] {processor.py:183} INFO - Processing /home/airflow/.local/lib/python3.8/site-packages/airflow/example_dags/plugins/listener_plugin.py took 0.035 seconds
[2025-05-07T20:09:06.683+0000] {processor.py:161} INFO - Started process (PID=4108) to work on /home/airflow/.local/lib/python3.8/site-packages/airflow/example_dags/plugins/listener_plugin.py
[2025-05-07T20:09:06.684+0000] {processor.py:830} INFO - Processing file /home/airflow/.local/lib/python3.8/site-packages/airflow/example_dags/plugins/listener_plugin.py for tasks to queue
[2025-05-07T20:09:06.687+0000] {logging_mixin.py:188} INFO - [2025-05-07T20:09:06.686+0000] {dagbag.py:538} INFO - Filling up the DagBag from /home/airflow/.local/lib/python3.8/site-packages/airflow/example_dags/plugins/listener_plugin.py
[2025-05-07T20:09:06.690+0000] {processor.py:842} WARNING - No viable dags retrieved from /home/airflow/.local/lib/python3.8/site-packages/airflow/example_dags/plugins/listener_plugin.py
[2025-05-07T20:09:06.739+0000] {processor.py:183} INFO - Processing /home/airflow/.local/lib/python3.8/site-packages/airflow/example_dags/plugins/listener_plugin.py took 0.060 seconds
[2025-05-07T20:09:37.341+0000] {processor.py:161} INFO - Started process (PID=4165) to work on /home/airflow/.local/lib/python3.8/site-packages/airflow/example_dags/plugins/listener_plugin.py
[2025-05-07T20:09:37.344+0000] {processor.py:830} INFO - Processing file /home/airflow/.local/lib/python3.8/site-packages/airflow/example_dags/plugins/listener_plugin.py for tasks to queue
[2025-05-07T20:09:37.349+0000] {logging_mixin.py:188} INFO - [2025-05-07T20:09:37.349+0000] {dagbag.py:538} INFO - Filling up the DagBag from /home/airflow/.local/lib/python3.8/site-packages/airflow/example_dags/plugins/listener_plugin.py
[2025-05-07T20:09:37.355+0000] {processor.py:842} WARNING - No viable dags retrieved from /home/airflow/.local/lib/python3.8/site-packages/airflow/example_dags/plugins/listener_plugin.py
[2025-05-07T20:09:37.389+0000] {processor.py:183} INFO - Processing /home/airflow/.local/lib/python3.8/site-packages/airflow/example_dags/plugins/listener_plugin.py took 0.061 seconds
[2025-05-07T20:10:07.625+0000] {processor.py:161} INFO - Started process (PID=4222) to work on /home/airflow/.local/lib/python3.8/site-packages/airflow/example_dags/plugins/listener_plugin.py
[2025-05-07T20:10:07.626+0000] {processor.py:830} INFO - Processing file /home/airflow/.local/lib/python3.8/site-packages/airflow/example_dags/plugins/listener_plugin.py for tasks to queue
[2025-05-07T20:10:07.628+0000] {logging_mixin.py:188} INFO - [2025-05-07T20:10:07.628+0000] {dagbag.py:538} INFO - Filling up the DagBag from /home/airflow/.local/lib/python3.8/site-packages/airflow/example_dags/plugins/listener_plugin.py
[2025-05-07T20:10:07.631+0000] {processor.py:842} WARNING - No viable dags retrieved from /home/airflow/.local/lib/python3.8/site-packages/airflow/example_dags/plugins/listener_plugin.py
[2025-05-07T20:10:07.646+0000] {processor.py:183} INFO - Processing /home/airflow/.local/lib/python3.8/site-packages/airflow/example_dags/plugins/listener_plugin.py took 0.025 seconds
[2025-05-07T20:10:37.978+0000] {processor.py:161} INFO - Started process (PID=4279) to work on /home/airflow/.local/lib/python3.8/site-packages/airflow/example_dags/plugins/listener_plugin.py
[2025-05-07T20:10:37.980+0000] {processor.py:830} INFO - Processing file /home/airflow/.local/lib/python3.8/site-packages/airflow/example_dags/plugins/listener_plugin.py for tasks to queue
[2025-05-07T20:10:37.982+0000] {logging_mixin.py:188} INFO - [2025-05-07T20:10:37.982+0000] {dagbag.py:538} INFO - Filling up the DagBag from /home/airflow/.local/lib/python3.8/site-packages/airflow/example_dags/plugins/listener_plugin.py
[2025-05-07T20:10:37.985+0000] {processor.py:842} WARNING - No viable dags retrieved from /home/airflow/.local/lib/python3.8/site-packages/airflow/example_dags/plugins/listener_plugin.py
[2025-05-07T20:10:38.001+0000] {processor.py:183} INFO - Processing /home/airflow/.local/lib/python3.8/site-packages/airflow/example_dags/plugins/listener_plugin.py took 0.025 seconds
[2025-05-07T20:11:08.410+0000] {processor.py:161} INFO - Started process (PID=4336) to work on /home/airflow/.local/lib/python3.8/site-packages/airflow/example_dags/plugins/listener_plugin.py
[2025-05-07T20:11:08.412+0000] {processor.py:830} INFO - Processing file /home/airflow/.local/lib/python3.8/site-packages/airflow/example_dags/plugins/listener_plugin.py for tasks to queue
[2025-05-07T20:11:08.416+0000] {logging_mixin.py:188} INFO - [2025-05-07T20:11:08.416+0000] {dagbag.py:538} INFO - Filling up the DagBag from /home/airflow/.local/lib/python3.8/site-packages/airflow/example_dags/plugins/listener_plugin.py
[2025-05-07T20:11:08.423+0000] {processor.py:842} WARNING - No viable dags retrieved from /home/airflow/.local/lib/python3.8/site-packages/airflow/example_dags/plugins/listener_plugin.py
[2025-05-07T20:11:08.449+0000] {processor.py:183} INFO - Processing /home/airflow/.local/lib/python3.8/site-packages/airflow/example_dags/plugins/listener_plugin.py took 0.044 seconds
[2025-05-07T20:11:40.002+0000] {processor.py:161} INFO - Started process (PID=4393) to work on /home/airflow/.local/lib/python3.8/site-packages/airflow/example_dags/plugins/listener_plugin.py
[2025-05-07T20:11:40.004+0000] {processor.py:830} INFO - Processing file /home/airflow/.local/lib/python3.8/site-packages/airflow/example_dags/plugins/listener_plugin.py for tasks to queue
[2025-05-07T20:11:40.006+0000] {logging_mixin.py:188} INFO - [2025-05-07T20:11:40.006+0000] {dagbag.py:538} INFO - Filling up the DagBag from /home/airflow/.local/lib/python3.8/site-packages/airflow/example_dags/plugins/listener_plugin.py
[2025-05-07T20:11:40.012+0000] {processor.py:842} WARNING - No viable dags retrieved from /home/airflow/.local/lib/python3.8/site-packages/airflow/example_dags/plugins/listener_plugin.py
[2025-05-07T20:11:40.025+0000] {processor.py:183} INFO - Processing /home/airflow/.local/lib/python3.8/site-packages/airflow/example_dags/plugins/listener_plugin.py took 0.026 seconds
[2025-05-07T20:12:10.332+0000] {processor.py:161} INFO - Started process (PID=4450) to work on /home/airflow/.local/lib/python3.8/site-packages/airflow/example_dags/plugins/listener_plugin.py
[2025-05-07T20:12:10.334+0000] {processor.py:830} INFO - Processing file /home/airflow/.local/lib/python3.8/site-packages/airflow/example_dags/plugins/listener_plugin.py for tasks to queue
[2025-05-07T20:12:10.336+0000] {logging_mixin.py:188} INFO - [2025-05-07T20:12:10.336+0000] {dagbag.py:538} INFO - Filling up the DagBag from /home/airflow/.local/lib/python3.8/site-packages/airflow/example_dags/plugins/listener_plugin.py
[2025-05-07T20:12:10.339+0000] {processor.py:842} WARNING - No viable dags retrieved from /home/airflow/.local/lib/python3.8/site-packages/airflow/example_dags/plugins/listener_plugin.py
[2025-05-07T20:12:10.353+0000] {processor.py:183} INFO - Processing /home/airflow/.local/lib/python3.8/site-packages/airflow/example_dags/plugins/listener_plugin.py took 0.025 seconds
[2025-05-07T20:12:41.266+0000] {processor.py:161} INFO - Started process (PID=4507) to work on /home/airflow/.local/lib/python3.8/site-packages/airflow/example_dags/plugins/listener_plugin.py
[2025-05-07T20:12:41.268+0000] {processor.py:830} INFO - Processing file /home/airflow/.local/lib/python3.8/site-packages/airflow/example_dags/plugins/listener_plugin.py for tasks to queue
[2025-05-07T20:12:41.270+0000] {logging_mixin.py:188} INFO - [2025-05-07T20:12:41.270+0000] {dagbag.py:538} INFO - Filling up the DagBag from /home/airflow/.local/lib/python3.8/site-packages/airflow/example_dags/plugins/listener_plugin.py
[2025-05-07T20:12:41.273+0000] {processor.py:842} WARNING - No viable dags retrieved from /home/airflow/.local/lib/python3.8/site-packages/airflow/example_dags/plugins/listener_plugin.py
[2025-05-07T20:12:41.287+0000] {processor.py:183} INFO - Processing /home/airflow/.local/lib/python3.8/site-packages/airflow/example_dags/plugins/listener_plugin.py took 0.024 seconds
[2025-05-07T20:13:11.979+0000] {processor.py:161} INFO - Started process (PID=4564) to work on /home/airflow/.local/lib/python3.8/site-packages/airflow/example_dags/plugins/listener_plugin.py
[2025-05-07T20:13:11.981+0000] {processor.py:830} INFO - Processing file /home/airflow/.local/lib/python3.8/site-packages/airflow/example_dags/plugins/listener_plugin.py for tasks to queue
[2025-05-07T20:13:11.984+0000] {logging_mixin.py:188} INFO - [2025-05-07T20:13:11.983+0000] {dagbag.py:538} INFO - Filling up the DagBag from /home/airflow/.local/lib/python3.8/site-packages/airflow/example_dags/plugins/listener_plugin.py
[2025-05-07T20:13:11.990+0000] {processor.py:842} WARNING - No viable dags retrieved from /home/airflow/.local/lib/python3.8/site-packages/airflow/example_dags/plugins/listener_plugin.py
[2025-05-07T20:13:12.006+0000] {processor.py:183} INFO - Processing /home/airflow/.local/lib/python3.8/site-packages/airflow/example_dags/plugins/listener_plugin.py took 0.031 seconds
[2025-05-07T20:13:42.255+0000] {processor.py:161} INFO - Started process (PID=4621) to work on /home/airflow/.local/lib/python3.8/site-packages/airflow/example_dags/plugins/listener_plugin.py
[2025-05-07T20:13:42.258+0000] {processor.py:830} INFO - Processing file /home/airflow/.local/lib/python3.8/site-packages/airflow/example_dags/plugins/listener_plugin.py for tasks to queue
[2025-05-07T20:13:42.262+0000] {logging_mixin.py:188} INFO - [2025-05-07T20:13:42.262+0000] {dagbag.py:538} INFO - Filling up the DagBag from /home/airflow/.local/lib/python3.8/site-packages/airflow/example_dags/plugins/listener_plugin.py
[2025-05-07T20:13:42.269+0000] {processor.py:842} WARNING - No viable dags retrieved from /home/airflow/.local/lib/python3.8/site-packages/airflow/example_dags/plugins/listener_plugin.py
[2025-05-07T20:13:42.298+0000] {processor.py:183} INFO - Processing /home/airflow/.local/lib/python3.8/site-packages/airflow/example_dags/plugins/listener_plugin.py took 0.049 seconds
[2025-05-07T20:14:12.872+0000] {processor.py:161} INFO - Started process (PID=4678) to work on /home/airflow/.local/lib/python3.8/site-packages/airflow/example_dags/plugins/listener_plugin.py
[2025-05-07T20:14:12.874+0000] {processor.py:830} INFO - Processing file /home/airflow/.local/lib/python3.8/site-packages/airflow/example_dags/plugins/listener_plugin.py for tasks to queue
[2025-05-07T20:14:12.876+0000] {logging_mixin.py:188} INFO - [2025-05-07T20:14:12.875+0000] {dagbag.py:538} INFO - Filling up the DagBag from /home/airflow/.local/lib/python3.8/site-packages/airflow/example_dags/plugins/listener_plugin.py
[2025-05-07T20:14:12.879+0000] {processor.py:842} WARNING - No viable dags retrieved from /home/airflow/.local/lib/python3.8/site-packages/airflow/example_dags/plugins/listener_plugin.py
[2025-05-07T20:14:12.893+0000] {processor.py:183} INFO - Processing /home/airflow/.local/lib/python3.8/site-packages/airflow/example_dags/plugins/listener_plugin.py took 0.024 seconds
[2025-05-07T20:14:43.757+0000] {processor.py:161} INFO - Started process (PID=4735) to work on /home/airflow/.local/lib/python3.8/site-packages/airflow/example_dags/plugins/listener_plugin.py
[2025-05-07T20:14:43.760+0000] {processor.py:830} INFO - Processing file /home/airflow/.local/lib/python3.8/site-packages/airflow/example_dags/plugins/listener_plugin.py for tasks to queue
[2025-05-07T20:14:43.764+0000] {logging_mixin.py:188} INFO - [2025-05-07T20:14:43.764+0000] {dagbag.py:538} INFO - Filling up the DagBag from /home/airflow/.local/lib/python3.8/site-packages/airflow/example_dags/plugins/listener_plugin.py
[2025-05-07T20:14:43.771+0000] {processor.py:842} WARNING - No viable dags retrieved from /home/airflow/.local/lib/python3.8/site-packages/airflow/example_dags/plugins/listener_plugin.py
[2025-05-07T20:14:43.796+0000] {processor.py:183} INFO - Processing /home/airflow/.local/lib/python3.8/site-packages/airflow/example_dags/plugins/listener_plugin.py took 0.047 seconds
[2025-05-07T20:15:14.519+0000] {processor.py:161} INFO - Started process (PID=4791) to work on /home/airflow/.local/lib/python3.8/site-packages/airflow/example_dags/plugins/listener_plugin.py
[2025-05-07T20:15:14.520+0000] {processor.py:830} INFO - Processing file /home/airflow/.local/lib/python3.8/site-packages/airflow/example_dags/plugins/listener_plugin.py for tasks to queue
[2025-05-07T20:15:14.523+0000] {logging_mixin.py:188} INFO - [2025-05-07T20:15:14.523+0000] {dagbag.py:538} INFO - Filling up the DagBag from /home/airflow/.local/lib/python3.8/site-packages/airflow/example_dags/plugins/listener_plugin.py
[2025-05-07T20:15:14.527+0000] {processor.py:842} WARNING - No viable dags retrieved from /home/airflow/.local/lib/python3.8/site-packages/airflow/example_dags/plugins/listener_plugin.py
[2025-05-07T20:15:14.545+0000] {processor.py:183} INFO - Processing /home/airflow/.local/lib/python3.8/site-packages/airflow/example_dags/plugins/listener_plugin.py took 0.030 seconds
[2025-05-07T20:15:46.033+0000] {processor.py:161} INFO - Started process (PID=4849) to work on /home/airflow/.local/lib/python3.8/site-packages/airflow/example_dags/plugins/listener_plugin.py
[2025-05-07T20:15:46.035+0000] {processor.py:830} INFO - Processing file /home/airflow/.local/lib/python3.8/site-packages/airflow/example_dags/plugins/listener_plugin.py for tasks to queue
[2025-05-07T20:15:46.039+0000] {logging_mixin.py:188} INFO - [2025-05-07T20:15:46.038+0000] {dagbag.py:538} INFO - Filling up the DagBag from /home/airflow/.local/lib/python3.8/site-packages/airflow/example_dags/plugins/listener_plugin.py
[2025-05-07T20:15:46.042+0000] {processor.py:842} WARNING - No viable dags retrieved from /home/airflow/.local/lib/python3.8/site-packages/airflow/example_dags/plugins/listener_plugin.py
[2025-05-07T20:15:46.060+0000] {processor.py:183} INFO - Processing /home/airflow/.local/lib/python3.8/site-packages/airflow/example_dags/plugins/listener_plugin.py took 0.031 seconds
[2025-05-07T20:16:16.835+0000] {processor.py:161} INFO - Started process (PID=4906) to work on /home/airflow/.local/lib/python3.8/site-packages/airflow/example_dags/plugins/listener_plugin.py
[2025-05-07T20:16:16.837+0000] {processor.py:830} INFO - Processing file /home/airflow/.local/lib/python3.8/site-packages/airflow/example_dags/plugins/listener_plugin.py for tasks to queue
[2025-05-07T20:16:16.841+0000] {logging_mixin.py:188} INFO - [2025-05-07T20:16:16.840+0000] {dagbag.py:538} INFO - Filling up the DagBag from /home/airflow/.local/lib/python3.8/site-packages/airflow/example_dags/plugins/listener_plugin.py
[2025-05-07T20:16:16.845+0000] {processor.py:842} WARNING - No viable dags retrieved from /home/airflow/.local/lib/python3.8/site-packages/airflow/example_dags/plugins/listener_plugin.py
[2025-05-07T20:16:16.863+0000] {processor.py:183} INFO - Processing /home/airflow/.local/lib/python3.8/site-packages/airflow/example_dags/plugins/listener_plugin.py took 0.033 seconds
[2025-05-07T20:16:47.782+0000] {processor.py:161} INFO - Started process (PID=4963) to work on /home/airflow/.local/lib/python3.8/site-packages/airflow/example_dags/plugins/listener_plugin.py
[2025-05-07T20:16:47.784+0000] {processor.py:830} INFO - Processing file /home/airflow/.local/lib/python3.8/site-packages/airflow/example_dags/plugins/listener_plugin.py for tasks to queue
[2025-05-07T20:16:47.788+0000] {logging_mixin.py:188} INFO - [2025-05-07T20:16:47.787+0000] {dagbag.py:538} INFO - Filling up the DagBag from /home/airflow/.local/lib/python3.8/site-packages/airflow/example_dags/plugins/listener_plugin.py
[2025-05-07T20:16:47.792+0000] {processor.py:842} WARNING - No viable dags retrieved from /home/airflow/.local/lib/python3.8/site-packages/airflow/example_dags/plugins/listener_plugin.py
[2025-05-07T20:16:47.812+0000] {processor.py:183} INFO - Processing /home/airflow/.local/lib/python3.8/site-packages/airflow/example_dags/plugins/listener_plugin.py took 0.035 seconds
[2025-05-07T20:17:18.253+0000] {processor.py:161} INFO - Started process (PID=5020) to work on /home/airflow/.local/lib/python3.8/site-packages/airflow/example_dags/plugins/listener_plugin.py
[2025-05-07T20:17:18.255+0000] {processor.py:830} INFO - Processing file /home/airflow/.local/lib/python3.8/site-packages/airflow/example_dags/plugins/listener_plugin.py for tasks to queue
[2025-05-07T20:17:18.258+0000] {logging_mixin.py:188} INFO - [2025-05-07T20:17:18.258+0000] {dagbag.py:538} INFO - Filling up the DagBag from /home/airflow/.local/lib/python3.8/site-packages/airflow/example_dags/plugins/listener_plugin.py
[2025-05-07T20:17:18.262+0000] {processor.py:842} WARNING - No viable dags retrieved from /home/airflow/.local/lib/python3.8/site-packages/airflow/example_dags/plugins/listener_plugin.py
[2025-05-07T20:17:18.287+0000] {processor.py:183} INFO - Processing /home/airflow/.local/lib/python3.8/site-packages/airflow/example_dags/plugins/listener_plugin.py took 0.038 seconds
[2025-05-07T20:17:48.888+0000] {processor.py:161} INFO - Started process (PID=5076) to work on /home/airflow/.local/lib/python3.8/site-packages/airflow/example_dags/plugins/listener_plugin.py
[2025-05-07T20:17:48.890+0000] {processor.py:830} INFO - Processing file /home/airflow/.local/lib/python3.8/site-packages/airflow/example_dags/plugins/listener_plugin.py for tasks to queue
[2025-05-07T20:17:48.893+0000] {logging_mixin.py:188} INFO - [2025-05-07T20:17:48.893+0000] {dagbag.py:538} INFO - Filling up the DagBag from /home/airflow/.local/lib/python3.8/site-packages/airflow/example_dags/plugins/listener_plugin.py
[2025-05-07T20:17:48.898+0000] {processor.py:842} WARNING - No viable dags retrieved from /home/airflow/.local/lib/python3.8/site-packages/airflow/example_dags/plugins/listener_plugin.py
[2025-05-07T20:17:48.917+0000] {processor.py:183} INFO - Processing /home/airflow/.local/lib/python3.8/site-packages/airflow/example_dags/plugins/listener_plugin.py took 0.033 seconds
[2025-05-07T20:18:20.159+0000] {processor.py:161} INFO - Started process (PID=5135) to work on /home/airflow/.local/lib/python3.8/site-packages/airflow/example_dags/plugins/listener_plugin.py
[2025-05-07T20:18:20.162+0000] {processor.py:830} INFO - Processing file /home/airflow/.local/lib/python3.8/site-packages/airflow/example_dags/plugins/listener_plugin.py for tasks to queue
[2025-05-07T20:18:20.166+0000] {logging_mixin.py:188} INFO - [2025-05-07T20:18:20.166+0000] {dagbag.py:538} INFO - Filling up the DagBag from /home/airflow/.local/lib/python3.8/site-packages/airflow/example_dags/plugins/listener_plugin.py
[2025-05-07T20:18:20.174+0000] {processor.py:842} WARNING - No viable dags retrieved from /home/airflow/.local/lib/python3.8/site-packages/airflow/example_dags/plugins/listener_plugin.py
[2025-05-07T20:18:20.213+0000] {processor.py:183} INFO - Processing /home/airflow/.local/lib/python3.8/site-packages/airflow/example_dags/plugins/listener_plugin.py took 0.064 seconds
[2025-05-07T20:18:50.795+0000] {processor.py:161} INFO - Started process (PID=5192) to work on /home/airflow/.local/lib/python3.8/site-packages/airflow/example_dags/plugins/listener_plugin.py
[2025-05-07T20:18:50.797+0000] {processor.py:830} INFO - Processing file /home/airflow/.local/lib/python3.8/site-packages/airflow/example_dags/plugins/listener_plugin.py for tasks to queue
[2025-05-07T20:18:50.800+0000] {logging_mixin.py:188} INFO - [2025-05-07T20:18:50.800+0000] {dagbag.py:538} INFO - Filling up the DagBag from /home/airflow/.local/lib/python3.8/site-packages/airflow/example_dags/plugins/listener_plugin.py
[2025-05-07T20:18:50.810+0000] {processor.py:842} WARNING - No viable dags retrieved from /home/airflow/.local/lib/python3.8/site-packages/airflow/example_dags/plugins/listener_plugin.py
[2025-05-07T20:18:50.851+0000] {processor.py:183} INFO - Processing /home/airflow/.local/lib/python3.8/site-packages/airflow/example_dags/plugins/listener_plugin.py took 0.068 seconds
